protocol_version,milestone_id,run_id,row_id,evidence_layer,surface_id,scenario_role,fixture_id,seed,subject_id,checkpoint_path,actor_contract_id,observation_shape,action_shape,actor_encoder,action_horizon,actor_input_leak_flags,reset_status,backend_status,episode_started,episode_completed,step_count,terminal_status,action_finite,action_within_bounds,collision_event,obstacle_passed_event,road_departure_event,minimum_obstacle_clearance_m,minimum_road_margin_m,final_road_margin_m,maximum_abs_lateral_velocity,maximum_abs_yaw_rate,maximum_abs_lateral_position,final_abs_lateral_velocity,final_abs_yaw_rate,recovery_time_proxy_s,steering_saturation_fraction,throttle_saturation_fraction,brake_saturation_fraction,command_delta_l1_mean,simultaneous_throttle_brake_fraction,collision_speed_proxy,impact_angle_proxy,severity_proxy,mitigation_delta_against_reference,metric_completeness_flags,diagnostic_only_no_ranking_claim,claim_scope,forbidden_interpretation,source_artifact,attempted_row_retained,panel_spec_id,seed_index,base_fixture_id,fresh_seed_variant_digest,mitigation_reference_subject,mitigation_reference_seed,denominator_gap_reason,ranking_or_winner_field_emitted,dynamics_axis_id,dynamics_axis_family,axis_index,fresh_protected_seed,fresh_seed_not_in_m2641,protected_rows_in_success_denominator,protected_failure_surface_axis,protected_focus_source_match,source_only_fault_axis_applied,actor_visible_labels,diagnostic_only_no_success_claim
engineering_controller_behavior_outcome_v0,m2662-engineering-controller-route-a-protected-mitigation-fresh-failure-surface-panel-materialization-preflight,m2662-engineering-controller-route-a-protected-mitigation-fresh-failure-surface-panel-materialization-preflight,m2662_coast_open_loop_unavoidable_mitigation_seed_268200_fresh_protected_nominal,source_only_protected_mitigation_failure_surface_panel,source_only_four_wheel_hf0,unavoidable_mitigation,hf0_four_wheel_unavoidable_mitigation_fixture_fresh_seed_268200_m2662_fresh_protected_nominal,268200,coast_open_loop,,P0_human_view_72_action_3_no_oracle,72,3,,1,none,reset_ok,running,True,True,80,completed_horizon_without_backend_terminal,True,True,True,True,False,-0.5800756203320747,1.4724693741882011,1.4724693741882011,0.19217973730605908,0.11295436433004973,1.0902985817456006,3.769069170860629e-06,1.7261255242030873e-05,0.0,1.0,1.0,1.0,0.0,0.0,8.332724074140968,1.736918423738834e-05,4.831570424839712,2.97006154762695,complete,True,"Route A source-only protected mitigation fresh failure-surface panel only; no repair execution, training, PPO, ranking, winner selection, promotion, success-rate verdict, validation, driver-performance, paper, finite-window-vs-GRU, current-sim, high-fidelity validation, or self-ID claim","repair success, driver performance, controller ranking, winner selection, checkpoint promotion, success-rate verdict, validation result, paper evidence, finite-window-vs-GRU conclusion, current-sim verdict, high-fidelity validation result, full ideal driver completion, or self-ID evidence",Route A protected mitigation fresh failure-surface panel,True,m2662_unavoidable_mitigation_seed_268200_fresh_protected_nominal,0,hf0_four_wheel_unavoidable_mitigation_fixture,afc820bc75dcc238,straight_full_brake_open_loop,268200,,False,fresh_protected_nominal,protected_nominal,0,True,True,False,False,True,False,False,True
engineering_controller_behavior_outcome_v0,m2662-engineering-controller-route-a-protected-mitigation-fresh-failure-surface-panel-materialization-preflight,m2662-engineering-controller-route-a-protected-mitigation-fresh-failure-surface-panel-materialization-preflight,m2662_m1154_original_policy_unavoidable_mitigation_seed_268200_fresh_protected_nominal,source_only_protected_mitigation_failure_surface_panel,source_only_four_wheel_hf0,unavoidable_mitigation,hf0_four_wheel_unavoidable_mitigation_fixture_fresh_seed_268200_m2662_fresh_protected_nominal,268200,m1154_original_policy,runs/m1154_row15_promoted_unsafe_margin_projection_probe/checkpoints/alpha_0_05.pt,P0_human_view_72_action_3_no_oracle,72,3,human_view_online_gru,1,none,reset_ok,running,True,True,80,completed_horizon_without_backend_terminal,True,True,True,False,True,-1.24472803242187,-0.7640700763036063,-0.7640700763036063,0.8767134244573066,0.6857035431072748,2.4820503238513787,0.8767134244573066,0.6857035431072748,0.0,0.0,0.0,0.0,0.012444963183584092,1.0,6.21937633282056,0.6768525754558163,7.5251782597549,5.663669382542137,complete,True,"Route A source-only protected mitigation fresh failure-surface panel only; no repair execution, training, PPO, ranking, winner selection, promotion, success-rate verdict, validation, driver-performance, paper, finite-window-vs-GRU, current-sim, high-fidelity validation, or self-ID claim","repair success, driver performance, controller ranking, winner selection, checkpoint promotion, success-rate verdict, validation result, paper evidence, finite-window-vs-GRU conclusion, current-sim verdict, high-fidelity validation result, full ideal driver completion, or self-ID evidence",Route A protected mitigation fresh failure-surface panel,True,m2662_unavoidable_mitigation_seed_268200_fresh_protected_nominal,0,hf0_four_wheel_unavoidable_mitigation_fixture,afc820bc75dcc238,straight_full_brake_open_loop,268200,,False,fresh_protected_nominal,protected_nominal,0,True,True,False,False,True,False,False,True
engineering_controller_behavior_outcome_v0,m2662-engineering-controller-route-a-protected-mitigation-fresh-failure-surface-panel-materialization-preflight,m2662-engineering-controller-route-a-protected-mitigation-fresh-failure-surface-panel-materialization-preflight,m2662_m2532_guarded_repair_policy_unavoidable_mitigation_seed_268200_fresh_protected_nominal,source_only_protected_mitigation_failure_surface_panel,source_only_four_wheel_hf0,unavoidable_mitigation,hf0_four_wheel_unavoidable_mitigation_fixture_fresh_seed_268200_m2662_fresh_protected_nominal,268200,m2532_guarded_repair_policy,runs/m2532_engineering_controller_failure_surface_guarded_repair_execution/checkpoints/m2532_guarded_actor_head_repair.pt,P0_human_view_72_action_3_no_oracle,72,3,human_view_online_gru,1,none,reset_ok,running,True,True,80,completed_horizon_without_backend_terminal,True,True,True,False,False,-0.7006035712699881,1.7351566604603477,1.7621337161349815,0.18150224760585554,0.10372207086524629,0.6913987098516463,0.06792843335728879,0.04555097592028616,0.0,1.0,1.0,1.0,0.001341213908376573,0.0,2.747338436484835,0.04555097592028616,1.6570118158419571,-0.20449706137080503,complete,True,"Route A source-only protected mitigation fresh failure-surface panel only; no repair execution, training, PPO, ranking, winner selection, promotion, success-rate verdict, validation, driver-performance, paper, finite-window-vs-GRU, current-sim, high-fidelity validation, or self-ID claim","repair success, driver performance, controller ranking, winner selection, checkpoint promotion, success-rate verdict, validation result, paper evidence, finite-window-vs-GRU conclusion, current-sim verdict, high-fidelity validation result, full ideal driver completion, or self-ID evidence",Route A protected mitigation fresh failure-surface panel,True,m2662_unavoidable_mitigation_seed_268200_fresh_protected_nominal,0,hf0_four_wheel_unavoidable_mitigation_fixture,afc820bc75dcc238,straight_full_brake_open_loop,268200,,False,fresh_protected_nominal,protected_nominal,0,True,True,False,False,True,False,False,True
engineering_controller_behavior_outcome_v0,m2662-engineering-controller-route-a-protected-mitigation-fresh-failure-surface-panel-materialization-preflight,m2662-engineering-controller-route-a-protected-mitigation-fresh-failure-surface-panel-materialization-preflight,m2662_m2537_mitigation_preserving_policy_unavoidable_mitigation_seed_268200_fresh_protected_nominal,source_only_protected_mitigation_failure_surface_panel,source_only_four_wheel_hf0,unavoidable_mitigation,hf0_four_wheel_unavoidable_mitigation_fixture_fresh_seed_268200_m2662_fresh_protected_nominal,268200,m2537_mitigation_preserving_policy,runs/m2537_engineering_controller_failure_surface_mitigation_preserving_repair_execution/checkpoints/m2537_mitigation_preserving_actor_head_repair.pt,P0_human_view_72_action_3_no_oracle,72,3,human_view_online_gru,1,none,reset_ok,running,True,True,80,completed_horizon_without_backend_terminal,True,True,True,False,False,-0.7006045438526101,1.7351570451840614,1.7621352050182777,0.18150224612534294,0.10372206959396171,0.6913978002490058,0.06792968265923811,0.04555183470681765,0.0,1.0,1.0,1.0,0.0013412237167358398,0.0,2.7473389488274096,0.04555183470681765,1.6570145100314115,-0.2044943671813506,complete,True,"Route A source-only protected mitigation fresh failure-surface panel only; no repair execution, training, PPO, ranking, winner selection, promotion, success-rate verdict, validation, driver-performance, paper, finite-window-vs-GRU, current-sim, high-fidelity validation, or self-ID claim","repair success, driver performance, controller ranking, winner selection, checkpoint promotion, success-rate verdict, validation result, paper evidence, finite-window-vs-GRU conclusion, current-sim verdict, high-fidelity validation result, full ideal driver completion, or self-ID evidence",Route A protected mitigation fresh failure-surface panel,True,m2662_unavoidable_mitigation_seed_268200_fresh_protected_nominal,0,hf0_four_wheel_unavoidable_mitigation_fixture,afc820bc75dcc238,straight_full_brake_open_loop,268200,,False,fresh_protected_nominal,protected_nominal,0,True,True,False,False,True,False,False,True
engineering_controller_behavior_outcome_v0,m2662-engineering-controller-route-a-protected-mitigation-fresh-failure-surface-panel-materialization-preflight,m2662-engineering-controller-route-a-protected-mitigation-fresh-failure-surface-panel-materialization-preflight,m2662_straight_full_brake_open_loop_unavoidable_mitigation_seed_268200_fresh_protected_nominal,source_only_protected_mitigation_failure_surface_panel,source_only_four_wheel_hf0,unavoidable_mitigation,hf0_four_wheel_unavoidable_mitigation_fixture_fresh_seed_268200_m2662_fresh_protected_nominal,268200,straight_full_brake_open_loop,,P0_human_view_72_action_3_no_oracle,72,3,,1,none,reset_ok,running,True,True,80,completed_horizon_without_backend_terminal,True,True,True,False,False,-0.5657909955595806,1.5717238218619092,1.5717238218619092,0.19274758937096564,0.11343516726095997,0.8806579622558474,6.644042072477398e-08,5.083929941791208e-07,0.0,1.0,1.0,1.0,0.0,0.0,3.5460177573997806,1.0227010626678008e-06,1.8615088772127621,0.0,complete,True,"Route A source-only protected mitigation fresh failure-surface panel only; no repair execution, training, PPO, ranking, winner selection, promotion, success-rate verdict, validation, driver-performance, paper, finite-window-vs-GRU, current-sim, high-fidelity validation, or self-ID claim","repair success, driver performance, controller ranking, winner selection, checkpoint promotion, success-rate verdict, validation result, paper evidence, finite-window-vs-GRU conclusion, current-sim verdict, high-fidelity validation result, full ideal driver completion, or self-ID evidence",Route A protected mitigation fresh failure-surface panel,True,m2662_unavoidable_mitigation_seed_268200_fresh_protected_nominal,0,hf0_four_wheel_unavoidable_mitigation_fixture,afc820bc75dcc238,straight_full_brake_open_loop,268200,,False,fresh_protected_nominal,protected_nominal,0,True,True,False,False,True,False,False,True
engineering_controller_behavior_outcome_v0,m2662-engineering-controller-route-a-protected-mitigation-fresh-failure-surface-panel-materialization-preflight,m2662-engineering-controller-route-a-protected-mitigation-fresh-failure-surface-panel-materialization-preflight,m2662_coast_open_loop_unavoidable_mitigation_seed_268200_fresh_protected_fault_delay_noise,source_only_protected_mitigation_failure_surface_panel,source_only_four_wheel_hf0,unavoidable_mitigation,hf0_four_wheel_unavoidable_mitigation_fixture_fresh_seed_268200_m2662_fresh_protected_fault_delay_noise,268200,coast_open_loop,,P0_human_view_72_action_3_no_oracle,72,3,,1,none,reset_ok,running,True,True,80,completed_horizon_without_backend_terminal,True,True,True,True,False,-0.5895787976569762,1.487021831873633,1.487021831873633,0.18349818663125167,0.10848544576380104,1.075760079323463,2.0681385886110406e-06,1.4219629972346689e-05,0.0,1.0,1.0,1.0,0.0,0.0,8.332700516454015,1.4309137485178124e-05,4.910710477308248,2.764257424142345,complete,True,"Route A source-only protected mitigation fresh failure-surface panel only; no repair execution, training, PPO, ranking, winner selection, promotion, success-rate verdict, validation, driver-performance, paper, finite-window-vs-GRU, current-sim, high-fidelity validation, or self-ID claim","repair success, driver performance, controller ranking, winner selection, checkpoint promotion, success-rate verdict, validation result, paper evidence, finite-window-vs-GRU conclusion, current-sim verdict, high-fidelity validation result, full ideal driver completion, or self-ID evidence",Route A protected mitigation fresh failure-surface panel,True,m2662_unavoidable_mitigation_seed_268200_fresh_protected_fault_delay_noise,0,hf0_four_wheel_unavoidable_mitigation_fixture,e4da7c18282d757a,straight_full_brake_open_loop,268200,,False,fresh_protected_fault_delay_noise,protected_fault_delay_noise,1,True,True,False,True,True,True,False,True
engineering_controller_behavior_outcome_v0,m2662-engineering-controller-route-a-protected-mitigation-fresh-failure-surface-panel-materialization-preflight,m2662-engineering-controller-route-a-protected-mitigation-fresh-failure-surface-panel-materialization-preflight,m2662_m1154_original_policy_unavoidable_mitigation_seed_268200_fresh_protected_fault_delay_noise,source_only_protected_mitigation_failure_surface_panel,source_only_four_wheel_hf0,unavoidable_mitigation,hf0_four_wheel_unavoidable_mitigation_fixture_fresh_seed_268200_m2662_fresh_protected_fault_delay_noise,268200,m1154_original_policy,runs/m1154_row15_promoted_unsafe_margin_projection_probe/checkpoints/alpha_0_05.pt,P0_human_view_72_action_3_no_oracle,72,3,human_view_online_gru,1,none,reset_ok,running,True,True,80,completed_horizon_without_backend_terminal,True,True,True,False,True,-0.8155577234224067,-1.8327772904613662,-1.8327772904613662,0.8723567827784091,0.7314747798021017,3.5504629238720504,0.8723567827784091,0.7314747798021017,0.0,0.0,0.0,0.0,0.022678377389719215,1.0,6.7385254833328245,0.7237356362516433,5.485936431933975,3.3394833787680724,complete,True,"Route A source-only protected mitigation fresh failure-surface panel only; no repair execution, training, PPO, ranking, winner selection, promotion, success-rate verdict, validation, driver-performance, paper, finite-window-vs-GRU, current-sim, high-fidelity validation, or self-ID claim","repair success, driver performance, controller ranking, winner selection, checkpoint promotion, success-rate verdict, validation result, paper evidence, finite-window-vs-GRU conclusion, current-sim verdict, high-fidelity validation result, full ideal driver completion, or self-ID evidence",Route A protected mitigation fresh failure-surface panel,True,m2662_unavoidable_mitigation_seed_268200_fresh_protected_fault_delay_noise,0,hf0_four_wheel_unavoidable_mitigation_fixture,e4da7c18282d757a,straight_full_brake_open_loop,268200,,False,fresh_protected_fault_delay_noise,protected_fault_delay_noise,1,True,True,False,True,True,True,False,True
engineering_controller_behavior_outcome_v0,m2662-engineering-controller-route-a-protected-mitigation-fresh-failure-surface-panel-materialization-preflight,m2662-engineering-controller-route-a-protected-mitigation-fresh-failure-surface-panel-materialization-preflight,m2662_m2532_guarded_repair_policy_unavoidable_mitigation_seed_268200_fresh_protected_fault_delay_noise,source_only_protected_mitigation_failure_surface_panel,source_only_four_wheel_hf0,unavoidable_mitigation,hf0_four_wheel_unavoidable_mitigation_fixture_fresh_seed_268200_m2662_fresh_protected_fault_delay_noise,268200,m2532_guarded_repair_policy,runs/m2532_engineering_controller_failure_surface_guarded_repair_execution/checkpoints/m2532_guarded_actor_head_repair.pt,P0_human_view_72_action_3_no_oracle,72,3,human_view_online_gru,1,none,reset_ok,running,True,True,80,completed_horizon_without_backend_terminal,True,True,True,False,False,-1.8262805598323317,1.1100451426452795,1.1100451426452795,0.6376686683551355,0.4515142599928282,0.6501004806353906,0.32682742884843025,0.2204436422152293,0.0,1.0,1.0,1.0,0.004646357101730153,0.0,2.824708242126465,0.433769564353981,3.4024747454194655,1.2560216922535625,complete,True,"Route A source-only protected mitigation fresh failure-surface panel only; no repair execution, training, PPO, ranking, winner selection, promotion, success-rate verdict, validation, driver-performance, paper, finite-window-vs-GRU, current-sim, high-fidelity validation, or self-ID claim","repair success, driver performance, controller ranking, winner selection, checkpoint promotion, success-rate verdict, validation result, paper evidence, finite-window-vs-GRU conclusion, current-sim verdict, high-fidelity validation result, full ideal driver completion, or self-ID evidence",Route A protected mitigation fresh failure-surface panel,True,m2662_unavoidable_mitigation_seed_268200_fresh_protected_fault_delay_noise,0,hf0_four_wheel_unavoidable_mitigation_fixture,e4da7c18282d757a,straight_full_brake_open_loop,268200,,False,fresh_protected_fault_delay_noise,protected_fault_delay_noise,1,True,True,False,True,True,True,False,True
engineering_controller_behavior_outcome_v0,m2662-engineering-controller-route-a-protected-mitigation-fresh-failure-surface-panel-materialization-preflight,m2662-engineering-controller-route-a-protected-mitigation-fresh-failure-surface-panel-materialization-preflight,m2662_m2537_mitigation_preserving_policy_unavoidable_mitigation_seed_268200_fresh_protected_fault_delay_noise,source_only_protected_mitigation_failure_surface_panel,source_only_four_wheel_hf0,unavoidable_mitigation,hf0_four_wheel_unavoidable_mitigation_fixture_fresh_seed_268200_m2662_fresh_protected_fault_delay_noise,268200,m2537_mitigation_preserving_policy,runs/m2537_engineering_controller_failure_surface_mitigation_preserving_repair_execution/checkpoints/m2537_mitigation_preserving_actor_head_repair.pt,P0_human_view_72_action_3_no_oracle,72,3,human_view_online_gru,1,none,reset_ok,running,True,True,80,completed_horizon_without_backend_terminal,True,True,True,False,False,-1.8262798776242484,1.110044334083824,1.110044334083824,0.6376688563834577,0.45151441629936107,0.6501012808092427,0.32682768274883234,0.22044380864937815,0.0,1.0,1.0,1.0,0.0046463616286652,0.7875,2.8247090632747107,0.43376968725412807,3.4024773291275507,1.2560242759616478,complete,True,"Route A source-only protected mitigation fresh failure-surface panel only; no repair execution, training, PPO, ranking, winner selection, promotion, success-rate verdict, validation, driver-performance, paper, finite-window-vs-GRU, current-sim, high-fidelity validation, or self-ID claim","repair success, driver performance, controller ranking, winner selection, checkpoint promotion, success-rate verdict, validation result, paper evidence, finite-window-vs-GRU conclusion, current-sim verdict, high-fidelity validation result, full ideal driver completion, or self-ID evidence",Route A protected mitigation fresh failure-surface panel,True,m2662_unavoidable_mitigation_seed_268200_fresh_protected_fault_delay_noise,0,hf0_four_wheel_unavoidable_mitigation_fixture,e4da7c18282d757a,straight_full_brake_open_loop,268200,,False,fresh_protected_fault_delay_noise,protected_fault_delay_noise,1,True,True,False,True,True,True,False,True
engineering_controller_behavior_outcome_v0,m2662-engineering-controller-route-a-protected-mitigation-fresh-failure-surface-panel-materialization-preflight,m2662-engineering-controller-route-a-protected-mitigation-fresh-failure-surface-panel-materialization-preflight,m2662_straight_full_brake_open_loop_unavoidable_mitigation_seed_268200_fresh_protected_fault_delay_noise,source_only_protected_mitigation_failure_surface_panel,source_only_four_wheel_hf0,unavoidable_mitigation,hf0_four_wheel_unavoidable_mitigation_fixture_fresh_seed_268200_m2662_fresh_protected_fault_delay_noise,268200,straight_full_brake_open_loop,,P0_human_view_72_action_3_no_oracle,72,3,,1,none,reset_ok,running,True,True,80,completed_horizon_without_backend_terminal,True,True,True,False,False,-0.5742626159134183,1.5719712418323302,1.5719712418323302,0.18394141842273823,0.10885973197365839,0.8860122036851796,5.255408997651404e-07,3.974969488907342e-06,0.0,1.0,1.0,1.0,0.0,0.0,3.9752689919459274,7.044369877836107e-06,2.146453053165903,0.0,complete,True,"Route A source-only protected mitigation fresh failure-surface panel only; no repair execution, training, PPO, ranking, winner selection, promotion, success-rate verdict, validation, driver-performance, paper, finite-window-vs-GRU, current-sim, high-fidelity validation, or self-ID claim","repair success, driver performance, controller ranking, winner selection, checkpoint promotion, success-rate verdict, validation result, paper evidence, finite-window-vs-GRU conclusion, current-sim verdict, high-fidelity validation result, full ideal driver completion, or self-ID evidence",Route A protected mitigation fresh failure-surface panel,True,m2662_unavoidable_mitigation_seed_268200_fresh_protected_fault_delay_noise,0,hf0_four_wheel_unavoidable_mitigation_fixture,e4da7c18282d757a,straight_full_brake_open_loop,268200,,False,fresh_protected_fault_delay_noise,protected_fault_delay_noise,1,True,True,False,True,True,True,False,True
engineering_controller_behavior_outcome_v0,m2662-engineering-controller-route-a-protected-mitigation-fresh-failure-surface-panel-materialization-preflight,m2662-engineering-controller-route-a-protected-mitigation-fresh-failure-surface-panel-materialization-preflight,m2662_coast_open_loop_unavoidable_mitigation_seed_268200_fresh_protected_close_cut_in_fault,source_only_protected_mitigation_failure_surface_panel,source_only_four_wheel_hf0,unavoidable_mitigation,hf0_four_wheel_unavoidable_mitigation_fixture_fresh_seed_268200_m2662_fresh_protected_close_cut_in_fault,268200,coast_open_loop,,P0_human_view_72_action_3_no_oracle,72,3,,1,none,reset_ok,running,True,True,80,completed_horizon_without_backend_terminal,True,True,True,True,False,-1.0122884566918398,1.489302120843687,1.489302120843687,0.18195953954961996,0.10771292248271333,1.073481995916599,1.8569969100465478e-06,1.3739755248236595e-05,0.0,1.0,1.0,1.0,0.0,0.0,8.341491063710237,1.3842127583639482e-05,8.438654130903238,3.7974610299393943,complete,True,"Route A source-only protected mitigation fresh failure-surface panel only; no repair execution, training, PPO, ranking, winner selection, promotion, success-rate verdict, validation, driver-performance, paper, finite-window-vs-GRU, current-sim, high-fidelity validation, or self-ID claim","repair success, driver performance, controller ranking, winner selection, checkpoint promotion, success-rate verdict, validation result, paper evidence, finite-window-vs-GRU conclusion, current-sim verdict, high-fidelity validation result, full ideal driver completion, or self-ID evidence",Route A protected mitigation fresh failure-surface panel,True,m2662_unavoidable_mitigation_seed_268200_fresh_protected_close_cut_in_fault,0,hf0_four_wheel_unavoidable_mitigation_fixture,5bc19b0a7a485947,straight_full_brake_open_loop,268200,,False,fresh_protected_close_cut_in_fault,protected_close_cut_in_fault,2,True,True,False,True,True,True,False,True
engineering_controller_behavior_outcome_v0,m2662-engineering-controller-route-a-protected-mitigation-fresh-failure-surface-panel-materialization-preflight,m2662-engineering-controller-route-a-protected-mitigation-fresh-failure-surface-panel-materialization-preflight,m2662_m1154_original_policy_unavoidable_mitigation_seed_268200_fresh_protected_close_cut_in_fault,source_only_protected_mitigation_failure_surface_panel,source_only_four_wheel_hf0,unavoidable_mitigation,hf0_four_wheel_unavoidable_mitigation_fixture_fresh_seed_268200_m2662_fresh_protected_close_cut_in_fault,268200,m1154_original_policy,runs/m1154_row15_promoted_unsafe_margin_projection_probe/checkpoints/alpha_0_05.pt,P0_human_view_72_action_3_no_oracle,72,3,human_view_online_gru,1,none,reset_ok,running,True,True,80,completed_horizon_without_backend_terminal,True,True,True,True,True,-0.9690309018973422,-2.1486906051966326,-2.1486906051966326,0.8712007621289257,0.7554457893826755,3.8650963454833067,0.8712007621289257,0.7540540821658817,0.0,0.0,0.0,0.0,0.02337012468259546,1.0,6.979021929370038,0.7528317117091418,6.761078861167287,2.1198857602034433,complete,True,"Route A source-only protected mitigation fresh failure-surface panel only; no repair execution, training, PPO, ranking, winner selection, promotion, success-rate verdict, validation, driver-performance, paper, finite-window-vs-GRU, current-sim, high-fidelity validation, or self-ID claim","repair success, driver performance, controller ranking, winner selection, checkpoint promotion, success-rate verdict, validation result, paper evidence, finite-window-vs-GRU conclusion, current-sim verdict, high-fidelity validation result, full ideal driver completion, or self-ID evidence",Route A protected mitigation fresh failure-surface panel,True,m2662_unavoidable_mitigation_seed_268200_fresh_protected_close_cut_in_fault,0,hf0_four_wheel_unavoidable_mitigation_fixture,5bc19b0a7a485947,straight_full_brake_open_loop,268200,,False,fresh_protected_close_cut_in_fault,protected_close_cut_in_fault,2,True,True,False,True,True,True,False,True
engineering_controller_behavior_outcome_v0,m2662-engineering-controller-route-a-protected-mitigation-fresh-failure-surface-panel-materialization-preflight,m2662-engineering-controller-route-a-protected-mitigation-fresh-failure-surface-panel-materialization-preflight,m2662_m2532_guarded_repair_policy_unavoidable_mitigation_seed_268200_fresh_protected_close_cut_in_fault,source_only_protected_mitigation_failure_surface_panel,source_only_four_wheel_hf0,unavoidable_mitigation,hf0_four_wheel_unavoidable_mitigation_fixture_fresh_seed_268200_m2662_fresh_protected_close_cut_in_fault,268200,m2532_guarded_repair_policy,runs/m2532_engineering_controller_failure_surface_guarded_repair_execution/checkpoints/m2532_guarded_actor_head_repair.pt,P0_human_view_72_action_3_no_oracle,72,3,human_view_online_gru,1,none,reset_ok,running,True,True,80,completed_horizon_without_backend_terminal,True,True,True,False,False,-1.516406624274362,0.6099904742050029,0.6099904742050029,0.75997693856546,0.5441855769737864,1.147750096495922,0.4382011031115155,0.29492416900227764,0.0,1.0,1.0,1.0,0.003962079180946833,0.0,3.8723233989073704,0.5441855769737864,4.847608836768762,0.20641573580491812,complete,True,"Route A source-only protected mitigation fresh failure-surface panel only; no repair execution, training, PPO, ranking, winner selection, promotion, success-rate verdict, validation, driver-performance, paper, finite-window-vs-GRU, current-sim, high-fidelity validation, or self-ID claim","repair success, driver performance, controller ranking, winner selection, checkpoint promotion, success-rate verdict, validation result, paper evidence, finite-window-vs-GRU conclusion, current-sim verdict, high-fidelity validation result, full ideal driver completion, or self-ID evidence",Route A protected mitigation fresh failure-surface panel,True,m2662_unavoidable_mitigation_seed_268200_fresh_protected_close_cut_in_fault,0,hf0_four_wheel_unavoidable_mitigation_fixture,5bc19b0a7a485947,straight_full_brake_open_loop,268200,,False,fresh_protected_close_cut_in_fault,protected_close_cut_in_fault,2,True,True,False,True,True,True,False,True
engineering_controller_behavior_outcome_v0,m2662-engineering-controller-route-a-protected-mitigation-fresh-failure-surface-panel-materialization-preflight,m2662-engineering-controller-route-a-protected-mitigation-fresh-failure-surface-panel-materialization-preflight,m2662_m2537_mitigation_preserving_policy_unavoidable_mitigation_seed_268200_fresh_protected_close_cut_in_fault,source_only_protected_mitigation_failure_surface_panel,source_only_four_wheel_hf0,unavoidable_mitigation,hf0_four_wheel_unavoidable_mitigation_fixture_fresh_seed_268200_m2662_fresh_protected_close_cut_in_fault,268200,m2537_mitigation_preserving_policy,runs/m2537_engineering_controller_failure_surface_mitigation_preserving_repair_execution/checkpoints/m2537_mitigation_preserving_actor_head_repair.pt,P0_human_view_72_action_3_no_oracle,72,3,human_view_online_gru,1,none,reset_ok,running,True,True,80,completed_horizon_without_backend_terminal,True,True,True,False,False,-1.516406222196177,0.6099897699528094,0.6099897699528094,0.7599770718403208,0.5441856806171325,1.147750793323426,0.43820133035367237,0.2949243227154501,0.0,1.0,1.0,1.0,0.003962081444414356,0.825,3.8723240281989217,0.5441856806171325,4.847610906984667,0.2064178060208235,complete,True,"Route A source-only protected mitigation fresh failure-surface panel only; no repair execution, training, PPO, ranking, winner selection, promotion, success-rate verdict, validation, driver-performance, paper, finite-window-vs-GRU, current-sim, high-fidelity validation, or self-ID claim","repair success, driver performance, controller ranking, winner selection, checkpoint promotion, success-rate verdict, validation result, paper evidence, finite-window-vs-GRU conclusion, current-sim verdict, high-fidelity validation result, full ideal driver completion, or self-ID evidence",Route A protected mitigation fresh failure-surface panel,True,m2662_unavoidable_mitigation_seed_268200_fresh_protected_close_cut_in_fault,0,hf0_four_wheel_unavoidable_mitigation_fixture,5bc19b0a7a485947,straight_full_brake_open_loop,268200,,False,fresh_protected_close_cut_in_fault,protected_close_cut_in_fault,2,True,True,False,True,True,True,False,True
engineering_controller_behavior_outcome_v0,m2662-engineering-controller-route-a-protected-mitigation-fresh-failure-surface-panel-materialization-preflight,m2662-engineering-controller-route-a-protected-mitigation-fresh-failure-surface-panel-materialization-preflight,m2662_straight_full_brake_open_loop_unavoidable_mitigation_seed_268200_fresh_protected_close_cut_in_fault,source_only_protected_mitigation_failure_surface_panel,source_only_four_wheel_hf0,unavoidable_mitigation,hf0_four_wheel_unavoidable_mitigation_fixture_fresh_seed_268200_m2662_fresh_protected_close_cut_in_fault,268200,straight_full_brake_open_loop,,P0_human_view_72_action_3_no_oracle,72,3,,1,none,reset_ok,running,True,True,80,completed_horizon_without_backend_terminal,True,True,True,False,False,-1.0028148158097308,1.563721767242955,1.563721767242955,0.18232431844109193,0.10802050696226495,0.9001527124935345,5.716683650723271e-07,4.692222141668442e-06,0.0,1.0,1.0,1.0,0.0,0.0,4.991849980803672,8.50164108647481e-06,4.641193100963844,0.0,complete,True,"Route A source-only protected mitigation fresh failure-surface panel only; no repair execution, training, PPO, ranking, winner selection, promotion, success-rate verdict, validation, driver-performance, paper, finite-window-vs-GRU, current-sim, high-fidelity validation, or self-ID claim","repair success, driver performance, controller ranking, winner selection, checkpoint promotion, success-rate verdict, validation result, paper evidence, finite-window-vs-GRU conclusion, current-sim verdict, high-fidelity validation result, full ideal driver completion, or self-ID evidence",Route A protected mitigation fresh failure-surface panel,True,m2662_unavoidable_mitigation_seed_268200_fresh_protected_close_cut_in_fault,0,hf0_four_wheel_unavoidable_mitigation_fixture,5bc19b0a7a485947,straight_full_brake_open_loop,268200,,False,fresh_protected_close_cut_in_fault,protected_close_cut_in_fault,2,True,True,False,True,True,True,False,True
engineering_controller_behavior_outcome_v0,m2662-engineering-controller-route-a-protected-mitigation-fresh-failure-surface-panel-materialization-preflight,m2662-engineering-controller-route-a-protected-mitigation-fresh-failure-surface-panel-materialization-preflight,m2662_coast_open_loop_unavoidable_mitigation_seed_268201_fresh_protected_nominal,source_only_protected_mitigation_failure_surface_panel,source_only_four_wheel_hf0,unavoidable_mitigation,hf0_four_wheel_unavoidable_mitigation_fixture_fresh_seed_268201_m2662_fresh_protected_nominal,268201,coast_open_loop,,P0_human_view_72_action_3_no_oracle,72,3,,1,none,reset_ok,running,True,True,80,completed_horizon_without_backend_terminal,True,True,True,True,False,-0.6228269012167864,1.633111813086066,1.633111813086066,0.2796536692727041,0.12089126408001273,0.7604973920226403,1.708786548060083e-06,1.4205433675557602e-05,0.02,1.0,1.0,1.0,0.0,0.0,7.799605905691224,1.4288689787195168e-05,4.855741110061881,3.224307162439483,complete,True,"Route A source-only protected mitigation fresh failure-surface panel only; no repair execution, training, PPO, ranking, winner selection, promotion, success-rate verdict, validation, driver-performance, paper, finite-window-vs-GRU, current-sim, high-fidelity validation, or self-ID claim","repair success, driver performance, controller ranking, winner selection, checkpoint promotion, success-rate verdict, validation result, paper evidence, finite-window-vs-GRU conclusion, current-sim verdict, high-fidelity validation result, full ideal driver completion, or self-ID evidence",Route A protected mitigation fresh failure-surface panel,True,m2662_unavoidable_mitigation_seed_268201_fresh_protected_nominal,1,hf0_four_wheel_unavoidable_mitigation_fixture,a29f8f69164e634f,straight_full_brake_open_loop,268201,,False,fresh_protected_nominal,protected_nominal,0,True,True,False,False,True,False,False,True
engineering_controller_behavior_outcome_v0,m2662-engineering-controller-route-a-protected-mitigation-fresh-failure-surface-panel-materialization-preflight,m2662-engineering-controller-route-a-protected-mitigation-fresh-failure-surface-panel-materialization-preflight,m2662_m1154_original_policy_unavoidable_mitigation_seed_268201_fresh_protected_nominal,source_only_protected_mitigation_failure_surface_panel,source_only_four_wheel_hf0,unavoidable_mitigation,hf0_four_wheel_unavoidable_mitigation_fixture_fresh_seed_268201_m2662_fresh_protected_nominal,268201,m1154_original_policy,runs/m1154_row15_promoted_unsafe_margin_projection_probe/checkpoints/alpha_0_05.pt,P0_human_view_72_action_3_no_oracle,72,3,human_view_online_gru,1,none,reset_ok,running,True,True,80,completed_horizon_without_backend_terminal,True,True,True,False,True,-1.1952318035132228,-0.7347378850631778,-0.7347378850631778,0.9626799619811772,0.7305889439822173,2.6126601988774985,0.9626799619811772,0.7305889439822173,0.02,0.0,0.0,0.0,0.011475907850869094,1.0,5.669010519796345,0.7294768613147125,6.59135412953929,4.9599201819168925,complete,True,"Route A source-only protected mitigation fresh failure-surface panel only; no repair execution, training, PPO, ranking, winner selection, promotion, success-rate verdict, validation, driver-performance, paper, finite-window-vs-GRU, current-sim, high-fidelity validation, or self-ID claim","repair success, driver performance, controller ranking, winner selection, checkpoint promotion, success-rate verdict, validation result, paper evidence, finite-window-vs-GRU conclusion, current-sim verdict, high-fidelity validation result, full ideal driver completion, or self-ID evidence",Route A protected mitigation fresh failure-surface panel,True,m2662_unavoidable_mitigation_seed_268201_fresh_protected_nominal,1,hf0_four_wheel_unavoidable_mitigation_fixture,a29f8f69164e634f,straight_full_brake_open_loop,268201,,False,fresh_protected_nominal,protected_nominal,0,True,True,False,False,True,False,False,True
engineering_controller_behavior_outcome_v0,m2662-engineering-controller-route-a-protected-mitigation-fresh-failure-surface-panel-materialization-preflight,m2662-engineering-controller-route-a-protected-mitigation-fresh-failure-surface-panel-materialization-preflight,m2662_m2532_guarded_repair_policy_unavoidable_mitigation_seed_268201_fresh_protected_nominal,source_only_protected_mitigation_failure_surface_panel,source_only_four_wheel_hf0,unavoidable_mitigation,hf0_four_wheel_unavoidable_mitigation_fixture_fresh_seed_268201_m2662_fresh_protected_nominal,268201,m2532_guarded_repair_policy,runs/m2532_engineering_controller_failure_surface_guarded_repair_execution/checkpoints/m2532_guarded_actor_head_repair.pt,P0_human_view_72_action_3_no_oracle,72,3,human_view_online_gru,1,none,reset_ok,running,True,True,80,completed_horizon_without_backend_terminal,True,True,True,False,False,-0.7330720708004024,1.7743465006863306,1.828947605820173,0.28106371515479683,0.12159197678783316,0.49121218483669854,0.127706787951836,0.08150392123048873,0.02,1.0,1.0,1.0,0.0014679816704762133,0.0,1.921919235128679,0.08150392123048873,1.1294190094536167,-0.5020149381687813,complete,True,"Route A source-only protected mitigation fresh failure-surface panel only; no repair execution, training, PPO, ranking, winner selection, promotion, success-rate verdict, validation, driver-performance, paper, finite-window-vs-GRU, current-sim, high-fidelity validation, or self-ID claim","repair success, driver performance, controller ranking, winner selection, checkpoint promotion, success-rate verdict, validation result, paper evidence, finite-window-vs-GRU conclusion, current-sim verdict, high-fidelity validation result, full ideal driver completion, or self-ID evidence",Route A protected mitigation fresh failure-surface panel,True,m2662_unavoidable_mitigation_seed_268201_fresh_protected_nominal,1,hf0_four_wheel_unavoidable_mitigation_fixture,a29f8f69164e634f,straight_full_brake_open_loop,268201,,False,fresh_protected_nominal,protected_nominal,0,True,True,False,False,True,False,False,True
engineering_controller_behavior_outcome_v0,m2662-engineering-controller-route-a-protected-mitigation-fresh-failure-surface-panel-materialization-preflight,m2662-engineering-controller-route-a-protected-mitigation-fresh-failure-surface-panel-materialization-preflight,m2662_m2537_mitigation_preserving_policy_unavoidable_mitigation_seed_268201_fresh_protected_nominal,source_only_protected_mitigation_failure_surface_panel,source_only_four_wheel_hf0,unavoidable_mitigation,hf0_four_wheel_unavoidable_mitigation_fixture_fresh_seed_268201_m2662_fresh_protected_nominal,268201,m2537_mitigation_preserving_policy,runs/m2537_engineering_controller_failure_surface_mitigation_preserving_repair_execution/checkpoints/m2537_mitigation_preserving_actor_head_repair.pt,P0_human_view_72_action_3_no_oracle,72,3,human_view_online_gru,1,none,reset_ok,running,True,True,80,completed_horizon_without_backend_terminal,True,True,True,False,False,-0.7330731416240206,1.7743469123153877,1.8289490766077399,0.2810637135110369,0.12159197557971738,0.4912115586231166,0.12770802766699635,0.08150506190736179,0.02,1.0,1.0,1.0,0.0014679907243463058,0.0,1.9219198812476208,0.08150506190736179,1.1294211879070335,-0.5020127597153645,complete,True,"Route A source-only protected mitigation fresh failure-surface panel only; no repair execution, training, PPO, ranking, winner selection, promotion, success-rate verdict, validation, driver-performance, paper, finite-window-vs-GRU, current-sim, high-fidelity validation, or self-ID claim","repair success, driver performance, controller ranking, winner selection, checkpoint promotion, success-rate verdict, validation result, paper evidence, finite-window-vs-GRU conclusion, current-sim verdict, high-fidelity validation result, full ideal driver completion, or self-ID evidence",Route A protected mitigation fresh failure-surface panel,True,m2662_unavoidable_mitigation_seed_268201_fresh_protected_nominal,1,hf0_four_wheel_unavoidable_mitigation_fixture,a29f8f69164e634f,straight_full_brake_open_loop,268201,,False,fresh_protected_nominal,protected_nominal,0,True,True,False,False,True,False,False,True
engineering_controller_behavior_outcome_v0,m2662-engineering-controller-route-a-protected-mitigation-fresh-failure-surface-panel-materialization-preflight,m2662-engineering-controller-route-a-protected-mitigation-fresh-failure-surface-panel-materialization-preflight,m2662_straight_full_brake_open_loop_unavoidable_mitigation_seed_268201_fresh_protected_nominal,source_only_protected_mitigation_failure_surface_panel,source_only_four_wheel_hf0,unavoidable_mitigation,hf0_four_wheel_unavoidable_mitigation_fixture_fresh_seed_268201_m2662_fresh_protected_nominal,268201,straight_full_brake_open_loop,,P0_human_view_72_action_3_no_oracle,72,3,,1,none,reset_ok,running,True,True,80,completed_horizon_without_backend_terminal,True,True,True,False,False,-0.6429528794425159,1.7001875782749014,1.7001875782749014,0.281663940168932,0.12210166375324727,0.5947674272855767,4.152867596320907e-05,0.0002923657152153082,0.02,1.0,1.0,1.0,0.0,0.0,2.876238020952663,0.0006329514856362725,1.631433947622398,0.0,complete,True,"Route A source-only protected mitigation fresh failure-surface panel only; no repair execution, training, PPO, ranking, winner selection, promotion, success-rate verdict, validation, driver-performance, paper, finite-window-vs-GRU, current-sim, high-fidelity validation, or self-ID claim","repair success, driver performance, controller ranking, winner selection, checkpoint promotion, success-rate verdict, validation result, paper evidence, finite-window-vs-GRU conclusion, current-sim verdict, high-fidelity validation result, full ideal driver completion, or self-ID evidence",Route A protected mitigation fresh failure-surface panel,True,m2662_unavoidable_mitigation_seed_268201_fresh_protected_nominal,1,hf0_four_wheel_unavoidable_mitigation_fixture,a29f8f69164e634f,straight_full_brake_open_loop,268201,,False,fresh_protected_nominal,protected_nominal,0,True,True,False,False,True,False,False,True
engineering_controller_behavior_outcome_v0,m2662-engineering-controller-route-a-protected-mitigation-fresh-failure-surface-panel-materialization-preflight,m2662-engineering-controller-route-a-protected-mitigation-fresh-failure-surface-panel-materialization-preflight,m2662_coast_open_loop_unavoidable_mitigation_seed_268201_fresh_protected_fault_delay_noise,source_only_protected_mitigation_failure_surface_panel,source_only_four_wheel_hf0,unavoidable_mitigation,hf0_four_wheel_unavoidable_mitigation_fixture_fresh_seed_268201_m2662_fresh_protected_fault_delay_noise,268201,coast_open_loop,,P0_human_view_72_action_3_no_oracle,72,3,,1,none,reset_ok,running,True,True,80,completed_horizon_without_backend_terminal,True,True,True,True,False,-0.6319640754801357,1.6464726557629654,1.6464726557629654,0.26940776975136366,0.11456967289961931,0.7471388342063523,1.941493065557151e-06,1.3927367673960926e-05,0.02,1.0,1.0,1.0,0.0,0.0,7.799389242258273,1.4009731061028699e-05,4.926840295797787,2.276017386770186,complete,True,"Route A source-only protected mitigation fresh failure-surface panel only; no repair execution, training, PPO, ranking, winner selection, promotion, success-rate verdict, validation, driver-performance, paper, finite-window-vs-GRU, current-sim, high-fidelity validation, or self-ID claim","repair success, driver performance, controller ranking, winner selection, checkpoint promotion, success-rate verdict, validation result, paper evidence, finite-window-vs-GRU conclusion, current-sim verdict, high-fidelity validation result, full ideal driver completion, or self-ID evidence",Route A protected mitigation fresh failure-surface panel,True,m2662_unavoidable_mitigation_seed_268201_fresh_protected_fault_delay_noise,1,hf0_four_wheel_unavoidable_mitigation_fixture,5afc3433ab98b22e,straight_full_brake_open_loop,268201,,False,fresh_protected_fault_delay_noise,protected_fault_delay_noise,1,True,True,False,True,True,True,False,True
engineering_controller_behavior_outcome_v0,m2662-engineering-controller-route-a-protected-mitigation-fresh-failure-surface-panel-materialization-preflight,m2662-engineering-controller-route-a-protected-mitigation-fresh-failure-surface-panel-materialization-preflight,m2662_m1154_original_policy_unavoidable_mitigation_seed_268201_fresh_protected_fault_delay_noise,source_only_protected_mitigation_failure_surface_panel,source_only_four_wheel_hf0,unavoidable_mitigation,hf0_four_wheel_unavoidable_mitigation_fixture_fresh_seed_268201_m2662_fresh_protected_fault_delay_noise,268201,m1154_original_policy,runs/m1154_row15_promoted_unsafe_margin_projection_probe/checkpoints/alpha_0_05.pt,P0_human_view_72_action_3_no_oracle,72,3,human_view_online_gru,1,none,reset_ok,running,True,True,80,completed_horizon_without_backend_terminal,True,True,True,False,True,-0.6959963018151982,-2.050609884461097,-2.050609884461097,0.9443588257128255,0.8105565452240675,3.9267506993496233,0.9443588257128255,0.8078359602951625,0.02,0.0,0.0,0.0,0.023099747073801257,1.0,6.552687987664032,0.8084145473377611,4.538715084856127,1.8878921758285268,complete,True,"Route A source-only protected mitigation fresh failure-surface panel only; no repair execution, training, PPO, ranking, winner selection, promotion, success-rate verdict, validation, driver-performance, paper, finite-window-vs-GRU, current-sim, high-fidelity validation, or self-ID claim","repair success, driver performance, controller ranking, winner selection, checkpoint promotion, success-rate verdict, validation result, paper evidence, finite-window-vs-GRU conclusion, current-sim verdict, high-fidelity validation result, full ideal driver completion, or self-ID evidence",Route A protected mitigation fresh failure-surface panel,True,m2662_unavoidable_mitigation_seed_268201_fresh_protected_fault_delay_noise,1,hf0_four_wheel_unavoidable_mitigation_fixture,5afc3433ab98b22e,straight_full_brake_open_loop,268201,,False,fresh_protected_fault_delay_noise,protected_fault_delay_noise,1,True,True,False,True,True,True,False,True
engineering_controller_behavior_outcome_v0,m2662-engineering-controller-route-a-protected-mitigation-fresh-failure-surface-panel-materialization-preflight,m2662-engineering-controller-route-a-protected-mitigation-fresh-failure-surface-panel-materialization-preflight,m2662_m2532_guarded_repair_policy_unavoidable_mitigation_seed_268201_fresh_protected_fault_delay_noise,source_only_protected_mitigation_failure_surface_panel,source_only_four_wheel_hf0,unavoidable_mitigation,hf0_four_wheel_unavoidable_mitigation_fixture_fresh_seed_268201_m2662_fresh_protected_fault_delay_noise,268201,m2532_guarded_repair_policy,runs/m2532_engineering_controller_failure_surface_guarded_repair_execution/checkpoints/m2532_guarded_actor_head_repair.pt,P0_human_view_72_action_3_no_oracle,72,3,human_view_online_gru,1,none,reset_ok,running,True,True,80,completed_horizon_without_backend_terminal,True,True,True,False,False,-1.336600055707113,0.45566771321394284,0.45566771321394284,0.8100286720296683,0.581783512069477,1.4545351019644632,0.47107539631034573,0.32112781506185667,0.02,1.0,1.0,1.0,0.004139814195753653,0.0,2.966347699041724,0.49495388506113513,3.2415751355702755,0.590752226542675,complete,True,"Route A source-only protected mitigation fresh failure-surface panel only; no repair execution, training, PPO, ranking, winner selection, promotion, success-rate verdict, validation, driver-performance, paper, finite-window-vs-GRU, current-sim, high-fidelity validation, or self-ID claim","repair success, driver performance, controller ranking, winner selection, checkpoint promotion, success-rate verdict, validation result, paper evidence, finite-window-vs-GRU conclusion, current-sim verdict, high-fidelity validation result, full ideal driver completion, or self-ID evidence",Route A protected mitigation fresh failure-surface panel,True,m2662_unavoidable_mitigation_seed_268201_fresh_protected_fault_delay_noise,1,hf0_four_wheel_unavoidable_mitigation_fixture,5afc3433ab98b22e,straight_full_brake_open_loop,268201,,False,fresh_protected_fault_delay_noise,protected_fault_delay_noise,1,True,True,False,True,True,True,False,True
engineering_controller_behavior_outcome_v0,m2662-engineering-controller-route-a-protected-mitigation-fresh-failure-surface-panel-materialization-preflight,m2662-engineering-controller-route-a-protected-mitigation-fresh-failure-surface-panel-materialization-preflight,m2662_m2537_mitigation_preserving_policy_unavoidable_mitigation_seed_268201_fresh_protected_fault_delay_noise,source_only_protected_mitigation_failure_surface_panel,source_only_four_wheel_hf0,unavoidable_mitigation,hf0_four_wheel_unavoidable_mitigation_fixture_fresh_seed_268201_m2662_fresh_protected_fault_delay_noise,268201,m2537_mitigation_preserving_policy,runs/m2537_engineering_controller_failure_surface_mitigation_preserving_repair_execution/checkpoints/m2537_mitigation_preserving_actor_head_repair.pt,P0_human_view_72_action_3_no_oracle,72,3,human_view_online_gru,1,none,reset_ok,running,True,True,80,completed_horizon_without_backend_terminal,True,True,True,False,False,-1.3365995430392803,0.4556670475659479,0.4556670475659479,0.8100287859261611,0.5817836064837963,1.454535760620647,0.47107560894478956,0.32112797850793695,0.02,1.0,1.0,1.0,0.004139819477177873,0.7625,2.966348446235292,0.49495399431743886,3.2415750204065357,0.5907521113789351,complete,True,"Route A source-only protected mitigation fresh failure-surface panel only; no repair execution, training, PPO, ranking, winner selection, promotion, success-rate verdict, validation, driver-performance, paper, finite-window-vs-GRU, current-sim, high-fidelity validation, or self-ID claim","repair success, driver performance, controller ranking, winner selection, checkpoint promotion, success-rate verdict, validation result, paper evidence, finite-window-vs-GRU conclusion, current-sim verdict, high-fidelity validation result, full ideal driver completion, or self-ID evidence",Route A protected mitigation fresh failure-surface panel,True,m2662_unavoidable_mitigation_seed_268201_fresh_protected_fault_delay_noise,1,hf0_four_wheel_unavoidable_mitigation_fixture,5afc3433ab98b22e,straight_full_brake_open_loop,268201,,False,fresh_protected_fault_delay_noise,protected_fault_delay_noise,1,True,True,False,True,True,True,False,True
engineering_controller_behavior_outcome_v0,m2662-engineering-controller-route-a-protected-mitigation-fresh-failure-surface-panel-materialization-preflight,m2662-engineering-controller-route-a-protected-mitigation-fresh-failure-surface-panel-materialization-preflight,m2662_straight_full_brake_open_loop_unavoidable_mitigation_seed_268201_fresh_protected_fault_delay_noise,source_only_protected_mitigation_failure_surface_panel,source_only_four_wheel_hf0,unavoidable_mitigation,hf0_four_wheel_unavoidable_mitigation_fixture_fresh_seed_268201_m2662_fresh_protected_fault_delay_noise,268201,straight_full_brake_open_loop,,P0_human_view_72_action_3_no_oracle,72,3,,1,none,reset_ok,running,True,True,80,completed_horizon_without_backend_terminal,True,True,True,False,False,-0.6420646882369501,1.685317536436342,1.685317536436342,0.2702156028618416,0.11522776421498841,0.6289824262696172,6.034502328621268e-07,5.419232182354513e-06,0.02,1.0,1.0,1.0,0.0,0.0,4.319105377188864,7.975803641669976e-06,2.6508229090276005,0.0,complete,True,"Route A source-only protected mitigation fresh failure-surface panel only; no repair execution, training, PPO, ranking, winner selection, promotion, success-rate verdict, validation, driver-performance, paper, finite-window-vs-GRU, current-sim, high-fidelity validation, or self-ID claim","repair success, driver performance, controller ranking, winner selection, checkpoint promotion, success-rate verdict, validation result, paper evidence, finite-window-vs-GRU conclusion, current-sim verdict, high-fidelity validation result, full ideal driver completion, or self-ID evidence",Route A protected mitigation fresh failure-surface panel,True,m2662_unavoidable_mitigation_seed_268201_fresh_protected_fault_delay_noise,1,hf0_four_wheel_unavoidable_mitigation_fixture,5afc3433ab98b22e,straight_full_brake_open_loop,268201,,False,fresh_protected_fault_delay_noise,protected_fault_delay_noise,1,True,True,False,True,True,True,False,True
engineering_controller_behavior_outcome_v0,m2662-engineering-controller-route-a-protected-mitigation-fresh-failure-surface-panel-materialization-preflight,m2662-engineering-controller-route-a-protected-mitigation-fresh-failure-surface-panel-materialization-preflight,m2662_coast_open_loop_unavoidable_mitigation_seed_268201_fresh_protected_close_cut_in_fault,source_only_protected_mitigation_failure_surface_panel,source_only_four_wheel_hf0,unavoidable_mitigation,hf0_four_wheel_unavoidable_mitigation_fixture_fresh_seed_268201_m2662_fresh_protected_close_cut_in_fault,268201,coast_open_loop,,P0_human_view_72_action_3_no_oracle,72,3,,1,none,reset_ok,running,True,True,80,completed_horizon_without_backend_terminal,True,True,True,True,False,-0.7389369353571413,1.6330897222428344,1.6330897222428344,0.27985864391192805,0.11507831340044074,0.7605178890536161,3.521899285842085e-06,1.704428402291818e-05,0.02,1.0,1.0,1.0,0.0,0.0,7.811163124216694,1.7168438608317545e-05,5.769507780645241,2.454577413170253,complete,True,"Route A source-only protected mitigation fresh failure-surface panel only; no repair execution, training, PPO, ranking, winner selection, promotion, success-rate verdict, validation, driver-performance, paper, finite-window-vs-GRU, current-sim, high-fidelity validation, or self-ID claim","repair success, driver performance, controller ranking, winner selection, checkpoint promotion, success-rate verdict, validation result, paper evidence, finite-window-vs-GRU conclusion, current-sim verdict, high-fidelity validation result, full ideal driver completion, or self-ID evidence",Route A protected mitigation fresh failure-surface panel,True,m2662_unavoidable_mitigation_seed_268201_fresh_protected_close_cut_in_fault,1,hf0_four_wheel_unavoidable_mitigation_fixture,21d3d528b864fd79,straight_full_brake_open_loop,268201,,False,fresh_protected_close_cut_in_fault,protected_close_cut_in_fault,2,True,True,False,True,True,True,False,True
engineering_controller_behavior_outcome_v0,m2662-engineering-controller-route-a-protected-mitigation-fresh-failure-surface-panel-materialization-preflight,m2662-engineering-controller-route-a-protected-mitigation-fresh-failure-surface-panel-materialization-preflight,m2662_m1154_original_policy_unavoidable_mitigation_seed_268201_fresh_protected_close_cut_in_fault,source_only_protected_mitigation_failure_surface_panel,source_only_four_wheel_hf0,unavoidable_mitigation,hf0_four_wheel_unavoidable_mitigation_fixture_fresh_seed_268201_m2662_fresh_protected_close_cut_in_fault,268201,m1154_original_policy,runs/m1154_row15_promoted_unsafe_margin_projection_probe/checkpoints/alpha_0_05.pt,P0_human_view_72_action_3_no_oracle,72,3,human_view_online_gru,1,none,reset_ok,running,True,True,80,completed_horizon_without_backend_terminal,True,True,True,True,True,-1.350838924994085,-1.6709650255064972,-1.6709650255064972,0.902020439158567,0.78660258889351,3.547434430124777,0.902020439158567,0.7865678180471017,0.02,0.0,0.0,0.0,0.02201373404764299,1.0,6.278761031707994,0.7816097033129037,8.414019094079453,5.0990887266044655,complete,True,"Route A source-only protected mitigation fresh failure-surface panel only; no repair execution, training, PPO, ranking, winner selection, promotion, success-rate verdict, validation, driver-performance, paper, finite-window-vs-GRU, current-sim, high-fidelity validation, or self-ID claim","repair success, driver performance, controller ranking, winner selection, checkpoint promotion, success-rate verdict, validation result, paper evidence, finite-window-vs-GRU conclusion, current-sim verdict, high-fidelity validation result, full ideal driver completion, or self-ID evidence",Route A protected mitigation fresh failure-surface panel,True,m2662_unavoidable_mitigation_seed_268201_fresh_protected_close_cut_in_fault,1,hf0_four_wheel_unavoidable_mitigation_fixture,21d3d528b864fd79,straight_full_brake_open_loop,268201,,False,fresh_protected_close_cut_in_fault,protected_close_cut_in_fault,2,True,True,False,True,True,True,False,True
engineering_controller_behavior_outcome_v0,m2662-engineering-controller-route-a-protected-mitigation-fresh-failure-surface-panel-materialization-preflight,m2662-engineering-controller-route-a-protected-mitigation-fresh-failure-surface-panel-materialization-preflight,m2662_m2532_guarded_repair_policy_unavoidable_mitigation_seed_268201_fresh_protected_close_cut_in_fault,source_only_protected_mitigation_failure_surface_panel,source_only_four_wheel_hf0,unavoidable_mitigation,hf0_four_wheel_unavoidable_mitigation_fixture_fresh_seed_268201_m2662_fresh_protected_close_cut_in_fault,268201,m2532_guarded_repair_policy,runs/m2532_engineering_controller_failure_surface_guarded_repair_execution/checkpoints/m2532_guarded_actor_head_repair.pt,P0_human_view_72_action_3_no_oracle,72,3,human_view_online_gru,1,none,reset_ok,running,True,True,80,completed_horizon_without_backend_terminal,True,True,True,False,False,-1.901591055541415,0.9019665692379382,0.9019665692379382,0.691317740664714,0.49633480224977244,1.009392419884516,0.3768758124827937,0.2547163338337798,0.02,1.0,1.0,1.0,0.0049676012389267546,0.0,3.569451165332555,0.49633480224977244,5.119727211211483,1.8047968437364954,complete,True,"Route A source-only protected mitigation fresh failure-surface panel only; no repair execution, training, PPO, ranking, winner selection, promotion, success-rate verdict, validation, driver-performance, paper, finite-window-vs-GRU, current-sim, high-fidelity validation, or self-ID claim","repair success, driver performance, controller ranking, winner selection, checkpoint promotion, success-rate verdict, validation result, paper evidence, finite-window-vs-GRU conclusion, current-sim verdict, high-fidelity validation result, full ideal driver completion, or self-ID evidence",Route A protected mitigation fresh failure-surface panel,True,m2662_unavoidable_mitigation_seed_268201_fresh_protected_close_cut_in_fault,1,hf0_four_wheel_unavoidable_mitigation_fixture,21d3d528b864fd79,straight_full_brake_open_loop,268201,,False,fresh_protected_close_cut_in_fault,protected_close_cut_in_fault,2,True,True,False,True,True,True,False,True
engineering_controller_behavior_outcome_v0,m2662-engineering-controller-route-a-protected-mitigation-fresh-failure-surface-panel-materialization-preflight,m2662-engineering-controller-route-a-protected-mitigation-fresh-failure-surface-panel-materialization-preflight,m2662_m2537_mitigation_preserving_policy_unavoidable_mitigation_seed_268201_fresh_protected_close_cut_in_fault,source_only_protected_mitigation_failure_surface_panel,source_only_four_wheel_hf0,unavoidable_mitigation,hf0_four_wheel_unavoidable_mitigation_fixture_fresh_seed_268201_m2662_fresh_protected_close_cut_in_fault,268201,m2537_mitigation_preserving_policy,runs/m2537_engineering_controller_failure_surface_mitigation_preserving_repair_execution/checkpoints/m2537_mitigation_preserving_actor_head_repair.pt,P0_human_view_72_action_3_no_oracle,72,3,human_view_online_gru,1,none,reset_ok,running,True,True,80,completed_horizon_without_backend_terminal,True,True,True,False,False,-1.9015914707477704,0.9019659185680575,0.9019659185680575,0.6913178625689285,0.496334894530491,1.0093930629452175,0.37687600932535714,0.2547164970709174,0.02,1.0,1.0,1.0,0.004967605011372627,0.7125,3.569451759303117,0.496334894530491,5.119729383977816,1.8047990165028285,complete,True,"Route A source-only protected mitigation fresh failure-surface panel only; no repair execution, training, PPO, ranking, winner selection, promotion, success-rate verdict, validation, driver-performance, paper, finite-window-vs-GRU, current-sim, high-fidelity validation, or self-ID claim","repair success, driver performance, controller ranking, winner selection, checkpoint promotion, success-rate verdict, validation result, paper evidence, finite-window-vs-GRU conclusion, current-sim verdict, high-fidelity validation result, full ideal driver completion, or self-ID evidence",Route A protected mitigation fresh failure-surface panel,True,m2662_unavoidable_mitigation_seed_268201_fresh_protected_close_cut_in_fault,1,hf0_four_wheel_unavoidable_mitigation_fixture,21d3d528b864fd79,straight_full_brake_open_loop,268201,,False,fresh_protected_close_cut_in_fault,protected_close_cut_in_fault,2,True,True,False,True,True,True,False,True
engineering_controller_behavior_outcome_v0,m2662-engineering-controller-route-a-protected-mitigation-fresh-failure-surface-panel-materialization-preflight,m2662-engineering-controller-route-a-protected-mitigation-fresh-failure-surface-panel-materialization-preflight,m2662_straight_full_brake_open_loop_unavoidable_mitigation_seed_268201_fresh_protected_close_cut_in_fault,source_only_protected_mitigation_failure_surface_panel,source_only_four_wheel_hf0,unavoidable_mitigation,hf0_four_wheel_unavoidable_mitigation_fixture_fresh_seed_268201_m2662_fresh_protected_close_cut_in_fault,268201,straight_full_brake_open_loop,,P0_human_view_72_action_3_no_oracle,72,3,,1,none,reset_ok,running,True,True,80,completed_horizon_without_backend_terminal,True,True,True,True,False,-0.7491422363205613,1.6812922622027906,1.6812922622027906,0.28069076930371006,0.1157692994022538,0.6279878388695892,6.63124509938677e-07,5.712759436096056e-06,0.02,1.0,1.0,1.0,0.0,0.0,4.632066981838178,1.0530031758456929e-05,3.3149303674749877,0.0,complete,True,"Route A source-only protected mitigation fresh failure-surface panel only; no repair execution, training, PPO, ranking, winner selection, promotion, success-rate verdict, validation, driver-performance, paper, finite-window-vs-GRU, current-sim, high-fidelity validation, or self-ID claim","repair success, driver performance, controller ranking, winner selection, checkpoint promotion, success-rate verdict, validation result, paper evidence, finite-window-vs-GRU conclusion, current-sim verdict, high-fidelity validation result, full ideal driver completion, or self-ID evidence",Route A protected mitigation fresh failure-surface panel,True,m2662_unavoidable_mitigation_seed_268201_fresh_protected_close_cut_in_fault,1,hf0_four_wheel_unavoidable_mitigation_fixture,21d3d528b864fd79,straight_full_brake_open_loop,268201,,False,fresh_protected_close_cut_in_fault,protected_close_cut_in_fault,2,True,True,False,True,True,True,False,True
engineering_controller_behavior_outcome_v0,m2662-engineering-controller-route-a-protected-mitigation-fresh-failure-surface-panel-materialization-preflight,m2662-engineering-controller-route-a-protected-mitigation-fresh-failure-surface-panel-materialization-preflight,m2662_coast_open_loop_unavoidable_mitigation_seed_268202_fresh_protected_nominal,source_only_protected_mitigation_failure_surface_panel,source_only_four_wheel_hf0,unavoidable_mitigation,hf0_four_wheel_unavoidable_mitigation_fixture_fresh_seed_268202_m2662_fresh_protected_nominal,268202,coast_open_loop,,P0_human_view_72_action_3_no_oracle,72,3,,1,none,reset_ok,running,True,True,80,completed_horizon_without_backend_terminal,True,True,True,True,False,-0.3648955750184686,1.605721367864985,1.605721367864985,0.19294537389176375,0.12545360115127457,0.91305202955299,2.2096348583980237e-05,0.00010827401733607406,0.0,1.0,1.0,1.0,0.0,0.0,7.782287102921215,0.00010899174163647535,2.8383485390671352,1.878317744876067,complete,True,"Route A source-only protected mitigation fresh failure-surface panel only; no repair execution, training, PPO, ranking, winner selection, promotion, success-rate verdict, validation, driver-performance, paper, finite-window-vs-GRU, current-sim, high-fidelity validation, or self-ID claim","repair success, driver performance, controller ranking, winner selection, checkpoint promotion, success-rate verdict, validation result, paper evidence, finite-window-vs-GRU conclusion, current-sim verdict, high-fidelity validation result, full ideal driver completion, or self-ID evidence",Route A protected mitigation fresh failure-surface panel,True,m2662_unavoidable_mitigation_seed_268202_fresh_protected_nominal,2,hf0_four_wheel_unavoidable_mitigation_fixture,dd9baeedf586de42,straight_full_brake_open_loop,268202,,False,fresh_protected_nominal,protected_nominal,0,True,True,False,False,True,False,False,True
engineering_controller_behavior_outcome_v0,m2662-engineering-controller-route-a-protected-mitigation-fresh-failure-surface-panel-materialization-preflight,m2662-engineering-controller-route-a-protected-mitigation-fresh-failure-surface-panel-materialization-preflight,m2662_m1154_original_policy_unavoidable_mitigation_seed_268202_fresh_protected_nominal,source_only_protected_mitigation_failure_surface_panel,source_only_four_wheel_hf0,unavoidable_mitigation,hf0_four_wheel_unavoidable_mitigation_fixture_fresh_seed_268202_m2662_fresh_protected_nominal,268202,m1154_original_policy,runs/m1154_row15_promoted_unsafe_margin_projection_probe/checkpoints/alpha_0_05.pt,P0_human_view_72_action_3_no_oracle,72,3,human_view_online_gru,1,none,reset_ok,running,True,True,80,completed_horizon_without_backend_terminal,True,True,True,False,True,-1.1581670522634857,-0.8497039166237661,-0.8497039166237661,0.9583596267899674,0.7305564942437204,2.6000269552425332,0.9583596267899674,0.7305564942437204,0.0,0.0,0.0,0.0,0.011866418998452682,1.0,5.620706965305447,0.7305564942437204,6.36292998203333,5.402899187842261,complete,True,"Route A source-only protected mitigation fresh failure-surface panel only; no repair execution, training, PPO, ranking, winner selection, promotion, success-rate verdict, validation, driver-performance, paper, finite-window-vs-GRU, current-sim, high-fidelity validation, or self-ID claim","repair success, driver performance, controller ranking, winner selection, checkpoint promotion, success-rate verdict, validation result, paper evidence, finite-window-vs-GRU conclusion, current-sim verdict, high-fidelity validation result, full ideal driver completion, or self-ID evidence",Route A protected mitigation fresh failure-surface panel,True,m2662_unavoidable_mitigation_seed_268202_fresh_protected_nominal,2,hf0_four_wheel_unavoidable_mitigation_fixture,dd9baeedf586de42,straight_full_brake_open_loop,268202,,False,fresh_protected_nominal,protected_nominal,0,True,True,False,False,True,False,False,True
engineering_controller_behavior_outcome_v0,m2662-engineering-controller-route-a-protected-mitigation-fresh-failure-surface-panel-materialization-preflight,m2662-engineering-controller-route-a-protected-mitigation-fresh-failure-surface-panel-materialization-preflight,m2662_m2532_guarded_repair_policy_unavoidable_mitigation_seed_268202_fresh_protected_nominal,source_only_protected_mitigation_failure_surface_panel,source_only_four_wheel_hf0,unavoidable_mitigation,hf0_four_wheel_unavoidable_mitigation_fixture_fresh_seed_268202_m2662_fresh_protected_nominal,268202,m2532_guarded_repair_policy,runs/m2532_engineering_controller_failure_surface_guarded_repair_execution/checkpoints/m2532_guarded_actor_head_repair.pt,P0_human_view_72_action_3_no_oracle,72,3,human_view_online_gru,1,none,reset_ok,running,True,True,80,completed_horizon_without_backend_terminal,True,True,True,False,False,-0.5420887736782878,1.9204330357640411,1.96756375763364,0.18912782047048077,0.12252405794018445,0.475645231742406,0.11653893945323972,0.07965971962437504,0.0,1.0,1.0,1.0,0.0014350882059411157,0.0,1.8218015008493653,0.07965971962437504,0.7841188691551744,-0.1759119250358938,complete,True,"Route A source-only protected mitigation fresh failure-surface panel only; no repair execution, training, PPO, ranking, winner selection, promotion, success-rate verdict, validation, driver-performance, paper, finite-window-vs-GRU, current-sim, high-fidelity validation, or self-ID claim","repair success, driver performance, controller ranking, winner selection, checkpoint promotion, success-rate verdict, validation result, paper evidence, finite-window-vs-GRU conclusion, current-sim verdict, high-fidelity validation result, full ideal driver completion, or self-ID evidence",Route A protected mitigation fresh failure-surface panel,True,m2662_unavoidable_mitigation_seed_268202_fresh_protected_nominal,2,hf0_four_wheel_unavoidable_mitigation_fixture,dd9baeedf586de42,straight_full_brake_open_loop,268202,,False,fresh_protected_nominal,protected_nominal,0,True,True,False,False,True,False,False,True
engineering_controller_behavior_outcome_v0,m2662-engineering-controller-route-a-protected-mitigation-fresh-failure-surface-panel-materialization-preflight,m2662-engineering-controller-route-a-protected-mitigation-fresh-failure-surface-panel-materialization-preflight,m2662_m2537_mitigation_preserving_policy_unavoidable_mitigation_seed_268202_fresh_protected_nominal,source_only_protected_mitigation_failure_surface_panel,source_only_four_wheel_hf0,unavoidable_mitigation,hf0_four_wheel_unavoidable_mitigation_fixture_fresh_seed_268202_m2662_fresh_protected_nominal,268202,m2537_mitigation_preserving_policy,runs/m2537_engineering_controller_failure_surface_mitigation_preserving_repair_execution/checkpoints/m2537_mitigation_preserving_actor_head_repair.pt,P0_human_view_72_action_3_no_oracle,72,3,human_view_online_gru,1,none,reset_ok,running,True,True,80,completed_horizon_without_backend_terminal,True,True,True,False,False,-0.5420898593104309,1.9204334697240202,1.9675651479589322,0.18912781913353155,0.12252405672663563,0.4756445836272168,0.11653699897531117,0.07966361908501049,0.0,1.0,1.0,1.0,0.0014351002777679056,0.0,1.821802144680295,0.07966361908501049,0.7841208294947137,-0.17590996469635445,complete,True,"Route A source-only protected mitigation fresh failure-surface panel only; no repair execution, training, PPO, ranking, winner selection, promotion, success-rate verdict, validation, driver-performance, paper, finite-window-vs-GRU, current-sim, high-fidelity validation, or self-ID claim","repair success, driver performance, controller ranking, winner selection, checkpoint promotion, success-rate verdict, validation result, paper evidence, finite-window-vs-GRU conclusion, current-sim verdict, high-fidelity validation result, full ideal driver completion, or self-ID evidence",Route A protected mitigation fresh failure-surface panel,True,m2662_unavoidable_mitigation_seed_268202_fresh_protected_nominal,2,hf0_four_wheel_unavoidable_mitigation_fixture,dd9baeedf586de42,straight_full_brake_open_loop,268202,,False,fresh_protected_nominal,protected_nominal,0,True,True,False,False,True,False,False,True
engineering_controller_behavior_outcome_v0,m2662-engineering-controller-route-a-protected-mitigation-fresh-failure-surface-panel-materialization-preflight,m2662-engineering-controller-route-a-protected-mitigation-fresh-failure-surface-panel-materialization-preflight,m2662_straight_full_brake_open_loop_unavoidable_mitigation_seed_268202_fresh_protected_nominal,source_only_protected_mitigation_failure_surface_panel,source_only_four_wheel_hf0,unavoidable_mitigation,hf0_four_wheel_unavoidable_mitigation_fixture_fresh_seed_268202_m2662_fresh_protected_nominal,268202,straight_full_brake_open_loop,,P0_human_view_72_action_3_no_oracle,72,3,,1,none,reset_ok,running,True,True,80,completed_horizon_without_backend_terminal,True,True,True,False,False,-0.37585572946132184,1.7461336876934141,1.7461336876934141,0.19409663330601043,0.126751105373206,0.6774015940546414,2.7758564025347763e-05,0.0003438346439813479,0.0,1.0,1.0,1.0,0.0,0.0,2.8033988343126226,0.0006903871938667906,0.9600307941910682,0.0,complete,True,"Route A source-only protected mitigation fresh failure-surface panel only; no repair execution, training, PPO, ranking, winner selection, promotion, success-rate verdict, validation, driver-performance, paper, finite-window-vs-GRU, current-sim, high-fidelity validation, or self-ID claim","repair success, driver performance, controller ranking, winner selection, checkpoint promotion, success-rate verdict, validation result, paper evidence, finite-window-vs-GRU conclusion, current-sim verdict, high-fidelity validation result, full ideal driver completion, or self-ID evidence",Route A protected mitigation fresh failure-surface panel,True,m2662_unavoidable_mitigation_seed_268202_fresh_protected_nominal,2,hf0_four_wheel_unavoidable_mitigation_fixture,dd9baeedf586de42,straight_full_brake_open_loop,268202,,False,fresh_protected_nominal,protected_nominal,0,True,True,False,False,True,False,False,True
engineering_controller_behavior_outcome_v0,m2662-engineering-controller-route-a-protected-mitigation-fresh-failure-surface-panel-materialization-preflight,m2662-engineering-controller-route-a-protected-mitigation-fresh-failure-surface-panel-materialization-preflight,m2662_coast_open_loop_unavoidable_mitigation_seed_268202_fresh_protected_fault_delay_noise,source_only_protected_mitigation_failure_surface_panel,source_only_four_wheel_hf0,unavoidable_mitigation,hf0_four_wheel_unavoidable_mitigation_fixture_fresh_seed_268202_m2662_fresh_protected_fault_delay_noise,268202,coast_open_loop,,P0_human_view_72_action_3_no_oracle,72,3,,1,none,reset_ok,running,True,True,80,completed_horizon_without_backend_terminal,True,True,True,True,False,-0.36891343571483937,1.6114773515398402,1.6114773515398402,0.18624897549558955,0.12031550740915345,0.9073020005047756,1.3817925730110781e-05,0.00010451111547134265,0.0,1.0,1.0,1.0,0.0,0.0,7.782258131259511,0.00010519164615987938,2.869590873520612,1.7959084939287138,complete,True,"Route A source-only protected mitigation fresh failure-surface panel only; no repair execution, training, PPO, ranking, winner selection, promotion, success-rate verdict, validation, driver-performance, paper, finite-window-vs-GRU, current-sim, high-fidelity validation, or self-ID claim","repair success, driver performance, controller ranking, winner selection, checkpoint promotion, success-rate verdict, validation result, paper evidence, finite-window-vs-GRU conclusion, current-sim verdict, high-fidelity validation result, full ideal driver completion, or self-ID evidence",Route A protected mitigation fresh failure-surface panel,True,m2662_unavoidable_mitigation_seed_268202_fresh_protected_fault_delay_noise,2,hf0_four_wheel_unavoidable_mitigation_fixture,b06df320f13be852,straight_full_brake_open_loop,268202,,False,fresh_protected_fault_delay_noise,protected_fault_delay_noise,1,True,True,False,True,True,True,False,True
engineering_controller_behavior_outcome_v0,m2662-engineering-controller-route-a-protected-mitigation-fresh-failure-surface-panel-materialization-preflight,m2662-engineering-controller-route-a-protected-mitigation-fresh-failure-surface-panel-materialization-preflight,m2662_m1154_original_policy_unavoidable_mitigation_seed_268202_fresh_protected_fault_delay_noise,source_only_protected_mitigation_failure_surface_panel,source_only_four_wheel_hf0,unavoidable_mitigation,hf0_four_wheel_unavoidable_mitigation_fixture_fresh_seed_268202_m2662_fresh_protected_fault_delay_noise,268202,m1154_original_policy,runs/m1154_row15_promoted_unsafe_margin_projection_probe/checkpoints/alpha_0_05.pt,P0_human_view_72_action_3_no_oracle,72,3,human_view_online_gru,1,none,reset_ok,running,True,True,80,completed_horizon_without_backend_terminal,True,True,True,False,True,-0.349137003953512,-2.457639221271875,-2.457639221271875,1.0600199829712156,0.8559907474900629,4.214104160465698,1.0600199829712156,0.8559907474900629,0.0,0.0,0.0,0.0,0.023765436821628974,1.0,6.33158294033109,0.8471224774280888,2.208867298009083,1.1351849184171847,complete,True,"Route A source-only protected mitigation fresh failure-surface panel only; no repair execution, training, PPO, ranking, winner selection, promotion, success-rate verdict, validation, driver-performance, paper, finite-window-vs-GRU, current-sim, high-fidelity validation, or self-ID claim","repair success, driver performance, controller ranking, winner selection, checkpoint promotion, success-rate verdict, validation result, paper evidence, finite-window-vs-GRU conclusion, current-sim verdict, high-fidelity validation result, full ideal driver completion, or self-ID evidence",Route A protected mitigation fresh failure-surface panel,True,m2662_unavoidable_mitigation_seed_268202_fresh_protected_fault_delay_noise,2,hf0_four_wheel_unavoidable_mitigation_fixture,b06df320f13be852,straight_full_brake_open_loop,268202,,False,fresh_protected_fault_delay_noise,protected_fault_delay_noise,1,True,True,False,True,True,True,False,True
engineering_controller_behavior_outcome_v0,m2662-engineering-controller-route-a-protected-mitigation-fresh-failure-surface-panel-materialization-preflight,m2662-engineering-controller-route-a-protected-mitigation-fresh-failure-surface-panel-materialization-preflight,m2662_m2532_guarded_repair_policy_unavoidable_mitigation_seed_268202_fresh_protected_fault_delay_noise,source_only_protected_mitigation_failure_surface_panel,source_only_four_wheel_hf0,unavoidable_mitigation,hf0_four_wheel_unavoidable_mitigation_fixture_fresh_seed_268202_m2662_fresh_protected_fault_delay_noise,268202,m2532_guarded_repair_policy,runs/m2532_engineering_controller_failure_surface_guarded_repair_execution/checkpoints/m2532_guarded_actor_head_repair.pt,P0_human_view_72_action_3_no_oracle,72,3,human_view_online_gru,1,none,reset_ok,running,True,True,80,completed_horizon_without_backend_terminal,True,True,True,False,False,-1.4558907297287433,0.7524093054839436,0.7524093054839436,0.7363045188091584,0.5289205443034165,1.0418774678834053,0.2426067428094493,0.1512636584468166,0.0,1.0,1.0,1.0,0.005132546907738794,0.0,1.5585317528484193,0.264393978475645,0.967893244885593,-0.10578913470630513,complete,True,"Route A source-only protected mitigation fresh failure-surface panel only; no repair execution, training, PPO, ranking, winner selection, promotion, success-rate verdict, validation, driver-performance, paper, finite-window-vs-GRU, current-sim, high-fidelity validation, or self-ID claim","repair success, driver performance, controller ranking, winner selection, checkpoint promotion, success-rate verdict, validation result, paper evidence, finite-window-vs-GRU conclusion, current-sim verdict, high-fidelity validation result, full ideal driver completion, or self-ID evidence",Route A protected mitigation fresh failure-surface panel,True,m2662_unavoidable_mitigation_seed_268202_fresh_protected_fault_delay_noise,2,hf0_four_wheel_unavoidable_mitigation_fixture,b06df320f13be852,straight_full_brake_open_loop,268202,,False,fresh_protected_fault_delay_noise,protected_fault_delay_noise,1,True,True,False,True,True,True,False,True
engineering_controller_behavior_outcome_v0,m2662-engineering-controller-route-a-protected-mitigation-fresh-failure-surface-panel-materialization-preflight,m2662-engineering-controller-route-a-protected-mitigation-fresh-failure-surface-panel-materialization-preflight,m2662_m2537_mitigation_preserving_policy_unavoidable_mitigation_seed_268202_fresh_protected_fault_delay_noise,source_only_protected_mitigation_failure_surface_panel,source_only_four_wheel_hf0,unavoidable_mitigation,hf0_four_wheel_unavoidable_mitigation_fixture_fresh_seed_268202_m2662_fresh_protected_fault_delay_noise,268202,m2537_mitigation_preserving_policy,runs/m2537_engineering_controller_failure_surface_mitigation_preserving_repair_execution/checkpoints/m2537_mitigation_preserving_actor_head_repair.pt,P0_human_view_72_action_3_no_oracle,72,3,human_view_online_gru,1,none,reset_ok,running,True,True,80,completed_horizon_without_backend_terminal,True,True,True,False,False,-1.4558913585213755,0.7524085653214907,0.7524085653214907,0.7363046570018548,0.5289206570606615,1.0418781986449777,0.24260668243314162,0.1512637360074955,0.0,1.0,1.0,1.0,0.0051325521891630145,0.775,1.558532738294641,0.2643941370301619,0.9678950998988781,-0.10578727969302004,complete,True,"Route A source-only protected mitigation fresh failure-surface panel only; no repair execution, training, PPO, ranking, winner selection, promotion, success-rate verdict, validation, driver-performance, paper, finite-window-vs-GRU, current-sim, high-fidelity validation, or self-ID claim","repair success, driver performance, controller ranking, winner selection, checkpoint promotion, success-rate verdict, validation result, paper evidence, finite-window-vs-GRU conclusion, current-sim verdict, high-fidelity validation result, full ideal driver completion, or self-ID evidence",Route A protected mitigation fresh failure-surface panel,True,m2662_unavoidable_mitigation_seed_268202_fresh_protected_fault_delay_noise,2,hf0_four_wheel_unavoidable_mitigation_fixture,b06df320f13be852,straight_full_brake_open_loop,268202,,False,fresh_protected_fault_delay_noise,protected_fault_delay_noise,1,True,True,False,True,True,True,False,True
engineering_controller_behavior_outcome_v0,m2662-engineering-controller-route-a-protected-mitigation-fresh-failure-surface-panel-materialization-preflight,m2662-engineering-controller-route-a-protected-mitigation-fresh-failure-surface-panel-materialization-preflight,m2662_straight_full_brake_open_loop_unavoidable_mitigation_seed_268202_fresh_protected_fault_delay_noise,source_only_protected_mitigation_failure_surface_panel,source_only_four_wheel_hf0,unavoidable_mitigation,hf0_four_wheel_unavoidable_mitigation_fixture_fresh_seed_268202_m2662_fresh_protected_fault_delay_noise,268202,straight_full_brake_open_loop,,P0_human_view_72_action_3_no_oracle,72,3,,1,none,reset_ok,running,True,True,80,completed_horizon_without_backend_terminal,True,True,True,False,False,-0.38948256471558995,1.7537701702948154,1.7537701702948154,0.18667480256990998,0.12066400808303551,0.6714968407311316,3.088204313483842e-06,2.1619435764203283e-05,0.0,1.0,1.0,1.0,0.0,0.0,2.91900245179201,4.084163864119835e-05,1.0736823795918982,0.0,complete,True,"Route A source-only protected mitigation fresh failure-surface panel only; no repair execution, training, PPO, ranking, winner selection, promotion, success-rate verdict, validation, driver-performance, paper, finite-window-vs-GRU, current-sim, high-fidelity validation, or self-ID claim","repair success, driver performance, controller ranking, winner selection, checkpoint promotion, success-rate verdict, validation result, paper evidence, finite-window-vs-GRU conclusion, current-sim verdict, high-fidelity validation result, full ideal driver completion, or self-ID evidence",Route A protected mitigation fresh failure-surface panel,True,m2662_unavoidable_mitigation_seed_268202_fresh_protected_fault_delay_noise,2,hf0_four_wheel_unavoidable_mitigation_fixture,b06df320f13be852,straight_full_brake_open_loop,268202,,False,fresh_protected_fault_delay_noise,protected_fault_delay_noise,1,True,True,False,True,True,True,False,True
engineering_controller_behavior_outcome_v0,m2662-engineering-controller-route-a-protected-mitigation-fresh-failure-surface-panel-materialization-preflight,m2662-engineering-controller-route-a-protected-mitigation-fresh-failure-surface-panel-materialization-preflight,m2662_coast_open_loop_unavoidable_mitigation_seed_268202_fresh_protected_close_cut_in_fault,source_only_protected_mitigation_failure_surface_panel,source_only_four_wheel_hf0,unavoidable_mitigation,hf0_four_wheel_unavoidable_mitigation_fixture_fresh_seed_268202_m2662_fresh_protected_close_cut_in_fault,268202,coast_open_loop,,P0_human_view_72_action_3_no_oracle,72,3,,1,none,reset_ok,running,True,True,80,completed_horizon_without_backend_terminal,True,True,True,True,False,-0.6300454074302884,1.6085124819080665,1.6085124819080665,0.19122506031042014,0.12503808076759979,0.9102640637757583,1.1009177260197696e-05,9.75531845658706e-05,0.0,1.0,1.0,1.0,0.0,0.0,7.795459363319876,9.834872653211641e-05,4.909120458027495,1.9446595026111049,complete,True,"Route A source-only protected mitigation fresh failure-surface panel only; no repair execution, training, PPO, ranking, winner selection, promotion, success-rate verdict, validation, driver-performance, paper, finite-window-vs-GRU, current-sim, high-fidelity validation, or self-ID claim","repair success, driver performance, controller ranking, winner selection, checkpoint promotion, success-rate verdict, validation result, paper evidence, finite-window-vs-GRU conclusion, current-sim verdict, high-fidelity validation result, full ideal driver completion, or self-ID evidence",Route A protected mitigation fresh failure-surface panel,True,m2662_unavoidable_mitigation_seed_268202_fresh_protected_close_cut_in_fault,2,hf0_four_wheel_unavoidable_mitigation_fixture,69c13111aeda78bf,straight_full_brake_open_loop,268202,,False,fresh_protected_close_cut_in_fault,protected_close_cut_in_fault,2,True,True,False,True,True,True,False,True
engineering_controller_behavior_outcome_v0,m2662-engineering-controller-route-a-protected-mitigation-fresh-failure-surface-panel-materialization-preflight,m2662-engineering-controller-route-a-protected-mitigation-fresh-failure-surface-panel-materialization-preflight,m2662_m1154_original_policy_unavoidable_mitigation_seed_268202_fresh_protected_close_cut_in_fault,source_only_protected_mitigation_failure_surface_panel,source_only_four_wheel_hf0,unavoidable_mitigation,hf0_four_wheel_unavoidable_mitigation_fixture_fresh_seed_268202_m2662_fresh_protected_close_cut_in_fault,268202,m1154_original_policy,runs/m1154_row15_promoted_unsafe_margin_projection_probe/checkpoints/alpha_0_05.pt,P0_human_view_72_action_3_no_oracle,72,3,human_view_online_gru,1,none,reset_ok,running,True,True,80,completed_horizon_without_backend_terminal,True,True,True,True,True,-1.3993246667220038,-1.4696605190748047,-1.4696605190748047,0.8641057294595659,0.7578194607617438,3.2140843307763136,0.8293581511655741,0.7578194607617438,0.0,0.0,0.0,0.0,0.02161415821955174,1.0,6.310473646716684,0.7468219189439986,8.738230968568224,5.773770013151834,complete,True,"Route A source-only protected mitigation fresh failure-surface panel only; no repair execution, training, PPO, ranking, winner selection, promotion, success-rate verdict, validation, driver-performance, paper, finite-window-vs-GRU, current-sim, high-fidelity validation, or self-ID claim","repair success, driver performance, controller ranking, winner selection, checkpoint promotion, success-rate verdict, validation result, paper evidence, finite-window-vs-GRU conclusion, current-sim verdict, high-fidelity validation result, full ideal driver completion, or self-ID evidence",Route A protected mitigation fresh failure-surface panel,True,m2662_unavoidable_mitigation_seed_268202_fresh_protected_close_cut_in_fault,2,hf0_four_wheel_unavoidable_mitigation_fixture,69c13111aeda78bf,straight_full_brake_open_loop,268202,,False,fresh_protected_close_cut_in_fault,protected_close_cut_in_fault,2,True,True,False,True,True,True,False,True
engineering_controller_behavior_outcome_v0,m2662-engineering-controller-route-a-protected-mitigation-fresh-failure-surface-panel-materialization-preflight,m2662-engineering-controller-route-a-protected-mitigation-fresh-failure-surface-panel-materialization-preflight,m2662_m2532_guarded_repair_policy_unavoidable_mitigation_seed_268202_fresh_protected_close_cut_in_fault,source_only_protected_mitigation_failure_surface_panel,source_only_four_wheel_hf0,unavoidable_mitigation,hf0_four_wheel_unavoidable_mitigation_fixture_fresh_seed_268202_m2662_fresh_protected_close_cut_in_fault,268202,m2532_guarded_repair_policy,runs/m2532_engineering_controller_failure_surface_guarded_repair_execution/checkpoints/m2532_guarded_actor_head_repair.pt,P0_human_view_72_action_3_no_oracle,72,3,human_view_online_gru,1,none,reset_ok,running,True,True,80,completed_horizon_without_backend_terminal,True,True,True,False,False,-1.8863140957616125,0.7383534152987119,0.7383534152987119,0.6911536299738394,0.4924917599323332,1.0386050719594908,0.4858987971937768,0.332287701832864,0.0,1.0,1.0,1.0,0.004406240921986254,0.0,3.875943506499849,0.4924917599323332,5.5069776583126435,2.5425167028962536,complete,True,"Route A source-only protected mitigation fresh failure-surface panel only; no repair execution, training, PPO, ranking, winner selection, promotion, success-rate verdict, validation, driver-performance, paper, finite-window-vs-GRU, current-sim, high-fidelity validation, or self-ID claim","repair success, driver performance, controller ranking, winner selection, checkpoint promotion, success-rate verdict, validation result, paper evidence, finite-window-vs-GRU conclusion, current-sim verdict, high-fidelity validation result, full ideal driver completion, or self-ID evidence",Route A protected mitigation fresh failure-surface panel,True,m2662_unavoidable_mitigation_seed_268202_fresh_protected_close_cut_in_fault,2,hf0_four_wheel_unavoidable_mitigation_fixture,69c13111aeda78bf,straight_full_brake_open_loop,268202,,False,fresh_protected_close_cut_in_fault,protected_close_cut_in_fault,2,True,True,False,True,True,True,False,True
engineering_controller_behavior_outcome_v0,m2662-engineering-controller-route-a-protected-mitigation-fresh-failure-surface-panel-materialization-preflight,m2662-engineering-controller-route-a-protected-mitigation-fresh-failure-surface-panel-materialization-preflight,m2662_m2537_mitigation_preserving_policy_unavoidable_mitigation_seed_268202_fresh_protected_close_cut_in_fault,source_only_protected_mitigation_failure_surface_panel,source_only_four_wheel_hf0,unavoidable_mitigation,hf0_four_wheel_unavoidable_mitigation_fixture_fresh_seed_268202_m2662_fresh_protected_close_cut_in_fault,268202,m2537_mitigation_preserving_policy,runs/m2537_engineering_controller_failure_surface_mitigation_preserving_repair_execution/checkpoints/m2537_mitigation_preserving_actor_head_repair.pt,P0_human_view_72_action_3_no_oracle,72,3,human_view_online_gru,1,none,reset_ok,running,True,True,80,completed_horizon_without_backend_terminal,True,True,True,False,False,-1.8863136722535527,0.7383528195872535,0.7383528195872535,0.6911537519384445,0.4924918563203373,1.0386056611327263,0.48589896992354104,0.3322878460900662,0.0,1.0,1.0,1.0,0.004406243185453777,0.675,3.8759440249217305,0.4924918563203373,5.506979910718128,2.542518955301738,complete,True,"Route A source-only protected mitigation fresh failure-surface panel only; no repair execution, training, PPO, ranking, winner selection, promotion, success-rate verdict, validation, driver-performance, paper, finite-window-vs-GRU, current-sim, high-fidelity validation, or self-ID claim","repair success, driver performance, controller ranking, winner selection, checkpoint promotion, success-rate verdict, validation result, paper evidence, finite-window-vs-GRU conclusion, current-sim verdict, high-fidelity validation result, full ideal driver completion, or self-ID evidence",Route A protected mitigation fresh failure-surface panel,True,m2662_unavoidable_mitigation_seed_268202_fresh_protected_close_cut_in_fault,2,hf0_four_wheel_unavoidable_mitigation_fixture,69c13111aeda78bf,straight_full_brake_open_loop,268202,,False,fresh_protected_close_cut_in_fault,protected_close_cut_in_fault,2,True,True,False,True,True,True,False,True
engineering_controller_behavior_outcome_v0,m2662-engineering-controller-route-a-protected-mitigation-fresh-failure-surface-panel-materialization-preflight,m2662-engineering-controller-route-a-protected-mitigation-fresh-failure-surface-panel-materialization-preflight,m2662_straight_full_brake_open_loop_unavoidable_mitigation_seed_268202_fresh_protected_close_cut_in_fault,source_only_protected_mitigation_failure_surface_panel,source_only_four_wheel_hf0,unavoidable_mitigation,hf0_four_wheel_unavoidable_mitigation_fixture_fresh_seed_268202_m2662_fresh_protected_close_cut_in_fault,268202,straight_full_brake_open_loop,,P0_human_view_72_action_3_no_oracle,72,3,,1,none,reset_ok,running,True,True,80,completed_horizon_without_backend_terminal,True,True,True,False,False,-0.6342945788677663,1.7128504387556451,1.7128504387556451,0.19184679242285643,0.1255525362127678,0.7292279139020565,4.390948857010329e-06,3.8709811674726e-05,0.0,1.0,1.0,1.0,0.0,0.0,4.861796894819163,6.278360662830117e-05,2.96446095541639,0.0,complete,True,"Route A source-only protected mitigation fresh failure-surface panel only; no repair execution, training, PPO, ranking, winner selection, promotion, success-rate verdict, validation, driver-performance, paper, finite-window-vs-GRU, current-sim, high-fidelity validation, or self-ID claim","repair success, driver performance, controller ranking, winner selection, checkpoint promotion, success-rate verdict, validation result, paper evidence, finite-window-vs-GRU conclusion, current-sim verdict, high-fidelity validation result, full ideal driver completion, or self-ID evidence",Route A protected mitigation fresh failure-surface panel,True,m2662_unavoidable_mitigation_seed_268202_fresh_protected_close_cut_in_fault,2,hf0_four_wheel_unavoidable_mitigation_fixture,69c13111aeda78bf,straight_full_brake_open_loop,268202,,False,fresh_protected_close_cut_in_fault,protected_close_cut_in_fault,2,True,True,False,True,True,True,False,True
engineering_controller_behavior_outcome_v0,m2662-engineering-controller-route-a-protected-mitigation-fresh-failure-surface-panel-materialization-preflight,m2662-engineering-controller-route-a-protected-mitigation-fresh-failure-surface-panel-materialization-preflight,m2662_coast_open_loop_unavoidable_mitigation_seed_268203_fresh_protected_nominal,source_only_protected_mitigation_failure_surface_panel,source_only_four_wheel_hf0,unavoidable_mitigation,hf0_four_wheel_unavoidable_mitigation_fixture_fresh_seed_268203_m2662_fresh_protected_nominal,268203,coast_open_loop,,P0_human_view_72_action_3_no_oracle,72,3,,1,none,reset_ok,running,True,True,80,completed_horizon_without_backend_terminal,True,True,True,True,False,-0.7857122328335766,1.5078831315631627,1.5078831315631627,0.20689430153796423,0.14721619256540217,0.8812318987022456,1.7021614618809035e-06,2.9637987078821706e-05,0.02,1.0,1.0,1.0,0.0,0.0,7.902913279704062,2.9770167089901422e-05,6.205678726926378,4.756418412144443,complete,True,"Route A source-only protected mitigation fresh failure-surface panel only; no repair execution, training, PPO, ranking, winner selection, promotion, success-rate verdict, validation, driver-performance, paper, finite-window-vs-GRU, current-sim, high-fidelity validation, or self-ID claim","repair success, driver performance, controller ranking, winner selection, checkpoint promotion, success-rate verdict, validation result, paper evidence, finite-window-vs-GRU conclusion, current-sim verdict, high-fidelity validation result, full ideal driver completion, or self-ID evidence",Route A protected mitigation fresh failure-surface panel,True,m2662_unavoidable_mitigation_seed_268203_fresh_protected_nominal,3,hf0_four_wheel_unavoidable_mitigation_fixture,4512db076cc46a90,straight_full_brake_open_loop,268203,,False,fresh_protected_nominal,protected_nominal,0,True,True,False,False,True,False,False,True
engineering_controller_behavior_outcome_v0,m2662-engineering-controller-route-a-protected-mitigation-fresh-failure-surface-panel-materialization-preflight,m2662-engineering-controller-route-a-protected-mitigation-fresh-failure-surface-panel-materialization-preflight,m2662_m1154_original_policy_unavoidable_mitigation_seed_268203_fresh_protected_nominal,source_only_protected_mitigation_failure_surface_panel,source_only_four_wheel_hf0,unavoidable_mitigation,hf0_four_wheel_unavoidable_mitigation_fixture_fresh_seed_268203_m2662_fresh_protected_nominal,268203,m1154_original_policy,runs/m1154_row15_promoted_unsafe_margin_projection_probe/checkpoints/alpha_0_05.pt,P0_human_view_72_action_3_no_oracle,72,3,human_view_online_gru,1,none,reset_ok,running,True,True,80,completed_horizon_without_backend_terminal,True,True,True,False,True,-0.600184009952978,-0.5794077738466505,-0.5794077738466505,0.9271771533728312,0.7030388463482219,2.465101106884988,0.9271771533728312,0.7030388463482219,0.0,0.0,0.0,0.0,0.011222030543073823,1.0,5.6260585193437,0.6767893729083868,3.3463970637981486,1.8971367490162137,complete,True,"Route A source-only protected mitigation fresh failure-surface panel only; no repair execution, training, PPO, ranking, winner selection, promotion, success-rate verdict, validation, driver-performance, paper, finite-window-vs-GRU, current-sim, high-fidelity validation, or self-ID claim","repair success, driver performance, controller ranking, winner selection, checkpoint promotion, success-rate verdict, validation result, paper evidence, finite-window-vs-GRU conclusion, current-sim verdict, high-fidelity validation result, full ideal driver completion, or self-ID evidence",Route A protected mitigation fresh failure-surface panel,True,m2662_unavoidable_mitigation_seed_268203_fresh_protected_nominal,3,hf0_four_wheel_unavoidable_mitigation_fixture,4512db076cc46a90,straight_full_brake_open_loop,268203,,False,fresh_protected_nominal,protected_nominal,0,True,True,False,False,True,False,False,True
engineering_controller_behavior_outcome_v0,m2662-engineering-controller-route-a-protected-mitigation-fresh-failure-surface-panel-materialization-preflight,m2662-engineering-controller-route-a-protected-mitigation-fresh-failure-surface-panel-materialization-preflight,m2662_m2532_guarded_repair_policy_unavoidable_mitigation_seed_268203_fresh_protected_nominal,source_only_protected_mitigation_failure_surface_panel,source_only_four_wheel_hf0,unavoidable_mitigation,hf0_four_wheel_unavoidable_mitigation_fixture_fresh_seed_268203_m2662_fresh_protected_nominal,268203,m2532_guarded_repair_policy,runs/m2532_engineering_controller_failure_surface_guarded_repair_execution/checkpoints/m2532_guarded_actor_head_repair.pt,P0_human_view_72_action_3_no_oracle,72,3,human_view_online_gru,1,none,reset_ok,running,True,True,80,completed_horizon_without_backend_terminal,True,True,True,False,False,-0.6995011970279061,1.413682586523774,1.413682586523774,0.2001959042319674,0.14169365879994344,0.8636720296418273,0.1355467810760177,0.09338341868442686,0.02,1.0,1.0,1.0,0.0009437663645683965,0.0,1.3780334090300326,0.09338341868442686,0.6433762773175025,-0.8058840374644325,complete,True,"Route A source-only protected mitigation fresh failure-surface panel only; no repair execution, training, PPO, ranking, winner selection, promotion, success-rate verdict, validation, driver-performance, paper, finite-window-vs-GRU, current-sim, high-fidelity validation, or self-ID claim","repair success, driver performance, controller ranking, winner selection, checkpoint promotion, success-rate verdict, validation result, paper evidence, finite-window-vs-GRU conclusion, current-sim verdict, high-fidelity validation result, full ideal driver completion, or self-ID evidence",Route A protected mitigation fresh failure-surface panel,True,m2662_unavoidable_mitigation_seed_268203_fresh_protected_nominal,3,hf0_four_wheel_unavoidable_mitigation_fixture,4512db076cc46a90,straight_full_brake_open_loop,268203,,False,fresh_protected_nominal,protected_nominal,0,True,True,False,False,True,False,False,True
engineering_controller_behavior_outcome_v0,m2662-engineering-controller-route-a-protected-mitigation-fresh-failure-surface-panel-materialization-preflight,m2662-engineering-controller-route-a-protected-mitigation-fresh-failure-surface-panel-materialization-preflight,m2662_m2537_mitigation_preserving_policy_unavoidable_mitigation_seed_268203_fresh_protected_nominal,source_only_protected_mitigation_failure_surface_panel,source_only_four_wheel_hf0,unavoidable_mitigation,hf0_four_wheel_unavoidable_mitigation_fixture_fresh_seed_268203_m2662_fresh_protected_nominal,268203,m2537_mitigation_preserving_policy,runs/m2537_engineering_controller_failure_surface_mitigation_preserving_repair_execution/checkpoints/m2537_mitigation_preserving_actor_head_repair.pt,P0_human_view_72_action_3_no_oracle,72,3,human_view_online_gru,1,none,reset_ok,running,True,True,80,completed_horizon_without_backend_terminal,True,True,True,False,False,-0.6995028642877308,1.4136843390157474,1.4136843390157474,0.20019590269193327,0.141693657443006,0.8636702851134986,0.1355452929839781,0.0933823806900943,0.02,1.0,1.0,1.0,0.0009437746639493146,0.0,1.3780336963331798,0.0933823806900943,0.6433779576365922,-0.8058823571453427,complete,True,"Route A source-only protected mitigation fresh failure-surface panel only; no repair execution, training, PPO, ranking, winner selection, promotion, success-rate verdict, validation, driver-performance, paper, finite-window-vs-GRU, current-sim, high-fidelity validation, or self-ID claim","repair success, driver performance, controller ranking, winner selection, checkpoint promotion, success-rate verdict, validation result, paper evidence, finite-window-vs-GRU conclusion, current-sim verdict, high-fidelity validation result, full ideal driver completion, or self-ID evidence",Route A protected mitigation fresh failure-surface panel,True,m2662_unavoidable_mitigation_seed_268203_fresh_protected_nominal,3,hf0_four_wheel_unavoidable_mitigation_fixture,4512db076cc46a90,straight_full_brake_open_loop,268203,,False,fresh_protected_nominal,protected_nominal,0,True,True,False,False,True,False,False,True
engineering_controller_behavior_outcome_v0,m2662-engineering-controller-route-a-protected-mitigation-fresh-failure-surface-panel-materialization-preflight,m2662-engineering-controller-route-a-protected-mitigation-fresh-failure-surface-panel-materialization-preflight,m2662_straight_full_brake_open_loop_unavoidable_mitigation_seed_268203_fresh_protected_nominal,source_only_protected_mitigation_failure_surface_panel,source_only_four_wheel_hf0,unavoidable_mitigation,hf0_four_wheel_unavoidable_mitigation_fixture_fresh_seed_268203_m2662_fresh_protected_nominal,268203,straight_full_brake_open_loop,,P0_human_view_72_action_3_no_oracle,72,3,,1,none,reset_ok,running,True,True,80,completed_horizon_without_backend_terminal,True,True,True,False,False,-0.8408884220762582,1.5671280802336183,1.5671280802336183,0.20772710148991358,0.14811193298757597,0.7179473924385684,5.740419944896915e-05,0.0002617143239188038,0.02,1.0,1.0,1.0,0.0,0.0,2.194500865485245,0.0004140148608930223,1.449260314781935,0.0,complete,True,"Route A source-only protected mitigation fresh failure-surface panel only; no repair execution, training, PPO, ranking, winner selection, promotion, success-rate verdict, validation, driver-performance, paper, finite-window-vs-GRU, current-sim, high-fidelity validation, or self-ID claim","repair success, driver performance, controller ranking, winner selection, checkpoint promotion, success-rate verdict, validation result, paper evidence, finite-window-vs-GRU conclusion, current-sim verdict, high-fidelity validation result, full ideal driver completion, or self-ID evidence",Route A protected mitigation fresh failure-surface panel,True,m2662_unavoidable_mitigation_seed_268203_fresh_protected_nominal,3,hf0_four_wheel_unavoidable_mitigation_fixture,4512db076cc46a90,straight_full_brake_open_loop,268203,,False,fresh_protected_nominal,protected_nominal,0,True,True,False,False,True,False,False,True
engineering_controller_behavior_outcome_v0,m2662-engineering-controller-route-a-protected-mitigation-fresh-failure-surface-panel-materialization-preflight,m2662-engineering-controller-route-a-protected-mitigation-fresh-failure-surface-panel-materialization-preflight,m2662_coast_open_loop_unavoidable_mitigation_seed_268203_fresh_protected_fault_delay_noise,source_only_protected_mitigation_failure_surface_panel,source_only_four_wheel_hf0,unavoidable_mitigation,hf0_four_wheel_unavoidable_mitigation_fixture_fresh_seed_268203_m2662_fresh_protected_fault_delay_noise,268203,coast_open_loop,,P0_human_view_72_action_3_no_oracle,72,3,,1,none,reset_ok,running,True,True,80,completed_horizon_without_backend_terminal,True,True,True,True,False,-0.8081965150111573,1.537989421595912,1.537989421595912,0.1927607898586609,0.13520074574795143,0.8511506516335632,1.7111148251572255e-06,2.2237489322338153e-05,0.0,1.0,1.0,1.0,0.0,0.0,7.902927997763171,2.234119369933561e-05,6.383275014478782,3.1318120045243747,complete,True,"Route A source-only protected mitigation fresh failure-surface panel only; no repair execution, training, PPO, ranking, winner selection, promotion, success-rate verdict, validation, driver-performance, paper, finite-window-vs-GRU, current-sim, high-fidelity validation, or self-ID claim","repair success, driver performance, controller ranking, winner selection, checkpoint promotion, success-rate verdict, validation result, paper evidence, finite-window-vs-GRU conclusion, current-sim verdict, high-fidelity validation result, full ideal driver completion, or self-ID evidence",Route A protected mitigation fresh failure-surface panel,True,m2662_unavoidable_mitigation_seed_268203_fresh_protected_fault_delay_noise,3,hf0_four_wheel_unavoidable_mitigation_fixture,c021e697a4d8080a,straight_full_brake_open_loop,268203,,False,fresh_protected_fault_delay_noise,protected_fault_delay_noise,1,True,True,False,True,True,True,False,True
engineering_controller_behavior_outcome_v0,m2662-engineering-controller-route-a-protected-mitigation-fresh-failure-surface-panel-materialization-preflight,m2662-engineering-controller-route-a-protected-mitigation-fresh-failure-surface-panel-materialization-preflight,m2662_m1154_original_policy_unavoidable_mitigation_seed_268203_fresh_protected_fault_delay_noise,source_only_protected_mitigation_failure_surface_panel,source_only_four_wheel_hf0,unavoidable_mitigation,hf0_four_wheel_unavoidable_mitigation_fixture_fresh_seed_268203_m2662_fresh_protected_fault_delay_noise,268203,m1154_original_policy,runs/m1154_row15_promoted_unsafe_margin_projection_probe/checkpoints/alpha_0_05.pt,P0_human_view_72_action_3_no_oracle,72,3,human_view_online_gru,1,none,reset_ok,running,True,True,80,completed_horizon_without_backend_terminal,True,True,False,False,True,0.12106349951154764,-2.193029146210806,-2.193029146210806,0.9788660986572937,0.7987386591523721,4.078973053622687,0.9788660986572937,0.7974856233337787,0.0,0.0,0.0,0.0,0.024156007562068444,1.0,0.0,0.0,0.0,-3.2514630099544073,complete,True,"Route A source-only protected mitigation fresh failure-surface panel only; no repair execution, training, PPO, ranking, winner selection, promotion, success-rate verdict, validation, driver-performance, paper, finite-window-vs-GRU, current-sim, high-fidelity validation, or self-ID claim","repair success, driver performance, controller ranking, winner selection, checkpoint promotion, success-rate verdict, validation result, paper evidence, finite-window-vs-GRU conclusion, current-sim verdict, high-fidelity validation result, full ideal driver completion, or self-ID evidence",Route A protected mitigation fresh failure-surface panel,True,m2662_unavoidable_mitigation_seed_268203_fresh_protected_fault_delay_noise,3,hf0_four_wheel_unavoidable_mitigation_fixture,c021e697a4d8080a,straight_full_brake_open_loop,268203,,False,fresh_protected_fault_delay_noise,protected_fault_delay_noise,1,True,True,False,True,True,True,False,True
engineering_controller_behavior_outcome_v0,m2662-engineering-controller-route-a-protected-mitigation-fresh-failure-surface-panel-materialization-preflight,m2662-engineering-controller-route-a-protected-mitigation-fresh-failure-surface-panel-materialization-preflight,m2662_m2532_guarded_repair_policy_unavoidable_mitigation_seed_268203_fresh_protected_fault_delay_noise,source_only_protected_mitigation_failure_surface_panel,source_only_four_wheel_hf0,unavoidable_mitigation,hf0_four_wheel_unavoidable_mitigation_fixture_fresh_seed_268203_m2662_fresh_protected_fault_delay_noise,268203,m2532_guarded_repair_policy,runs/m2532_engineering_controller_failure_surface_guarded_repair_execution/checkpoints/m2532_guarded_actor_head_repair.pt,P0_human_view_72_action_3_no_oracle,72,3,human_view_online_gru,1,none,reset_ok,running,True,True,80,completed_horizon_without_backend_terminal,True,True,True,False,False,-0.5306792344246771,0.29584117997909587,0.29584117997909587,0.8717132069957054,0.6200222180379138,1.6241998578260914,0.5342874650483473,0.3589831534284625,0.0,1.0,1.0,1.0,0.003444146506394012,0.0,2.5568788213915346,0.4502428375281861,1.2168187662096333,-2.034644243744774,complete,True,"Route A source-only protected mitigation fresh failure-surface panel only; no repair execution, training, PPO, ranking, winner selection, promotion, success-rate verdict, validation, driver-performance, paper, finite-window-vs-GRU, current-sim, high-fidelity validation, or self-ID claim","repair success, driver performance, controller ranking, winner selection, checkpoint promotion, success-rate verdict, validation result, paper evidence, finite-window-vs-GRU conclusion, current-sim verdict, high-fidelity validation result, full ideal driver completion, or self-ID evidence",Route A protected mitigation fresh failure-surface panel,True,m2662_unavoidable_mitigation_seed_268203_fresh_protected_fault_delay_noise,3,hf0_four_wheel_unavoidable_mitigation_fixture,c021e697a4d8080a,straight_full_brake_open_loop,268203,,False,fresh_protected_fault_delay_noise,protected_fault_delay_noise,1,True,True,False,True,True,True,False,True
engineering_controller_behavior_outcome_v0,m2662-engineering-controller-route-a-protected-mitigation-fresh-failure-surface-panel-materialization-preflight,m2662-engineering-controller-route-a-protected-mitigation-fresh-failure-surface-panel-materialization-preflight,m2662_m2537_mitigation_preserving_policy_unavoidable_mitigation_seed_268203_fresh_protected_fault_delay_noise,source_only_protected_mitigation_failure_surface_panel,source_only_four_wheel_hf0,unavoidable_mitigation,hf0_four_wheel_unavoidable_mitigation_fixture_fresh_seed_268203_m2662_fresh_protected_fault_delay_noise,268203,m2537_mitigation_preserving_policy,runs/m2537_engineering_controller_failure_surface_mitigation_preserving_repair_execution/checkpoints/m2537_mitigation_preserving_actor_head_repair.pt,P0_human_view_72_action_3_no_oracle,72,3,human_view_online_gru,1,none,reset_ok,running,True,True,80,completed_horizon_without_backend_terminal,True,True,True,False,False,-0.5306786732945201,0.2958405439042726,0.2958405439042726,0.8717133179986241,0.620022301376927,1.6242004873250615,0.5342876918694759,0.35898331376440745,0.0,1.0,1.0,1.0,0.003444156314753279,0.8,2.5568796557590106,0.4502429777229,1.216817945963115,-2.0346450639912925,complete,True,"Route A source-only protected mitigation fresh failure-surface panel only; no repair execution, training, PPO, ranking, winner selection, promotion, success-rate verdict, validation, driver-performance, paper, finite-window-vs-GRU, current-sim, high-fidelity validation, or self-ID claim","repair success, driver performance, controller ranking, winner selection, checkpoint promotion, success-rate verdict, validation result, paper evidence, finite-window-vs-GRU conclusion, current-sim verdict, high-fidelity validation result, full ideal driver completion, or self-ID evidence",Route A protected mitigation fresh failure-surface panel,True,m2662_unavoidable_mitigation_seed_268203_fresh_protected_fault_delay_noise,3,hf0_four_wheel_unavoidable_mitigation_fixture,c021e697a4d8080a,straight_full_brake_open_loop,268203,,False,fresh_protected_fault_delay_noise,protected_fault_delay_noise,1,True,True,False,True,True,True,False,True
engineering_controller_behavior_outcome_v0,m2662-engineering-controller-route-a-protected-mitigation-fresh-failure-surface-panel-materialization-preflight,m2662-engineering-controller-route-a-protected-mitigation-fresh-failure-surface-panel-materialization-preflight,m2662_straight_full_brake_open_loop_unavoidable_mitigation_seed_268203_fresh_protected_fault_delay_noise,source_only_protected_mitigation_failure_surface_panel,source_only_four_wheel_hf0,unavoidable_mitigation,hf0_four_wheel_unavoidable_mitigation_fixture_fresh_seed_268203_m2662_fresh_protected_fault_delay_noise,268203,straight_full_brake_open_loop,,P0_human_view_72_action_3_no_oracle,72,3,,1,none,reset_ok,running,True,True,80,completed_horizon_without_backend_terminal,True,True,True,False,False,-0.8418305424942218,1.5689717707046449,1.5689717707046449,0.19305656289973255,0.13542446118576312,0.7376839417505175,1.0631416947915772e-06,9.226325393242883e-06,0.0,1.0,1.0,1.0,0.0,0.0,4.10833269931697,1.1872142275785579e-05,3.2514630099544073,0.0,complete,True,"Route A source-only protected mitigation fresh failure-surface panel only; no repair execution, training, PPO, ranking, winner selection, promotion, success-rate verdict, validation, driver-performance, paper, finite-window-vs-GRU, current-sim, high-fidelity validation, or self-ID claim","repair success, driver performance, controller ranking, winner selection, checkpoint promotion, success-rate verdict, validation result, paper evidence, finite-window-vs-GRU conclusion, current-sim verdict, high-fidelity validation result, full ideal driver completion, or self-ID evidence",Route A protected mitigation fresh failure-surface panel,True,m2662_unavoidable_mitigation_seed_268203_fresh_protected_fault_delay_noise,3,hf0_four_wheel_unavoidable_mitigation_fixture,c021e697a4d8080a,straight_full_brake_open_loop,268203,,False,fresh_protected_fault_delay_noise,protected_fault_delay_noise,1,True,True,False,True,True,True,False,True
engineering_controller_behavior_outcome_v0,m2662-engineering-controller-route-a-protected-mitigation-fresh-failure-surface-panel-materialization-preflight,m2662-engineering-controller-route-a-protected-mitigation-fresh-failure-surface-panel-materialization-preflight,m2662_coast_open_loop_unavoidable_mitigation_seed_268203_fresh_protected_close_cut_in_fault,source_only_protected_mitigation_failure_surface_panel,source_only_four_wheel_hf0,unavoidable_mitigation,hf0_four_wheel_unavoidable_mitigation_fixture_fresh_seed_268203_m2662_fresh_protected_close_cut_in_fault,268203,coast_open_loop,,P0_human_view_72_action_3_no_oracle,72,3,,1,none,reset_ok,running,True,True,80,completed_horizon_without_backend_terminal,True,True,True,True,False,-0.6130742397202458,1.5228963962938749,1.5228963962938749,0.20046490410007833,0.1417874345887008,0.8662310118170675,3.4283969146277333e-06,2.6986229350887283e-05,0.02,1.0,1.0,1.0,0.0,0.0,7.912427789525948,2.714256544233865e-05,4.848960826700572,2.826160327187441,complete,True,"Route A source-only protected mitigation fresh failure-surface panel only; no repair execution, training, PPO, ranking, winner selection, promotion, success-rate verdict, validation, driver-performance, paper, finite-window-vs-GRU, current-sim, high-fidelity validation, or self-ID claim","repair success, driver performance, controller ranking, winner selection, checkpoint promotion, success-rate verdict, validation result, paper evidence, finite-window-vs-GRU conclusion, current-sim verdict, high-fidelity validation result, full ideal driver completion, or self-ID evidence",Route A protected mitigation fresh failure-surface panel,True,m2662_unavoidable_mitigation_seed_268203_fresh_protected_close_cut_in_fault,3,hf0_four_wheel_unavoidable_mitigation_fixture,cae7d7643fad2528,straight_full_brake_open_loop,268203,,False,fresh_protected_close_cut_in_fault,protected_close_cut_in_fault,2,True,True,False,True,True,True,False,True
engineering_controller_behavior_outcome_v0,m2662-engineering-controller-route-a-protected-mitigation-fresh-failure-surface-panel-materialization-preflight,m2662-engineering-controller-route-a-protected-mitigation-fresh-failure-surface-panel-materialization-preflight,m2662_m1154_original_policy_unavoidable_mitigation_seed_268203_fresh_protected_close_cut_in_fault,source_only_protected_mitigation_failure_surface_panel,source_only_four_wheel_hf0,unavoidable_mitigation,hf0_four_wheel_unavoidable_mitigation_fixture_fresh_seed_268203_m2662_fresh_protected_close_cut_in_fault,268203,m1154_original_policy,runs/m1154_row15_promoted_unsafe_margin_projection_probe/checkpoints/alpha_0_05.pt,P0_human_view_72_action_3_no_oracle,72,3,human_view_online_gru,1,none,reset_ok,running,True,True,80,completed_horizon_without_backend_terminal,True,True,True,False,True,-0.7667562672237707,-1.5927704653810943,-1.5927704653810943,0.9437882542618765,0.7813324784010123,3.4815084970313888,0.9437882542618765,0.7813324784010123,0.0,0.0,0.0,0.0,0.022019758867689327,1.0,6.184144225661167,0.7695662289582094,4.7286404646201525,2.7058399651070215,complete,True,"Route A source-only protected mitigation fresh failure-surface panel only; no repair execution, training, PPO, ranking, winner selection, promotion, success-rate verdict, validation, driver-performance, paper, finite-window-vs-GRU, current-sim, high-fidelity validation, or self-ID claim","repair success, driver performance, controller ranking, winner selection, checkpoint promotion, success-rate verdict, validation result, paper evidence, finite-window-vs-GRU conclusion, current-sim verdict, high-fidelity validation result, full ideal driver completion, or self-ID evidence",Route A protected mitigation fresh failure-surface panel,True,m2662_unavoidable_mitigation_seed_268203_fresh_protected_close_cut_in_fault,3,hf0_four_wheel_unavoidable_mitigation_fixture,cae7d7643fad2528,straight_full_brake_open_loop,268203,,False,fresh_protected_close_cut_in_fault,protected_close_cut_in_fault,2,True,True,False,True,True,True,False,True
engineering_controller_behavior_outcome_v0,m2662-engineering-controller-route-a-protected-mitigation-fresh-failure-surface-panel-materialization-preflight,m2662-engineering-controller-route-a-protected-mitigation-fresh-failure-surface-panel-materialization-preflight,m2662_m2532_guarded_repair_policy_unavoidable_mitigation_seed_268203_fresh_protected_close_cut_in_fault,source_only_protected_mitigation_failure_surface_panel,source_only_four_wheel_hf0,unavoidable_mitigation,hf0_four_wheel_unavoidable_mitigation_fixture_fresh_seed_268203_m2662_fresh_protected_close_cut_in_fault,268203,m2532_guarded_repair_policy,runs/m2532_engineering_controller_failure_surface_guarded_repair_execution/checkpoints/m2532_guarded_actor_head_repair.pt,P0_human_view_72_action_3_no_oracle,72,3,human_view_online_gru,1,none,reset_ok,running,True,True,80,completed_horizon_without_backend_terminal,True,True,True,False,False,-1.798727101623009,1.4610718664833011,1.4610718664833011,0.5535293738660508,0.3905061125128952,0.4883252615624137,0.23052450404539523,0.1576653099196207,0.0,1.0,1.0,1.0,0.004008065296124809,0.0,2.252206320111971,0.3621716017326274,2.283063788102272,0.26026328858914116,complete,True,"Route A source-only protected mitigation fresh failure-surface panel only; no repair execution, training, PPO, ranking, winner selection, promotion, success-rate verdict, validation, driver-performance, paper, finite-window-vs-GRU, current-sim, high-fidelity validation, or self-ID claim","repair success, driver performance, controller ranking, winner selection, checkpoint promotion, success-rate verdict, validation result, paper evidence, finite-window-vs-GRU conclusion, current-sim verdict, high-fidelity validation result, full ideal driver completion, or self-ID evidence",Route A protected mitigation fresh failure-surface panel,True,m2662_unavoidable_mitigation_seed_268203_fresh_protected_close_cut_in_fault,3,hf0_four_wheel_unavoidable_mitigation_fixture,cae7d7643fad2528,straight_full_brake_open_loop,268203,,False,fresh_protected_close_cut_in_fault,protected_close_cut_in_fault,2,True,True,False,True,True,True,False,True
engineering_controller_behavior_outcome_v0,m2662-engineering-controller-route-a-protected-mitigation-fresh-failure-surface-panel-materialization-preflight,m2662-engineering-controller-route-a-protected-mitigation-fresh-failure-surface-panel-materialization-preflight,m2662_m2537_mitigation_preserving_policy_unavoidable_mitigation_seed_268203_fresh_protected_close_cut_in_fault,source_only_protected_mitigation_failure_surface_panel,source_only_four_wheel_hf0,unavoidable_mitigation,hf0_four_wheel_unavoidable_mitigation_fixture_fresh_seed_268203_m2662_fresh_protected_close_cut_in_fault,268203,m2537_mitigation_preserving_policy,runs/m2537_engineering_controller_failure_surface_mitigation_preserving_repair_execution/checkpoints/m2537_mitigation_preserving_actor_head_repair.pt,P0_human_view_72_action_3_no_oracle,72,3,human_view_online_gru,1,none,reset_ok,running,True,True,80,completed_horizon_without_backend_terminal,True,True,True,False,False,-1.798728108085264,1.4610708510613324,1.4610708510613324,0.5535297269158167,0.39050634489667635,0.4883252547688733,0.2305245872817268,0.15766531571050899,0.0,1.0,1.0,1.0,0.004008078122440773,0.375,2.2522073322178007,0.3621717454307186,2.283066527909322,0.26026602839619084,complete,True,"Route A source-only protected mitigation fresh failure-surface panel only; no repair execution, training, PPO, ranking, winner selection, promotion, success-rate verdict, validation, driver-performance, paper, finite-window-vs-GRU, current-sim, high-fidelity validation, or self-ID claim","repair success, driver performance, controller ranking, winner selection, checkpoint promotion, success-rate verdict, validation result, paper evidence, finite-window-vs-GRU conclusion, current-sim verdict, high-fidelity validation result, full ideal driver completion, or self-ID evidence",Route A protected mitigation fresh failure-surface panel,True,m2662_unavoidable_mitigation_seed_268203_fresh_protected_close_cut_in_fault,3,hf0_four_wheel_unavoidable_mitigation_fixture,cae7d7643fad2528,straight_full_brake_open_loop,268203,,False,fresh_protected_close_cut_in_fault,protected_close_cut_in_fault,2,True,True,False,True,True,True,False,True
engineering_controller_behavior_outcome_v0,m2662-engineering-controller-route-a-protected-mitigation-fresh-failure-surface-panel-materialization-preflight,m2662-engineering-controller-route-a-protected-mitigation-fresh-failure-surface-panel-materialization-preflight,m2662_straight_full_brake_open_loop_unavoidable_mitigation_seed_268203_fresh_protected_close_cut_in_fault,source_only_protected_mitigation_failure_surface_panel,source_only_four_wheel_hf0,unavoidable_mitigation,hf0_four_wheel_unavoidable_mitigation_fixture_fresh_seed_268203_m2662_fresh_protected_close_cut_in_fault,268203,straight_full_brake_open_loop,,P0_human_view_72_action_3_no_oracle,72,3,,1,none,reset_ok,running,True,True,80,completed_horizon_without_backend_terminal,True,True,True,False,False,-0.6490089721282941,1.5762828365281645,1.5762828365281645,0.20111652141621322,0.14231272101756443,0.7136872635227937,8.781505095819303e-07,6.261027166524981e-06,0.02,1.0,1.0,1.0,0.0,0.0,3.4358019266675197,1.2169062008759147e-05,2.022800499513131,0.0,complete,True,"Route A source-only protected mitigation fresh failure-surface panel only; no repair execution, training, PPO, ranking, winner selection, promotion, success-rate verdict, validation, driver-performance, paper, finite-window-vs-GRU, current-sim, high-fidelity validation, or self-ID claim","repair success, driver performance, controller ranking, winner selection, checkpoint promotion, success-rate verdict, validation result, paper evidence, finite-window-vs-GRU conclusion, current-sim verdict, high-fidelity validation result, full ideal driver completion, or self-ID evidence",Route A protected mitigation fresh failure-surface panel,True,m2662_unavoidable_mitigation_seed_268203_fresh_protected_close_cut_in_fault,3,hf0_four_wheel_unavoidable_mitigation_fixture,cae7d7643fad2528,straight_full_brake_open_loop,268203,,False,fresh_protected_close_cut_in_fault,protected_close_cut_in_fault,2,True,True,False,True,True,True,False,True
