subset_row_id,candidate_id,task_source_id,workload_id,profile_name,task_family,source_edge,role_semantics_proxy,window_tag,strata,existing_outcome_bucket,existing_termination_reason,existing_profile_env_history_length,future_execution_reason,proposed_execution_stage,diagnostic_only_no_verdict,not_selected_from_success_only,actor_input_contract_changed,role_semantics_actor_visible,hidden_oracle_actor_input_required,claim_boundary
m2682-subset-0001,m2682-candidate-001,m1680-spec-0000,m1680-spec-0000::L0_current_masked,L0_current_masked,T4,actuator_delay_step|capability_step_up,hidden_dynamics_or_actuator_response,reveal_plus_4,all_72_specs;explicit_window_subset;task_family_T4,off_track_noncollision_noncompletion,off_track,1,"candidate admits whole spec/profile cells for post-audit measured execution, not current-row interpretation",post_audit_measured_subset_candidate,True,True,False,False,False,"Route B task-quality and role-semantics repair materialization only; existing M2677 and M2680 rows may be reaggregated into diagnostic blocker, candidate, excluded, and proposed future measured-subset panels, but no reset, step, rollout, replay, validation, training, PPO, private holdout, profile-specific tuning, controller-family ranking, winner selection, promotion, success-rate verdict, driver-performance, paper, finite-window-vs-GRU, current-response sufficiency, current-sim, high-fidelity validation, full ideal driver, or self-ID claim is made"
m2682-subset-0002,m2682-candidate-001,m1680-spec-0000,m1680-spec-0000::L1_one_step,L1_one_step,T4,actuator_delay_step|capability_step_up,hidden_dynamics_or_actuator_response,reveal_plus_4,all_72_specs;explicit_window_subset;task_family_T4,off_track_noncollision_noncompletion,off_track,1,"candidate admits whole spec/profile cells for post-audit measured execution, not current-row interpretation",post_audit_measured_subset_candidate,True,True,False,False,False,"Route B task-quality and role-semantics repair materialization only; existing M2677 and M2680 rows may be reaggregated into diagnostic blocker, candidate, excluded, and proposed future measured-subset panels, but no reset, step, rollout, replay, validation, training, PPO, private holdout, profile-specific tuning, controller-family ranking, winner selection, promotion, success-rate verdict, driver-performance, paper, finite-window-vs-GRU, current-response sufficiency, current-sim, high-fidelity validation, full ideal driver, or self-ID claim is made"
m2682-subset-0003,m2682-candidate-001,m1680-spec-0000,m1680-spec-0000::L2_window_100,L2_window_100,T4,actuator_delay_step|capability_step_up,hidden_dynamics_or_actuator_response,reveal_plus_4,all_72_specs;explicit_window_subset;task_family_T4,off_track_noncollision_noncompletion,off_track,100,"candidate admits whole spec/profile cells for post-audit measured execution, not current-row interpretation",post_audit_measured_subset_candidate,True,True,False,False,False,"Route B task-quality and role-semantics repair materialization only; existing M2677 and M2680 rows may be reaggregated into diagnostic blocker, candidate, excluded, and proposed future measured-subset panels, but no reset, step, rollout, replay, validation, training, PPO, private holdout, profile-specific tuning, controller-family ranking, winner selection, promotion, success-rate verdict, driver-performance, paper, finite-window-vs-GRU, current-response sufficiency, current-sim, high-fidelity validation, full ideal driver, or self-ID claim is made"
m2682-subset-0004,m2682-candidate-001,m1680-spec-0000,m1680-spec-0000::L2_window_100_current_tiled,L2_window_100_current_tiled,T4,actuator_delay_step|capability_step_up,hidden_dynamics_or_actuator_response,reveal_plus_4,all_72_specs;explicit_window_subset;task_family_T4,off_track_noncollision_noncompletion,off_track,100,"candidate admits whole spec/profile cells for post-audit measured execution, not current-row interpretation",post_audit_measured_subset_candidate,True,True,False,False,False,"Route B task-quality and role-semantics repair materialization only; existing M2677 and M2680 rows may be reaggregated into diagnostic blocker, candidate, excluded, and proposed future measured-subset panels, but no reset, step, rollout, replay, validation, training, PPO, private holdout, profile-specific tuning, controller-family ranking, winner selection, promotion, success-rate verdict, driver-performance, paper, finite-window-vs-GRU, current-response sufficiency, current-sim, high-fidelity validation, full ideal driver, or self-ID claim is made"
m2682-subset-0005,m2682-candidate-001,m1680-spec-0000,m1680-spec-0000::L2_window_13,L2_window_13,T4,actuator_delay_step|capability_step_up,hidden_dynamics_or_actuator_response,reveal_plus_4,all_72_specs;explicit_window_subset;task_family_T4,off_track_noncollision_noncompletion,off_track,13,"candidate admits whole spec/profile cells for post-audit measured execution, not current-row interpretation",post_audit_measured_subset_candidate,True,True,False,False,False,"Route B task-quality and role-semantics repair materialization only; existing M2677 and M2680 rows may be reaggregated into diagnostic blocker, candidate, excluded, and proposed future measured-subset panels, but no reset, step, rollout, replay, validation, training, PPO, private holdout, profile-specific tuning, controller-family ranking, winner selection, promotion, success-rate verdict, driver-performance, paper, finite-window-vs-GRU, current-response sufficiency, current-sim, high-fidelity validation, full ideal driver, or self-ID claim is made"
m2682-subset-0006,m2682-candidate-001,m1680-spec-0000,m1680-spec-0000::L2_window_13_current_tiled,L2_window_13_current_tiled,T4,actuator_delay_step|capability_step_up,hidden_dynamics_or_actuator_response,reveal_plus_4,all_72_specs;explicit_window_subset;task_family_T4,off_track_noncollision_noncompletion,off_track,13,"candidate admits whole spec/profile cells for post-audit measured execution, not current-row interpretation",post_audit_measured_subset_candidate,True,True,False,False,False,"Route B task-quality and role-semantics repair materialization only; existing M2677 and M2680 rows may be reaggregated into diagnostic blocker, candidate, excluded, and proposed future measured-subset panels, but no reset, step, rollout, replay, validation, training, PPO, private holdout, profile-specific tuning, controller-family ranking, winner selection, promotion, success-rate verdict, driver-performance, paper, finite-window-vs-GRU, current-response sufficiency, current-sim, high-fidelity validation, full ideal driver, or self-ID claim is made"
m2682-subset-0007,m2682-candidate-001,m1680-spec-0000,m1680-spec-0000::L2_window_25,L2_window_25,T4,actuator_delay_step|capability_step_up,hidden_dynamics_or_actuator_response,reveal_plus_4,all_72_specs;explicit_window_subset;task_family_T4,off_track_noncollision_noncompletion,off_track,25,"candidate admits whole spec/profile cells for post-audit measured execution, not current-row interpretation",post_audit_measured_subset_candidate,True,True,False,False,False,"Route B task-quality and role-semantics repair materialization only; existing M2677 and M2680 rows may be reaggregated into diagnostic blocker, candidate, excluded, and proposed future measured-subset panels, but no reset, step, rollout, replay, validation, training, PPO, private holdout, profile-specific tuning, controller-family ranking, winner selection, promotion, success-rate verdict, driver-performance, paper, finite-window-vs-GRU, current-response sufficiency, current-sim, high-fidelity validation, full ideal driver, or self-ID claim is made"
m2682-subset-0008,m2682-candidate-001,m1680-spec-0000,m1680-spec-0000::L2_window_25_current_tiled,L2_window_25_current_tiled,T4,actuator_delay_step|capability_step_up,hidden_dynamics_or_actuator_response,reveal_plus_4,all_72_specs;explicit_window_subset;task_family_T4,off_track_noncollision_noncompletion,off_track,25,"candidate admits whole spec/profile cells for post-audit measured execution, not current-row interpretation",post_audit_measured_subset_candidate,True,True,False,False,False,"Route B task-quality and role-semantics repair materialization only; existing M2677 and M2680 rows may be reaggregated into diagnostic blocker, candidate, excluded, and proposed future measured-subset panels, but no reset, step, rollout, replay, validation, training, PPO, private holdout, profile-specific tuning, controller-family ranking, winner selection, promotion, success-rate verdict, driver-performance, paper, finite-window-vs-GRU, current-response sufficiency, current-sim, high-fidelity validation, full ideal driver, or self-ID claim is made"
m2682-subset-0009,m2682-candidate-001,m1680-spec-0000,m1680-spec-0000::L2_window_50,L2_window_50,T4,actuator_delay_step|capability_step_up,hidden_dynamics_or_actuator_response,reveal_plus_4,all_72_specs;explicit_window_subset;task_family_T4,off_track_noncollision_noncompletion,off_track,50,"candidate admits whole spec/profile cells for post-audit measured execution, not current-row interpretation",post_audit_measured_subset_candidate,True,True,False,False,False,"Route B task-quality and role-semantics repair materialization only; existing M2677 and M2680 rows may be reaggregated into diagnostic blocker, candidate, excluded, and proposed future measured-subset panels, but no reset, step, rollout, replay, validation, training, PPO, private holdout, profile-specific tuning, controller-family ranking, winner selection, promotion, success-rate verdict, driver-performance, paper, finite-window-vs-GRU, current-response sufficiency, current-sim, high-fidelity validation, full ideal driver, or self-ID claim is made"
m2682-subset-0010,m2682-candidate-001,m1680-spec-0000,m1680-spec-0000::L2_window_50_current_tiled,L2_window_50_current_tiled,T4,actuator_delay_step|capability_step_up,hidden_dynamics_or_actuator_response,reveal_plus_4,all_72_specs;explicit_window_subset;task_family_T4,off_track_noncollision_noncompletion,off_track,50,"candidate admits whole spec/profile cells for post-audit measured execution, not current-row interpretation",post_audit_measured_subset_candidate,True,True,False,False,False,"Route B task-quality and role-semantics repair materialization only; existing M2677 and M2680 rows may be reaggregated into diagnostic blocker, candidate, excluded, and proposed future measured-subset panels, but no reset, step, rollout, replay, validation, training, PPO, private holdout, profile-specific tuning, controller-family ranking, winner selection, promotion, success-rate verdict, driver-performance, paper, finite-window-vs-GRU, current-response sufficiency, current-sim, high-fidelity validation, full ideal driver, or self-ID claim is made"
m2682-subset-0011,m2682-candidate-001,m1680-spec-0000,m1680-spec-0000::L3_online_gru,L3_online_gru,T4,actuator_delay_step|capability_step_up,hidden_dynamics_or_actuator_response,reveal_plus_4,all_72_specs;explicit_window_subset;task_family_T4,success_obstacle_pass,,1,"candidate admits whole spec/profile cells for post-audit measured execution, not current-row interpretation",post_audit_measured_subset_candidate,True,True,False,False,False,"Route B task-quality and role-semantics repair materialization only; existing M2677 and M2680 rows may be reaggregated into diagnostic blocker, candidate, excluded, and proposed future measured-subset panels, but no reset, step, rollout, replay, validation, training, PPO, private holdout, profile-specific tuning, controller-family ranking, winner selection, promotion, success-rate verdict, driver-performance, paper, finite-window-vs-GRU, current-response sufficiency, current-sim, high-fidelity validation, full ideal driver, or self-ID claim is made"
m2682-subset-0012,m2682-candidate-001,m1680-spec-0000,m1680-spec-0000::L3_reset_control_corrected,L3_reset_control_corrected,T4,actuator_delay_step|capability_step_up,hidden_dynamics_or_actuator_response,reveal_plus_4,all_72_specs;explicit_window_subset;task_family_T4,off_track_noncollision_noncompletion,off_track,1,"candidate admits whole spec/profile cells for post-audit measured execution, not current-row interpretation",post_audit_measured_subset_candidate,True,True,False,False,False,"Route B task-quality and role-semantics repair materialization only; existing M2677 and M2680 rows may be reaggregated into diagnostic blocker, candidate, excluded, and proposed future measured-subset panels, but no reset, step, rollout, replay, validation, training, PPO, private holdout, profile-specific tuning, controller-family ranking, winner selection, promotion, success-rate verdict, driver-performance, paper, finite-window-vs-GRU, current-response sufficiency, current-sim, high-fidelity validation, full ideal driver, or self-ID claim is made"
m2682-subset-0013,m2682-candidate-001,m1680-spec-0028,m1680-spec-0028::L0_current_masked,L0_current_masked,T4,actuator_delay_step|capability_step_up,hidden_dynamics_or_actuator_response,reveal_plus_4,all_72_specs;explicit_window_subset;task_family_T4,off_track_noncollision_noncompletion,off_track,1,"candidate admits whole spec/profile cells for post-audit measured execution, not current-row interpretation",post_audit_measured_subset_candidate,True,True,False,False,False,"Route B task-quality and role-semantics repair materialization only; existing M2677 and M2680 rows may be reaggregated into diagnostic blocker, candidate, excluded, and proposed future measured-subset panels, but no reset, step, rollout, replay, validation, training, PPO, private holdout, profile-specific tuning, controller-family ranking, winner selection, promotion, success-rate verdict, driver-performance, paper, finite-window-vs-GRU, current-response sufficiency, current-sim, high-fidelity validation, full ideal driver, or self-ID claim is made"
m2682-subset-0014,m2682-candidate-001,m1680-spec-0028,m1680-spec-0028::L1_one_step,L1_one_step,T4,actuator_delay_step|capability_step_up,hidden_dynamics_or_actuator_response,reveal_plus_4,all_72_specs;explicit_window_subset;task_family_T4,off_track_noncollision_noncompletion,off_track,1,"candidate admits whole spec/profile cells for post-audit measured execution, not current-row interpretation",post_audit_measured_subset_candidate,True,True,False,False,False,"Route B task-quality and role-semantics repair materialization only; existing M2677 and M2680 rows may be reaggregated into diagnostic blocker, candidate, excluded, and proposed future measured-subset panels, but no reset, step, rollout, replay, validation, training, PPO, private holdout, profile-specific tuning, controller-family ranking, winner selection, promotion, success-rate verdict, driver-performance, paper, finite-window-vs-GRU, current-response sufficiency, current-sim, high-fidelity validation, full ideal driver, or self-ID claim is made"
m2682-subset-0015,m2682-candidate-001,m1680-spec-0028,m1680-spec-0028::L2_window_100,L2_window_100,T4,actuator_delay_step|capability_step_up,hidden_dynamics_or_actuator_response,reveal_plus_4,all_72_specs;explicit_window_subset;task_family_T4,off_track_noncollision_noncompletion,off_track,100,"candidate admits whole spec/profile cells for post-audit measured execution, not current-row interpretation",post_audit_measured_subset_candidate,True,True,False,False,False,"Route B task-quality and role-semantics repair materialization only; existing M2677 and M2680 rows may be reaggregated into diagnostic blocker, candidate, excluded, and proposed future measured-subset panels, but no reset, step, rollout, replay, validation, training, PPO, private holdout, profile-specific tuning, controller-family ranking, winner selection, promotion, success-rate verdict, driver-performance, paper, finite-window-vs-GRU, current-response sufficiency, current-sim, high-fidelity validation, full ideal driver, or self-ID claim is made"
m2682-subset-0016,m2682-candidate-001,m1680-spec-0028,m1680-spec-0028::L2_window_100_current_tiled,L2_window_100_current_tiled,T4,actuator_delay_step|capability_step_up,hidden_dynamics_or_actuator_response,reveal_plus_4,all_72_specs;explicit_window_subset;task_family_T4,off_track_noncollision_noncompletion,off_track,100,"candidate admits whole spec/profile cells for post-audit measured execution, not current-row interpretation",post_audit_measured_subset_candidate,True,True,False,False,False,"Route B task-quality and role-semantics repair materialization only; existing M2677 and M2680 rows may be reaggregated into diagnostic blocker, candidate, excluded, and proposed future measured-subset panels, but no reset, step, rollout, replay, validation, training, PPO, private holdout, profile-specific tuning, controller-family ranking, winner selection, promotion, success-rate verdict, driver-performance, paper, finite-window-vs-GRU, current-response sufficiency, current-sim, high-fidelity validation, full ideal driver, or self-ID claim is made"
m2682-subset-0017,m2682-candidate-001,m1680-spec-0028,m1680-spec-0028::L2_window_13,L2_window_13,T4,actuator_delay_step|capability_step_up,hidden_dynamics_or_actuator_response,reveal_plus_4,all_72_specs;explicit_window_subset;task_family_T4,off_track_noncollision_noncompletion,off_track,13,"candidate admits whole spec/profile cells for post-audit measured execution, not current-row interpretation",post_audit_measured_subset_candidate,True,True,False,False,False,"Route B task-quality and role-semantics repair materialization only; existing M2677 and M2680 rows may be reaggregated into diagnostic blocker, candidate, excluded, and proposed future measured-subset panels, but no reset, step, rollout, replay, validation, training, PPO, private holdout, profile-specific tuning, controller-family ranking, winner selection, promotion, success-rate verdict, driver-performance, paper, finite-window-vs-GRU, current-response sufficiency, current-sim, high-fidelity validation, full ideal driver, or self-ID claim is made"
m2682-subset-0018,m2682-candidate-001,m1680-spec-0028,m1680-spec-0028::L2_window_13_current_tiled,L2_window_13_current_tiled,T4,actuator_delay_step|capability_step_up,hidden_dynamics_or_actuator_response,reveal_plus_4,all_72_specs;explicit_window_subset;task_family_T4,off_track_noncollision_noncompletion,off_track,13,"candidate admits whole spec/profile cells for post-audit measured execution, not current-row interpretation",post_audit_measured_subset_candidate,True,True,False,False,False,"Route B task-quality and role-semantics repair materialization only; existing M2677 and M2680 rows may be reaggregated into diagnostic blocker, candidate, excluded, and proposed future measured-subset panels, but no reset, step, rollout, replay, validation, training, PPO, private holdout, profile-specific tuning, controller-family ranking, winner selection, promotion, success-rate verdict, driver-performance, paper, finite-window-vs-GRU, current-response sufficiency, current-sim, high-fidelity validation, full ideal driver, or self-ID claim is made"
m2682-subset-0019,m2682-candidate-001,m1680-spec-0028,m1680-spec-0028::L2_window_25,L2_window_25,T4,actuator_delay_step|capability_step_up,hidden_dynamics_or_actuator_response,reveal_plus_4,all_72_specs;explicit_window_subset;task_family_T4,off_track_noncollision_noncompletion,off_track,25,"candidate admits whole spec/profile cells for post-audit measured execution, not current-row interpretation",post_audit_measured_subset_candidate,True,True,False,False,False,"Route B task-quality and role-semantics repair materialization only; existing M2677 and M2680 rows may be reaggregated into diagnostic blocker, candidate, excluded, and proposed future measured-subset panels, but no reset, step, rollout, replay, validation, training, PPO, private holdout, profile-specific tuning, controller-family ranking, winner selection, promotion, success-rate verdict, driver-performance, paper, finite-window-vs-GRU, current-response sufficiency, current-sim, high-fidelity validation, full ideal driver, or self-ID claim is made"
m2682-subset-0020,m2682-candidate-001,m1680-spec-0028,m1680-spec-0028::L2_window_25_current_tiled,L2_window_25_current_tiled,T4,actuator_delay_step|capability_step_up,hidden_dynamics_or_actuator_response,reveal_plus_4,all_72_specs;explicit_window_subset;task_family_T4,off_track_noncollision_noncompletion,off_track,25,"candidate admits whole spec/profile cells for post-audit measured execution, not current-row interpretation",post_audit_measured_subset_candidate,True,True,False,False,False,"Route B task-quality and role-semantics repair materialization only; existing M2677 and M2680 rows may be reaggregated into diagnostic blocker, candidate, excluded, and proposed future measured-subset panels, but no reset, step, rollout, replay, validation, training, PPO, private holdout, profile-specific tuning, controller-family ranking, winner selection, promotion, success-rate verdict, driver-performance, paper, finite-window-vs-GRU, current-response sufficiency, current-sim, high-fidelity validation, full ideal driver, or self-ID claim is made"
m2682-subset-0021,m2682-candidate-001,m1680-spec-0028,m1680-spec-0028::L2_window_50,L2_window_50,T4,actuator_delay_step|capability_step_up,hidden_dynamics_or_actuator_response,reveal_plus_4,all_72_specs;explicit_window_subset;task_family_T4,off_track_noncollision_noncompletion,off_track,50,"candidate admits whole spec/profile cells for post-audit measured execution, not current-row interpretation",post_audit_measured_subset_candidate,True,True,False,False,False,"Route B task-quality and role-semantics repair materialization only; existing M2677 and M2680 rows may be reaggregated into diagnostic blocker, candidate, excluded, and proposed future measured-subset panels, but no reset, step, rollout, replay, validation, training, PPO, private holdout, profile-specific tuning, controller-family ranking, winner selection, promotion, success-rate verdict, driver-performance, paper, finite-window-vs-GRU, current-response sufficiency, current-sim, high-fidelity validation, full ideal driver, or self-ID claim is made"
m2682-subset-0022,m2682-candidate-001,m1680-spec-0028,m1680-spec-0028::L2_window_50_current_tiled,L2_window_50_current_tiled,T4,actuator_delay_step|capability_step_up,hidden_dynamics_or_actuator_response,reveal_plus_4,all_72_specs;explicit_window_subset;task_family_T4,off_track_noncollision_noncompletion,off_track,50,"candidate admits whole spec/profile cells for post-audit measured execution, not current-row interpretation",post_audit_measured_subset_candidate,True,True,False,False,False,"Route B task-quality and role-semantics repair materialization only; existing M2677 and M2680 rows may be reaggregated into diagnostic blocker, candidate, excluded, and proposed future measured-subset panels, but no reset, step, rollout, replay, validation, training, PPO, private holdout, profile-specific tuning, controller-family ranking, winner selection, promotion, success-rate verdict, driver-performance, paper, finite-window-vs-GRU, current-response sufficiency, current-sim, high-fidelity validation, full ideal driver, or self-ID claim is made"
m2682-subset-0023,m2682-candidate-001,m1680-spec-0028,m1680-spec-0028::L3_online_gru,L3_online_gru,T4,actuator_delay_step|capability_step_up,hidden_dynamics_or_actuator_response,reveal_plus_4,all_72_specs;explicit_window_subset;task_family_T4,success_obstacle_pass,,1,"candidate admits whole spec/profile cells for post-audit measured execution, not current-row interpretation",post_audit_measured_subset_candidate,True,True,False,False,False,"Route B task-quality and role-semantics repair materialization only; existing M2677 and M2680 rows may be reaggregated into diagnostic blocker, candidate, excluded, and proposed future measured-subset panels, but no reset, step, rollout, replay, validation, training, PPO, private holdout, profile-specific tuning, controller-family ranking, winner selection, promotion, success-rate verdict, driver-performance, paper, finite-window-vs-GRU, current-response sufficiency, current-sim, high-fidelity validation, full ideal driver, or self-ID claim is made"
m2682-subset-0024,m2682-candidate-001,m1680-spec-0028,m1680-spec-0028::L3_reset_control_corrected,L3_reset_control_corrected,T4,actuator_delay_step|capability_step_up,hidden_dynamics_or_actuator_response,reveal_plus_4,all_72_specs;explicit_window_subset;task_family_T4,success_obstacle_pass,,1,"candidate admits whole spec/profile cells for post-audit measured execution, not current-row interpretation",post_audit_measured_subset_candidate,True,True,False,False,False,"Route B task-quality and role-semantics repair materialization only; existing M2677 and M2680 rows may be reaggregated into diagnostic blocker, candidate, excluded, and proposed future measured-subset panels, but no reset, step, rollout, replay, validation, training, PPO, private holdout, profile-specific tuning, controller-family ranking, winner selection, promotion, success-rate verdict, driver-performance, paper, finite-window-vs-GRU, current-response sufficiency, current-sim, high-fidelity validation, full ideal driver, or self-ID claim is made"
m2682-subset-0025,m2682-candidate-002,m1680-spec-0002,m1680-spec-0002::L0_current_masked,L0_current_masked,T4,capability_step_down|t4_actuator_delay_response,hidden_dynamics_or_actuator_response,mapping_window_unspecified,all_72_specs;mapping_window_unspecified;task_family_T4,off_track_noncollision_noncompletion,off_track,1,"candidate admits whole spec/profile cells for post-audit measured execution, not current-row interpretation",post_audit_measured_subset_candidate,True,True,False,False,False,"Route B task-quality and role-semantics repair materialization only; existing M2677 and M2680 rows may be reaggregated into diagnostic blocker, candidate, excluded, and proposed future measured-subset panels, but no reset, step, rollout, replay, validation, training, PPO, private holdout, profile-specific tuning, controller-family ranking, winner selection, promotion, success-rate verdict, driver-performance, paper, finite-window-vs-GRU, current-response sufficiency, current-sim, high-fidelity validation, full ideal driver, or self-ID claim is made"
m2682-subset-0026,m2682-candidate-002,m1680-spec-0002,m1680-spec-0002::L1_one_step,L1_one_step,T4,capability_step_down|t4_actuator_delay_response,hidden_dynamics_or_actuator_response,mapping_window_unspecified,all_72_specs;mapping_window_unspecified;task_family_T4,speed_too_low_noncollision_noncompletion,speed_too_low,1,"candidate admits whole spec/profile cells for post-audit measured execution, not current-row interpretation",post_audit_measured_subset_candidate,True,True,False,False,False,"Route B task-quality and role-semantics repair materialization only; existing M2677 and M2680 rows may be reaggregated into diagnostic blocker, candidate, excluded, and proposed future measured-subset panels, but no reset, step, rollout, replay, validation, training, PPO, private holdout, profile-specific tuning, controller-family ranking, winner selection, promotion, success-rate verdict, driver-performance, paper, finite-window-vs-GRU, current-response sufficiency, current-sim, high-fidelity validation, full ideal driver, or self-ID claim is made"
m2682-subset-0027,m2682-candidate-002,m1680-spec-0002,m1680-spec-0002::L2_window_100,L2_window_100,T4,capability_step_down|t4_actuator_delay_response,hidden_dynamics_or_actuator_response,mapping_window_unspecified,all_72_specs;mapping_window_unspecified;task_family_T4,off_track_noncollision_noncompletion,off_track,100,"candidate admits whole spec/profile cells for post-audit measured execution, not current-row interpretation",post_audit_measured_subset_candidate,True,True,False,False,False,"Route B task-quality and role-semantics repair materialization only; existing M2677 and M2680 rows may be reaggregated into diagnostic blocker, candidate, excluded, and proposed future measured-subset panels, but no reset, step, rollout, replay, validation, training, PPO, private holdout, profile-specific tuning, controller-family ranking, winner selection, promotion, success-rate verdict, driver-performance, paper, finite-window-vs-GRU, current-response sufficiency, current-sim, high-fidelity validation, full ideal driver, or self-ID claim is made"
m2682-subset-0028,m2682-candidate-002,m1680-spec-0002,m1680-spec-0002::L2_window_100_current_tiled,L2_window_100_current_tiled,T4,capability_step_down|t4_actuator_delay_response,hidden_dynamics_or_actuator_response,mapping_window_unspecified,all_72_specs;mapping_window_unspecified;task_family_T4,off_track_noncollision_noncompletion,off_track,100,"candidate admits whole spec/profile cells for post-audit measured execution, not current-row interpretation",post_audit_measured_subset_candidate,True,True,False,False,False,"Route B task-quality and role-semantics repair materialization only; existing M2677 and M2680 rows may be reaggregated into diagnostic blocker, candidate, excluded, and proposed future measured-subset panels, but no reset, step, rollout, replay, validation, training, PPO, private holdout, profile-specific tuning, controller-family ranking, winner selection, promotion, success-rate verdict, driver-performance, paper, finite-window-vs-GRU, current-response sufficiency, current-sim, high-fidelity validation, full ideal driver, or self-ID claim is made"
m2682-subset-0029,m2682-candidate-002,m1680-spec-0002,m1680-spec-0002::L2_window_13,L2_window_13,T4,capability_step_down|t4_actuator_delay_response,hidden_dynamics_or_actuator_response,mapping_window_unspecified,all_72_specs;mapping_window_unspecified;task_family_T4,off_track_noncollision_noncompletion,off_track,13,"candidate admits whole spec/profile cells for post-audit measured execution, not current-row interpretation",post_audit_measured_subset_candidate,True,True,False,False,False,"Route B task-quality and role-semantics repair materialization only; existing M2677 and M2680 rows may be reaggregated into diagnostic blocker, candidate, excluded, and proposed future measured-subset panels, but no reset, step, rollout, replay, validation, training, PPO, private holdout, profile-specific tuning, controller-family ranking, winner selection, promotion, success-rate verdict, driver-performance, paper, finite-window-vs-GRU, current-response sufficiency, current-sim, high-fidelity validation, full ideal driver, or self-ID claim is made"
m2682-subset-0030,m2682-candidate-002,m1680-spec-0002,m1680-spec-0002::L2_window_13_current_tiled,L2_window_13_current_tiled,T4,capability_step_down|t4_actuator_delay_response,hidden_dynamics_or_actuator_response,mapping_window_unspecified,all_72_specs;mapping_window_unspecified;task_family_T4,off_track_noncollision_noncompletion,off_track,13,"candidate admits whole spec/profile cells for post-audit measured execution, not current-row interpretation",post_audit_measured_subset_candidate,True,True,False,False,False,"Route B task-quality and role-semantics repair materialization only; existing M2677 and M2680 rows may be reaggregated into diagnostic blocker, candidate, excluded, and proposed future measured-subset panels, but no reset, step, rollout, replay, validation, training, PPO, private holdout, profile-specific tuning, controller-family ranking, winner selection, promotion, success-rate verdict, driver-performance, paper, finite-window-vs-GRU, current-response sufficiency, current-sim, high-fidelity validation, full ideal driver, or self-ID claim is made"
m2682-subset-0031,m2682-candidate-002,m1680-spec-0002,m1680-spec-0002::L2_window_25,L2_window_25,T4,capability_step_down|t4_actuator_delay_response,hidden_dynamics_or_actuator_response,mapping_window_unspecified,all_72_specs;mapping_window_unspecified;task_family_T4,off_track_noncollision_noncompletion,off_track,25,"candidate admits whole spec/profile cells for post-audit measured execution, not current-row interpretation",post_audit_measured_subset_candidate,True,True,False,False,False,"Route B task-quality and role-semantics repair materialization only; existing M2677 and M2680 rows may be reaggregated into diagnostic blocker, candidate, excluded, and proposed future measured-subset panels, but no reset, step, rollout, replay, validation, training, PPO, private holdout, profile-specific tuning, controller-family ranking, winner selection, promotion, success-rate verdict, driver-performance, paper, finite-window-vs-GRU, current-response sufficiency, current-sim, high-fidelity validation, full ideal driver, or self-ID claim is made"
m2682-subset-0032,m2682-candidate-002,m1680-spec-0002,m1680-spec-0002::L2_window_25_current_tiled,L2_window_25_current_tiled,T4,capability_step_down|t4_actuator_delay_response,hidden_dynamics_or_actuator_response,mapping_window_unspecified,all_72_specs;mapping_window_unspecified;task_family_T4,off_track_noncollision_noncompletion,off_track,25,"candidate admits whole spec/profile cells for post-audit measured execution, not current-row interpretation",post_audit_measured_subset_candidate,True,True,False,False,False,"Route B task-quality and role-semantics repair materialization only; existing M2677 and M2680 rows may be reaggregated into diagnostic blocker, candidate, excluded, and proposed future measured-subset panels, but no reset, step, rollout, replay, validation, training, PPO, private holdout, profile-specific tuning, controller-family ranking, winner selection, promotion, success-rate verdict, driver-performance, paper, finite-window-vs-GRU, current-response sufficiency, current-sim, high-fidelity validation, full ideal driver, or self-ID claim is made"
m2682-subset-0033,m2682-candidate-002,m1680-spec-0002,m1680-spec-0002::L2_window_50,L2_window_50,T4,capability_step_down|t4_actuator_delay_response,hidden_dynamics_or_actuator_response,mapping_window_unspecified,all_72_specs;mapping_window_unspecified;task_family_T4,off_track_noncollision_noncompletion,off_track,50,"candidate admits whole spec/profile cells for post-audit measured execution, not current-row interpretation",post_audit_measured_subset_candidate,True,True,False,False,False,"Route B task-quality and role-semantics repair materialization only; existing M2677 and M2680 rows may be reaggregated into diagnostic blocker, candidate, excluded, and proposed future measured-subset panels, but no reset, step, rollout, replay, validation, training, PPO, private holdout, profile-specific tuning, controller-family ranking, winner selection, promotion, success-rate verdict, driver-performance, paper, finite-window-vs-GRU, current-response sufficiency, current-sim, high-fidelity validation, full ideal driver, or self-ID claim is made"
m2682-subset-0034,m2682-candidate-002,m1680-spec-0002,m1680-spec-0002::L2_window_50_current_tiled,L2_window_50_current_tiled,T4,capability_step_down|t4_actuator_delay_response,hidden_dynamics_or_actuator_response,mapping_window_unspecified,all_72_specs;mapping_window_unspecified;task_family_T4,off_track_noncollision_noncompletion,off_track,50,"candidate admits whole spec/profile cells for post-audit measured execution, not current-row interpretation",post_audit_measured_subset_candidate,True,True,False,False,False,"Route B task-quality and role-semantics repair materialization only; existing M2677 and M2680 rows may be reaggregated into diagnostic blocker, candidate, excluded, and proposed future measured-subset panels, but no reset, step, rollout, replay, validation, training, PPO, private holdout, profile-specific tuning, controller-family ranking, winner selection, promotion, success-rate verdict, driver-performance, paper, finite-window-vs-GRU, current-response sufficiency, current-sim, high-fidelity validation, full ideal driver, or self-ID claim is made"
m2682-subset-0035,m2682-candidate-002,m1680-spec-0002,m1680-spec-0002::L3_online_gru,L3_online_gru,T4,capability_step_down|t4_actuator_delay_response,hidden_dynamics_or_actuator_response,mapping_window_unspecified,all_72_specs;mapping_window_unspecified;task_family_T4,success_obstacle_pass,,1,"candidate admits whole spec/profile cells for post-audit measured execution, not current-row interpretation",post_audit_measured_subset_candidate,True,True,False,False,False,"Route B task-quality and role-semantics repair materialization only; existing M2677 and M2680 rows may be reaggregated into diagnostic blocker, candidate, excluded, and proposed future measured-subset panels, but no reset, step, rollout, replay, validation, training, PPO, private holdout, profile-specific tuning, controller-family ranking, winner selection, promotion, success-rate verdict, driver-performance, paper, finite-window-vs-GRU, current-response sufficiency, current-sim, high-fidelity validation, full ideal driver, or self-ID claim is made"
m2682-subset-0036,m2682-candidate-002,m1680-spec-0002,m1680-spec-0002::L3_reset_control_corrected,L3_reset_control_corrected,T4,capability_step_down|t4_actuator_delay_response,hidden_dynamics_or_actuator_response,mapping_window_unspecified,all_72_specs;mapping_window_unspecified;task_family_T4,off_track_noncollision_noncompletion,off_track,1,"candidate admits whole spec/profile cells for post-audit measured execution, not current-row interpretation",post_audit_measured_subset_candidate,True,True,False,False,False,"Route B task-quality and role-semantics repair materialization only; existing M2677 and M2680 rows may be reaggregated into diagnostic blocker, candidate, excluded, and proposed future measured-subset panels, but no reset, step, rollout, replay, validation, training, PPO, private holdout, profile-specific tuning, controller-family ranking, winner selection, promotion, success-rate verdict, driver-performance, paper, finite-window-vs-GRU, current-response sufficiency, current-sim, high-fidelity validation, full ideal driver, or self-ID claim is made"
m2682-subset-0037,m2682-candidate-002,m1680-spec-0016,m1680-spec-0016::L0_current_masked,L0_current_masked,T4,capability_step_down|t4_actuator_delay_response,hidden_dynamics_or_actuator_response,mapping_window_unspecified,all_72_specs;mapping_window_unspecified;task_family_T4,off_track_noncollision_noncompletion,off_track,1,"candidate admits whole spec/profile cells for post-audit measured execution, not current-row interpretation",post_audit_measured_subset_candidate,True,True,False,False,False,"Route B task-quality and role-semantics repair materialization only; existing M2677 and M2680 rows may be reaggregated into diagnostic blocker, candidate, excluded, and proposed future measured-subset panels, but no reset, step, rollout, replay, validation, training, PPO, private holdout, profile-specific tuning, controller-family ranking, winner selection, promotion, success-rate verdict, driver-performance, paper, finite-window-vs-GRU, current-response sufficiency, current-sim, high-fidelity validation, full ideal driver, or self-ID claim is made"
m2682-subset-0038,m2682-candidate-002,m1680-spec-0016,m1680-spec-0016::L1_one_step,L1_one_step,T4,capability_step_down|t4_actuator_delay_response,hidden_dynamics_or_actuator_response,mapping_window_unspecified,all_72_specs;mapping_window_unspecified;task_family_T4,off_track_noncollision_noncompletion,off_track,1,"candidate admits whole spec/profile cells for post-audit measured execution, not current-row interpretation",post_audit_measured_subset_candidate,True,True,False,False,False,"Route B task-quality and role-semantics repair materialization only; existing M2677 and M2680 rows may be reaggregated into diagnostic blocker, candidate, excluded, and proposed future measured-subset panels, but no reset, step, rollout, replay, validation, training, PPO, private holdout, profile-specific tuning, controller-family ranking, winner selection, promotion, success-rate verdict, driver-performance, paper, finite-window-vs-GRU, current-response sufficiency, current-sim, high-fidelity validation, full ideal driver, or self-ID claim is made"
m2682-subset-0039,m2682-candidate-002,m1680-spec-0016,m1680-spec-0016::L2_window_100,L2_window_100,T4,capability_step_down|t4_actuator_delay_response,hidden_dynamics_or_actuator_response,mapping_window_unspecified,all_72_specs;mapping_window_unspecified;task_family_T4,off_track_noncollision_noncompletion,off_track,100,"candidate admits whole spec/profile cells for post-audit measured execution, not current-row interpretation",post_audit_measured_subset_candidate,True,True,False,False,False,"Route B task-quality and role-semantics repair materialization only; existing M2677 and M2680 rows may be reaggregated into diagnostic blocker, candidate, excluded, and proposed future measured-subset panels, but no reset, step, rollout, replay, validation, training, PPO, private holdout, profile-specific tuning, controller-family ranking, winner selection, promotion, success-rate verdict, driver-performance, paper, finite-window-vs-GRU, current-response sufficiency, current-sim, high-fidelity validation, full ideal driver, or self-ID claim is made"
m2682-subset-0040,m2682-candidate-002,m1680-spec-0016,m1680-spec-0016::L2_window_100_current_tiled,L2_window_100_current_tiled,T4,capability_step_down|t4_actuator_delay_response,hidden_dynamics_or_actuator_response,mapping_window_unspecified,all_72_specs;mapping_window_unspecified;task_family_T4,off_track_noncollision_noncompletion,off_track,100,"candidate admits whole spec/profile cells for post-audit measured execution, not current-row interpretation",post_audit_measured_subset_candidate,True,True,False,False,False,"Route B task-quality and role-semantics repair materialization only; existing M2677 and M2680 rows may be reaggregated into diagnostic blocker, candidate, excluded, and proposed future measured-subset panels, but no reset, step, rollout, replay, validation, training, PPO, private holdout, profile-specific tuning, controller-family ranking, winner selection, promotion, success-rate verdict, driver-performance, paper, finite-window-vs-GRU, current-response sufficiency, current-sim, high-fidelity validation, full ideal driver, or self-ID claim is made"
m2682-subset-0041,m2682-candidate-002,m1680-spec-0016,m1680-spec-0016::L2_window_13,L2_window_13,T4,capability_step_down|t4_actuator_delay_response,hidden_dynamics_or_actuator_response,mapping_window_unspecified,all_72_specs;mapping_window_unspecified;task_family_T4,off_track_noncollision_noncompletion,off_track,13,"candidate admits whole spec/profile cells for post-audit measured execution, not current-row interpretation",post_audit_measured_subset_candidate,True,True,False,False,False,"Route B task-quality and role-semantics repair materialization only; existing M2677 and M2680 rows may be reaggregated into diagnostic blocker, candidate, excluded, and proposed future measured-subset panels, but no reset, step, rollout, replay, validation, training, PPO, private holdout, profile-specific tuning, controller-family ranking, winner selection, promotion, success-rate verdict, driver-performance, paper, finite-window-vs-GRU, current-response sufficiency, current-sim, high-fidelity validation, full ideal driver, or self-ID claim is made"
m2682-subset-0042,m2682-candidate-002,m1680-spec-0016,m1680-spec-0016::L2_window_13_current_tiled,L2_window_13_current_tiled,T4,capability_step_down|t4_actuator_delay_response,hidden_dynamics_or_actuator_response,mapping_window_unspecified,all_72_specs;mapping_window_unspecified;task_family_T4,off_track_noncollision_noncompletion,off_track,13,"candidate admits whole spec/profile cells for post-audit measured execution, not current-row interpretation",post_audit_measured_subset_candidate,True,True,False,False,False,"Route B task-quality and role-semantics repair materialization only; existing M2677 and M2680 rows may be reaggregated into diagnostic blocker, candidate, excluded, and proposed future measured-subset panels, but no reset, step, rollout, replay, validation, training, PPO, private holdout, profile-specific tuning, controller-family ranking, winner selection, promotion, success-rate verdict, driver-performance, paper, finite-window-vs-GRU, current-response sufficiency, current-sim, high-fidelity validation, full ideal driver, or self-ID claim is made"
m2682-subset-0043,m2682-candidate-002,m1680-spec-0016,m1680-spec-0016::L2_window_25,L2_window_25,T4,capability_step_down|t4_actuator_delay_response,hidden_dynamics_or_actuator_response,mapping_window_unspecified,all_72_specs;mapping_window_unspecified;task_family_T4,off_track_noncollision_noncompletion,off_track,25,"candidate admits whole spec/profile cells for post-audit measured execution, not current-row interpretation",post_audit_measured_subset_candidate,True,True,False,False,False,"Route B task-quality and role-semantics repair materialization only; existing M2677 and M2680 rows may be reaggregated into diagnostic blocker, candidate, excluded, and proposed future measured-subset panels, but no reset, step, rollout, replay, validation, training, PPO, private holdout, profile-specific tuning, controller-family ranking, winner selection, promotion, success-rate verdict, driver-performance, paper, finite-window-vs-GRU, current-response sufficiency, current-sim, high-fidelity validation, full ideal driver, or self-ID claim is made"
m2682-subset-0044,m2682-candidate-002,m1680-spec-0016,m1680-spec-0016::L2_window_25_current_tiled,L2_window_25_current_tiled,T4,capability_step_down|t4_actuator_delay_response,hidden_dynamics_or_actuator_response,mapping_window_unspecified,all_72_specs;mapping_window_unspecified;task_family_T4,off_track_noncollision_noncompletion,off_track,25,"candidate admits whole spec/profile cells for post-audit measured execution, not current-row interpretation",post_audit_measured_subset_candidate,True,True,False,False,False,"Route B task-quality and role-semantics repair materialization only; existing M2677 and M2680 rows may be reaggregated into diagnostic blocker, candidate, excluded, and proposed future measured-subset panels, but no reset, step, rollout, replay, validation, training, PPO, private holdout, profile-specific tuning, controller-family ranking, winner selection, promotion, success-rate verdict, driver-performance, paper, finite-window-vs-GRU, current-response sufficiency, current-sim, high-fidelity validation, full ideal driver, or self-ID claim is made"
m2682-subset-0045,m2682-candidate-002,m1680-spec-0016,m1680-spec-0016::L2_window_50,L2_window_50,T4,capability_step_down|t4_actuator_delay_response,hidden_dynamics_or_actuator_response,mapping_window_unspecified,all_72_specs;mapping_window_unspecified;task_family_T4,off_track_noncollision_noncompletion,off_track,50,"candidate admits whole spec/profile cells for post-audit measured execution, not current-row interpretation",post_audit_measured_subset_candidate,True,True,False,False,False,"Route B task-quality and role-semantics repair materialization only; existing M2677 and M2680 rows may be reaggregated into diagnostic blocker, candidate, excluded, and proposed future measured-subset panels, but no reset, step, rollout, replay, validation, training, PPO, private holdout, profile-specific tuning, controller-family ranking, winner selection, promotion, success-rate verdict, driver-performance, paper, finite-window-vs-GRU, current-response sufficiency, current-sim, high-fidelity validation, full ideal driver, or self-ID claim is made"
m2682-subset-0046,m2682-candidate-002,m1680-spec-0016,m1680-spec-0016::L2_window_50_current_tiled,L2_window_50_current_tiled,T4,capability_step_down|t4_actuator_delay_response,hidden_dynamics_or_actuator_response,mapping_window_unspecified,all_72_specs;mapping_window_unspecified;task_family_T4,off_track_noncollision_noncompletion,off_track,50,"candidate admits whole spec/profile cells for post-audit measured execution, not current-row interpretation",post_audit_measured_subset_candidate,True,True,False,False,False,"Route B task-quality and role-semantics repair materialization only; existing M2677 and M2680 rows may be reaggregated into diagnostic blocker, candidate, excluded, and proposed future measured-subset panels, but no reset, step, rollout, replay, validation, training, PPO, private holdout, profile-specific tuning, controller-family ranking, winner selection, promotion, success-rate verdict, driver-performance, paper, finite-window-vs-GRU, current-response sufficiency, current-sim, high-fidelity validation, full ideal driver, or self-ID claim is made"
m2682-subset-0047,m2682-candidate-002,m1680-spec-0016,m1680-spec-0016::L3_online_gru,L3_online_gru,T4,capability_step_down|t4_actuator_delay_response,hidden_dynamics_or_actuator_response,mapping_window_unspecified,all_72_specs;mapping_window_unspecified;task_family_T4,off_track_noncollision_noncompletion,off_track,1,"candidate admits whole spec/profile cells for post-audit measured execution, not current-row interpretation",post_audit_measured_subset_candidate,True,True,False,False,False,"Route B task-quality and role-semantics repair materialization only; existing M2677 and M2680 rows may be reaggregated into diagnostic blocker, candidate, excluded, and proposed future measured-subset panels, but no reset, step, rollout, replay, validation, training, PPO, private holdout, profile-specific tuning, controller-family ranking, winner selection, promotion, success-rate verdict, driver-performance, paper, finite-window-vs-GRU, current-response sufficiency, current-sim, high-fidelity validation, full ideal driver, or self-ID claim is made"
m2682-subset-0048,m2682-candidate-002,m1680-spec-0016,m1680-spec-0016::L3_reset_control_corrected,L3_reset_control_corrected,T4,capability_step_down|t4_actuator_delay_response,hidden_dynamics_or_actuator_response,mapping_window_unspecified,all_72_specs;mapping_window_unspecified;task_family_T4,success_obstacle_pass,,1,"candidate admits whole spec/profile cells for post-audit measured execution, not current-row interpretation",post_audit_measured_subset_candidate,True,True,False,False,False,"Route B task-quality and role-semantics repair materialization only; existing M2677 and M2680 rows may be reaggregated into diagnostic blocker, candidate, excluded, and proposed future measured-subset panels, but no reset, step, rollout, replay, validation, training, PPO, private holdout, profile-specific tuning, controller-family ranking, winner selection, promotion, success-rate verdict, driver-performance, paper, finite-window-vs-GRU, current-response sufficiency, current-sim, high-fidelity validation, full ideal driver, or self-ID claim is made"
m2682-subset-0049,m2682-candidate-003,m1680-spec-0011,m1680-spec-0011::L0_current_masked,L0_current_masked,T4,t4_actuator_delay_response|capability_step_up,hidden_dynamics_or_actuator_response,mapping_window_unspecified,all_72_specs;mapping_window_unspecified;task_family_T4,off_track_noncollision_noncompletion,off_track,1,"candidate admits whole spec/profile cells for post-audit measured execution, not current-row interpretation",post_audit_measured_subset_candidate,True,True,False,False,False,"Route B task-quality and role-semantics repair materialization only; existing M2677 and M2680 rows may be reaggregated into diagnostic blocker, candidate, excluded, and proposed future measured-subset panels, but no reset, step, rollout, replay, validation, training, PPO, private holdout, profile-specific tuning, controller-family ranking, winner selection, promotion, success-rate verdict, driver-performance, paper, finite-window-vs-GRU, current-response sufficiency, current-sim, high-fidelity validation, full ideal driver, or self-ID claim is made"
m2682-subset-0050,m2682-candidate-003,m1680-spec-0011,m1680-spec-0011::L1_one_step,L1_one_step,T4,t4_actuator_delay_response|capability_step_up,hidden_dynamics_or_actuator_response,mapping_window_unspecified,all_72_specs;mapping_window_unspecified;task_family_T4,off_track_noncollision_noncompletion,off_track,1,"candidate admits whole spec/profile cells for post-audit measured execution, not current-row interpretation",post_audit_measured_subset_candidate,True,True,False,False,False,"Route B task-quality and role-semantics repair materialization only; existing M2677 and M2680 rows may be reaggregated into diagnostic blocker, candidate, excluded, and proposed future measured-subset panels, but no reset, step, rollout, replay, validation, training, PPO, private holdout, profile-specific tuning, controller-family ranking, winner selection, promotion, success-rate verdict, driver-performance, paper, finite-window-vs-GRU, current-response sufficiency, current-sim, high-fidelity validation, full ideal driver, or self-ID claim is made"
m2682-subset-0051,m2682-candidate-003,m1680-spec-0011,m1680-spec-0011::L2_window_100,L2_window_100,T4,t4_actuator_delay_response|capability_step_up,hidden_dynamics_or_actuator_response,mapping_window_unspecified,all_72_specs;mapping_window_unspecified;task_family_T4,off_track_noncollision_noncompletion,off_track,100,"candidate admits whole spec/profile cells for post-audit measured execution, not current-row interpretation",post_audit_measured_subset_candidate,True,True,False,False,False,"Route B task-quality and role-semantics repair materialization only; existing M2677 and M2680 rows may be reaggregated into diagnostic blocker, candidate, excluded, and proposed future measured-subset panels, but no reset, step, rollout, replay, validation, training, PPO, private holdout, profile-specific tuning, controller-family ranking, winner selection, promotion, success-rate verdict, driver-performance, paper, finite-window-vs-GRU, current-response sufficiency, current-sim, high-fidelity validation, full ideal driver, or self-ID claim is made"
m2682-subset-0052,m2682-candidate-003,m1680-spec-0011,m1680-spec-0011::L2_window_100_current_tiled,L2_window_100_current_tiled,T4,t4_actuator_delay_response|capability_step_up,hidden_dynamics_or_actuator_response,mapping_window_unspecified,all_72_specs;mapping_window_unspecified;task_family_T4,off_track_noncollision_noncompletion,off_track,100,"candidate admits whole spec/profile cells for post-audit measured execution, not current-row interpretation",post_audit_measured_subset_candidate,True,True,False,False,False,"Route B task-quality and role-semantics repair materialization only; existing M2677 and M2680 rows may be reaggregated into diagnostic blocker, candidate, excluded, and proposed future measured-subset panels, but no reset, step, rollout, replay, validation, training, PPO, private holdout, profile-specific tuning, controller-family ranking, winner selection, promotion, success-rate verdict, driver-performance, paper, finite-window-vs-GRU, current-response sufficiency, current-sim, high-fidelity validation, full ideal driver, or self-ID claim is made"
m2682-subset-0053,m2682-candidate-003,m1680-spec-0011,m1680-spec-0011::L2_window_13,L2_window_13,T4,t4_actuator_delay_response|capability_step_up,hidden_dynamics_or_actuator_response,mapping_window_unspecified,all_72_specs;mapping_window_unspecified;task_family_T4,off_track_noncollision_noncompletion,off_track,13,"candidate admits whole spec/profile cells for post-audit measured execution, not current-row interpretation",post_audit_measured_subset_candidate,True,True,False,False,False,"Route B task-quality and role-semantics repair materialization only; existing M2677 and M2680 rows may be reaggregated into diagnostic blocker, candidate, excluded, and proposed future measured-subset panels, but no reset, step, rollout, replay, validation, training, PPO, private holdout, profile-specific tuning, controller-family ranking, winner selection, promotion, success-rate verdict, driver-performance, paper, finite-window-vs-GRU, current-response sufficiency, current-sim, high-fidelity validation, full ideal driver, or self-ID claim is made"
m2682-subset-0054,m2682-candidate-003,m1680-spec-0011,m1680-spec-0011::L2_window_13_current_tiled,L2_window_13_current_tiled,T4,t4_actuator_delay_response|capability_step_up,hidden_dynamics_or_actuator_response,mapping_window_unspecified,all_72_specs;mapping_window_unspecified;task_family_T4,off_track_noncollision_noncompletion,off_track,13,"candidate admits whole spec/profile cells for post-audit measured execution, not current-row interpretation",post_audit_measured_subset_candidate,True,True,False,False,False,"Route B task-quality and role-semantics repair materialization only; existing M2677 and M2680 rows may be reaggregated into diagnostic blocker, candidate, excluded, and proposed future measured-subset panels, but no reset, step, rollout, replay, validation, training, PPO, private holdout, profile-specific tuning, controller-family ranking, winner selection, promotion, success-rate verdict, driver-performance, paper, finite-window-vs-GRU, current-response sufficiency, current-sim, high-fidelity validation, full ideal driver, or self-ID claim is made"
m2682-subset-0055,m2682-candidate-003,m1680-spec-0011,m1680-spec-0011::L2_window_25,L2_window_25,T4,t4_actuator_delay_response|capability_step_up,hidden_dynamics_or_actuator_response,mapping_window_unspecified,all_72_specs;mapping_window_unspecified;task_family_T4,off_track_noncollision_noncompletion,off_track,25,"candidate admits whole spec/profile cells for post-audit measured execution, not current-row interpretation",post_audit_measured_subset_candidate,True,True,False,False,False,"Route B task-quality and role-semantics repair materialization only; existing M2677 and M2680 rows may be reaggregated into diagnostic blocker, candidate, excluded, and proposed future measured-subset panels, but no reset, step, rollout, replay, validation, training, PPO, private holdout, profile-specific tuning, controller-family ranking, winner selection, promotion, success-rate verdict, driver-performance, paper, finite-window-vs-GRU, current-response sufficiency, current-sim, high-fidelity validation, full ideal driver, or self-ID claim is made"
m2682-subset-0056,m2682-candidate-003,m1680-spec-0011,m1680-spec-0011::L2_window_25_current_tiled,L2_window_25_current_tiled,T4,t4_actuator_delay_response|capability_step_up,hidden_dynamics_or_actuator_response,mapping_window_unspecified,all_72_specs;mapping_window_unspecified;task_family_T4,off_track_noncollision_noncompletion,off_track,25,"candidate admits whole spec/profile cells for post-audit measured execution, not current-row interpretation",post_audit_measured_subset_candidate,True,True,False,False,False,"Route B task-quality and role-semantics repair materialization only; existing M2677 and M2680 rows may be reaggregated into diagnostic blocker, candidate, excluded, and proposed future measured-subset panels, but no reset, step, rollout, replay, validation, training, PPO, private holdout, profile-specific tuning, controller-family ranking, winner selection, promotion, success-rate verdict, driver-performance, paper, finite-window-vs-GRU, current-response sufficiency, current-sim, high-fidelity validation, full ideal driver, or self-ID claim is made"
m2682-subset-0057,m2682-candidate-003,m1680-spec-0011,m1680-spec-0011::L2_window_50,L2_window_50,T4,t4_actuator_delay_response|capability_step_up,hidden_dynamics_or_actuator_response,mapping_window_unspecified,all_72_specs;mapping_window_unspecified;task_family_T4,off_track_noncollision_noncompletion,off_track,50,"candidate admits whole spec/profile cells for post-audit measured execution, not current-row interpretation",post_audit_measured_subset_candidate,True,True,False,False,False,"Route B task-quality and role-semantics repair materialization only; existing M2677 and M2680 rows may be reaggregated into diagnostic blocker, candidate, excluded, and proposed future measured-subset panels, but no reset, step, rollout, replay, validation, training, PPO, private holdout, profile-specific tuning, controller-family ranking, winner selection, promotion, success-rate verdict, driver-performance, paper, finite-window-vs-GRU, current-response sufficiency, current-sim, high-fidelity validation, full ideal driver, or self-ID claim is made"
m2682-subset-0058,m2682-candidate-003,m1680-spec-0011,m1680-spec-0011::L2_window_50_current_tiled,L2_window_50_current_tiled,T4,t4_actuator_delay_response|capability_step_up,hidden_dynamics_or_actuator_response,mapping_window_unspecified,all_72_specs;mapping_window_unspecified;task_family_T4,off_track_noncollision_noncompletion,off_track,50,"candidate admits whole spec/profile cells for post-audit measured execution, not current-row interpretation",post_audit_measured_subset_candidate,True,True,False,False,False,"Route B task-quality and role-semantics repair materialization only; existing M2677 and M2680 rows may be reaggregated into diagnostic blocker, candidate, excluded, and proposed future measured-subset panels, but no reset, step, rollout, replay, validation, training, PPO, private holdout, profile-specific tuning, controller-family ranking, winner selection, promotion, success-rate verdict, driver-performance, paper, finite-window-vs-GRU, current-response sufficiency, current-sim, high-fidelity validation, full ideal driver, or self-ID claim is made"
m2682-subset-0059,m2682-candidate-003,m1680-spec-0011,m1680-spec-0011::L3_online_gru,L3_online_gru,T4,t4_actuator_delay_response|capability_step_up,hidden_dynamics_or_actuator_response,mapping_window_unspecified,all_72_specs;mapping_window_unspecified;task_family_T4,off_track_noncollision_noncompletion,off_track,1,"candidate admits whole spec/profile cells for post-audit measured execution, not current-row interpretation",post_audit_measured_subset_candidate,True,True,False,False,False,"Route B task-quality and role-semantics repair materialization only; existing M2677 and M2680 rows may be reaggregated into diagnostic blocker, candidate, excluded, and proposed future measured-subset panels, but no reset, step, rollout, replay, validation, training, PPO, private holdout, profile-specific tuning, controller-family ranking, winner selection, promotion, success-rate verdict, driver-performance, paper, finite-window-vs-GRU, current-response sufficiency, current-sim, high-fidelity validation, full ideal driver, or self-ID claim is made"
m2682-subset-0060,m2682-candidate-003,m1680-spec-0011,m1680-spec-0011::L3_reset_control_corrected,L3_reset_control_corrected,T4,t4_actuator_delay_response|capability_step_up,hidden_dynamics_or_actuator_response,mapping_window_unspecified,all_72_specs;mapping_window_unspecified;task_family_T4,success_obstacle_pass,,1,"candidate admits whole spec/profile cells for post-audit measured execution, not current-row interpretation",post_audit_measured_subset_candidate,True,True,False,False,False,"Route B task-quality and role-semantics repair materialization only; existing M2677 and M2680 rows may be reaggregated into diagnostic blocker, candidate, excluded, and proposed future measured-subset panels, but no reset, step, rollout, replay, validation, training, PPO, private holdout, profile-specific tuning, controller-family ranking, winner selection, promotion, success-rate verdict, driver-performance, paper, finite-window-vs-GRU, current-response sufficiency, current-sim, high-fidelity validation, full ideal driver, or self-ID claim is made"
m2682-subset-0061,m2682-candidate-003,m1680-spec-0018,m1680-spec-0018::L0_current_masked,L0_current_masked,T4,t4_actuator_delay_response|capability_step_up,hidden_dynamics_or_actuator_response,mapping_window_unspecified,all_72_specs;mapping_window_unspecified;task_family_T4,off_track_noncollision_noncompletion,off_track,1,"candidate admits whole spec/profile cells for post-audit measured execution, not current-row interpretation",post_audit_measured_subset_candidate,True,True,False,False,False,"Route B task-quality and role-semantics repair materialization only; existing M2677 and M2680 rows may be reaggregated into diagnostic blocker, candidate, excluded, and proposed future measured-subset panels, but no reset, step, rollout, replay, validation, training, PPO, private holdout, profile-specific tuning, controller-family ranking, winner selection, promotion, success-rate verdict, driver-performance, paper, finite-window-vs-GRU, current-response sufficiency, current-sim, high-fidelity validation, full ideal driver, or self-ID claim is made"
m2682-subset-0062,m2682-candidate-003,m1680-spec-0018,m1680-spec-0018::L1_one_step,L1_one_step,T4,t4_actuator_delay_response|capability_step_up,hidden_dynamics_or_actuator_response,mapping_window_unspecified,all_72_specs;mapping_window_unspecified;task_family_T4,collision_failure,obstacle_collision,1,"candidate admits whole spec/profile cells for post-audit measured execution, not current-row interpretation",post_audit_measured_subset_candidate,True,True,False,False,False,"Route B task-quality and role-semantics repair materialization only; existing M2677 and M2680 rows may be reaggregated into diagnostic blocker, candidate, excluded, and proposed future measured-subset panels, but no reset, step, rollout, replay, validation, training, PPO, private holdout, profile-specific tuning, controller-family ranking, winner selection, promotion, success-rate verdict, driver-performance, paper, finite-window-vs-GRU, current-response sufficiency, current-sim, high-fidelity validation, full ideal driver, or self-ID claim is made"
m2682-subset-0063,m2682-candidate-003,m1680-spec-0018,m1680-spec-0018::L2_window_100,L2_window_100,T4,t4_actuator_delay_response|capability_step_up,hidden_dynamics_or_actuator_response,mapping_window_unspecified,all_72_specs;mapping_window_unspecified;task_family_T4,off_track_noncollision_noncompletion,off_track,100,"candidate admits whole spec/profile cells for post-audit measured execution, not current-row interpretation",post_audit_measured_subset_candidate,True,True,False,False,False,"Route B task-quality and role-semantics repair materialization only; existing M2677 and M2680 rows may be reaggregated into diagnostic blocker, candidate, excluded, and proposed future measured-subset panels, but no reset, step, rollout, replay, validation, training, PPO, private holdout, profile-specific tuning, controller-family ranking, winner selection, promotion, success-rate verdict, driver-performance, paper, finite-window-vs-GRU, current-response sufficiency, current-sim, high-fidelity validation, full ideal driver, or self-ID claim is made"
m2682-subset-0064,m2682-candidate-003,m1680-spec-0018,m1680-spec-0018::L2_window_100_current_tiled,L2_window_100_current_tiled,T4,t4_actuator_delay_response|capability_step_up,hidden_dynamics_or_actuator_response,mapping_window_unspecified,all_72_specs;mapping_window_unspecified;task_family_T4,off_track_noncollision_noncompletion,off_track,100,"candidate admits whole spec/profile cells for post-audit measured execution, not current-row interpretation",post_audit_measured_subset_candidate,True,True,False,False,False,"Route B task-quality and role-semantics repair materialization only; existing M2677 and M2680 rows may be reaggregated into diagnostic blocker, candidate, excluded, and proposed future measured-subset panels, but no reset, step, rollout, replay, validation, training, PPO, private holdout, profile-specific tuning, controller-family ranking, winner selection, promotion, success-rate verdict, driver-performance, paper, finite-window-vs-GRU, current-response sufficiency, current-sim, high-fidelity validation, full ideal driver, or self-ID claim is made"
m2682-subset-0065,m2682-candidate-003,m1680-spec-0018,m1680-spec-0018::L2_window_13,L2_window_13,T4,t4_actuator_delay_response|capability_step_up,hidden_dynamics_or_actuator_response,mapping_window_unspecified,all_72_specs;mapping_window_unspecified;task_family_T4,off_track_noncollision_noncompletion,off_track,13,"candidate admits whole spec/profile cells for post-audit measured execution, not current-row interpretation",post_audit_measured_subset_candidate,True,True,False,False,False,"Route B task-quality and role-semantics repair materialization only; existing M2677 and M2680 rows may be reaggregated into diagnostic blocker, candidate, excluded, and proposed future measured-subset panels, but no reset, step, rollout, replay, validation, training, PPO, private holdout, profile-specific tuning, controller-family ranking, winner selection, promotion, success-rate verdict, driver-performance, paper, finite-window-vs-GRU, current-response sufficiency, current-sim, high-fidelity validation, full ideal driver, or self-ID claim is made"
m2682-subset-0066,m2682-candidate-003,m1680-spec-0018,m1680-spec-0018::L2_window_13_current_tiled,L2_window_13_current_tiled,T4,t4_actuator_delay_response|capability_step_up,hidden_dynamics_or_actuator_response,mapping_window_unspecified,all_72_specs;mapping_window_unspecified;task_family_T4,off_track_noncollision_noncompletion,off_track,13,"candidate admits whole spec/profile cells for post-audit measured execution, not current-row interpretation",post_audit_measured_subset_candidate,True,True,False,False,False,"Route B task-quality and role-semantics repair materialization only; existing M2677 and M2680 rows may be reaggregated into diagnostic blocker, candidate, excluded, and proposed future measured-subset panels, but no reset, step, rollout, replay, validation, training, PPO, private holdout, profile-specific tuning, controller-family ranking, winner selection, promotion, success-rate verdict, driver-performance, paper, finite-window-vs-GRU, current-response sufficiency, current-sim, high-fidelity validation, full ideal driver, or self-ID claim is made"
m2682-subset-0067,m2682-candidate-003,m1680-spec-0018,m1680-spec-0018::L2_window_25,L2_window_25,T4,t4_actuator_delay_response|capability_step_up,hidden_dynamics_or_actuator_response,mapping_window_unspecified,all_72_specs;mapping_window_unspecified;task_family_T4,off_track_noncollision_noncompletion,off_track,25,"candidate admits whole spec/profile cells for post-audit measured execution, not current-row interpretation",post_audit_measured_subset_candidate,True,True,False,False,False,"Route B task-quality and role-semantics repair materialization only; existing M2677 and M2680 rows may be reaggregated into diagnostic blocker, candidate, excluded, and proposed future measured-subset panels, but no reset, step, rollout, replay, validation, training, PPO, private holdout, profile-specific tuning, controller-family ranking, winner selection, promotion, success-rate verdict, driver-performance, paper, finite-window-vs-GRU, current-response sufficiency, current-sim, high-fidelity validation, full ideal driver, or self-ID claim is made"
m2682-subset-0068,m2682-candidate-003,m1680-spec-0018,m1680-spec-0018::L2_window_25_current_tiled,L2_window_25_current_tiled,T4,t4_actuator_delay_response|capability_step_up,hidden_dynamics_or_actuator_response,mapping_window_unspecified,all_72_specs;mapping_window_unspecified;task_family_T4,off_track_noncollision_noncompletion,off_track,25,"candidate admits whole spec/profile cells for post-audit measured execution, not current-row interpretation",post_audit_measured_subset_candidate,True,True,False,False,False,"Route B task-quality and role-semantics repair materialization only; existing M2677 and M2680 rows may be reaggregated into diagnostic blocker, candidate, excluded, and proposed future measured-subset panels, but no reset, step, rollout, replay, validation, training, PPO, private holdout, profile-specific tuning, controller-family ranking, winner selection, promotion, success-rate verdict, driver-performance, paper, finite-window-vs-GRU, current-response sufficiency, current-sim, high-fidelity validation, full ideal driver, or self-ID claim is made"
m2682-subset-0069,m2682-candidate-003,m1680-spec-0018,m1680-spec-0018::L2_window_50,L2_window_50,T4,t4_actuator_delay_response|capability_step_up,hidden_dynamics_or_actuator_response,mapping_window_unspecified,all_72_specs;mapping_window_unspecified;task_family_T4,off_track_noncollision_noncompletion,off_track,50,"candidate admits whole spec/profile cells for post-audit measured execution, not current-row interpretation",post_audit_measured_subset_candidate,True,True,False,False,False,"Route B task-quality and role-semantics repair materialization only; existing M2677 and M2680 rows may be reaggregated into diagnostic blocker, candidate, excluded, and proposed future measured-subset panels, but no reset, step, rollout, replay, validation, training, PPO, private holdout, profile-specific tuning, controller-family ranking, winner selection, promotion, success-rate verdict, driver-performance, paper, finite-window-vs-GRU, current-response sufficiency, current-sim, high-fidelity validation, full ideal driver, or self-ID claim is made"
m2682-subset-0070,m2682-candidate-003,m1680-spec-0018,m1680-spec-0018::L2_window_50_current_tiled,L2_window_50_current_tiled,T4,t4_actuator_delay_response|capability_step_up,hidden_dynamics_or_actuator_response,mapping_window_unspecified,all_72_specs;mapping_window_unspecified;task_family_T4,off_track_noncollision_noncompletion,off_track,50,"candidate admits whole spec/profile cells for post-audit measured execution, not current-row interpretation",post_audit_measured_subset_candidate,True,True,False,False,False,"Route B task-quality and role-semantics repair materialization only; existing M2677 and M2680 rows may be reaggregated into diagnostic blocker, candidate, excluded, and proposed future measured-subset panels, but no reset, step, rollout, replay, validation, training, PPO, private holdout, profile-specific tuning, controller-family ranking, winner selection, promotion, success-rate verdict, driver-performance, paper, finite-window-vs-GRU, current-response sufficiency, current-sim, high-fidelity validation, full ideal driver, or self-ID claim is made"
m2682-subset-0071,m2682-candidate-003,m1680-spec-0018,m1680-spec-0018::L3_online_gru,L3_online_gru,T4,t4_actuator_delay_response|capability_step_up,hidden_dynamics_or_actuator_response,mapping_window_unspecified,all_72_specs;mapping_window_unspecified;task_family_T4,off_track_noncollision_noncompletion,off_track,1,"candidate admits whole spec/profile cells for post-audit measured execution, not current-row interpretation",post_audit_measured_subset_candidate,True,True,False,False,False,"Route B task-quality and role-semantics repair materialization only; existing M2677 and M2680 rows may be reaggregated into diagnostic blocker, candidate, excluded, and proposed future measured-subset panels, but no reset, step, rollout, replay, validation, training, PPO, private holdout, profile-specific tuning, controller-family ranking, winner selection, promotion, success-rate verdict, driver-performance, paper, finite-window-vs-GRU, current-response sufficiency, current-sim, high-fidelity validation, full ideal driver, or self-ID claim is made"
m2682-subset-0072,m2682-candidate-003,m1680-spec-0018,m1680-spec-0018::L3_reset_control_corrected,L3_reset_control_corrected,T4,t4_actuator_delay_response|capability_step_up,hidden_dynamics_or_actuator_response,mapping_window_unspecified,all_72_specs;mapping_window_unspecified;task_family_T4,success_obstacle_pass,,1,"candidate admits whole spec/profile cells for post-audit measured execution, not current-row interpretation",post_audit_measured_subset_candidate,True,True,False,False,False,"Route B task-quality and role-semantics repair materialization only; existing M2677 and M2680 rows may be reaggregated into diagnostic blocker, candidate, excluded, and proposed future measured-subset panels, but no reset, step, rollout, replay, validation, training, PPO, private holdout, profile-specific tuning, controller-family ranking, winner selection, promotion, success-rate verdict, driver-performance, paper, finite-window-vs-GRU, current-response sufficiency, current-sim, high-fidelity validation, full ideal driver, or self-ID claim is made"
m2682-subset-0073,m2682-candidate-004,m1680-spec-0012,m1680-spec-0012::L0_current_masked,L0_current_masked,T4,t4_capability_step_temporal|capability_step_down,hidden_dynamics_or_actuator_response,mapping_window_unspecified,all_72_specs;mapping_window_unspecified;task_family_T4,off_track_noncollision_noncompletion,off_track,1,"candidate admits whole spec/profile cells for post-audit measured execution, not current-row interpretation",post_audit_measured_subset_candidate,True,True,False,False,False,"Route B task-quality and role-semantics repair materialization only; existing M2677 and M2680 rows may be reaggregated into diagnostic blocker, candidate, excluded, and proposed future measured-subset panels, but no reset, step, rollout, replay, validation, training, PPO, private holdout, profile-specific tuning, controller-family ranking, winner selection, promotion, success-rate verdict, driver-performance, paper, finite-window-vs-GRU, current-response sufficiency, current-sim, high-fidelity validation, full ideal driver, or self-ID claim is made"
m2682-subset-0074,m2682-candidate-004,m1680-spec-0012,m1680-spec-0012::L1_one_step,L1_one_step,T4,t4_capability_step_temporal|capability_step_down,hidden_dynamics_or_actuator_response,mapping_window_unspecified,all_72_specs;mapping_window_unspecified;task_family_T4,collision_failure,obstacle_collision,1,"candidate admits whole spec/profile cells for post-audit measured execution, not current-row interpretation",post_audit_measured_subset_candidate,True,True,False,False,False,"Route B task-quality and role-semantics repair materialization only; existing M2677 and M2680 rows may be reaggregated into diagnostic blocker, candidate, excluded, and proposed future measured-subset panels, but no reset, step, rollout, replay, validation, training, PPO, private holdout, profile-specific tuning, controller-family ranking, winner selection, promotion, success-rate verdict, driver-performance, paper, finite-window-vs-GRU, current-response sufficiency, current-sim, high-fidelity validation, full ideal driver, or self-ID claim is made"
m2682-subset-0075,m2682-candidate-004,m1680-spec-0012,m1680-spec-0012::L2_window_100,L2_window_100,T4,t4_capability_step_temporal|capability_step_down,hidden_dynamics_or_actuator_response,mapping_window_unspecified,all_72_specs;mapping_window_unspecified;task_family_T4,off_track_noncollision_noncompletion,off_track,100,"candidate admits whole spec/profile cells for post-audit measured execution, not current-row interpretation",post_audit_measured_subset_candidate,True,True,False,False,False,"Route B task-quality and role-semantics repair materialization only; existing M2677 and M2680 rows may be reaggregated into diagnostic blocker, candidate, excluded, and proposed future measured-subset panels, but no reset, step, rollout, replay, validation, training, PPO, private holdout, profile-specific tuning, controller-family ranking, winner selection, promotion, success-rate verdict, driver-performance, paper, finite-window-vs-GRU, current-response sufficiency, current-sim, high-fidelity validation, full ideal driver, or self-ID claim is made"
m2682-subset-0076,m2682-candidate-004,m1680-spec-0012,m1680-spec-0012::L2_window_100_current_tiled,L2_window_100_current_tiled,T4,t4_capability_step_temporal|capability_step_down,hidden_dynamics_or_actuator_response,mapping_window_unspecified,all_72_specs;mapping_window_unspecified;task_family_T4,off_track_noncollision_noncompletion,off_track,100,"candidate admits whole spec/profile cells for post-audit measured execution, not current-row interpretation",post_audit_measured_subset_candidate,True,True,False,False,False,"Route B task-quality and role-semantics repair materialization only; existing M2677 and M2680 rows may be reaggregated into diagnostic blocker, candidate, excluded, and proposed future measured-subset panels, but no reset, step, rollout, replay, validation, training, PPO, private holdout, profile-specific tuning, controller-family ranking, winner selection, promotion, success-rate verdict, driver-performance, paper, finite-window-vs-GRU, current-response sufficiency, current-sim, high-fidelity validation, full ideal driver, or self-ID claim is made"
m2682-subset-0077,m2682-candidate-004,m1680-spec-0012,m1680-spec-0012::L2_window_13,L2_window_13,T4,t4_capability_step_temporal|capability_step_down,hidden_dynamics_or_actuator_response,mapping_window_unspecified,all_72_specs;mapping_window_unspecified;task_family_T4,off_track_noncollision_noncompletion,off_track,13,"candidate admits whole spec/profile cells for post-audit measured execution, not current-row interpretation",post_audit_measured_subset_candidate,True,True,False,False,False,"Route B task-quality and role-semantics repair materialization only; existing M2677 and M2680 rows may be reaggregated into diagnostic blocker, candidate, excluded, and proposed future measured-subset panels, but no reset, step, rollout, replay, validation, training, PPO, private holdout, profile-specific tuning, controller-family ranking, winner selection, promotion, success-rate verdict, driver-performance, paper, finite-window-vs-GRU, current-response sufficiency, current-sim, high-fidelity validation, full ideal driver, or self-ID claim is made"
m2682-subset-0078,m2682-candidate-004,m1680-spec-0012,m1680-spec-0012::L2_window_13_current_tiled,L2_window_13_current_tiled,T4,t4_capability_step_temporal|capability_step_down,hidden_dynamics_or_actuator_response,mapping_window_unspecified,all_72_specs;mapping_window_unspecified;task_family_T4,off_track_noncollision_noncompletion,off_track,13,"candidate admits whole spec/profile cells for post-audit measured execution, not current-row interpretation",post_audit_measured_subset_candidate,True,True,False,False,False,"Route B task-quality and role-semantics repair materialization only; existing M2677 and M2680 rows may be reaggregated into diagnostic blocker, candidate, excluded, and proposed future measured-subset panels, but no reset, step, rollout, replay, validation, training, PPO, private holdout, profile-specific tuning, controller-family ranking, winner selection, promotion, success-rate verdict, driver-performance, paper, finite-window-vs-GRU, current-response sufficiency, current-sim, high-fidelity validation, full ideal driver, or self-ID claim is made"
m2682-subset-0079,m2682-candidate-004,m1680-spec-0012,m1680-spec-0012::L2_window_25,L2_window_25,T4,t4_capability_step_temporal|capability_step_down,hidden_dynamics_or_actuator_response,mapping_window_unspecified,all_72_specs;mapping_window_unspecified;task_family_T4,off_track_noncollision_noncompletion,off_track,25,"candidate admits whole spec/profile cells for post-audit measured execution, not current-row interpretation",post_audit_measured_subset_candidate,True,True,False,False,False,"Route B task-quality and role-semantics repair materialization only; existing M2677 and M2680 rows may be reaggregated into diagnostic blocker, candidate, excluded, and proposed future measured-subset panels, but no reset, step, rollout, replay, validation, training, PPO, private holdout, profile-specific tuning, controller-family ranking, winner selection, promotion, success-rate verdict, driver-performance, paper, finite-window-vs-GRU, current-response sufficiency, current-sim, high-fidelity validation, full ideal driver, or self-ID claim is made"
m2682-subset-0080,m2682-candidate-004,m1680-spec-0012,m1680-spec-0012::L2_window_25_current_tiled,L2_window_25_current_tiled,T4,t4_capability_step_temporal|capability_step_down,hidden_dynamics_or_actuator_response,mapping_window_unspecified,all_72_specs;mapping_window_unspecified;task_family_T4,off_track_noncollision_noncompletion,off_track,25,"candidate admits whole spec/profile cells for post-audit measured execution, not current-row interpretation",post_audit_measured_subset_candidate,True,True,False,False,False,"Route B task-quality and role-semantics repair materialization only; existing M2677 and M2680 rows may be reaggregated into diagnostic blocker, candidate, excluded, and proposed future measured-subset panels, but no reset, step, rollout, replay, validation, training, PPO, private holdout, profile-specific tuning, controller-family ranking, winner selection, promotion, success-rate verdict, driver-performance, paper, finite-window-vs-GRU, current-response sufficiency, current-sim, high-fidelity validation, full ideal driver, or self-ID claim is made"
m2682-subset-0081,m2682-candidate-004,m1680-spec-0012,m1680-spec-0012::L2_window_50,L2_window_50,T4,t4_capability_step_temporal|capability_step_down,hidden_dynamics_or_actuator_response,mapping_window_unspecified,all_72_specs;mapping_window_unspecified;task_family_T4,off_track_noncollision_noncompletion,off_track,50,"candidate admits whole spec/profile cells for post-audit measured execution, not current-row interpretation",post_audit_measured_subset_candidate,True,True,False,False,False,"Route B task-quality and role-semantics repair materialization only; existing M2677 and M2680 rows may be reaggregated into diagnostic blocker, candidate, excluded, and proposed future measured-subset panels, but no reset, step, rollout, replay, validation, training, PPO, private holdout, profile-specific tuning, controller-family ranking, winner selection, promotion, success-rate verdict, driver-performance, paper, finite-window-vs-GRU, current-response sufficiency, current-sim, high-fidelity validation, full ideal driver, or self-ID claim is made"
m2682-subset-0082,m2682-candidate-004,m1680-spec-0012,m1680-spec-0012::L2_window_50_current_tiled,L2_window_50_current_tiled,T4,t4_capability_step_temporal|capability_step_down,hidden_dynamics_or_actuator_response,mapping_window_unspecified,all_72_specs;mapping_window_unspecified;task_family_T4,off_track_noncollision_noncompletion,off_track,50,"candidate admits whole spec/profile cells for post-audit measured execution, not current-row interpretation",post_audit_measured_subset_candidate,True,True,False,False,False,"Route B task-quality and role-semantics repair materialization only; existing M2677 and M2680 rows may be reaggregated into diagnostic blocker, candidate, excluded, and proposed future measured-subset panels, but no reset, step, rollout, replay, validation, training, PPO, private holdout, profile-specific tuning, controller-family ranking, winner selection, promotion, success-rate verdict, driver-performance, paper, finite-window-vs-GRU, current-response sufficiency, current-sim, high-fidelity validation, full ideal driver, or self-ID claim is made"
m2682-subset-0083,m2682-candidate-004,m1680-spec-0012,m1680-spec-0012::L3_online_gru,L3_online_gru,T4,t4_capability_step_temporal|capability_step_down,hidden_dynamics_or_actuator_response,mapping_window_unspecified,all_72_specs;mapping_window_unspecified;task_family_T4,off_track_noncollision_noncompletion,off_track,1,"candidate admits whole spec/profile cells for post-audit measured execution, not current-row interpretation",post_audit_measured_subset_candidate,True,True,False,False,False,"Route B task-quality and role-semantics repair materialization only; existing M2677 and M2680 rows may be reaggregated into diagnostic blocker, candidate, excluded, and proposed future measured-subset panels, but no reset, step, rollout, replay, validation, training, PPO, private holdout, profile-specific tuning, controller-family ranking, winner selection, promotion, success-rate verdict, driver-performance, paper, finite-window-vs-GRU, current-response sufficiency, current-sim, high-fidelity validation, full ideal driver, or self-ID claim is made"
m2682-subset-0084,m2682-candidate-004,m1680-spec-0012,m1680-spec-0012::L3_reset_control_corrected,L3_reset_control_corrected,T4,t4_capability_step_temporal|capability_step_down,hidden_dynamics_or_actuator_response,mapping_window_unspecified,all_72_specs;mapping_window_unspecified;task_family_T4,off_track_noncollision_noncompletion,off_track,1,"candidate admits whole spec/profile cells for post-audit measured execution, not current-row interpretation",post_audit_measured_subset_candidate,True,True,False,False,False,"Route B task-quality and role-semantics repair materialization only; existing M2677 and M2680 rows may be reaggregated into diagnostic blocker, candidate, excluded, and proposed future measured-subset panels, but no reset, step, rollout, replay, validation, training, PPO, private holdout, profile-specific tuning, controller-family ranking, winner selection, promotion, success-rate verdict, driver-performance, paper, finite-window-vs-GRU, current-response sufficiency, current-sim, high-fidelity validation, full ideal driver, or self-ID claim is made"
m2682-subset-0085,m2682-candidate-004,m1680-spec-0026,m1680-spec-0026::L0_current_masked,L0_current_masked,T4,t4_capability_step_temporal|capability_step_down,hidden_dynamics_or_actuator_response,mapping_window_unspecified,all_72_specs;mapping_window_unspecified;task_family_T4,off_track_noncollision_noncompletion,off_track,1,"candidate admits whole spec/profile cells for post-audit measured execution, not current-row interpretation",post_audit_measured_subset_candidate,True,True,False,False,False,"Route B task-quality and role-semantics repair materialization only; existing M2677 and M2680 rows may be reaggregated into diagnostic blocker, candidate, excluded, and proposed future measured-subset panels, but no reset, step, rollout, replay, validation, training, PPO, private holdout, profile-specific tuning, controller-family ranking, winner selection, promotion, success-rate verdict, driver-performance, paper, finite-window-vs-GRU, current-response sufficiency, current-sim, high-fidelity validation, full ideal driver, or self-ID claim is made"
m2682-subset-0086,m2682-candidate-004,m1680-spec-0026,m1680-spec-0026::L1_one_step,L1_one_step,T4,t4_capability_step_temporal|capability_step_down,hidden_dynamics_or_actuator_response,mapping_window_unspecified,all_72_specs;mapping_window_unspecified;task_family_T4,off_track_noncollision_noncompletion,off_track,1,"candidate admits whole spec/profile cells for post-audit measured execution, not current-row interpretation",post_audit_measured_subset_candidate,True,True,False,False,False,"Route B task-quality and role-semantics repair materialization only; existing M2677 and M2680 rows may be reaggregated into diagnostic blocker, candidate, excluded, and proposed future measured-subset panels, but no reset, step, rollout, replay, validation, training, PPO, private holdout, profile-specific tuning, controller-family ranking, winner selection, promotion, success-rate verdict, driver-performance, paper, finite-window-vs-GRU, current-response sufficiency, current-sim, high-fidelity validation, full ideal driver, or self-ID claim is made"
m2682-subset-0087,m2682-candidate-004,m1680-spec-0026,m1680-spec-0026::L2_window_100,L2_window_100,T4,t4_capability_step_temporal|capability_step_down,hidden_dynamics_or_actuator_response,mapping_window_unspecified,all_72_specs;mapping_window_unspecified;task_family_T4,off_track_noncollision_noncompletion,off_track,100,"candidate admits whole spec/profile cells for post-audit measured execution, not current-row interpretation",post_audit_measured_subset_candidate,True,True,False,False,False,"Route B task-quality and role-semantics repair materialization only; existing M2677 and M2680 rows may be reaggregated into diagnostic blocker, candidate, excluded, and proposed future measured-subset panels, but no reset, step, rollout, replay, validation, training, PPO, private holdout, profile-specific tuning, controller-family ranking, winner selection, promotion, success-rate verdict, driver-performance, paper, finite-window-vs-GRU, current-response sufficiency, current-sim, high-fidelity validation, full ideal driver, or self-ID claim is made"
m2682-subset-0088,m2682-candidate-004,m1680-spec-0026,m1680-spec-0026::L2_window_100_current_tiled,L2_window_100_current_tiled,T4,t4_capability_step_temporal|capability_step_down,hidden_dynamics_or_actuator_response,mapping_window_unspecified,all_72_specs;mapping_window_unspecified;task_family_T4,off_track_noncollision_noncompletion,off_track,100,"candidate admits whole spec/profile cells for post-audit measured execution, not current-row interpretation",post_audit_measured_subset_candidate,True,True,False,False,False,"Route B task-quality and role-semantics repair materialization only; existing M2677 and M2680 rows may be reaggregated into diagnostic blocker, candidate, excluded, and proposed future measured-subset panels, but no reset, step, rollout, replay, validation, training, PPO, private holdout, profile-specific tuning, controller-family ranking, winner selection, promotion, success-rate verdict, driver-performance, paper, finite-window-vs-GRU, current-response sufficiency, current-sim, high-fidelity validation, full ideal driver, or self-ID claim is made"
m2682-subset-0089,m2682-candidate-004,m1680-spec-0026,m1680-spec-0026::L2_window_13,L2_window_13,T4,t4_capability_step_temporal|capability_step_down,hidden_dynamics_or_actuator_response,mapping_window_unspecified,all_72_specs;mapping_window_unspecified;task_family_T4,off_track_noncollision_noncompletion,off_track,13,"candidate admits whole spec/profile cells for post-audit measured execution, not current-row interpretation",post_audit_measured_subset_candidate,True,True,False,False,False,"Route B task-quality and role-semantics repair materialization only; existing M2677 and M2680 rows may be reaggregated into diagnostic blocker, candidate, excluded, and proposed future measured-subset panels, but no reset, step, rollout, replay, validation, training, PPO, private holdout, profile-specific tuning, controller-family ranking, winner selection, promotion, success-rate verdict, driver-performance, paper, finite-window-vs-GRU, current-response sufficiency, current-sim, high-fidelity validation, full ideal driver, or self-ID claim is made"
m2682-subset-0090,m2682-candidate-004,m1680-spec-0026,m1680-spec-0026::L2_window_13_current_tiled,L2_window_13_current_tiled,T4,t4_capability_step_temporal|capability_step_down,hidden_dynamics_or_actuator_response,mapping_window_unspecified,all_72_specs;mapping_window_unspecified;task_family_T4,off_track_noncollision_noncompletion,off_track,13,"candidate admits whole spec/profile cells for post-audit measured execution, not current-row interpretation",post_audit_measured_subset_candidate,True,True,False,False,False,"Route B task-quality and role-semantics repair materialization only; existing M2677 and M2680 rows may be reaggregated into diagnostic blocker, candidate, excluded, and proposed future measured-subset panels, but no reset, step, rollout, replay, validation, training, PPO, private holdout, profile-specific tuning, controller-family ranking, winner selection, promotion, success-rate verdict, driver-performance, paper, finite-window-vs-GRU, current-response sufficiency, current-sim, high-fidelity validation, full ideal driver, or self-ID claim is made"
m2682-subset-0091,m2682-candidate-004,m1680-spec-0026,m1680-spec-0026::L2_window_25,L2_window_25,T4,t4_capability_step_temporal|capability_step_down,hidden_dynamics_or_actuator_response,mapping_window_unspecified,all_72_specs;mapping_window_unspecified;task_family_T4,off_track_noncollision_noncompletion,off_track,25,"candidate admits whole spec/profile cells for post-audit measured execution, not current-row interpretation",post_audit_measured_subset_candidate,True,True,False,False,False,"Route B task-quality and role-semantics repair materialization only; existing M2677 and M2680 rows may be reaggregated into diagnostic blocker, candidate, excluded, and proposed future measured-subset panels, but no reset, step, rollout, replay, validation, training, PPO, private holdout, profile-specific tuning, controller-family ranking, winner selection, promotion, success-rate verdict, driver-performance, paper, finite-window-vs-GRU, current-response sufficiency, current-sim, high-fidelity validation, full ideal driver, or self-ID claim is made"
m2682-subset-0092,m2682-candidate-004,m1680-spec-0026,m1680-spec-0026::L2_window_25_current_tiled,L2_window_25_current_tiled,T4,t4_capability_step_temporal|capability_step_down,hidden_dynamics_or_actuator_response,mapping_window_unspecified,all_72_specs;mapping_window_unspecified;task_family_T4,off_track_noncollision_noncompletion,off_track,25,"candidate admits whole spec/profile cells for post-audit measured execution, not current-row interpretation",post_audit_measured_subset_candidate,True,True,False,False,False,"Route B task-quality and role-semantics repair materialization only; existing M2677 and M2680 rows may be reaggregated into diagnostic blocker, candidate, excluded, and proposed future measured-subset panels, but no reset, step, rollout, replay, validation, training, PPO, private holdout, profile-specific tuning, controller-family ranking, winner selection, promotion, success-rate verdict, driver-performance, paper, finite-window-vs-GRU, current-response sufficiency, current-sim, high-fidelity validation, full ideal driver, or self-ID claim is made"
m2682-subset-0093,m2682-candidate-004,m1680-spec-0026,m1680-spec-0026::L2_window_50,L2_window_50,T4,t4_capability_step_temporal|capability_step_down,hidden_dynamics_or_actuator_response,mapping_window_unspecified,all_72_specs;mapping_window_unspecified;task_family_T4,off_track_noncollision_noncompletion,off_track,50,"candidate admits whole spec/profile cells for post-audit measured execution, not current-row interpretation",post_audit_measured_subset_candidate,True,True,False,False,False,"Route B task-quality and role-semantics repair materialization only; existing M2677 and M2680 rows may be reaggregated into diagnostic blocker, candidate, excluded, and proposed future measured-subset panels, but no reset, step, rollout, replay, validation, training, PPO, private holdout, profile-specific tuning, controller-family ranking, winner selection, promotion, success-rate verdict, driver-performance, paper, finite-window-vs-GRU, current-response sufficiency, current-sim, high-fidelity validation, full ideal driver, or self-ID claim is made"
m2682-subset-0094,m2682-candidate-004,m1680-spec-0026,m1680-spec-0026::L2_window_50_current_tiled,L2_window_50_current_tiled,T4,t4_capability_step_temporal|capability_step_down,hidden_dynamics_or_actuator_response,mapping_window_unspecified,all_72_specs;mapping_window_unspecified;task_family_T4,off_track_noncollision_noncompletion,off_track,50,"candidate admits whole spec/profile cells for post-audit measured execution, not current-row interpretation",post_audit_measured_subset_candidate,True,True,False,False,False,"Route B task-quality and role-semantics repair materialization only; existing M2677 and M2680 rows may be reaggregated into diagnostic blocker, candidate, excluded, and proposed future measured-subset panels, but no reset, step, rollout, replay, validation, training, PPO, private holdout, profile-specific tuning, controller-family ranking, winner selection, promotion, success-rate verdict, driver-performance, paper, finite-window-vs-GRU, current-response sufficiency, current-sim, high-fidelity validation, full ideal driver, or self-ID claim is made"
m2682-subset-0095,m2682-candidate-004,m1680-spec-0026,m1680-spec-0026::L3_online_gru,L3_online_gru,T4,t4_capability_step_temporal|capability_step_down,hidden_dynamics_or_actuator_response,mapping_window_unspecified,all_72_specs;mapping_window_unspecified;task_family_T4,off_track_noncollision_noncompletion,off_track,1,"candidate admits whole spec/profile cells for post-audit measured execution, not current-row interpretation",post_audit_measured_subset_candidate,True,True,False,False,False,"Route B task-quality and role-semantics repair materialization only; existing M2677 and M2680 rows may be reaggregated into diagnostic blocker, candidate, excluded, and proposed future measured-subset panels, but no reset, step, rollout, replay, validation, training, PPO, private holdout, profile-specific tuning, controller-family ranking, winner selection, promotion, success-rate verdict, driver-performance, paper, finite-window-vs-GRU, current-response sufficiency, current-sim, high-fidelity validation, full ideal driver, or self-ID claim is made"
m2682-subset-0096,m2682-candidate-004,m1680-spec-0026,m1680-spec-0026::L3_reset_control_corrected,L3_reset_control_corrected,T4,t4_capability_step_temporal|capability_step_down,hidden_dynamics_or_actuator_response,mapping_window_unspecified,all_72_specs;mapping_window_unspecified;task_family_T4,success_obstacle_pass,,1,"candidate admits whole spec/profile cells for post-audit measured execution, not current-row interpretation",post_audit_measured_subset_candidate,True,True,False,False,False,"Route B task-quality and role-semantics repair materialization only; existing M2677 and M2680 rows may be reaggregated into diagnostic blocker, candidate, excluded, and proposed future measured-subset panels, but no reset, step, rollout, replay, validation, training, PPO, private holdout, profile-specific tuning, controller-family ranking, winner selection, promotion, success-rate verdict, driver-performance, paper, finite-window-vs-GRU, current-response sufficiency, current-sim, high-fidelity validation, full ideal driver, or self-ID claim is made"
m2682-subset-0097,m2682-candidate-005,m1680-spec-0013,m1680-spec-0013::L0_current_masked,L0_current_masked,T4,t4_staged_warmup_capability|capability_step_up,hidden_dynamics_or_actuator_response,mapping_window_unspecified,all_72_specs;mapping_window_unspecified;task_family_T4,off_track_noncollision_noncompletion,off_track,1,"candidate admits whole spec/profile cells for post-audit measured execution, not current-row interpretation",post_audit_measured_subset_candidate,True,True,False,False,False,"Route B task-quality and role-semantics repair materialization only; existing M2677 and M2680 rows may be reaggregated into diagnostic blocker, candidate, excluded, and proposed future measured-subset panels, but no reset, step, rollout, replay, validation, training, PPO, private holdout, profile-specific tuning, controller-family ranking, winner selection, promotion, success-rate verdict, driver-performance, paper, finite-window-vs-GRU, current-response sufficiency, current-sim, high-fidelity validation, full ideal driver, or self-ID claim is made"
m2682-subset-0098,m2682-candidate-005,m1680-spec-0013,m1680-spec-0013::L1_one_step,L1_one_step,T4,t4_staged_warmup_capability|capability_step_up,hidden_dynamics_or_actuator_response,mapping_window_unspecified,all_72_specs;mapping_window_unspecified;task_family_T4,off_track_noncollision_noncompletion,off_track,1,"candidate admits whole spec/profile cells for post-audit measured execution, not current-row interpretation",post_audit_measured_subset_candidate,True,True,False,False,False,"Route B task-quality and role-semantics repair materialization only; existing M2677 and M2680 rows may be reaggregated into diagnostic blocker, candidate, excluded, and proposed future measured-subset panels, but no reset, step, rollout, replay, validation, training, PPO, private holdout, profile-specific tuning, controller-family ranking, winner selection, promotion, success-rate verdict, driver-performance, paper, finite-window-vs-GRU, current-response sufficiency, current-sim, high-fidelity validation, full ideal driver, or self-ID claim is made"
m2682-subset-0099,m2682-candidate-005,m1680-spec-0013,m1680-spec-0013::L2_window_100,L2_window_100,T4,t4_staged_warmup_capability|capability_step_up,hidden_dynamics_or_actuator_response,mapping_window_unspecified,all_72_specs;mapping_window_unspecified;task_family_T4,off_track_noncollision_noncompletion,off_track,100,"candidate admits whole spec/profile cells for post-audit measured execution, not current-row interpretation",post_audit_measured_subset_candidate,True,True,False,False,False,"Route B task-quality and role-semantics repair materialization only; existing M2677 and M2680 rows may be reaggregated into diagnostic blocker, candidate, excluded, and proposed future measured-subset panels, but no reset, step, rollout, replay, validation, training, PPO, private holdout, profile-specific tuning, controller-family ranking, winner selection, promotion, success-rate verdict, driver-performance, paper, finite-window-vs-GRU, current-response sufficiency, current-sim, high-fidelity validation, full ideal driver, or self-ID claim is made"
m2682-subset-0100,m2682-candidate-005,m1680-spec-0013,m1680-spec-0013::L2_window_100_current_tiled,L2_window_100_current_tiled,T4,t4_staged_warmup_capability|capability_step_up,hidden_dynamics_or_actuator_response,mapping_window_unspecified,all_72_specs;mapping_window_unspecified;task_family_T4,off_track_noncollision_noncompletion,off_track,100,"candidate admits whole spec/profile cells for post-audit measured execution, not current-row interpretation",post_audit_measured_subset_candidate,True,True,False,False,False,"Route B task-quality and role-semantics repair materialization only; existing M2677 and M2680 rows may be reaggregated into diagnostic blocker, candidate, excluded, and proposed future measured-subset panels, but no reset, step, rollout, replay, validation, training, PPO, private holdout, profile-specific tuning, controller-family ranking, winner selection, promotion, success-rate verdict, driver-performance, paper, finite-window-vs-GRU, current-response sufficiency, current-sim, high-fidelity validation, full ideal driver, or self-ID claim is made"
m2682-subset-0101,m2682-candidate-005,m1680-spec-0013,m1680-spec-0013::L2_window_13,L2_window_13,T4,t4_staged_warmup_capability|capability_step_up,hidden_dynamics_or_actuator_response,mapping_window_unspecified,all_72_specs;mapping_window_unspecified;task_family_T4,off_track_noncollision_noncompletion,off_track,13,"candidate admits whole spec/profile cells for post-audit measured execution, not current-row interpretation",post_audit_measured_subset_candidate,True,True,False,False,False,"Route B task-quality and role-semantics repair materialization only; existing M2677 and M2680 rows may be reaggregated into diagnostic blocker, candidate, excluded, and proposed future measured-subset panels, but no reset, step, rollout, replay, validation, training, PPO, private holdout, profile-specific tuning, controller-family ranking, winner selection, promotion, success-rate verdict, driver-performance, paper, finite-window-vs-GRU, current-response sufficiency, current-sim, high-fidelity validation, full ideal driver, or self-ID claim is made"
m2682-subset-0102,m2682-candidate-005,m1680-spec-0013,m1680-spec-0013::L2_window_13_current_tiled,L2_window_13_current_tiled,T4,t4_staged_warmup_capability|capability_step_up,hidden_dynamics_or_actuator_response,mapping_window_unspecified,all_72_specs;mapping_window_unspecified;task_family_T4,off_track_noncollision_noncompletion,off_track,13,"candidate admits whole spec/profile cells for post-audit measured execution, not current-row interpretation",post_audit_measured_subset_candidate,True,True,False,False,False,"Route B task-quality and role-semantics repair materialization only; existing M2677 and M2680 rows may be reaggregated into diagnostic blocker, candidate, excluded, and proposed future measured-subset panels, but no reset, step, rollout, replay, validation, training, PPO, private holdout, profile-specific tuning, controller-family ranking, winner selection, promotion, success-rate verdict, driver-performance, paper, finite-window-vs-GRU, current-response sufficiency, current-sim, high-fidelity validation, full ideal driver, or self-ID claim is made"
m2682-subset-0103,m2682-candidate-005,m1680-spec-0013,m1680-spec-0013::L2_window_25,L2_window_25,T4,t4_staged_warmup_capability|capability_step_up,hidden_dynamics_or_actuator_response,mapping_window_unspecified,all_72_specs;mapping_window_unspecified;task_family_T4,off_track_noncollision_noncompletion,off_track,25,"candidate admits whole spec/profile cells for post-audit measured execution, not current-row interpretation",post_audit_measured_subset_candidate,True,True,False,False,False,"Route B task-quality and role-semantics repair materialization only; existing M2677 and M2680 rows may be reaggregated into diagnostic blocker, candidate, excluded, and proposed future measured-subset panels, but no reset, step, rollout, replay, validation, training, PPO, private holdout, profile-specific tuning, controller-family ranking, winner selection, promotion, success-rate verdict, driver-performance, paper, finite-window-vs-GRU, current-response sufficiency, current-sim, high-fidelity validation, full ideal driver, or self-ID claim is made"
m2682-subset-0104,m2682-candidate-005,m1680-spec-0013,m1680-spec-0013::L2_window_25_current_tiled,L2_window_25_current_tiled,T4,t4_staged_warmup_capability|capability_step_up,hidden_dynamics_or_actuator_response,mapping_window_unspecified,all_72_specs;mapping_window_unspecified;task_family_T4,off_track_noncollision_noncompletion,off_track,25,"candidate admits whole spec/profile cells for post-audit measured execution, not current-row interpretation",post_audit_measured_subset_candidate,True,True,False,False,False,"Route B task-quality and role-semantics repair materialization only; existing M2677 and M2680 rows may be reaggregated into diagnostic blocker, candidate, excluded, and proposed future measured-subset panels, but no reset, step, rollout, replay, validation, training, PPO, private holdout, profile-specific tuning, controller-family ranking, winner selection, promotion, success-rate verdict, driver-performance, paper, finite-window-vs-GRU, current-response sufficiency, current-sim, high-fidelity validation, full ideal driver, or self-ID claim is made"
m2682-subset-0105,m2682-candidate-005,m1680-spec-0013,m1680-spec-0013::L2_window_50,L2_window_50,T4,t4_staged_warmup_capability|capability_step_up,hidden_dynamics_or_actuator_response,mapping_window_unspecified,all_72_specs;mapping_window_unspecified;task_family_T4,off_track_noncollision_noncompletion,off_track,50,"candidate admits whole spec/profile cells for post-audit measured execution, not current-row interpretation",post_audit_measured_subset_candidate,True,True,False,False,False,"Route B task-quality and role-semantics repair materialization only; existing M2677 and M2680 rows may be reaggregated into diagnostic blocker, candidate, excluded, and proposed future measured-subset panels, but no reset, step, rollout, replay, validation, training, PPO, private holdout, profile-specific tuning, controller-family ranking, winner selection, promotion, success-rate verdict, driver-performance, paper, finite-window-vs-GRU, current-response sufficiency, current-sim, high-fidelity validation, full ideal driver, or self-ID claim is made"
m2682-subset-0106,m2682-candidate-005,m1680-spec-0013,m1680-spec-0013::L2_window_50_current_tiled,L2_window_50_current_tiled,T4,t4_staged_warmup_capability|capability_step_up,hidden_dynamics_or_actuator_response,mapping_window_unspecified,all_72_specs;mapping_window_unspecified;task_family_T4,off_track_noncollision_noncompletion,off_track,50,"candidate admits whole spec/profile cells for post-audit measured execution, not current-row interpretation",post_audit_measured_subset_candidate,True,True,False,False,False,"Route B task-quality and role-semantics repair materialization only; existing M2677 and M2680 rows may be reaggregated into diagnostic blocker, candidate, excluded, and proposed future measured-subset panels, but no reset, step, rollout, replay, validation, training, PPO, private holdout, profile-specific tuning, controller-family ranking, winner selection, promotion, success-rate verdict, driver-performance, paper, finite-window-vs-GRU, current-response sufficiency, current-sim, high-fidelity validation, full ideal driver, or self-ID claim is made"
m2682-subset-0107,m2682-candidate-005,m1680-spec-0013,m1680-spec-0013::L3_online_gru,L3_online_gru,T4,t4_staged_warmup_capability|capability_step_up,hidden_dynamics_or_actuator_response,mapping_window_unspecified,all_72_specs;mapping_window_unspecified;task_family_T4,off_track_noncollision_noncompletion,off_track,1,"candidate admits whole spec/profile cells for post-audit measured execution, not current-row interpretation",post_audit_measured_subset_candidate,True,True,False,False,False,"Route B task-quality and role-semantics repair materialization only; existing M2677 and M2680 rows may be reaggregated into diagnostic blocker, candidate, excluded, and proposed future measured-subset panels, but no reset, step, rollout, replay, validation, training, PPO, private holdout, profile-specific tuning, controller-family ranking, winner selection, promotion, success-rate verdict, driver-performance, paper, finite-window-vs-GRU, current-response sufficiency, current-sim, high-fidelity validation, full ideal driver, or self-ID claim is made"
m2682-subset-0108,m2682-candidate-005,m1680-spec-0013,m1680-spec-0013::L3_reset_control_corrected,L3_reset_control_corrected,T4,t4_staged_warmup_capability|capability_step_up,hidden_dynamics_or_actuator_response,mapping_window_unspecified,all_72_specs;mapping_window_unspecified;task_family_T4,success_obstacle_pass,,1,"candidate admits whole spec/profile cells for post-audit measured execution, not current-row interpretation",post_audit_measured_subset_candidate,True,True,False,False,False,"Route B task-quality and role-semantics repair materialization only; existing M2677 and M2680 rows may be reaggregated into diagnostic blocker, candidate, excluded, and proposed future measured-subset panels, but no reset, step, rollout, replay, validation, training, PPO, private holdout, profile-specific tuning, controller-family ranking, winner selection, promotion, success-rate verdict, driver-performance, paper, finite-window-vs-GRU, current-response sufficiency, current-sim, high-fidelity validation, full ideal driver, or self-ID claim is made"
m2682-subset-0109,m2682-candidate-005,m1680-spec-0027,m1680-spec-0027::L0_current_masked,L0_current_masked,T4,t4_staged_warmup_capability|capability_step_up,hidden_dynamics_or_actuator_response,mapping_window_unspecified,all_72_specs;mapping_window_unspecified;task_family_T4,off_track_noncollision_noncompletion,off_track,1,"candidate admits whole spec/profile cells for post-audit measured execution, not current-row interpretation",post_audit_measured_subset_candidate,True,True,False,False,False,"Route B task-quality and role-semantics repair materialization only; existing M2677 and M2680 rows may be reaggregated into diagnostic blocker, candidate, excluded, and proposed future measured-subset panels, but no reset, step, rollout, replay, validation, training, PPO, private holdout, profile-specific tuning, controller-family ranking, winner selection, promotion, success-rate verdict, driver-performance, paper, finite-window-vs-GRU, current-response sufficiency, current-sim, high-fidelity validation, full ideal driver, or self-ID claim is made"
m2682-subset-0110,m2682-candidate-005,m1680-spec-0027,m1680-spec-0027::L1_one_step,L1_one_step,T4,t4_staged_warmup_capability|capability_step_up,hidden_dynamics_or_actuator_response,mapping_window_unspecified,all_72_specs;mapping_window_unspecified;task_family_T4,off_track_noncollision_noncompletion,off_track,1,"candidate admits whole spec/profile cells for post-audit measured execution, not current-row interpretation",post_audit_measured_subset_candidate,True,True,False,False,False,"Route B task-quality and role-semantics repair materialization only; existing M2677 and M2680 rows may be reaggregated into diagnostic blocker, candidate, excluded, and proposed future measured-subset panels, but no reset, step, rollout, replay, validation, training, PPO, private holdout, profile-specific tuning, controller-family ranking, winner selection, promotion, success-rate verdict, driver-performance, paper, finite-window-vs-GRU, current-response sufficiency, current-sim, high-fidelity validation, full ideal driver, or self-ID claim is made"
m2682-subset-0111,m2682-candidate-005,m1680-spec-0027,m1680-spec-0027::L2_window_100,L2_window_100,T4,t4_staged_warmup_capability|capability_step_up,hidden_dynamics_or_actuator_response,mapping_window_unspecified,all_72_specs;mapping_window_unspecified;task_family_T4,off_track_noncollision_noncompletion,off_track,100,"candidate admits whole spec/profile cells for post-audit measured execution, not current-row interpretation",post_audit_measured_subset_candidate,True,True,False,False,False,"Route B task-quality and role-semantics repair materialization only; existing M2677 and M2680 rows may be reaggregated into diagnostic blocker, candidate, excluded, and proposed future measured-subset panels, but no reset, step, rollout, replay, validation, training, PPO, private holdout, profile-specific tuning, controller-family ranking, winner selection, promotion, success-rate verdict, driver-performance, paper, finite-window-vs-GRU, current-response sufficiency, current-sim, high-fidelity validation, full ideal driver, or self-ID claim is made"
m2682-subset-0112,m2682-candidate-005,m1680-spec-0027,m1680-spec-0027::L2_window_100_current_tiled,L2_window_100_current_tiled,T4,t4_staged_warmup_capability|capability_step_up,hidden_dynamics_or_actuator_response,mapping_window_unspecified,all_72_specs;mapping_window_unspecified;task_family_T4,off_track_noncollision_noncompletion,off_track,100,"candidate admits whole spec/profile cells for post-audit measured execution, not current-row interpretation",post_audit_measured_subset_candidate,True,True,False,False,False,"Route B task-quality and role-semantics repair materialization only; existing M2677 and M2680 rows may be reaggregated into diagnostic blocker, candidate, excluded, and proposed future measured-subset panels, but no reset, step, rollout, replay, validation, training, PPO, private holdout, profile-specific tuning, controller-family ranking, winner selection, promotion, success-rate verdict, driver-performance, paper, finite-window-vs-GRU, current-response sufficiency, current-sim, high-fidelity validation, full ideal driver, or self-ID claim is made"
m2682-subset-0113,m2682-candidate-005,m1680-spec-0027,m1680-spec-0027::L2_window_13,L2_window_13,T4,t4_staged_warmup_capability|capability_step_up,hidden_dynamics_or_actuator_response,mapping_window_unspecified,all_72_specs;mapping_window_unspecified;task_family_T4,off_track_noncollision_noncompletion,off_track,13,"candidate admits whole spec/profile cells for post-audit measured execution, not current-row interpretation",post_audit_measured_subset_candidate,True,True,False,False,False,"Route B task-quality and role-semantics repair materialization only; existing M2677 and M2680 rows may be reaggregated into diagnostic blocker, candidate, excluded, and proposed future measured-subset panels, but no reset, step, rollout, replay, validation, training, PPO, private holdout, profile-specific tuning, controller-family ranking, winner selection, promotion, success-rate verdict, driver-performance, paper, finite-window-vs-GRU, current-response sufficiency, current-sim, high-fidelity validation, full ideal driver, or self-ID claim is made"
m2682-subset-0114,m2682-candidate-005,m1680-spec-0027,m1680-spec-0027::L2_window_13_current_tiled,L2_window_13_current_tiled,T4,t4_staged_warmup_capability|capability_step_up,hidden_dynamics_or_actuator_response,mapping_window_unspecified,all_72_specs;mapping_window_unspecified;task_family_T4,off_track_noncollision_noncompletion,off_track,13,"candidate admits whole spec/profile cells for post-audit measured execution, not current-row interpretation",post_audit_measured_subset_candidate,True,True,False,False,False,"Route B task-quality and role-semantics repair materialization only; existing M2677 and M2680 rows may be reaggregated into diagnostic blocker, candidate, excluded, and proposed future measured-subset panels, but no reset, step, rollout, replay, validation, training, PPO, private holdout, profile-specific tuning, controller-family ranking, winner selection, promotion, success-rate verdict, driver-performance, paper, finite-window-vs-GRU, current-response sufficiency, current-sim, high-fidelity validation, full ideal driver, or self-ID claim is made"
m2682-subset-0115,m2682-candidate-005,m1680-spec-0027,m1680-spec-0027::L2_window_25,L2_window_25,T4,t4_staged_warmup_capability|capability_step_up,hidden_dynamics_or_actuator_response,mapping_window_unspecified,all_72_specs;mapping_window_unspecified;task_family_T4,off_track_noncollision_noncompletion,off_track,25,"candidate admits whole spec/profile cells for post-audit measured execution, not current-row interpretation",post_audit_measured_subset_candidate,True,True,False,False,False,"Route B task-quality and role-semantics repair materialization only; existing M2677 and M2680 rows may be reaggregated into diagnostic blocker, candidate, excluded, and proposed future measured-subset panels, but no reset, step, rollout, replay, validation, training, PPO, private holdout, profile-specific tuning, controller-family ranking, winner selection, promotion, success-rate verdict, driver-performance, paper, finite-window-vs-GRU, current-response sufficiency, current-sim, high-fidelity validation, full ideal driver, or self-ID claim is made"
m2682-subset-0116,m2682-candidate-005,m1680-spec-0027,m1680-spec-0027::L2_window_25_current_tiled,L2_window_25_current_tiled,T4,t4_staged_warmup_capability|capability_step_up,hidden_dynamics_or_actuator_response,mapping_window_unspecified,all_72_specs;mapping_window_unspecified;task_family_T4,off_track_noncollision_noncompletion,off_track,25,"candidate admits whole spec/profile cells for post-audit measured execution, not current-row interpretation",post_audit_measured_subset_candidate,True,True,False,False,False,"Route B task-quality and role-semantics repair materialization only; existing M2677 and M2680 rows may be reaggregated into diagnostic blocker, candidate, excluded, and proposed future measured-subset panels, but no reset, step, rollout, replay, validation, training, PPO, private holdout, profile-specific tuning, controller-family ranking, winner selection, promotion, success-rate verdict, driver-performance, paper, finite-window-vs-GRU, current-response sufficiency, current-sim, high-fidelity validation, full ideal driver, or self-ID claim is made"
m2682-subset-0117,m2682-candidate-005,m1680-spec-0027,m1680-spec-0027::L2_window_50,L2_window_50,T4,t4_staged_warmup_capability|capability_step_up,hidden_dynamics_or_actuator_response,mapping_window_unspecified,all_72_specs;mapping_window_unspecified;task_family_T4,off_track_noncollision_noncompletion,off_track,50,"candidate admits whole spec/profile cells for post-audit measured execution, not current-row interpretation",post_audit_measured_subset_candidate,True,True,False,False,False,"Route B task-quality and role-semantics repair materialization only; existing M2677 and M2680 rows may be reaggregated into diagnostic blocker, candidate, excluded, and proposed future measured-subset panels, but no reset, step, rollout, replay, validation, training, PPO, private holdout, profile-specific tuning, controller-family ranking, winner selection, promotion, success-rate verdict, driver-performance, paper, finite-window-vs-GRU, current-response sufficiency, current-sim, high-fidelity validation, full ideal driver, or self-ID claim is made"
m2682-subset-0118,m2682-candidate-005,m1680-spec-0027,m1680-spec-0027::L2_window_50_current_tiled,L2_window_50_current_tiled,T4,t4_staged_warmup_capability|capability_step_up,hidden_dynamics_or_actuator_response,mapping_window_unspecified,all_72_specs;mapping_window_unspecified;task_family_T4,off_track_noncollision_noncompletion,off_track,50,"candidate admits whole spec/profile cells for post-audit measured execution, not current-row interpretation",post_audit_measured_subset_candidate,True,True,False,False,False,"Route B task-quality and role-semantics repair materialization only; existing M2677 and M2680 rows may be reaggregated into diagnostic blocker, candidate, excluded, and proposed future measured-subset panels, but no reset, step, rollout, replay, validation, training, PPO, private holdout, profile-specific tuning, controller-family ranking, winner selection, promotion, success-rate verdict, driver-performance, paper, finite-window-vs-GRU, current-response sufficiency, current-sim, high-fidelity validation, full ideal driver, or self-ID claim is made"
m2682-subset-0119,m2682-candidate-005,m1680-spec-0027,m1680-spec-0027::L3_online_gru,L3_online_gru,T4,t4_staged_warmup_capability|capability_step_up,hidden_dynamics_or_actuator_response,mapping_window_unspecified,all_72_specs;mapping_window_unspecified;task_family_T4,success_obstacle_pass,,1,"candidate admits whole spec/profile cells for post-audit measured execution, not current-row interpretation",post_audit_measured_subset_candidate,True,True,False,False,False,"Route B task-quality and role-semantics repair materialization only; existing M2677 and M2680 rows may be reaggregated into diagnostic blocker, candidate, excluded, and proposed future measured-subset panels, but no reset, step, rollout, replay, validation, training, PPO, private holdout, profile-specific tuning, controller-family ranking, winner selection, promotion, success-rate verdict, driver-performance, paper, finite-window-vs-GRU, current-response sufficiency, current-sim, high-fidelity validation, full ideal driver, or self-ID claim is made"
m2682-subset-0120,m2682-candidate-005,m1680-spec-0027,m1680-spec-0027::L3_reset_control_corrected,L3_reset_control_corrected,T4,t4_staged_warmup_capability|capability_step_up,hidden_dynamics_or_actuator_response,mapping_window_unspecified,all_72_specs;mapping_window_unspecified;task_family_T4,off_track_noncollision_noncompletion,off_track,1,"candidate admits whole spec/profile cells for post-audit measured execution, not current-row interpretation",post_audit_measured_subset_candidate,True,True,False,False,False,"Route B task-quality and role-semantics repair materialization only; existing M2677 and M2680 rows may be reaggregated into diagnostic blocker, candidate, excluded, and proposed future measured-subset panels, but no reset, step, rollout, replay, validation, training, PPO, private holdout, profile-specific tuning, controller-family ranking, winner selection, promotion, success-rate verdict, driver-performance, paper, finite-window-vs-GRU, current-response sufficiency, current-sim, high-fidelity validation, full ideal driver, or self-ID claim is made"
m2682-subset-0121,m2682-candidate-006,m1680-spec-0051,m1680-spec-0051::L0_current_masked,L0_current_masked,T5,actuator_delay_step|t5_near_boundary_warmup,hidden_dynamics_or_actuator_response,reveal_plus_4,all_72_specs;explicit_window_subset;task_family_T5,off_track_noncollision_noncompletion,off_track,1,"candidate admits whole spec/profile cells for post-audit measured execution, not current-row interpretation",post_audit_measured_subset_candidate,True,True,False,False,False,"Route B task-quality and role-semantics repair materialization only; existing M2677 and M2680 rows may be reaggregated into diagnostic blocker, candidate, excluded, and proposed future measured-subset panels, but no reset, step, rollout, replay, validation, training, PPO, private holdout, profile-specific tuning, controller-family ranking, winner selection, promotion, success-rate verdict, driver-performance, paper, finite-window-vs-GRU, current-response sufficiency, current-sim, high-fidelity validation, full ideal driver, or self-ID claim is made"
m2682-subset-0122,m2682-candidate-006,m1680-spec-0051,m1680-spec-0051::L1_one_step,L1_one_step,T5,actuator_delay_step|t5_near_boundary_warmup,hidden_dynamics_or_actuator_response,reveal_plus_4,all_72_specs;explicit_window_subset;task_family_T5,off_track_noncollision_noncompletion,off_track,1,"candidate admits whole spec/profile cells for post-audit measured execution, not current-row interpretation",post_audit_measured_subset_candidate,True,True,False,False,False,"Route B task-quality and role-semantics repair materialization only; existing M2677 and M2680 rows may be reaggregated into diagnostic blocker, candidate, excluded, and proposed future measured-subset panels, but no reset, step, rollout, replay, validation, training, PPO, private holdout, profile-specific tuning, controller-family ranking, winner selection, promotion, success-rate verdict, driver-performance, paper, finite-window-vs-GRU, current-response sufficiency, current-sim, high-fidelity validation, full ideal driver, or self-ID claim is made"
m2682-subset-0123,m2682-candidate-006,m1680-spec-0051,m1680-spec-0051::L2_window_100,L2_window_100,T5,actuator_delay_step|t5_near_boundary_warmup,hidden_dynamics_or_actuator_response,reveal_plus_4,all_72_specs;explicit_window_subset;task_family_T5,off_track_noncollision_noncompletion,off_track,100,"candidate admits whole spec/profile cells for post-audit measured execution, not current-row interpretation",post_audit_measured_subset_candidate,True,True,False,False,False,"Route B task-quality and role-semantics repair materialization only; existing M2677 and M2680 rows may be reaggregated into diagnostic blocker, candidate, excluded, and proposed future measured-subset panels, but no reset, step, rollout, replay, validation, training, PPO, private holdout, profile-specific tuning, controller-family ranking, winner selection, promotion, success-rate verdict, driver-performance, paper, finite-window-vs-GRU, current-response sufficiency, current-sim, high-fidelity validation, full ideal driver, or self-ID claim is made"
m2682-subset-0124,m2682-candidate-006,m1680-spec-0051,m1680-spec-0051::L2_window_100_current_tiled,L2_window_100_current_tiled,T5,actuator_delay_step|t5_near_boundary_warmup,hidden_dynamics_or_actuator_response,reveal_plus_4,all_72_specs;explicit_window_subset;task_family_T5,off_track_noncollision_noncompletion,off_track,100,"candidate admits whole spec/profile cells for post-audit measured execution, not current-row interpretation",post_audit_measured_subset_candidate,True,True,False,False,False,"Route B task-quality and role-semantics repair materialization only; existing M2677 and M2680 rows may be reaggregated into diagnostic blocker, candidate, excluded, and proposed future measured-subset panels, but no reset, step, rollout, replay, validation, training, PPO, private holdout, profile-specific tuning, controller-family ranking, winner selection, promotion, success-rate verdict, driver-performance, paper, finite-window-vs-GRU, current-response sufficiency, current-sim, high-fidelity validation, full ideal driver, or self-ID claim is made"
m2682-subset-0125,m2682-candidate-006,m1680-spec-0051,m1680-spec-0051::L2_window_13,L2_window_13,T5,actuator_delay_step|t5_near_boundary_warmup,hidden_dynamics_or_actuator_response,reveal_plus_4,all_72_specs;explicit_window_subset;task_family_T5,off_track_noncollision_noncompletion,off_track,13,"candidate admits whole spec/profile cells for post-audit measured execution, not current-row interpretation",post_audit_measured_subset_candidate,True,True,False,False,False,"Route B task-quality and role-semantics repair materialization only; existing M2677 and M2680 rows may be reaggregated into diagnostic blocker, candidate, excluded, and proposed future measured-subset panels, but no reset, step, rollout, replay, validation, training, PPO, private holdout, profile-specific tuning, controller-family ranking, winner selection, promotion, success-rate verdict, driver-performance, paper, finite-window-vs-GRU, current-response sufficiency, current-sim, high-fidelity validation, full ideal driver, or self-ID claim is made"
m2682-subset-0126,m2682-candidate-006,m1680-spec-0051,m1680-spec-0051::L2_window_13_current_tiled,L2_window_13_current_tiled,T5,actuator_delay_step|t5_near_boundary_warmup,hidden_dynamics_or_actuator_response,reveal_plus_4,all_72_specs;explicit_window_subset;task_family_T5,off_track_noncollision_noncompletion,off_track,13,"candidate admits whole spec/profile cells for post-audit measured execution, not current-row interpretation",post_audit_measured_subset_candidate,True,True,False,False,False,"Route B task-quality and role-semantics repair materialization only; existing M2677 and M2680 rows may be reaggregated into diagnostic blocker, candidate, excluded, and proposed future measured-subset panels, but no reset, step, rollout, replay, validation, training, PPO, private holdout, profile-specific tuning, controller-family ranking, winner selection, promotion, success-rate verdict, driver-performance, paper, finite-window-vs-GRU, current-response sufficiency, current-sim, high-fidelity validation, full ideal driver, or self-ID claim is made"
m2682-subset-0127,m2682-candidate-006,m1680-spec-0051,m1680-spec-0051::L2_window_25,L2_window_25,T5,actuator_delay_step|t5_near_boundary_warmup,hidden_dynamics_or_actuator_response,reveal_plus_4,all_72_specs;explicit_window_subset;task_family_T5,off_track_noncollision_noncompletion,off_track,25,"candidate admits whole spec/profile cells for post-audit measured execution, not current-row interpretation",post_audit_measured_subset_candidate,True,True,False,False,False,"Route B task-quality and role-semantics repair materialization only; existing M2677 and M2680 rows may be reaggregated into diagnostic blocker, candidate, excluded, and proposed future measured-subset panels, but no reset, step, rollout, replay, validation, training, PPO, private holdout, profile-specific tuning, controller-family ranking, winner selection, promotion, success-rate verdict, driver-performance, paper, finite-window-vs-GRU, current-response sufficiency, current-sim, high-fidelity validation, full ideal driver, or self-ID claim is made"
m2682-subset-0128,m2682-candidate-006,m1680-spec-0051,m1680-spec-0051::L2_window_25_current_tiled,L2_window_25_current_tiled,T5,actuator_delay_step|t5_near_boundary_warmup,hidden_dynamics_or_actuator_response,reveal_plus_4,all_72_specs;explicit_window_subset;task_family_T5,off_track_noncollision_noncompletion,off_track,25,"candidate admits whole spec/profile cells for post-audit measured execution, not current-row interpretation",post_audit_measured_subset_candidate,True,True,False,False,False,"Route B task-quality and role-semantics repair materialization only; existing M2677 and M2680 rows may be reaggregated into diagnostic blocker, candidate, excluded, and proposed future measured-subset panels, but no reset, step, rollout, replay, validation, training, PPO, private holdout, profile-specific tuning, controller-family ranking, winner selection, promotion, success-rate verdict, driver-performance, paper, finite-window-vs-GRU, current-response sufficiency, current-sim, high-fidelity validation, full ideal driver, or self-ID claim is made"
m2682-subset-0129,m2682-candidate-006,m1680-spec-0051,m1680-spec-0051::L2_window_50,L2_window_50,T5,actuator_delay_step|t5_near_boundary_warmup,hidden_dynamics_or_actuator_response,reveal_plus_4,all_72_specs;explicit_window_subset;task_family_T5,off_track_noncollision_noncompletion,off_track,50,"candidate admits whole spec/profile cells for post-audit measured execution, not current-row interpretation",post_audit_measured_subset_candidate,True,True,False,False,False,"Route B task-quality and role-semantics repair materialization only; existing M2677 and M2680 rows may be reaggregated into diagnostic blocker, candidate, excluded, and proposed future measured-subset panels, but no reset, step, rollout, replay, validation, training, PPO, private holdout, profile-specific tuning, controller-family ranking, winner selection, promotion, success-rate verdict, driver-performance, paper, finite-window-vs-GRU, current-response sufficiency, current-sim, high-fidelity validation, full ideal driver, or self-ID claim is made"
m2682-subset-0130,m2682-candidate-006,m1680-spec-0051,m1680-spec-0051::L2_window_50_current_tiled,L2_window_50_current_tiled,T5,actuator_delay_step|t5_near_boundary_warmup,hidden_dynamics_or_actuator_response,reveal_plus_4,all_72_specs;explicit_window_subset;task_family_T5,off_track_noncollision_noncompletion,off_track,50,"candidate admits whole spec/profile cells for post-audit measured execution, not current-row interpretation",post_audit_measured_subset_candidate,True,True,False,False,False,"Route B task-quality and role-semantics repair materialization only; existing M2677 and M2680 rows may be reaggregated into diagnostic blocker, candidate, excluded, and proposed future measured-subset panels, but no reset, step, rollout, replay, validation, training, PPO, private holdout, profile-specific tuning, controller-family ranking, winner selection, promotion, success-rate verdict, driver-performance, paper, finite-window-vs-GRU, current-response sufficiency, current-sim, high-fidelity validation, full ideal driver, or self-ID claim is made"
m2682-subset-0131,m2682-candidate-006,m1680-spec-0051,m1680-spec-0051::L3_online_gru,L3_online_gru,T5,actuator_delay_step|t5_near_boundary_warmup,hidden_dynamics_or_actuator_response,reveal_plus_4,all_72_specs;explicit_window_subset;task_family_T5,off_track_noncollision_noncompletion,off_track,1,"candidate admits whole spec/profile cells for post-audit measured execution, not current-row interpretation",post_audit_measured_subset_candidate,True,True,False,False,False,"Route B task-quality and role-semantics repair materialization only; existing M2677 and M2680 rows may be reaggregated into diagnostic blocker, candidate, excluded, and proposed future measured-subset panels, but no reset, step, rollout, replay, validation, training, PPO, private holdout, profile-specific tuning, controller-family ranking, winner selection, promotion, success-rate verdict, driver-performance, paper, finite-window-vs-GRU, current-response sufficiency, current-sim, high-fidelity validation, full ideal driver, or self-ID claim is made"
m2682-subset-0132,m2682-candidate-006,m1680-spec-0051,m1680-spec-0051::L3_reset_control_corrected,L3_reset_control_corrected,T5,actuator_delay_step|t5_near_boundary_warmup,hidden_dynamics_or_actuator_response,reveal_plus_4,all_72_specs;explicit_window_subset;task_family_T5,success_obstacle_pass,,1,"candidate admits whole spec/profile cells for post-audit measured execution, not current-row interpretation",post_audit_measured_subset_candidate,True,True,False,False,False,"Route B task-quality and role-semantics repair materialization only; existing M2677 and M2680 rows may be reaggregated into diagnostic blocker, candidate, excluded, and proposed future measured-subset panels, but no reset, step, rollout, replay, validation, training, PPO, private holdout, profile-specific tuning, controller-family ranking, winner selection, promotion, success-rate verdict, driver-performance, paper, finite-window-vs-GRU, current-response sufficiency, current-sim, high-fidelity validation, full ideal driver, or self-ID claim is made"
m2682-subset-0133,m2682-candidate-006,m1680-spec-0066,m1680-spec-0066::L0_current_masked,L0_current_masked,T5,actuator_delay_step|t5_near_boundary_warmup,hidden_dynamics_or_actuator_response,reveal_plus_4,all_72_specs;explicit_window_subset;task_family_T5,collision_failure,obstacle_collision,1,"candidate admits whole spec/profile cells for post-audit measured execution, not current-row interpretation",post_audit_measured_subset_candidate,True,True,False,False,False,"Route B task-quality and role-semantics repair materialization only; existing M2677 and M2680 rows may be reaggregated into diagnostic blocker, candidate, excluded, and proposed future measured-subset panels, but no reset, step, rollout, replay, validation, training, PPO, private holdout, profile-specific tuning, controller-family ranking, winner selection, promotion, success-rate verdict, driver-performance, paper, finite-window-vs-GRU, current-response sufficiency, current-sim, high-fidelity validation, full ideal driver, or self-ID claim is made"
m2682-subset-0134,m2682-candidate-006,m1680-spec-0066,m1680-spec-0066::L1_one_step,L1_one_step,T5,actuator_delay_step|t5_near_boundary_warmup,hidden_dynamics_or_actuator_response,reveal_plus_4,all_72_specs;explicit_window_subset;task_family_T5,collision_failure,obstacle_collision,1,"candidate admits whole spec/profile cells for post-audit measured execution, not current-row interpretation",post_audit_measured_subset_candidate,True,True,False,False,False,"Route B task-quality and role-semantics repair materialization only; existing M2677 and M2680 rows may be reaggregated into diagnostic blocker, candidate, excluded, and proposed future measured-subset panels, but no reset, step, rollout, replay, validation, training, PPO, private holdout, profile-specific tuning, controller-family ranking, winner selection, promotion, success-rate verdict, driver-performance, paper, finite-window-vs-GRU, current-response sufficiency, current-sim, high-fidelity validation, full ideal driver, or self-ID claim is made"
m2682-subset-0135,m2682-candidate-006,m1680-spec-0066,m1680-spec-0066::L2_window_100,L2_window_100,T5,actuator_delay_step|t5_near_boundary_warmup,hidden_dynamics_or_actuator_response,reveal_plus_4,all_72_specs;explicit_window_subset;task_family_T5,off_track_noncollision_noncompletion,off_track,100,"candidate admits whole spec/profile cells for post-audit measured execution, not current-row interpretation",post_audit_measured_subset_candidate,True,True,False,False,False,"Route B task-quality and role-semantics repair materialization only; existing M2677 and M2680 rows may be reaggregated into diagnostic blocker, candidate, excluded, and proposed future measured-subset panels, but no reset, step, rollout, replay, validation, training, PPO, private holdout, profile-specific tuning, controller-family ranking, winner selection, promotion, success-rate verdict, driver-performance, paper, finite-window-vs-GRU, current-response sufficiency, current-sim, high-fidelity validation, full ideal driver, or self-ID claim is made"
m2682-subset-0136,m2682-candidate-006,m1680-spec-0066,m1680-spec-0066::L2_window_100_current_tiled,L2_window_100_current_tiled,T5,actuator_delay_step|t5_near_boundary_warmup,hidden_dynamics_or_actuator_response,reveal_plus_4,all_72_specs;explicit_window_subset;task_family_T5,off_track_noncollision_noncompletion,off_track,100,"candidate admits whole spec/profile cells for post-audit measured execution, not current-row interpretation",post_audit_measured_subset_candidate,True,True,False,False,False,"Route B task-quality and role-semantics repair materialization only; existing M2677 and M2680 rows may be reaggregated into diagnostic blocker, candidate, excluded, and proposed future measured-subset panels, but no reset, step, rollout, replay, validation, training, PPO, private holdout, profile-specific tuning, controller-family ranking, winner selection, promotion, success-rate verdict, driver-performance, paper, finite-window-vs-GRU, current-response sufficiency, current-sim, high-fidelity validation, full ideal driver, or self-ID claim is made"
m2682-subset-0137,m2682-candidate-006,m1680-spec-0066,m1680-spec-0066::L2_window_13,L2_window_13,T5,actuator_delay_step|t5_near_boundary_warmup,hidden_dynamics_or_actuator_response,reveal_plus_4,all_72_specs;explicit_window_subset;task_family_T5,off_track_noncollision_noncompletion,off_track,13,"candidate admits whole spec/profile cells for post-audit measured execution, not current-row interpretation",post_audit_measured_subset_candidate,True,True,False,False,False,"Route B task-quality and role-semantics repair materialization only; existing M2677 and M2680 rows may be reaggregated into diagnostic blocker, candidate, excluded, and proposed future measured-subset panels, but no reset, step, rollout, replay, validation, training, PPO, private holdout, profile-specific tuning, controller-family ranking, winner selection, promotion, success-rate verdict, driver-performance, paper, finite-window-vs-GRU, current-response sufficiency, current-sim, high-fidelity validation, full ideal driver, or self-ID claim is made"
m2682-subset-0138,m2682-candidate-006,m1680-spec-0066,m1680-spec-0066::L2_window_13_current_tiled,L2_window_13_current_tiled,T5,actuator_delay_step|t5_near_boundary_warmup,hidden_dynamics_or_actuator_response,reveal_plus_4,all_72_specs;explicit_window_subset;task_family_T5,off_track_noncollision_noncompletion,off_track,13,"candidate admits whole spec/profile cells for post-audit measured execution, not current-row interpretation",post_audit_measured_subset_candidate,True,True,False,False,False,"Route B task-quality and role-semantics repair materialization only; existing M2677 and M2680 rows may be reaggregated into diagnostic blocker, candidate, excluded, and proposed future measured-subset panels, but no reset, step, rollout, replay, validation, training, PPO, private holdout, profile-specific tuning, controller-family ranking, winner selection, promotion, success-rate verdict, driver-performance, paper, finite-window-vs-GRU, current-response sufficiency, current-sim, high-fidelity validation, full ideal driver, or self-ID claim is made"
m2682-subset-0139,m2682-candidate-006,m1680-spec-0066,m1680-spec-0066::L2_window_25,L2_window_25,T5,actuator_delay_step|t5_near_boundary_warmup,hidden_dynamics_or_actuator_response,reveal_plus_4,all_72_specs;explicit_window_subset;task_family_T5,off_track_noncollision_noncompletion,off_track,25,"candidate admits whole spec/profile cells for post-audit measured execution, not current-row interpretation",post_audit_measured_subset_candidate,True,True,False,False,False,"Route B task-quality and role-semantics repair materialization only; existing M2677 and M2680 rows may be reaggregated into diagnostic blocker, candidate, excluded, and proposed future measured-subset panels, but no reset, step, rollout, replay, validation, training, PPO, private holdout, profile-specific tuning, controller-family ranking, winner selection, promotion, success-rate verdict, driver-performance, paper, finite-window-vs-GRU, current-response sufficiency, current-sim, high-fidelity validation, full ideal driver, or self-ID claim is made"
m2682-subset-0140,m2682-candidate-006,m1680-spec-0066,m1680-spec-0066::L2_window_25_current_tiled,L2_window_25_current_tiled,T5,actuator_delay_step|t5_near_boundary_warmup,hidden_dynamics_or_actuator_response,reveal_plus_4,all_72_specs;explicit_window_subset;task_family_T5,off_track_noncollision_noncompletion,off_track,25,"candidate admits whole spec/profile cells for post-audit measured execution, not current-row interpretation",post_audit_measured_subset_candidate,True,True,False,False,False,"Route B task-quality and role-semantics repair materialization only; existing M2677 and M2680 rows may be reaggregated into diagnostic blocker, candidate, excluded, and proposed future measured-subset panels, but no reset, step, rollout, replay, validation, training, PPO, private holdout, profile-specific tuning, controller-family ranking, winner selection, promotion, success-rate verdict, driver-performance, paper, finite-window-vs-GRU, current-response sufficiency, current-sim, high-fidelity validation, full ideal driver, or self-ID claim is made"
m2682-subset-0141,m2682-candidate-006,m1680-spec-0066,m1680-spec-0066::L2_window_50,L2_window_50,T5,actuator_delay_step|t5_near_boundary_warmup,hidden_dynamics_or_actuator_response,reveal_plus_4,all_72_specs;explicit_window_subset;task_family_T5,off_track_noncollision_noncompletion,off_track,50,"candidate admits whole spec/profile cells for post-audit measured execution, not current-row interpretation",post_audit_measured_subset_candidate,True,True,False,False,False,"Route B task-quality and role-semantics repair materialization only; existing M2677 and M2680 rows may be reaggregated into diagnostic blocker, candidate, excluded, and proposed future measured-subset panels, but no reset, step, rollout, replay, validation, training, PPO, private holdout, profile-specific tuning, controller-family ranking, winner selection, promotion, success-rate verdict, driver-performance, paper, finite-window-vs-GRU, current-response sufficiency, current-sim, high-fidelity validation, full ideal driver, or self-ID claim is made"
m2682-subset-0142,m2682-candidate-006,m1680-spec-0066,m1680-spec-0066::L2_window_50_current_tiled,L2_window_50_current_tiled,T5,actuator_delay_step|t5_near_boundary_warmup,hidden_dynamics_or_actuator_response,reveal_plus_4,all_72_specs;explicit_window_subset;task_family_T5,off_track_noncollision_noncompletion,off_track,50,"candidate admits whole spec/profile cells for post-audit measured execution, not current-row interpretation",post_audit_measured_subset_candidate,True,True,False,False,False,"Route B task-quality and role-semantics repair materialization only; existing M2677 and M2680 rows may be reaggregated into diagnostic blocker, candidate, excluded, and proposed future measured-subset panels, but no reset, step, rollout, replay, validation, training, PPO, private holdout, profile-specific tuning, controller-family ranking, winner selection, promotion, success-rate verdict, driver-performance, paper, finite-window-vs-GRU, current-response sufficiency, current-sim, high-fidelity validation, full ideal driver, or self-ID claim is made"
m2682-subset-0143,m2682-candidate-006,m1680-spec-0066,m1680-spec-0066::L3_online_gru,L3_online_gru,T5,actuator_delay_step|t5_near_boundary_warmup,hidden_dynamics_or_actuator_response,reveal_plus_4,all_72_specs;explicit_window_subset;task_family_T5,collision_failure,obstacle_collision,1,"candidate admits whole spec/profile cells for post-audit measured execution, not current-row interpretation",post_audit_measured_subset_candidate,True,True,False,False,False,"Route B task-quality and role-semantics repair materialization only; existing M2677 and M2680 rows may be reaggregated into diagnostic blocker, candidate, excluded, and proposed future measured-subset panels, but no reset, step, rollout, replay, validation, training, PPO, private holdout, profile-specific tuning, controller-family ranking, winner selection, promotion, success-rate verdict, driver-performance, paper, finite-window-vs-GRU, current-response sufficiency, current-sim, high-fidelity validation, full ideal driver, or self-ID claim is made"
m2682-subset-0144,m2682-candidate-006,m1680-spec-0066,m1680-spec-0066::L3_reset_control_corrected,L3_reset_control_corrected,T5,actuator_delay_step|t5_near_boundary_warmup,hidden_dynamics_or_actuator_response,reveal_plus_4,all_72_specs;explicit_window_subset;task_family_T5,off_track_noncollision_noncompletion,off_track,1,"candidate admits whole spec/profile cells for post-audit measured execution, not current-row interpretation",post_audit_measured_subset_candidate,True,True,False,False,False,"Route B task-quality and role-semantics repair materialization only; existing M2677 and M2680 rows may be reaggregated into diagnostic blocker, candidate, excluded, and proposed future measured-subset panels, but no reset, step, rollout, replay, validation, training, PPO, private holdout, profile-specific tuning, controller-family ranking, winner selection, promotion, success-rate verdict, driver-performance, paper, finite-window-vs-GRU, current-response sufficiency, current-sim, high-fidelity validation, full ideal driver, or self-ID claim is made"
m2682-subset-0145,m2682-candidate-007,m1680-spec-0052,m1680-spec-0052::L0_current_masked,L0_current_masked,T5,capability_step_down|t5_near_boundary_warmup,hidden_dynamics_or_actuator_response,decision_minus_24,all_72_specs;explicit_window_subset;task_family_T5,off_track_noncollision_noncompletion,off_track,1,"candidate admits whole spec/profile cells for post-audit measured execution, not current-row interpretation",post_audit_measured_subset_candidate,True,True,False,False,False,"Route B task-quality and role-semantics repair materialization only; existing M2677 and M2680 rows may be reaggregated into diagnostic blocker, candidate, excluded, and proposed future measured-subset panels, but no reset, step, rollout, replay, validation, training, PPO, private holdout, profile-specific tuning, controller-family ranking, winner selection, promotion, success-rate verdict, driver-performance, paper, finite-window-vs-GRU, current-response sufficiency, current-sim, high-fidelity validation, full ideal driver, or self-ID claim is made"
m2682-subset-0146,m2682-candidate-007,m1680-spec-0052,m1680-spec-0052::L1_one_step,L1_one_step,T5,capability_step_down|t5_near_boundary_warmup,hidden_dynamics_or_actuator_response,decision_minus_24,all_72_specs;explicit_window_subset;task_family_T5,collision_failure,obstacle_collision,1,"candidate admits whole spec/profile cells for post-audit measured execution, not current-row interpretation",post_audit_measured_subset_candidate,True,True,False,False,False,"Route B task-quality and role-semantics repair materialization only; existing M2677 and M2680 rows may be reaggregated into diagnostic blocker, candidate, excluded, and proposed future measured-subset panels, but no reset, step, rollout, replay, validation, training, PPO, private holdout, profile-specific tuning, controller-family ranking, winner selection, promotion, success-rate verdict, driver-performance, paper, finite-window-vs-GRU, current-response sufficiency, current-sim, high-fidelity validation, full ideal driver, or self-ID claim is made"
m2682-subset-0147,m2682-candidate-007,m1680-spec-0052,m1680-spec-0052::L2_window_100,L2_window_100,T5,capability_step_down|t5_near_boundary_warmup,hidden_dynamics_or_actuator_response,decision_minus_24,all_72_specs;explicit_window_subset;task_family_T5,off_track_noncollision_noncompletion,off_track,100,"candidate admits whole spec/profile cells for post-audit measured execution, not current-row interpretation",post_audit_measured_subset_candidate,True,True,False,False,False,"Route B task-quality and role-semantics repair materialization only; existing M2677 and M2680 rows may be reaggregated into diagnostic blocker, candidate, excluded, and proposed future measured-subset panels, but no reset, step, rollout, replay, validation, training, PPO, private holdout, profile-specific tuning, controller-family ranking, winner selection, promotion, success-rate verdict, driver-performance, paper, finite-window-vs-GRU, current-response sufficiency, current-sim, high-fidelity validation, full ideal driver, or self-ID claim is made"
m2682-subset-0148,m2682-candidate-007,m1680-spec-0052,m1680-spec-0052::L2_window_100_current_tiled,L2_window_100_current_tiled,T5,capability_step_down|t5_near_boundary_warmup,hidden_dynamics_or_actuator_response,decision_minus_24,all_72_specs;explicit_window_subset;task_family_T5,off_track_noncollision_noncompletion,off_track,100,"candidate admits whole spec/profile cells for post-audit measured execution, not current-row interpretation",post_audit_measured_subset_candidate,True,True,False,False,False,"Route B task-quality and role-semantics repair materialization only; existing M2677 and M2680 rows may be reaggregated into diagnostic blocker, candidate, excluded, and proposed future measured-subset panels, but no reset, step, rollout, replay, validation, training, PPO, private holdout, profile-specific tuning, controller-family ranking, winner selection, promotion, success-rate verdict, driver-performance, paper, finite-window-vs-GRU, current-response sufficiency, current-sim, high-fidelity validation, full ideal driver, or self-ID claim is made"
m2682-subset-0149,m2682-candidate-007,m1680-spec-0052,m1680-spec-0052::L2_window_13,L2_window_13,T5,capability_step_down|t5_near_boundary_warmup,hidden_dynamics_or_actuator_response,decision_minus_24,all_72_specs;explicit_window_subset;task_family_T5,off_track_noncollision_noncompletion,off_track,13,"candidate admits whole spec/profile cells for post-audit measured execution, not current-row interpretation",post_audit_measured_subset_candidate,True,True,False,False,False,"Route B task-quality and role-semantics repair materialization only; existing M2677 and M2680 rows may be reaggregated into diagnostic blocker, candidate, excluded, and proposed future measured-subset panels, but no reset, step, rollout, replay, validation, training, PPO, private holdout, profile-specific tuning, controller-family ranking, winner selection, promotion, success-rate verdict, driver-performance, paper, finite-window-vs-GRU, current-response sufficiency, current-sim, high-fidelity validation, full ideal driver, or self-ID claim is made"
m2682-subset-0150,m2682-candidate-007,m1680-spec-0052,m1680-spec-0052::L2_window_13_current_tiled,L2_window_13_current_tiled,T5,capability_step_down|t5_near_boundary_warmup,hidden_dynamics_or_actuator_response,decision_minus_24,all_72_specs;explicit_window_subset;task_family_T5,off_track_noncollision_noncompletion,off_track,13,"candidate admits whole spec/profile cells for post-audit measured execution, not current-row interpretation",post_audit_measured_subset_candidate,True,True,False,False,False,"Route B task-quality and role-semantics repair materialization only; existing M2677 and M2680 rows may be reaggregated into diagnostic blocker, candidate, excluded, and proposed future measured-subset panels, but no reset, step, rollout, replay, validation, training, PPO, private holdout, profile-specific tuning, controller-family ranking, winner selection, promotion, success-rate verdict, driver-performance, paper, finite-window-vs-GRU, current-response sufficiency, current-sim, high-fidelity validation, full ideal driver, or self-ID claim is made"
m2682-subset-0151,m2682-candidate-007,m1680-spec-0052,m1680-spec-0052::L2_window_25,L2_window_25,T5,capability_step_down|t5_near_boundary_warmup,hidden_dynamics_or_actuator_response,decision_minus_24,all_72_specs;explicit_window_subset;task_family_T5,off_track_noncollision_noncompletion,off_track,25,"candidate admits whole spec/profile cells for post-audit measured execution, not current-row interpretation",post_audit_measured_subset_candidate,True,True,False,False,False,"Route B task-quality and role-semantics repair materialization only; existing M2677 and M2680 rows may be reaggregated into diagnostic blocker, candidate, excluded, and proposed future measured-subset panels, but no reset, step, rollout, replay, validation, training, PPO, private holdout, profile-specific tuning, controller-family ranking, winner selection, promotion, success-rate verdict, driver-performance, paper, finite-window-vs-GRU, current-response sufficiency, current-sim, high-fidelity validation, full ideal driver, or self-ID claim is made"
m2682-subset-0152,m2682-candidate-007,m1680-spec-0052,m1680-spec-0052::L2_window_25_current_tiled,L2_window_25_current_tiled,T5,capability_step_down|t5_near_boundary_warmup,hidden_dynamics_or_actuator_response,decision_minus_24,all_72_specs;explicit_window_subset;task_family_T5,off_track_noncollision_noncompletion,off_track,25,"candidate admits whole spec/profile cells for post-audit measured execution, not current-row interpretation",post_audit_measured_subset_candidate,True,True,False,False,False,"Route B task-quality and role-semantics repair materialization only; existing M2677 and M2680 rows may be reaggregated into diagnostic blocker, candidate, excluded, and proposed future measured-subset panels, but no reset, step, rollout, replay, validation, training, PPO, private holdout, profile-specific tuning, controller-family ranking, winner selection, promotion, success-rate verdict, driver-performance, paper, finite-window-vs-GRU, current-response sufficiency, current-sim, high-fidelity validation, full ideal driver, or self-ID claim is made"
m2682-subset-0153,m2682-candidate-007,m1680-spec-0052,m1680-spec-0052::L2_window_50,L2_window_50,T5,capability_step_down|t5_near_boundary_warmup,hidden_dynamics_or_actuator_response,decision_minus_24,all_72_specs;explicit_window_subset;task_family_T5,off_track_noncollision_noncompletion,off_track,50,"candidate admits whole spec/profile cells for post-audit measured execution, not current-row interpretation",post_audit_measured_subset_candidate,True,True,False,False,False,"Route B task-quality and role-semantics repair materialization only; existing M2677 and M2680 rows may be reaggregated into diagnostic blocker, candidate, excluded, and proposed future measured-subset panels, but no reset, step, rollout, replay, validation, training, PPO, private holdout, profile-specific tuning, controller-family ranking, winner selection, promotion, success-rate verdict, driver-performance, paper, finite-window-vs-GRU, current-response sufficiency, current-sim, high-fidelity validation, full ideal driver, or self-ID claim is made"
m2682-subset-0154,m2682-candidate-007,m1680-spec-0052,m1680-spec-0052::L2_window_50_current_tiled,L2_window_50_current_tiled,T5,capability_step_down|t5_near_boundary_warmup,hidden_dynamics_or_actuator_response,decision_minus_24,all_72_specs;explicit_window_subset;task_family_T5,off_track_noncollision_noncompletion,off_track,50,"candidate admits whole spec/profile cells for post-audit measured execution, not current-row interpretation",post_audit_measured_subset_candidate,True,True,False,False,False,"Route B task-quality and role-semantics repair materialization only; existing M2677 and M2680 rows may be reaggregated into diagnostic blocker, candidate, excluded, and proposed future measured-subset panels, but no reset, step, rollout, replay, validation, training, PPO, private holdout, profile-specific tuning, controller-family ranking, winner selection, promotion, success-rate verdict, driver-performance, paper, finite-window-vs-GRU, current-response sufficiency, current-sim, high-fidelity validation, full ideal driver, or self-ID claim is made"
m2682-subset-0155,m2682-candidate-007,m1680-spec-0052,m1680-spec-0052::L3_online_gru,L3_online_gru,T5,capability_step_down|t5_near_boundary_warmup,hidden_dynamics_or_actuator_response,decision_minus_24,all_72_specs;explicit_window_subset;task_family_T5,success_obstacle_pass,,1,"candidate admits whole spec/profile cells for post-audit measured execution, not current-row interpretation",post_audit_measured_subset_candidate,True,True,False,False,False,"Route B task-quality and role-semantics repair materialization only; existing M2677 and M2680 rows may be reaggregated into diagnostic blocker, candidate, excluded, and proposed future measured-subset panels, but no reset, step, rollout, replay, validation, training, PPO, private holdout, profile-specific tuning, controller-family ranking, winner selection, promotion, success-rate verdict, driver-performance, paper, finite-window-vs-GRU, current-response sufficiency, current-sim, high-fidelity validation, full ideal driver, or self-ID claim is made"
m2682-subset-0156,m2682-candidate-007,m1680-spec-0052,m1680-spec-0052::L3_reset_control_corrected,L3_reset_control_corrected,T5,capability_step_down|t5_near_boundary_warmup,hidden_dynamics_or_actuator_response,decision_minus_24,all_72_specs;explicit_window_subset;task_family_T5,success_obstacle_pass,,1,"candidate admits whole spec/profile cells for post-audit measured execution, not current-row interpretation",post_audit_measured_subset_candidate,True,True,False,False,False,"Route B task-quality and role-semantics repair materialization only; existing M2677 and M2680 rows may be reaggregated into diagnostic blocker, candidate, excluded, and proposed future measured-subset panels, but no reset, step, rollout, replay, validation, training, PPO, private holdout, profile-specific tuning, controller-family ranking, winner selection, promotion, success-rate verdict, driver-performance, paper, finite-window-vs-GRU, current-response sufficiency, current-sim, high-fidelity validation, full ideal driver, or self-ID claim is made"
m2682-subset-0157,m2682-candidate-007,m1680-spec-0064,m1680-spec-0064::L0_current_masked,L0_current_masked,T5,capability_step_down|t5_near_boundary_warmup,hidden_dynamics_or_actuator_response,decision_minus_24,all_72_specs;explicit_window_subset;task_family_T5,off_track_noncollision_noncompletion,off_track,1,"candidate admits whole spec/profile cells for post-audit measured execution, not current-row interpretation",post_audit_measured_subset_candidate,True,True,False,False,False,"Route B task-quality and role-semantics repair materialization only; existing M2677 and M2680 rows may be reaggregated into diagnostic blocker, candidate, excluded, and proposed future measured-subset panels, but no reset, step, rollout, replay, validation, training, PPO, private holdout, profile-specific tuning, controller-family ranking, winner selection, promotion, success-rate verdict, driver-performance, paper, finite-window-vs-GRU, current-response sufficiency, current-sim, high-fidelity validation, full ideal driver, or self-ID claim is made"
m2682-subset-0158,m2682-candidate-007,m1680-spec-0064,m1680-spec-0064::L1_one_step,L1_one_step,T5,capability_step_down|t5_near_boundary_warmup,hidden_dynamics_or_actuator_response,decision_minus_24,all_72_specs;explicit_window_subset;task_family_T5,off_track_noncollision_noncompletion,off_track,1,"candidate admits whole spec/profile cells for post-audit measured execution, not current-row interpretation",post_audit_measured_subset_candidate,True,True,False,False,False,"Route B task-quality and role-semantics repair materialization only; existing M2677 and M2680 rows may be reaggregated into diagnostic blocker, candidate, excluded, and proposed future measured-subset panels, but no reset, step, rollout, replay, validation, training, PPO, private holdout, profile-specific tuning, controller-family ranking, winner selection, promotion, success-rate verdict, driver-performance, paper, finite-window-vs-GRU, current-response sufficiency, current-sim, high-fidelity validation, full ideal driver, or self-ID claim is made"
m2682-subset-0159,m2682-candidate-007,m1680-spec-0064,m1680-spec-0064::L2_window_100,L2_window_100,T5,capability_step_down|t5_near_boundary_warmup,hidden_dynamics_or_actuator_response,decision_minus_24,all_72_specs;explicit_window_subset;task_family_T5,off_track_noncollision_noncompletion,off_track,100,"candidate admits whole spec/profile cells for post-audit measured execution, not current-row interpretation",post_audit_measured_subset_candidate,True,True,False,False,False,"Route B task-quality and role-semantics repair materialization only; existing M2677 and M2680 rows may be reaggregated into diagnostic blocker, candidate, excluded, and proposed future measured-subset panels, but no reset, step, rollout, replay, validation, training, PPO, private holdout, profile-specific tuning, controller-family ranking, winner selection, promotion, success-rate verdict, driver-performance, paper, finite-window-vs-GRU, current-response sufficiency, current-sim, high-fidelity validation, full ideal driver, or self-ID claim is made"
m2682-subset-0160,m2682-candidate-007,m1680-spec-0064,m1680-spec-0064::L2_window_100_current_tiled,L2_window_100_current_tiled,T5,capability_step_down|t5_near_boundary_warmup,hidden_dynamics_or_actuator_response,decision_minus_24,all_72_specs;explicit_window_subset;task_family_T5,off_track_noncollision_noncompletion,off_track,100,"candidate admits whole spec/profile cells for post-audit measured execution, not current-row interpretation",post_audit_measured_subset_candidate,True,True,False,False,False,"Route B task-quality and role-semantics repair materialization only; existing M2677 and M2680 rows may be reaggregated into diagnostic blocker, candidate, excluded, and proposed future measured-subset panels, but no reset, step, rollout, replay, validation, training, PPO, private holdout, profile-specific tuning, controller-family ranking, winner selection, promotion, success-rate verdict, driver-performance, paper, finite-window-vs-GRU, current-response sufficiency, current-sim, high-fidelity validation, full ideal driver, or self-ID claim is made"
m2682-subset-0161,m2682-candidate-007,m1680-spec-0064,m1680-spec-0064::L2_window_13,L2_window_13,T5,capability_step_down|t5_near_boundary_warmup,hidden_dynamics_or_actuator_response,decision_minus_24,all_72_specs;explicit_window_subset;task_family_T5,off_track_noncollision_noncompletion,off_track,13,"candidate admits whole spec/profile cells for post-audit measured execution, not current-row interpretation",post_audit_measured_subset_candidate,True,True,False,False,False,"Route B task-quality and role-semantics repair materialization only; existing M2677 and M2680 rows may be reaggregated into diagnostic blocker, candidate, excluded, and proposed future measured-subset panels, but no reset, step, rollout, replay, validation, training, PPO, private holdout, profile-specific tuning, controller-family ranking, winner selection, promotion, success-rate verdict, driver-performance, paper, finite-window-vs-GRU, current-response sufficiency, current-sim, high-fidelity validation, full ideal driver, or self-ID claim is made"
m2682-subset-0162,m2682-candidate-007,m1680-spec-0064,m1680-spec-0064::L2_window_13_current_tiled,L2_window_13_current_tiled,T5,capability_step_down|t5_near_boundary_warmup,hidden_dynamics_or_actuator_response,decision_minus_24,all_72_specs;explicit_window_subset;task_family_T5,off_track_noncollision_noncompletion,off_track,13,"candidate admits whole spec/profile cells for post-audit measured execution, not current-row interpretation",post_audit_measured_subset_candidate,True,True,False,False,False,"Route B task-quality and role-semantics repair materialization only; existing M2677 and M2680 rows may be reaggregated into diagnostic blocker, candidate, excluded, and proposed future measured-subset panels, but no reset, step, rollout, replay, validation, training, PPO, private holdout, profile-specific tuning, controller-family ranking, winner selection, promotion, success-rate verdict, driver-performance, paper, finite-window-vs-GRU, current-response sufficiency, current-sim, high-fidelity validation, full ideal driver, or self-ID claim is made"
m2682-subset-0163,m2682-candidate-007,m1680-spec-0064,m1680-spec-0064::L2_window_25,L2_window_25,T5,capability_step_down|t5_near_boundary_warmup,hidden_dynamics_or_actuator_response,decision_minus_24,all_72_specs;explicit_window_subset;task_family_T5,off_track_noncollision_noncompletion,off_track,25,"candidate admits whole spec/profile cells for post-audit measured execution, not current-row interpretation",post_audit_measured_subset_candidate,True,True,False,False,False,"Route B task-quality and role-semantics repair materialization only; existing M2677 and M2680 rows may be reaggregated into diagnostic blocker, candidate, excluded, and proposed future measured-subset panels, but no reset, step, rollout, replay, validation, training, PPO, private holdout, profile-specific tuning, controller-family ranking, winner selection, promotion, success-rate verdict, driver-performance, paper, finite-window-vs-GRU, current-response sufficiency, current-sim, high-fidelity validation, full ideal driver, or self-ID claim is made"
m2682-subset-0164,m2682-candidate-007,m1680-spec-0064,m1680-spec-0064::L2_window_25_current_tiled,L2_window_25_current_tiled,T5,capability_step_down|t5_near_boundary_warmup,hidden_dynamics_or_actuator_response,decision_minus_24,all_72_specs;explicit_window_subset;task_family_T5,off_track_noncollision_noncompletion,off_track,25,"candidate admits whole spec/profile cells for post-audit measured execution, not current-row interpretation",post_audit_measured_subset_candidate,True,True,False,False,False,"Route B task-quality and role-semantics repair materialization only; existing M2677 and M2680 rows may be reaggregated into diagnostic blocker, candidate, excluded, and proposed future measured-subset panels, but no reset, step, rollout, replay, validation, training, PPO, private holdout, profile-specific tuning, controller-family ranking, winner selection, promotion, success-rate verdict, driver-performance, paper, finite-window-vs-GRU, current-response sufficiency, current-sim, high-fidelity validation, full ideal driver, or self-ID claim is made"
m2682-subset-0165,m2682-candidate-007,m1680-spec-0064,m1680-spec-0064::L2_window_50,L2_window_50,T5,capability_step_down|t5_near_boundary_warmup,hidden_dynamics_or_actuator_response,decision_minus_24,all_72_specs;explicit_window_subset;task_family_T5,off_track_noncollision_noncompletion,off_track,50,"candidate admits whole spec/profile cells for post-audit measured execution, not current-row interpretation",post_audit_measured_subset_candidate,True,True,False,False,False,"Route B task-quality and role-semantics repair materialization only; existing M2677 and M2680 rows may be reaggregated into diagnostic blocker, candidate, excluded, and proposed future measured-subset panels, but no reset, step, rollout, replay, validation, training, PPO, private holdout, profile-specific tuning, controller-family ranking, winner selection, promotion, success-rate verdict, driver-performance, paper, finite-window-vs-GRU, current-response sufficiency, current-sim, high-fidelity validation, full ideal driver, or self-ID claim is made"
m2682-subset-0166,m2682-candidate-007,m1680-spec-0064,m1680-spec-0064::L2_window_50_current_tiled,L2_window_50_current_tiled,T5,capability_step_down|t5_near_boundary_warmup,hidden_dynamics_or_actuator_response,decision_minus_24,all_72_specs;explicit_window_subset;task_family_T5,off_track_noncollision_noncompletion,off_track,50,"candidate admits whole spec/profile cells for post-audit measured execution, not current-row interpretation",post_audit_measured_subset_candidate,True,True,False,False,False,"Route B task-quality and role-semantics repair materialization only; existing M2677 and M2680 rows may be reaggregated into diagnostic blocker, candidate, excluded, and proposed future measured-subset panels, but no reset, step, rollout, replay, validation, training, PPO, private holdout, profile-specific tuning, controller-family ranking, winner selection, promotion, success-rate verdict, driver-performance, paper, finite-window-vs-GRU, current-response sufficiency, current-sim, high-fidelity validation, full ideal driver, or self-ID claim is made"
m2682-subset-0167,m2682-candidate-007,m1680-spec-0064,m1680-spec-0064::L3_online_gru,L3_online_gru,T5,capability_step_down|t5_near_boundary_warmup,hidden_dynamics_or_actuator_response,decision_minus_24,all_72_specs;explicit_window_subset;task_family_T5,success_obstacle_pass,,1,"candidate admits whole spec/profile cells for post-audit measured execution, not current-row interpretation",post_audit_measured_subset_candidate,True,True,False,False,False,"Route B task-quality and role-semantics repair materialization only; existing M2677 and M2680 rows may be reaggregated into diagnostic blocker, candidate, excluded, and proposed future measured-subset panels, but no reset, step, rollout, replay, validation, training, PPO, private holdout, profile-specific tuning, controller-family ranking, winner selection, promotion, success-rate verdict, driver-performance, paper, finite-window-vs-GRU, current-response sufficiency, current-sim, high-fidelity validation, full ideal driver, or self-ID claim is made"
m2682-subset-0168,m2682-candidate-007,m1680-spec-0064,m1680-spec-0064::L3_reset_control_corrected,L3_reset_control_corrected,T5,capability_step_down|t5_near_boundary_warmup,hidden_dynamics_or_actuator_response,decision_minus_24,all_72_specs;explicit_window_subset;task_family_T5,success_obstacle_pass,,1,"candidate admits whole spec/profile cells for post-audit measured execution, not current-row interpretation",post_audit_measured_subset_candidate,True,True,False,False,False,"Route B task-quality and role-semantics repair materialization only; existing M2677 and M2680 rows may be reaggregated into diagnostic blocker, candidate, excluded, and proposed future measured-subset panels, but no reset, step, rollout, replay, validation, training, PPO, private holdout, profile-specific tuning, controller-family ranking, winner selection, promotion, success-rate verdict, driver-performance, paper, finite-window-vs-GRU, current-response sufficiency, current-sim, high-fidelity validation, full ideal driver, or self-ID claim is made"
m2682-subset-0169,m2682-candidate-009,m1680-spec-0059,m1680-spec-0059::L0_current_masked,L0_current_masked,T5,curved_boundary_obstacle|t5_boundary_axis_retarget,boundary_or_reveal_geometry,decision_minus_32,all_72_specs;explicit_window_subset;task_family_T5,off_track_noncollision_noncompletion,off_track,1,"candidate admits whole spec/profile cells for post-audit measured execution, not current-row interpretation",post_audit_measured_subset_candidate,True,True,False,False,False,"Route B task-quality and role-semantics repair materialization only; existing M2677 and M2680 rows may be reaggregated into diagnostic blocker, candidate, excluded, and proposed future measured-subset panels, but no reset, step, rollout, replay, validation, training, PPO, private holdout, profile-specific tuning, controller-family ranking, winner selection, promotion, success-rate verdict, driver-performance, paper, finite-window-vs-GRU, current-response sufficiency, current-sim, high-fidelity validation, full ideal driver, or self-ID claim is made"
m2682-subset-0170,m2682-candidate-009,m1680-spec-0059,m1680-spec-0059::L1_one_step,L1_one_step,T5,curved_boundary_obstacle|t5_boundary_axis_retarget,boundary_or_reveal_geometry,decision_minus_32,all_72_specs;explicit_window_subset;task_family_T5,off_track_noncollision_noncompletion,off_track,1,"candidate admits whole spec/profile cells for post-audit measured execution, not current-row interpretation",post_audit_measured_subset_candidate,True,True,False,False,False,"Route B task-quality and role-semantics repair materialization only; existing M2677 and M2680 rows may be reaggregated into diagnostic blocker, candidate, excluded, and proposed future measured-subset panels, but no reset, step, rollout, replay, validation, training, PPO, private holdout, profile-specific tuning, controller-family ranking, winner selection, promotion, success-rate verdict, driver-performance, paper, finite-window-vs-GRU, current-response sufficiency, current-sim, high-fidelity validation, full ideal driver, or self-ID claim is made"
m2682-subset-0171,m2682-candidate-009,m1680-spec-0059,m1680-spec-0059::L2_window_100,L2_window_100,T5,curved_boundary_obstacle|t5_boundary_axis_retarget,boundary_or_reveal_geometry,decision_minus_32,all_72_specs;explicit_window_subset;task_family_T5,off_track_noncollision_noncompletion,off_track,100,"candidate admits whole spec/profile cells for post-audit measured execution, not current-row interpretation",post_audit_measured_subset_candidate,True,True,False,False,False,"Route B task-quality and role-semantics repair materialization only; existing M2677 and M2680 rows may be reaggregated into diagnostic blocker, candidate, excluded, and proposed future measured-subset panels, but no reset, step, rollout, replay, validation, training, PPO, private holdout, profile-specific tuning, controller-family ranking, winner selection, promotion, success-rate verdict, driver-performance, paper, finite-window-vs-GRU, current-response sufficiency, current-sim, high-fidelity validation, full ideal driver, or self-ID claim is made"
m2682-subset-0172,m2682-candidate-009,m1680-spec-0059,m1680-spec-0059::L2_window_100_current_tiled,L2_window_100_current_tiled,T5,curved_boundary_obstacle|t5_boundary_axis_retarget,boundary_or_reveal_geometry,decision_minus_32,all_72_specs;explicit_window_subset;task_family_T5,off_track_noncollision_noncompletion,off_track,100,"candidate admits whole spec/profile cells for post-audit measured execution, not current-row interpretation",post_audit_measured_subset_candidate,True,True,False,False,False,"Route B task-quality and role-semantics repair materialization only; existing M2677 and M2680 rows may be reaggregated into diagnostic blocker, candidate, excluded, and proposed future measured-subset panels, but no reset, step, rollout, replay, validation, training, PPO, private holdout, profile-specific tuning, controller-family ranking, winner selection, promotion, success-rate verdict, driver-performance, paper, finite-window-vs-GRU, current-response sufficiency, current-sim, high-fidelity validation, full ideal driver, or self-ID claim is made"
m2682-subset-0173,m2682-candidate-009,m1680-spec-0059,m1680-spec-0059::L2_window_13,L2_window_13,T5,curved_boundary_obstacle|t5_boundary_axis_retarget,boundary_or_reveal_geometry,decision_minus_32,all_72_specs;explicit_window_subset;task_family_T5,off_track_noncollision_noncompletion,off_track,13,"candidate admits whole spec/profile cells for post-audit measured execution, not current-row interpretation",post_audit_measured_subset_candidate,True,True,False,False,False,"Route B task-quality and role-semantics repair materialization only; existing M2677 and M2680 rows may be reaggregated into diagnostic blocker, candidate, excluded, and proposed future measured-subset panels, but no reset, step, rollout, replay, validation, training, PPO, private holdout, profile-specific tuning, controller-family ranking, winner selection, promotion, success-rate verdict, driver-performance, paper, finite-window-vs-GRU, current-response sufficiency, current-sim, high-fidelity validation, full ideal driver, or self-ID claim is made"
m2682-subset-0174,m2682-candidate-009,m1680-spec-0059,m1680-spec-0059::L2_window_13_current_tiled,L2_window_13_current_tiled,T5,curved_boundary_obstacle|t5_boundary_axis_retarget,boundary_or_reveal_geometry,decision_minus_32,all_72_specs;explicit_window_subset;task_family_T5,off_track_noncollision_noncompletion,off_track,13,"candidate admits whole spec/profile cells for post-audit measured execution, not current-row interpretation",post_audit_measured_subset_candidate,True,True,False,False,False,"Route B task-quality and role-semantics repair materialization only; existing M2677 and M2680 rows may be reaggregated into diagnostic blocker, candidate, excluded, and proposed future measured-subset panels, but no reset, step, rollout, replay, validation, training, PPO, private holdout, profile-specific tuning, controller-family ranking, winner selection, promotion, success-rate verdict, driver-performance, paper, finite-window-vs-GRU, current-response sufficiency, current-sim, high-fidelity validation, full ideal driver, or self-ID claim is made"
m2682-subset-0175,m2682-candidate-009,m1680-spec-0059,m1680-spec-0059::L2_window_25,L2_window_25,T5,curved_boundary_obstacle|t5_boundary_axis_retarget,boundary_or_reveal_geometry,decision_minus_32,all_72_specs;explicit_window_subset;task_family_T5,off_track_noncollision_noncompletion,off_track,25,"candidate admits whole spec/profile cells for post-audit measured execution, not current-row interpretation",post_audit_measured_subset_candidate,True,True,False,False,False,"Route B task-quality and role-semantics repair materialization only; existing M2677 and M2680 rows may be reaggregated into diagnostic blocker, candidate, excluded, and proposed future measured-subset panels, but no reset, step, rollout, replay, validation, training, PPO, private holdout, profile-specific tuning, controller-family ranking, winner selection, promotion, success-rate verdict, driver-performance, paper, finite-window-vs-GRU, current-response sufficiency, current-sim, high-fidelity validation, full ideal driver, or self-ID claim is made"
m2682-subset-0176,m2682-candidate-009,m1680-spec-0059,m1680-spec-0059::L2_window_25_current_tiled,L2_window_25_current_tiled,T5,curved_boundary_obstacle|t5_boundary_axis_retarget,boundary_or_reveal_geometry,decision_minus_32,all_72_specs;explicit_window_subset;task_family_T5,collision_failure,obstacle_collision,25,"candidate admits whole spec/profile cells for post-audit measured execution, not current-row interpretation",post_audit_measured_subset_candidate,True,True,False,False,False,"Route B task-quality and role-semantics repair materialization only; existing M2677 and M2680 rows may be reaggregated into diagnostic blocker, candidate, excluded, and proposed future measured-subset panels, but no reset, step, rollout, replay, validation, training, PPO, private holdout, profile-specific tuning, controller-family ranking, winner selection, promotion, success-rate verdict, driver-performance, paper, finite-window-vs-GRU, current-response sufficiency, current-sim, high-fidelity validation, full ideal driver, or self-ID claim is made"
m2682-subset-0177,m2682-candidate-009,m1680-spec-0059,m1680-spec-0059::L2_window_50,L2_window_50,T5,curved_boundary_obstacle|t5_boundary_axis_retarget,boundary_or_reveal_geometry,decision_minus_32,all_72_specs;explicit_window_subset;task_family_T5,off_track_noncollision_noncompletion,off_track,50,"candidate admits whole spec/profile cells for post-audit measured execution, not current-row interpretation",post_audit_measured_subset_candidate,True,True,False,False,False,"Route B task-quality and role-semantics repair materialization only; existing M2677 and M2680 rows may be reaggregated into diagnostic blocker, candidate, excluded, and proposed future measured-subset panels, but no reset, step, rollout, replay, validation, training, PPO, private holdout, profile-specific tuning, controller-family ranking, winner selection, promotion, success-rate verdict, driver-performance, paper, finite-window-vs-GRU, current-response sufficiency, current-sim, high-fidelity validation, full ideal driver, or self-ID claim is made"
m2682-subset-0178,m2682-candidate-009,m1680-spec-0059,m1680-spec-0059::L2_window_50_current_tiled,L2_window_50_current_tiled,T5,curved_boundary_obstacle|t5_boundary_axis_retarget,boundary_or_reveal_geometry,decision_minus_32,all_72_specs;explicit_window_subset;task_family_T5,off_track_noncollision_noncompletion,off_track,50,"candidate admits whole spec/profile cells for post-audit measured execution, not current-row interpretation",post_audit_measured_subset_candidate,True,True,False,False,False,"Route B task-quality and role-semantics repair materialization only; existing M2677 and M2680 rows may be reaggregated into diagnostic blocker, candidate, excluded, and proposed future measured-subset panels, but no reset, step, rollout, replay, validation, training, PPO, private holdout, profile-specific tuning, controller-family ranking, winner selection, promotion, success-rate verdict, driver-performance, paper, finite-window-vs-GRU, current-response sufficiency, current-sim, high-fidelity validation, full ideal driver, or self-ID claim is made"
m2682-subset-0179,m2682-candidate-009,m1680-spec-0059,m1680-spec-0059::L3_online_gru,L3_online_gru,T5,curved_boundary_obstacle|t5_boundary_axis_retarget,boundary_or_reveal_geometry,decision_minus_32,all_72_specs;explicit_window_subset;task_family_T5,off_track_noncollision_noncompletion,off_track,1,"candidate admits whole spec/profile cells for post-audit measured execution, not current-row interpretation",post_audit_measured_subset_candidate,True,True,False,False,False,"Route B task-quality and role-semantics repair materialization only; existing M2677 and M2680 rows may be reaggregated into diagnostic blocker, candidate, excluded, and proposed future measured-subset panels, but no reset, step, rollout, replay, validation, training, PPO, private holdout, profile-specific tuning, controller-family ranking, winner selection, promotion, success-rate verdict, driver-performance, paper, finite-window-vs-GRU, current-response sufficiency, current-sim, high-fidelity validation, full ideal driver, or self-ID claim is made"
m2682-subset-0180,m2682-candidate-009,m1680-spec-0059,m1680-spec-0059::L3_reset_control_corrected,L3_reset_control_corrected,T5,curved_boundary_obstacle|t5_boundary_axis_retarget,boundary_or_reveal_geometry,decision_minus_32,all_72_specs;explicit_window_subset;task_family_T5,success_obstacle_pass,,1,"candidate admits whole spec/profile cells for post-audit measured execution, not current-row interpretation",post_audit_measured_subset_candidate,True,True,False,False,False,"Route B task-quality and role-semantics repair materialization only; existing M2677 and M2680 rows may be reaggregated into diagnostic blocker, candidate, excluded, and proposed future measured-subset panels, but no reset, step, rollout, replay, validation, training, PPO, private holdout, profile-specific tuning, controller-family ranking, winner selection, promotion, success-rate verdict, driver-performance, paper, finite-window-vs-GRU, current-response sufficiency, current-sim, high-fidelity validation, full ideal driver, or self-ID claim is made"
m2682-subset-0181,m2682-candidate-009,m1680-spec-0068,m1680-spec-0068::L0_current_masked,L0_current_masked,T5,curved_boundary_obstacle|t5_boundary_axis_retarget,boundary_or_reveal_geometry,decision_minus_32,all_72_specs;explicit_window_subset;task_family_T5,collision_failure,obstacle_collision,1,"candidate admits whole spec/profile cells for post-audit measured execution, not current-row interpretation",post_audit_measured_subset_candidate,True,True,False,False,False,"Route B task-quality and role-semantics repair materialization only; existing M2677 and M2680 rows may be reaggregated into diagnostic blocker, candidate, excluded, and proposed future measured-subset panels, but no reset, step, rollout, replay, validation, training, PPO, private holdout, profile-specific tuning, controller-family ranking, winner selection, promotion, success-rate verdict, driver-performance, paper, finite-window-vs-GRU, current-response sufficiency, current-sim, high-fidelity validation, full ideal driver, or self-ID claim is made"
m2682-subset-0182,m2682-candidate-009,m1680-spec-0068,m1680-spec-0068::L1_one_step,L1_one_step,T5,curved_boundary_obstacle|t5_boundary_axis_retarget,boundary_or_reveal_geometry,decision_minus_32,all_72_specs;explicit_window_subset;task_family_T5,collision_failure,obstacle_collision,1,"candidate admits whole spec/profile cells for post-audit measured execution, not current-row interpretation",post_audit_measured_subset_candidate,True,True,False,False,False,"Route B task-quality and role-semantics repair materialization only; existing M2677 and M2680 rows may be reaggregated into diagnostic blocker, candidate, excluded, and proposed future measured-subset panels, but no reset, step, rollout, replay, validation, training, PPO, private holdout, profile-specific tuning, controller-family ranking, winner selection, promotion, success-rate verdict, driver-performance, paper, finite-window-vs-GRU, current-response sufficiency, current-sim, high-fidelity validation, full ideal driver, or self-ID claim is made"
m2682-subset-0183,m2682-candidate-009,m1680-spec-0068,m1680-spec-0068::L2_window_100,L2_window_100,T5,curved_boundary_obstacle|t5_boundary_axis_retarget,boundary_or_reveal_geometry,decision_minus_32,all_72_specs;explicit_window_subset;task_family_T5,off_track_noncollision_noncompletion,off_track,100,"candidate admits whole spec/profile cells for post-audit measured execution, not current-row interpretation",post_audit_measured_subset_candidate,True,True,False,False,False,"Route B task-quality and role-semantics repair materialization only; existing M2677 and M2680 rows may be reaggregated into diagnostic blocker, candidate, excluded, and proposed future measured-subset panels, but no reset, step, rollout, replay, validation, training, PPO, private holdout, profile-specific tuning, controller-family ranking, winner selection, promotion, success-rate verdict, driver-performance, paper, finite-window-vs-GRU, current-response sufficiency, current-sim, high-fidelity validation, full ideal driver, or self-ID claim is made"
m2682-subset-0184,m2682-candidate-009,m1680-spec-0068,m1680-spec-0068::L2_window_100_current_tiled,L2_window_100_current_tiled,T5,curved_boundary_obstacle|t5_boundary_axis_retarget,boundary_or_reveal_geometry,decision_minus_32,all_72_specs;explicit_window_subset;task_family_T5,off_track_noncollision_noncompletion,off_track,100,"candidate admits whole spec/profile cells for post-audit measured execution, not current-row interpretation",post_audit_measured_subset_candidate,True,True,False,False,False,"Route B task-quality and role-semantics repair materialization only; existing M2677 and M2680 rows may be reaggregated into diagnostic blocker, candidate, excluded, and proposed future measured-subset panels, but no reset, step, rollout, replay, validation, training, PPO, private holdout, profile-specific tuning, controller-family ranking, winner selection, promotion, success-rate verdict, driver-performance, paper, finite-window-vs-GRU, current-response sufficiency, current-sim, high-fidelity validation, full ideal driver, or self-ID claim is made"
m2682-subset-0185,m2682-candidate-009,m1680-spec-0068,m1680-spec-0068::L2_window_13,L2_window_13,T5,curved_boundary_obstacle|t5_boundary_axis_retarget,boundary_or_reveal_geometry,decision_minus_32,all_72_specs;explicit_window_subset;task_family_T5,off_track_noncollision_noncompletion,off_track,13,"candidate admits whole spec/profile cells for post-audit measured execution, not current-row interpretation",post_audit_measured_subset_candidate,True,True,False,False,False,"Route B task-quality and role-semantics repair materialization only; existing M2677 and M2680 rows may be reaggregated into diagnostic blocker, candidate, excluded, and proposed future measured-subset panels, but no reset, step, rollout, replay, validation, training, PPO, private holdout, profile-specific tuning, controller-family ranking, winner selection, promotion, success-rate verdict, driver-performance, paper, finite-window-vs-GRU, current-response sufficiency, current-sim, high-fidelity validation, full ideal driver, or self-ID claim is made"
m2682-subset-0186,m2682-candidate-009,m1680-spec-0068,m1680-spec-0068::L2_window_13_current_tiled,L2_window_13_current_tiled,T5,curved_boundary_obstacle|t5_boundary_axis_retarget,boundary_or_reveal_geometry,decision_minus_32,all_72_specs;explicit_window_subset;task_family_T5,off_track_noncollision_noncompletion,off_track,13,"candidate admits whole spec/profile cells for post-audit measured execution, not current-row interpretation",post_audit_measured_subset_candidate,True,True,False,False,False,"Route B task-quality and role-semantics repair materialization only; existing M2677 and M2680 rows may be reaggregated into diagnostic blocker, candidate, excluded, and proposed future measured-subset panels, but no reset, step, rollout, replay, validation, training, PPO, private holdout, profile-specific tuning, controller-family ranking, winner selection, promotion, success-rate verdict, driver-performance, paper, finite-window-vs-GRU, current-response sufficiency, current-sim, high-fidelity validation, full ideal driver, or self-ID claim is made"
m2682-subset-0187,m2682-candidate-009,m1680-spec-0068,m1680-spec-0068::L2_window_25,L2_window_25,T5,curved_boundary_obstacle|t5_boundary_axis_retarget,boundary_or_reveal_geometry,decision_minus_32,all_72_specs;explicit_window_subset;task_family_T5,collision_failure,obstacle_collision,25,"candidate admits whole spec/profile cells for post-audit measured execution, not current-row interpretation",post_audit_measured_subset_candidate,True,True,False,False,False,"Route B task-quality and role-semantics repair materialization only; existing M2677 and M2680 rows may be reaggregated into diagnostic blocker, candidate, excluded, and proposed future measured-subset panels, but no reset, step, rollout, replay, validation, training, PPO, private holdout, profile-specific tuning, controller-family ranking, winner selection, promotion, success-rate verdict, driver-performance, paper, finite-window-vs-GRU, current-response sufficiency, current-sim, high-fidelity validation, full ideal driver, or self-ID claim is made"
m2682-subset-0188,m2682-candidate-009,m1680-spec-0068,m1680-spec-0068::L2_window_25_current_tiled,L2_window_25_current_tiled,T5,curved_boundary_obstacle|t5_boundary_axis_retarget,boundary_or_reveal_geometry,decision_minus_32,all_72_specs;explicit_window_subset;task_family_T5,off_track_noncollision_noncompletion,off_track,25,"candidate admits whole spec/profile cells for post-audit measured execution, not current-row interpretation",post_audit_measured_subset_candidate,True,True,False,False,False,"Route B task-quality and role-semantics repair materialization only; existing M2677 and M2680 rows may be reaggregated into diagnostic blocker, candidate, excluded, and proposed future measured-subset panels, but no reset, step, rollout, replay, validation, training, PPO, private holdout, profile-specific tuning, controller-family ranking, winner selection, promotion, success-rate verdict, driver-performance, paper, finite-window-vs-GRU, current-response sufficiency, current-sim, high-fidelity validation, full ideal driver, or self-ID claim is made"
m2682-subset-0189,m2682-candidate-009,m1680-spec-0068,m1680-spec-0068::L2_window_50,L2_window_50,T5,curved_boundary_obstacle|t5_boundary_axis_retarget,boundary_or_reveal_geometry,decision_minus_32,all_72_specs;explicit_window_subset;task_family_T5,off_track_noncollision_noncompletion,off_track,50,"candidate admits whole spec/profile cells for post-audit measured execution, not current-row interpretation",post_audit_measured_subset_candidate,True,True,False,False,False,"Route B task-quality and role-semantics repair materialization only; existing M2677 and M2680 rows may be reaggregated into diagnostic blocker, candidate, excluded, and proposed future measured-subset panels, but no reset, step, rollout, replay, validation, training, PPO, private holdout, profile-specific tuning, controller-family ranking, winner selection, promotion, success-rate verdict, driver-performance, paper, finite-window-vs-GRU, current-response sufficiency, current-sim, high-fidelity validation, full ideal driver, or self-ID claim is made"
m2682-subset-0190,m2682-candidate-009,m1680-spec-0068,m1680-spec-0068::L2_window_50_current_tiled,L2_window_50_current_tiled,T5,curved_boundary_obstacle|t5_boundary_axis_retarget,boundary_or_reveal_geometry,decision_minus_32,all_72_specs;explicit_window_subset;task_family_T5,off_track_noncollision_noncompletion,off_track,50,"candidate admits whole spec/profile cells for post-audit measured execution, not current-row interpretation",post_audit_measured_subset_candidate,True,True,False,False,False,"Route B task-quality and role-semantics repair materialization only; existing M2677 and M2680 rows may be reaggregated into diagnostic blocker, candidate, excluded, and proposed future measured-subset panels, but no reset, step, rollout, replay, validation, training, PPO, private holdout, profile-specific tuning, controller-family ranking, winner selection, promotion, success-rate verdict, driver-performance, paper, finite-window-vs-GRU, current-response sufficiency, current-sim, high-fidelity validation, full ideal driver, or self-ID claim is made"
m2682-subset-0191,m2682-candidate-009,m1680-spec-0068,m1680-spec-0068::L3_online_gru,L3_online_gru,T5,curved_boundary_obstacle|t5_boundary_axis_retarget,boundary_or_reveal_geometry,decision_minus_32,all_72_specs;explicit_window_subset;task_family_T5,off_track_noncollision_noncompletion,off_track,1,"candidate admits whole spec/profile cells for post-audit measured execution, not current-row interpretation",post_audit_measured_subset_candidate,True,True,False,False,False,"Route B task-quality and role-semantics repair materialization only; existing M2677 and M2680 rows may be reaggregated into diagnostic blocker, candidate, excluded, and proposed future measured-subset panels, but no reset, step, rollout, replay, validation, training, PPO, private holdout, profile-specific tuning, controller-family ranking, winner selection, promotion, success-rate verdict, driver-performance, paper, finite-window-vs-GRU, current-response sufficiency, current-sim, high-fidelity validation, full ideal driver, or self-ID claim is made"
m2682-subset-0192,m2682-candidate-009,m1680-spec-0068,m1680-spec-0068::L3_reset_control_corrected,L3_reset_control_corrected,T5,curved_boundary_obstacle|t5_boundary_axis_retarget,boundary_or_reveal_geometry,decision_minus_32,all_72_specs;explicit_window_subset;task_family_T5,success_obstacle_pass,,1,"candidate admits whole spec/profile cells for post-audit measured execution, not current-row interpretation",post_audit_measured_subset_candidate,True,True,False,False,False,"Route B task-quality and role-semantics repair materialization only; existing M2677 and M2680 rows may be reaggregated into diagnostic blocker, candidate, excluded, and proposed future measured-subset panels, but no reset, step, rollout, replay, validation, training, PPO, private holdout, profile-specific tuning, controller-family ranking, winner selection, promotion, success-rate verdict, driver-performance, paper, finite-window-vs-GRU, current-response sufficiency, current-sim, high-fidelity validation, full ideal driver, or self-ID claim is made"
m2682-subset-0193,m2682-candidate-008,m1680-spec-0041,m1680-spec-0041::L0_current_masked,L0_current_masked,T5,drive_loss_proxy|curved_boundary_obstacle,hidden_dynamics_or_actuator_response,mapping_window_unspecified,all_72_specs;mapping_window_unspecified;task_family_T5,off_track_noncollision_noncompletion,off_track,1,"candidate admits whole spec/profile cells for post-audit measured execution, not current-row interpretation",post_audit_measured_subset_candidate,True,True,False,False,False,"Route B task-quality and role-semantics repair materialization only; existing M2677 and M2680 rows may be reaggregated into diagnostic blocker, candidate, excluded, and proposed future measured-subset panels, but no reset, step, rollout, replay, validation, training, PPO, private holdout, profile-specific tuning, controller-family ranking, winner selection, promotion, success-rate verdict, driver-performance, paper, finite-window-vs-GRU, current-response sufficiency, current-sim, high-fidelity validation, full ideal driver, or self-ID claim is made"
m2682-subset-0194,m2682-candidate-008,m1680-spec-0041,m1680-spec-0041::L1_one_step,L1_one_step,T5,drive_loss_proxy|curved_boundary_obstacle,hidden_dynamics_or_actuator_response,mapping_window_unspecified,all_72_specs;mapping_window_unspecified;task_family_T5,collision_failure,obstacle_collision,1,"candidate admits whole spec/profile cells for post-audit measured execution, not current-row interpretation",post_audit_measured_subset_candidate,True,True,False,False,False,"Route B task-quality and role-semantics repair materialization only; existing M2677 and M2680 rows may be reaggregated into diagnostic blocker, candidate, excluded, and proposed future measured-subset panels, but no reset, step, rollout, replay, validation, training, PPO, private holdout, profile-specific tuning, controller-family ranking, winner selection, promotion, success-rate verdict, driver-performance, paper, finite-window-vs-GRU, current-response sufficiency, current-sim, high-fidelity validation, full ideal driver, or self-ID claim is made"
m2682-subset-0195,m2682-candidate-008,m1680-spec-0041,m1680-spec-0041::L2_window_100,L2_window_100,T5,drive_loss_proxy|curved_boundary_obstacle,hidden_dynamics_or_actuator_response,mapping_window_unspecified,all_72_specs;mapping_window_unspecified;task_family_T5,off_track_noncollision_noncompletion,off_track,100,"candidate admits whole spec/profile cells for post-audit measured execution, not current-row interpretation",post_audit_measured_subset_candidate,True,True,False,False,False,"Route B task-quality and role-semantics repair materialization only; existing M2677 and M2680 rows may be reaggregated into diagnostic blocker, candidate, excluded, and proposed future measured-subset panels, but no reset, step, rollout, replay, validation, training, PPO, private holdout, profile-specific tuning, controller-family ranking, winner selection, promotion, success-rate verdict, driver-performance, paper, finite-window-vs-GRU, current-response sufficiency, current-sim, high-fidelity validation, full ideal driver, or self-ID claim is made"
m2682-subset-0196,m2682-candidate-008,m1680-spec-0041,m1680-spec-0041::L2_window_100_current_tiled,L2_window_100_current_tiled,T5,drive_loss_proxy|curved_boundary_obstacle,hidden_dynamics_or_actuator_response,mapping_window_unspecified,all_72_specs;mapping_window_unspecified;task_family_T5,off_track_noncollision_noncompletion,off_track,100,"candidate admits whole spec/profile cells for post-audit measured execution, not current-row interpretation",post_audit_measured_subset_candidate,True,True,False,False,False,"Route B task-quality and role-semantics repair materialization only; existing M2677 and M2680 rows may be reaggregated into diagnostic blocker, candidate, excluded, and proposed future measured-subset panels, but no reset, step, rollout, replay, validation, training, PPO, private holdout, profile-specific tuning, controller-family ranking, winner selection, promotion, success-rate verdict, driver-performance, paper, finite-window-vs-GRU, current-response sufficiency, current-sim, high-fidelity validation, full ideal driver, or self-ID claim is made"
m2682-subset-0197,m2682-candidate-008,m1680-spec-0041,m1680-spec-0041::L2_window_13,L2_window_13,T5,drive_loss_proxy|curved_boundary_obstacle,hidden_dynamics_or_actuator_response,mapping_window_unspecified,all_72_specs;mapping_window_unspecified;task_family_T5,off_track_noncollision_noncompletion,off_track,13,"candidate admits whole spec/profile cells for post-audit measured execution, not current-row interpretation",post_audit_measured_subset_candidate,True,True,False,False,False,"Route B task-quality and role-semantics repair materialization only; existing M2677 and M2680 rows may be reaggregated into diagnostic blocker, candidate, excluded, and proposed future measured-subset panels, but no reset, step, rollout, replay, validation, training, PPO, private holdout, profile-specific tuning, controller-family ranking, winner selection, promotion, success-rate verdict, driver-performance, paper, finite-window-vs-GRU, current-response sufficiency, current-sim, high-fidelity validation, full ideal driver, or self-ID claim is made"
m2682-subset-0198,m2682-candidate-008,m1680-spec-0041,m1680-spec-0041::L2_window_13_current_tiled,L2_window_13_current_tiled,T5,drive_loss_proxy|curved_boundary_obstacle,hidden_dynamics_or_actuator_response,mapping_window_unspecified,all_72_specs;mapping_window_unspecified;task_family_T5,off_track_noncollision_noncompletion,off_track,13,"candidate admits whole spec/profile cells for post-audit measured execution, not current-row interpretation",post_audit_measured_subset_candidate,True,True,False,False,False,"Route B task-quality and role-semantics repair materialization only; existing M2677 and M2680 rows may be reaggregated into diagnostic blocker, candidate, excluded, and proposed future measured-subset panels, but no reset, step, rollout, replay, validation, training, PPO, private holdout, profile-specific tuning, controller-family ranking, winner selection, promotion, success-rate verdict, driver-performance, paper, finite-window-vs-GRU, current-response sufficiency, current-sim, high-fidelity validation, full ideal driver, or self-ID claim is made"
m2682-subset-0199,m2682-candidate-008,m1680-spec-0041,m1680-spec-0041::L2_window_25,L2_window_25,T5,drive_loss_proxy|curved_boundary_obstacle,hidden_dynamics_or_actuator_response,mapping_window_unspecified,all_72_specs;mapping_window_unspecified;task_family_T5,off_track_noncollision_noncompletion,off_track,25,"candidate admits whole spec/profile cells for post-audit measured execution, not current-row interpretation",post_audit_measured_subset_candidate,True,True,False,False,False,"Route B task-quality and role-semantics repair materialization only; existing M2677 and M2680 rows may be reaggregated into diagnostic blocker, candidate, excluded, and proposed future measured-subset panels, but no reset, step, rollout, replay, validation, training, PPO, private holdout, profile-specific tuning, controller-family ranking, winner selection, promotion, success-rate verdict, driver-performance, paper, finite-window-vs-GRU, current-response sufficiency, current-sim, high-fidelity validation, full ideal driver, or self-ID claim is made"
m2682-subset-0200,m2682-candidate-008,m1680-spec-0041,m1680-spec-0041::L2_window_25_current_tiled,L2_window_25_current_tiled,T5,drive_loss_proxy|curved_boundary_obstacle,hidden_dynamics_or_actuator_response,mapping_window_unspecified,all_72_specs;mapping_window_unspecified;task_family_T5,off_track_noncollision_noncompletion,off_track,25,"candidate admits whole spec/profile cells for post-audit measured execution, not current-row interpretation",post_audit_measured_subset_candidate,True,True,False,False,False,"Route B task-quality and role-semantics repair materialization only; existing M2677 and M2680 rows may be reaggregated into diagnostic blocker, candidate, excluded, and proposed future measured-subset panels, but no reset, step, rollout, replay, validation, training, PPO, private holdout, profile-specific tuning, controller-family ranking, winner selection, promotion, success-rate verdict, driver-performance, paper, finite-window-vs-GRU, current-response sufficiency, current-sim, high-fidelity validation, full ideal driver, or self-ID claim is made"
m2682-subset-0201,m2682-candidate-008,m1680-spec-0041,m1680-spec-0041::L2_window_50,L2_window_50,T5,drive_loss_proxy|curved_boundary_obstacle,hidden_dynamics_or_actuator_response,mapping_window_unspecified,all_72_specs;mapping_window_unspecified;task_family_T5,off_track_noncollision_noncompletion,off_track,50,"candidate admits whole spec/profile cells for post-audit measured execution, not current-row interpretation",post_audit_measured_subset_candidate,True,True,False,False,False,"Route B task-quality and role-semantics repair materialization only; existing M2677 and M2680 rows may be reaggregated into diagnostic blocker, candidate, excluded, and proposed future measured-subset panels, but no reset, step, rollout, replay, validation, training, PPO, private holdout, profile-specific tuning, controller-family ranking, winner selection, promotion, success-rate verdict, driver-performance, paper, finite-window-vs-GRU, current-response sufficiency, current-sim, high-fidelity validation, full ideal driver, or self-ID claim is made"
m2682-subset-0202,m2682-candidate-008,m1680-spec-0041,m1680-spec-0041::L2_window_50_current_tiled,L2_window_50_current_tiled,T5,drive_loss_proxy|curved_boundary_obstacle,hidden_dynamics_or_actuator_response,mapping_window_unspecified,all_72_specs;mapping_window_unspecified;task_family_T5,off_track_noncollision_noncompletion,off_track,50,"candidate admits whole spec/profile cells for post-audit measured execution, not current-row interpretation",post_audit_measured_subset_candidate,True,True,False,False,False,"Route B task-quality and role-semantics repair materialization only; existing M2677 and M2680 rows may be reaggregated into diagnostic blocker, candidate, excluded, and proposed future measured-subset panels, but no reset, step, rollout, replay, validation, training, PPO, private holdout, profile-specific tuning, controller-family ranking, winner selection, promotion, success-rate verdict, driver-performance, paper, finite-window-vs-GRU, current-response sufficiency, current-sim, high-fidelity validation, full ideal driver, or self-ID claim is made"
m2682-subset-0203,m2682-candidate-008,m1680-spec-0041,m1680-spec-0041::L3_online_gru,L3_online_gru,T5,drive_loss_proxy|curved_boundary_obstacle,hidden_dynamics_or_actuator_response,mapping_window_unspecified,all_72_specs;mapping_window_unspecified;task_family_T5,success_obstacle_pass,,1,"candidate admits whole spec/profile cells for post-audit measured execution, not current-row interpretation",post_audit_measured_subset_candidate,True,True,False,False,False,"Route B task-quality and role-semantics repair materialization only; existing M2677 and M2680 rows may be reaggregated into diagnostic blocker, candidate, excluded, and proposed future measured-subset panels, but no reset, step, rollout, replay, validation, training, PPO, private holdout, profile-specific tuning, controller-family ranking, winner selection, promotion, success-rate verdict, driver-performance, paper, finite-window-vs-GRU, current-response sufficiency, current-sim, high-fidelity validation, full ideal driver, or self-ID claim is made"
m2682-subset-0204,m2682-candidate-008,m1680-spec-0041,m1680-spec-0041::L3_reset_control_corrected,L3_reset_control_corrected,T5,drive_loss_proxy|curved_boundary_obstacle,hidden_dynamics_or_actuator_response,mapping_window_unspecified,all_72_specs;mapping_window_unspecified;task_family_T5,off_track_noncollision_noncompletion,off_track,1,"candidate admits whole spec/profile cells for post-audit measured execution, not current-row interpretation",post_audit_measured_subset_candidate,True,True,False,False,False,"Route B task-quality and role-semantics repair materialization only; existing M2677 and M2680 rows may be reaggregated into diagnostic blocker, candidate, excluded, and proposed future measured-subset panels, but no reset, step, rollout, replay, validation, training, PPO, private holdout, profile-specific tuning, controller-family ranking, winner selection, promotion, success-rate verdict, driver-performance, paper, finite-window-vs-GRU, current-response sufficiency, current-sim, high-fidelity validation, full ideal driver, or self-ID claim is made"
m2682-subset-0205,m2682-candidate-008,m1680-spec-0049,m1680-spec-0049::L0_current_masked,L0_current_masked,T5,drive_loss_proxy|curved_boundary_obstacle,hidden_dynamics_or_actuator_response,mapping_window_unspecified,all_72_specs;mapping_window_unspecified;task_family_T5,off_track_noncollision_noncompletion,off_track,1,"candidate admits whole spec/profile cells for post-audit measured execution, not current-row interpretation",post_audit_measured_subset_candidate,True,True,False,False,False,"Route B task-quality and role-semantics repair materialization only; existing M2677 and M2680 rows may be reaggregated into diagnostic blocker, candidate, excluded, and proposed future measured-subset panels, but no reset, step, rollout, replay, validation, training, PPO, private holdout, profile-specific tuning, controller-family ranking, winner selection, promotion, success-rate verdict, driver-performance, paper, finite-window-vs-GRU, current-response sufficiency, current-sim, high-fidelity validation, full ideal driver, or self-ID claim is made"
m2682-subset-0206,m2682-candidate-008,m1680-spec-0049,m1680-spec-0049::L1_one_step,L1_one_step,T5,drive_loss_proxy|curved_boundary_obstacle,hidden_dynamics_or_actuator_response,mapping_window_unspecified,all_72_specs;mapping_window_unspecified;task_family_T5,off_track_noncollision_noncompletion,off_track,1,"candidate admits whole spec/profile cells for post-audit measured execution, not current-row interpretation",post_audit_measured_subset_candidate,True,True,False,False,False,"Route B task-quality and role-semantics repair materialization only; existing M2677 and M2680 rows may be reaggregated into diagnostic blocker, candidate, excluded, and proposed future measured-subset panels, but no reset, step, rollout, replay, validation, training, PPO, private holdout, profile-specific tuning, controller-family ranking, winner selection, promotion, success-rate verdict, driver-performance, paper, finite-window-vs-GRU, current-response sufficiency, current-sim, high-fidelity validation, full ideal driver, or self-ID claim is made"
m2682-subset-0207,m2682-candidate-008,m1680-spec-0049,m1680-spec-0049::L2_window_100,L2_window_100,T5,drive_loss_proxy|curved_boundary_obstacle,hidden_dynamics_or_actuator_response,mapping_window_unspecified,all_72_specs;mapping_window_unspecified;task_family_T5,off_track_noncollision_noncompletion,off_track,100,"candidate admits whole spec/profile cells for post-audit measured execution, not current-row interpretation",post_audit_measured_subset_candidate,True,True,False,False,False,"Route B task-quality and role-semantics repair materialization only; existing M2677 and M2680 rows may be reaggregated into diagnostic blocker, candidate, excluded, and proposed future measured-subset panels, but no reset, step, rollout, replay, validation, training, PPO, private holdout, profile-specific tuning, controller-family ranking, winner selection, promotion, success-rate verdict, driver-performance, paper, finite-window-vs-GRU, current-response sufficiency, current-sim, high-fidelity validation, full ideal driver, or self-ID claim is made"
m2682-subset-0208,m2682-candidate-008,m1680-spec-0049,m1680-spec-0049::L2_window_100_current_tiled,L2_window_100_current_tiled,T5,drive_loss_proxy|curved_boundary_obstacle,hidden_dynamics_or_actuator_response,mapping_window_unspecified,all_72_specs;mapping_window_unspecified;task_family_T5,off_track_noncollision_noncompletion,off_track,100,"candidate admits whole spec/profile cells for post-audit measured execution, not current-row interpretation",post_audit_measured_subset_candidate,True,True,False,False,False,"Route B task-quality and role-semantics repair materialization only; existing M2677 and M2680 rows may be reaggregated into diagnostic blocker, candidate, excluded, and proposed future measured-subset panels, but no reset, step, rollout, replay, validation, training, PPO, private holdout, profile-specific tuning, controller-family ranking, winner selection, promotion, success-rate verdict, driver-performance, paper, finite-window-vs-GRU, current-response sufficiency, current-sim, high-fidelity validation, full ideal driver, or self-ID claim is made"
m2682-subset-0209,m2682-candidate-008,m1680-spec-0049,m1680-spec-0049::L2_window_13,L2_window_13,T5,drive_loss_proxy|curved_boundary_obstacle,hidden_dynamics_or_actuator_response,mapping_window_unspecified,all_72_specs;mapping_window_unspecified;task_family_T5,off_track_noncollision_noncompletion,off_track,13,"candidate admits whole spec/profile cells for post-audit measured execution, not current-row interpretation",post_audit_measured_subset_candidate,True,True,False,False,False,"Route B task-quality and role-semantics repair materialization only; existing M2677 and M2680 rows may be reaggregated into diagnostic blocker, candidate, excluded, and proposed future measured-subset panels, but no reset, step, rollout, replay, validation, training, PPO, private holdout, profile-specific tuning, controller-family ranking, winner selection, promotion, success-rate verdict, driver-performance, paper, finite-window-vs-GRU, current-response sufficiency, current-sim, high-fidelity validation, full ideal driver, or self-ID claim is made"
m2682-subset-0210,m2682-candidate-008,m1680-spec-0049,m1680-spec-0049::L2_window_13_current_tiled,L2_window_13_current_tiled,T5,drive_loss_proxy|curved_boundary_obstacle,hidden_dynamics_or_actuator_response,mapping_window_unspecified,all_72_specs;mapping_window_unspecified;task_family_T5,off_track_noncollision_noncompletion,off_track,13,"candidate admits whole spec/profile cells for post-audit measured execution, not current-row interpretation",post_audit_measured_subset_candidate,True,True,False,False,False,"Route B task-quality and role-semantics repair materialization only; existing M2677 and M2680 rows may be reaggregated into diagnostic blocker, candidate, excluded, and proposed future measured-subset panels, but no reset, step, rollout, replay, validation, training, PPO, private holdout, profile-specific tuning, controller-family ranking, winner selection, promotion, success-rate verdict, driver-performance, paper, finite-window-vs-GRU, current-response sufficiency, current-sim, high-fidelity validation, full ideal driver, or self-ID claim is made"
m2682-subset-0211,m2682-candidate-008,m1680-spec-0049,m1680-spec-0049::L2_window_25,L2_window_25,T5,drive_loss_proxy|curved_boundary_obstacle,hidden_dynamics_or_actuator_response,mapping_window_unspecified,all_72_specs;mapping_window_unspecified;task_family_T5,off_track_noncollision_noncompletion,off_track,25,"candidate admits whole spec/profile cells for post-audit measured execution, not current-row interpretation",post_audit_measured_subset_candidate,True,True,False,False,False,"Route B task-quality and role-semantics repair materialization only; existing M2677 and M2680 rows may be reaggregated into diagnostic blocker, candidate, excluded, and proposed future measured-subset panels, but no reset, step, rollout, replay, validation, training, PPO, private holdout, profile-specific tuning, controller-family ranking, winner selection, promotion, success-rate verdict, driver-performance, paper, finite-window-vs-GRU, current-response sufficiency, current-sim, high-fidelity validation, full ideal driver, or self-ID claim is made"
m2682-subset-0212,m2682-candidate-008,m1680-spec-0049,m1680-spec-0049::L2_window_25_current_tiled,L2_window_25_current_tiled,T5,drive_loss_proxy|curved_boundary_obstacle,hidden_dynamics_or_actuator_response,mapping_window_unspecified,all_72_specs;mapping_window_unspecified;task_family_T5,off_track_noncollision_noncompletion,off_track,25,"candidate admits whole spec/profile cells for post-audit measured execution, not current-row interpretation",post_audit_measured_subset_candidate,True,True,False,False,False,"Route B task-quality and role-semantics repair materialization only; existing M2677 and M2680 rows may be reaggregated into diagnostic blocker, candidate, excluded, and proposed future measured-subset panels, but no reset, step, rollout, replay, validation, training, PPO, private holdout, profile-specific tuning, controller-family ranking, winner selection, promotion, success-rate verdict, driver-performance, paper, finite-window-vs-GRU, current-response sufficiency, current-sim, high-fidelity validation, full ideal driver, or self-ID claim is made"
m2682-subset-0213,m2682-candidate-008,m1680-spec-0049,m1680-spec-0049::L2_window_50,L2_window_50,T5,drive_loss_proxy|curved_boundary_obstacle,hidden_dynamics_or_actuator_response,mapping_window_unspecified,all_72_specs;mapping_window_unspecified;task_family_T5,off_track_noncollision_noncompletion,off_track,50,"candidate admits whole spec/profile cells for post-audit measured execution, not current-row interpretation",post_audit_measured_subset_candidate,True,True,False,False,False,"Route B task-quality and role-semantics repair materialization only; existing M2677 and M2680 rows may be reaggregated into diagnostic blocker, candidate, excluded, and proposed future measured-subset panels, but no reset, step, rollout, replay, validation, training, PPO, private holdout, profile-specific tuning, controller-family ranking, winner selection, promotion, success-rate verdict, driver-performance, paper, finite-window-vs-GRU, current-response sufficiency, current-sim, high-fidelity validation, full ideal driver, or self-ID claim is made"
m2682-subset-0214,m2682-candidate-008,m1680-spec-0049,m1680-spec-0049::L2_window_50_current_tiled,L2_window_50_current_tiled,T5,drive_loss_proxy|curved_boundary_obstacle,hidden_dynamics_or_actuator_response,mapping_window_unspecified,all_72_specs;mapping_window_unspecified;task_family_T5,off_track_noncollision_noncompletion,off_track,50,"candidate admits whole spec/profile cells for post-audit measured execution, not current-row interpretation",post_audit_measured_subset_candidate,True,True,False,False,False,"Route B task-quality and role-semantics repair materialization only; existing M2677 and M2680 rows may be reaggregated into diagnostic blocker, candidate, excluded, and proposed future measured-subset panels, but no reset, step, rollout, replay, validation, training, PPO, private holdout, profile-specific tuning, controller-family ranking, winner selection, promotion, success-rate verdict, driver-performance, paper, finite-window-vs-GRU, current-response sufficiency, current-sim, high-fidelity validation, full ideal driver, or self-ID claim is made"
m2682-subset-0215,m2682-candidate-008,m1680-spec-0049,m1680-spec-0049::L3_online_gru,L3_online_gru,T5,drive_loss_proxy|curved_boundary_obstacle,hidden_dynamics_or_actuator_response,mapping_window_unspecified,all_72_specs;mapping_window_unspecified;task_family_T5,success_obstacle_pass,,1,"candidate admits whole spec/profile cells for post-audit measured execution, not current-row interpretation",post_audit_measured_subset_candidate,True,True,False,False,False,"Route B task-quality and role-semantics repair materialization only; existing M2677 and M2680 rows may be reaggregated into diagnostic blocker, candidate, excluded, and proposed future measured-subset panels, but no reset, step, rollout, replay, validation, training, PPO, private holdout, profile-specific tuning, controller-family ranking, winner selection, promotion, success-rate verdict, driver-performance, paper, finite-window-vs-GRU, current-response sufficiency, current-sim, high-fidelity validation, full ideal driver, or self-ID claim is made"
m2682-subset-0216,m2682-candidate-008,m1680-spec-0049,m1680-spec-0049::L3_reset_control_corrected,L3_reset_control_corrected,T5,drive_loss_proxy|curved_boundary_obstacle,hidden_dynamics_or_actuator_response,mapping_window_unspecified,all_72_specs;mapping_window_unspecified;task_family_T5,off_track_noncollision_noncompletion,off_track,1,"candidate admits whole spec/profile cells for post-audit measured execution, not current-row interpretation",post_audit_measured_subset_candidate,True,True,False,False,False,"Route B task-quality and role-semantics repair materialization only; existing M2677 and M2680 rows may be reaggregated into diagnostic blocker, candidate, excluded, and proposed future measured-subset panels, but no reset, step, rollout, replay, validation, training, PPO, private holdout, profile-specific tuning, controller-family ranking, winner selection, promotion, success-rate verdict, driver-performance, paper, finite-window-vs-GRU, current-response sufficiency, current-sim, high-fidelity validation, full ideal driver, or self-ID claim is made"
