task_source_id,env_config_changed,original_env_config_json,repaired_env_config_json
m2063-osd-osd_v0_0144_t3,False,"{""action_history_mode"":""full"",""beta_target_range"":[0.04,0.32],""dt"":0.02,""friction_limited_speed"":true,""friction_speed_margin"":0.92,""friction_step"":{""enabled"":true,""mu_range"":[0.3,1.15],""resample_speed_ref"":false,""step_range"":[8,40]},""history_length"":1,""include_privileged_params"":false,""max_steps"":800,""obstacle"":{""allowed_labels"":[""aes_feasible"",""drift_required"",""unavoidable""],""brake_mu_fraction"":0.9,""clearance_margin_reward_clip"":0.25,""clearance_margin_reward_scale"":0.0,""collision_penalty"":25.0,""conventional_lateral_mu_fraction"":0.42,""dense_clearance_margin_reward_clip"":0.25,""dense_clearance_margin_reward_scale"":0.0,""dense_clearance_margin_reward_window"":8.0,""distance_range"":[1.0,9.777777777777779],""drift_lateral_mu_fraction"":0.85,""ego_half_width"":0.9,""enabled"":true,""finish_on_pass"":true,""finish_pass_distance"":2.0,""half_width_range"":[0.2,0.9940476190476191],""max_sample_attempts"":10000,""max_threshold_score"":0.25,""min_time_after_friction_step"":0.1,""pass_reward"":12.0,""perception_reveal_distance"":null,""perception_reveal_step"":10,""require_aeb_infeasible"":true,""safety_margin"":0.3,""stable_aes_beta_limit"":0.2,""stable_aes_drift_bonus_scale"":0.18,""stable_aes_sideslip_penalty"":2.8},""obstacle_relative_velocity_mode"":""zero"",""obstacle_slots"":4,""privileged_observation_mode"":""basic"",""randomization"":{""actuator_tau_scale_range"":[0.75,1.65],""brake_scale_range"":[0.55,1.35],""cg_shift_range"":[-0.14,0.14],""drive_scale_range"":[0.6,1.3],""inertia_scale_range"":[0.8,1.3],""mass_scale_range"":[0.8,1.28],""mu_range"":[0.35,0.55],""tire_stiffness_scale_range"":[0.58,1.42]},""road_lookahead_count"":8,""road_lookahead_spacing"":5.0,""speed_range"":[7.0,11.0],""termination_penalty"":8.0,""track_kind"":""circle"",""track_radius"":32.0,""track_width"":7.0,""warmup_gate"":{""distance_range"":[12.0,30.0],""enabled"":true,""finish_pass_distance"":2.0,""half_width_range"":[0.35,0.85],""lateral_offset_range"":[-1.2,1.2],""max_active_steps"":75,""reveal_step"":10},""wheel_observation_mode"":""none""}","{""action_history_mode"":""full"",""beta_target_range"":[0.04,0.32],""dt"":0.02,""friction_limited_speed"":true,""friction_speed_margin"":0.92,""friction_step"":{""enabled"":true,""mu_range"":[0.3,1.15],""resample_speed_ref"":false,""step_range"":[8,40]},""history_length"":1,""include_privileged_params"":false,""max_steps"":800,""obstacle"":{""allowed_labels"":[""aes_feasible"",""drift_required"",""unavoidable""],""brake_mu_fraction"":0.9,""clearance_margin_reward_clip"":0.25,""clearance_margin_reward_scale"":0.0,""collision_penalty"":25.0,""conventional_lateral_mu_fraction"":0.42,""dense_clearance_margin_reward_clip"":0.25,""dense_clearance_margin_reward_scale"":0.0,""dense_clearance_margin_reward_window"":8.0,""distance_range"":[1.0,9.777777777777779],""drift_lateral_mu_fraction"":0.85,""ego_half_width"":0.9,""enabled"":true,""finish_on_pass"":true,""finish_pass_distance"":2.0,""half_width_range"":[0.2,0.9940476190476191],""max_sample_attempts"":10000,""max_threshold_score"":0.25,""min_time_after_friction_step"":0.1,""pass_reward"":12.0,""perception_reveal_distance"":null,""perception_reveal_step"":10,""require_aeb_infeasible"":true,""safety_margin"":0.3,""stable_aes_beta_limit"":0.2,""stable_aes_drift_bonus_scale"":0.18,""stable_aes_sideslip_penalty"":2.8},""obstacle_relative_velocity_mode"":""zero"",""obstacle_slots"":4,""privileged_observation_mode"":""basic"",""randomization"":{""actuator_tau_scale_range"":[0.75,1.65],""brake_scale_range"":[0.55,1.35],""cg_shift_range"":[-0.14,0.14],""drive_scale_range"":[0.6,1.3],""inertia_scale_range"":[0.8,1.3],""mass_scale_range"":[0.8,1.28],""mu_range"":[0.35,0.55],""tire_stiffness_scale_range"":[0.58,1.42]},""road_lookahead_count"":8,""road_lookahead_spacing"":5.0,""speed_range"":[7.0,11.0],""termination_penalty"":8.0,""track_kind"":""circle"",""track_radius"":32.0,""track_width"":7.0,""warmup_gate"":{""distance_range"":[12.0,30.0],""enabled"":true,""finish_pass_distance"":2.0,""half_width_range"":[0.35,0.85],""lateral_offset_range"":[-1.2,1.2],""max_active_steps"":75,""reveal_step"":10},""wheel_observation_mode"":""none""}"
m2063-osd-osd_v0_0145_t3,False,"{""action_history_mode"":""full"",""beta_target_range"":[0.04,0.32],""dt"":0.02,""friction_limited_speed"":true,""friction_speed_margin"":0.92,""friction_step"":{""enabled"":true,""mu_range"":[0.3,1.15],""resample_speed_ref"":false,""step_range"":[8,40]},""history_length"":1,""include_privileged_params"":false,""max_steps"":800,""obstacle"":{""allowed_labels"":[""aes_feasible"",""drift_required"",""unavoidable""],""brake_mu_fraction"":0.9,""clearance_margin_reward_clip"":0.25,""clearance_margin_reward_scale"":0.0,""collision_penalty"":25.0,""conventional_lateral_mu_fraction"":0.42,""dense_clearance_margin_reward_clip"":0.25,""dense_clearance_margin_reward_scale"":0.0,""dense_clearance_margin_reward_window"":8.0,""distance_range"":[1.0,8.680555555555557],""drift_lateral_mu_fraction"":0.85,""ego_half_width"":0.9,""enabled"":true,""finish_on_pass"":true,""finish_pass_distance"":2.0,""half_width_range"":[0.2,0.9940476190476191],""max_sample_attempts"":10000,""max_threshold_score"":0.25,""min_time_after_friction_step"":0.1,""pass_reward"":12.0,""perception_reveal_distance"":null,""perception_reveal_step"":25,""require_aeb_infeasible"":true,""safety_margin"":0.3,""stable_aes_beta_limit"":0.2,""stable_aes_drift_bonus_scale"":0.18,""stable_aes_sideslip_penalty"":2.8},""obstacle_relative_velocity_mode"":""zero"",""obstacle_slots"":4,""privileged_observation_mode"":""basic"",""randomization"":{""actuator_tau_scale_range"":[0.65,2.2],""brake_scale_range"":[0.55,1.35],""cg_shift_range"":[-0.14,0.14],""drive_scale_range"":[0.6,1.3],""inertia_scale_range"":[0.8,1.3],""mass_scale_range"":[0.8,1.28],""mu_range"":[0.28,1.05],""tire_stiffness_scale_range"":[0.58,1.42]},""road_lookahead_count"":8,""road_lookahead_spacing"":5.0,""speed_range"":[10.0,15.0],""termination_penalty"":8.0,""track_kind"":""circle"",""track_radius"":18.0,""track_width"":5.5,""warmup_gate"":{""distance_range"":[12.0,30.0],""enabled"":true,""finish_pass_distance"":2.0,""half_width_range"":[0.35,0.85],""lateral_offset_range"":[-1.2,1.2],""max_active_steps"":75,""reveal_step"":25},""wheel_observation_mode"":""none""}","{""action_history_mode"":""full"",""beta_target_range"":[0.04,0.32],""dt"":0.02,""friction_limited_speed"":true,""friction_speed_margin"":0.92,""friction_step"":{""enabled"":true,""mu_range"":[0.3,1.15],""resample_speed_ref"":false,""step_range"":[8,40]},""history_length"":1,""include_privileged_params"":false,""max_steps"":800,""obstacle"":{""allowed_labels"":[""aes_feasible"",""drift_required"",""unavoidable""],""brake_mu_fraction"":0.9,""clearance_margin_reward_clip"":0.25,""clearance_margin_reward_scale"":0.0,""collision_penalty"":25.0,""conventional_lateral_mu_fraction"":0.42,""dense_clearance_margin_reward_clip"":0.25,""dense_clearance_margin_reward_scale"":0.0,""dense_clearance_margin_reward_window"":8.0,""distance_range"":[1.0,8.680555555555557],""drift_lateral_mu_fraction"":0.85,""ego_half_width"":0.9,""enabled"":true,""finish_on_pass"":true,""finish_pass_distance"":2.0,""half_width_range"":[0.2,0.9940476190476191],""max_sample_attempts"":10000,""max_threshold_score"":0.25,""min_time_after_friction_step"":0.1,""pass_reward"":12.0,""perception_reveal_distance"":null,""perception_reveal_step"":25,""require_aeb_infeasible"":true,""safety_margin"":0.3,""stable_aes_beta_limit"":0.2,""stable_aes_drift_bonus_scale"":0.18,""stable_aes_sideslip_penalty"":2.8},""obstacle_relative_velocity_mode"":""zero"",""obstacle_slots"":4,""privileged_observation_mode"":""basic"",""randomization"":{""actuator_tau_scale_range"":[0.65,2.2],""brake_scale_range"":[0.55,1.35],""cg_shift_range"":[-0.14,0.14],""drive_scale_range"":[0.6,1.3],""inertia_scale_range"":[0.8,1.3],""mass_scale_range"":[0.8,1.28],""mu_range"":[0.28,1.05],""tire_stiffness_scale_range"":[0.58,1.42]},""road_lookahead_count"":8,""road_lookahead_spacing"":5.0,""speed_range"":[10.0,15.0],""termination_penalty"":8.0,""track_kind"":""circle"",""track_radius"":18.0,""track_width"":5.5,""warmup_gate"":{""distance_range"":[12.0,30.0],""enabled"":true,""finish_pass_distance"":2.0,""half_width_range"":[0.35,0.85],""lateral_offset_range"":[-1.2,1.2],""max_active_steps"":75,""reveal_step"":25},""wheel_observation_mode"":""none""}"
m2063-osd-osd_v0_0146_t3,False,"{""action_history_mode"":""full"",""beta_target_range"":[0.04,0.32],""dt"":0.02,""friction_limited_speed"":true,""friction_speed_margin"":0.92,""friction_step"":{""enabled"":true,""mu_range"":[0.3,1.15],""resample_speed_ref"":false,""step_range"":[8,40]},""history_length"":1,""include_privileged_params"":false,""max_steps"":800,""obstacle"":{""allowed_labels"":[""aes_feasible"",""drift_required"",""unavoidable""],""brake_mu_fraction"":0.9,""clearance_margin_reward_clip"":0.25,""clearance_margin_reward_scale"":0.0,""collision_penalty"":25.0,""conventional_lateral_mu_fraction"":0.42,""dense_clearance_margin_reward_clip"":0.25,""dense_clearance_margin_reward_scale"":0.0,""dense_clearance_margin_reward_window"":8.0,""distance_range"":[12.590277777777779,24.59027777777778],""drift_lateral_mu_fraction"":0.85,""ego_half_width"":0.9,""enabled"":true,""finish_on_pass"":true,""finish_pass_distance"":2.0,""half_width_range"":[0.5226190476190478,1.3226190476190478],""max_sample_attempts"":10000,""max_threshold_score"":0.25,""min_time_after_friction_step"":0.1,""pass_reward"":12.0,""perception_reveal_distance"":null,""perception_reveal_step"":50,""require_aeb_infeasible"":true,""safety_margin"":0.3,""stable_aes_beta_limit"":0.2,""stable_aes_drift_bonus_scale"":0.18,""stable_aes_sideslip_penalty"":2.8},""obstacle_relative_velocity_mode"":""zero"",""obstacle_slots"":4,""privileged_observation_mode"":""basic"",""randomization"":{""actuator_tau_scale_range"":[1.8,2.8],""brake_scale_range"":[0.55,1.35],""cg_shift_range"":[-0.14,0.14],""drive_scale_range"":[0.6,1.3],""inertia_scale_range"":[0.8,1.3],""mass_scale_range"":[0.8,1.28],""mu_range"":[0.45,0.85],""tire_stiffness_scale_range"":[0.58,1.42]},""road_lookahead_count"":8,""road_lookahead_spacing"":5.0,""speed_range"":[14.0,20.0],""termination_penalty"":8.0,""track_kind"":""circle"",""track_radius"":60.0,""track_width"":4.4,""warmup_gate"":{""distance_range"":[12.0,30.0],""enabled"":true,""finish_pass_distance"":2.0,""half_width_range"":[0.35,0.85],""lateral_offset_range"":[-1.2,1.2],""max_active_steps"":100,""reveal_step"":50},""wheel_observation_mode"":""none""}","{""action_history_mode"":""full"",""beta_target_range"":[0.04,0.32],""dt"":0.02,""friction_limited_speed"":true,""friction_speed_margin"":0.92,""friction_step"":{""enabled"":true,""mu_range"":[0.3,1.15],""resample_speed_ref"":false,""step_range"":[8,40]},""history_length"":1,""include_privileged_params"":false,""max_steps"":800,""obstacle"":{""allowed_labels"":[""aes_feasible"",""drift_required"",""unavoidable""],""brake_mu_fraction"":0.9,""clearance_margin_reward_clip"":0.25,""clearance_margin_reward_scale"":0.0,""collision_penalty"":25.0,""conventional_lateral_mu_fraction"":0.42,""dense_clearance_margin_reward_clip"":0.25,""dense_clearance_margin_reward_scale"":0.0,""dense_clearance_margin_reward_window"":8.0,""distance_range"":[12.590277777777779,24.59027777777778],""drift_lateral_mu_fraction"":0.85,""ego_half_width"":0.9,""enabled"":true,""finish_on_pass"":true,""finish_pass_distance"":2.0,""half_width_range"":[0.5226190476190478,1.3226190476190478],""max_sample_attempts"":10000,""max_threshold_score"":0.25,""min_time_after_friction_step"":0.1,""pass_reward"":12.0,""perception_reveal_distance"":null,""perception_reveal_step"":50,""require_aeb_infeasible"":true,""safety_margin"":0.3,""stable_aes_beta_limit"":0.2,""stable_aes_drift_bonus_scale"":0.18,""stable_aes_sideslip_penalty"":2.8},""obstacle_relative_velocity_mode"":""zero"",""obstacle_slots"":4,""privileged_observation_mode"":""basic"",""randomization"":{""actuator_tau_scale_range"":[1.8,2.8],""brake_scale_range"":[0.55,1.35],""cg_shift_range"":[-0.14,0.14],""drive_scale_range"":[0.6,1.3],""inertia_scale_range"":[0.8,1.3],""mass_scale_range"":[0.8,1.28],""mu_range"":[0.45,0.85],""tire_stiffness_scale_range"":[0.58,1.42]},""road_lookahead_count"":8,""road_lookahead_spacing"":5.0,""speed_range"":[14.0,20.0],""termination_penalty"":8.0,""track_kind"":""circle"",""track_radius"":60.0,""track_width"":4.4,""warmup_gate"":{""distance_range"":[12.0,30.0],""enabled"":true,""finish_pass_distance"":2.0,""half_width_range"":[0.35,0.85],""lateral_offset_range"":[-1.2,1.2],""max_active_steps"":100,""reveal_step"":50},""wheel_observation_mode"":""none""}"
m2063-osd-osd_v0_0147_t3,False,"{""action_history_mode"":""full"",""beta_target_range"":[0.04,0.32],""dt"":0.02,""friction_limited_speed"":true,""friction_speed_margin"":0.92,""friction_step"":{""enabled"":true,""mu_range"":[0.3,1.15],""resample_speed_ref"":false,""step_range"":[8,40]},""history_length"":1,""include_privileged_params"":false,""max_steps"":800,""obstacle"":{""allowed_labels"":[""aes_feasible"",""drift_required"",""unavoidable""],""brake_mu_fraction"":0.9,""clearance_margin_reward_clip"":0.25,""clearance_margin_reward_scale"":0.0,""collision_penalty"":25.0,""conventional_lateral_mu_fraction"":0.42,""dense_clearance_margin_reward_clip"":0.25,""dense_clearance_margin_reward_scale"":0.0,""dense_clearance_margin_reward_window"":8.0,""distance_range"":[1.0,6.486111111111112],""drift_lateral_mu_fraction"":0.85,""ego_half_width"":0.9,""enabled"":true,""finish_on_pass"":true,""finish_pass_distance"":2.0,""half_width_range"":[0.2,0.9940476190476191],""max_sample_attempts"":10000,""max_threshold_score"":1.0,""min_time_after_friction_step"":0.1,""pass_reward"":12.0,""perception_reveal_distance"":null,""perception_reveal_step"":10,""require_aeb_infeasible"":true,""safety_margin"":0.3,""stable_aes_beta_limit"":0.2,""stable_aes_drift_bonus_scale"":0.18,""stable_aes_sideslip_penalty"":2.8},""obstacle_relative_velocity_mode"":""zero"",""obstacle_slots"":4,""privileged_observation_mode"":""basic"",""randomization"":{""actuator_tau_scale_range"":[0.65,1.35],""brake_scale_range"":[0.55,1.35],""cg_shift_range"":[-0.14,0.14],""drive_scale_range"":[0.6,1.3],""inertia_scale_range"":[0.8,1.3],""mass_scale_range"":[0.8,1.28],""mu_range"":[0.75,1.05],""tire_stiffness_scale_range"":[0.58,1.42]},""road_lookahead_count"":8,""road_lookahead_spacing"":5.0,""speed_range"":[7.0,11.0],""termination_penalty"":8.0,""track_kind"":""circle"",""track_radius"":32.0,""track_width"":7.0,""warmup_gate"":{""distance_range"":[12.0,30.0],""enabled"":true,""finish_pass_distance"":2.0,""half_width_range"":[0.35,0.85],""lateral_offset_range"":[-1.2,1.2],""max_active_steps"":100,""reveal_step"":10},""wheel_observation_mode"":""none""}","{""action_history_mode"":""full"",""beta_target_range"":[0.04,0.32],""dt"":0.02,""friction_limited_speed"":true,""friction_speed_margin"":0.92,""friction_step"":{""enabled"":true,""mu_range"":[0.3,1.15],""resample_speed_ref"":false,""step_range"":[8,40]},""history_length"":1,""include_privileged_params"":false,""max_steps"":800,""obstacle"":{""allowed_labels"":[""aes_feasible"",""drift_required"",""unavoidable""],""brake_mu_fraction"":0.9,""clearance_margin_reward_clip"":0.25,""clearance_margin_reward_scale"":0.0,""collision_penalty"":25.0,""conventional_lateral_mu_fraction"":0.42,""dense_clearance_margin_reward_clip"":0.25,""dense_clearance_margin_reward_scale"":0.0,""dense_clearance_margin_reward_window"":8.0,""distance_range"":[1.0,6.486111111111112],""drift_lateral_mu_fraction"":0.85,""ego_half_width"":0.9,""enabled"":true,""finish_on_pass"":true,""finish_pass_distance"":2.0,""half_width_range"":[0.2,0.9940476190476191],""max_sample_attempts"":10000,""max_threshold_score"":1.0,""min_time_after_friction_step"":0.1,""pass_reward"":12.0,""perception_reveal_distance"":null,""perception_reveal_step"":10,""require_aeb_infeasible"":true,""safety_margin"":0.3,""stable_aes_beta_limit"":0.2,""stable_aes_drift_bonus_scale"":0.18,""stable_aes_sideslip_penalty"":2.8},""obstacle_relative_velocity_mode"":""zero"",""obstacle_slots"":4,""privileged_observation_mode"":""basic"",""randomization"":{""actuator_tau_scale_range"":[0.65,1.35],""brake_scale_range"":[0.55,1.35],""cg_shift_range"":[-0.14,0.14],""drive_scale_range"":[0.6,1.3],""inertia_scale_range"":[0.8,1.3],""mass_scale_range"":[0.8,1.28],""mu_range"":[0.75,1.05],""tire_stiffness_scale_range"":[0.58,1.42]},""road_lookahead_count"":8,""road_lookahead_spacing"":5.0,""speed_range"":[7.0,11.0],""termination_penalty"":8.0,""track_kind"":""circle"",""track_radius"":32.0,""track_width"":7.0,""warmup_gate"":{""distance_range"":[12.0,30.0],""enabled"":true,""finish_pass_distance"":2.0,""half_width_range"":[0.35,0.85],""lateral_offset_range"":[-1.2,1.2],""max_active_steps"":100,""reveal_step"":10},""wheel_observation_mode"":""none""}"
m2063-osd-osd_v0_0148_t3,False,"{""action_history_mode"":""full"",""beta_target_range"":[0.04,0.32],""dt"":0.02,""friction_limited_speed"":true,""friction_speed_margin"":0.92,""friction_step"":{""enabled"":true,""mu_range"":[0.3,1.15],""resample_speed_ref"":false,""step_range"":[8,40]},""history_length"":1,""include_privileged_params"":false,""max_steps"":800,""obstacle"":{""allowed_labels"":[""aes_feasible"",""drift_required"",""unavoidable""],""brake_mu_fraction"":0.9,""clearance_margin_reward_clip"":0.25,""clearance_margin_reward_scale"":0.0,""collision_penalty"":25.0,""conventional_lateral_mu_fraction"":0.42,""dense_clearance_margin_reward_clip"":0.25,""dense_clearance_margin_reward_scale"":0.0,""dense_clearance_margin_reward_window"":8.0,""distance_range"":[1.0,8.680555555555557],""drift_lateral_mu_fraction"":0.85,""ego_half_width"":0.9,""enabled"":true,""finish_on_pass"":true,""finish_pass_distance"":2.0,""half_width_range"":[0.2,0.9940476190476191],""max_sample_attempts"":10000,""max_threshold_score"":0.25,""min_time_after_friction_step"":0.1,""pass_reward"":12.0,""perception_reveal_distance"":null,""perception_reveal_step"":25,""require_aeb_infeasible"":true,""safety_margin"":0.3,""stable_aes_beta_limit"":0.2,""stable_aes_drift_bonus_scale"":0.18,""stable_aes_sideslip_penalty"":2.8},""obstacle_relative_velocity_mode"":""zero"",""obstacle_slots"":4,""privileged_observation_mode"":""basic"",""randomization"":{""actuator_tau_scale_range"":[0.75,1.65],""brake_scale_range"":[0.55,1.35],""cg_shift_range"":[-0.14,0.14],""drive_scale_range"":[0.6,1.3],""inertia_scale_range"":[0.8,1.3],""mass_scale_range"":[0.8,1.28],""mu_range"":[0.35,0.55],""tire_stiffness_scale_range"":[0.58,1.42]},""road_lookahead_count"":8,""road_lookahead_spacing"":5.0,""speed_range"":[10.0,15.0],""termination_penalty"":8.0,""track_kind"":""circle"",""track_radius"":18.0,""track_width"":5.5,""warmup_gate"":{""distance_range"":[12.0,30.0],""enabled"":true,""finish_pass_distance"":2.0,""half_width_range"":[0.35,0.85],""lateral_offset_range"":[-1.2,1.2],""max_active_steps"":25,""reveal_step"":25},""wheel_observation_mode"":""none""}","{""action_history_mode"":""full"",""beta_target_range"":[0.04,0.32],""dt"":0.02,""friction_limited_speed"":true,""friction_speed_margin"":0.92,""friction_step"":{""enabled"":true,""mu_range"":[0.3,1.15],""resample_speed_ref"":false,""step_range"":[8,40]},""history_length"":1,""include_privileged_params"":false,""max_steps"":800,""obstacle"":{""allowed_labels"":[""aes_feasible"",""drift_required"",""unavoidable""],""brake_mu_fraction"":0.9,""clearance_margin_reward_clip"":0.25,""clearance_margin_reward_scale"":0.0,""collision_penalty"":25.0,""conventional_lateral_mu_fraction"":0.42,""dense_clearance_margin_reward_clip"":0.25,""dense_clearance_margin_reward_scale"":0.0,""dense_clearance_margin_reward_window"":8.0,""distance_range"":[1.0,8.680555555555557],""drift_lateral_mu_fraction"":0.85,""ego_half_width"":0.9,""enabled"":true,""finish_on_pass"":true,""finish_pass_distance"":2.0,""half_width_range"":[0.2,0.9940476190476191],""max_sample_attempts"":10000,""max_threshold_score"":0.25,""min_time_after_friction_step"":0.1,""pass_reward"":12.0,""perception_reveal_distance"":null,""perception_reveal_step"":25,""require_aeb_infeasible"":true,""safety_margin"":0.3,""stable_aes_beta_limit"":0.2,""stable_aes_drift_bonus_scale"":0.18,""stable_aes_sideslip_penalty"":2.8},""obstacle_relative_velocity_mode"":""zero"",""obstacle_slots"":4,""privileged_observation_mode"":""basic"",""randomization"":{""actuator_tau_scale_range"":[0.75,1.65],""brake_scale_range"":[0.55,1.35],""cg_shift_range"":[-0.14,0.14],""drive_scale_range"":[0.6,1.3],""inertia_scale_range"":[0.8,1.3],""mass_scale_range"":[0.8,1.28],""mu_range"":[0.35,0.55],""tire_stiffness_scale_range"":[0.58,1.42]},""road_lookahead_count"":8,""road_lookahead_spacing"":5.0,""speed_range"":[10.0,15.0],""termination_penalty"":8.0,""track_kind"":""circle"",""track_radius"":18.0,""track_width"":5.5,""warmup_gate"":{""distance_range"":[12.0,30.0],""enabled"":true,""finish_pass_distance"":2.0,""half_width_range"":[0.35,0.85],""lateral_offset_range"":[-1.2,1.2],""max_active_steps"":25,""reveal_step"":25},""wheel_observation_mode"":""none""}"
m2063-osd-osd_v0_0149_t3,False,"{""action_history_mode"":""full"",""beta_target_range"":[0.04,0.32],""dt"":0.02,""friction_limited_speed"":true,""friction_speed_margin"":0.92,""friction_step"":{""enabled"":true,""mu_range"":[0.3,1.15],""resample_speed_ref"":false,""step_range"":[8,40]},""history_length"":1,""include_privileged_params"":false,""max_steps"":800,""obstacle"":{""allowed_labels"":[""aes_feasible"",""drift_required"",""unavoidable""],""brake_mu_fraction"":0.9,""clearance_margin_reward_clip"":0.25,""clearance_margin_reward_scale"":0.0,""collision_penalty"":25.0,""conventional_lateral_mu_fraction"":0.42,""dense_clearance_margin_reward_clip"":0.25,""dense_clearance_margin_reward_scale"":0.0,""dense_clearance_margin_reward_window"":8.0,""distance_range"":[11.972222222222223,23.97222222222222],""drift_lateral_mu_fraction"":0.85,""ego_half_width"":0.9,""enabled"":true,""finish_on_pass"":true,""finish_pass_distance"":2.0,""half_width_range"":[0.3035714285714286,1.1035714285714286],""max_sample_attempts"":10000,""max_threshold_score"":0.25,""min_time_after_friction_step"":0.1,""pass_reward"":12.0,""perception_reveal_distance"":null,""perception_reveal_step"":50,""require_aeb_infeasible"":true,""safety_margin"":0.3,""stable_aes_beta_limit"":0.2,""stable_aes_drift_bonus_scale"":0.18,""stable_aes_sideslip_penalty"":2.8},""obstacle_relative_velocity_mode"":""zero"",""obstacle_slots"":4,""privileged_observation_mode"":""basic"",""randomization"":{""actuator_tau_scale_range"":[0.65,2.2],""brake_scale_range"":[0.55,1.35],""cg_shift_range"":[-0.14,0.14],""drive_scale_range"":[0.6,1.3],""inertia_scale_range"":[0.8,1.3],""mass_scale_range"":[0.8,1.28],""mu_range"":[0.28,1.05],""tire_stiffness_scale_range"":[0.58,1.42]},""road_lookahead_count"":8,""road_lookahead_spacing"":5.0,""speed_range"":[14.0,20.0],""termination_penalty"":8.0,""track_kind"":""circle"",""track_radius"":60.0,""track_width"":4.4,""warmup_gate"":{""distance_range"":[12.0,30.0],""enabled"":true,""finish_pass_distance"":2.0,""half_width_range"":[0.35,0.85],""lateral_offset_range"":[-1.2,1.2],""max_active_steps"":25,""reveal_step"":50},""wheel_observation_mode"":""none""}","{""action_history_mode"":""full"",""beta_target_range"":[0.04,0.32],""dt"":0.02,""friction_limited_speed"":true,""friction_speed_margin"":0.92,""friction_step"":{""enabled"":true,""mu_range"":[0.3,1.15],""resample_speed_ref"":false,""step_range"":[8,40]},""history_length"":1,""include_privileged_params"":false,""max_steps"":800,""obstacle"":{""allowed_labels"":[""aes_feasible"",""drift_required"",""unavoidable""],""brake_mu_fraction"":0.9,""clearance_margin_reward_clip"":0.25,""clearance_margin_reward_scale"":0.0,""collision_penalty"":25.0,""conventional_lateral_mu_fraction"":0.42,""dense_clearance_margin_reward_clip"":0.25,""dense_clearance_margin_reward_scale"":0.0,""dense_clearance_margin_reward_window"":8.0,""distance_range"":[11.972222222222223,23.97222222222222],""drift_lateral_mu_fraction"":0.85,""ego_half_width"":0.9,""enabled"":true,""finish_on_pass"":true,""finish_pass_distance"":2.0,""half_width_range"":[0.3035714285714286,1.1035714285714286],""max_sample_attempts"":10000,""max_threshold_score"":0.25,""min_time_after_friction_step"":0.1,""pass_reward"":12.0,""perception_reveal_distance"":null,""perception_reveal_step"":50,""require_aeb_infeasible"":true,""safety_margin"":0.3,""stable_aes_beta_limit"":0.2,""stable_aes_drift_bonus_scale"":0.18,""stable_aes_sideslip_penalty"":2.8},""obstacle_relative_velocity_mode"":""zero"",""obstacle_slots"":4,""privileged_observation_mode"":""basic"",""randomization"":{""actuator_tau_scale_range"":[0.65,2.2],""brake_scale_range"":[0.55,1.35],""cg_shift_range"":[-0.14,0.14],""drive_scale_range"":[0.6,1.3],""inertia_scale_range"":[0.8,1.3],""mass_scale_range"":[0.8,1.28],""mu_range"":[0.28,1.05],""tire_stiffness_scale_range"":[0.58,1.42]},""road_lookahead_count"":8,""road_lookahead_spacing"":5.0,""speed_range"":[14.0,20.0],""termination_penalty"":8.0,""track_kind"":""circle"",""track_radius"":60.0,""track_width"":4.4,""warmup_gate"":{""distance_range"":[12.0,30.0],""enabled"":true,""finish_pass_distance"":2.0,""half_width_range"":[0.35,0.85],""lateral_offset_range"":[-1.2,1.2],""max_active_steps"":25,""reveal_step"":50},""wheel_observation_mode"":""none""}"
m2063-osd-osd_v0_0150_t3,False,"{""action_history_mode"":""full"",""beta_target_range"":[0.04,0.32],""dt"":0.02,""friction_limited_speed"":true,""friction_speed_margin"":0.92,""friction_step"":{""enabled"":true,""mu_range"":[0.3,1.15],""resample_speed_ref"":false,""step_range"":[8,40]},""history_length"":1,""include_privileged_params"":false,""max_steps"":800,""obstacle"":{""allowed_labels"":[""aes_feasible"",""drift_required"",""unavoidable""],""brake_mu_fraction"":0.9,""clearance_margin_reward_clip"":0.25,""clearance_margin_reward_scale"":0.0,""collision_penalty"":25.0,""conventional_lateral_mu_fraction"":0.42,""dense_clearance_margin_reward_clip"":0.25,""dense_clearance_margin_reward_scale"":0.0,""dense_clearance_margin_reward_window"":8.0,""distance_range"":[1.0,7.583333333333334],""drift_lateral_mu_fraction"":0.85,""ego_half_width"":0.9,""enabled"":true,""finish_on_pass"":true,""finish_pass_distance"":2.0,""half_width_range"":[0.2,0.9940476190476191],""max_sample_attempts"":10000,""max_threshold_score"":0.25,""min_time_after_friction_step"":0.1,""pass_reward"":12.0,""perception_reveal_distance"":null,""perception_reveal_step"":10,""require_aeb_infeasible"":true,""safety_margin"":0.3,""stable_aes_beta_limit"":0.2,""stable_aes_drift_bonus_scale"":0.18,""stable_aes_sideslip_penalty"":2.8},""obstacle_relative_velocity_mode"":""zero"",""obstacle_slots"":4,""privileged_observation_mode"":""basic"",""randomization"":{""actuator_tau_scale_range"":[1.8,2.8],""brake_scale_range"":[0.55,1.35],""cg_shift_range"":[-0.14,0.14],""drive_scale_range"":[0.6,1.3],""inertia_scale_range"":[0.8,1.3],""mass_scale_range"":[0.8,1.28],""mu_range"":[0.45,0.85],""tire_stiffness_scale_range"":[0.58,1.42]},""road_lookahead_count"":8,""road_lookahead_spacing"":5.0,""speed_range"":[7.0,11.0],""termination_penalty"":8.0,""track_kind"":""circle"",""track_radius"":32.0,""track_width"":7.0,""warmup_gate"":{""distance_range"":[12.0,30.0],""enabled"":true,""finish_pass_distance"":2.0,""half_width_range"":[0.35,0.85],""lateral_offset_range"":[-1.2,1.2],""max_active_steps"":50,""reveal_step"":10},""wheel_observation_mode"":""none""}","{""action_history_mode"":""full"",""beta_target_range"":[0.04,0.32],""dt"":0.02,""friction_limited_speed"":true,""friction_speed_margin"":0.92,""friction_step"":{""enabled"":true,""mu_range"":[0.3,1.15],""resample_speed_ref"":false,""step_range"":[8,40]},""history_length"":1,""include_privileged_params"":false,""max_steps"":800,""obstacle"":{""allowed_labels"":[""aes_feasible"",""drift_required"",""unavoidable""],""brake_mu_fraction"":0.9,""clearance_margin_reward_clip"":0.25,""clearance_margin_reward_scale"":0.0,""collision_penalty"":25.0,""conventional_lateral_mu_fraction"":0.42,""dense_clearance_margin_reward_clip"":0.25,""dense_clearance_margin_reward_scale"":0.0,""dense_clearance_margin_reward_window"":8.0,""distance_range"":[1.0,7.583333333333334],""drift_lateral_mu_fraction"":0.85,""ego_half_width"":0.9,""enabled"":true,""finish_on_pass"":true,""finish_pass_distance"":2.0,""half_width_range"":[0.2,0.9940476190476191],""max_sample_attempts"":10000,""max_threshold_score"":0.25,""min_time_after_friction_step"":0.1,""pass_reward"":12.0,""perception_reveal_distance"":null,""perception_reveal_step"":10,""require_aeb_infeasible"":true,""safety_margin"":0.3,""stable_aes_beta_limit"":0.2,""stable_aes_drift_bonus_scale"":0.18,""stable_aes_sideslip_penalty"":2.8},""obstacle_relative_velocity_mode"":""zero"",""obstacle_slots"":4,""privileged_observation_mode"":""basic"",""randomization"":{""actuator_tau_scale_range"":[1.8,2.8],""brake_scale_range"":[0.55,1.35],""cg_shift_range"":[-0.14,0.14],""drive_scale_range"":[0.6,1.3],""inertia_scale_range"":[0.8,1.3],""mass_scale_range"":[0.8,1.28],""mu_range"":[0.45,0.85],""tire_stiffness_scale_range"":[0.58,1.42]},""road_lookahead_count"":8,""road_lookahead_spacing"":5.0,""speed_range"":[7.0,11.0],""termination_penalty"":8.0,""track_kind"":""circle"",""track_radius"":32.0,""track_width"":7.0,""warmup_gate"":{""distance_range"":[12.0,30.0],""enabled"":true,""finish_pass_distance"":2.0,""half_width_range"":[0.35,0.85],""lateral_offset_range"":[-1.2,1.2],""max_active_steps"":50,""reveal_step"":10},""wheel_observation_mode"":""none""}"
m2063-osd-osd_v0_0151_t3,False,"{""action_history_mode"":""full"",""beta_target_range"":[0.04,0.32],""dt"":0.02,""friction_limited_speed"":true,""friction_speed_margin"":0.92,""friction_step"":{""enabled"":true,""mu_range"":[0.3,1.15],""resample_speed_ref"":false,""step_range"":[8,40]},""history_length"":1,""include_privileged_params"":false,""max_steps"":800,""obstacle"":{""allowed_labels"":[""aes_feasible"",""drift_required"",""unavoidable""],""brake_mu_fraction"":0.9,""clearance_margin_reward_clip"":0.25,""clearance_margin_reward_scale"":0.0,""collision_penalty"":25.0,""conventional_lateral_mu_fraction"":0.42,""dense_clearance_margin_reward_clip"":0.25,""dense_clearance_margin_reward_scale"":0.0,""dense_clearance_margin_reward_window"":8.0,""distance_range"":[1.0,8.131944444444445],""drift_lateral_mu_fraction"":0.85,""ego_half_width"":0.9,""enabled"":true,""finish_on_pass"":true,""finish_pass_distance"":2.0,""half_width_range"":[0.2,0.9940476190476191],""max_sample_attempts"":10000,""max_threshold_score"":0.25,""min_time_after_friction_step"":0.1,""pass_reward"":12.0,""perception_reveal_distance"":null,""perception_reveal_step"":25,""require_aeb_infeasible"":true,""safety_margin"":0.3,""stable_aes_beta_limit"":0.2,""stable_aes_drift_bonus_scale"":0.18,""stable_aes_sideslip_penalty"":2.8},""obstacle_relative_velocity_mode"":""zero"",""obstacle_slots"":4,""privileged_observation_mode"":""basic"",""randomization"":{""actuator_tau_scale_range"":[0.65,1.35],""brake_scale_range"":[0.55,1.35],""cg_shift_range"":[-0.14,0.14],""drive_scale_range"":[0.6,1.3],""inertia_scale_range"":[0.8,1.3],""mass_scale_range"":[0.8,1.28],""mu_range"":[0.75,1.05],""tire_stiffness_scale_range"":[0.58,1.42]},""road_lookahead_count"":8,""road_lookahead_spacing"":5.0,""speed_range"":[10.0,15.0],""termination_penalty"":8.0,""track_kind"":""circle"",""track_radius"":18.0,""track_width"":5.5,""warmup_gate"":{""distance_range"":[12.0,30.0],""enabled"":true,""finish_pass_distance"":2.0,""half_width_range"":[0.35,0.85],""lateral_offset_range"":[-1.2,1.2],""max_active_steps"":50,""reveal_step"":25},""wheel_observation_mode"":""none""}","{""action_history_mode"":""full"",""beta_target_range"":[0.04,0.32],""dt"":0.02,""friction_limited_speed"":true,""friction_speed_margin"":0.92,""friction_step"":{""enabled"":true,""mu_range"":[0.3,1.15],""resample_speed_ref"":false,""step_range"":[8,40]},""history_length"":1,""include_privileged_params"":false,""max_steps"":800,""obstacle"":{""allowed_labels"":[""aes_feasible"",""drift_required"",""unavoidable""],""brake_mu_fraction"":0.9,""clearance_margin_reward_clip"":0.25,""clearance_margin_reward_scale"":0.0,""collision_penalty"":25.0,""conventional_lateral_mu_fraction"":0.42,""dense_clearance_margin_reward_clip"":0.25,""dense_clearance_margin_reward_scale"":0.0,""dense_clearance_margin_reward_window"":8.0,""distance_range"":[1.0,8.131944444444445],""drift_lateral_mu_fraction"":0.85,""ego_half_width"":0.9,""enabled"":true,""finish_on_pass"":true,""finish_pass_distance"":2.0,""half_width_range"":[0.2,0.9940476190476191],""max_sample_attempts"":10000,""max_threshold_score"":0.25,""min_time_after_friction_step"":0.1,""pass_reward"":12.0,""perception_reveal_distance"":null,""perception_reveal_step"":25,""require_aeb_infeasible"":true,""safety_margin"":0.3,""stable_aes_beta_limit"":0.2,""stable_aes_drift_bonus_scale"":0.18,""stable_aes_sideslip_penalty"":2.8},""obstacle_relative_velocity_mode"":""zero"",""obstacle_slots"":4,""privileged_observation_mode"":""basic"",""randomization"":{""actuator_tau_scale_range"":[0.65,1.35],""brake_scale_range"":[0.55,1.35],""cg_shift_range"":[-0.14,0.14],""drive_scale_range"":[0.6,1.3],""inertia_scale_range"":[0.8,1.3],""mass_scale_range"":[0.8,1.28],""mu_range"":[0.75,1.05],""tire_stiffness_scale_range"":[0.58,1.42]},""road_lookahead_count"":8,""road_lookahead_spacing"":5.0,""speed_range"":[10.0,15.0],""termination_penalty"":8.0,""track_kind"":""circle"",""track_radius"":18.0,""track_width"":5.5,""warmup_gate"":{""distance_range"":[12.0,30.0],""enabled"":true,""finish_pass_distance"":2.0,""half_width_range"":[0.35,0.85],""lateral_offset_range"":[-1.2,1.2],""max_active_steps"":50,""reveal_step"":25},""wheel_observation_mode"":""none""}"
m2063-osd-osd_v0_0152_t3,False,"{""action_history_mode"":""full"",""beta_target_range"":[0.04,0.32],""dt"":0.02,""friction_limited_speed"":true,""friction_speed_margin"":0.92,""friction_step"":{""enabled"":true,""mu_range"":[0.3,1.15],""resample_speed_ref"":false,""step_range"":[8,40]},""history_length"":1,""include_privileged_params"":false,""max_steps"":800,""obstacle"":{""allowed_labels"":[""aes_feasible"",""drift_required"",""unavoidable""],""brake_mu_fraction"":0.9,""clearance_margin_reward_clip"":0.25,""clearance_margin_reward_scale"":0.0,""collision_penalty"":25.0,""conventional_lateral_mu_fraction"":0.42,""dense_clearance_margin_reward_clip"":0.25,""dense_clearance_margin_reward_scale"":0.0,""dense_clearance_margin_reward_window"":8.0,""distance_range"":[12.041666666666668,24.041666666666668],""drift_lateral_mu_fraction"":0.85,""ego_half_width"":0.9,""enabled"":true,""finish_on_pass"":true,""finish_pass_distance"":2.0,""half_width_range"":[0.2,0.9940476190476191],""max_sample_attempts"":10000,""max_threshold_score"":0.25,""min_time_after_friction_step"":0.1,""pass_reward"":12.0,""perception_reveal_distance"":null,""perception_reveal_step"":50,""require_aeb_infeasible"":true,""safety_margin"":0.3,""stable_aes_beta_limit"":0.2,""stable_aes_drift_bonus_scale"":0.18,""stable_aes_sideslip_penalty"":2.8},""obstacle_relative_velocity_mode"":""zero"",""obstacle_slots"":4,""privileged_observation_mode"":""basic"",""randomization"":{""actuator_tau_scale_range"":[0.75,1.65],""brake_scale_range"":[0.55,1.35],""cg_shift_range"":[-0.14,0.14],""drive_scale_range"":[0.6,1.3],""inertia_scale_range"":[0.8,1.3],""mass_scale_range"":[0.8,1.28],""mu_range"":[0.35,0.55],""tire_stiffness_scale_range"":[0.58,1.42]},""road_lookahead_count"":8,""road_lookahead_spacing"":5.0,""speed_range"":[14.0,20.0],""termination_penalty"":8.0,""track_kind"":""circle"",""track_radius"":60.0,""track_width"":4.4,""warmup_gate"":{""distance_range"":[12.0,30.0],""enabled"":true,""finish_pass_distance"":2.0,""half_width_range"":[0.35,0.85],""lateral_offset_range"":[-1.2,1.2],""max_active_steps"":75,""reveal_step"":50},""wheel_observation_mode"":""none""}","{""action_history_mode"":""full"",""beta_target_range"":[0.04,0.32],""dt"":0.02,""friction_limited_speed"":true,""friction_speed_margin"":0.92,""friction_step"":{""enabled"":true,""mu_range"":[0.3,1.15],""resample_speed_ref"":false,""step_range"":[8,40]},""history_length"":1,""include_privileged_params"":false,""max_steps"":800,""obstacle"":{""allowed_labels"":[""aes_feasible"",""drift_required"",""unavoidable""],""brake_mu_fraction"":0.9,""clearance_margin_reward_clip"":0.25,""clearance_margin_reward_scale"":0.0,""collision_penalty"":25.0,""conventional_lateral_mu_fraction"":0.42,""dense_clearance_margin_reward_clip"":0.25,""dense_clearance_margin_reward_scale"":0.0,""dense_clearance_margin_reward_window"":8.0,""distance_range"":[12.041666666666668,24.041666666666668],""drift_lateral_mu_fraction"":0.85,""ego_half_width"":0.9,""enabled"":true,""finish_on_pass"":true,""finish_pass_distance"":2.0,""half_width_range"":[0.2,0.9940476190476191],""max_sample_attempts"":10000,""max_threshold_score"":0.25,""min_time_after_friction_step"":0.1,""pass_reward"":12.0,""perception_reveal_distance"":null,""perception_reveal_step"":50,""require_aeb_infeasible"":true,""safety_margin"":0.3,""stable_aes_beta_limit"":0.2,""stable_aes_drift_bonus_scale"":0.18,""stable_aes_sideslip_penalty"":2.8},""obstacle_relative_velocity_mode"":""zero"",""obstacle_slots"":4,""privileged_observation_mode"":""basic"",""randomization"":{""actuator_tau_scale_range"":[0.75,1.65],""brake_scale_range"":[0.55,1.35],""cg_shift_range"":[-0.14,0.14],""drive_scale_range"":[0.6,1.3],""inertia_scale_range"":[0.8,1.3],""mass_scale_range"":[0.8,1.28],""mu_range"":[0.35,0.55],""tire_stiffness_scale_range"":[0.58,1.42]},""road_lookahead_count"":8,""road_lookahead_spacing"":5.0,""speed_range"":[14.0,20.0],""termination_penalty"":8.0,""track_kind"":""circle"",""track_radius"":60.0,""track_width"":4.4,""warmup_gate"":{""distance_range"":[12.0,30.0],""enabled"":true,""finish_pass_distance"":2.0,""half_width_range"":[0.35,0.85],""lateral_offset_range"":[-1.2,1.2],""max_active_steps"":75,""reveal_step"":50},""wheel_observation_mode"":""none""}"
m2063-osd-osd_v0_0153_t3,False,"{""action_history_mode"":""full"",""beta_target_range"":[0.04,0.32],""dt"":0.02,""friction_limited_speed"":true,""friction_speed_margin"":0.92,""friction_step"":{""enabled"":true,""mu_range"":[0.3,1.15],""resample_speed_ref"":false,""step_range"":[8,40]},""history_length"":1,""include_privileged_params"":false,""max_steps"":800,""obstacle"":{""allowed_labels"":[""aes_feasible"",""drift_required"",""unavoidable""],""brake_mu_fraction"":0.9,""clearance_margin_reward_clip"":0.25,""clearance_margin_reward_scale"":0.0,""collision_penalty"":25.0,""conventional_lateral_mu_fraction"":0.42,""dense_clearance_margin_reward_clip"":0.25,""dense_clearance_margin_reward_scale"":0.0,""dense_clearance_margin_reward_window"":8.0,""distance_range"":[1.6180555555555571,13.618055555555557],""drift_lateral_mu_fraction"":0.85,""ego_half_width"":0.9,""enabled"":true,""finish_on_pass"":true,""finish_pass_distance"":2.0,""half_width_range"":[0.2,0.9940476190476191],""max_sample_attempts"":10000,""max_threshold_score"":1.0,""min_time_after_friction_step"":0.1,""pass_reward"":12.0,""perception_reveal_distance"":null,""perception_reveal_step"":10,""require_aeb_infeasible"":true,""safety_margin"":0.3,""stable_aes_beta_limit"":0.2,""stable_aes_drift_bonus_scale"":0.18,""stable_aes_sideslip_penalty"":2.8},""obstacle_relative_velocity_mode"":""zero"",""obstacle_slots"":4,""privileged_observation_mode"":""basic"",""randomization"":{""actuator_tau_scale_range"":[0.65,2.2],""brake_scale_range"":[0.55,1.35],""cg_shift_range"":[-0.14,0.14],""drive_scale_range"":[0.6,1.3],""inertia_scale_range"":[0.8,1.3],""mass_scale_range"":[0.8,1.28],""mu_range"":[0.28,1.05],""tire_stiffness_scale_range"":[0.58,1.42]},""road_lookahead_count"":8,""road_lookahead_spacing"":5.0,""speed_range"":[7.0,11.0],""termination_penalty"":8.0,""track_kind"":""circle"",""track_radius"":32.0,""track_width"":7.0,""warmup_gate"":{""distance_range"":[12.0,30.0],""enabled"":true,""finish_pass_distance"":2.0,""half_width_range"":[0.35,0.85],""lateral_offset_range"":[-1.2,1.2],""max_active_steps"":75,""reveal_step"":10},""wheel_observation_mode"":""none""}","{""action_history_mode"":""full"",""beta_target_range"":[0.04,0.32],""dt"":0.02,""friction_limited_speed"":true,""friction_speed_margin"":0.92,""friction_step"":{""enabled"":true,""mu_range"":[0.3,1.15],""resample_speed_ref"":false,""step_range"":[8,40]},""history_length"":1,""include_privileged_params"":false,""max_steps"":800,""obstacle"":{""allowed_labels"":[""aes_feasible"",""drift_required"",""unavoidable""],""brake_mu_fraction"":0.9,""clearance_margin_reward_clip"":0.25,""clearance_margin_reward_scale"":0.0,""collision_penalty"":25.0,""conventional_lateral_mu_fraction"":0.42,""dense_clearance_margin_reward_clip"":0.25,""dense_clearance_margin_reward_scale"":0.0,""dense_clearance_margin_reward_window"":8.0,""distance_range"":[1.6180555555555571,13.618055555555557],""drift_lateral_mu_fraction"":0.85,""ego_half_width"":0.9,""enabled"":true,""finish_on_pass"":true,""finish_pass_distance"":2.0,""half_width_range"":[0.2,0.9940476190476191],""max_sample_attempts"":10000,""max_threshold_score"":1.0,""min_time_after_friction_step"":0.1,""pass_reward"":12.0,""perception_reveal_distance"":null,""perception_reveal_step"":10,""require_aeb_infeasible"":true,""safety_margin"":0.3,""stable_aes_beta_limit"":0.2,""stable_aes_drift_bonus_scale"":0.18,""stable_aes_sideslip_penalty"":2.8},""obstacle_relative_velocity_mode"":""zero"",""obstacle_slots"":4,""privileged_observation_mode"":""basic"",""randomization"":{""actuator_tau_scale_range"":[0.65,2.2],""brake_scale_range"":[0.55,1.35],""cg_shift_range"":[-0.14,0.14],""drive_scale_range"":[0.6,1.3],""inertia_scale_range"":[0.8,1.3],""mass_scale_range"":[0.8,1.28],""mu_range"":[0.28,1.05],""tire_stiffness_scale_range"":[0.58,1.42]},""road_lookahead_count"":8,""road_lookahead_spacing"":5.0,""speed_range"":[7.0,11.0],""termination_penalty"":8.0,""track_kind"":""circle"",""track_radius"":32.0,""track_width"":7.0,""warmup_gate"":{""distance_range"":[12.0,30.0],""enabled"":true,""finish_pass_distance"":2.0,""half_width_range"":[0.35,0.85],""lateral_offset_range"":[-1.2,1.2],""max_active_steps"":75,""reveal_step"":10},""wheel_observation_mode"":""none""}"
m2063-osd-osd_v0_0154_t3,False,"{""action_history_mode"":""full"",""beta_target_range"":[0.04,0.32],""dt"":0.02,""friction_limited_speed"":true,""friction_speed_margin"":0.92,""friction_step"":{""enabled"":true,""mu_range"":[0.3,1.15],""resample_speed_ref"":false,""step_range"":[8,40]},""history_length"":1,""include_privileged_params"":false,""max_steps"":800,""obstacle"":{""allowed_labels"":[""aes_feasible"",""drift_required"",""unavoidable""],""brake_mu_fraction"":0.9,""clearance_margin_reward_clip"":0.25,""clearance_margin_reward_scale"":0.0,""collision_penalty"":25.0,""conventional_lateral_mu_fraction"":0.42,""dense_clearance_margin_reward_clip"":0.25,""dense_clearance_margin_reward_scale"":0.0,""dense_clearance_margin_reward_window"":8.0,""distance_range"":[1.0,8.131944444444445],""drift_lateral_mu_fraction"":0.85,""ego_half_width"":0.9,""enabled"":true,""finish_on_pass"":true,""finish_pass_distance"":2.0,""half_width_range"":[0.2,0.9940476190476191],""max_sample_attempts"":10000,""max_threshold_score"":0.25,""min_time_after_friction_step"":0.1,""pass_reward"":12.0,""perception_reveal_distance"":null,""perception_reveal_step"":25,""require_aeb_infeasible"":true,""safety_margin"":0.3,""stable_aes_beta_limit"":0.2,""stable_aes_drift_bonus_scale"":0.18,""stable_aes_sideslip_penalty"":2.8},""obstacle_relative_velocity_mode"":""zero"",""obstacle_slots"":4,""privileged_observation_mode"":""basic"",""randomization"":{""actuator_tau_scale_range"":[1.8,2.8],""brake_scale_range"":[0.55,1.35],""cg_shift_range"":[-0.14,0.14],""drive_scale_range"":[0.6,1.3],""inertia_scale_range"":[0.8,1.3],""mass_scale_range"":[0.8,1.28],""mu_range"":[0.45,0.85],""tire_stiffness_scale_range"":[0.58,1.42]},""road_lookahead_count"":8,""road_lookahead_spacing"":5.0,""speed_range"":[10.0,15.0],""termination_penalty"":8.0,""track_kind"":""circle"",""track_radius"":18.0,""track_width"":5.5,""warmup_gate"":{""distance_range"":[12.0,30.0],""enabled"":true,""finish_pass_distance"":2.0,""half_width_range"":[0.35,0.85],""lateral_offset_range"":[-1.2,1.2],""max_active_steps"":100,""reveal_step"":25},""wheel_observation_mode"":""none""}","{""action_history_mode"":""full"",""beta_target_range"":[0.04,0.32],""dt"":0.02,""friction_limited_speed"":true,""friction_speed_margin"":0.92,""friction_step"":{""enabled"":true,""mu_range"":[0.3,1.15],""resample_speed_ref"":false,""step_range"":[8,40]},""history_length"":1,""include_privileged_params"":false,""max_steps"":800,""obstacle"":{""allowed_labels"":[""aes_feasible"",""drift_required"",""unavoidable""],""brake_mu_fraction"":0.9,""clearance_margin_reward_clip"":0.25,""clearance_margin_reward_scale"":0.0,""collision_penalty"":25.0,""conventional_lateral_mu_fraction"":0.42,""dense_clearance_margin_reward_clip"":0.25,""dense_clearance_margin_reward_scale"":0.0,""dense_clearance_margin_reward_window"":8.0,""distance_range"":[1.0,8.131944444444445],""drift_lateral_mu_fraction"":0.85,""ego_half_width"":0.9,""enabled"":true,""finish_on_pass"":true,""finish_pass_distance"":2.0,""half_width_range"":[0.2,0.9940476190476191],""max_sample_attempts"":10000,""max_threshold_score"":0.25,""min_time_after_friction_step"":0.1,""pass_reward"":12.0,""perception_reveal_distance"":null,""perception_reveal_step"":25,""require_aeb_infeasible"":true,""safety_margin"":0.3,""stable_aes_beta_limit"":0.2,""stable_aes_drift_bonus_scale"":0.18,""stable_aes_sideslip_penalty"":2.8},""obstacle_relative_velocity_mode"":""zero"",""obstacle_slots"":4,""privileged_observation_mode"":""basic"",""randomization"":{""actuator_tau_scale_range"":[1.8,2.8],""brake_scale_range"":[0.55,1.35],""cg_shift_range"":[-0.14,0.14],""drive_scale_range"":[0.6,1.3],""inertia_scale_range"":[0.8,1.3],""mass_scale_range"":[0.8,1.28],""mu_range"":[0.45,0.85],""tire_stiffness_scale_range"":[0.58,1.42]},""road_lookahead_count"":8,""road_lookahead_spacing"":5.0,""speed_range"":[10.0,15.0],""termination_penalty"":8.0,""track_kind"":""circle"",""track_radius"":18.0,""track_width"":5.5,""warmup_gate"":{""distance_range"":[12.0,30.0],""enabled"":true,""finish_pass_distance"":2.0,""half_width_range"":[0.35,0.85],""lateral_offset_range"":[-1.2,1.2],""max_active_steps"":100,""reveal_step"":25},""wheel_observation_mode"":""none""}"
m2063-osd-osd_v0_0155_t3,False,"{""action_history_mode"":""full"",""beta_target_range"":[0.04,0.32],""dt"":0.02,""friction_limited_speed"":true,""friction_speed_margin"":0.92,""friction_step"":{""enabled"":true,""mu_range"":[0.3,1.15],""resample_speed_ref"":false,""step_range"":[8,40]},""history_length"":1,""include_privileged_params"":false,""max_steps"":800,""obstacle"":{""allowed_labels"":[""aes_feasible"",""drift_required"",""unavoidable""],""brake_mu_fraction"":0.9,""clearance_margin_reward_clip"":0.25,""clearance_margin_reward_scale"":0.0,""collision_penalty"":25.0,""conventional_lateral_mu_fraction"":0.42,""dense_clearance_margin_reward_clip"":0.25,""dense_clearance_margin_reward_scale"":0.0,""dense_clearance_margin_reward_window"":8.0,""distance_range"":[9.847222222222225,21.847222222222225],""drift_lateral_mu_fraction"":0.85,""ego_half_width"":0.9,""enabled"":true,""finish_on_pass"":true,""finish_pass_distance"":2.0,""half_width_range"":[0.33690476190476193,1.1369047619047619],""max_sample_attempts"":10000,""max_threshold_score"":0.25,""min_time_after_friction_step"":0.1,""pass_reward"":12.0,""perception_reveal_distance"":null,""perception_reveal_step"":50,""require_aeb_infeasible"":true,""safety_margin"":0.3,""stable_aes_beta_limit"":0.2,""stable_aes_drift_bonus_scale"":0.18,""stable_aes_sideslip_penalty"":2.8},""obstacle_relative_velocity_mode"":""zero"",""obstacle_slots"":4,""privileged_observation_mode"":""basic"",""randomization"":{""actuator_tau_scale_range"":[0.65,1.35],""brake_scale_range"":[0.55,1.35],""cg_shift_range"":[-0.14,0.14],""drive_scale_range"":[0.6,1.3],""inertia_scale_range"":[0.8,1.3],""mass_scale_range"":[0.8,1.28],""mu_range"":[0.75,1.05],""tire_stiffness_scale_range"":[0.58,1.42]},""road_lookahead_count"":8,""road_lookahead_spacing"":5.0,""speed_range"":[14.0,20.0],""termination_penalty"":8.0,""track_kind"":""circle"",""track_radius"":60.0,""track_width"":4.4,""warmup_gate"":{""distance_range"":[12.0,30.0],""enabled"":true,""finish_pass_distance"":2.0,""half_width_range"":[0.35,0.85],""lateral_offset_range"":[-1.2,1.2],""max_active_steps"":100,""reveal_step"":50},""wheel_observation_mode"":""none""}","{""action_history_mode"":""full"",""beta_target_range"":[0.04,0.32],""dt"":0.02,""friction_limited_speed"":true,""friction_speed_margin"":0.92,""friction_step"":{""enabled"":true,""mu_range"":[0.3,1.15],""resample_speed_ref"":false,""step_range"":[8,40]},""history_length"":1,""include_privileged_params"":false,""max_steps"":800,""obstacle"":{""allowed_labels"":[""aes_feasible"",""drift_required"",""unavoidable""],""brake_mu_fraction"":0.9,""clearance_margin_reward_clip"":0.25,""clearance_margin_reward_scale"":0.0,""collision_penalty"":25.0,""conventional_lateral_mu_fraction"":0.42,""dense_clearance_margin_reward_clip"":0.25,""dense_clearance_margin_reward_scale"":0.0,""dense_clearance_margin_reward_window"":8.0,""distance_range"":[9.847222222222225,21.847222222222225],""drift_lateral_mu_fraction"":0.85,""ego_half_width"":0.9,""enabled"":true,""finish_on_pass"":true,""finish_pass_distance"":2.0,""half_width_range"":[0.33690476190476193,1.1369047619047619],""max_sample_attempts"":10000,""max_threshold_score"":0.25,""min_time_after_friction_step"":0.1,""pass_reward"":12.0,""perception_reveal_distance"":null,""perception_reveal_step"":50,""require_aeb_infeasible"":true,""safety_margin"":0.3,""stable_aes_beta_limit"":0.2,""stable_aes_drift_bonus_scale"":0.18,""stable_aes_sideslip_penalty"":2.8},""obstacle_relative_velocity_mode"":""zero"",""obstacle_slots"":4,""privileged_observation_mode"":""basic"",""randomization"":{""actuator_tau_scale_range"":[0.65,1.35],""brake_scale_range"":[0.55,1.35],""cg_shift_range"":[-0.14,0.14],""drive_scale_range"":[0.6,1.3],""inertia_scale_range"":[0.8,1.3],""mass_scale_range"":[0.8,1.28],""mu_range"":[0.75,1.05],""tire_stiffness_scale_range"":[0.58,1.42]},""road_lookahead_count"":8,""road_lookahead_spacing"":5.0,""speed_range"":[14.0,20.0],""termination_penalty"":8.0,""track_kind"":""circle"",""track_radius"":60.0,""track_width"":4.4,""warmup_gate"":{""distance_range"":[12.0,30.0],""enabled"":true,""finish_pass_distance"":2.0,""half_width_range"":[0.35,0.85],""lateral_offset_range"":[-1.2,1.2],""max_active_steps"":100,""reveal_step"":50},""wheel_observation_mode"":""none""}"
m2063-osd-osd_v0_0156_t3,False,"{""action_history_mode"":""full"",""beta_target_range"":[0.04,0.32],""dt"":0.02,""friction_limited_speed"":true,""friction_speed_margin"":0.92,""friction_step"":{""enabled"":true,""mu_range"":[0.3,1.15],""resample_speed_ref"":false,""step_range"":[8,40]},""history_length"":1,""include_privileged_params"":false,""max_steps"":800,""obstacle"":{""allowed_labels"":[""aes_feasible"",""drift_required"",""unavoidable""],""brake_mu_fraction"":0.9,""clearance_margin_reward_clip"":0.25,""clearance_margin_reward_scale"":0.0,""collision_penalty"":25.0,""conventional_lateral_mu_fraction"":0.42,""dense_clearance_margin_reward_clip"":0.25,""dense_clearance_margin_reward_scale"":0.0,""dense_clearance_margin_reward_window"":8.0,""distance_range"":[3.2638888888888893,15.26388888888889],""drift_lateral_mu_fraction"":0.85,""ego_half_width"":0.9,""enabled"":true,""finish_on_pass"":true,""finish_pass_distance"":2.0,""half_width_range"":[0.2,0.9940476190476191],""max_sample_attempts"":10000,""max_threshold_score"":0.25,""min_time_after_friction_step"":0.1,""pass_reward"":12.0,""perception_reveal_distance"":null,""perception_reveal_step"":10,""require_aeb_infeasible"":true,""safety_margin"":0.3,""stable_aes_beta_limit"":0.2,""stable_aes_drift_bonus_scale"":0.18,""stable_aes_sideslip_penalty"":2.8},""obstacle_relative_velocity_mode"":""zero"",""obstacle_slots"":4,""privileged_observation_mode"":""basic"",""randomization"":{""actuator_tau_scale_range"":[0.75,1.65],""brake_scale_range"":[0.55,1.35],""cg_shift_range"":[-0.14,0.14],""drive_scale_range"":[0.6,1.3],""inertia_scale_range"":[0.8,1.3],""mass_scale_range"":[0.8,1.28],""mu_range"":[0.35,0.55],""tire_stiffness_scale_range"":[0.58,1.42]},""road_lookahead_count"":8,""road_lookahead_spacing"":5.0,""speed_range"":[7.0,11.0],""termination_penalty"":8.0,""track_kind"":""circle"",""track_radius"":32.0,""track_width"":7.0,""warmup_gate"":{""distance_range"":[12.0,30.0],""enabled"":true,""finish_pass_distance"":2.0,""half_width_range"":[0.35,0.85],""lateral_offset_range"":[-1.2,1.2],""max_active_steps"":25,""reveal_step"":10},""wheel_observation_mode"":""none""}","{""action_history_mode"":""full"",""beta_target_range"":[0.04,0.32],""dt"":0.02,""friction_limited_speed"":true,""friction_speed_margin"":0.92,""friction_step"":{""enabled"":true,""mu_range"":[0.3,1.15],""resample_speed_ref"":false,""step_range"":[8,40]},""history_length"":1,""include_privileged_params"":false,""max_steps"":800,""obstacle"":{""allowed_labels"":[""aes_feasible"",""drift_required"",""unavoidable""],""brake_mu_fraction"":0.9,""clearance_margin_reward_clip"":0.25,""clearance_margin_reward_scale"":0.0,""collision_penalty"":25.0,""conventional_lateral_mu_fraction"":0.42,""dense_clearance_margin_reward_clip"":0.25,""dense_clearance_margin_reward_scale"":0.0,""dense_clearance_margin_reward_window"":8.0,""distance_range"":[3.2638888888888893,15.26388888888889],""drift_lateral_mu_fraction"":0.85,""ego_half_width"":0.9,""enabled"":true,""finish_on_pass"":true,""finish_pass_distance"":2.0,""half_width_range"":[0.2,0.9940476190476191],""max_sample_attempts"":10000,""max_threshold_score"":0.25,""min_time_after_friction_step"":0.1,""pass_reward"":12.0,""perception_reveal_distance"":null,""perception_reveal_step"":10,""require_aeb_infeasible"":true,""safety_margin"":0.3,""stable_aes_beta_limit"":0.2,""stable_aes_drift_bonus_scale"":0.18,""stable_aes_sideslip_penalty"":2.8},""obstacle_relative_velocity_mode"":""zero"",""obstacle_slots"":4,""privileged_observation_mode"":""basic"",""randomization"":{""actuator_tau_scale_range"":[0.75,1.65],""brake_scale_range"":[0.55,1.35],""cg_shift_range"":[-0.14,0.14],""drive_scale_range"":[0.6,1.3],""inertia_scale_range"":[0.8,1.3],""mass_scale_range"":[0.8,1.28],""mu_range"":[0.35,0.55],""tire_stiffness_scale_range"":[0.58,1.42]},""road_lookahead_count"":8,""road_lookahead_spacing"":5.0,""speed_range"":[7.0,11.0],""termination_penalty"":8.0,""track_kind"":""circle"",""track_radius"":32.0,""track_width"":7.0,""warmup_gate"":{""distance_range"":[12.0,30.0],""enabled"":true,""finish_pass_distance"":2.0,""half_width_range"":[0.35,0.85],""lateral_offset_range"":[-1.2,1.2],""max_active_steps"":25,""reveal_step"":10},""wheel_observation_mode"":""none""}"
m2063-osd-osd_v0_0157_t3,False,"{""action_history_mode"":""full"",""beta_target_range"":[0.04,0.32],""dt"":0.02,""friction_limited_speed"":true,""friction_speed_margin"":0.92,""friction_step"":{""enabled"":true,""mu_range"":[0.3,1.15],""resample_speed_ref"":false,""step_range"":[8,40]},""history_length"":1,""include_privileged_params"":false,""max_steps"":800,""obstacle"":{""allowed_labels"":[""aes_feasible"",""drift_required"",""unavoidable""],""brake_mu_fraction"":0.9,""clearance_margin_reward_clip"":0.25,""clearance_margin_reward_scale"":0.0,""collision_penalty"":25.0,""conventional_lateral_mu_fraction"":0.42,""dense_clearance_margin_reward_clip"":0.25,""dense_clearance_margin_reward_scale"":0.0,""dense_clearance_margin_reward_window"":8.0,""distance_range"":[1.0,8.680555555555557],""drift_lateral_mu_fraction"":0.85,""ego_half_width"":0.9,""enabled"":true,""finish_on_pass"":true,""finish_pass_distance"":2.0,""half_width_range"":[0.2,0.9940476190476191],""max_sample_attempts"":10000,""max_threshold_score"":0.25,""min_time_after_friction_step"":0.1,""pass_reward"":12.0,""perception_reveal_distance"":null,""perception_reveal_step"":25,""require_aeb_infeasible"":true,""safety_margin"":0.3,""stable_aes_beta_limit"":0.2,""stable_aes_drift_bonus_scale"":0.18,""stable_aes_sideslip_penalty"":2.8},""obstacle_relative_velocity_mode"":""zero"",""obstacle_slots"":4,""privileged_observation_mode"":""basic"",""randomization"":{""actuator_tau_scale_range"":[0.65,2.2],""brake_scale_range"":[0.55,1.35],""cg_shift_range"":[-0.14,0.14],""drive_scale_range"":[0.6,1.3],""inertia_scale_range"":[0.8,1.3],""mass_scale_range"":[0.8,1.28],""mu_range"":[0.28,1.05],""tire_stiffness_scale_range"":[0.58,1.42]},""road_lookahead_count"":8,""road_lookahead_spacing"":5.0,""speed_range"":[10.0,15.0],""termination_penalty"":8.0,""track_kind"":""circle"",""track_radius"":18.0,""track_width"":5.5,""warmup_gate"":{""distance_range"":[12.0,30.0],""enabled"":true,""finish_pass_distance"":2.0,""half_width_range"":[0.35,0.85],""lateral_offset_range"":[-1.2,1.2],""max_active_steps"":25,""reveal_step"":25},""wheel_observation_mode"":""none""}","{""action_history_mode"":""full"",""beta_target_range"":[0.04,0.32],""dt"":0.02,""friction_limited_speed"":true,""friction_speed_margin"":0.92,""friction_step"":{""enabled"":true,""mu_range"":[0.3,1.15],""resample_speed_ref"":false,""step_range"":[8,40]},""history_length"":1,""include_privileged_params"":false,""max_steps"":800,""obstacle"":{""allowed_labels"":[""aes_feasible"",""drift_required"",""unavoidable""],""brake_mu_fraction"":0.9,""clearance_margin_reward_clip"":0.25,""clearance_margin_reward_scale"":0.0,""collision_penalty"":25.0,""conventional_lateral_mu_fraction"":0.42,""dense_clearance_margin_reward_clip"":0.25,""dense_clearance_margin_reward_scale"":0.0,""dense_clearance_margin_reward_window"":8.0,""distance_range"":[1.0,8.680555555555557],""drift_lateral_mu_fraction"":0.85,""ego_half_width"":0.9,""enabled"":true,""finish_on_pass"":true,""finish_pass_distance"":2.0,""half_width_range"":[0.2,0.9940476190476191],""max_sample_attempts"":10000,""max_threshold_score"":0.25,""min_time_after_friction_step"":0.1,""pass_reward"":12.0,""perception_reveal_distance"":null,""perception_reveal_step"":25,""require_aeb_infeasible"":true,""safety_margin"":0.3,""stable_aes_beta_limit"":0.2,""stable_aes_drift_bonus_scale"":0.18,""stable_aes_sideslip_penalty"":2.8},""obstacle_relative_velocity_mode"":""zero"",""obstacle_slots"":4,""privileged_observation_mode"":""basic"",""randomization"":{""actuator_tau_scale_range"":[0.65,2.2],""brake_scale_range"":[0.55,1.35],""cg_shift_range"":[-0.14,0.14],""drive_scale_range"":[0.6,1.3],""inertia_scale_range"":[0.8,1.3],""mass_scale_range"":[0.8,1.28],""mu_range"":[0.28,1.05],""tire_stiffness_scale_range"":[0.58,1.42]},""road_lookahead_count"":8,""road_lookahead_spacing"":5.0,""speed_range"":[10.0,15.0],""termination_penalty"":8.0,""track_kind"":""circle"",""track_radius"":18.0,""track_width"":5.5,""warmup_gate"":{""distance_range"":[12.0,30.0],""enabled"":true,""finish_pass_distance"":2.0,""half_width_range"":[0.35,0.85],""lateral_offset_range"":[-1.2,1.2],""max_active_steps"":25,""reveal_step"":25},""wheel_observation_mode"":""none""}"
m2063-osd-osd_v0_0158_t3,False,"{""action_history_mode"":""full"",""beta_target_range"":[0.04,0.32],""dt"":0.02,""friction_limited_speed"":true,""friction_speed_margin"":0.92,""friction_step"":{""enabled"":true,""mu_range"":[0.3,1.15],""resample_speed_ref"":false,""step_range"":[8,40]},""history_length"":1,""include_privileged_params"":false,""max_steps"":800,""obstacle"":{""allowed_labels"":[""aes_feasible"",""drift_required"",""unavoidable""],""brake_mu_fraction"":0.9,""clearance_margin_reward_clip"":0.25,""clearance_margin_reward_scale"":0.0,""collision_penalty"":25.0,""conventional_lateral_mu_fraction"":0.42,""dense_clearance_margin_reward_clip"":0.25,""dense_clearance_margin_reward_scale"":0.0,""dense_clearance_margin_reward_window"":8.0,""distance_range"":[9.847222222222225,21.847222222222225],""drift_lateral_mu_fraction"":0.85,""ego_half_width"":0.9,""enabled"":true,""finish_on_pass"":true,""finish_pass_distance"":2.0,""half_width_range"":[0.22142857142857153,1.0214285714285716],""max_sample_attempts"":10000,""max_threshold_score"":0.25,""min_time_after_friction_step"":0.1,""pass_reward"":12.0,""perception_reveal_distance"":null,""perception_reveal_step"":50,""require_aeb_infeasible"":true,""safety_margin"":0.3,""stable_aes_beta_limit"":0.2,""stable_aes_drift_bonus_scale"":0.18,""stable_aes_sideslip_penalty"":2.8},""obstacle_relative_velocity_mode"":""zero"",""obstacle_slots"":4,""privileged_observation_mode"":""basic"",""randomization"":{""actuator_tau_scale_range"":[1.8,2.8],""brake_scale_range"":[0.55,1.35],""cg_shift_range"":[-0.14,0.14],""drive_scale_range"":[0.6,1.3],""inertia_scale_range"":[0.8,1.3],""mass_scale_range"":[0.8,1.28],""mu_range"":[0.45,0.85],""tire_stiffness_scale_range"":[0.58,1.42]},""road_lookahead_count"":8,""road_lookahead_spacing"":5.0,""speed_range"":[14.0,20.0],""termination_penalty"":8.0,""track_kind"":""circle"",""track_radius"":60.0,""track_width"":4.4,""warmup_gate"":{""distance_range"":[12.0,30.0],""enabled"":true,""finish_pass_distance"":2.0,""half_width_range"":[0.35,0.85],""lateral_offset_range"":[-1.2,1.2],""max_active_steps"":50,""reveal_step"":50},""wheel_observation_mode"":""none""}","{""action_history_mode"":""full"",""beta_target_range"":[0.04,0.32],""dt"":0.02,""friction_limited_speed"":true,""friction_speed_margin"":0.92,""friction_step"":{""enabled"":true,""mu_range"":[0.3,1.15],""resample_speed_ref"":false,""step_range"":[8,40]},""history_length"":1,""include_privileged_params"":false,""max_steps"":800,""obstacle"":{""allowed_labels"":[""aes_feasible"",""drift_required"",""unavoidable""],""brake_mu_fraction"":0.9,""clearance_margin_reward_clip"":0.25,""clearance_margin_reward_scale"":0.0,""collision_penalty"":25.0,""conventional_lateral_mu_fraction"":0.42,""dense_clearance_margin_reward_clip"":0.25,""dense_clearance_margin_reward_scale"":0.0,""dense_clearance_margin_reward_window"":8.0,""distance_range"":[9.847222222222225,21.847222222222225],""drift_lateral_mu_fraction"":0.85,""ego_half_width"":0.9,""enabled"":true,""finish_on_pass"":true,""finish_pass_distance"":2.0,""half_width_range"":[0.22142857142857153,1.0214285714285716],""max_sample_attempts"":10000,""max_threshold_score"":0.25,""min_time_after_friction_step"":0.1,""pass_reward"":12.0,""perception_reveal_distance"":null,""perception_reveal_step"":50,""require_aeb_infeasible"":true,""safety_margin"":0.3,""stable_aes_beta_limit"":0.2,""stable_aes_drift_bonus_scale"":0.18,""stable_aes_sideslip_penalty"":2.8},""obstacle_relative_velocity_mode"":""zero"",""obstacle_slots"":4,""privileged_observation_mode"":""basic"",""randomization"":{""actuator_tau_scale_range"":[1.8,2.8],""brake_scale_range"":[0.55,1.35],""cg_shift_range"":[-0.14,0.14],""drive_scale_range"":[0.6,1.3],""inertia_scale_range"":[0.8,1.3],""mass_scale_range"":[0.8,1.28],""mu_range"":[0.45,0.85],""tire_stiffness_scale_range"":[0.58,1.42]},""road_lookahead_count"":8,""road_lookahead_spacing"":5.0,""speed_range"":[14.0,20.0],""termination_penalty"":8.0,""track_kind"":""circle"",""track_radius"":60.0,""track_width"":4.4,""warmup_gate"":{""distance_range"":[12.0,30.0],""enabled"":true,""finish_pass_distance"":2.0,""half_width_range"":[0.35,0.85],""lateral_offset_range"":[-1.2,1.2],""max_active_steps"":50,""reveal_step"":50},""wheel_observation_mode"":""none""}"
m2063-osd-osd_v0_0159_t3,False,"{""action_history_mode"":""full"",""beta_target_range"":[0.04,0.32],""dt"":0.02,""friction_limited_speed"":true,""friction_speed_margin"":0.92,""friction_step"":{""enabled"":true,""mu_range"":[0.3,1.15],""resample_speed_ref"":false,""step_range"":[8,40]},""history_length"":1,""include_privileged_params"":false,""max_steps"":800,""obstacle"":{""allowed_labels"":[""aes_feasible"",""drift_required"",""unavoidable""],""brake_mu_fraction"":0.9,""clearance_margin_reward_clip"":0.25,""clearance_margin_reward_scale"":0.0,""collision_penalty"":25.0,""conventional_lateral_mu_fraction"":0.42,""dense_clearance_margin_reward_clip"":0.25,""dense_clearance_margin_reward_scale"":0.0,""dense_clearance_margin_reward_window"":8.0,""distance_range"":[1.0,5.9375],""drift_lateral_mu_fraction"":0.85,""ego_half_width"":0.9,""enabled"":true,""finish_on_pass"":true,""finish_pass_distance"":2.0,""half_width_range"":[0.2,0.9940476190476191],""max_sample_attempts"":10000,""max_threshold_score"":0.5,""min_time_after_friction_step"":0.1,""pass_reward"":12.0,""perception_reveal_distance"":null,""perception_reveal_step"":10,""require_aeb_infeasible"":true,""safety_margin"":0.3,""stable_aes_beta_limit"":0.2,""stable_aes_drift_bonus_scale"":0.18,""stable_aes_sideslip_penalty"":2.8},""obstacle_relative_velocity_mode"":""zero"",""obstacle_slots"":4,""privileged_observation_mode"":""basic"",""randomization"":{""actuator_tau_scale_range"":[0.65,1.35],""brake_scale_range"":[0.55,1.35],""cg_shift_range"":[-0.14,0.14],""drive_scale_range"":[0.6,1.3],""inertia_scale_range"":[0.8,1.3],""mass_scale_range"":[0.8,1.28],""mu_range"":[0.75,1.05],""tire_stiffness_scale_range"":[0.58,1.42]},""road_lookahead_count"":8,""road_lookahead_spacing"":5.0,""speed_range"":[7.0,11.0],""termination_penalty"":8.0,""track_kind"":""circle"",""track_radius"":32.0,""track_width"":7.0,""warmup_gate"":{""distance_range"":[12.0,30.0],""enabled"":true,""finish_pass_distance"":2.0,""half_width_range"":[0.35,0.85],""lateral_offset_range"":[-1.2,1.2],""max_active_steps"":50,""reveal_step"":10},""wheel_observation_mode"":""none""}","{""action_history_mode"":""full"",""beta_target_range"":[0.04,0.32],""dt"":0.02,""friction_limited_speed"":true,""friction_speed_margin"":0.92,""friction_step"":{""enabled"":true,""mu_range"":[0.3,1.15],""resample_speed_ref"":false,""step_range"":[8,40]},""history_length"":1,""include_privileged_params"":false,""max_steps"":800,""obstacle"":{""allowed_labels"":[""aes_feasible"",""drift_required"",""unavoidable""],""brake_mu_fraction"":0.9,""clearance_margin_reward_clip"":0.25,""clearance_margin_reward_scale"":0.0,""collision_penalty"":25.0,""conventional_lateral_mu_fraction"":0.42,""dense_clearance_margin_reward_clip"":0.25,""dense_clearance_margin_reward_scale"":0.0,""dense_clearance_margin_reward_window"":8.0,""distance_range"":[1.0,5.9375],""drift_lateral_mu_fraction"":0.85,""ego_half_width"":0.9,""enabled"":true,""finish_on_pass"":true,""finish_pass_distance"":2.0,""half_width_range"":[0.2,0.9940476190476191],""max_sample_attempts"":10000,""max_threshold_score"":0.5,""min_time_after_friction_step"":0.1,""pass_reward"":12.0,""perception_reveal_distance"":null,""perception_reveal_step"":10,""require_aeb_infeasible"":true,""safety_margin"":0.3,""stable_aes_beta_limit"":0.2,""stable_aes_drift_bonus_scale"":0.18,""stable_aes_sideslip_penalty"":2.8},""obstacle_relative_velocity_mode"":""zero"",""obstacle_slots"":4,""privileged_observation_mode"":""basic"",""randomization"":{""actuator_tau_scale_range"":[0.65,1.35],""brake_scale_range"":[0.55,1.35],""cg_shift_range"":[-0.14,0.14],""drive_scale_range"":[0.6,1.3],""inertia_scale_range"":[0.8,1.3],""mass_scale_range"":[0.8,1.28],""mu_range"":[0.75,1.05],""tire_stiffness_scale_range"":[0.58,1.42]},""road_lookahead_count"":8,""road_lookahead_spacing"":5.0,""speed_range"":[7.0,11.0],""termination_penalty"":8.0,""track_kind"":""circle"",""track_radius"":32.0,""track_width"":7.0,""warmup_gate"":{""distance_range"":[12.0,30.0],""enabled"":true,""finish_pass_distance"":2.0,""half_width_range"":[0.35,0.85],""lateral_offset_range"":[-1.2,1.2],""max_active_steps"":50,""reveal_step"":10},""wheel_observation_mode"":""none""}"
m2063-osd-osd_v0_0160_t3,False,"{""action_history_mode"":""full"",""beta_target_range"":[0.04,0.32],""dt"":0.02,""friction_limited_speed"":true,""friction_speed_margin"":0.92,""friction_step"":{""enabled"":true,""mu_range"":[0.3,1.15],""resample_speed_ref"":false,""step_range"":[8,40]},""history_length"":1,""include_privileged_params"":false,""max_steps"":800,""obstacle"":{""allowed_labels"":[""aes_feasible"",""drift_required"",""unavoidable""],""brake_mu_fraction"":0.9,""clearance_margin_reward_clip"":0.25,""clearance_margin_reward_scale"":0.0,""collision_penalty"":25.0,""conventional_lateral_mu_fraction"":0.42,""dense_clearance_margin_reward_clip"":0.25,""dense_clearance_margin_reward_scale"":0.0,""dense_clearance_margin_reward_window"":8.0,""distance_range"":[1.0,8.680555555555557],""drift_lateral_mu_fraction"":0.85,""ego_half_width"":0.9,""enabled"":true,""finish_on_pass"":true,""finish_pass_distance"":2.0,""half_width_range"":[0.2,0.9940476190476191],""max_sample_attempts"":10000,""max_threshold_score"":0.25,""min_time_after_friction_step"":0.1,""pass_reward"":12.0,""perception_reveal_distance"":null,""perception_reveal_step"":25,""require_aeb_infeasible"":true,""safety_margin"":0.3,""stable_aes_beta_limit"":0.2,""stable_aes_drift_bonus_scale"":0.18,""stable_aes_sideslip_penalty"":2.8},""obstacle_relative_velocity_mode"":""zero"",""obstacle_slots"":4,""privileged_observation_mode"":""basic"",""randomization"":{""actuator_tau_scale_range"":[0.75,1.65],""brake_scale_range"":[0.55,1.35],""cg_shift_range"":[-0.14,0.14],""drive_scale_range"":[0.6,1.3],""inertia_scale_range"":[0.8,1.3],""mass_scale_range"":[0.8,1.28],""mu_range"":[0.35,0.55],""tire_stiffness_scale_range"":[0.58,1.42]},""road_lookahead_count"":8,""road_lookahead_spacing"":5.0,""speed_range"":[10.0,15.0],""termination_penalty"":8.0,""track_kind"":""circle"",""track_radius"":18.0,""track_width"":5.5,""warmup_gate"":{""distance_range"":[12.0,30.0],""enabled"":true,""finish_pass_distance"":2.0,""half_width_range"":[0.35,0.85],""lateral_offset_range"":[-1.2,1.2],""max_active_steps"":75,""reveal_step"":25},""wheel_observation_mode"":""none""}","{""action_history_mode"":""full"",""beta_target_range"":[0.04,0.32],""dt"":0.02,""friction_limited_speed"":true,""friction_speed_margin"":0.92,""friction_step"":{""enabled"":true,""mu_range"":[0.3,1.15],""resample_speed_ref"":false,""step_range"":[8,40]},""history_length"":1,""include_privileged_params"":false,""max_steps"":800,""obstacle"":{""allowed_labels"":[""aes_feasible"",""drift_required"",""unavoidable""],""brake_mu_fraction"":0.9,""clearance_margin_reward_clip"":0.25,""clearance_margin_reward_scale"":0.0,""collision_penalty"":25.0,""conventional_lateral_mu_fraction"":0.42,""dense_clearance_margin_reward_clip"":0.25,""dense_clearance_margin_reward_scale"":0.0,""dense_clearance_margin_reward_window"":8.0,""distance_range"":[1.0,8.680555555555557],""drift_lateral_mu_fraction"":0.85,""ego_half_width"":0.9,""enabled"":true,""finish_on_pass"":true,""finish_pass_distance"":2.0,""half_width_range"":[0.2,0.9940476190476191],""max_sample_attempts"":10000,""max_threshold_score"":0.25,""min_time_after_friction_step"":0.1,""pass_reward"":12.0,""perception_reveal_distance"":null,""perception_reveal_step"":25,""require_aeb_infeasible"":true,""safety_margin"":0.3,""stable_aes_beta_limit"":0.2,""stable_aes_drift_bonus_scale"":0.18,""stable_aes_sideslip_penalty"":2.8},""obstacle_relative_velocity_mode"":""zero"",""obstacle_slots"":4,""privileged_observation_mode"":""basic"",""randomization"":{""actuator_tau_scale_range"":[0.75,1.65],""brake_scale_range"":[0.55,1.35],""cg_shift_range"":[-0.14,0.14],""drive_scale_range"":[0.6,1.3],""inertia_scale_range"":[0.8,1.3],""mass_scale_range"":[0.8,1.28],""mu_range"":[0.35,0.55],""tire_stiffness_scale_range"":[0.58,1.42]},""road_lookahead_count"":8,""road_lookahead_spacing"":5.0,""speed_range"":[10.0,15.0],""termination_penalty"":8.0,""track_kind"":""circle"",""track_radius"":18.0,""track_width"":5.5,""warmup_gate"":{""distance_range"":[12.0,30.0],""enabled"":true,""finish_pass_distance"":2.0,""half_width_range"":[0.35,0.85],""lateral_offset_range"":[-1.2,1.2],""max_active_steps"":75,""reveal_step"":25},""wheel_observation_mode"":""none""}"
m2063-osd-osd_v0_0161_t3,False,"{""action_history_mode"":""full"",""beta_target_range"":[0.04,0.32],""dt"":0.02,""friction_limited_speed"":true,""friction_speed_margin"":0.92,""friction_step"":{""enabled"":true,""mu_range"":[0.3,1.15],""resample_speed_ref"":false,""step_range"":[8,40]},""history_length"":1,""include_privileged_params"":false,""max_steps"":800,""obstacle"":{""allowed_labels"":[""aes_feasible"",""drift_required"",""unavoidable""],""brake_mu_fraction"":0.9,""clearance_margin_reward_clip"":0.25,""clearance_margin_reward_scale"":0.0,""collision_penalty"":25.0,""conventional_lateral_mu_fraction"":0.42,""dense_clearance_margin_reward_clip"":0.25,""dense_clearance_margin_reward_scale"":0.0,""dense_clearance_margin_reward_window"":8.0,""distance_range"":[9.298611111111114,21.298611111111114],""drift_lateral_mu_fraction"":0.85,""ego_half_width"":0.9,""enabled"":true,""finish_on_pass"":true,""finish_pass_distance"":2.0,""half_width_range"":[0.2,0.9940476190476191],""max_sample_attempts"":10000,""max_threshold_score"":0.25,""min_time_after_friction_step"":0.1,""pass_reward"":12.0,""perception_reveal_distance"":null,""perception_reveal_step"":50,""require_aeb_infeasible"":true,""safety_margin"":0.3,""stable_aes_beta_limit"":0.2,""stable_aes_drift_bonus_scale"":0.18,""stable_aes_sideslip_penalty"":2.8},""obstacle_relative_velocity_mode"":""zero"",""obstacle_slots"":4,""privileged_observation_mode"":""basic"",""randomization"":{""actuator_tau_scale_range"":[0.65,2.2],""brake_scale_range"":[0.55,1.35],""cg_shift_range"":[-0.14,0.14],""drive_scale_range"":[0.6,1.3],""inertia_scale_range"":[0.8,1.3],""mass_scale_range"":[0.8,1.28],""mu_range"":[0.28,1.05],""tire_stiffness_scale_range"":[0.58,1.42]},""road_lookahead_count"":8,""road_lookahead_spacing"":5.0,""speed_range"":[14.0,20.0],""termination_penalty"":8.0,""track_kind"":""circle"",""track_radius"":60.0,""track_width"":4.4,""warmup_gate"":{""distance_range"":[12.0,30.0],""enabled"":true,""finish_pass_distance"":2.0,""half_width_range"":[0.35,0.85],""lateral_offset_range"":[-1.2,1.2],""max_active_steps"":75,""reveal_step"":50},""wheel_observation_mode"":""none""}","{""action_history_mode"":""full"",""beta_target_range"":[0.04,0.32],""dt"":0.02,""friction_limited_speed"":true,""friction_speed_margin"":0.92,""friction_step"":{""enabled"":true,""mu_range"":[0.3,1.15],""resample_speed_ref"":false,""step_range"":[8,40]},""history_length"":1,""include_privileged_params"":false,""max_steps"":800,""obstacle"":{""allowed_labels"":[""aes_feasible"",""drift_required"",""unavoidable""],""brake_mu_fraction"":0.9,""clearance_margin_reward_clip"":0.25,""clearance_margin_reward_scale"":0.0,""collision_penalty"":25.0,""conventional_lateral_mu_fraction"":0.42,""dense_clearance_margin_reward_clip"":0.25,""dense_clearance_margin_reward_scale"":0.0,""dense_clearance_margin_reward_window"":8.0,""distance_range"":[9.298611111111114,21.298611111111114],""drift_lateral_mu_fraction"":0.85,""ego_half_width"":0.9,""enabled"":true,""finish_on_pass"":true,""finish_pass_distance"":2.0,""half_width_range"":[0.2,0.9940476190476191],""max_sample_attempts"":10000,""max_threshold_score"":0.25,""min_time_after_friction_step"":0.1,""pass_reward"":12.0,""perception_reveal_distance"":null,""perception_reveal_step"":50,""require_aeb_infeasible"":true,""safety_margin"":0.3,""stable_aes_beta_limit"":0.2,""stable_aes_drift_bonus_scale"":0.18,""stable_aes_sideslip_penalty"":2.8},""obstacle_relative_velocity_mode"":""zero"",""obstacle_slots"":4,""privileged_observation_mode"":""basic"",""randomization"":{""actuator_tau_scale_range"":[0.65,2.2],""brake_scale_range"":[0.55,1.35],""cg_shift_range"":[-0.14,0.14],""drive_scale_range"":[0.6,1.3],""inertia_scale_range"":[0.8,1.3],""mass_scale_range"":[0.8,1.28],""mu_range"":[0.28,1.05],""tire_stiffness_scale_range"":[0.58,1.42]},""road_lookahead_count"":8,""road_lookahead_spacing"":5.0,""speed_range"":[14.0,20.0],""termination_penalty"":8.0,""track_kind"":""circle"",""track_radius"":60.0,""track_width"":4.4,""warmup_gate"":{""distance_range"":[12.0,30.0],""enabled"":true,""finish_pass_distance"":2.0,""half_width_range"":[0.35,0.85],""lateral_offset_range"":[-1.2,1.2],""max_active_steps"":75,""reveal_step"":50},""wheel_observation_mode"":""none""}"
m2063-osd-osd_v0_0162_t3,False,"{""action_history_mode"":""full"",""beta_target_range"":[0.04,0.32],""dt"":0.02,""friction_limited_speed"":true,""friction_speed_margin"":0.92,""friction_step"":{""enabled"":true,""mu_range"":[0.3,1.15],""resample_speed_ref"":false,""step_range"":[8,40]},""history_length"":1,""include_privileged_params"":false,""max_steps"":800,""obstacle"":{""allowed_labels"":[""aes_feasible"",""drift_required"",""unavoidable""],""brake_mu_fraction"":0.9,""clearance_margin_reward_clip"":0.25,""clearance_margin_reward_scale"":0.0,""collision_penalty"":25.0,""conventional_lateral_mu_fraction"":0.42,""dense_clearance_margin_reward_clip"":0.25,""dense_clearance_margin_reward_scale"":0.0,""dense_clearance_margin_reward_window"":8.0,""distance_range"":[1.0,7.583333333333334],""drift_lateral_mu_fraction"":0.85,""ego_half_width"":0.9,""enabled"":true,""finish_on_pass"":true,""finish_pass_distance"":2.0,""half_width_range"":[0.2,0.9940476190476191],""max_sample_attempts"":10000,""max_threshold_score"":0.25,""min_time_after_friction_step"":0.1,""pass_reward"":12.0,""perception_reveal_distance"":null,""perception_reveal_step"":10,""require_aeb_infeasible"":true,""safety_margin"":0.3,""stable_aes_beta_limit"":0.2,""stable_aes_drift_bonus_scale"":0.18,""stable_aes_sideslip_penalty"":2.8},""obstacle_relative_velocity_mode"":""zero"",""obstacle_slots"":4,""privileged_observation_mode"":""basic"",""randomization"":{""actuator_tau_scale_range"":[1.8,2.8],""brake_scale_range"":[0.55,1.35],""cg_shift_range"":[-0.14,0.14],""drive_scale_range"":[0.6,1.3],""inertia_scale_range"":[0.8,1.3],""mass_scale_range"":[0.8,1.28],""mu_range"":[0.45,0.85],""tire_stiffness_scale_range"":[0.58,1.42]},""road_lookahead_count"":8,""road_lookahead_spacing"":5.0,""speed_range"":[7.0,11.0],""termination_penalty"":8.0,""track_kind"":""circle"",""track_radius"":32.0,""track_width"":7.0,""warmup_gate"":{""distance_range"":[12.0,30.0],""enabled"":true,""finish_pass_distance"":2.0,""half_width_range"":[0.35,0.85],""lateral_offset_range"":[-1.2,1.2],""max_active_steps"":100,""reveal_step"":10},""wheel_observation_mode"":""none""}","{""action_history_mode"":""full"",""beta_target_range"":[0.04,0.32],""dt"":0.02,""friction_limited_speed"":true,""friction_speed_margin"":0.92,""friction_step"":{""enabled"":true,""mu_range"":[0.3,1.15],""resample_speed_ref"":false,""step_range"":[8,40]},""history_length"":1,""include_privileged_params"":false,""max_steps"":800,""obstacle"":{""allowed_labels"":[""aes_feasible"",""drift_required"",""unavoidable""],""brake_mu_fraction"":0.9,""clearance_margin_reward_clip"":0.25,""clearance_margin_reward_scale"":0.0,""collision_penalty"":25.0,""conventional_lateral_mu_fraction"":0.42,""dense_clearance_margin_reward_clip"":0.25,""dense_clearance_margin_reward_scale"":0.0,""dense_clearance_margin_reward_window"":8.0,""distance_range"":[1.0,7.583333333333334],""drift_lateral_mu_fraction"":0.85,""ego_half_width"":0.9,""enabled"":true,""finish_on_pass"":true,""finish_pass_distance"":2.0,""half_width_range"":[0.2,0.9940476190476191],""max_sample_attempts"":10000,""max_threshold_score"":0.25,""min_time_after_friction_step"":0.1,""pass_reward"":12.0,""perception_reveal_distance"":null,""perception_reveal_step"":10,""require_aeb_infeasible"":true,""safety_margin"":0.3,""stable_aes_beta_limit"":0.2,""stable_aes_drift_bonus_scale"":0.18,""stable_aes_sideslip_penalty"":2.8},""obstacle_relative_velocity_mode"":""zero"",""obstacle_slots"":4,""privileged_observation_mode"":""basic"",""randomization"":{""actuator_tau_scale_range"":[1.8,2.8],""brake_scale_range"":[0.55,1.35],""cg_shift_range"":[-0.14,0.14],""drive_scale_range"":[0.6,1.3],""inertia_scale_range"":[0.8,1.3],""mass_scale_range"":[0.8,1.28],""mu_range"":[0.45,0.85],""tire_stiffness_scale_range"":[0.58,1.42]},""road_lookahead_count"":8,""road_lookahead_spacing"":5.0,""speed_range"":[7.0,11.0],""termination_penalty"":8.0,""track_kind"":""circle"",""track_radius"":32.0,""track_width"":7.0,""warmup_gate"":{""distance_range"":[12.0,30.0],""enabled"":true,""finish_pass_distance"":2.0,""half_width_range"":[0.35,0.85],""lateral_offset_range"":[-1.2,1.2],""max_active_steps"":100,""reveal_step"":10},""wheel_observation_mode"":""none""}"
m2063-osd-osd_v0_0163_t3,False,"{""action_history_mode"":""full"",""beta_target_range"":[0.04,0.32],""dt"":0.02,""friction_limited_speed"":true,""friction_speed_margin"":0.92,""friction_step"":{""enabled"":true,""mu_range"":[0.3,1.15],""resample_speed_ref"":false,""step_range"":[8,40]},""history_length"":1,""include_privileged_params"":false,""max_steps"":800,""obstacle"":{""allowed_labels"":[""aes_feasible"",""drift_required"",""unavoidable""],""brake_mu_fraction"":0.9,""clearance_margin_reward_clip"":0.25,""clearance_margin_reward_scale"":0.0,""collision_penalty"":25.0,""conventional_lateral_mu_fraction"":0.42,""dense_clearance_margin_reward_clip"":0.25,""dense_clearance_margin_reward_scale"":0.0,""dense_clearance_margin_reward_window"":8.0,""distance_range"":[1.0,8.131944444444445],""drift_lateral_mu_fraction"":0.85,""ego_half_width"":0.9,""enabled"":true,""finish_on_pass"":true,""finish_pass_distance"":2.0,""half_width_range"":[0.2,0.9940476190476191],""max_sample_attempts"":10000,""max_threshold_score"":0.25,""min_time_after_friction_step"":0.1,""pass_reward"":12.0,""perception_reveal_distance"":null,""perception_reveal_step"":25,""require_aeb_infeasible"":true,""safety_margin"":0.3,""stable_aes_beta_limit"":0.2,""stable_aes_drift_bonus_scale"":0.18,""stable_aes_sideslip_penalty"":2.8},""obstacle_relative_velocity_mode"":""zero"",""obstacle_slots"":4,""privileged_observation_mode"":""basic"",""randomization"":{""actuator_tau_scale_range"":[0.65,1.35],""brake_scale_range"":[0.55,1.35],""cg_shift_range"":[-0.14,0.14],""drive_scale_range"":[0.6,1.3],""inertia_scale_range"":[0.8,1.3],""mass_scale_range"":[0.8,1.28],""mu_range"":[0.75,1.05],""tire_stiffness_scale_range"":[0.58,1.42]},""road_lookahead_count"":8,""road_lookahead_spacing"":5.0,""speed_range"":[10.0,15.0],""termination_penalty"":8.0,""track_kind"":""circle"",""track_radius"":18.0,""track_width"":5.5,""warmup_gate"":{""distance_range"":[12.0,30.0],""enabled"":true,""finish_pass_distance"":2.0,""half_width_range"":[0.35,0.85],""lateral_offset_range"":[-1.2,1.2],""max_active_steps"":100,""reveal_step"":25},""wheel_observation_mode"":""none""}","{""action_history_mode"":""full"",""beta_target_range"":[0.04,0.32],""dt"":0.02,""friction_limited_speed"":true,""friction_speed_margin"":0.92,""friction_step"":{""enabled"":true,""mu_range"":[0.3,1.15],""resample_speed_ref"":false,""step_range"":[8,40]},""history_length"":1,""include_privileged_params"":false,""max_steps"":800,""obstacle"":{""allowed_labels"":[""aes_feasible"",""drift_required"",""unavoidable""],""brake_mu_fraction"":0.9,""clearance_margin_reward_clip"":0.25,""clearance_margin_reward_scale"":0.0,""collision_penalty"":25.0,""conventional_lateral_mu_fraction"":0.42,""dense_clearance_margin_reward_clip"":0.25,""dense_clearance_margin_reward_scale"":0.0,""dense_clearance_margin_reward_window"":8.0,""distance_range"":[1.0,8.131944444444445],""drift_lateral_mu_fraction"":0.85,""ego_half_width"":0.9,""enabled"":true,""finish_on_pass"":true,""finish_pass_distance"":2.0,""half_width_range"":[0.2,0.9940476190476191],""max_sample_attempts"":10000,""max_threshold_score"":0.25,""min_time_after_friction_step"":0.1,""pass_reward"":12.0,""perception_reveal_distance"":null,""perception_reveal_step"":25,""require_aeb_infeasible"":true,""safety_margin"":0.3,""stable_aes_beta_limit"":0.2,""stable_aes_drift_bonus_scale"":0.18,""stable_aes_sideslip_penalty"":2.8},""obstacle_relative_velocity_mode"":""zero"",""obstacle_slots"":4,""privileged_observation_mode"":""basic"",""randomization"":{""actuator_tau_scale_range"":[0.65,1.35],""brake_scale_range"":[0.55,1.35],""cg_shift_range"":[-0.14,0.14],""drive_scale_range"":[0.6,1.3],""inertia_scale_range"":[0.8,1.3],""mass_scale_range"":[0.8,1.28],""mu_range"":[0.75,1.05],""tire_stiffness_scale_range"":[0.58,1.42]},""road_lookahead_count"":8,""road_lookahead_spacing"":5.0,""speed_range"":[10.0,15.0],""termination_penalty"":8.0,""track_kind"":""circle"",""track_radius"":18.0,""track_width"":5.5,""warmup_gate"":{""distance_range"":[12.0,30.0],""enabled"":true,""finish_pass_distance"":2.0,""half_width_range"":[0.35,0.85],""lateral_offset_range"":[-1.2,1.2],""max_active_steps"":100,""reveal_step"":25},""wheel_observation_mode"":""none""}"
m2063-osd-osd_v0_0164_t3,False,"{""action_history_mode"":""full"",""beta_target_range"":[0.04,0.32],""dt"":0.02,""friction_limited_speed"":true,""friction_speed_margin"":0.92,""friction_step"":{""enabled"":true,""mu_range"":[0.3,1.15],""resample_speed_ref"":false,""step_range"":[8,40]},""history_length"":1,""include_privileged_params"":false,""max_steps"":800,""obstacle"":{""allowed_labels"":[""aes_feasible"",""drift_required"",""unavoidable""],""brake_mu_fraction"":0.9,""clearance_margin_reward_clip"":0.25,""clearance_margin_reward_scale"":0.0,""collision_penalty"":25.0,""conventional_lateral_mu_fraction"":0.42,""dense_clearance_margin_reward_clip"":0.25,""dense_clearance_margin_reward_scale"":0.0,""dense_clearance_margin_reward_window"":8.0,""distance_range"":[13.138888888888893,25.138888888888893],""drift_lateral_mu_fraction"":0.85,""ego_half_width"":0.9,""enabled"":true,""finish_on_pass"":true,""finish_pass_distance"":2.0,""half_width_range"":[0.555952380952381,1.35],""max_sample_attempts"":10000,""max_threshold_score"":0.25,""min_time_after_friction_step"":0.1,""pass_reward"":12.0,""perception_reveal_distance"":null,""perception_reveal_step"":50,""require_aeb_infeasible"":true,""safety_margin"":0.3,""stable_aes_beta_limit"":0.2,""stable_aes_drift_bonus_scale"":0.18,""stable_aes_sideslip_penalty"":2.8},""obstacle_relative_velocity_mode"":""zero"",""obstacle_slots"":4,""privileged_observation_mode"":""basic"",""randomization"":{""actuator_tau_scale_range"":[0.75,1.65],""brake_scale_range"":[0.55,1.35],""cg_shift_range"":[-0.14,0.14],""drive_scale_range"":[0.6,1.3],""inertia_scale_range"":[0.8,1.3],""mass_scale_range"":[0.8,1.28],""mu_range"":[0.35,0.55],""tire_stiffness_scale_range"":[0.58,1.42]},""road_lookahead_count"":8,""road_lookahead_spacing"":5.0,""speed_range"":[14.0,20.0],""termination_penalty"":8.0,""track_kind"":""circle"",""track_radius"":60.0,""track_width"":4.4,""warmup_gate"":{""distance_range"":[12.0,30.0],""enabled"":true,""finish_pass_distance"":2.0,""half_width_range"":[0.35,0.85],""lateral_offset_range"":[-1.2,1.2],""max_active_steps"":25,""reveal_step"":50},""wheel_observation_mode"":""none""}","{""action_history_mode"":""full"",""beta_target_range"":[0.04,0.32],""dt"":0.02,""friction_limited_speed"":true,""friction_speed_margin"":0.92,""friction_step"":{""enabled"":true,""mu_range"":[0.3,1.15],""resample_speed_ref"":false,""step_range"":[8,40]},""history_length"":1,""include_privileged_params"":false,""max_steps"":800,""obstacle"":{""allowed_labels"":[""aes_feasible"",""drift_required"",""unavoidable""],""brake_mu_fraction"":0.9,""clearance_margin_reward_clip"":0.25,""clearance_margin_reward_scale"":0.0,""collision_penalty"":25.0,""conventional_lateral_mu_fraction"":0.42,""dense_clearance_margin_reward_clip"":0.25,""dense_clearance_margin_reward_scale"":0.0,""dense_clearance_margin_reward_window"":8.0,""distance_range"":[13.138888888888893,25.138888888888893],""drift_lateral_mu_fraction"":0.85,""ego_half_width"":0.9,""enabled"":true,""finish_on_pass"":true,""finish_pass_distance"":2.0,""half_width_range"":[0.555952380952381,1.35],""max_sample_attempts"":10000,""max_threshold_score"":0.25,""min_time_after_friction_step"":0.1,""pass_reward"":12.0,""perception_reveal_distance"":null,""perception_reveal_step"":50,""require_aeb_infeasible"":true,""safety_margin"":0.3,""stable_aes_beta_limit"":0.2,""stable_aes_drift_bonus_scale"":0.18,""stable_aes_sideslip_penalty"":2.8},""obstacle_relative_velocity_mode"":""zero"",""obstacle_slots"":4,""privileged_observation_mode"":""basic"",""randomization"":{""actuator_tau_scale_range"":[0.75,1.65],""brake_scale_range"":[0.55,1.35],""cg_shift_range"":[-0.14,0.14],""drive_scale_range"":[0.6,1.3],""inertia_scale_range"":[0.8,1.3],""mass_scale_range"":[0.8,1.28],""mu_range"":[0.35,0.55],""tire_stiffness_scale_range"":[0.58,1.42]},""road_lookahead_count"":8,""road_lookahead_spacing"":5.0,""speed_range"":[14.0,20.0],""termination_penalty"":8.0,""track_kind"":""circle"",""track_radius"":60.0,""track_width"":4.4,""warmup_gate"":{""distance_range"":[12.0,30.0],""enabled"":true,""finish_pass_distance"":2.0,""half_width_range"":[0.35,0.85],""lateral_offset_range"":[-1.2,1.2],""max_active_steps"":25,""reveal_step"":50},""wheel_observation_mode"":""none""}"
m2063-osd-osd_v0_0165_t3,False,"{""action_history_mode"":""full"",""beta_target_range"":[0.04,0.32],""dt"":0.02,""friction_limited_speed"":true,""friction_speed_margin"":0.92,""friction_step"":{""enabled"":true,""mu_range"":[0.3,1.15],""resample_speed_ref"":false,""step_range"":[8,40]},""history_length"":1,""include_privileged_params"":false,""max_steps"":800,""obstacle"":{""allowed_labels"":[""aes_feasible"",""drift_required"",""unavoidable""],""brake_mu_fraction"":0.9,""clearance_margin_reward_clip"":0.25,""clearance_margin_reward_scale"":0.0,""collision_penalty"":25.0,""conventional_lateral_mu_fraction"":0.42,""dense_clearance_margin_reward_clip"":0.25,""dense_clearance_margin_reward_scale"":0.0,""dense_clearance_margin_reward_window"":8.0,""distance_range"":[2.166666666666668,14.166666666666668],""drift_lateral_mu_fraction"":0.85,""ego_half_width"":0.9,""enabled"":true,""finish_on_pass"":true,""finish_pass_distance"":2.0,""half_width_range"":[0.2,0.9940476190476191],""max_sample_attempts"":10000,""max_threshold_score"":1.0,""min_time_after_friction_step"":0.1,""pass_reward"":12.0,""perception_reveal_distance"":null,""perception_reveal_step"":10,""require_aeb_infeasible"":true,""safety_margin"":0.3,""stable_aes_beta_limit"":0.2,""stable_aes_drift_bonus_scale"":0.18,""stable_aes_sideslip_penalty"":2.8},""obstacle_relative_velocity_mode"":""zero"",""obstacle_slots"":4,""privileged_observation_mode"":""basic"",""randomization"":{""actuator_tau_scale_range"":[0.65,2.2],""brake_scale_range"":[0.55,1.35],""cg_shift_range"":[-0.14,0.14],""drive_scale_range"":[0.6,1.3],""inertia_scale_range"":[0.8,1.3],""mass_scale_range"":[0.8,1.28],""mu_range"":[0.28,1.05],""tire_stiffness_scale_range"":[0.58,1.42]},""road_lookahead_count"":8,""road_lookahead_spacing"":5.0,""speed_range"":[7.0,11.0],""termination_penalty"":8.0,""track_kind"":""circle"",""track_radius"":32.0,""track_width"":7.0,""warmup_gate"":{""distance_range"":[12.0,30.0],""enabled"":true,""finish_pass_distance"":2.0,""half_width_range"":[0.35,0.85],""lateral_offset_range"":[-1.2,1.2],""max_active_steps"":25,""reveal_step"":10},""wheel_observation_mode"":""none""}","{""action_history_mode"":""full"",""beta_target_range"":[0.04,0.32],""dt"":0.02,""friction_limited_speed"":true,""friction_speed_margin"":0.92,""friction_step"":{""enabled"":true,""mu_range"":[0.3,1.15],""resample_speed_ref"":false,""step_range"":[8,40]},""history_length"":1,""include_privileged_params"":false,""max_steps"":800,""obstacle"":{""allowed_labels"":[""aes_feasible"",""drift_required"",""unavoidable""],""brake_mu_fraction"":0.9,""clearance_margin_reward_clip"":0.25,""clearance_margin_reward_scale"":0.0,""collision_penalty"":25.0,""conventional_lateral_mu_fraction"":0.42,""dense_clearance_margin_reward_clip"":0.25,""dense_clearance_margin_reward_scale"":0.0,""dense_clearance_margin_reward_window"":8.0,""distance_range"":[2.166666666666668,14.166666666666668],""drift_lateral_mu_fraction"":0.85,""ego_half_width"":0.9,""enabled"":true,""finish_on_pass"":true,""finish_pass_distance"":2.0,""half_width_range"":[0.2,0.9940476190476191],""max_sample_attempts"":10000,""max_threshold_score"":1.0,""min_time_after_friction_step"":0.1,""pass_reward"":12.0,""perception_reveal_distance"":null,""perception_reveal_step"":10,""require_aeb_infeasible"":true,""safety_margin"":0.3,""stable_aes_beta_limit"":0.2,""stable_aes_drift_bonus_scale"":0.18,""stable_aes_sideslip_penalty"":2.8},""obstacle_relative_velocity_mode"":""zero"",""obstacle_slots"":4,""privileged_observation_mode"":""basic"",""randomization"":{""actuator_tau_scale_range"":[0.65,2.2],""brake_scale_range"":[0.55,1.35],""cg_shift_range"":[-0.14,0.14],""drive_scale_range"":[0.6,1.3],""inertia_scale_range"":[0.8,1.3],""mass_scale_range"":[0.8,1.28],""mu_range"":[0.28,1.05],""tire_stiffness_scale_range"":[0.58,1.42]},""road_lookahead_count"":8,""road_lookahead_spacing"":5.0,""speed_range"":[7.0,11.0],""termination_penalty"":8.0,""track_kind"":""circle"",""track_radius"":32.0,""track_width"":7.0,""warmup_gate"":{""distance_range"":[12.0,30.0],""enabled"":true,""finish_pass_distance"":2.0,""half_width_range"":[0.35,0.85],""lateral_offset_range"":[-1.2,1.2],""max_active_steps"":25,""reveal_step"":10},""wheel_observation_mode"":""none""}"
m2063-osd-osd_v0_0166_t3,False,"{""action_history_mode"":""full"",""beta_target_range"":[0.04,0.32],""dt"":0.02,""friction_limited_speed"":true,""friction_speed_margin"":0.92,""friction_step"":{""enabled"":true,""mu_range"":[0.3,1.15],""resample_speed_ref"":false,""step_range"":[8,40]},""history_length"":1,""include_privileged_params"":false,""max_steps"":800,""obstacle"":{""allowed_labels"":[""aes_feasible"",""drift_required"",""unavoidable""],""brake_mu_fraction"":0.9,""clearance_margin_reward_clip"":0.25,""clearance_margin_reward_scale"":0.0,""collision_penalty"":25.0,""conventional_lateral_mu_fraction"":0.42,""dense_clearance_margin_reward_clip"":0.25,""dense_clearance_margin_reward_scale"":0.0,""dense_clearance_margin_reward_window"":8.0,""distance_range"":[1.0,8.680555555555557],""drift_lateral_mu_fraction"":0.85,""ego_half_width"":0.9,""enabled"":true,""finish_on_pass"":true,""finish_pass_distance"":2.0,""half_width_range"":[0.2,0.9940476190476191],""max_sample_attempts"":10000,""max_threshold_score"":0.25,""min_time_after_friction_step"":0.1,""pass_reward"":12.0,""perception_reveal_distance"":null,""perception_reveal_step"":25,""require_aeb_infeasible"":true,""safety_margin"":0.3,""stable_aes_beta_limit"":0.2,""stable_aes_drift_bonus_scale"":0.18,""stable_aes_sideslip_penalty"":2.8},""obstacle_relative_velocity_mode"":""zero"",""obstacle_slots"":4,""privileged_observation_mode"":""basic"",""randomization"":{""actuator_tau_scale_range"":[1.8,2.8],""brake_scale_range"":[0.55,1.35],""cg_shift_range"":[-0.14,0.14],""drive_scale_range"":[0.6,1.3],""inertia_scale_range"":[0.8,1.3],""mass_scale_range"":[0.8,1.28],""mu_range"":[0.45,0.85],""tire_stiffness_scale_range"":[0.58,1.42]},""road_lookahead_count"":8,""road_lookahead_spacing"":5.0,""speed_range"":[10.0,15.0],""termination_penalty"":8.0,""track_kind"":""circle"",""track_radius"":18.0,""track_width"":5.5,""warmup_gate"":{""distance_range"":[12.0,30.0],""enabled"":true,""finish_pass_distance"":2.0,""half_width_range"":[0.35,0.85],""lateral_offset_range"":[-1.2,1.2],""max_active_steps"":50,""reveal_step"":25},""wheel_observation_mode"":""none""}","{""action_history_mode"":""full"",""beta_target_range"":[0.04,0.32],""dt"":0.02,""friction_limited_speed"":true,""friction_speed_margin"":0.92,""friction_step"":{""enabled"":true,""mu_range"":[0.3,1.15],""resample_speed_ref"":false,""step_range"":[8,40]},""history_length"":1,""include_privileged_params"":false,""max_steps"":800,""obstacle"":{""allowed_labels"":[""aes_feasible"",""drift_required"",""unavoidable""],""brake_mu_fraction"":0.9,""clearance_margin_reward_clip"":0.25,""clearance_margin_reward_scale"":0.0,""collision_penalty"":25.0,""conventional_lateral_mu_fraction"":0.42,""dense_clearance_margin_reward_clip"":0.25,""dense_clearance_margin_reward_scale"":0.0,""dense_clearance_margin_reward_window"":8.0,""distance_range"":[1.0,8.680555555555557],""drift_lateral_mu_fraction"":0.85,""ego_half_width"":0.9,""enabled"":true,""finish_on_pass"":true,""finish_pass_distance"":2.0,""half_width_range"":[0.2,0.9940476190476191],""max_sample_attempts"":10000,""max_threshold_score"":0.25,""min_time_after_friction_step"":0.1,""pass_reward"":12.0,""perception_reveal_distance"":null,""perception_reveal_step"":25,""require_aeb_infeasible"":true,""safety_margin"":0.3,""stable_aes_beta_limit"":0.2,""stable_aes_drift_bonus_scale"":0.18,""stable_aes_sideslip_penalty"":2.8},""obstacle_relative_velocity_mode"":""zero"",""obstacle_slots"":4,""privileged_observation_mode"":""basic"",""randomization"":{""actuator_tau_scale_range"":[1.8,2.8],""brake_scale_range"":[0.55,1.35],""cg_shift_range"":[-0.14,0.14],""drive_scale_range"":[0.6,1.3],""inertia_scale_range"":[0.8,1.3],""mass_scale_range"":[0.8,1.28],""mu_range"":[0.45,0.85],""tire_stiffness_scale_range"":[0.58,1.42]},""road_lookahead_count"":8,""road_lookahead_spacing"":5.0,""speed_range"":[10.0,15.0],""termination_penalty"":8.0,""track_kind"":""circle"",""track_radius"":18.0,""track_width"":5.5,""warmup_gate"":{""distance_range"":[12.0,30.0],""enabled"":true,""finish_pass_distance"":2.0,""half_width_range"":[0.35,0.85],""lateral_offset_range"":[-1.2,1.2],""max_active_steps"":50,""reveal_step"":25},""wheel_observation_mode"":""none""}"
m2063-osd-osd_v0_0167_t3,False,"{""action_history_mode"":""full"",""beta_target_range"":[0.04,0.32],""dt"":0.02,""friction_limited_speed"":true,""friction_speed_margin"":0.92,""friction_step"":{""enabled"":true,""mu_range"":[0.3,1.15],""resample_speed_ref"":false,""step_range"":[8,40]},""history_length"":1,""include_privileged_params"":false,""max_steps"":800,""obstacle"":{""allowed_labels"":[""aes_feasible"",""drift_required"",""unavoidable""],""brake_mu_fraction"":0.9,""clearance_margin_reward_clip"":0.25,""clearance_margin_reward_scale"":0.0,""collision_penalty"":25.0,""conventional_lateral_mu_fraction"":0.42,""dense_clearance_margin_reward_clip"":0.25,""dense_clearance_margin_reward_scale"":0.0,""dense_clearance_margin_reward_window"":8.0,""distance_range"":[8.75,20.75],""drift_lateral_mu_fraction"":0.85,""ego_half_width"":0.9,""enabled"":true,""finish_on_pass"":true,""finish_pass_distance"":2.0,""half_width_range"":[0.555952380952381,1.35],""max_sample_attempts"":10000,""max_threshold_score"":0.25,""min_time_after_friction_step"":0.1,""pass_reward"":12.0,""perception_reveal_distance"":null,""perception_reveal_step"":50,""require_aeb_infeasible"":true,""safety_margin"":0.3,""stable_aes_beta_limit"":0.2,""stable_aes_drift_bonus_scale"":0.18,""stable_aes_sideslip_penalty"":2.8},""obstacle_relative_velocity_mode"":""zero"",""obstacle_slots"":4,""privileged_observation_mode"":""basic"",""randomization"":{""actuator_tau_scale_range"":[0.65,1.35],""brake_scale_range"":[0.55,1.35],""cg_shift_range"":[-0.14,0.14],""drive_scale_range"":[0.6,1.3],""inertia_scale_range"":[0.8,1.3],""mass_scale_range"":[0.8,1.28],""mu_range"":[0.75,1.05],""tire_stiffness_scale_range"":[0.58,1.42]},""road_lookahead_count"":8,""road_lookahead_spacing"":5.0,""speed_range"":[14.0,20.0],""termination_penalty"":8.0,""track_kind"":""circle"",""track_radius"":60.0,""track_width"":4.4,""warmup_gate"":{""distance_range"":[12.0,30.0],""enabled"":true,""finish_pass_distance"":2.0,""half_width_range"":[0.35,0.85],""lateral_offset_range"":[-1.2,1.2],""max_active_steps"":50,""reveal_step"":50},""wheel_observation_mode"":""none""}","{""action_history_mode"":""full"",""beta_target_range"":[0.04,0.32],""dt"":0.02,""friction_limited_speed"":true,""friction_speed_margin"":0.92,""friction_step"":{""enabled"":true,""mu_range"":[0.3,1.15],""resample_speed_ref"":false,""step_range"":[8,40]},""history_length"":1,""include_privileged_params"":false,""max_steps"":800,""obstacle"":{""allowed_labels"":[""aes_feasible"",""drift_required"",""unavoidable""],""brake_mu_fraction"":0.9,""clearance_margin_reward_clip"":0.25,""clearance_margin_reward_scale"":0.0,""collision_penalty"":25.0,""conventional_lateral_mu_fraction"":0.42,""dense_clearance_margin_reward_clip"":0.25,""dense_clearance_margin_reward_scale"":0.0,""dense_clearance_margin_reward_window"":8.0,""distance_range"":[8.75,20.75],""drift_lateral_mu_fraction"":0.85,""ego_half_width"":0.9,""enabled"":true,""finish_on_pass"":true,""finish_pass_distance"":2.0,""half_width_range"":[0.555952380952381,1.35],""max_sample_attempts"":10000,""max_threshold_score"":0.25,""min_time_after_friction_step"":0.1,""pass_reward"":12.0,""perception_reveal_distance"":null,""perception_reveal_step"":50,""require_aeb_infeasible"":true,""safety_margin"":0.3,""stable_aes_beta_limit"":0.2,""stable_aes_drift_bonus_scale"":0.18,""stable_aes_sideslip_penalty"":2.8},""obstacle_relative_velocity_mode"":""zero"",""obstacle_slots"":4,""privileged_observation_mode"":""basic"",""randomization"":{""actuator_tau_scale_range"":[0.65,1.35],""brake_scale_range"":[0.55,1.35],""cg_shift_range"":[-0.14,0.14],""drive_scale_range"":[0.6,1.3],""inertia_scale_range"":[0.8,1.3],""mass_scale_range"":[0.8,1.28],""mu_range"":[0.75,1.05],""tire_stiffness_scale_range"":[0.58,1.42]},""road_lookahead_count"":8,""road_lookahead_spacing"":5.0,""speed_range"":[14.0,20.0],""termination_penalty"":8.0,""track_kind"":""circle"",""track_radius"":60.0,""track_width"":4.4,""warmup_gate"":{""distance_range"":[12.0,30.0],""enabled"":true,""finish_pass_distance"":2.0,""half_width_range"":[0.35,0.85],""lateral_offset_range"":[-1.2,1.2],""max_active_steps"":50,""reveal_step"":50},""wheel_observation_mode"":""none""}"
m2063-osd-osd_v0_0168_t4,False,"{""action_history_mode"":""full"",""beta_target_range"":[0.04,0.32],""dt"":0.02,""friction_limited_speed"":true,""friction_speed_margin"":0.92,""friction_step"":{""enabled"":true,""mu_range"":[0.3,1.15],""resample_speed_ref"":false,""step_range"":[8,40]},""history_length"":1,""include_privileged_params"":false,""max_steps"":800,""obstacle"":{""allowed_labels"":[""aes_feasible"",""drift_required"",""unavoidable""],""brake_mu_fraction"":0.9,""clearance_margin_reward_clip"":0.25,""clearance_margin_reward_scale"":0.0,""collision_penalty"":25.0,""conventional_lateral_mu_fraction"":0.42,""dense_clearance_margin_reward_clip"":0.25,""dense_clearance_margin_reward_scale"":0.0,""dense_clearance_margin_reward_window"":8.0,""distance_range"":[1.0,8.680555555555557],""drift_lateral_mu_fraction"":0.85,""ego_half_width"":0.9,""enabled"":true,""finish_on_pass"":true,""finish_pass_distance"":2.0,""half_width_range"":[0.2,0.9940476190476191],""max_sample_attempts"":10000,""max_threshold_score"":0.25,""min_time_after_friction_step"":0.1,""pass_reward"":12.0,""perception_reveal_distance"":null,""perception_reveal_step"":10,""require_aeb_infeasible"":true,""safety_margin"":0.3,""stable_aes_beta_limit"":0.2,""stable_aes_drift_bonus_scale"":0.18,""stable_aes_sideslip_penalty"":2.8},""obstacle_relative_velocity_mode"":""zero"",""obstacle_slots"":4,""privileged_observation_mode"":""basic"",""randomization"":{""actuator_tau_scale_range"":[0.65,2.2],""brake_scale_range"":[0.55,1.35],""cg_shift_range"":[-0.14,0.14],""drive_scale_range"":[0.6,1.3],""inertia_scale_range"":[0.8,1.3],""mass_scale_range"":[0.8,1.28],""mu_range"":[0.28,1.05],""tire_stiffness_scale_range"":[0.58,1.42]},""road_lookahead_count"":8,""road_lookahead_spacing"":5.0,""speed_range"":[10.0,15.0],""termination_penalty"":8.0,""track_kind"":""circle"",""track_radius"":18.0,""track_width"":5.5,""warmup_gate"":{""distance_range"":[12.0,30.0],""enabled"":true,""finish_pass_distance"":2.0,""half_width_range"":[0.35,0.85],""lateral_offset_range"":[-1.2,1.2],""max_active_steps"":25,""reveal_step"":20},""wheel_observation_mode"":""none""}","{""action_history_mode"":""full"",""beta_target_range"":[0.04,0.32],""dt"":0.02,""friction_limited_speed"":true,""friction_speed_margin"":0.92,""friction_step"":{""enabled"":true,""mu_range"":[0.3,1.15],""resample_speed_ref"":false,""step_range"":[8,40]},""history_length"":1,""include_privileged_params"":false,""max_steps"":800,""obstacle"":{""allowed_labels"":[""aes_feasible"",""drift_required"",""unavoidable""],""brake_mu_fraction"":0.9,""clearance_margin_reward_clip"":0.25,""clearance_margin_reward_scale"":0.0,""collision_penalty"":25.0,""conventional_lateral_mu_fraction"":0.42,""dense_clearance_margin_reward_clip"":0.25,""dense_clearance_margin_reward_scale"":0.0,""dense_clearance_margin_reward_window"":8.0,""distance_range"":[1.0,8.680555555555557],""drift_lateral_mu_fraction"":0.85,""ego_half_width"":0.9,""enabled"":true,""finish_on_pass"":true,""finish_pass_distance"":2.0,""half_width_range"":[0.2,0.9940476190476191],""max_sample_attempts"":10000,""max_threshold_score"":0.25,""min_time_after_friction_step"":0.1,""pass_reward"":12.0,""perception_reveal_distance"":null,""perception_reveal_step"":10,""require_aeb_infeasible"":true,""safety_margin"":0.3,""stable_aes_beta_limit"":0.2,""stable_aes_drift_bonus_scale"":0.18,""stable_aes_sideslip_penalty"":2.8},""obstacle_relative_velocity_mode"":""zero"",""obstacle_slots"":4,""privileged_observation_mode"":""basic"",""randomization"":{""actuator_tau_scale_range"":[0.65,2.2],""brake_scale_range"":[0.55,1.35],""cg_shift_range"":[-0.14,0.14],""drive_scale_range"":[0.6,1.3],""inertia_scale_range"":[0.8,1.3],""mass_scale_range"":[0.8,1.28],""mu_range"":[0.28,1.05],""tire_stiffness_scale_range"":[0.58,1.42]},""road_lookahead_count"":8,""road_lookahead_spacing"":5.0,""speed_range"":[10.0,15.0],""termination_penalty"":8.0,""track_kind"":""circle"",""track_radius"":18.0,""track_width"":5.5,""warmup_gate"":{""distance_range"":[12.0,30.0],""enabled"":true,""finish_pass_distance"":2.0,""half_width_range"":[0.35,0.85],""lateral_offset_range"":[-1.2,1.2],""max_active_steps"":25,""reveal_step"":20},""wheel_observation_mode"":""none""}"
m2063-osd-osd_v0_0169_t4,False,"{""action_history_mode"":""full"",""beta_target_range"":[0.04,0.32],""dt"":0.02,""friction_limited_speed"":true,""friction_speed_margin"":0.92,""friction_step"":{""enabled"":true,""mu_range"":[0.3,1.15],""resample_speed_ref"":false,""step_range"":[8,40]},""history_length"":1,""include_privileged_params"":false,""max_steps"":800,""obstacle"":{""allowed_labels"":[""aes_feasible"",""drift_required"",""unavoidable""],""brake_mu_fraction"":0.9,""clearance_margin_reward_clip"":0.25,""clearance_margin_reward_scale"":0.0,""collision_penalty"":25.0,""conventional_lateral_mu_fraction"":0.42,""dense_clearance_margin_reward_clip"":0.25,""dense_clearance_margin_reward_scale"":0.0,""dense_clearance_margin_reward_window"":8.0,""distance_range"":[10.395833333333336,22.395833333333336],""drift_lateral_mu_fraction"":0.85,""ego_half_width"":0.9,""enabled"":true,""finish_on_pass"":true,""finish_pass_distance"":2.0,""half_width_range"":[0.4130952380952382,1.2130952380952382],""max_sample_attempts"":10000,""max_threshold_score"":0.25,""min_time_after_friction_step"":0.1,""pass_reward"":12.0,""perception_reveal_distance"":null,""perception_reveal_step"":25,""require_aeb_infeasible"":true,""safety_margin"":0.3,""stable_aes_beta_limit"":0.2,""stable_aes_drift_bonus_scale"":0.18,""stable_aes_sideslip_penalty"":2.8},""obstacle_relative_velocity_mode"":""zero"",""obstacle_slots"":4,""privileged_observation_mode"":""basic"",""randomization"":{""actuator_tau_scale_range"":[1.8,2.8],""brake_scale_range"":[0.55,1.35],""cg_shift_range"":[-0.14,0.14],""drive_scale_range"":[0.6,1.3],""inertia_scale_range"":[0.8,1.3],""mass_scale_range"":[0.8,1.28],""mu_range"":[0.45,0.85],""tire_stiffness_scale_range"":[0.58,1.42]},""road_lookahead_count"":8,""road_lookahead_spacing"":5.0,""speed_range"":[14.0,20.0],""termination_penalty"":8.0,""track_kind"":""circle"",""track_radius"":60.0,""track_width"":4.4,""warmup_gate"":{""distance_range"":[12.0,30.0],""enabled"":true,""finish_pass_distance"":2.0,""half_width_range"":[0.35,0.85],""lateral_offset_range"":[-1.2,1.2],""max_active_steps"":50,""reveal_step"":50},""wheel_observation_mode"":""none""}","{""action_history_mode"":""full"",""beta_target_range"":[0.04,0.32],""dt"":0.02,""friction_limited_speed"":true,""friction_speed_margin"":0.92,""friction_step"":{""enabled"":true,""mu_range"":[0.3,1.15],""resample_speed_ref"":false,""step_range"":[8,40]},""history_length"":1,""include_privileged_params"":false,""max_steps"":800,""obstacle"":{""allowed_labels"":[""aes_feasible"",""drift_required"",""unavoidable""],""brake_mu_fraction"":0.9,""clearance_margin_reward_clip"":0.25,""clearance_margin_reward_scale"":0.0,""collision_penalty"":25.0,""conventional_lateral_mu_fraction"":0.42,""dense_clearance_margin_reward_clip"":0.25,""dense_clearance_margin_reward_scale"":0.0,""dense_clearance_margin_reward_window"":8.0,""distance_range"":[10.395833333333336,22.395833333333336],""drift_lateral_mu_fraction"":0.85,""ego_half_width"":0.9,""enabled"":true,""finish_on_pass"":true,""finish_pass_distance"":2.0,""half_width_range"":[0.4130952380952382,1.2130952380952382],""max_sample_attempts"":10000,""max_threshold_score"":0.25,""min_time_after_friction_step"":0.1,""pass_reward"":12.0,""perception_reveal_distance"":null,""perception_reveal_step"":25,""require_aeb_infeasible"":true,""safety_margin"":0.3,""stable_aes_beta_limit"":0.2,""stable_aes_drift_bonus_scale"":0.18,""stable_aes_sideslip_penalty"":2.8},""obstacle_relative_velocity_mode"":""zero"",""obstacle_slots"":4,""privileged_observation_mode"":""basic"",""randomization"":{""actuator_tau_scale_range"":[1.8,2.8],""brake_scale_range"":[0.55,1.35],""cg_shift_range"":[-0.14,0.14],""drive_scale_range"":[0.6,1.3],""inertia_scale_range"":[0.8,1.3],""mass_scale_range"":[0.8,1.28],""mu_range"":[0.45,0.85],""tire_stiffness_scale_range"":[0.58,1.42]},""road_lookahead_count"":8,""road_lookahead_spacing"":5.0,""speed_range"":[14.0,20.0],""termination_penalty"":8.0,""track_kind"":""circle"",""track_radius"":60.0,""track_width"":4.4,""warmup_gate"":{""distance_range"":[12.0,30.0],""enabled"":true,""finish_pass_distance"":2.0,""half_width_range"":[0.35,0.85],""lateral_offset_range"":[-1.2,1.2],""max_active_steps"":50,""reveal_step"":50},""wheel_observation_mode"":""none""}"
m2063-osd-osd_v0_0170_t4,False,"{""action_history_mode"":""full"",""beta_target_range"":[0.04,0.32],""dt"":0.02,""friction_limited_speed"":true,""friction_speed_margin"":0.92,""friction_step"":{""enabled"":true,""mu_range"":[0.3,1.15],""resample_speed_ref"":false,""step_range"":[8,40]},""history_length"":1,""include_privileged_params"":false,""max_steps"":800,""obstacle"":{""allowed_labels"":[""aes_feasible"",""drift_required"",""unavoidable""],""brake_mu_fraction"":0.9,""clearance_margin_reward_clip"":0.25,""clearance_margin_reward_scale"":0.0,""collision_penalty"":25.0,""conventional_lateral_mu_fraction"":0.42,""dense_clearance_margin_reward_clip"":0.25,""dense_clearance_margin_reward_scale"":0.0,""dense_clearance_margin_reward_window"":8.0,""distance_range"":[1.0,7.034722222222222],""drift_lateral_mu_fraction"":0.85,""ego_half_width"":0.9,""enabled"":true,""finish_on_pass"":true,""finish_pass_distance"":2.0,""half_width_range"":[0.2,0.9940476190476191],""max_sample_attempts"":10000,""max_threshold_score"":1.0,""min_time_after_friction_step"":0.1,""pass_reward"":12.0,""perception_reveal_distance"":null,""perception_reveal_step"":50,""require_aeb_infeasible"":true,""safety_margin"":0.3,""stable_aes_beta_limit"":0.2,""stable_aes_drift_bonus_scale"":0.18,""stable_aes_sideslip_penalty"":2.8},""obstacle_relative_velocity_mode"":""zero"",""obstacle_slots"":4,""privileged_observation_mode"":""basic"",""randomization"":{""actuator_tau_scale_range"":[0.65,1.35],""brake_scale_range"":[0.55,1.35],""cg_shift_range"":[-0.14,0.14],""drive_scale_range"":[0.6,1.3],""inertia_scale_range"":[0.8,1.3],""mass_scale_range"":[0.8,1.28],""mu_range"":[0.75,1.05],""tire_stiffness_scale_range"":[0.58,1.42]},""road_lookahead_count"":8,""road_lookahead_spacing"":5.0,""speed_range"":[7.0,11.0],""termination_penalty"":8.0,""track_kind"":""circle"",""track_radius"":32.0,""track_width"":7.0,""warmup_gate"":{""distance_range"":[12.0,30.0],""enabled"":true,""finish_pass_distance"":2.0,""half_width_range"":[0.35,0.85],""lateral_offset_range"":[-1.2,1.2],""max_active_steps"":75,""reveal_step"":100},""wheel_observation_mode"":""none""}","{""action_history_mode"":""full"",""beta_target_range"":[0.04,0.32],""dt"":0.02,""friction_limited_speed"":true,""friction_speed_margin"":0.92,""friction_step"":{""enabled"":true,""mu_range"":[0.3,1.15],""resample_speed_ref"":false,""step_range"":[8,40]},""history_length"":1,""include_privileged_params"":false,""max_steps"":800,""obstacle"":{""allowed_labels"":[""aes_feasible"",""drift_required"",""unavoidable""],""brake_mu_fraction"":0.9,""clearance_margin_reward_clip"":0.25,""clearance_margin_reward_scale"":0.0,""collision_penalty"":25.0,""conventional_lateral_mu_fraction"":0.42,""dense_clearance_margin_reward_clip"":0.25,""dense_clearance_margin_reward_scale"":0.0,""dense_clearance_margin_reward_window"":8.0,""distance_range"":[1.0,7.034722222222222],""drift_lateral_mu_fraction"":0.85,""ego_half_width"":0.9,""enabled"":true,""finish_on_pass"":true,""finish_pass_distance"":2.0,""half_width_range"":[0.2,0.9940476190476191],""max_sample_attempts"":10000,""max_threshold_score"":1.0,""min_time_after_friction_step"":0.1,""pass_reward"":12.0,""perception_reveal_distance"":null,""perception_reveal_step"":50,""require_aeb_infeasible"":true,""safety_margin"":0.3,""stable_aes_beta_limit"":0.2,""stable_aes_drift_bonus_scale"":0.18,""stable_aes_sideslip_penalty"":2.8},""obstacle_relative_velocity_mode"":""zero"",""obstacle_slots"":4,""privileged_observation_mode"":""basic"",""randomization"":{""actuator_tau_scale_range"":[0.65,1.35],""brake_scale_range"":[0.55,1.35],""cg_shift_range"":[-0.14,0.14],""drive_scale_range"":[0.6,1.3],""inertia_scale_range"":[0.8,1.3],""mass_scale_range"":[0.8,1.28],""mu_range"":[0.75,1.05],""tire_stiffness_scale_range"":[0.58,1.42]},""road_lookahead_count"":8,""road_lookahead_spacing"":5.0,""speed_range"":[7.0,11.0],""termination_penalty"":8.0,""track_kind"":""circle"",""track_radius"":32.0,""track_width"":7.0,""warmup_gate"":{""distance_range"":[12.0,30.0],""enabled"":true,""finish_pass_distance"":2.0,""half_width_range"":[0.35,0.85],""lateral_offset_range"":[-1.2,1.2],""max_active_steps"":75,""reveal_step"":100},""wheel_observation_mode"":""none""}"
m2063-osd-osd_v0_0171_t4,False,"{""action_history_mode"":""full"",""beta_target_range"":[0.04,0.32],""dt"":0.02,""friction_limited_speed"":true,""friction_speed_margin"":0.92,""friction_step"":{""enabled"":true,""mu_range"":[0.3,1.15],""resample_speed_ref"":false,""step_range"":[8,40]},""history_length"":1,""include_privileged_params"":false,""max_steps"":800,""obstacle"":{""allowed_labels"":[""aes_feasible"",""drift_required"",""unavoidable""],""brake_mu_fraction"":0.9,""clearance_margin_reward_clip"":0.25,""clearance_margin_reward_scale"":0.0,""collision_penalty"":25.0,""conventional_lateral_mu_fraction"":0.42,""dense_clearance_margin_reward_clip"":0.25,""dense_clearance_margin_reward_scale"":0.0,""dense_clearance_margin_reward_window"":8.0,""distance_range"":[1.0,8.680555555555557],""drift_lateral_mu_fraction"":0.85,""ego_half_width"":0.9,""enabled"":true,""finish_on_pass"":true,""finish_pass_distance"":2.0,""half_width_range"":[0.2,0.9940476190476191],""max_sample_attempts"":10000,""max_threshold_score"":0.25,""min_time_after_friction_step"":0.1,""pass_reward"":12.0,""perception_reveal_distance"":null,""perception_reveal_step"":75,""require_aeb_infeasible"":true,""safety_margin"":0.3,""stable_aes_beta_limit"":0.2,""stable_aes_drift_bonus_scale"":0.18,""stable_aes_sideslip_penalty"":2.8},""obstacle_relative_velocity_mode"":""zero"",""obstacle_slots"":4,""privileged_observation_mode"":""basic"",""randomization"":{""actuator_tau_scale_range"":[0.75,1.65],""brake_scale_range"":[0.55,1.35],""cg_shift_range"":[-0.14,0.14],""drive_scale_range"":[0.6,1.3],""inertia_scale_range"":[0.8,1.3],""mass_scale_range"":[0.8,1.28],""mu_range"":[0.35,0.55],""tire_stiffness_scale_range"":[0.58,1.42]},""road_lookahead_count"":8,""road_lookahead_spacing"":5.0,""speed_range"":[10.0,15.0],""termination_penalty"":8.0,""track_kind"":""circle"",""track_radius"":18.0,""track_width"":5.5,""warmup_gate"":{""distance_range"":[12.0,30.0],""enabled"":true,""finish_pass_distance"":2.0,""half_width_range"":[0.35,0.85],""lateral_offset_range"":[-1.2,1.2],""max_active_steps"":25,""reveal_step"":150},""wheel_observation_mode"":""none""}","{""action_history_mode"":""full"",""beta_target_range"":[0.04,0.32],""dt"":0.02,""friction_limited_speed"":true,""friction_speed_margin"":0.92,""friction_step"":{""enabled"":true,""mu_range"":[0.3,1.15],""resample_speed_ref"":false,""step_range"":[8,40]},""history_length"":1,""include_privileged_params"":false,""max_steps"":800,""obstacle"":{""allowed_labels"":[""aes_feasible"",""drift_required"",""unavoidable""],""brake_mu_fraction"":0.9,""clearance_margin_reward_clip"":0.25,""clearance_margin_reward_scale"":0.0,""collision_penalty"":25.0,""conventional_lateral_mu_fraction"":0.42,""dense_clearance_margin_reward_clip"":0.25,""dense_clearance_margin_reward_scale"":0.0,""dense_clearance_margin_reward_window"":8.0,""distance_range"":[1.0,8.680555555555557],""drift_lateral_mu_fraction"":0.85,""ego_half_width"":0.9,""enabled"":true,""finish_on_pass"":true,""finish_pass_distance"":2.0,""half_width_range"":[0.2,0.9940476190476191],""max_sample_attempts"":10000,""max_threshold_score"":0.25,""min_time_after_friction_step"":0.1,""pass_reward"":12.0,""perception_reveal_distance"":null,""perception_reveal_step"":75,""require_aeb_infeasible"":true,""safety_margin"":0.3,""stable_aes_beta_limit"":0.2,""stable_aes_drift_bonus_scale"":0.18,""stable_aes_sideslip_penalty"":2.8},""obstacle_relative_velocity_mode"":""zero"",""obstacle_slots"":4,""privileged_observation_mode"":""basic"",""randomization"":{""actuator_tau_scale_range"":[0.75,1.65],""brake_scale_range"":[0.55,1.35],""cg_shift_range"":[-0.14,0.14],""drive_scale_range"":[0.6,1.3],""inertia_scale_range"":[0.8,1.3],""mass_scale_range"":[0.8,1.28],""mu_range"":[0.35,0.55],""tire_stiffness_scale_range"":[0.58,1.42]},""road_lookahead_count"":8,""road_lookahead_spacing"":5.0,""speed_range"":[10.0,15.0],""termination_penalty"":8.0,""track_kind"":""circle"",""track_radius"":18.0,""track_width"":5.5,""warmup_gate"":{""distance_range"":[12.0,30.0],""enabled"":true,""finish_pass_distance"":2.0,""half_width_range"":[0.35,0.85],""lateral_offset_range"":[-1.2,1.2],""max_active_steps"":25,""reveal_step"":150},""wheel_observation_mode"":""none""}"
m2063-osd-osd_v0_0172_t4,False,"{""action_history_mode"":""full"",""beta_target_range"":[0.04,0.32],""dt"":0.02,""friction_limited_speed"":true,""friction_speed_margin"":0.92,""friction_step"":{""enabled"":true,""mu_range"":[0.3,1.15],""resample_speed_ref"":false,""step_range"":[8,40]},""history_length"":1,""include_privileged_params"":false,""max_steps"":800,""obstacle"":{""allowed_labels"":[""aes_feasible"",""drift_required"",""unavoidable""],""brake_mu_fraction"":0.9,""clearance_margin_reward_clip"":0.25,""clearance_margin_reward_scale"":0.0,""collision_penalty"":25.0,""conventional_lateral_mu_fraction"":0.42,""dense_clearance_margin_reward_clip"":0.25,""dense_clearance_margin_reward_scale"":0.0,""dense_clearance_margin_reward_window"":8.0,""distance_range"":[10.395833333333336,22.395833333333336],""drift_lateral_mu_fraction"":0.85,""ego_half_width"":0.9,""enabled"":true,""finish_on_pass"":true,""finish_pass_distance"":2.0,""half_width_range"":[0.3035714285714286,1.1035714285714286],""max_sample_attempts"":10000,""max_threshold_score"":0.25,""min_time_after_friction_step"":0.1,""pass_reward"":12.0,""perception_reveal_distance"":null,""perception_reveal_step"":100,""require_aeb_infeasible"":true,""safety_margin"":0.3,""stable_aes_beta_limit"":0.2,""stable_aes_drift_bonus_scale"":0.18,""stable_aes_sideslip_penalty"":2.8},""obstacle_relative_velocity_mode"":""zero"",""obstacle_slots"":4,""privileged_observation_mode"":""basic"",""randomization"":{""actuator_tau_scale_range"":[0.65,2.2],""brake_scale_range"":[0.55,1.35],""cg_shift_range"":[-0.14,0.14],""drive_scale_range"":[0.6,1.3],""inertia_scale_range"":[0.8,1.3],""mass_scale_range"":[0.8,1.28],""mu_range"":[0.28,1.05],""tire_stiffness_scale_range"":[0.58,1.42]},""road_lookahead_count"":8,""road_lookahead_spacing"":5.0,""speed_range"":[14.0,20.0],""termination_penalty"":8.0,""track_kind"":""circle"",""track_radius"":60.0,""track_width"":4.4,""warmup_gate"":{""distance_range"":[12.0,30.0],""enabled"":true,""finish_pass_distance"":2.0,""half_width_range"":[0.35,0.85],""lateral_offset_range"":[-1.2,1.2],""max_active_steps"":50,""reveal_step"":200},""wheel_observation_mode"":""none""}","{""action_history_mode"":""full"",""beta_target_range"":[0.04,0.32],""dt"":0.02,""friction_limited_speed"":true,""friction_speed_margin"":0.92,""friction_step"":{""enabled"":true,""mu_range"":[0.3,1.15],""resample_speed_ref"":false,""step_range"":[8,40]},""history_length"":1,""include_privileged_params"":false,""max_steps"":800,""obstacle"":{""allowed_labels"":[""aes_feasible"",""drift_required"",""unavoidable""],""brake_mu_fraction"":0.9,""clearance_margin_reward_clip"":0.25,""clearance_margin_reward_scale"":0.0,""collision_penalty"":25.0,""conventional_lateral_mu_fraction"":0.42,""dense_clearance_margin_reward_clip"":0.25,""dense_clearance_margin_reward_scale"":0.0,""dense_clearance_margin_reward_window"":8.0,""distance_range"":[10.395833333333336,22.395833333333336],""drift_lateral_mu_fraction"":0.85,""ego_half_width"":0.9,""enabled"":true,""finish_on_pass"":true,""finish_pass_distance"":2.0,""half_width_range"":[0.3035714285714286,1.1035714285714286],""max_sample_attempts"":10000,""max_threshold_score"":0.25,""min_time_after_friction_step"":0.1,""pass_reward"":12.0,""perception_reveal_distance"":null,""perception_reveal_step"":100,""require_aeb_infeasible"":true,""safety_margin"":0.3,""stable_aes_beta_limit"":0.2,""stable_aes_drift_bonus_scale"":0.18,""stable_aes_sideslip_penalty"":2.8},""obstacle_relative_velocity_mode"":""zero"",""obstacle_slots"":4,""privileged_observation_mode"":""basic"",""randomization"":{""actuator_tau_scale_range"":[0.65,2.2],""brake_scale_range"":[0.55,1.35],""cg_shift_range"":[-0.14,0.14],""drive_scale_range"":[0.6,1.3],""inertia_scale_range"":[0.8,1.3],""mass_scale_range"":[0.8,1.28],""mu_range"":[0.28,1.05],""tire_stiffness_scale_range"":[0.58,1.42]},""road_lookahead_count"":8,""road_lookahead_spacing"":5.0,""speed_range"":[14.0,20.0],""termination_penalty"":8.0,""track_kind"":""circle"",""track_radius"":60.0,""track_width"":4.4,""warmup_gate"":{""distance_range"":[12.0,30.0],""enabled"":true,""finish_pass_distance"":2.0,""half_width_range"":[0.35,0.85],""lateral_offset_range"":[-1.2,1.2],""max_active_steps"":50,""reveal_step"":200},""wheel_observation_mode"":""none""}"
m2063-osd-osd_v0_0173_t4,False,"{""action_history_mode"":""full"",""beta_target_range"":[0.04,0.32],""dt"":0.02,""friction_limited_speed"":true,""friction_speed_margin"":0.92,""friction_step"":{""enabled"":true,""mu_range"":[0.3,1.15],""resample_speed_ref"":false,""step_range"":[8,40]},""history_length"":1,""include_privileged_params"":false,""max_steps"":800,""obstacle"":{""allowed_labels"":[""aes_feasible"",""drift_required"",""unavoidable""],""brake_mu_fraction"":0.9,""clearance_margin_reward_clip"":0.25,""clearance_margin_reward_scale"":0.0,""collision_penalty"":25.0,""conventional_lateral_mu_fraction"":0.42,""dense_clearance_margin_reward_clip"":0.25,""dense_clearance_margin_reward_scale"":0.0,""dense_clearance_margin_reward_window"":8.0,""distance_range"":[1.0,11.972222222222223],""drift_lateral_mu_fraction"":0.85,""ego_half_width"":0.9,""enabled"":true,""finish_on_pass"":true,""finish_pass_distance"":2.0,""half_width_range"":[0.2,0.9940476190476191],""max_sample_attempts"":10000,""max_threshold_score"":0.25,""min_time_after_friction_step"":0.1,""pass_reward"":12.0,""perception_reveal_distance"":null,""perception_reveal_step"":10,""require_aeb_infeasible"":true,""safety_margin"":0.3,""stable_aes_beta_limit"":0.2,""stable_aes_drift_bonus_scale"":0.18,""stable_aes_sideslip_penalty"":2.8},""obstacle_relative_velocity_mode"":""zero"",""obstacle_slots"":4,""privileged_observation_mode"":""basic"",""randomization"":{""actuator_tau_scale_range"":[1.8,2.8],""brake_scale_range"":[0.55,1.35],""cg_shift_range"":[-0.14,0.14],""drive_scale_range"":[0.6,1.3],""inertia_scale_range"":[0.8,1.3],""mass_scale_range"":[0.8,1.28],""mu_range"":[0.45,0.85],""tire_stiffness_scale_range"":[0.58,1.42]},""road_lookahead_count"":8,""road_lookahead_spacing"":5.0,""speed_range"":[7.0,11.0],""termination_penalty"":8.0,""track_kind"":""circle"",""track_radius"":32.0,""track_width"":7.0,""warmup_gate"":{""distance_range"":[12.0,30.0],""enabled"":true,""finish_pass_distance"":2.0,""half_width_range"":[0.35,0.85],""lateral_offset_range"":[-1.2,1.2],""max_active_steps"":75,""reveal_step"":20},""wheel_observation_mode"":""none""}","{""action_history_mode"":""full"",""beta_target_range"":[0.04,0.32],""dt"":0.02,""friction_limited_speed"":true,""friction_speed_margin"":0.92,""friction_step"":{""enabled"":true,""mu_range"":[0.3,1.15],""resample_speed_ref"":false,""step_range"":[8,40]},""history_length"":1,""include_privileged_params"":false,""max_steps"":800,""obstacle"":{""allowed_labels"":[""aes_feasible"",""drift_required"",""unavoidable""],""brake_mu_fraction"":0.9,""clearance_margin_reward_clip"":0.25,""clearance_margin_reward_scale"":0.0,""collision_penalty"":25.0,""conventional_lateral_mu_fraction"":0.42,""dense_clearance_margin_reward_clip"":0.25,""dense_clearance_margin_reward_scale"":0.0,""dense_clearance_margin_reward_window"":8.0,""distance_range"":[1.0,11.972222222222223],""drift_lateral_mu_fraction"":0.85,""ego_half_width"":0.9,""enabled"":true,""finish_on_pass"":true,""finish_pass_distance"":2.0,""half_width_range"":[0.2,0.9940476190476191],""max_sample_attempts"":10000,""max_threshold_score"":0.25,""min_time_after_friction_step"":0.1,""pass_reward"":12.0,""perception_reveal_distance"":null,""perception_reveal_step"":10,""require_aeb_infeasible"":true,""safety_margin"":0.3,""stable_aes_beta_limit"":0.2,""stable_aes_drift_bonus_scale"":0.18,""stable_aes_sideslip_penalty"":2.8},""obstacle_relative_velocity_mode"":""zero"",""obstacle_slots"":4,""privileged_observation_mode"":""basic"",""randomization"":{""actuator_tau_scale_range"":[1.8,2.8],""brake_scale_range"":[0.55,1.35],""cg_shift_range"":[-0.14,0.14],""drive_scale_range"":[0.6,1.3],""inertia_scale_range"":[0.8,1.3],""mass_scale_range"":[0.8,1.28],""mu_range"":[0.45,0.85],""tire_stiffness_scale_range"":[0.58,1.42]},""road_lookahead_count"":8,""road_lookahead_spacing"":5.0,""speed_range"":[7.0,11.0],""termination_penalty"":8.0,""track_kind"":""circle"",""track_radius"":32.0,""track_width"":7.0,""warmup_gate"":{""distance_range"":[12.0,30.0],""enabled"":true,""finish_pass_distance"":2.0,""half_width_range"":[0.35,0.85],""lateral_offset_range"":[-1.2,1.2],""max_active_steps"":75,""reveal_step"":20},""wheel_observation_mode"":""none""}"
m2063-osd-osd_v0_0174_t4,False,"{""action_history_mode"":""full"",""beta_target_range"":[0.04,0.32],""dt"":0.02,""friction_limited_speed"":true,""friction_speed_margin"":0.92,""friction_step"":{""enabled"":true,""mu_range"":[0.3,1.15],""resample_speed_ref"":false,""step_range"":[8,40]},""history_length"":1,""include_privileged_params"":false,""max_steps"":800,""obstacle"":{""allowed_labels"":[""aes_feasible"",""drift_required"",""unavoidable""],""brake_mu_fraction"":0.9,""clearance_margin_reward_clip"":0.25,""clearance_margin_reward_scale"":0.0,""collision_penalty"":25.0,""conventional_lateral_mu_fraction"":0.42,""dense_clearance_margin_reward_clip"":0.25,""dense_clearance_margin_reward_scale"":0.0,""dense_clearance_margin_reward_window"":8.0,""distance_range"":[1.0,8.680555555555557],""drift_lateral_mu_fraction"":0.85,""ego_half_width"":0.9,""enabled"":true,""finish_on_pass"":true,""finish_pass_distance"":2.0,""half_width_range"":[0.2,0.9940476190476191],""max_sample_attempts"":10000,""max_threshold_score"":0.25,""min_time_after_friction_step"":0.1,""pass_reward"":12.0,""perception_reveal_distance"":null,""perception_reveal_step"":25,""require_aeb_infeasible"":true,""safety_margin"":0.3,""stable_aes_beta_limit"":0.2,""stable_aes_drift_bonus_scale"":0.18,""stable_aes_sideslip_penalty"":2.8},""obstacle_relative_velocity_mode"":""zero"",""obstacle_slots"":4,""privileged_observation_mode"":""basic"",""randomization"":{""actuator_tau_scale_range"":[0.65,1.35],""brake_scale_range"":[0.55,1.35],""cg_shift_range"":[-0.14,0.14],""drive_scale_range"":[0.6,1.3],""inertia_scale_range"":[0.8,1.3],""mass_scale_range"":[0.8,1.28],""mu_range"":[0.75,1.05],""tire_stiffness_scale_range"":[0.58,1.42]},""road_lookahead_count"":8,""road_lookahead_spacing"":5.0,""speed_range"":[10.0,15.0],""termination_penalty"":8.0,""track_kind"":""circle"",""track_radius"":18.0,""track_width"":5.5,""warmup_gate"":{""distance_range"":[12.0,30.0],""enabled"":true,""finish_pass_distance"":2.0,""half_width_range"":[0.35,0.85],""lateral_offset_range"":[-1.2,1.2],""max_active_steps"":25,""reveal_step"":50},""wheel_observation_mode"":""none""}","{""action_history_mode"":""full"",""beta_target_range"":[0.04,0.32],""dt"":0.02,""friction_limited_speed"":true,""friction_speed_margin"":0.92,""friction_step"":{""enabled"":true,""mu_range"":[0.3,1.15],""resample_speed_ref"":false,""step_range"":[8,40]},""history_length"":1,""include_privileged_params"":false,""max_steps"":800,""obstacle"":{""allowed_labels"":[""aes_feasible"",""drift_required"",""unavoidable""],""brake_mu_fraction"":0.9,""clearance_margin_reward_clip"":0.25,""clearance_margin_reward_scale"":0.0,""collision_penalty"":25.0,""conventional_lateral_mu_fraction"":0.42,""dense_clearance_margin_reward_clip"":0.25,""dense_clearance_margin_reward_scale"":0.0,""dense_clearance_margin_reward_window"":8.0,""distance_range"":[1.0,8.680555555555557],""drift_lateral_mu_fraction"":0.85,""ego_half_width"":0.9,""enabled"":true,""finish_on_pass"":true,""finish_pass_distance"":2.0,""half_width_range"":[0.2,0.9940476190476191],""max_sample_attempts"":10000,""max_threshold_score"":0.25,""min_time_after_friction_step"":0.1,""pass_reward"":12.0,""perception_reveal_distance"":null,""perception_reveal_step"":25,""require_aeb_infeasible"":true,""safety_margin"":0.3,""stable_aes_beta_limit"":0.2,""stable_aes_drift_bonus_scale"":0.18,""stable_aes_sideslip_penalty"":2.8},""obstacle_relative_velocity_mode"":""zero"",""obstacle_slots"":4,""privileged_observation_mode"":""basic"",""randomization"":{""actuator_tau_scale_range"":[0.65,1.35],""brake_scale_range"":[0.55,1.35],""cg_shift_range"":[-0.14,0.14],""drive_scale_range"":[0.6,1.3],""inertia_scale_range"":[0.8,1.3],""mass_scale_range"":[0.8,1.28],""mu_range"":[0.75,1.05],""tire_stiffness_scale_range"":[0.58,1.42]},""road_lookahead_count"":8,""road_lookahead_spacing"":5.0,""speed_range"":[10.0,15.0],""termination_penalty"":8.0,""track_kind"":""circle"",""track_radius"":18.0,""track_width"":5.5,""warmup_gate"":{""distance_range"":[12.0,30.0],""enabled"":true,""finish_pass_distance"":2.0,""half_width_range"":[0.35,0.85],""lateral_offset_range"":[-1.2,1.2],""max_active_steps"":25,""reveal_step"":50},""wheel_observation_mode"":""none""}"
m2063-osd-osd_v0_0175_t4,False,"{""action_history_mode"":""full"",""beta_target_range"":[0.04,0.32],""dt"":0.02,""friction_limited_speed"":true,""friction_speed_margin"":0.92,""friction_step"":{""enabled"":true,""mu_range"":[0.3,1.15],""resample_speed_ref"":false,""step_range"":[8,40]},""history_length"":1,""include_privileged_params"":false,""max_steps"":800,""obstacle"":{""allowed_labels"":[""aes_feasible"",""drift_required"",""unavoidable""],""brake_mu_fraction"":0.9,""clearance_margin_reward_clip"":0.25,""clearance_margin_reward_scale"":0.0,""collision_penalty"":25.0,""conventional_lateral_mu_fraction"":0.42,""dense_clearance_margin_reward_clip"":0.25,""dense_clearance_margin_reward_scale"":0.0,""dense_clearance_margin_reward_window"":8.0,""distance_range"":[12.590277777777779,24.59027777777778],""drift_lateral_mu_fraction"":0.85,""ego_half_width"":0.9,""enabled"":true,""finish_on_pass"":true,""finish_pass_distance"":2.0,""half_width_range"":[0.555952380952381,1.35],""max_sample_attempts"":10000,""max_threshold_score"":0.25,""min_time_after_friction_step"":0.1,""pass_reward"":12.0,""perception_reveal_distance"":null,""perception_reveal_step"":50,""require_aeb_infeasible"":true,""safety_margin"":0.3,""stable_aes_beta_limit"":0.2,""stable_aes_drift_bonus_scale"":0.18,""stable_aes_sideslip_penalty"":2.8},""obstacle_relative_velocity_mode"":""zero"",""obstacle_slots"":4,""privileged_observation_mode"":""basic"",""randomization"":{""actuator_tau_scale_range"":[0.75,1.65],""brake_scale_range"":[0.55,1.35],""cg_shift_range"":[-0.14,0.14],""drive_scale_range"":[0.6,1.3],""inertia_scale_range"":[0.8,1.3],""mass_scale_range"":[0.8,1.28],""mu_range"":[0.35,0.55],""tire_stiffness_scale_range"":[0.58,1.42]},""road_lookahead_count"":8,""road_lookahead_spacing"":5.0,""speed_range"":[14.0,20.0],""termination_penalty"":8.0,""track_kind"":""circle"",""track_radius"":60.0,""track_width"":4.4,""warmup_gate"":{""distance_range"":[12.0,30.0],""enabled"":true,""finish_pass_distance"":2.0,""half_width_range"":[0.35,0.85],""lateral_offset_range"":[-1.2,1.2],""max_active_steps"":50,""reveal_step"":100},""wheel_observation_mode"":""none""}","{""action_history_mode"":""full"",""beta_target_range"":[0.04,0.32],""dt"":0.02,""friction_limited_speed"":true,""friction_speed_margin"":0.92,""friction_step"":{""enabled"":true,""mu_range"":[0.3,1.15],""resample_speed_ref"":false,""step_range"":[8,40]},""history_length"":1,""include_privileged_params"":false,""max_steps"":800,""obstacle"":{""allowed_labels"":[""aes_feasible"",""drift_required"",""unavoidable""],""brake_mu_fraction"":0.9,""clearance_margin_reward_clip"":0.25,""clearance_margin_reward_scale"":0.0,""collision_penalty"":25.0,""conventional_lateral_mu_fraction"":0.42,""dense_clearance_margin_reward_clip"":0.25,""dense_clearance_margin_reward_scale"":0.0,""dense_clearance_margin_reward_window"":8.0,""distance_range"":[12.590277777777779,24.59027777777778],""drift_lateral_mu_fraction"":0.85,""ego_half_width"":0.9,""enabled"":true,""finish_on_pass"":true,""finish_pass_distance"":2.0,""half_width_range"":[0.555952380952381,1.35],""max_sample_attempts"":10000,""max_threshold_score"":0.25,""min_time_after_friction_step"":0.1,""pass_reward"":12.0,""perception_reveal_distance"":null,""perception_reveal_step"":50,""require_aeb_infeasible"":true,""safety_margin"":0.3,""stable_aes_beta_limit"":0.2,""stable_aes_drift_bonus_scale"":0.18,""stable_aes_sideslip_penalty"":2.8},""obstacle_relative_velocity_mode"":""zero"",""obstacle_slots"":4,""privileged_observation_mode"":""basic"",""randomization"":{""actuator_tau_scale_range"":[0.75,1.65],""brake_scale_range"":[0.55,1.35],""cg_shift_range"":[-0.14,0.14],""drive_scale_range"":[0.6,1.3],""inertia_scale_range"":[0.8,1.3],""mass_scale_range"":[0.8,1.28],""mu_range"":[0.35,0.55],""tire_stiffness_scale_range"":[0.58,1.42]},""road_lookahead_count"":8,""road_lookahead_spacing"":5.0,""speed_range"":[14.0,20.0],""termination_penalty"":8.0,""track_kind"":""circle"",""track_radius"":60.0,""track_width"":4.4,""warmup_gate"":{""distance_range"":[12.0,30.0],""enabled"":true,""finish_pass_distance"":2.0,""half_width_range"":[0.35,0.85],""lateral_offset_range"":[-1.2,1.2],""max_active_steps"":50,""reveal_step"":100},""wheel_observation_mode"":""none""}"
m2063-osd-osd_v0_0176_t4,False,"{""action_history_mode"":""full"",""beta_target_range"":[0.04,0.32],""dt"":0.02,""friction_limited_speed"":true,""friction_speed_margin"":0.92,""friction_step"":{""enabled"":true,""mu_range"":[0.3,1.15],""resample_speed_ref"":false,""step_range"":[8,40]},""history_length"":1,""include_privileged_params"":false,""max_steps"":800,""obstacle"":{""allowed_labels"":[""aes_feasible"",""drift_required"",""unavoidable""],""brake_mu_fraction"":0.9,""clearance_margin_reward_clip"":0.25,""clearance_margin_reward_scale"":0.0,""collision_penalty"":25.0,""conventional_lateral_mu_fraction"":0.42,""dense_clearance_margin_reward_clip"":0.25,""dense_clearance_margin_reward_scale"":0.0,""dense_clearance_margin_reward_window"":8.0,""distance_range"":[1.0,11.423611111111112],""drift_lateral_mu_fraction"":0.85,""ego_half_width"":0.9,""enabled"":true,""finish_on_pass"":true,""finish_pass_distance"":2.0,""half_width_range"":[0.2,0.9940476190476191],""max_sample_attempts"":10000,""max_threshold_score"":0.5,""min_time_after_friction_step"":0.1,""pass_reward"":12.0,""perception_reveal_distance"":null,""perception_reveal_step"":75,""require_aeb_infeasible"":true,""safety_margin"":0.3,""stable_aes_beta_limit"":0.2,""stable_aes_drift_bonus_scale"":0.18,""stable_aes_sideslip_penalty"":2.8},""obstacle_relative_velocity_mode"":""zero"",""obstacle_slots"":4,""privileged_observation_mode"":""basic"",""randomization"":{""actuator_tau_scale_range"":[0.65,2.2],""brake_scale_range"":[0.55,1.35],""cg_shift_range"":[-0.14,0.14],""drive_scale_range"":[0.6,1.3],""inertia_scale_range"":[0.8,1.3],""mass_scale_range"":[0.8,1.28],""mu_range"":[0.28,1.05],""tire_stiffness_scale_range"":[0.58,1.42]},""road_lookahead_count"":8,""road_lookahead_spacing"":5.0,""speed_range"":[7.0,11.0],""termination_penalty"":8.0,""track_kind"":""circle"",""track_radius"":32.0,""track_width"":7.0,""warmup_gate"":{""distance_range"":[12.0,30.0],""enabled"":true,""finish_pass_distance"":2.0,""half_width_range"":[0.35,0.85],""lateral_offset_range"":[-1.2,1.2],""max_active_steps"":75,""reveal_step"":150},""wheel_observation_mode"":""none""}","{""action_history_mode"":""full"",""beta_target_range"":[0.04,0.32],""dt"":0.02,""friction_limited_speed"":true,""friction_speed_margin"":0.92,""friction_step"":{""enabled"":true,""mu_range"":[0.3,1.15],""resample_speed_ref"":false,""step_range"":[8,40]},""history_length"":1,""include_privileged_params"":false,""max_steps"":800,""obstacle"":{""allowed_labels"":[""aes_feasible"",""drift_required"",""unavoidable""],""brake_mu_fraction"":0.9,""clearance_margin_reward_clip"":0.25,""clearance_margin_reward_scale"":0.0,""collision_penalty"":25.0,""conventional_lateral_mu_fraction"":0.42,""dense_clearance_margin_reward_clip"":0.25,""dense_clearance_margin_reward_scale"":0.0,""dense_clearance_margin_reward_window"":8.0,""distance_range"":[1.0,11.423611111111112],""drift_lateral_mu_fraction"":0.85,""ego_half_width"":0.9,""enabled"":true,""finish_on_pass"":true,""finish_pass_distance"":2.0,""half_width_range"":[0.2,0.9940476190476191],""max_sample_attempts"":10000,""max_threshold_score"":0.5,""min_time_after_friction_step"":0.1,""pass_reward"":12.0,""perception_reveal_distance"":null,""perception_reveal_step"":75,""require_aeb_infeasible"":true,""safety_margin"":0.3,""stable_aes_beta_limit"":0.2,""stable_aes_drift_bonus_scale"":0.18,""stable_aes_sideslip_penalty"":2.8},""obstacle_relative_velocity_mode"":""zero"",""obstacle_slots"":4,""privileged_observation_mode"":""basic"",""randomization"":{""actuator_tau_scale_range"":[0.65,2.2],""brake_scale_range"":[0.55,1.35],""cg_shift_range"":[-0.14,0.14],""drive_scale_range"":[0.6,1.3],""inertia_scale_range"":[0.8,1.3],""mass_scale_range"":[0.8,1.28],""mu_range"":[0.28,1.05],""tire_stiffness_scale_range"":[0.58,1.42]},""road_lookahead_count"":8,""road_lookahead_spacing"":5.0,""speed_range"":[7.0,11.0],""termination_penalty"":8.0,""track_kind"":""circle"",""track_radius"":32.0,""track_width"":7.0,""warmup_gate"":{""distance_range"":[12.0,30.0],""enabled"":true,""finish_pass_distance"":2.0,""half_width_range"":[0.35,0.85],""lateral_offset_range"":[-1.2,1.2],""max_active_steps"":75,""reveal_step"":150},""wheel_observation_mode"":""none""}"
m2063-osd-osd_v0_0177_t4,False,"{""action_history_mode"":""full"",""beta_target_range"":[0.04,0.32],""dt"":0.02,""friction_limited_speed"":true,""friction_speed_margin"":0.92,""friction_step"":{""enabled"":true,""mu_range"":[0.3,1.15],""resample_speed_ref"":false,""step_range"":[8,40]},""history_length"":1,""include_privileged_params"":false,""max_steps"":800,""obstacle"":{""allowed_labels"":[""aes_feasible"",""drift_required"",""unavoidable""],""brake_mu_fraction"":0.9,""clearance_margin_reward_clip"":0.25,""clearance_margin_reward_scale"":0.0,""collision_penalty"":25.0,""conventional_lateral_mu_fraction"":0.42,""dense_clearance_margin_reward_clip"":0.25,""dense_clearance_margin_reward_scale"":0.0,""dense_clearance_margin_reward_window"":8.0,""distance_range"":[1.0,8.680555555555557],""drift_lateral_mu_fraction"":0.85,""ego_half_width"":0.9,""enabled"":true,""finish_on_pass"":true,""finish_pass_distance"":2.0,""half_width_range"":[0.2,0.9940476190476191],""max_sample_attempts"":10000,""max_threshold_score"":0.25,""min_time_after_friction_step"":0.1,""pass_reward"":12.0,""perception_reveal_distance"":null,""perception_reveal_step"":100,""require_aeb_infeasible"":true,""safety_margin"":0.3,""stable_aes_beta_limit"":0.2,""stable_aes_drift_bonus_scale"":0.18,""stable_aes_sideslip_penalty"":2.8},""obstacle_relative_velocity_mode"":""zero"",""obstacle_slots"":4,""privileged_observation_mode"":""basic"",""randomization"":{""actuator_tau_scale_range"":[1.8,2.8],""brake_scale_range"":[0.55,1.35],""cg_shift_range"":[-0.14,0.14],""drive_scale_range"":[0.6,1.3],""inertia_scale_range"":[0.8,1.3],""mass_scale_range"":[0.8,1.28],""mu_range"":[0.45,0.85],""tire_stiffness_scale_range"":[0.58,1.42]},""road_lookahead_count"":8,""road_lookahead_spacing"":5.0,""speed_range"":[10.0,15.0],""termination_penalty"":8.0,""track_kind"":""circle"",""track_radius"":18.0,""track_width"":5.5,""warmup_gate"":{""distance_range"":[12.0,30.0],""enabled"":true,""finish_pass_distance"":2.0,""half_width_range"":[0.35,0.85],""lateral_offset_range"":[-1.2,1.2],""max_active_steps"":25,""reveal_step"":200},""wheel_observation_mode"":""none""}","{""action_history_mode"":""full"",""beta_target_range"":[0.04,0.32],""dt"":0.02,""friction_limited_speed"":true,""friction_speed_margin"":0.92,""friction_step"":{""enabled"":true,""mu_range"":[0.3,1.15],""resample_speed_ref"":false,""step_range"":[8,40]},""history_length"":1,""include_privileged_params"":false,""max_steps"":800,""obstacle"":{""allowed_labels"":[""aes_feasible"",""drift_required"",""unavoidable""],""brake_mu_fraction"":0.9,""clearance_margin_reward_clip"":0.25,""clearance_margin_reward_scale"":0.0,""collision_penalty"":25.0,""conventional_lateral_mu_fraction"":0.42,""dense_clearance_margin_reward_clip"":0.25,""dense_clearance_margin_reward_scale"":0.0,""dense_clearance_margin_reward_window"":8.0,""distance_range"":[1.0,8.680555555555557],""drift_lateral_mu_fraction"":0.85,""ego_half_width"":0.9,""enabled"":true,""finish_on_pass"":true,""finish_pass_distance"":2.0,""half_width_range"":[0.2,0.9940476190476191],""max_sample_attempts"":10000,""max_threshold_score"":0.25,""min_time_after_friction_step"":0.1,""pass_reward"":12.0,""perception_reveal_distance"":null,""perception_reveal_step"":100,""require_aeb_infeasible"":true,""safety_margin"":0.3,""stable_aes_beta_limit"":0.2,""stable_aes_drift_bonus_scale"":0.18,""stable_aes_sideslip_penalty"":2.8},""obstacle_relative_velocity_mode"":""zero"",""obstacle_slots"":4,""privileged_observation_mode"":""basic"",""randomization"":{""actuator_tau_scale_range"":[1.8,2.8],""brake_scale_range"":[0.55,1.35],""cg_shift_range"":[-0.14,0.14],""drive_scale_range"":[0.6,1.3],""inertia_scale_range"":[0.8,1.3],""mass_scale_range"":[0.8,1.28],""mu_range"":[0.45,0.85],""tire_stiffness_scale_range"":[0.58,1.42]},""road_lookahead_count"":8,""road_lookahead_spacing"":5.0,""speed_range"":[10.0,15.0],""termination_penalty"":8.0,""track_kind"":""circle"",""track_radius"":18.0,""track_width"":5.5,""warmup_gate"":{""distance_range"":[12.0,30.0],""enabled"":true,""finish_pass_distance"":2.0,""half_width_range"":[0.35,0.85],""lateral_offset_range"":[-1.2,1.2],""max_active_steps"":25,""reveal_step"":200},""wheel_observation_mode"":""none""}"
m2063-osd-osd_v0_0178_t4,False,"{""action_history_mode"":""full"",""beta_target_range"":[0.04,0.32],""dt"":0.02,""friction_limited_speed"":true,""friction_speed_margin"":0.92,""friction_step"":{""enabled"":true,""mu_range"":[0.3,1.15],""resample_speed_ref"":false,""step_range"":[8,40]},""history_length"":1,""include_privileged_params"":false,""max_steps"":800,""obstacle"":{""allowed_labels"":[""aes_feasible"",""drift_required"",""unavoidable""],""brake_mu_fraction"":0.9,""clearance_margin_reward_clip"":0.25,""clearance_margin_reward_scale"":0.0,""collision_penalty"":25.0,""conventional_lateral_mu_fraction"":0.42,""dense_clearance_margin_reward_clip"":0.25,""dense_clearance_margin_reward_scale"":0.0,""dense_clearance_margin_reward_window"":8.0,""distance_range"":[8.75,20.75],""drift_lateral_mu_fraction"":0.85,""ego_half_width"":0.9,""enabled"":true,""finish_on_pass"":true,""finish_pass_distance"":2.0,""half_width_range"":[0.4130952380952382,1.2130952380952382],""max_sample_attempts"":10000,""max_threshold_score"":0.25,""min_time_after_friction_step"":0.1,""pass_reward"":12.0,""perception_reveal_distance"":null,""perception_reveal_step"":10,""require_aeb_infeasible"":true,""safety_margin"":0.3,""stable_aes_beta_limit"":0.2,""stable_aes_drift_bonus_scale"":0.18,""stable_aes_sideslip_penalty"":2.8},""obstacle_relative_velocity_mode"":""zero"",""obstacle_slots"":4,""privileged_observation_mode"":""basic"",""randomization"":{""actuator_tau_scale_range"":[0.65,1.35],""brake_scale_range"":[0.55,1.35],""cg_shift_range"":[-0.14,0.14],""drive_scale_range"":[0.6,1.3],""inertia_scale_range"":[0.8,1.3],""mass_scale_range"":[0.8,1.28],""mu_range"":[0.75,1.05],""tire_stiffness_scale_range"":[0.58,1.42]},""road_lookahead_count"":8,""road_lookahead_spacing"":5.0,""speed_range"":[14.0,20.0],""termination_penalty"":8.0,""track_kind"":""circle"",""track_radius"":60.0,""track_width"":4.4,""warmup_gate"":{""distance_range"":[12.0,30.0],""enabled"":true,""finish_pass_distance"":2.0,""half_width_range"":[0.35,0.85],""lateral_offset_range"":[-1.2,1.2],""max_active_steps"":50,""reveal_step"":20},""wheel_observation_mode"":""none""}","{""action_history_mode"":""full"",""beta_target_range"":[0.04,0.32],""dt"":0.02,""friction_limited_speed"":true,""friction_speed_margin"":0.92,""friction_step"":{""enabled"":true,""mu_range"":[0.3,1.15],""resample_speed_ref"":false,""step_range"":[8,40]},""history_length"":1,""include_privileged_params"":false,""max_steps"":800,""obstacle"":{""allowed_labels"":[""aes_feasible"",""drift_required"",""unavoidable""],""brake_mu_fraction"":0.9,""clearance_margin_reward_clip"":0.25,""clearance_margin_reward_scale"":0.0,""collision_penalty"":25.0,""conventional_lateral_mu_fraction"":0.42,""dense_clearance_margin_reward_clip"":0.25,""dense_clearance_margin_reward_scale"":0.0,""dense_clearance_margin_reward_window"":8.0,""distance_range"":[8.75,20.75],""drift_lateral_mu_fraction"":0.85,""ego_half_width"":0.9,""enabled"":true,""finish_on_pass"":true,""finish_pass_distance"":2.0,""half_width_range"":[0.4130952380952382,1.2130952380952382],""max_sample_attempts"":10000,""max_threshold_score"":0.25,""min_time_after_friction_step"":0.1,""pass_reward"":12.0,""perception_reveal_distance"":null,""perception_reveal_step"":10,""require_aeb_infeasible"":true,""safety_margin"":0.3,""stable_aes_beta_limit"":0.2,""stable_aes_drift_bonus_scale"":0.18,""stable_aes_sideslip_penalty"":2.8},""obstacle_relative_velocity_mode"":""zero"",""obstacle_slots"":4,""privileged_observation_mode"":""basic"",""randomization"":{""actuator_tau_scale_range"":[0.65,1.35],""brake_scale_range"":[0.55,1.35],""cg_shift_range"":[-0.14,0.14],""drive_scale_range"":[0.6,1.3],""inertia_scale_range"":[0.8,1.3],""mass_scale_range"":[0.8,1.28],""mu_range"":[0.75,1.05],""tire_stiffness_scale_range"":[0.58,1.42]},""road_lookahead_count"":8,""road_lookahead_spacing"":5.0,""speed_range"":[14.0,20.0],""termination_penalty"":8.0,""track_kind"":""circle"",""track_radius"":60.0,""track_width"":4.4,""warmup_gate"":{""distance_range"":[12.0,30.0],""enabled"":true,""finish_pass_distance"":2.0,""half_width_range"":[0.35,0.85],""lateral_offset_range"":[-1.2,1.2],""max_active_steps"":50,""reveal_step"":20},""wheel_observation_mode"":""none""}"
m2063-osd-osd_v0_0179_t4,False,"{""action_history_mode"":""full"",""beta_target_range"":[0.04,0.32],""dt"":0.02,""friction_limited_speed"":true,""friction_speed_margin"":0.92,""friction_step"":{""enabled"":true,""mu_range"":[0.3,1.15],""resample_speed_ref"":false,""step_range"":[8,40]},""history_length"":1,""include_privileged_params"":false,""max_steps"":800,""obstacle"":{""allowed_labels"":[""aes_feasible"",""drift_required"",""unavoidable""],""brake_mu_fraction"":0.9,""clearance_margin_reward_clip"":0.25,""clearance_margin_reward_scale"":0.0,""collision_penalty"":25.0,""conventional_lateral_mu_fraction"":0.42,""dense_clearance_margin_reward_clip"":0.25,""dense_clearance_margin_reward_scale"":0.0,""dense_clearance_margin_reward_window"":8.0,""distance_range"":[1.0,11.972222222222223],""drift_lateral_mu_fraction"":0.85,""ego_half_width"":0.9,""enabled"":true,""finish_on_pass"":true,""finish_pass_distance"":2.0,""half_width_range"":[0.2,0.9940476190476191],""max_sample_attempts"":10000,""max_threshold_score"":0.25,""min_time_after_friction_step"":0.1,""pass_reward"":12.0,""perception_reveal_distance"":null,""perception_reveal_step"":25,""require_aeb_infeasible"":true,""safety_margin"":0.3,""stable_aes_beta_limit"":0.2,""stable_aes_drift_bonus_scale"":0.18,""stable_aes_sideslip_penalty"":2.8},""obstacle_relative_velocity_mode"":""zero"",""obstacle_slots"":4,""privileged_observation_mode"":""basic"",""randomization"":{""actuator_tau_scale_range"":[0.75,1.65],""brake_scale_range"":[0.55,1.35],""cg_shift_range"":[-0.14,0.14],""drive_scale_range"":[0.6,1.3],""inertia_scale_range"":[0.8,1.3],""mass_scale_range"":[0.8,1.28],""mu_range"":[0.35,0.55],""tire_stiffness_scale_range"":[0.58,1.42]},""road_lookahead_count"":8,""road_lookahead_spacing"":5.0,""speed_range"":[7.0,11.0],""termination_penalty"":8.0,""track_kind"":""circle"",""track_radius"":32.0,""track_width"":7.0,""warmup_gate"":{""distance_range"":[12.0,30.0],""enabled"":true,""finish_pass_distance"":2.0,""half_width_range"":[0.35,0.85],""lateral_offset_range"":[-1.2,1.2],""max_active_steps"":75,""reveal_step"":50},""wheel_observation_mode"":""none""}","{""action_history_mode"":""full"",""beta_target_range"":[0.04,0.32],""dt"":0.02,""friction_limited_speed"":true,""friction_speed_margin"":0.92,""friction_step"":{""enabled"":true,""mu_range"":[0.3,1.15],""resample_speed_ref"":false,""step_range"":[8,40]},""history_length"":1,""include_privileged_params"":false,""max_steps"":800,""obstacle"":{""allowed_labels"":[""aes_feasible"",""drift_required"",""unavoidable""],""brake_mu_fraction"":0.9,""clearance_margin_reward_clip"":0.25,""clearance_margin_reward_scale"":0.0,""collision_penalty"":25.0,""conventional_lateral_mu_fraction"":0.42,""dense_clearance_margin_reward_clip"":0.25,""dense_clearance_margin_reward_scale"":0.0,""dense_clearance_margin_reward_window"":8.0,""distance_range"":[1.0,11.972222222222223],""drift_lateral_mu_fraction"":0.85,""ego_half_width"":0.9,""enabled"":true,""finish_on_pass"":true,""finish_pass_distance"":2.0,""half_width_range"":[0.2,0.9940476190476191],""max_sample_attempts"":10000,""max_threshold_score"":0.25,""min_time_after_friction_step"":0.1,""pass_reward"":12.0,""perception_reveal_distance"":null,""perception_reveal_step"":25,""require_aeb_infeasible"":true,""safety_margin"":0.3,""stable_aes_beta_limit"":0.2,""stable_aes_drift_bonus_scale"":0.18,""stable_aes_sideslip_penalty"":2.8},""obstacle_relative_velocity_mode"":""zero"",""obstacle_slots"":4,""privileged_observation_mode"":""basic"",""randomization"":{""actuator_tau_scale_range"":[0.75,1.65],""brake_scale_range"":[0.55,1.35],""cg_shift_range"":[-0.14,0.14],""drive_scale_range"":[0.6,1.3],""inertia_scale_range"":[0.8,1.3],""mass_scale_range"":[0.8,1.28],""mu_range"":[0.35,0.55],""tire_stiffness_scale_range"":[0.58,1.42]},""road_lookahead_count"":8,""road_lookahead_spacing"":5.0,""speed_range"":[7.0,11.0],""termination_penalty"":8.0,""track_kind"":""circle"",""track_radius"":32.0,""track_width"":7.0,""warmup_gate"":{""distance_range"":[12.0,30.0],""enabled"":true,""finish_pass_distance"":2.0,""half_width_range"":[0.35,0.85],""lateral_offset_range"":[-1.2,1.2],""max_active_steps"":75,""reveal_step"":50},""wheel_observation_mode"":""none""}"
m2063-osd-osd_v0_0180_t4,False,"{""action_history_mode"":""full"",""beta_target_range"":[0.04,0.32],""dt"":0.02,""friction_limited_speed"":true,""friction_speed_margin"":0.92,""friction_step"":{""enabled"":true,""mu_range"":[0.3,1.15],""resample_speed_ref"":false,""step_range"":[8,40]},""history_length"":1,""include_privileged_params"":false,""max_steps"":800,""obstacle"":{""allowed_labels"":[""aes_feasible"",""drift_required"",""unavoidable""],""brake_mu_fraction"":0.9,""clearance_margin_reward_clip"":0.25,""clearance_margin_reward_scale"":0.0,""collision_penalty"":25.0,""conventional_lateral_mu_fraction"":0.42,""dense_clearance_margin_reward_clip"":0.25,""dense_clearance_margin_reward_scale"":0.0,""dense_clearance_margin_reward_window"":8.0,""distance_range"":[1.0,8.680555555555557],""drift_lateral_mu_fraction"":0.85,""ego_half_width"":0.9,""enabled"":true,""finish_on_pass"":true,""finish_pass_distance"":2.0,""half_width_range"":[0.2,0.9940476190476191],""max_sample_attempts"":10000,""max_threshold_score"":0.25,""min_time_after_friction_step"":0.1,""pass_reward"":12.0,""perception_reveal_distance"":null,""perception_reveal_step"":50,""require_aeb_infeasible"":true,""safety_margin"":0.3,""stable_aes_beta_limit"":0.2,""stable_aes_drift_bonus_scale"":0.18,""stable_aes_sideslip_penalty"":2.8},""obstacle_relative_velocity_mode"":""zero"",""obstacle_slots"":4,""privileged_observation_mode"":""basic"",""randomization"":{""actuator_tau_scale_range"":[0.65,2.2],""brake_scale_range"":[0.55,1.35],""cg_shift_range"":[-0.14,0.14],""drive_scale_range"":[0.6,1.3],""inertia_scale_range"":[0.8,1.3],""mass_scale_range"":[0.8,1.28],""mu_range"":[0.28,1.05],""tire_stiffness_scale_range"":[0.58,1.42]},""road_lookahead_count"":8,""road_lookahead_spacing"":5.0,""speed_range"":[10.0,15.0],""termination_penalty"":8.0,""track_kind"":""circle"",""track_radius"":18.0,""track_width"":5.5,""warmup_gate"":{""distance_range"":[12.0,30.0],""enabled"":true,""finish_pass_distance"":2.0,""half_width_range"":[0.35,0.85],""lateral_offset_range"":[-1.2,1.2],""max_active_steps"":25,""reveal_step"":100},""wheel_observation_mode"":""none""}","{""action_history_mode"":""full"",""beta_target_range"":[0.04,0.32],""dt"":0.02,""friction_limited_speed"":true,""friction_speed_margin"":0.92,""friction_step"":{""enabled"":true,""mu_range"":[0.3,1.15],""resample_speed_ref"":false,""step_range"":[8,40]},""history_length"":1,""include_privileged_params"":false,""max_steps"":800,""obstacle"":{""allowed_labels"":[""aes_feasible"",""drift_required"",""unavoidable""],""brake_mu_fraction"":0.9,""clearance_margin_reward_clip"":0.25,""clearance_margin_reward_scale"":0.0,""collision_penalty"":25.0,""conventional_lateral_mu_fraction"":0.42,""dense_clearance_margin_reward_clip"":0.25,""dense_clearance_margin_reward_scale"":0.0,""dense_clearance_margin_reward_window"":8.0,""distance_range"":[1.0,8.680555555555557],""drift_lateral_mu_fraction"":0.85,""ego_half_width"":0.9,""enabled"":true,""finish_on_pass"":true,""finish_pass_distance"":2.0,""half_width_range"":[0.2,0.9940476190476191],""max_sample_attempts"":10000,""max_threshold_score"":0.25,""min_time_after_friction_step"":0.1,""pass_reward"":12.0,""perception_reveal_distance"":null,""perception_reveal_step"":50,""require_aeb_infeasible"":true,""safety_margin"":0.3,""stable_aes_beta_limit"":0.2,""stable_aes_drift_bonus_scale"":0.18,""stable_aes_sideslip_penalty"":2.8},""obstacle_relative_velocity_mode"":""zero"",""obstacle_slots"":4,""privileged_observation_mode"":""basic"",""randomization"":{""actuator_tau_scale_range"":[0.65,2.2],""brake_scale_range"":[0.55,1.35],""cg_shift_range"":[-0.14,0.14],""drive_scale_range"":[0.6,1.3],""inertia_scale_range"":[0.8,1.3],""mass_scale_range"":[0.8,1.28],""mu_range"":[0.28,1.05],""tire_stiffness_scale_range"":[0.58,1.42]},""road_lookahead_count"":8,""road_lookahead_spacing"":5.0,""speed_range"":[10.0,15.0],""termination_penalty"":8.0,""track_kind"":""circle"",""track_radius"":18.0,""track_width"":5.5,""warmup_gate"":{""distance_range"":[12.0,30.0],""enabled"":true,""finish_pass_distance"":2.0,""half_width_range"":[0.35,0.85],""lateral_offset_range"":[-1.2,1.2],""max_active_steps"":25,""reveal_step"":100},""wheel_observation_mode"":""none""}"
m2063-osd-osd_v0_0181_t4,False,"{""action_history_mode"":""full"",""beta_target_range"":[0.04,0.32],""dt"":0.02,""friction_limited_speed"":true,""friction_speed_margin"":0.92,""friction_step"":{""enabled"":true,""mu_range"":[0.3,1.15],""resample_speed_ref"":false,""step_range"":[8,40]},""history_length"":1,""include_privileged_params"":false,""max_steps"":800,""obstacle"":{""allowed_labels"":[""aes_feasible"",""drift_required"",""unavoidable""],""brake_mu_fraction"":0.9,""clearance_margin_reward_clip"":0.25,""clearance_margin_reward_scale"":0.0,""collision_penalty"":25.0,""conventional_lateral_mu_fraction"":0.42,""dense_clearance_margin_reward_clip"":0.25,""dense_clearance_margin_reward_scale"":0.0,""dense_clearance_margin_reward_window"":8.0,""distance_range"":[10.395833333333336,22.395833333333336],""drift_lateral_mu_fraction"":0.85,""ego_half_width"":0.9,""enabled"":true,""finish_on_pass"":true,""finish_pass_distance"":2.0,""half_width_range"":[0.2761904761904763,1.0761904761904764],""max_sample_attempts"":10000,""max_threshold_score"":0.25,""min_time_after_friction_step"":0.1,""pass_reward"":12.0,""perception_reveal_distance"":null,""perception_reveal_step"":75,""require_aeb_infeasible"":true,""safety_margin"":0.3,""stable_aes_beta_limit"":0.2,""stable_aes_drift_bonus_scale"":0.18,""stable_aes_sideslip_penalty"":2.8},""obstacle_relative_velocity_mode"":""zero"",""obstacle_slots"":4,""privileged_observation_mode"":""basic"",""randomization"":{""actuator_tau_scale_range"":[1.8,2.8],""brake_scale_range"":[0.55,1.35],""cg_shift_range"":[-0.14,0.14],""drive_scale_range"":[0.6,1.3],""inertia_scale_range"":[0.8,1.3],""mass_scale_range"":[0.8,1.28],""mu_range"":[0.45,0.85],""tire_stiffness_scale_range"":[0.58,1.42]},""road_lookahead_count"":8,""road_lookahead_spacing"":5.0,""speed_range"":[14.0,20.0],""termination_penalty"":8.0,""track_kind"":""circle"",""track_radius"":60.0,""track_width"":4.4,""warmup_gate"":{""distance_range"":[12.0,30.0],""enabled"":true,""finish_pass_distance"":2.0,""half_width_range"":[0.35,0.85],""lateral_offset_range"":[-1.2,1.2],""max_active_steps"":50,""reveal_step"":150},""wheel_observation_mode"":""none""}","{""action_history_mode"":""full"",""beta_target_range"":[0.04,0.32],""dt"":0.02,""friction_limited_speed"":true,""friction_speed_margin"":0.92,""friction_step"":{""enabled"":true,""mu_range"":[0.3,1.15],""resample_speed_ref"":false,""step_range"":[8,40]},""history_length"":1,""include_privileged_params"":false,""max_steps"":800,""obstacle"":{""allowed_labels"":[""aes_feasible"",""drift_required"",""unavoidable""],""brake_mu_fraction"":0.9,""clearance_margin_reward_clip"":0.25,""clearance_margin_reward_scale"":0.0,""collision_penalty"":25.0,""conventional_lateral_mu_fraction"":0.42,""dense_clearance_margin_reward_clip"":0.25,""dense_clearance_margin_reward_scale"":0.0,""dense_clearance_margin_reward_window"":8.0,""distance_range"":[10.395833333333336,22.395833333333336],""drift_lateral_mu_fraction"":0.85,""ego_half_width"":0.9,""enabled"":true,""finish_on_pass"":true,""finish_pass_distance"":2.0,""half_width_range"":[0.2761904761904763,1.0761904761904764],""max_sample_attempts"":10000,""max_threshold_score"":0.25,""min_time_after_friction_step"":0.1,""pass_reward"":12.0,""perception_reveal_distance"":null,""perception_reveal_step"":75,""require_aeb_infeasible"":true,""safety_margin"":0.3,""stable_aes_beta_limit"":0.2,""stable_aes_drift_bonus_scale"":0.18,""stable_aes_sideslip_penalty"":2.8},""obstacle_relative_velocity_mode"":""zero"",""obstacle_slots"":4,""privileged_observation_mode"":""basic"",""randomization"":{""actuator_tau_scale_range"":[1.8,2.8],""brake_scale_range"":[0.55,1.35],""cg_shift_range"":[-0.14,0.14],""drive_scale_range"":[0.6,1.3],""inertia_scale_range"":[0.8,1.3],""mass_scale_range"":[0.8,1.28],""mu_range"":[0.45,0.85],""tire_stiffness_scale_range"":[0.58,1.42]},""road_lookahead_count"":8,""road_lookahead_spacing"":5.0,""speed_range"":[14.0,20.0],""termination_penalty"":8.0,""track_kind"":""circle"",""track_radius"":60.0,""track_width"":4.4,""warmup_gate"":{""distance_range"":[12.0,30.0],""enabled"":true,""finish_pass_distance"":2.0,""half_width_range"":[0.35,0.85],""lateral_offset_range"":[-1.2,1.2],""max_active_steps"":50,""reveal_step"":150},""wheel_observation_mode"":""none""}"
m2063-osd-osd_v0_0182_t4,False,"{""action_history_mode"":""full"",""beta_target_range"":[0.04,0.32],""dt"":0.02,""friction_limited_speed"":true,""friction_speed_margin"":0.92,""friction_step"":{""enabled"":true,""mu_range"":[0.3,1.15],""resample_speed_ref"":false,""step_range"":[8,40]},""history_length"":1,""include_privileged_params"":false,""max_steps"":800,""obstacle"":{""allowed_labels"":[""aes_feasible"",""drift_required"",""unavoidable""],""brake_mu_fraction"":0.9,""clearance_margin_reward_clip"":0.25,""clearance_margin_reward_scale"":0.0,""collision_penalty"":25.0,""conventional_lateral_mu_fraction"":0.42,""dense_clearance_margin_reward_clip"":0.25,""dense_clearance_margin_reward_scale"":0.0,""dense_clearance_margin_reward_window"":8.0,""distance_range"":[1.0,5.9375],""drift_lateral_mu_fraction"":0.85,""ego_half_width"":0.9,""enabled"":true,""finish_on_pass"":true,""finish_pass_distance"":2.0,""half_width_range"":[0.2,0.9940476190476191],""max_sample_attempts"":10000,""max_threshold_score"":0.5,""min_time_after_friction_step"":0.1,""pass_reward"":12.0,""perception_reveal_distance"":null,""perception_reveal_step"":100,""require_aeb_infeasible"":true,""safety_margin"":0.3,""stable_aes_beta_limit"":0.2,""stable_aes_drift_bonus_scale"":0.18,""stable_aes_sideslip_penalty"":2.8},""obstacle_relative_velocity_mode"":""zero"",""obstacle_slots"":4,""privileged_observation_mode"":""basic"",""randomization"":{""actuator_tau_scale_range"":[0.65,1.35],""brake_scale_range"":[0.55,1.35],""cg_shift_range"":[-0.14,0.14],""drive_scale_range"":[0.6,1.3],""inertia_scale_range"":[0.8,1.3],""mass_scale_range"":[0.8,1.28],""mu_range"":[0.75,1.05],""tire_stiffness_scale_range"":[0.58,1.42]},""road_lookahead_count"":8,""road_lookahead_spacing"":5.0,""speed_range"":[7.0,11.0],""termination_penalty"":8.0,""track_kind"":""circle"",""track_radius"":32.0,""track_width"":7.0,""warmup_gate"":{""distance_range"":[12.0,30.0],""enabled"":true,""finish_pass_distance"":2.0,""half_width_range"":[0.35,0.85],""lateral_offset_range"":[-1.2,1.2],""max_active_steps"":75,""reveal_step"":200},""wheel_observation_mode"":""none""}","{""action_history_mode"":""full"",""beta_target_range"":[0.04,0.32],""dt"":0.02,""friction_limited_speed"":true,""friction_speed_margin"":0.92,""friction_step"":{""enabled"":true,""mu_range"":[0.3,1.15],""resample_speed_ref"":false,""step_range"":[8,40]},""history_length"":1,""include_privileged_params"":false,""max_steps"":800,""obstacle"":{""allowed_labels"":[""aes_feasible"",""drift_required"",""unavoidable""],""brake_mu_fraction"":0.9,""clearance_margin_reward_clip"":0.25,""clearance_margin_reward_scale"":0.0,""collision_penalty"":25.0,""conventional_lateral_mu_fraction"":0.42,""dense_clearance_margin_reward_clip"":0.25,""dense_clearance_margin_reward_scale"":0.0,""dense_clearance_margin_reward_window"":8.0,""distance_range"":[1.0,5.9375],""drift_lateral_mu_fraction"":0.85,""ego_half_width"":0.9,""enabled"":true,""finish_on_pass"":true,""finish_pass_distance"":2.0,""half_width_range"":[0.2,0.9940476190476191],""max_sample_attempts"":10000,""max_threshold_score"":0.5,""min_time_after_friction_step"":0.1,""pass_reward"":12.0,""perception_reveal_distance"":null,""perception_reveal_step"":100,""require_aeb_infeasible"":true,""safety_margin"":0.3,""stable_aes_beta_limit"":0.2,""stable_aes_drift_bonus_scale"":0.18,""stable_aes_sideslip_penalty"":2.8},""obstacle_relative_velocity_mode"":""zero"",""obstacle_slots"":4,""privileged_observation_mode"":""basic"",""randomization"":{""actuator_tau_scale_range"":[0.65,1.35],""brake_scale_range"":[0.55,1.35],""cg_shift_range"":[-0.14,0.14],""drive_scale_range"":[0.6,1.3],""inertia_scale_range"":[0.8,1.3],""mass_scale_range"":[0.8,1.28],""mu_range"":[0.75,1.05],""tire_stiffness_scale_range"":[0.58,1.42]},""road_lookahead_count"":8,""road_lookahead_spacing"":5.0,""speed_range"":[7.0,11.0],""termination_penalty"":8.0,""track_kind"":""circle"",""track_radius"":32.0,""track_width"":7.0,""warmup_gate"":{""distance_range"":[12.0,30.0],""enabled"":true,""finish_pass_distance"":2.0,""half_width_range"":[0.35,0.85],""lateral_offset_range"":[-1.2,1.2],""max_active_steps"":75,""reveal_step"":200},""wheel_observation_mode"":""none""}"
m2063-osd-osd_v0_0183_t4,False,"{""action_history_mode"":""full"",""beta_target_range"":[0.04,0.32],""dt"":0.02,""friction_limited_speed"":true,""friction_speed_margin"":0.92,""friction_step"":{""enabled"":true,""mu_range"":[0.3,1.15],""resample_speed_ref"":false,""step_range"":[8,40]},""history_length"":1,""include_privileged_params"":false,""max_steps"":800,""obstacle"":{""allowed_labels"":[""aes_feasible"",""drift_required"",""unavoidable""],""brake_mu_fraction"":0.9,""clearance_margin_reward_clip"":0.25,""clearance_margin_reward_scale"":0.0,""collision_penalty"":25.0,""conventional_lateral_mu_fraction"":0.42,""dense_clearance_margin_reward_clip"":0.25,""dense_clearance_margin_reward_scale"":0.0,""dense_clearance_margin_reward_window"":8.0,""distance_range"":[1.0,8.680555555555557],""drift_lateral_mu_fraction"":0.85,""ego_half_width"":0.9,""enabled"":true,""finish_on_pass"":true,""finish_pass_distance"":2.0,""half_width_range"":[0.2,0.9940476190476191],""max_sample_attempts"":10000,""max_threshold_score"":0.25,""min_time_after_friction_step"":0.1,""pass_reward"":12.0,""perception_reveal_distance"":null,""perception_reveal_step"":10,""require_aeb_infeasible"":true,""safety_margin"":0.3,""stable_aes_beta_limit"":0.2,""stable_aes_drift_bonus_scale"":0.18,""stable_aes_sideslip_penalty"":2.8},""obstacle_relative_velocity_mode"":""zero"",""obstacle_slots"":4,""privileged_observation_mode"":""basic"",""randomization"":{""actuator_tau_scale_range"":[0.75,1.65],""brake_scale_range"":[0.55,1.35],""cg_shift_range"":[-0.14,0.14],""drive_scale_range"":[0.6,1.3],""inertia_scale_range"":[0.8,1.3],""mass_scale_range"":[0.8,1.28],""mu_range"":[0.35,0.55],""tire_stiffness_scale_range"":[0.58,1.42]},""road_lookahead_count"":8,""road_lookahead_spacing"":5.0,""speed_range"":[10.0,15.0],""termination_penalty"":8.0,""track_kind"":""circle"",""track_radius"":18.0,""track_width"":5.5,""warmup_gate"":{""distance_range"":[12.0,30.0],""enabled"":true,""finish_pass_distance"":2.0,""half_width_range"":[0.35,0.85],""lateral_offset_range"":[-1.2,1.2],""max_active_steps"":25,""reveal_step"":20},""wheel_observation_mode"":""none""}","{""action_history_mode"":""full"",""beta_target_range"":[0.04,0.32],""dt"":0.02,""friction_limited_speed"":true,""friction_speed_margin"":0.92,""friction_step"":{""enabled"":true,""mu_range"":[0.3,1.15],""resample_speed_ref"":false,""step_range"":[8,40]},""history_length"":1,""include_privileged_params"":false,""max_steps"":800,""obstacle"":{""allowed_labels"":[""aes_feasible"",""drift_required"",""unavoidable""],""brake_mu_fraction"":0.9,""clearance_margin_reward_clip"":0.25,""clearance_margin_reward_scale"":0.0,""collision_penalty"":25.0,""conventional_lateral_mu_fraction"":0.42,""dense_clearance_margin_reward_clip"":0.25,""dense_clearance_margin_reward_scale"":0.0,""dense_clearance_margin_reward_window"":8.0,""distance_range"":[1.0,8.680555555555557],""drift_lateral_mu_fraction"":0.85,""ego_half_width"":0.9,""enabled"":true,""finish_on_pass"":true,""finish_pass_distance"":2.0,""half_width_range"":[0.2,0.9940476190476191],""max_sample_attempts"":10000,""max_threshold_score"":0.25,""min_time_after_friction_step"":0.1,""pass_reward"":12.0,""perception_reveal_distance"":null,""perception_reveal_step"":10,""require_aeb_infeasible"":true,""safety_margin"":0.3,""stable_aes_beta_limit"":0.2,""stable_aes_drift_bonus_scale"":0.18,""stable_aes_sideslip_penalty"":2.8},""obstacle_relative_velocity_mode"":""zero"",""obstacle_slots"":4,""privileged_observation_mode"":""basic"",""randomization"":{""actuator_tau_scale_range"":[0.75,1.65],""brake_scale_range"":[0.55,1.35],""cg_shift_range"":[-0.14,0.14],""drive_scale_range"":[0.6,1.3],""inertia_scale_range"":[0.8,1.3],""mass_scale_range"":[0.8,1.28],""mu_range"":[0.35,0.55],""tire_stiffness_scale_range"":[0.58,1.42]},""road_lookahead_count"":8,""road_lookahead_spacing"":5.0,""speed_range"":[10.0,15.0],""termination_penalty"":8.0,""track_kind"":""circle"",""track_radius"":18.0,""track_width"":5.5,""warmup_gate"":{""distance_range"":[12.0,30.0],""enabled"":true,""finish_pass_distance"":2.0,""half_width_range"":[0.35,0.85],""lateral_offset_range"":[-1.2,1.2],""max_active_steps"":25,""reveal_step"":20},""wheel_observation_mode"":""none""}"
m2063-osd-osd_v0_0184_t4,False,"{""action_history_mode"":""full"",""beta_target_range"":[0.04,0.32],""dt"":0.02,""friction_limited_speed"":true,""friction_speed_margin"":0.92,""friction_step"":{""enabled"":true,""mu_range"":[0.3,1.15],""resample_speed_ref"":false,""step_range"":[8,40]},""history_length"":1,""include_privileged_params"":false,""max_steps"":800,""obstacle"":{""allowed_labels"":[""aes_feasible"",""drift_required"",""unavoidable""],""brake_mu_fraction"":0.9,""clearance_margin_reward_clip"":0.25,""clearance_margin_reward_scale"":0.0,""collision_penalty"":25.0,""conventional_lateral_mu_fraction"":0.42,""dense_clearance_margin_reward_clip"":0.25,""dense_clearance_margin_reward_scale"":0.0,""dense_clearance_margin_reward_window"":8.0,""distance_range"":[10.944444444444446,22.944444444444446],""drift_lateral_mu_fraction"":0.85,""ego_half_width"":0.9,""enabled"":true,""finish_on_pass"":true,""finish_pass_distance"":2.0,""half_width_range"":[0.4464285714285715,1.2464285714285714],""max_sample_attempts"":10000,""max_threshold_score"":0.25,""min_time_after_friction_step"":0.1,""pass_reward"":12.0,""perception_reveal_distance"":null,""perception_reveal_step"":25,""require_aeb_infeasible"":true,""safety_margin"":0.3,""stable_aes_beta_limit"":0.2,""stable_aes_drift_bonus_scale"":0.18,""stable_aes_sideslip_penalty"":2.8},""obstacle_relative_velocity_mode"":""zero"",""obstacle_slots"":4,""privileged_observation_mode"":""basic"",""randomization"":{""actuator_tau_scale_range"":[0.65,2.2],""brake_scale_range"":[0.55,1.35],""cg_shift_range"":[-0.14,0.14],""drive_scale_range"":[0.6,1.3],""inertia_scale_range"":[0.8,1.3],""mass_scale_range"":[0.8,1.28],""mu_range"":[0.28,1.05],""tire_stiffness_scale_range"":[0.58,1.42]},""road_lookahead_count"":8,""road_lookahead_spacing"":5.0,""speed_range"":[14.0,20.0],""termination_penalty"":8.0,""track_kind"":""circle"",""track_radius"":60.0,""track_width"":4.4,""warmup_gate"":{""distance_range"":[12.0,30.0],""enabled"":true,""finish_pass_distance"":2.0,""half_width_range"":[0.35,0.85],""lateral_offset_range"":[-1.2,1.2],""max_active_steps"":50,""reveal_step"":50},""wheel_observation_mode"":""none""}","{""action_history_mode"":""full"",""beta_target_range"":[0.04,0.32],""dt"":0.02,""friction_limited_speed"":true,""friction_speed_margin"":0.92,""friction_step"":{""enabled"":true,""mu_range"":[0.3,1.15],""resample_speed_ref"":false,""step_range"":[8,40]},""history_length"":1,""include_privileged_params"":false,""max_steps"":800,""obstacle"":{""allowed_labels"":[""aes_feasible"",""drift_required"",""unavoidable""],""brake_mu_fraction"":0.9,""clearance_margin_reward_clip"":0.25,""clearance_margin_reward_scale"":0.0,""collision_penalty"":25.0,""conventional_lateral_mu_fraction"":0.42,""dense_clearance_margin_reward_clip"":0.25,""dense_clearance_margin_reward_scale"":0.0,""dense_clearance_margin_reward_window"":8.0,""distance_range"":[10.944444444444446,22.944444444444446],""drift_lateral_mu_fraction"":0.85,""ego_half_width"":0.9,""enabled"":true,""finish_on_pass"":true,""finish_pass_distance"":2.0,""half_width_range"":[0.4464285714285715,1.2464285714285714],""max_sample_attempts"":10000,""max_threshold_score"":0.25,""min_time_after_friction_step"":0.1,""pass_reward"":12.0,""perception_reveal_distance"":null,""perception_reveal_step"":25,""require_aeb_infeasible"":true,""safety_margin"":0.3,""stable_aes_beta_limit"":0.2,""stable_aes_drift_bonus_scale"":0.18,""stable_aes_sideslip_penalty"":2.8},""obstacle_relative_velocity_mode"":""zero"",""obstacle_slots"":4,""privileged_observation_mode"":""basic"",""randomization"":{""actuator_tau_scale_range"":[0.65,2.2],""brake_scale_range"":[0.55,1.35],""cg_shift_range"":[-0.14,0.14],""drive_scale_range"":[0.6,1.3],""inertia_scale_range"":[0.8,1.3],""mass_scale_range"":[0.8,1.28],""mu_range"":[0.28,1.05],""tire_stiffness_scale_range"":[0.58,1.42]},""road_lookahead_count"":8,""road_lookahead_spacing"":5.0,""speed_range"":[14.0,20.0],""termination_penalty"":8.0,""track_kind"":""circle"",""track_radius"":60.0,""track_width"":4.4,""warmup_gate"":{""distance_range"":[12.0,30.0],""enabled"":true,""finish_pass_distance"":2.0,""half_width_range"":[0.35,0.85],""lateral_offset_range"":[-1.2,1.2],""max_active_steps"":50,""reveal_step"":50},""wheel_observation_mode"":""none""}"
m2063-osd-osd_v0_0185_t4,False,"{""action_history_mode"":""full"",""beta_target_range"":[0.04,0.32],""dt"":0.02,""friction_limited_speed"":true,""friction_speed_margin"":0.92,""friction_step"":{""enabled"":true,""mu_range"":[0.3,1.15],""resample_speed_ref"":false,""step_range"":[8,40]},""history_length"":1,""include_privileged_params"":false,""max_steps"":800,""obstacle"":{""allowed_labels"":[""aes_feasible"",""drift_required"",""unavoidable""],""brake_mu_fraction"":0.9,""clearance_margin_reward_clip"":0.25,""clearance_margin_reward_scale"":0.0,""collision_penalty"":25.0,""conventional_lateral_mu_fraction"":0.42,""dense_clearance_margin_reward_clip"":0.25,""dense_clearance_margin_reward_scale"":0.0,""dense_clearance_margin_reward_window"":8.0,""distance_range"":[1.0694444444444464,13.069444444444446],""drift_lateral_mu_fraction"":0.85,""ego_half_width"":0.9,""enabled"":true,""finish_on_pass"":true,""finish_pass_distance"":2.0,""half_width_range"":[0.2,0.9940476190476191],""max_sample_attempts"":10000,""max_threshold_score"":0.25,""min_time_after_friction_step"":0.1,""pass_reward"":12.0,""perception_reveal_distance"":null,""perception_reveal_step"":50,""require_aeb_infeasible"":true,""safety_margin"":0.3,""stable_aes_beta_limit"":0.2,""stable_aes_drift_bonus_scale"":0.18,""stable_aes_sideslip_penalty"":2.8},""obstacle_relative_velocity_mode"":""zero"",""obstacle_slots"":4,""privileged_observation_mode"":""basic"",""randomization"":{""actuator_tau_scale_range"":[1.8,2.8],""brake_scale_range"":[0.55,1.35],""cg_shift_range"":[-0.14,0.14],""drive_scale_range"":[0.6,1.3],""inertia_scale_range"":[0.8,1.3],""mass_scale_range"":[0.8,1.28],""mu_range"":[0.45,0.85],""tire_stiffness_scale_range"":[0.58,1.42]},""road_lookahead_count"":8,""road_lookahead_spacing"":5.0,""speed_range"":[7.0,11.0],""termination_penalty"":8.0,""track_kind"":""circle"",""track_radius"":32.0,""track_width"":7.0,""warmup_gate"":{""distance_range"":[12.0,30.0],""enabled"":true,""finish_pass_distance"":2.0,""half_width_range"":[0.35,0.85],""lateral_offset_range"":[-1.2,1.2],""max_active_steps"":75,""reveal_step"":100},""wheel_observation_mode"":""none""}","{""action_history_mode"":""full"",""beta_target_range"":[0.04,0.32],""dt"":0.02,""friction_limited_speed"":true,""friction_speed_margin"":0.92,""friction_step"":{""enabled"":true,""mu_range"":[0.3,1.15],""resample_speed_ref"":false,""step_range"":[8,40]},""history_length"":1,""include_privileged_params"":false,""max_steps"":800,""obstacle"":{""allowed_labels"":[""aes_feasible"",""drift_required"",""unavoidable""],""brake_mu_fraction"":0.9,""clearance_margin_reward_clip"":0.25,""clearance_margin_reward_scale"":0.0,""collision_penalty"":25.0,""conventional_lateral_mu_fraction"":0.42,""dense_clearance_margin_reward_clip"":0.25,""dense_clearance_margin_reward_scale"":0.0,""dense_clearance_margin_reward_window"":8.0,""distance_range"":[1.0694444444444464,13.069444444444446],""drift_lateral_mu_fraction"":0.85,""ego_half_width"":0.9,""enabled"":true,""finish_on_pass"":true,""finish_pass_distance"":2.0,""half_width_range"":[0.2,0.9940476190476191],""max_sample_attempts"":10000,""max_threshold_score"":0.25,""min_time_after_friction_step"":0.1,""pass_reward"":12.0,""perception_reveal_distance"":null,""perception_reveal_step"":50,""require_aeb_infeasible"":true,""safety_margin"":0.3,""stable_aes_beta_limit"":0.2,""stable_aes_drift_bonus_scale"":0.18,""stable_aes_sideslip_penalty"":2.8},""obstacle_relative_velocity_mode"":""zero"",""obstacle_slots"":4,""privileged_observation_mode"":""basic"",""randomization"":{""actuator_tau_scale_range"":[1.8,2.8],""brake_scale_range"":[0.55,1.35],""cg_shift_range"":[-0.14,0.14],""drive_scale_range"":[0.6,1.3],""inertia_scale_range"":[0.8,1.3],""mass_scale_range"":[0.8,1.28],""mu_range"":[0.45,0.85],""tire_stiffness_scale_range"":[0.58,1.42]},""road_lookahead_count"":8,""road_lookahead_spacing"":5.0,""speed_range"":[7.0,11.0],""termination_penalty"":8.0,""track_kind"":""circle"",""track_radius"":32.0,""track_width"":7.0,""warmup_gate"":{""distance_range"":[12.0,30.0],""enabled"":true,""finish_pass_distance"":2.0,""half_width_range"":[0.35,0.85],""lateral_offset_range"":[-1.2,1.2],""max_active_steps"":75,""reveal_step"":100},""wheel_observation_mode"":""none""}"
m2063-osd-osd_v0_0186_t4,False,"{""action_history_mode"":""full"",""beta_target_range"":[0.04,0.32],""dt"":0.02,""friction_limited_speed"":true,""friction_speed_margin"":0.92,""friction_step"":{""enabled"":true,""mu_range"":[0.3,1.15],""resample_speed_ref"":false,""step_range"":[8,40]},""history_length"":1,""include_privileged_params"":false,""max_steps"":800,""obstacle"":{""allowed_labels"":[""aes_feasible"",""drift_required"",""unavoidable""],""brake_mu_fraction"":0.9,""clearance_margin_reward_clip"":0.25,""clearance_margin_reward_scale"":0.0,""collision_penalty"":25.0,""conventional_lateral_mu_fraction"":0.42,""dense_clearance_margin_reward_clip"":0.25,""dense_clearance_margin_reward_scale"":0.0,""dense_clearance_margin_reward_window"":8.0,""distance_range"":[1.0,8.680555555555557],""drift_lateral_mu_fraction"":0.85,""ego_half_width"":0.9,""enabled"":true,""finish_on_pass"":true,""finish_pass_distance"":2.0,""half_width_range"":[0.2,0.9940476190476191],""max_sample_attempts"":10000,""max_threshold_score"":0.25,""min_time_after_friction_step"":0.1,""pass_reward"":12.0,""perception_reveal_distance"":null,""perception_reveal_step"":75,""require_aeb_infeasible"":true,""safety_margin"":0.3,""stable_aes_beta_limit"":0.2,""stable_aes_drift_bonus_scale"":0.18,""stable_aes_sideslip_penalty"":2.8},""obstacle_relative_velocity_mode"":""zero"",""obstacle_slots"":4,""privileged_observation_mode"":""basic"",""randomization"":{""actuator_tau_scale_range"":[0.65,1.35],""brake_scale_range"":[0.55,1.35],""cg_shift_range"":[-0.14,0.14],""drive_scale_range"":[0.6,1.3],""inertia_scale_range"":[0.8,1.3],""mass_scale_range"":[0.8,1.28],""mu_range"":[0.75,1.05],""tire_stiffness_scale_range"":[0.58,1.42]},""road_lookahead_count"":8,""road_lookahead_spacing"":5.0,""speed_range"":[10.0,15.0],""termination_penalty"":8.0,""track_kind"":""circle"",""track_radius"":18.0,""track_width"":5.5,""warmup_gate"":{""distance_range"":[12.0,30.0],""enabled"":true,""finish_pass_distance"":2.0,""half_width_range"":[0.35,0.85],""lateral_offset_range"":[-1.2,1.2],""max_active_steps"":25,""reveal_step"":150},""wheel_observation_mode"":""none""}","{""action_history_mode"":""full"",""beta_target_range"":[0.04,0.32],""dt"":0.02,""friction_limited_speed"":true,""friction_speed_margin"":0.92,""friction_step"":{""enabled"":true,""mu_range"":[0.3,1.15],""resample_speed_ref"":false,""step_range"":[8,40]},""history_length"":1,""include_privileged_params"":false,""max_steps"":800,""obstacle"":{""allowed_labels"":[""aes_feasible"",""drift_required"",""unavoidable""],""brake_mu_fraction"":0.9,""clearance_margin_reward_clip"":0.25,""clearance_margin_reward_scale"":0.0,""collision_penalty"":25.0,""conventional_lateral_mu_fraction"":0.42,""dense_clearance_margin_reward_clip"":0.25,""dense_clearance_margin_reward_scale"":0.0,""dense_clearance_margin_reward_window"":8.0,""distance_range"":[1.0,8.680555555555557],""drift_lateral_mu_fraction"":0.85,""ego_half_width"":0.9,""enabled"":true,""finish_on_pass"":true,""finish_pass_distance"":2.0,""half_width_range"":[0.2,0.9940476190476191],""max_sample_attempts"":10000,""max_threshold_score"":0.25,""min_time_after_friction_step"":0.1,""pass_reward"":12.0,""perception_reveal_distance"":null,""perception_reveal_step"":75,""require_aeb_infeasible"":true,""safety_margin"":0.3,""stable_aes_beta_limit"":0.2,""stable_aes_drift_bonus_scale"":0.18,""stable_aes_sideslip_penalty"":2.8},""obstacle_relative_velocity_mode"":""zero"",""obstacle_slots"":4,""privileged_observation_mode"":""basic"",""randomization"":{""actuator_tau_scale_range"":[0.65,1.35],""brake_scale_range"":[0.55,1.35],""cg_shift_range"":[-0.14,0.14],""drive_scale_range"":[0.6,1.3],""inertia_scale_range"":[0.8,1.3],""mass_scale_range"":[0.8,1.28],""mu_range"":[0.75,1.05],""tire_stiffness_scale_range"":[0.58,1.42]},""road_lookahead_count"":8,""road_lookahead_spacing"":5.0,""speed_range"":[10.0,15.0],""termination_penalty"":8.0,""track_kind"":""circle"",""track_radius"":18.0,""track_width"":5.5,""warmup_gate"":{""distance_range"":[12.0,30.0],""enabled"":true,""finish_pass_distance"":2.0,""half_width_range"":[0.35,0.85],""lateral_offset_range"":[-1.2,1.2],""max_active_steps"":25,""reveal_step"":150},""wheel_observation_mode"":""none""}"
m2063-osd-osd_v0_0187_t4,False,"{""action_history_mode"":""full"",""beta_target_range"":[0.04,0.32],""dt"":0.02,""friction_limited_speed"":true,""friction_speed_margin"":0.92,""friction_step"":{""enabled"":true,""mu_range"":[0.3,1.15],""resample_speed_ref"":false,""step_range"":[8,40]},""history_length"":1,""include_privileged_params"":false,""max_steps"":800,""obstacle"":{""allowed_labels"":[""aes_feasible"",""drift_required"",""unavoidable""],""brake_mu_fraction"":0.9,""clearance_margin_reward_clip"":0.25,""clearance_margin_reward_scale"":0.0,""collision_penalty"":25.0,""conventional_lateral_mu_fraction"":0.42,""dense_clearance_margin_reward_clip"":0.25,""dense_clearance_margin_reward_scale"":0.0,""dense_clearance_margin_reward_window"":8.0,""distance_range"":[10.944444444444446,22.944444444444446],""drift_lateral_mu_fraction"":0.85,""ego_half_width"":0.9,""enabled"":true,""finish_on_pass"":true,""finish_pass_distance"":2.0,""half_width_range"":[0.22142857142857153,1.0214285714285716],""max_sample_attempts"":10000,""max_threshold_score"":0.25,""min_time_after_friction_step"":0.1,""pass_reward"":12.0,""perception_reveal_distance"":null,""perception_reveal_step"":100,""require_aeb_infeasible"":true,""safety_margin"":0.3,""stable_aes_beta_limit"":0.2,""stable_aes_drift_bonus_scale"":0.18,""stable_aes_sideslip_penalty"":2.8},""obstacle_relative_velocity_mode"":""zero"",""obstacle_slots"":4,""privileged_observation_mode"":""basic"",""randomization"":{""actuator_tau_scale_range"":[0.75,1.65],""brake_scale_range"":[0.55,1.35],""cg_shift_range"":[-0.14,0.14],""drive_scale_range"":[0.6,1.3],""inertia_scale_range"":[0.8,1.3],""mass_scale_range"":[0.8,1.28],""mu_range"":[0.35,0.55],""tire_stiffness_scale_range"":[0.58,1.42]},""road_lookahead_count"":8,""road_lookahead_spacing"":5.0,""speed_range"":[14.0,20.0],""termination_penalty"":8.0,""track_kind"":""circle"",""track_radius"":60.0,""track_width"":4.4,""warmup_gate"":{""distance_range"":[12.0,30.0],""enabled"":true,""finish_pass_distance"":2.0,""half_width_range"":[0.35,0.85],""lateral_offset_range"":[-1.2,1.2],""max_active_steps"":50,""reveal_step"":200},""wheel_observation_mode"":""none""}","{""action_history_mode"":""full"",""beta_target_range"":[0.04,0.32],""dt"":0.02,""friction_limited_speed"":true,""friction_speed_margin"":0.92,""friction_step"":{""enabled"":true,""mu_range"":[0.3,1.15],""resample_speed_ref"":false,""step_range"":[8,40]},""history_length"":1,""include_privileged_params"":false,""max_steps"":800,""obstacle"":{""allowed_labels"":[""aes_feasible"",""drift_required"",""unavoidable""],""brake_mu_fraction"":0.9,""clearance_margin_reward_clip"":0.25,""clearance_margin_reward_scale"":0.0,""collision_penalty"":25.0,""conventional_lateral_mu_fraction"":0.42,""dense_clearance_margin_reward_clip"":0.25,""dense_clearance_margin_reward_scale"":0.0,""dense_clearance_margin_reward_window"":8.0,""distance_range"":[10.944444444444446,22.944444444444446],""drift_lateral_mu_fraction"":0.85,""ego_half_width"":0.9,""enabled"":true,""finish_on_pass"":true,""finish_pass_distance"":2.0,""half_width_range"":[0.22142857142857153,1.0214285714285716],""max_sample_attempts"":10000,""max_threshold_score"":0.25,""min_time_after_friction_step"":0.1,""pass_reward"":12.0,""perception_reveal_distance"":null,""perception_reveal_step"":100,""require_aeb_infeasible"":true,""safety_margin"":0.3,""stable_aes_beta_limit"":0.2,""stable_aes_drift_bonus_scale"":0.18,""stable_aes_sideslip_penalty"":2.8},""obstacle_relative_velocity_mode"":""zero"",""obstacle_slots"":4,""privileged_observation_mode"":""basic"",""randomization"":{""actuator_tau_scale_range"":[0.75,1.65],""brake_scale_range"":[0.55,1.35],""cg_shift_range"":[-0.14,0.14],""drive_scale_range"":[0.6,1.3],""inertia_scale_range"":[0.8,1.3],""mass_scale_range"":[0.8,1.28],""mu_range"":[0.35,0.55],""tire_stiffness_scale_range"":[0.58,1.42]},""road_lookahead_count"":8,""road_lookahead_spacing"":5.0,""speed_range"":[14.0,20.0],""termination_penalty"":8.0,""track_kind"":""circle"",""track_radius"":60.0,""track_width"":4.4,""warmup_gate"":{""distance_range"":[12.0,30.0],""enabled"":true,""finish_pass_distance"":2.0,""half_width_range"":[0.35,0.85],""lateral_offset_range"":[-1.2,1.2],""max_active_steps"":50,""reveal_step"":200},""wheel_observation_mode"":""none""}"
m2063-osd-osd_v0_0188_t4,False,"{""action_history_mode"":""full"",""beta_target_range"":[0.04,0.32],""dt"":0.02,""friction_limited_speed"":true,""friction_speed_margin"":0.92,""friction_step"":{""enabled"":true,""mu_range"":[0.3,1.15],""resample_speed_ref"":false,""step_range"":[8,40]},""history_length"":1,""include_privileged_params"":false,""max_steps"":800,""obstacle"":{""allowed_labels"":[""aes_feasible"",""drift_required"",""unavoidable""],""brake_mu_fraction"":0.9,""clearance_margin_reward_clip"":0.25,""clearance_margin_reward_scale"":0.0,""collision_penalty"":25.0,""conventional_lateral_mu_fraction"":0.42,""dense_clearance_margin_reward_clip"":0.25,""dense_clearance_margin_reward_scale"":0.0,""dense_clearance_margin_reward_window"":8.0,""distance_range"":[1.0,11.972222222222223],""drift_lateral_mu_fraction"":0.85,""ego_half_width"":0.9,""enabled"":true,""finish_on_pass"":true,""finish_pass_distance"":2.0,""half_width_range"":[0.2,0.9940476190476191],""max_sample_attempts"":10000,""max_threshold_score"":0.5,""min_time_after_friction_step"":0.1,""pass_reward"":12.0,""perception_reveal_distance"":null,""perception_reveal_step"":10,""require_aeb_infeasible"":true,""safety_margin"":0.3,""stable_aes_beta_limit"":0.2,""stable_aes_drift_bonus_scale"":0.18,""stable_aes_sideslip_penalty"":2.8},""obstacle_relative_velocity_mode"":""zero"",""obstacle_slots"":4,""privileged_observation_mode"":""basic"",""randomization"":{""actuator_tau_scale_range"":[0.65,2.2],""brake_scale_range"":[0.55,1.35],""cg_shift_range"":[-0.14,0.14],""drive_scale_range"":[0.6,1.3],""inertia_scale_range"":[0.8,1.3],""mass_scale_range"":[0.8,1.28],""mu_range"":[0.28,1.05],""tire_stiffness_scale_range"":[0.58,1.42]},""road_lookahead_count"":8,""road_lookahead_spacing"":5.0,""speed_range"":[7.0,11.0],""termination_penalty"":8.0,""track_kind"":""circle"",""track_radius"":32.0,""track_width"":7.0,""warmup_gate"":{""distance_range"":[12.0,30.0],""enabled"":true,""finish_pass_distance"":2.0,""half_width_range"":[0.35,0.85],""lateral_offset_range"":[-1.2,1.2],""max_active_steps"":75,""reveal_step"":20},""wheel_observation_mode"":""none""}","{""action_history_mode"":""full"",""beta_target_range"":[0.04,0.32],""dt"":0.02,""friction_limited_speed"":true,""friction_speed_margin"":0.92,""friction_step"":{""enabled"":true,""mu_range"":[0.3,1.15],""resample_speed_ref"":false,""step_range"":[8,40]},""history_length"":1,""include_privileged_params"":false,""max_steps"":800,""obstacle"":{""allowed_labels"":[""aes_feasible"",""drift_required"",""unavoidable""],""brake_mu_fraction"":0.9,""clearance_margin_reward_clip"":0.25,""clearance_margin_reward_scale"":0.0,""collision_penalty"":25.0,""conventional_lateral_mu_fraction"":0.42,""dense_clearance_margin_reward_clip"":0.25,""dense_clearance_margin_reward_scale"":0.0,""dense_clearance_margin_reward_window"":8.0,""distance_range"":[1.0,11.972222222222223],""drift_lateral_mu_fraction"":0.85,""ego_half_width"":0.9,""enabled"":true,""finish_on_pass"":true,""finish_pass_distance"":2.0,""half_width_range"":[0.2,0.9940476190476191],""max_sample_attempts"":10000,""max_threshold_score"":0.5,""min_time_after_friction_step"":0.1,""pass_reward"":12.0,""perception_reveal_distance"":null,""perception_reveal_step"":10,""require_aeb_infeasible"":true,""safety_margin"":0.3,""stable_aes_beta_limit"":0.2,""stable_aes_drift_bonus_scale"":0.18,""stable_aes_sideslip_penalty"":2.8},""obstacle_relative_velocity_mode"":""zero"",""obstacle_slots"":4,""privileged_observation_mode"":""basic"",""randomization"":{""actuator_tau_scale_range"":[0.65,2.2],""brake_scale_range"":[0.55,1.35],""cg_shift_range"":[-0.14,0.14],""drive_scale_range"":[0.6,1.3],""inertia_scale_range"":[0.8,1.3],""mass_scale_range"":[0.8,1.28],""mu_range"":[0.28,1.05],""tire_stiffness_scale_range"":[0.58,1.42]},""road_lookahead_count"":8,""road_lookahead_spacing"":5.0,""speed_range"":[7.0,11.0],""termination_penalty"":8.0,""track_kind"":""circle"",""track_radius"":32.0,""track_width"":7.0,""warmup_gate"":{""distance_range"":[12.0,30.0],""enabled"":true,""finish_pass_distance"":2.0,""half_width_range"":[0.35,0.85],""lateral_offset_range"":[-1.2,1.2],""max_active_steps"":75,""reveal_step"":20},""wheel_observation_mode"":""none""}"
m2063-osd-osd_v0_0189_t4,False,"{""action_history_mode"":""full"",""beta_target_range"":[0.04,0.32],""dt"":0.02,""friction_limited_speed"":true,""friction_speed_margin"":0.92,""friction_step"":{""enabled"":true,""mu_range"":[0.3,1.15],""resample_speed_ref"":false,""step_range"":[8,40]},""history_length"":1,""include_privileged_params"":false,""max_steps"":800,""obstacle"":{""allowed_labels"":[""aes_feasible"",""drift_required"",""unavoidable""],""brake_mu_fraction"":0.9,""clearance_margin_reward_clip"":0.25,""clearance_margin_reward_scale"":0.0,""collision_penalty"":25.0,""conventional_lateral_mu_fraction"":0.42,""dense_clearance_margin_reward_clip"":0.25,""dense_clearance_margin_reward_scale"":0.0,""dense_clearance_margin_reward_window"":8.0,""distance_range"":[1.0,8.680555555555557],""drift_lateral_mu_fraction"":0.85,""ego_half_width"":0.9,""enabled"":true,""finish_on_pass"":true,""finish_pass_distance"":2.0,""half_width_range"":[0.2,0.9940476190476191],""max_sample_attempts"":10000,""max_threshold_score"":0.25,""min_time_after_friction_step"":0.1,""pass_reward"":12.0,""perception_reveal_distance"":null,""perception_reveal_step"":25,""require_aeb_infeasible"":true,""safety_margin"":0.3,""stable_aes_beta_limit"":0.2,""stable_aes_drift_bonus_scale"":0.18,""stable_aes_sideslip_penalty"":2.8},""obstacle_relative_velocity_mode"":""zero"",""obstacle_slots"":4,""privileged_observation_mode"":""basic"",""randomization"":{""actuator_tau_scale_range"":[1.8,2.8],""brake_scale_range"":[0.55,1.35],""cg_shift_range"":[-0.14,0.14],""drive_scale_range"":[0.6,1.3],""inertia_scale_range"":[0.8,1.3],""mass_scale_range"":[0.8,1.28],""mu_range"":[0.45,0.85],""tire_stiffness_scale_range"":[0.58,1.42]},""road_lookahead_count"":8,""road_lookahead_spacing"":5.0,""speed_range"":[10.0,15.0],""termination_penalty"":8.0,""track_kind"":""circle"",""track_radius"":18.0,""track_width"":5.5,""warmup_gate"":{""distance_range"":[12.0,30.0],""enabled"":true,""finish_pass_distance"":2.0,""half_width_range"":[0.35,0.85],""lateral_offset_range"":[-1.2,1.2],""max_active_steps"":25,""reveal_step"":50},""wheel_observation_mode"":""none""}","{""action_history_mode"":""full"",""beta_target_range"":[0.04,0.32],""dt"":0.02,""friction_limited_speed"":true,""friction_speed_margin"":0.92,""friction_step"":{""enabled"":true,""mu_range"":[0.3,1.15],""resample_speed_ref"":false,""step_range"":[8,40]},""history_length"":1,""include_privileged_params"":false,""max_steps"":800,""obstacle"":{""allowed_labels"":[""aes_feasible"",""drift_required"",""unavoidable""],""brake_mu_fraction"":0.9,""clearance_margin_reward_clip"":0.25,""clearance_margin_reward_scale"":0.0,""collision_penalty"":25.0,""conventional_lateral_mu_fraction"":0.42,""dense_clearance_margin_reward_clip"":0.25,""dense_clearance_margin_reward_scale"":0.0,""dense_clearance_margin_reward_window"":8.0,""distance_range"":[1.0,8.680555555555557],""drift_lateral_mu_fraction"":0.85,""ego_half_width"":0.9,""enabled"":true,""finish_on_pass"":true,""finish_pass_distance"":2.0,""half_width_range"":[0.2,0.9940476190476191],""max_sample_attempts"":10000,""max_threshold_score"":0.25,""min_time_after_friction_step"":0.1,""pass_reward"":12.0,""perception_reveal_distance"":null,""perception_reveal_step"":25,""require_aeb_infeasible"":true,""safety_margin"":0.3,""stable_aes_beta_limit"":0.2,""stable_aes_drift_bonus_scale"":0.18,""stable_aes_sideslip_penalty"":2.8},""obstacle_relative_velocity_mode"":""zero"",""obstacle_slots"":4,""privileged_observation_mode"":""basic"",""randomization"":{""actuator_tau_scale_range"":[1.8,2.8],""brake_scale_range"":[0.55,1.35],""cg_shift_range"":[-0.14,0.14],""drive_scale_range"":[0.6,1.3],""inertia_scale_range"":[0.8,1.3],""mass_scale_range"":[0.8,1.28],""mu_range"":[0.45,0.85],""tire_stiffness_scale_range"":[0.58,1.42]},""road_lookahead_count"":8,""road_lookahead_spacing"":5.0,""speed_range"":[10.0,15.0],""termination_penalty"":8.0,""track_kind"":""circle"",""track_radius"":18.0,""track_width"":5.5,""warmup_gate"":{""distance_range"":[12.0,30.0],""enabled"":true,""finish_pass_distance"":2.0,""half_width_range"":[0.35,0.85],""lateral_offset_range"":[-1.2,1.2],""max_active_steps"":25,""reveal_step"":50},""wheel_observation_mode"":""none""}"
m2063-osd-osd_v0_0190_t4,False,"{""action_history_mode"":""full"",""beta_target_range"":[0.04,0.32],""dt"":0.02,""friction_limited_speed"":true,""friction_speed_margin"":0.92,""friction_step"":{""enabled"":true,""mu_range"":[0.3,1.15],""resample_speed_ref"":false,""step_range"":[8,40]},""history_length"":1,""include_privileged_params"":false,""max_steps"":800,""obstacle"":{""allowed_labels"":[""aes_feasible"",""drift_required"",""unavoidable""],""brake_mu_fraction"":0.9,""clearance_margin_reward_clip"":0.25,""clearance_margin_reward_scale"":0.0,""collision_penalty"":25.0,""conventional_lateral_mu_fraction"":0.42,""dense_clearance_margin_reward_clip"":0.25,""dense_clearance_margin_reward_scale"":0.0,""dense_clearance_margin_reward_window"":8.0,""distance_range"":[9.847222222222225,21.847222222222225],""drift_lateral_mu_fraction"":0.85,""ego_half_width"":0.9,""enabled"":true,""finish_on_pass"":true,""finish_pass_distance"":2.0,""half_width_range"":[0.2,0.9940476190476191],""max_sample_attempts"":10000,""max_threshold_score"":0.25,""min_time_after_friction_step"":0.1,""pass_reward"":12.0,""perception_reveal_distance"":null,""perception_reveal_step"":50,""require_aeb_infeasible"":true,""safety_margin"":0.3,""stable_aes_beta_limit"":0.2,""stable_aes_drift_bonus_scale"":0.18,""stable_aes_sideslip_penalty"":2.8},""obstacle_relative_velocity_mode"":""zero"",""obstacle_slots"":4,""privileged_observation_mode"":""basic"",""randomization"":{""actuator_tau_scale_range"":[0.65,1.35],""brake_scale_range"":[0.55,1.35],""cg_shift_range"":[-0.14,0.14],""drive_scale_range"":[0.6,1.3],""inertia_scale_range"":[0.8,1.3],""mass_scale_range"":[0.8,1.28],""mu_range"":[0.75,1.05],""tire_stiffness_scale_range"":[0.58,1.42]},""road_lookahead_count"":8,""road_lookahead_spacing"":5.0,""speed_range"":[14.0,20.0],""termination_penalty"":8.0,""track_kind"":""circle"",""track_radius"":60.0,""track_width"":4.4,""warmup_gate"":{""distance_range"":[12.0,30.0],""enabled"":true,""finish_pass_distance"":2.0,""half_width_range"":[0.35,0.85],""lateral_offset_range"":[-1.2,1.2],""max_active_steps"":50,""reveal_step"":100},""wheel_observation_mode"":""none""}","{""action_history_mode"":""full"",""beta_target_range"":[0.04,0.32],""dt"":0.02,""friction_limited_speed"":true,""friction_speed_margin"":0.92,""friction_step"":{""enabled"":true,""mu_range"":[0.3,1.15],""resample_speed_ref"":false,""step_range"":[8,40]},""history_length"":1,""include_privileged_params"":false,""max_steps"":800,""obstacle"":{""allowed_labels"":[""aes_feasible"",""drift_required"",""unavoidable""],""brake_mu_fraction"":0.9,""clearance_margin_reward_clip"":0.25,""clearance_margin_reward_scale"":0.0,""collision_penalty"":25.0,""conventional_lateral_mu_fraction"":0.42,""dense_clearance_margin_reward_clip"":0.25,""dense_clearance_margin_reward_scale"":0.0,""dense_clearance_margin_reward_window"":8.0,""distance_range"":[9.847222222222225,21.847222222222225],""drift_lateral_mu_fraction"":0.85,""ego_half_width"":0.9,""enabled"":true,""finish_on_pass"":true,""finish_pass_distance"":2.0,""half_width_range"":[0.2,0.9940476190476191],""max_sample_attempts"":10000,""max_threshold_score"":0.25,""min_time_after_friction_step"":0.1,""pass_reward"":12.0,""perception_reveal_distance"":null,""perception_reveal_step"":50,""require_aeb_infeasible"":true,""safety_margin"":0.3,""stable_aes_beta_limit"":0.2,""stable_aes_drift_bonus_scale"":0.18,""stable_aes_sideslip_penalty"":2.8},""obstacle_relative_velocity_mode"":""zero"",""obstacle_slots"":4,""privileged_observation_mode"":""basic"",""randomization"":{""actuator_tau_scale_range"":[0.65,1.35],""brake_scale_range"":[0.55,1.35],""cg_shift_range"":[-0.14,0.14],""drive_scale_range"":[0.6,1.3],""inertia_scale_range"":[0.8,1.3],""mass_scale_range"":[0.8,1.28],""mu_range"":[0.75,1.05],""tire_stiffness_scale_range"":[0.58,1.42]},""road_lookahead_count"":8,""road_lookahead_spacing"":5.0,""speed_range"":[14.0,20.0],""termination_penalty"":8.0,""track_kind"":""circle"",""track_radius"":60.0,""track_width"":4.4,""warmup_gate"":{""distance_range"":[12.0,30.0],""enabled"":true,""finish_pass_distance"":2.0,""half_width_range"":[0.35,0.85],""lateral_offset_range"":[-1.2,1.2],""max_active_steps"":50,""reveal_step"":100},""wheel_observation_mode"":""none""}"
m2063-osd-osd_v0_0191_t4,False,"{""action_history_mode"":""full"",""beta_target_range"":[0.04,0.32],""dt"":0.02,""friction_limited_speed"":true,""friction_speed_margin"":0.92,""friction_step"":{""enabled"":true,""mu_range"":[0.3,1.15],""resample_speed_ref"":false,""step_range"":[8,40]},""history_length"":1,""include_privileged_params"":false,""max_steps"":800,""obstacle"":{""allowed_labels"":[""aes_feasible"",""drift_required"",""unavoidable""],""brake_mu_fraction"":0.9,""clearance_margin_reward_clip"":0.25,""clearance_margin_reward_scale"":0.0,""collision_penalty"":25.0,""conventional_lateral_mu_fraction"":0.42,""dense_clearance_margin_reward_clip"":0.25,""dense_clearance_margin_reward_scale"":0.0,""dense_clearance_margin_reward_window"":8.0,""distance_range"":[7.034722222222223,19.03472222222222],""drift_lateral_mu_fraction"":0.85,""ego_half_width"":0.9,""enabled"":true,""finish_on_pass"":true,""finish_pass_distance"":2.0,""half_width_range"":[0.3583333333333334,1.1583333333333334],""max_sample_attempts"":10000,""max_threshold_score"":0.25,""min_time_after_friction_step"":0.1,""pass_reward"":12.0,""perception_reveal_distance"":null,""perception_reveal_step"":75,""require_aeb_infeasible"":true,""safety_margin"":0.3,""stable_aes_beta_limit"":0.2,""stable_aes_drift_bonus_scale"":0.18,""stable_aes_sideslip_penalty"":2.8},""obstacle_relative_velocity_mode"":""zero"",""obstacle_slots"":4,""privileged_observation_mode"":""basic"",""randomization"":{""actuator_tau_scale_range"":[0.75,1.65],""brake_scale_range"":[0.55,1.35],""cg_shift_range"":[-0.14,0.14],""drive_scale_range"":[0.6,1.3],""inertia_scale_range"":[0.8,1.3],""mass_scale_range"":[0.8,1.28],""mu_range"":[0.35,0.55],""tire_stiffness_scale_range"":[0.58,1.42]},""road_lookahead_count"":8,""road_lookahead_spacing"":5.0,""speed_range"":[7.0,11.0],""termination_penalty"":8.0,""track_kind"":""circle"",""track_radius"":32.0,""track_width"":7.0,""warmup_gate"":{""distance_range"":[12.0,30.0],""enabled"":true,""finish_pass_distance"":2.0,""half_width_range"":[0.35,0.85],""lateral_offset_range"":[-1.2,1.2],""max_active_steps"":75,""reveal_step"":150},""wheel_observation_mode"":""none""}","{""action_history_mode"":""full"",""beta_target_range"":[0.04,0.32],""dt"":0.02,""friction_limited_speed"":true,""friction_speed_margin"":0.92,""friction_step"":{""enabled"":true,""mu_range"":[0.3,1.15],""resample_speed_ref"":false,""step_range"":[8,40]},""history_length"":1,""include_privileged_params"":false,""max_steps"":800,""obstacle"":{""allowed_labels"":[""aes_feasible"",""drift_required"",""unavoidable""],""brake_mu_fraction"":0.9,""clearance_margin_reward_clip"":0.25,""clearance_margin_reward_scale"":0.0,""collision_penalty"":25.0,""conventional_lateral_mu_fraction"":0.42,""dense_clearance_margin_reward_clip"":0.25,""dense_clearance_margin_reward_scale"":0.0,""dense_clearance_margin_reward_window"":8.0,""distance_range"":[7.034722222222223,19.03472222222222],""drift_lateral_mu_fraction"":0.85,""ego_half_width"":0.9,""enabled"":true,""finish_on_pass"":true,""finish_pass_distance"":2.0,""half_width_range"":[0.3583333333333334,1.1583333333333334],""max_sample_attempts"":10000,""max_threshold_score"":0.25,""min_time_after_friction_step"":0.1,""pass_reward"":12.0,""perception_reveal_distance"":null,""perception_reveal_step"":75,""require_aeb_infeasible"":true,""safety_margin"":0.3,""stable_aes_beta_limit"":0.2,""stable_aes_drift_bonus_scale"":0.18,""stable_aes_sideslip_penalty"":2.8},""obstacle_relative_velocity_mode"":""zero"",""obstacle_slots"":4,""privileged_observation_mode"":""basic"",""randomization"":{""actuator_tau_scale_range"":[0.75,1.65],""brake_scale_range"":[0.55,1.35],""cg_shift_range"":[-0.14,0.14],""drive_scale_range"":[0.6,1.3],""inertia_scale_range"":[0.8,1.3],""mass_scale_range"":[0.8,1.28],""mu_range"":[0.35,0.55],""tire_stiffness_scale_range"":[0.58,1.42]},""road_lookahead_count"":8,""road_lookahead_spacing"":5.0,""speed_range"":[7.0,11.0],""termination_penalty"":8.0,""track_kind"":""circle"",""track_radius"":32.0,""track_width"":7.0,""warmup_gate"":{""distance_range"":[12.0,30.0],""enabled"":true,""finish_pass_distance"":2.0,""half_width_range"":[0.35,0.85],""lateral_offset_range"":[-1.2,1.2],""max_active_steps"":75,""reveal_step"":150},""wheel_observation_mode"":""none""}"
m2063-osd-osd_v0_0192_t4,False,"{""action_history_mode"":""full"",""beta_target_range"":[0.04,0.32],""dt"":0.02,""friction_limited_speed"":true,""friction_speed_margin"":0.92,""friction_step"":{""enabled"":true,""mu_range"":[0.3,1.15],""resample_speed_ref"":false,""step_range"":[8,40]},""history_length"":1,""include_privileged_params"":false,""max_steps"":800,""obstacle"":{""allowed_labels"":[""aes_feasible"",""drift_required"",""unavoidable""],""brake_mu_fraction"":0.9,""clearance_margin_reward_clip"":0.25,""clearance_margin_reward_scale"":0.0,""collision_penalty"":25.0,""conventional_lateral_mu_fraction"":0.42,""dense_clearance_margin_reward_clip"":0.25,""dense_clearance_margin_reward_scale"":0.0,""dense_clearance_margin_reward_window"":8.0,""distance_range"":[1.0,8.680555555555557],""drift_lateral_mu_fraction"":0.85,""ego_half_width"":0.9,""enabled"":true,""finish_on_pass"":true,""finish_pass_distance"":2.0,""half_width_range"":[0.2,0.9940476190476191],""max_sample_attempts"":10000,""max_threshold_score"":0.25,""min_time_after_friction_step"":0.1,""pass_reward"":12.0,""perception_reveal_distance"":null,""perception_reveal_step"":100,""require_aeb_infeasible"":true,""safety_margin"":0.3,""stable_aes_beta_limit"":0.2,""stable_aes_drift_bonus_scale"":0.18,""stable_aes_sideslip_penalty"":2.8},""obstacle_relative_velocity_mode"":""zero"",""obstacle_slots"":4,""privileged_observation_mode"":""basic"",""randomization"":{""actuator_tau_scale_range"":[0.65,2.2],""brake_scale_range"":[0.55,1.35],""cg_shift_range"":[-0.14,0.14],""drive_scale_range"":[0.6,1.3],""inertia_scale_range"":[0.8,1.3],""mass_scale_range"":[0.8,1.28],""mu_range"":[0.28,1.05],""tire_stiffness_scale_range"":[0.58,1.42]},""road_lookahead_count"":8,""road_lookahead_spacing"":5.0,""speed_range"":[10.0,15.0],""termination_penalty"":8.0,""track_kind"":""circle"",""track_radius"":18.0,""track_width"":5.5,""warmup_gate"":{""distance_range"":[12.0,30.0],""enabled"":true,""finish_pass_distance"":2.0,""half_width_range"":[0.35,0.85],""lateral_offset_range"":[-1.2,1.2],""max_active_steps"":25,""reveal_step"":200},""wheel_observation_mode"":""none""}","{""action_history_mode"":""full"",""beta_target_range"":[0.04,0.32],""dt"":0.02,""friction_limited_speed"":true,""friction_speed_margin"":0.92,""friction_step"":{""enabled"":true,""mu_range"":[0.3,1.15],""resample_speed_ref"":false,""step_range"":[8,40]},""history_length"":1,""include_privileged_params"":false,""max_steps"":800,""obstacle"":{""allowed_labels"":[""aes_feasible"",""drift_required"",""unavoidable""],""brake_mu_fraction"":0.9,""clearance_margin_reward_clip"":0.25,""clearance_margin_reward_scale"":0.0,""collision_penalty"":25.0,""conventional_lateral_mu_fraction"":0.42,""dense_clearance_margin_reward_clip"":0.25,""dense_clearance_margin_reward_scale"":0.0,""dense_clearance_margin_reward_window"":8.0,""distance_range"":[1.0,8.680555555555557],""drift_lateral_mu_fraction"":0.85,""ego_half_width"":0.9,""enabled"":true,""finish_on_pass"":true,""finish_pass_distance"":2.0,""half_width_range"":[0.2,0.9940476190476191],""max_sample_attempts"":10000,""max_threshold_score"":0.25,""min_time_after_friction_step"":0.1,""pass_reward"":12.0,""perception_reveal_distance"":null,""perception_reveal_step"":100,""require_aeb_infeasible"":true,""safety_margin"":0.3,""stable_aes_beta_limit"":0.2,""stable_aes_drift_bonus_scale"":0.18,""stable_aes_sideslip_penalty"":2.8},""obstacle_relative_velocity_mode"":""zero"",""obstacle_slots"":4,""privileged_observation_mode"":""basic"",""randomization"":{""actuator_tau_scale_range"":[0.65,2.2],""brake_scale_range"":[0.55,1.35],""cg_shift_range"":[-0.14,0.14],""drive_scale_range"":[0.6,1.3],""inertia_scale_range"":[0.8,1.3],""mass_scale_range"":[0.8,1.28],""mu_range"":[0.28,1.05],""tire_stiffness_scale_range"":[0.58,1.42]},""road_lookahead_count"":8,""road_lookahead_spacing"":5.0,""speed_range"":[10.0,15.0],""termination_penalty"":8.0,""track_kind"":""circle"",""track_radius"":18.0,""track_width"":5.5,""warmup_gate"":{""distance_range"":[12.0,30.0],""enabled"":true,""finish_pass_distance"":2.0,""half_width_range"":[0.35,0.85],""lateral_offset_range"":[-1.2,1.2],""max_active_steps"":25,""reveal_step"":200},""wheel_observation_mode"":""none""}"
m2063-osd-osd_v0_0193_t4,False,"{""action_history_mode"":""full"",""beta_target_range"":[0.04,0.32],""dt"":0.02,""friction_limited_speed"":true,""friction_speed_margin"":0.92,""friction_step"":{""enabled"":true,""mu_range"":[0.3,1.15],""resample_speed_ref"":false,""step_range"":[8,40]},""history_length"":1,""include_privileged_params"":false,""max_steps"":800,""obstacle"":{""allowed_labels"":[""aes_feasible"",""drift_required"",""unavoidable""],""brake_mu_fraction"":0.9,""clearance_margin_reward_clip"":0.25,""clearance_margin_reward_scale"":0.0,""collision_penalty"":25.0,""conventional_lateral_mu_fraction"":0.42,""dense_clearance_margin_reward_clip"":0.25,""dense_clearance_margin_reward_scale"":0.0,""dense_clearance_margin_reward_window"":8.0,""distance_range"":[12.041666666666668,24.041666666666668],""drift_lateral_mu_fraction"":0.85,""ego_half_width"":0.9,""enabled"":true,""finish_on_pass"":true,""finish_pass_distance"":2.0,""half_width_range"":[0.49523809523809526,1.2952380952380953],""max_sample_attempts"":10000,""max_threshold_score"":0.25,""min_time_after_friction_step"":0.1,""pass_reward"":12.0,""perception_reveal_distance"":null,""perception_reveal_step"":10,""require_aeb_infeasible"":true,""safety_margin"":0.3,""stable_aes_beta_limit"":0.2,""stable_aes_drift_bonus_scale"":0.18,""stable_aes_sideslip_penalty"":2.8},""obstacle_relative_velocity_mode"":""zero"",""obstacle_slots"":4,""privileged_observation_mode"":""basic"",""randomization"":{""actuator_tau_scale_range"":[1.8,2.8],""brake_scale_range"":[0.55,1.35],""cg_shift_range"":[-0.14,0.14],""drive_scale_range"":[0.6,1.3],""inertia_scale_range"":[0.8,1.3],""mass_scale_range"":[0.8,1.28],""mu_range"":[0.45,0.85],""tire_stiffness_scale_range"":[0.58,1.42]},""road_lookahead_count"":8,""road_lookahead_spacing"":5.0,""speed_range"":[14.0,20.0],""termination_penalty"":8.0,""track_kind"":""circle"",""track_radius"":60.0,""track_width"":4.4,""warmup_gate"":{""distance_range"":[12.0,30.0],""enabled"":true,""finish_pass_distance"":2.0,""half_width_range"":[0.35,0.85],""lateral_offset_range"":[-1.2,1.2],""max_active_steps"":50,""reveal_step"":20},""wheel_observation_mode"":""none""}","{""action_history_mode"":""full"",""beta_target_range"":[0.04,0.32],""dt"":0.02,""friction_limited_speed"":true,""friction_speed_margin"":0.92,""friction_step"":{""enabled"":true,""mu_range"":[0.3,1.15],""resample_speed_ref"":false,""step_range"":[8,40]},""history_length"":1,""include_privileged_params"":false,""max_steps"":800,""obstacle"":{""allowed_labels"":[""aes_feasible"",""drift_required"",""unavoidable""],""brake_mu_fraction"":0.9,""clearance_margin_reward_clip"":0.25,""clearance_margin_reward_scale"":0.0,""collision_penalty"":25.0,""conventional_lateral_mu_fraction"":0.42,""dense_clearance_margin_reward_clip"":0.25,""dense_clearance_margin_reward_scale"":0.0,""dense_clearance_margin_reward_window"":8.0,""distance_range"":[12.041666666666668,24.041666666666668],""drift_lateral_mu_fraction"":0.85,""ego_half_width"":0.9,""enabled"":true,""finish_on_pass"":true,""finish_pass_distance"":2.0,""half_width_range"":[0.49523809523809526,1.2952380952380953],""max_sample_attempts"":10000,""max_threshold_score"":0.25,""min_time_after_friction_step"":0.1,""pass_reward"":12.0,""perception_reveal_distance"":null,""perception_reveal_step"":10,""require_aeb_infeasible"":true,""safety_margin"":0.3,""stable_aes_beta_limit"":0.2,""stable_aes_drift_bonus_scale"":0.18,""stable_aes_sideslip_penalty"":2.8},""obstacle_relative_velocity_mode"":""zero"",""obstacle_slots"":4,""privileged_observation_mode"":""basic"",""randomization"":{""actuator_tau_scale_range"":[1.8,2.8],""brake_scale_range"":[0.55,1.35],""cg_shift_range"":[-0.14,0.14],""drive_scale_range"":[0.6,1.3],""inertia_scale_range"":[0.8,1.3],""mass_scale_range"":[0.8,1.28],""mu_range"":[0.45,0.85],""tire_stiffness_scale_range"":[0.58,1.42]},""road_lookahead_count"":8,""road_lookahead_spacing"":5.0,""speed_range"":[14.0,20.0],""termination_penalty"":8.0,""track_kind"":""circle"",""track_radius"":60.0,""track_width"":4.4,""warmup_gate"":{""distance_range"":[12.0,30.0],""enabled"":true,""finish_pass_distance"":2.0,""half_width_range"":[0.35,0.85],""lateral_offset_range"":[-1.2,1.2],""max_active_steps"":50,""reveal_step"":20},""wheel_observation_mode"":""none""}"
m2063-osd-osd_v0_0194_t4,False,"{""action_history_mode"":""full"",""beta_target_range"":[0.04,0.32],""dt"":0.02,""friction_limited_speed"":true,""friction_speed_margin"":0.92,""friction_step"":{""enabled"":true,""mu_range"":[0.3,1.15],""resample_speed_ref"":false,""step_range"":[8,40]},""history_length"":1,""include_privileged_params"":false,""max_steps"":800,""obstacle"":{""allowed_labels"":[""aes_feasible"",""drift_required"",""unavoidable""],""brake_mu_fraction"":0.9,""clearance_margin_reward_clip"":0.25,""clearance_margin_reward_scale"":0.0,""collision_penalty"":25.0,""conventional_lateral_mu_fraction"":0.42,""dense_clearance_margin_reward_clip"":0.25,""dense_clearance_margin_reward_scale"":0.0,""dense_clearance_margin_reward_window"":8.0,""distance_range"":[1.0,8.131944444444445],""drift_lateral_mu_fraction"":0.85,""ego_half_width"":0.9,""enabled"":true,""finish_on_pass"":true,""finish_pass_distance"":2.0,""half_width_range"":[0.2,0.9940476190476191],""max_sample_attempts"":10000,""max_threshold_score"":1.0,""min_time_after_friction_step"":0.1,""pass_reward"":12.0,""perception_reveal_distance"":null,""perception_reveal_step"":25,""require_aeb_infeasible"":true,""safety_margin"":0.3,""stable_aes_beta_limit"":0.2,""stable_aes_drift_bonus_scale"":0.18,""stable_aes_sideslip_penalty"":2.8},""obstacle_relative_velocity_mode"":""zero"",""obstacle_slots"":4,""privileged_observation_mode"":""basic"",""randomization"":{""actuator_tau_scale_range"":[0.65,1.35],""brake_scale_range"":[0.55,1.35],""cg_shift_range"":[-0.14,0.14],""drive_scale_range"":[0.6,1.3],""inertia_scale_range"":[0.8,1.3],""mass_scale_range"":[0.8,1.28],""mu_range"":[0.75,1.05],""tire_stiffness_scale_range"":[0.58,1.42]},""road_lookahead_count"":8,""road_lookahead_spacing"":5.0,""speed_range"":[7.0,11.0],""termination_penalty"":8.0,""track_kind"":""circle"",""track_radius"":32.0,""track_width"":7.0,""warmup_gate"":{""distance_range"":[12.0,30.0],""enabled"":true,""finish_pass_distance"":2.0,""half_width_range"":[0.35,0.85],""lateral_offset_range"":[-1.2,1.2],""max_active_steps"":75,""reveal_step"":50},""wheel_observation_mode"":""none""}","{""action_history_mode"":""full"",""beta_target_range"":[0.04,0.32],""dt"":0.02,""friction_limited_speed"":true,""friction_speed_margin"":0.92,""friction_step"":{""enabled"":true,""mu_range"":[0.3,1.15],""resample_speed_ref"":false,""step_range"":[8,40]},""history_length"":1,""include_privileged_params"":false,""max_steps"":800,""obstacle"":{""allowed_labels"":[""aes_feasible"",""drift_required"",""unavoidable""],""brake_mu_fraction"":0.9,""clearance_margin_reward_clip"":0.25,""clearance_margin_reward_scale"":0.0,""collision_penalty"":25.0,""conventional_lateral_mu_fraction"":0.42,""dense_clearance_margin_reward_clip"":0.25,""dense_clearance_margin_reward_scale"":0.0,""dense_clearance_margin_reward_window"":8.0,""distance_range"":[1.0,8.131944444444445],""drift_lateral_mu_fraction"":0.85,""ego_half_width"":0.9,""enabled"":true,""finish_on_pass"":true,""finish_pass_distance"":2.0,""half_width_range"":[0.2,0.9940476190476191],""max_sample_attempts"":10000,""max_threshold_score"":1.0,""min_time_after_friction_step"":0.1,""pass_reward"":12.0,""perception_reveal_distance"":null,""perception_reveal_step"":25,""require_aeb_infeasible"":true,""safety_margin"":0.3,""stable_aes_beta_limit"":0.2,""stable_aes_drift_bonus_scale"":0.18,""stable_aes_sideslip_penalty"":2.8},""obstacle_relative_velocity_mode"":""zero"",""obstacle_slots"":4,""privileged_observation_mode"":""basic"",""randomization"":{""actuator_tau_scale_range"":[0.65,1.35],""brake_scale_range"":[0.55,1.35],""cg_shift_range"":[-0.14,0.14],""drive_scale_range"":[0.6,1.3],""inertia_scale_range"":[0.8,1.3],""mass_scale_range"":[0.8,1.28],""mu_range"":[0.75,1.05],""tire_stiffness_scale_range"":[0.58,1.42]},""road_lookahead_count"":8,""road_lookahead_spacing"":5.0,""speed_range"":[7.0,11.0],""termination_penalty"":8.0,""track_kind"":""circle"",""track_radius"":32.0,""track_width"":7.0,""warmup_gate"":{""distance_range"":[12.0,30.0],""enabled"":true,""finish_pass_distance"":2.0,""half_width_range"":[0.35,0.85],""lateral_offset_range"":[-1.2,1.2],""max_active_steps"":75,""reveal_step"":50},""wheel_observation_mode"":""none""}"
m2063-osd-osd_v0_0195_t4,False,"{""action_history_mode"":""full"",""beta_target_range"":[0.04,0.32],""dt"":0.02,""friction_limited_speed"":true,""friction_speed_margin"":0.92,""friction_step"":{""enabled"":true,""mu_range"":[0.3,1.15],""resample_speed_ref"":false,""step_range"":[8,40]},""history_length"":1,""include_privileged_params"":false,""max_steps"":800,""obstacle"":{""allowed_labels"":[""aes_feasible"",""drift_required"",""unavoidable""],""brake_mu_fraction"":0.9,""clearance_margin_reward_clip"":0.25,""clearance_margin_reward_scale"":0.0,""collision_penalty"":25.0,""conventional_lateral_mu_fraction"":0.42,""dense_clearance_margin_reward_clip"":0.25,""dense_clearance_margin_reward_scale"":0.0,""dense_clearance_margin_reward_window"":8.0,""distance_range"":[1.0,8.680555555555557],""drift_lateral_mu_fraction"":0.85,""ego_half_width"":0.9,""enabled"":true,""finish_on_pass"":true,""finish_pass_distance"":2.0,""half_width_range"":[0.2,0.9940476190476191],""max_sample_attempts"":10000,""max_threshold_score"":0.25,""min_time_after_friction_step"":0.1,""pass_reward"":12.0,""perception_reveal_distance"":null,""perception_reveal_step"":50,""require_aeb_infeasible"":true,""safety_margin"":0.3,""stable_aes_beta_limit"":0.2,""stable_aes_drift_bonus_scale"":0.18,""stable_aes_sideslip_penalty"":2.8},""obstacle_relative_velocity_mode"":""zero"",""obstacle_slots"":4,""privileged_observation_mode"":""basic"",""randomization"":{""actuator_tau_scale_range"":[0.75,1.65],""brake_scale_range"":[0.55,1.35],""cg_shift_range"":[-0.14,0.14],""drive_scale_range"":[0.6,1.3],""inertia_scale_range"":[0.8,1.3],""mass_scale_range"":[0.8,1.28],""mu_range"":[0.35,0.55],""tire_stiffness_scale_range"":[0.58,1.42]},""road_lookahead_count"":8,""road_lookahead_spacing"":5.0,""speed_range"":[10.0,15.0],""termination_penalty"":8.0,""track_kind"":""circle"",""track_radius"":18.0,""track_width"":5.5,""warmup_gate"":{""distance_range"":[12.0,30.0],""enabled"":true,""finish_pass_distance"":2.0,""half_width_range"":[0.35,0.85],""lateral_offset_range"":[-1.2,1.2],""max_active_steps"":25,""reveal_step"":100},""wheel_observation_mode"":""none""}","{""action_history_mode"":""full"",""beta_target_range"":[0.04,0.32],""dt"":0.02,""friction_limited_speed"":true,""friction_speed_margin"":0.92,""friction_step"":{""enabled"":true,""mu_range"":[0.3,1.15],""resample_speed_ref"":false,""step_range"":[8,40]},""history_length"":1,""include_privileged_params"":false,""max_steps"":800,""obstacle"":{""allowed_labels"":[""aes_feasible"",""drift_required"",""unavoidable""],""brake_mu_fraction"":0.9,""clearance_margin_reward_clip"":0.25,""clearance_margin_reward_scale"":0.0,""collision_penalty"":25.0,""conventional_lateral_mu_fraction"":0.42,""dense_clearance_margin_reward_clip"":0.25,""dense_clearance_margin_reward_scale"":0.0,""dense_clearance_margin_reward_window"":8.0,""distance_range"":[1.0,8.680555555555557],""drift_lateral_mu_fraction"":0.85,""ego_half_width"":0.9,""enabled"":true,""finish_on_pass"":true,""finish_pass_distance"":2.0,""half_width_range"":[0.2,0.9940476190476191],""max_sample_attempts"":10000,""max_threshold_score"":0.25,""min_time_after_friction_step"":0.1,""pass_reward"":12.0,""perception_reveal_distance"":null,""perception_reveal_step"":50,""require_aeb_infeasible"":true,""safety_margin"":0.3,""stable_aes_beta_limit"":0.2,""stable_aes_drift_bonus_scale"":0.18,""stable_aes_sideslip_penalty"":2.8},""obstacle_relative_velocity_mode"":""zero"",""obstacle_slots"":4,""privileged_observation_mode"":""basic"",""randomization"":{""actuator_tau_scale_range"":[0.75,1.65],""brake_scale_range"":[0.55,1.35],""cg_shift_range"":[-0.14,0.14],""drive_scale_range"":[0.6,1.3],""inertia_scale_range"":[0.8,1.3],""mass_scale_range"":[0.8,1.28],""mu_range"":[0.35,0.55],""tire_stiffness_scale_range"":[0.58,1.42]},""road_lookahead_count"":8,""road_lookahead_spacing"":5.0,""speed_range"":[10.0,15.0],""termination_penalty"":8.0,""track_kind"":""circle"",""track_radius"":18.0,""track_width"":5.5,""warmup_gate"":{""distance_range"":[12.0,30.0],""enabled"":true,""finish_pass_distance"":2.0,""half_width_range"":[0.35,0.85],""lateral_offset_range"":[-1.2,1.2],""max_active_steps"":25,""reveal_step"":100},""wheel_observation_mode"":""none""}"
m2063-osd-osd_v0_0196_t4,False,"{""action_history_mode"":""full"",""beta_target_range"":[0.04,0.32],""dt"":0.02,""friction_limited_speed"":true,""friction_speed_margin"":0.92,""friction_step"":{""enabled"":true,""mu_range"":[0.3,1.15],""resample_speed_ref"":false,""step_range"":[8,40]},""history_length"":1,""include_privileged_params"":false,""max_steps"":800,""obstacle"":{""allowed_labels"":[""aes_feasible"",""drift_required"",""unavoidable""],""brake_mu_fraction"":0.9,""clearance_margin_reward_clip"":0.25,""clearance_margin_reward_scale"":0.0,""collision_penalty"":25.0,""conventional_lateral_mu_fraction"":0.42,""dense_clearance_margin_reward_clip"":0.25,""dense_clearance_margin_reward_scale"":0.0,""dense_clearance_margin_reward_window"":8.0,""distance_range"":[9.847222222222225,21.847222222222225],""drift_lateral_mu_fraction"":0.85,""ego_half_width"":0.9,""enabled"":true,""finish_on_pass"":true,""finish_pass_distance"":2.0,""half_width_range"":[0.4464285714285715,1.2464285714285714],""max_sample_attempts"":10000,""max_threshold_score"":0.25,""min_time_after_friction_step"":0.1,""pass_reward"":12.0,""perception_reveal_distance"":null,""perception_reveal_step"":75,""require_aeb_infeasible"":true,""safety_margin"":0.3,""stable_aes_beta_limit"":0.2,""stable_aes_drift_bonus_scale"":0.18,""stable_aes_sideslip_penalty"":2.8},""obstacle_relative_velocity_mode"":""zero"",""obstacle_slots"":4,""privileged_observation_mode"":""basic"",""randomization"":{""actuator_tau_scale_range"":[0.65,2.2],""brake_scale_range"":[0.55,1.35],""cg_shift_range"":[-0.14,0.14],""drive_scale_range"":[0.6,1.3],""inertia_scale_range"":[0.8,1.3],""mass_scale_range"":[0.8,1.28],""mu_range"":[0.28,1.05],""tire_stiffness_scale_range"":[0.58,1.42]},""road_lookahead_count"":8,""road_lookahead_spacing"":5.0,""speed_range"":[14.0,20.0],""termination_penalty"":8.0,""track_kind"":""circle"",""track_radius"":60.0,""track_width"":4.4,""warmup_gate"":{""distance_range"":[12.0,30.0],""enabled"":true,""finish_pass_distance"":2.0,""half_width_range"":[0.35,0.85],""lateral_offset_range"":[-1.2,1.2],""max_active_steps"":50,""reveal_step"":150},""wheel_observation_mode"":""none""}","{""action_history_mode"":""full"",""beta_target_range"":[0.04,0.32],""dt"":0.02,""friction_limited_speed"":true,""friction_speed_margin"":0.92,""friction_step"":{""enabled"":true,""mu_range"":[0.3,1.15],""resample_speed_ref"":false,""step_range"":[8,40]},""history_length"":1,""include_privileged_params"":false,""max_steps"":800,""obstacle"":{""allowed_labels"":[""aes_feasible"",""drift_required"",""unavoidable""],""brake_mu_fraction"":0.9,""clearance_margin_reward_clip"":0.25,""clearance_margin_reward_scale"":0.0,""collision_penalty"":25.0,""conventional_lateral_mu_fraction"":0.42,""dense_clearance_margin_reward_clip"":0.25,""dense_clearance_margin_reward_scale"":0.0,""dense_clearance_margin_reward_window"":8.0,""distance_range"":[9.847222222222225,21.847222222222225],""drift_lateral_mu_fraction"":0.85,""ego_half_width"":0.9,""enabled"":true,""finish_on_pass"":true,""finish_pass_distance"":2.0,""half_width_range"":[0.4464285714285715,1.2464285714285714],""max_sample_attempts"":10000,""max_threshold_score"":0.25,""min_time_after_friction_step"":0.1,""pass_reward"":12.0,""perception_reveal_distance"":null,""perception_reveal_step"":75,""require_aeb_infeasible"":true,""safety_margin"":0.3,""stable_aes_beta_limit"":0.2,""stable_aes_drift_bonus_scale"":0.18,""stable_aes_sideslip_penalty"":2.8},""obstacle_relative_velocity_mode"":""zero"",""obstacle_slots"":4,""privileged_observation_mode"":""basic"",""randomization"":{""actuator_tau_scale_range"":[0.65,2.2],""brake_scale_range"":[0.55,1.35],""cg_shift_range"":[-0.14,0.14],""drive_scale_range"":[0.6,1.3],""inertia_scale_range"":[0.8,1.3],""mass_scale_range"":[0.8,1.28],""mu_range"":[0.28,1.05],""tire_stiffness_scale_range"":[0.58,1.42]},""road_lookahead_count"":8,""road_lookahead_spacing"":5.0,""speed_range"":[14.0,20.0],""termination_penalty"":8.0,""track_kind"":""circle"",""track_radius"":60.0,""track_width"":4.4,""warmup_gate"":{""distance_range"":[12.0,30.0],""enabled"":true,""finish_pass_distance"":2.0,""half_width_range"":[0.35,0.85],""lateral_offset_range"":[-1.2,1.2],""max_active_steps"":50,""reveal_step"":150},""wheel_observation_mode"":""none""}"
m2063-osd-osd_v0_0197_t4,False,"{""action_history_mode"":""full"",""beta_target_range"":[0.04,0.32],""dt"":0.02,""friction_limited_speed"":true,""friction_speed_margin"":0.92,""friction_step"":{""enabled"":true,""mu_range"":[0.3,1.15],""resample_speed_ref"":false,""step_range"":[8,40]},""history_length"":1,""include_privileged_params"":false,""max_steps"":800,""obstacle"":{""allowed_labels"":[""aes_feasible"",""drift_required"",""unavoidable""],""brake_mu_fraction"":0.9,""clearance_margin_reward_clip"":0.25,""clearance_margin_reward_scale"":0.0,""collision_penalty"":25.0,""conventional_lateral_mu_fraction"":0.42,""dense_clearance_margin_reward_clip"":0.25,""dense_clearance_margin_reward_scale"":0.0,""dense_clearance_margin_reward_window"":8.0,""distance_range"":[1.0,10.875],""drift_lateral_mu_fraction"":0.85,""ego_half_width"":0.9,""enabled"":true,""finish_on_pass"":true,""finish_pass_distance"":2.0,""half_width_range"":[0.2,0.9940476190476191],""max_sample_attempts"":10000,""max_threshold_score"":0.25,""min_time_after_friction_step"":0.1,""pass_reward"":12.0,""perception_reveal_distance"":null,""perception_reveal_step"":100,""require_aeb_infeasible"":true,""safety_margin"":0.3,""stable_aes_beta_limit"":0.2,""stable_aes_drift_bonus_scale"":0.18,""stable_aes_sideslip_penalty"":2.8},""obstacle_relative_velocity_mode"":""zero"",""obstacle_slots"":4,""privileged_observation_mode"":""basic"",""randomization"":{""actuator_tau_scale_range"":[1.8,2.8],""brake_scale_range"":[0.55,1.35],""cg_shift_range"":[-0.14,0.14],""drive_scale_range"":[0.6,1.3],""inertia_scale_range"":[0.8,1.3],""mass_scale_range"":[0.8,1.28],""mu_range"":[0.45,0.85],""tire_stiffness_scale_range"":[0.58,1.42]},""road_lookahead_count"":8,""road_lookahead_spacing"":5.0,""speed_range"":[7.0,11.0],""termination_penalty"":8.0,""track_kind"":""circle"",""track_radius"":32.0,""track_width"":7.0,""warmup_gate"":{""distance_range"":[12.0,30.0],""enabled"":true,""finish_pass_distance"":2.0,""half_width_range"":[0.35,0.85],""lateral_offset_range"":[-1.2,1.2],""max_active_steps"":75,""reveal_step"":200},""wheel_observation_mode"":""none""}","{""action_history_mode"":""full"",""beta_target_range"":[0.04,0.32],""dt"":0.02,""friction_limited_speed"":true,""friction_speed_margin"":0.92,""friction_step"":{""enabled"":true,""mu_range"":[0.3,1.15],""resample_speed_ref"":false,""step_range"":[8,40]},""history_length"":1,""include_privileged_params"":false,""max_steps"":800,""obstacle"":{""allowed_labels"":[""aes_feasible"",""drift_required"",""unavoidable""],""brake_mu_fraction"":0.9,""clearance_margin_reward_clip"":0.25,""clearance_margin_reward_scale"":0.0,""collision_penalty"":25.0,""conventional_lateral_mu_fraction"":0.42,""dense_clearance_margin_reward_clip"":0.25,""dense_clearance_margin_reward_scale"":0.0,""dense_clearance_margin_reward_window"":8.0,""distance_range"":[1.0,10.875],""drift_lateral_mu_fraction"":0.85,""ego_half_width"":0.9,""enabled"":true,""finish_on_pass"":true,""finish_pass_distance"":2.0,""half_width_range"":[0.2,0.9940476190476191],""max_sample_attempts"":10000,""max_threshold_score"":0.25,""min_time_after_friction_step"":0.1,""pass_reward"":12.0,""perception_reveal_distance"":null,""perception_reveal_step"":100,""require_aeb_infeasible"":true,""safety_margin"":0.3,""stable_aes_beta_limit"":0.2,""stable_aes_drift_bonus_scale"":0.18,""stable_aes_sideslip_penalty"":2.8},""obstacle_relative_velocity_mode"":""zero"",""obstacle_slots"":4,""privileged_observation_mode"":""basic"",""randomization"":{""actuator_tau_scale_range"":[1.8,2.8],""brake_scale_range"":[0.55,1.35],""cg_shift_range"":[-0.14,0.14],""drive_scale_range"":[0.6,1.3],""inertia_scale_range"":[0.8,1.3],""mass_scale_range"":[0.8,1.28],""mu_range"":[0.45,0.85],""tire_stiffness_scale_range"":[0.58,1.42]},""road_lookahead_count"":8,""road_lookahead_spacing"":5.0,""speed_range"":[7.0,11.0],""termination_penalty"":8.0,""track_kind"":""circle"",""track_radius"":32.0,""track_width"":7.0,""warmup_gate"":{""distance_range"":[12.0,30.0],""enabled"":true,""finish_pass_distance"":2.0,""half_width_range"":[0.35,0.85],""lateral_offset_range"":[-1.2,1.2],""max_active_steps"":75,""reveal_step"":200},""wheel_observation_mode"":""none""}"
m2063-osd-osd_v0_0198_t4,False,"{""action_history_mode"":""full"",""beta_target_range"":[0.04,0.32],""dt"":0.02,""friction_limited_speed"":true,""friction_speed_margin"":0.92,""friction_step"":{""enabled"":true,""mu_range"":[0.3,1.15],""resample_speed_ref"":false,""step_range"":[8,40]},""history_length"":1,""include_privileged_params"":false,""max_steps"":800,""obstacle"":{""allowed_labels"":[""aes_feasible"",""drift_required"",""unavoidable""],""brake_mu_fraction"":0.9,""clearance_margin_reward_clip"":0.25,""clearance_margin_reward_scale"":0.0,""collision_penalty"":25.0,""conventional_lateral_mu_fraction"":0.42,""dense_clearance_margin_reward_clip"":0.25,""dense_clearance_margin_reward_scale"":0.0,""dense_clearance_margin_reward_window"":8.0,""distance_range"":[1.0,8.680555555555557],""drift_lateral_mu_fraction"":0.85,""ego_half_width"":0.9,""enabled"":true,""finish_on_pass"":true,""finish_pass_distance"":2.0,""half_width_range"":[0.2,0.9940476190476191],""max_sample_attempts"":10000,""max_threshold_score"":0.25,""min_time_after_friction_step"":0.1,""pass_reward"":12.0,""perception_reveal_distance"":null,""perception_reveal_step"":10,""require_aeb_infeasible"":true,""safety_margin"":0.3,""stable_aes_beta_limit"":0.2,""stable_aes_drift_bonus_scale"":0.18,""stable_aes_sideslip_penalty"":2.8},""obstacle_relative_velocity_mode"":""zero"",""obstacle_slots"":4,""privileged_observation_mode"":""basic"",""randomization"":{""actuator_tau_scale_range"":[0.65,1.35],""brake_scale_range"":[0.55,1.35],""cg_shift_range"":[-0.14,0.14],""drive_scale_range"":[0.6,1.3],""inertia_scale_range"":[0.8,1.3],""mass_scale_range"":[0.8,1.28],""mu_range"":[0.75,1.05],""tire_stiffness_scale_range"":[0.58,1.42]},""road_lookahead_count"":8,""road_lookahead_spacing"":5.0,""speed_range"":[10.0,15.0],""termination_penalty"":8.0,""track_kind"":""circle"",""track_radius"":18.0,""track_width"":5.5,""warmup_gate"":{""distance_range"":[12.0,30.0],""enabled"":true,""finish_pass_distance"":2.0,""half_width_range"":[0.35,0.85],""lateral_offset_range"":[-1.2,1.2],""max_active_steps"":25,""reveal_step"":20},""wheel_observation_mode"":""none""}","{""action_history_mode"":""full"",""beta_target_range"":[0.04,0.32],""dt"":0.02,""friction_limited_speed"":true,""friction_speed_margin"":0.92,""friction_step"":{""enabled"":true,""mu_range"":[0.3,1.15],""resample_speed_ref"":false,""step_range"":[8,40]},""history_length"":1,""include_privileged_params"":false,""max_steps"":800,""obstacle"":{""allowed_labels"":[""aes_feasible"",""drift_required"",""unavoidable""],""brake_mu_fraction"":0.9,""clearance_margin_reward_clip"":0.25,""clearance_margin_reward_scale"":0.0,""collision_penalty"":25.0,""conventional_lateral_mu_fraction"":0.42,""dense_clearance_margin_reward_clip"":0.25,""dense_clearance_margin_reward_scale"":0.0,""dense_clearance_margin_reward_window"":8.0,""distance_range"":[1.0,8.680555555555557],""drift_lateral_mu_fraction"":0.85,""ego_half_width"":0.9,""enabled"":true,""finish_on_pass"":true,""finish_pass_distance"":2.0,""half_width_range"":[0.2,0.9940476190476191],""max_sample_attempts"":10000,""max_threshold_score"":0.25,""min_time_after_friction_step"":0.1,""pass_reward"":12.0,""perception_reveal_distance"":null,""perception_reveal_step"":10,""require_aeb_infeasible"":true,""safety_margin"":0.3,""stable_aes_beta_limit"":0.2,""stable_aes_drift_bonus_scale"":0.18,""stable_aes_sideslip_penalty"":2.8},""obstacle_relative_velocity_mode"":""zero"",""obstacle_slots"":4,""privileged_observation_mode"":""basic"",""randomization"":{""actuator_tau_scale_range"":[0.65,1.35],""brake_scale_range"":[0.55,1.35],""cg_shift_range"":[-0.14,0.14],""drive_scale_range"":[0.6,1.3],""inertia_scale_range"":[0.8,1.3],""mass_scale_range"":[0.8,1.28],""mu_range"":[0.75,1.05],""tire_stiffness_scale_range"":[0.58,1.42]},""road_lookahead_count"":8,""road_lookahead_spacing"":5.0,""speed_range"":[10.0,15.0],""termination_penalty"":8.0,""track_kind"":""circle"",""track_radius"":18.0,""track_width"":5.5,""warmup_gate"":{""distance_range"":[12.0,30.0],""enabled"":true,""finish_pass_distance"":2.0,""half_width_range"":[0.35,0.85],""lateral_offset_range"":[-1.2,1.2],""max_active_steps"":25,""reveal_step"":20},""wheel_observation_mode"":""none""}"
m2063-osd-osd_v0_0199_t4,False,"{""action_history_mode"":""full"",""beta_target_range"":[0.04,0.32],""dt"":0.02,""friction_limited_speed"":true,""friction_speed_margin"":0.92,""friction_step"":{""enabled"":true,""mu_range"":[0.3,1.15],""resample_speed_ref"":false,""step_range"":[8,40]},""history_length"":1,""include_privileged_params"":false,""max_steps"":800,""obstacle"":{""allowed_labels"":[""aes_feasible"",""drift_required"",""unavoidable""],""brake_mu_fraction"":0.9,""clearance_margin_reward_clip"":0.25,""clearance_margin_reward_scale"":0.0,""collision_penalty"":25.0,""conventional_lateral_mu_fraction"":0.42,""dense_clearance_margin_reward_clip"":0.25,""dense_clearance_margin_reward_scale"":0.0,""dense_clearance_margin_reward_window"":8.0,""distance_range"":[12.041666666666668,24.041666666666668],""drift_lateral_mu_fraction"":0.85,""ego_half_width"":0.9,""enabled"":true,""finish_on_pass"":true,""finish_pass_distance"":2.0,""half_width_range"":[0.3035714285714286,1.1035714285714286],""max_sample_attempts"":10000,""max_threshold_score"":0.25,""min_time_after_friction_step"":0.1,""pass_reward"":12.0,""perception_reveal_distance"":null,""perception_reveal_step"":25,""require_aeb_infeasible"":true,""safety_margin"":0.3,""stable_aes_beta_limit"":0.2,""stable_aes_drift_bonus_scale"":0.18,""stable_aes_sideslip_penalty"":2.8},""obstacle_relative_velocity_mode"":""zero"",""obstacle_slots"":4,""privileged_observation_mode"":""basic"",""randomization"":{""actuator_tau_scale_range"":[0.75,1.65],""brake_scale_range"":[0.55,1.35],""cg_shift_range"":[-0.14,0.14],""drive_scale_range"":[0.6,1.3],""inertia_scale_range"":[0.8,1.3],""mass_scale_range"":[0.8,1.28],""mu_range"":[0.35,0.55],""tire_stiffness_scale_range"":[0.58,1.42]},""road_lookahead_count"":8,""road_lookahead_spacing"":5.0,""speed_range"":[14.0,20.0],""termination_penalty"":8.0,""track_kind"":""circle"",""track_radius"":60.0,""track_width"":4.4,""warmup_gate"":{""distance_range"":[12.0,30.0],""enabled"":true,""finish_pass_distance"":2.0,""half_width_range"":[0.35,0.85],""lateral_offset_range"":[-1.2,1.2],""max_active_steps"":50,""reveal_step"":50},""wheel_observation_mode"":""none""}","{""action_history_mode"":""full"",""beta_target_range"":[0.04,0.32],""dt"":0.02,""friction_limited_speed"":true,""friction_speed_margin"":0.92,""friction_step"":{""enabled"":true,""mu_range"":[0.3,1.15],""resample_speed_ref"":false,""step_range"":[8,40]},""history_length"":1,""include_privileged_params"":false,""max_steps"":800,""obstacle"":{""allowed_labels"":[""aes_feasible"",""drift_required"",""unavoidable""],""brake_mu_fraction"":0.9,""clearance_margin_reward_clip"":0.25,""clearance_margin_reward_scale"":0.0,""collision_penalty"":25.0,""conventional_lateral_mu_fraction"":0.42,""dense_clearance_margin_reward_clip"":0.25,""dense_clearance_margin_reward_scale"":0.0,""dense_clearance_margin_reward_window"":8.0,""distance_range"":[12.041666666666668,24.041666666666668],""drift_lateral_mu_fraction"":0.85,""ego_half_width"":0.9,""enabled"":true,""finish_on_pass"":true,""finish_pass_distance"":2.0,""half_width_range"":[0.3035714285714286,1.1035714285714286],""max_sample_attempts"":10000,""max_threshold_score"":0.25,""min_time_after_friction_step"":0.1,""pass_reward"":12.0,""perception_reveal_distance"":null,""perception_reveal_step"":25,""require_aeb_infeasible"":true,""safety_margin"":0.3,""stable_aes_beta_limit"":0.2,""stable_aes_drift_bonus_scale"":0.18,""stable_aes_sideslip_penalty"":2.8},""obstacle_relative_velocity_mode"":""zero"",""obstacle_slots"":4,""privileged_observation_mode"":""basic"",""randomization"":{""actuator_tau_scale_range"":[0.75,1.65],""brake_scale_range"":[0.55,1.35],""cg_shift_range"":[-0.14,0.14],""drive_scale_range"":[0.6,1.3],""inertia_scale_range"":[0.8,1.3],""mass_scale_range"":[0.8,1.28],""mu_range"":[0.35,0.55],""tire_stiffness_scale_range"":[0.58,1.42]},""road_lookahead_count"":8,""road_lookahead_spacing"":5.0,""speed_range"":[14.0,20.0],""termination_penalty"":8.0,""track_kind"":""circle"",""track_radius"":60.0,""track_width"":4.4,""warmup_gate"":{""distance_range"":[12.0,30.0],""enabled"":true,""finish_pass_distance"":2.0,""half_width_range"":[0.35,0.85],""lateral_offset_range"":[-1.2,1.2],""max_active_steps"":50,""reveal_step"":50},""wheel_observation_mode"":""none""}"
m2063-osd-osd_v0_0200_t4,False,"{""action_history_mode"":""full"",""beta_target_range"":[0.04,0.32],""dt"":0.02,""friction_limited_speed"":true,""friction_speed_margin"":0.92,""friction_step"":{""enabled"":true,""mu_range"":[0.3,1.15],""resample_speed_ref"":false,""step_range"":[8,40]},""history_length"":1,""include_privileged_params"":false,""max_steps"":800,""obstacle"":{""allowed_labels"":[""aes_feasible"",""drift_required"",""unavoidable""],""brake_mu_fraction"":0.9,""clearance_margin_reward_clip"":0.25,""clearance_margin_reward_scale"":0.0,""collision_penalty"":25.0,""conventional_lateral_mu_fraction"":0.42,""dense_clearance_margin_reward_clip"":0.25,""dense_clearance_margin_reward_scale"":0.0,""dense_clearance_margin_reward_window"":8.0,""distance_range"":[1.6180555555555554,13.618055555555555],""drift_lateral_mu_fraction"":0.85,""ego_half_width"":0.9,""enabled"":true,""finish_on_pass"":true,""finish_pass_distance"":2.0,""half_width_range"":[0.2,0.9940476190476191],""max_sample_attempts"":10000,""max_threshold_score"":1.0,""min_time_after_friction_step"":0.1,""pass_reward"":12.0,""perception_reveal_distance"":null,""perception_reveal_step"":50,""require_aeb_infeasible"":true,""safety_margin"":0.3,""stable_aes_beta_limit"":0.2,""stable_aes_drift_bonus_scale"":0.18,""stable_aes_sideslip_penalty"":2.8},""obstacle_relative_velocity_mode"":""zero"",""obstacle_slots"":4,""privileged_observation_mode"":""basic"",""randomization"":{""actuator_tau_scale_range"":[0.65,2.2],""brake_scale_range"":[0.55,1.35],""cg_shift_range"":[-0.14,0.14],""drive_scale_range"":[0.6,1.3],""inertia_scale_range"":[0.8,1.3],""mass_scale_range"":[0.8,1.28],""mu_range"":[0.28,1.05],""tire_stiffness_scale_range"":[0.58,1.42]},""road_lookahead_count"":8,""road_lookahead_spacing"":5.0,""speed_range"":[7.0,11.0],""termination_penalty"":8.0,""track_kind"":""circle"",""track_radius"":32.0,""track_width"":7.0,""warmup_gate"":{""distance_range"":[12.0,30.0],""enabled"":true,""finish_pass_distance"":2.0,""half_width_range"":[0.35,0.85],""lateral_offset_range"":[-1.2,1.2],""max_active_steps"":75,""reveal_step"":100},""wheel_observation_mode"":""none""}","{""action_history_mode"":""full"",""beta_target_range"":[0.04,0.32],""dt"":0.02,""friction_limited_speed"":true,""friction_speed_margin"":0.92,""friction_step"":{""enabled"":true,""mu_range"":[0.3,1.15],""resample_speed_ref"":false,""step_range"":[8,40]},""history_length"":1,""include_privileged_params"":false,""max_steps"":800,""obstacle"":{""allowed_labels"":[""aes_feasible"",""drift_required"",""unavoidable""],""brake_mu_fraction"":0.9,""clearance_margin_reward_clip"":0.25,""clearance_margin_reward_scale"":0.0,""collision_penalty"":25.0,""conventional_lateral_mu_fraction"":0.42,""dense_clearance_margin_reward_clip"":0.25,""dense_clearance_margin_reward_scale"":0.0,""dense_clearance_margin_reward_window"":8.0,""distance_range"":[1.6180555555555554,13.618055555555555],""drift_lateral_mu_fraction"":0.85,""ego_half_width"":0.9,""enabled"":true,""finish_on_pass"":true,""finish_pass_distance"":2.0,""half_width_range"":[0.2,0.9940476190476191],""max_sample_attempts"":10000,""max_threshold_score"":1.0,""min_time_after_friction_step"":0.1,""pass_reward"":12.0,""perception_reveal_distance"":null,""perception_reveal_step"":50,""require_aeb_infeasible"":true,""safety_margin"":0.3,""stable_aes_beta_limit"":0.2,""stable_aes_drift_bonus_scale"":0.18,""stable_aes_sideslip_penalty"":2.8},""obstacle_relative_velocity_mode"":""zero"",""obstacle_slots"":4,""privileged_observation_mode"":""basic"",""randomization"":{""actuator_tau_scale_range"":[0.65,2.2],""brake_scale_range"":[0.55,1.35],""cg_shift_range"":[-0.14,0.14],""drive_scale_range"":[0.6,1.3],""inertia_scale_range"":[0.8,1.3],""mass_scale_range"":[0.8,1.28],""mu_range"":[0.28,1.05],""tire_stiffness_scale_range"":[0.58,1.42]},""road_lookahead_count"":8,""road_lookahead_spacing"":5.0,""speed_range"":[7.0,11.0],""termination_penalty"":8.0,""track_kind"":""circle"",""track_radius"":32.0,""track_width"":7.0,""warmup_gate"":{""distance_range"":[12.0,30.0],""enabled"":true,""finish_pass_distance"":2.0,""half_width_range"":[0.35,0.85],""lateral_offset_range"":[-1.2,1.2],""max_active_steps"":75,""reveal_step"":100},""wheel_observation_mode"":""none""}"
m2063-osd-osd_v0_0201_t4,False,"{""action_history_mode"":""full"",""beta_target_range"":[0.04,0.32],""dt"":0.02,""friction_limited_speed"":true,""friction_speed_margin"":0.92,""friction_step"":{""enabled"":true,""mu_range"":[0.3,1.15],""resample_speed_ref"":false,""step_range"":[8,40]},""history_length"":1,""include_privileged_params"":false,""max_steps"":800,""obstacle"":{""allowed_labels"":[""aes_feasible"",""drift_required"",""unavoidable""],""brake_mu_fraction"":0.9,""clearance_margin_reward_clip"":0.25,""clearance_margin_reward_scale"":0.0,""collision_penalty"":25.0,""conventional_lateral_mu_fraction"":0.42,""dense_clearance_margin_reward_clip"":0.25,""dense_clearance_margin_reward_scale"":0.0,""dense_clearance_margin_reward_window"":8.0,""distance_range"":[1.0,8.680555555555557],""drift_lateral_mu_fraction"":0.85,""ego_half_width"":0.9,""enabled"":true,""finish_on_pass"":true,""finish_pass_distance"":2.0,""half_width_range"":[0.2,0.9940476190476191],""max_sample_attempts"":10000,""max_threshold_score"":0.25,""min_time_after_friction_step"":0.1,""pass_reward"":12.0,""perception_reveal_distance"":null,""perception_reveal_step"":75,""require_aeb_infeasible"":true,""safety_margin"":0.3,""stable_aes_beta_limit"":0.2,""stable_aes_drift_bonus_scale"":0.18,""stable_aes_sideslip_penalty"":2.8},""obstacle_relative_velocity_mode"":""zero"",""obstacle_slots"":4,""privileged_observation_mode"":""basic"",""randomization"":{""actuator_tau_scale_range"":[1.8,2.8],""brake_scale_range"":[0.55,1.35],""cg_shift_range"":[-0.14,0.14],""drive_scale_range"":[0.6,1.3],""inertia_scale_range"":[0.8,1.3],""mass_scale_range"":[0.8,1.28],""mu_range"":[0.45,0.85],""tire_stiffness_scale_range"":[0.58,1.42]},""road_lookahead_count"":8,""road_lookahead_spacing"":5.0,""speed_range"":[10.0,15.0],""termination_penalty"":8.0,""track_kind"":""circle"",""track_radius"":18.0,""track_width"":5.5,""warmup_gate"":{""distance_range"":[12.0,30.0],""enabled"":true,""finish_pass_distance"":2.0,""half_width_range"":[0.35,0.85],""lateral_offset_range"":[-1.2,1.2],""max_active_steps"":25,""reveal_step"":150},""wheel_observation_mode"":""none""}","{""action_history_mode"":""full"",""beta_target_range"":[0.04,0.32],""dt"":0.02,""friction_limited_speed"":true,""friction_speed_margin"":0.92,""friction_step"":{""enabled"":true,""mu_range"":[0.3,1.15],""resample_speed_ref"":false,""step_range"":[8,40]},""history_length"":1,""include_privileged_params"":false,""max_steps"":800,""obstacle"":{""allowed_labels"":[""aes_feasible"",""drift_required"",""unavoidable""],""brake_mu_fraction"":0.9,""clearance_margin_reward_clip"":0.25,""clearance_margin_reward_scale"":0.0,""collision_penalty"":25.0,""conventional_lateral_mu_fraction"":0.42,""dense_clearance_margin_reward_clip"":0.25,""dense_clearance_margin_reward_scale"":0.0,""dense_clearance_margin_reward_window"":8.0,""distance_range"":[1.0,8.680555555555557],""drift_lateral_mu_fraction"":0.85,""ego_half_width"":0.9,""enabled"":true,""finish_on_pass"":true,""finish_pass_distance"":2.0,""half_width_range"":[0.2,0.9940476190476191],""max_sample_attempts"":10000,""max_threshold_score"":0.25,""min_time_after_friction_step"":0.1,""pass_reward"":12.0,""perception_reveal_distance"":null,""perception_reveal_step"":75,""require_aeb_infeasible"":true,""safety_margin"":0.3,""stable_aes_beta_limit"":0.2,""stable_aes_drift_bonus_scale"":0.18,""stable_aes_sideslip_penalty"":2.8},""obstacle_relative_velocity_mode"":""zero"",""obstacle_slots"":4,""privileged_observation_mode"":""basic"",""randomization"":{""actuator_tau_scale_range"":[1.8,2.8],""brake_scale_range"":[0.55,1.35],""cg_shift_range"":[-0.14,0.14],""drive_scale_range"":[0.6,1.3],""inertia_scale_range"":[0.8,1.3],""mass_scale_range"":[0.8,1.28],""mu_range"":[0.45,0.85],""tire_stiffness_scale_range"":[0.58,1.42]},""road_lookahead_count"":8,""road_lookahead_spacing"":5.0,""speed_range"":[10.0,15.0],""termination_penalty"":8.0,""track_kind"":""circle"",""track_radius"":18.0,""track_width"":5.5,""warmup_gate"":{""distance_range"":[12.0,30.0],""enabled"":true,""finish_pass_distance"":2.0,""half_width_range"":[0.35,0.85],""lateral_offset_range"":[-1.2,1.2],""max_active_steps"":25,""reveal_step"":150},""wheel_observation_mode"":""none""}"
m2063-osd-osd_v0_0202_t4,False,"{""action_history_mode"":""full"",""beta_target_range"":[0.04,0.32],""dt"":0.02,""friction_limited_speed"":true,""friction_speed_margin"":0.92,""friction_step"":{""enabled"":true,""mu_range"":[0.3,1.15],""resample_speed_ref"":false,""step_range"":[8,40]},""history_length"":1,""include_privileged_params"":false,""max_steps"":800,""obstacle"":{""allowed_labels"":[""aes_feasible"",""drift_required"",""unavoidable""],""brake_mu_fraction"":0.9,""clearance_margin_reward_clip"":0.25,""clearance_margin_reward_scale"":0.0,""collision_penalty"":25.0,""conventional_lateral_mu_fraction"":0.42,""dense_clearance_margin_reward_clip"":0.25,""dense_clearance_margin_reward_scale"":0.0,""dense_clearance_margin_reward_window"":8.0,""distance_range"":[8.131944444444445,20.131944444444443],""drift_lateral_mu_fraction"":0.85,""ego_half_width"":0.9,""enabled"":true,""finish_on_pass"":true,""finish_pass_distance"":2.0,""half_width_range"":[0.46785714285714297,1.267857142857143],""max_sample_attempts"":10000,""max_threshold_score"":0.25,""min_time_after_friction_step"":0.1,""pass_reward"":12.0,""perception_reveal_distance"":null,""perception_reveal_step"":100,""require_aeb_infeasible"":true,""safety_margin"":0.3,""stable_aes_beta_limit"":0.2,""stable_aes_drift_bonus_scale"":0.18,""stable_aes_sideslip_penalty"":2.8},""obstacle_relative_velocity_mode"":""zero"",""obstacle_slots"":4,""privileged_observation_mode"":""basic"",""randomization"":{""actuator_tau_scale_range"":[0.65,1.35],""brake_scale_range"":[0.55,1.35],""cg_shift_range"":[-0.14,0.14],""drive_scale_range"":[0.6,1.3],""inertia_scale_range"":[0.8,1.3],""mass_scale_range"":[0.8,1.28],""mu_range"":[0.75,1.05],""tire_stiffness_scale_range"":[0.58,1.42]},""road_lookahead_count"":8,""road_lookahead_spacing"":5.0,""speed_range"":[14.0,20.0],""termination_penalty"":8.0,""track_kind"":""circle"",""track_radius"":60.0,""track_width"":4.4,""warmup_gate"":{""distance_range"":[12.0,30.0],""enabled"":true,""finish_pass_distance"":2.0,""half_width_range"":[0.35,0.85],""lateral_offset_range"":[-1.2,1.2],""max_active_steps"":50,""reveal_step"":200},""wheel_observation_mode"":""none""}","{""action_history_mode"":""full"",""beta_target_range"":[0.04,0.32],""dt"":0.02,""friction_limited_speed"":true,""friction_speed_margin"":0.92,""friction_step"":{""enabled"":true,""mu_range"":[0.3,1.15],""resample_speed_ref"":false,""step_range"":[8,40]},""history_length"":1,""include_privileged_params"":false,""max_steps"":800,""obstacle"":{""allowed_labels"":[""aes_feasible"",""drift_required"",""unavoidable""],""brake_mu_fraction"":0.9,""clearance_margin_reward_clip"":0.25,""clearance_margin_reward_scale"":0.0,""collision_penalty"":25.0,""conventional_lateral_mu_fraction"":0.42,""dense_clearance_margin_reward_clip"":0.25,""dense_clearance_margin_reward_scale"":0.0,""dense_clearance_margin_reward_window"":8.0,""distance_range"":[8.131944444444445,20.131944444444443],""drift_lateral_mu_fraction"":0.85,""ego_half_width"":0.9,""enabled"":true,""finish_on_pass"":true,""finish_pass_distance"":2.0,""half_width_range"":[0.46785714285714297,1.267857142857143],""max_sample_attempts"":10000,""max_threshold_score"":0.25,""min_time_after_friction_step"":0.1,""pass_reward"":12.0,""perception_reveal_distance"":null,""perception_reveal_step"":100,""require_aeb_infeasible"":true,""safety_margin"":0.3,""stable_aes_beta_limit"":0.2,""stable_aes_drift_bonus_scale"":0.18,""stable_aes_sideslip_penalty"":2.8},""obstacle_relative_velocity_mode"":""zero"",""obstacle_slots"":4,""privileged_observation_mode"":""basic"",""randomization"":{""actuator_tau_scale_range"":[0.65,1.35],""brake_scale_range"":[0.55,1.35],""cg_shift_range"":[-0.14,0.14],""drive_scale_range"":[0.6,1.3],""inertia_scale_range"":[0.8,1.3],""mass_scale_range"":[0.8,1.28],""mu_range"":[0.75,1.05],""tire_stiffness_scale_range"":[0.58,1.42]},""road_lookahead_count"":8,""road_lookahead_spacing"":5.0,""speed_range"":[14.0,20.0],""termination_penalty"":8.0,""track_kind"":""circle"",""track_radius"":60.0,""track_width"":4.4,""warmup_gate"":{""distance_range"":[12.0,30.0],""enabled"":true,""finish_pass_distance"":2.0,""half_width_range"":[0.35,0.85],""lateral_offset_range"":[-1.2,1.2],""max_active_steps"":50,""reveal_step"":200},""wheel_observation_mode"":""none""}"
m2063-osd-osd_v0_0203_t4,False,"{""action_history_mode"":""full"",""beta_target_range"":[0.04,0.32],""dt"":0.02,""friction_limited_speed"":true,""friction_speed_margin"":0.92,""friction_step"":{""enabled"":true,""mu_range"":[0.3,1.15],""resample_speed_ref"":false,""step_range"":[8,40]},""history_length"":1,""include_privileged_params"":false,""max_steps"":800,""obstacle"":{""allowed_labels"":[""aes_feasible"",""drift_required"",""unavoidable""],""brake_mu_fraction"":0.9,""clearance_margin_reward_clip"":0.25,""clearance_margin_reward_scale"":0.0,""collision_penalty"":25.0,""conventional_lateral_mu_fraction"":0.42,""dense_clearance_margin_reward_clip"":0.25,""dense_clearance_margin_reward_scale"":0.0,""dense_clearance_margin_reward_window"":8.0,""distance_range"":[1.0,11.972222222222223],""drift_lateral_mu_fraction"":0.85,""ego_half_width"":0.9,""enabled"":true,""finish_on_pass"":true,""finish_pass_distance"":2.0,""half_width_range"":[0.2,0.9940476190476191],""max_sample_attempts"":10000,""max_threshold_score"":0.25,""min_time_after_friction_step"":0.1,""pass_reward"":12.0,""perception_reveal_distance"":null,""perception_reveal_step"":10,""require_aeb_infeasible"":true,""safety_margin"":0.3,""stable_aes_beta_limit"":0.2,""stable_aes_drift_bonus_scale"":0.18,""stable_aes_sideslip_penalty"":2.8},""obstacle_relative_velocity_mode"":""zero"",""obstacle_slots"":4,""privileged_observation_mode"":""basic"",""randomization"":{""actuator_tau_scale_range"":[0.75,1.65],""brake_scale_range"":[0.55,1.35],""cg_shift_range"":[-0.14,0.14],""drive_scale_range"":[0.6,1.3],""inertia_scale_range"":[0.8,1.3],""mass_scale_range"":[0.8,1.28],""mu_range"":[0.35,0.55],""tire_stiffness_scale_range"":[0.58,1.42]},""road_lookahead_count"":8,""road_lookahead_spacing"":5.0,""speed_range"":[7.0,11.0],""termination_penalty"":8.0,""track_kind"":""circle"",""track_radius"":32.0,""track_width"":7.0,""warmup_gate"":{""distance_range"":[12.0,30.0],""enabled"":true,""finish_pass_distance"":2.0,""half_width_range"":[0.35,0.85],""lateral_offset_range"":[-1.2,1.2],""max_active_steps"":75,""reveal_step"":20},""wheel_observation_mode"":""none""}","{""action_history_mode"":""full"",""beta_target_range"":[0.04,0.32],""dt"":0.02,""friction_limited_speed"":true,""friction_speed_margin"":0.92,""friction_step"":{""enabled"":true,""mu_range"":[0.3,1.15],""resample_speed_ref"":false,""step_range"":[8,40]},""history_length"":1,""include_privileged_params"":false,""max_steps"":800,""obstacle"":{""allowed_labels"":[""aes_feasible"",""drift_required"",""unavoidable""],""brake_mu_fraction"":0.9,""clearance_margin_reward_clip"":0.25,""clearance_margin_reward_scale"":0.0,""collision_penalty"":25.0,""conventional_lateral_mu_fraction"":0.42,""dense_clearance_margin_reward_clip"":0.25,""dense_clearance_margin_reward_scale"":0.0,""dense_clearance_margin_reward_window"":8.0,""distance_range"":[1.0,11.972222222222223],""drift_lateral_mu_fraction"":0.85,""ego_half_width"":0.9,""enabled"":true,""finish_on_pass"":true,""finish_pass_distance"":2.0,""half_width_range"":[0.2,0.9940476190476191],""max_sample_attempts"":10000,""max_threshold_score"":0.25,""min_time_after_friction_step"":0.1,""pass_reward"":12.0,""perception_reveal_distance"":null,""perception_reveal_step"":10,""require_aeb_infeasible"":true,""safety_margin"":0.3,""stable_aes_beta_limit"":0.2,""stable_aes_drift_bonus_scale"":0.18,""stable_aes_sideslip_penalty"":2.8},""obstacle_relative_velocity_mode"":""zero"",""obstacle_slots"":4,""privileged_observation_mode"":""basic"",""randomization"":{""actuator_tau_scale_range"":[0.75,1.65],""brake_scale_range"":[0.55,1.35],""cg_shift_range"":[-0.14,0.14],""drive_scale_range"":[0.6,1.3],""inertia_scale_range"":[0.8,1.3],""mass_scale_range"":[0.8,1.28],""mu_range"":[0.35,0.55],""tire_stiffness_scale_range"":[0.58,1.42]},""road_lookahead_count"":8,""road_lookahead_spacing"":5.0,""speed_range"":[7.0,11.0],""termination_penalty"":8.0,""track_kind"":""circle"",""track_radius"":32.0,""track_width"":7.0,""warmup_gate"":{""distance_range"":[12.0,30.0],""enabled"":true,""finish_pass_distance"":2.0,""half_width_range"":[0.35,0.85],""lateral_offset_range"":[-1.2,1.2],""max_active_steps"":75,""reveal_step"":20},""wheel_observation_mode"":""none""}"
m2063-osd-osd_v0_0204_t5,False,"{""action_history_mode"":""full"",""beta_target_range"":[0.04,0.32],""dt"":0.02,""friction_limited_speed"":true,""friction_speed_margin"":0.92,""friction_step"":{""enabled"":true,""mu_range"":[0.3,1.15],""resample_speed_ref"":false,""step_range"":[8,40]},""history_length"":1,""include_privileged_params"":false,""max_steps"":800,""obstacle"":{""allowed_labels"":[""aes_feasible"",""drift_required"",""unavoidable""],""brake_mu_fraction"":0.9,""clearance_margin_reward_clip"":0.25,""clearance_margin_reward_scale"":0.0,""collision_penalty"":25.0,""conventional_lateral_mu_fraction"":0.42,""dense_clearance_margin_reward_clip"":0.25,""dense_clearance_margin_reward_scale"":0.0,""dense_clearance_margin_reward_window"":8.0,""distance_range"":[10.944444444444446,22.944444444444446],""drift_lateral_mu_fraction"":0.85,""ego_half_width"":0.9,""enabled"":true,""finish_on_pass"":true,""finish_pass_distance"":2.0,""half_width_range"":[0.5226190476190478,1.3226190476190478],""max_sample_attempts"":10000,""max_threshold_score"":0.25,""min_time_after_friction_step"":0.1,""pass_reward"":12.0,""perception_reveal_distance"":null,""perception_reveal_step"":0,""require_aeb_infeasible"":true,""safety_margin"":0.3,""stable_aes_beta_limit"":0.2,""stable_aes_drift_bonus_scale"":0.18,""stable_aes_sideslip_penalty"":2.8},""obstacle_relative_velocity_mode"":""zero"",""obstacle_slots"":4,""privileged_observation_mode"":""basic"",""randomization"":{""actuator_tau_scale_range"":[1.8,2.8],""brake_scale_range"":[0.55,1.35],""cg_shift_range"":[-0.14,0.14],""drive_scale_range"":[0.6,1.3],""inertia_scale_range"":[0.8,1.3],""mass_scale_range"":[0.8,1.28],""mu_range"":[0.45,0.85],""tire_stiffness_scale_range"":[0.58,1.42]},""road_lookahead_count"":8,""road_lookahead_spacing"":5.0,""speed_range"":[14.0,20.0],""termination_penalty"":8.0,""track_kind"":""circle"",""track_radius"":60.0,""track_width"":4.4,""warmup_gate"":{""distance_range"":[12.0,30.0],""enabled"":false,""finish_pass_distance"":2.0,""half_width_range"":[0.35,0.85],""lateral_offset_range"":[-1.2,1.2],""max_active_steps"":64,""reveal_step"":10},""wheel_observation_mode"":""none""}","{""action_history_mode"":""full"",""beta_target_range"":[0.04,0.32],""dt"":0.02,""friction_limited_speed"":true,""friction_speed_margin"":0.92,""friction_step"":{""enabled"":true,""mu_range"":[0.3,1.15],""resample_speed_ref"":false,""step_range"":[8,40]},""history_length"":1,""include_privileged_params"":false,""max_steps"":800,""obstacle"":{""allowed_labels"":[""aes_feasible"",""drift_required"",""unavoidable""],""brake_mu_fraction"":0.9,""clearance_margin_reward_clip"":0.25,""clearance_margin_reward_scale"":0.0,""collision_penalty"":25.0,""conventional_lateral_mu_fraction"":0.42,""dense_clearance_margin_reward_clip"":0.25,""dense_clearance_margin_reward_scale"":0.0,""dense_clearance_margin_reward_window"":8.0,""distance_range"":[10.944444444444446,22.944444444444446],""drift_lateral_mu_fraction"":0.85,""ego_half_width"":0.9,""enabled"":true,""finish_on_pass"":true,""finish_pass_distance"":2.0,""half_width_range"":[0.5226190476190478,1.3226190476190478],""max_sample_attempts"":10000,""max_threshold_score"":0.25,""min_time_after_friction_step"":0.1,""pass_reward"":12.0,""perception_reveal_distance"":null,""perception_reveal_step"":0,""require_aeb_infeasible"":true,""safety_margin"":0.3,""stable_aes_beta_limit"":0.2,""stable_aes_drift_bonus_scale"":0.18,""stable_aes_sideslip_penalty"":2.8},""obstacle_relative_velocity_mode"":""zero"",""obstacle_slots"":4,""privileged_observation_mode"":""basic"",""randomization"":{""actuator_tau_scale_range"":[1.8,2.8],""brake_scale_range"":[0.55,1.35],""cg_shift_range"":[-0.14,0.14],""drive_scale_range"":[0.6,1.3],""inertia_scale_range"":[0.8,1.3],""mass_scale_range"":[0.8,1.28],""mu_range"":[0.45,0.85],""tire_stiffness_scale_range"":[0.58,1.42]},""road_lookahead_count"":8,""road_lookahead_spacing"":5.0,""speed_range"":[14.0,20.0],""termination_penalty"":8.0,""track_kind"":""circle"",""track_radius"":60.0,""track_width"":4.4,""warmup_gate"":{""distance_range"":[12.0,30.0],""enabled"":false,""finish_pass_distance"":2.0,""half_width_range"":[0.35,0.85],""lateral_offset_range"":[-1.2,1.2],""max_active_steps"":64,""reveal_step"":10},""wheel_observation_mode"":""none""}"
m2063-osd-osd_v0_0205_t5,False,"{""action_history_mode"":""full"",""beta_target_range"":[0.04,0.32],""dt"":0.02,""friction_limited_speed"":true,""friction_speed_margin"":0.92,""friction_step"":{""enabled"":true,""mu_range"":[0.3,1.15],""resample_speed_ref"":false,""step_range"":[8,40]},""history_length"":1,""include_privileged_params"":false,""max_steps"":800,""obstacle"":{""allowed_labels"":[""aes_feasible"",""drift_required"",""unavoidable""],""brake_mu_fraction"":0.9,""clearance_margin_reward_clip"":0.25,""clearance_margin_reward_scale"":0.0,""collision_penalty"":25.0,""conventional_lateral_mu_fraction"":0.42,""dense_clearance_margin_reward_clip"":0.25,""dense_clearance_margin_reward_scale"":0.0,""dense_clearance_margin_reward_window"":8.0,""distance_range"":[1.0,8.680555555555557],""drift_lateral_mu_fraction"":0.85,""ego_half_width"":0.9,""enabled"":true,""finish_on_pass"":true,""finish_pass_distance"":2.0,""half_width_range"":[0.2,0.9940476190476191],""max_sample_attempts"":10000,""max_threshold_score"":0.5,""min_time_after_friction_step"":0.1,""pass_reward"":12.0,""perception_reveal_distance"":null,""perception_reveal_step"":10,""require_aeb_infeasible"":true,""safety_margin"":0.3,""stable_aes_beta_limit"":0.2,""stable_aes_drift_bonus_scale"":0.18,""stable_aes_sideslip_penalty"":2.8},""obstacle_relative_velocity_mode"":""zero"",""obstacle_slots"":4,""privileged_observation_mode"":""basic"",""randomization"":{""actuator_tau_scale_range"":[0.65,1.35],""brake_scale_range"":[0.55,1.35],""cg_shift_range"":[-0.14,0.14],""drive_scale_range"":[0.6,1.3],""inertia_scale_range"":[0.8,1.3],""mass_scale_range"":[0.8,1.28],""mu_range"":[0.75,1.05],""tire_stiffness_scale_range"":[0.58,1.42]},""road_lookahead_count"":8,""road_lookahead_spacing"":5.0,""speed_range"":[7.0,11.0],""termination_penalty"":8.0,""track_kind"":""circle"",""track_radius"":32.0,""track_width"":7.0,""warmup_gate"":{""distance_range"":[12.0,30.0],""enabled"":true,""finish_pass_distance"":2.0,""half_width_range"":[0.35,0.85],""lateral_offset_range"":[-1.2,1.2],""max_active_steps"":25,""reveal_step"":35},""wheel_observation_mode"":""none""}","{""action_history_mode"":""full"",""beta_target_range"":[0.04,0.32],""dt"":0.02,""friction_limited_speed"":true,""friction_speed_margin"":0.92,""friction_step"":{""enabled"":true,""mu_range"":[0.3,1.15],""resample_speed_ref"":false,""step_range"":[8,40]},""history_length"":1,""include_privileged_params"":false,""max_steps"":800,""obstacle"":{""allowed_labels"":[""aes_feasible"",""drift_required"",""unavoidable""],""brake_mu_fraction"":0.9,""clearance_margin_reward_clip"":0.25,""clearance_margin_reward_scale"":0.0,""collision_penalty"":25.0,""conventional_lateral_mu_fraction"":0.42,""dense_clearance_margin_reward_clip"":0.25,""dense_clearance_margin_reward_scale"":0.0,""dense_clearance_margin_reward_window"":8.0,""distance_range"":[1.0,8.680555555555557],""drift_lateral_mu_fraction"":0.85,""ego_half_width"":0.9,""enabled"":true,""finish_on_pass"":true,""finish_pass_distance"":2.0,""half_width_range"":[0.2,0.9940476190476191],""max_sample_attempts"":10000,""max_threshold_score"":0.5,""min_time_after_friction_step"":0.1,""pass_reward"":12.0,""perception_reveal_distance"":null,""perception_reveal_step"":10,""require_aeb_infeasible"":true,""safety_margin"":0.3,""stable_aes_beta_limit"":0.2,""stable_aes_drift_bonus_scale"":0.18,""stable_aes_sideslip_penalty"":2.8},""obstacle_relative_velocity_mode"":""zero"",""obstacle_slots"":4,""privileged_observation_mode"":""basic"",""randomization"":{""actuator_tau_scale_range"":[0.65,1.35],""brake_scale_range"":[0.55,1.35],""cg_shift_range"":[-0.14,0.14],""drive_scale_range"":[0.6,1.3],""inertia_scale_range"":[0.8,1.3],""mass_scale_range"":[0.8,1.28],""mu_range"":[0.75,1.05],""tire_stiffness_scale_range"":[0.58,1.42]},""road_lookahead_count"":8,""road_lookahead_spacing"":5.0,""speed_range"":[7.0,11.0],""termination_penalty"":8.0,""track_kind"":""circle"",""track_radius"":32.0,""track_width"":7.0,""warmup_gate"":{""distance_range"":[12.0,30.0],""enabled"":true,""finish_pass_distance"":2.0,""half_width_range"":[0.35,0.85],""lateral_offset_range"":[-1.2,1.2],""max_active_steps"":25,""reveal_step"":35},""wheel_observation_mode"":""none""}"
m2063-osd-osd_v0_0206_t5,False,"{""action_history_mode"":""full"",""beta_target_range"":[0.04,0.32],""dt"":0.02,""friction_limited_speed"":true,""friction_speed_margin"":0.92,""friction_step"":{""enabled"":true,""mu_range"":[0.3,1.15],""resample_speed_ref"":false,""step_range"":[8,40]},""history_length"":1,""include_privileged_params"":false,""max_steps"":800,""obstacle"":{""allowed_labels"":[""aes_feasible"",""drift_required"",""unavoidable""],""brake_mu_fraction"":0.9,""clearance_margin_reward_clip"":0.25,""clearance_margin_reward_scale"":0.0,""collision_penalty"":25.0,""conventional_lateral_mu_fraction"":0.42,""dense_clearance_margin_reward_clip"":0.25,""dense_clearance_margin_reward_scale"":0.0,""dense_clearance_margin_reward_window"":8.0,""distance_range"":[1.0,8.680555555555557],""drift_lateral_mu_fraction"":0.85,""ego_half_width"":0.9,""enabled"":true,""finish_on_pass"":true,""finish_pass_distance"":2.0,""half_width_range"":[0.2,0.9940476190476191],""max_sample_attempts"":10000,""max_threshold_score"":0.25,""min_time_after_friction_step"":0.1,""pass_reward"":12.0,""perception_reveal_distance"":null,""perception_reveal_step"":25,""require_aeb_infeasible"":true,""safety_margin"":0.3,""stable_aes_beta_limit"":0.2,""stable_aes_drift_bonus_scale"":0.18,""stable_aes_sideslip_penalty"":2.8},""obstacle_relative_velocity_mode"":""zero"",""obstacle_slots"":4,""privileged_observation_mode"":""basic"",""randomization"":{""actuator_tau_scale_range"":[0.75,1.65],""brake_scale_range"":[0.55,1.35],""cg_shift_range"":[-0.14,0.14],""drive_scale_range"":[0.6,1.3],""inertia_scale_range"":[0.8,1.3],""mass_scale_range"":[0.8,1.28],""mu_range"":[0.35,0.55],""tire_stiffness_scale_range"":[0.58,1.42]},""road_lookahead_count"":8,""road_lookahead_spacing"":5.0,""speed_range"":[10.0,15.0],""termination_penalty"":8.0,""track_kind"":""circle"",""track_radius"":18.0,""track_width"":5.5,""warmup_gate"":{""distance_range"":[12.0,30.0],""enabled"":true,""finish_pass_distance"":2.0,""half_width_range"":[0.35,0.85],""lateral_offset_range"":[-1.2,1.2],""max_active_steps"":50,""reveal_step"":75},""wheel_observation_mode"":""none""}","{""action_history_mode"":""full"",""beta_target_range"":[0.04,0.32],""dt"":0.02,""friction_limited_speed"":true,""friction_speed_margin"":0.92,""friction_step"":{""enabled"":true,""mu_range"":[0.3,1.15],""resample_speed_ref"":false,""step_range"":[8,40]},""history_length"":1,""include_privileged_params"":false,""max_steps"":800,""obstacle"":{""allowed_labels"":[""aes_feasible"",""drift_required"",""unavoidable""],""brake_mu_fraction"":0.9,""clearance_margin_reward_clip"":0.25,""clearance_margin_reward_scale"":0.0,""collision_penalty"":25.0,""conventional_lateral_mu_fraction"":0.42,""dense_clearance_margin_reward_clip"":0.25,""dense_clearance_margin_reward_scale"":0.0,""dense_clearance_margin_reward_window"":8.0,""distance_range"":[1.0,8.680555555555557],""drift_lateral_mu_fraction"":0.85,""ego_half_width"":0.9,""enabled"":true,""finish_on_pass"":true,""finish_pass_distance"":2.0,""half_width_range"":[0.2,0.9940476190476191],""max_sample_attempts"":10000,""max_threshold_score"":0.25,""min_time_after_friction_step"":0.1,""pass_reward"":12.0,""perception_reveal_distance"":null,""perception_reveal_step"":25,""require_aeb_infeasible"":true,""safety_margin"":0.3,""stable_aes_beta_limit"":0.2,""stable_aes_drift_bonus_scale"":0.18,""stable_aes_sideslip_penalty"":2.8},""obstacle_relative_velocity_mode"":""zero"",""obstacle_slots"":4,""privileged_observation_mode"":""basic"",""randomization"":{""actuator_tau_scale_range"":[0.75,1.65],""brake_scale_range"":[0.55,1.35],""cg_shift_range"":[-0.14,0.14],""drive_scale_range"":[0.6,1.3],""inertia_scale_range"":[0.8,1.3],""mass_scale_range"":[0.8,1.28],""mu_range"":[0.35,0.55],""tire_stiffness_scale_range"":[0.58,1.42]},""road_lookahead_count"":8,""road_lookahead_spacing"":5.0,""speed_range"":[10.0,15.0],""termination_penalty"":8.0,""track_kind"":""circle"",""track_radius"":18.0,""track_width"":5.5,""warmup_gate"":{""distance_range"":[12.0,30.0],""enabled"":true,""finish_pass_distance"":2.0,""half_width_range"":[0.35,0.85],""lateral_offset_range"":[-1.2,1.2],""max_active_steps"":50,""reveal_step"":75},""wheel_observation_mode"":""none""}"
m2063-osd-osd_v0_0207_t5,False,"{""action_history_mode"":""full"",""beta_target_range"":[0.04,0.32],""dt"":0.02,""friction_limited_speed"":true,""friction_speed_margin"":0.92,""friction_step"":{""enabled"":true,""mu_range"":[0.3,1.15],""resample_speed_ref"":false,""step_range"":[8,40]},""history_length"":1,""include_privileged_params"":false,""max_steps"":800,""obstacle"":{""allowed_labels"":[""aes_feasible"",""drift_required"",""unavoidable""],""brake_mu_fraction"":0.9,""clearance_margin_reward_clip"":0.25,""clearance_margin_reward_scale"":0.0,""collision_penalty"":25.0,""conventional_lateral_mu_fraction"":0.42,""dense_clearance_margin_reward_clip"":0.25,""dense_clearance_margin_reward_scale"":0.0,""dense_clearance_margin_reward_window"":8.0,""distance_range"":[9.298611111111114,21.298611111111114],""drift_lateral_mu_fraction"":0.85,""ego_half_width"":0.9,""enabled"":true,""finish_on_pass"":true,""finish_pass_distance"":2.0,""half_width_range"":[0.2,0.9940476190476191],""max_sample_attempts"":10000,""max_threshold_score"":0.25,""min_time_after_friction_step"":0.1,""pass_reward"":12.0,""perception_reveal_distance"":null,""perception_reveal_step"":0,""require_aeb_infeasible"":true,""safety_margin"":0.3,""stable_aes_beta_limit"":0.2,""stable_aes_drift_bonus_scale"":0.18,""stable_aes_sideslip_penalty"":2.8},""obstacle_relative_velocity_mode"":""zero"",""obstacle_slots"":4,""privileged_observation_mode"":""basic"",""randomization"":{""actuator_tau_scale_range"":[0.65,2.2],""brake_scale_range"":[0.55,1.35],""cg_shift_range"":[-0.14,0.14],""drive_scale_range"":[0.6,1.3],""inertia_scale_range"":[0.8,1.3],""mass_scale_range"":[0.8,1.28],""mu_range"":[0.28,1.05],""tire_stiffness_scale_range"":[0.58,1.42]},""road_lookahead_count"":8,""road_lookahead_spacing"":5.0,""speed_range"":[14.0,20.0],""termination_penalty"":8.0,""track_kind"":""circle"",""track_radius"":60.0,""track_width"":4.4,""warmup_gate"":{""distance_range"":[12.0,30.0],""enabled"":true,""finish_pass_distance"":2.0,""half_width_range"":[0.35,0.85],""lateral_offset_range"":[-1.2,1.2],""max_active_steps"":75,""reveal_step"":75},""wheel_observation_mode"":""none""}","{""action_history_mode"":""full"",""beta_target_range"":[0.04,0.32],""dt"":0.02,""friction_limited_speed"":true,""friction_speed_margin"":0.92,""friction_step"":{""enabled"":true,""mu_range"":[0.3,1.15],""resample_speed_ref"":false,""step_range"":[8,40]},""history_length"":1,""include_privileged_params"":false,""max_steps"":800,""obstacle"":{""allowed_labels"":[""aes_feasible"",""drift_required"",""unavoidable""],""brake_mu_fraction"":0.9,""clearance_margin_reward_clip"":0.25,""clearance_margin_reward_scale"":0.0,""collision_penalty"":25.0,""conventional_lateral_mu_fraction"":0.42,""dense_clearance_margin_reward_clip"":0.25,""dense_clearance_margin_reward_scale"":0.0,""dense_clearance_margin_reward_window"":8.0,""distance_range"":[9.298611111111114,21.298611111111114],""drift_lateral_mu_fraction"":0.85,""ego_half_width"":0.9,""enabled"":true,""finish_on_pass"":true,""finish_pass_distance"":2.0,""half_width_range"":[0.2,0.9940476190476191],""max_sample_attempts"":10000,""max_threshold_score"":0.25,""min_time_after_friction_step"":0.1,""pass_reward"":12.0,""perception_reveal_distance"":null,""perception_reveal_step"":0,""require_aeb_infeasible"":true,""safety_margin"":0.3,""stable_aes_beta_limit"":0.2,""stable_aes_drift_bonus_scale"":0.18,""stable_aes_sideslip_penalty"":2.8},""obstacle_relative_velocity_mode"":""zero"",""obstacle_slots"":4,""privileged_observation_mode"":""basic"",""randomization"":{""actuator_tau_scale_range"":[0.65,2.2],""brake_scale_range"":[0.55,1.35],""cg_shift_range"":[-0.14,0.14],""drive_scale_range"":[0.6,1.3],""inertia_scale_range"":[0.8,1.3],""mass_scale_range"":[0.8,1.28],""mu_range"":[0.28,1.05],""tire_stiffness_scale_range"":[0.58,1.42]},""road_lookahead_count"":8,""road_lookahead_spacing"":5.0,""speed_range"":[14.0,20.0],""termination_penalty"":8.0,""track_kind"":""circle"",""track_radius"":60.0,""track_width"":4.4,""warmup_gate"":{""distance_range"":[12.0,30.0],""enabled"":true,""finish_pass_distance"":2.0,""half_width_range"":[0.35,0.85],""lateral_offset_range"":[-1.2,1.2],""max_active_steps"":75,""reveal_step"":75},""wheel_observation_mode"":""none""}"
m2063-osd-osd_v0_0208_t5,False,"{""action_history_mode"":""full"",""beta_target_range"":[0.04,0.32],""dt"":0.02,""friction_limited_speed"":true,""friction_speed_margin"":0.92,""friction_step"":{""enabled"":true,""mu_range"":[0.3,1.15],""resample_speed_ref"":false,""step_range"":[8,40]},""history_length"":1,""include_privileged_params"":false,""max_steps"":800,""obstacle"":{""allowed_labels"":[""aes_feasible"",""drift_required"",""unavoidable""],""brake_mu_fraction"":0.9,""clearance_margin_reward_clip"":0.25,""clearance_margin_reward_scale"":0.0,""collision_penalty"":25.0,""conventional_lateral_mu_fraction"":0.42,""dense_clearance_margin_reward_clip"":0.25,""dense_clearance_margin_reward_scale"":0.0,""dense_clearance_margin_reward_window"":8.0,""distance_range"":[1.0,8.680555555555557],""drift_lateral_mu_fraction"":0.85,""ego_half_width"":0.9,""enabled"":true,""finish_on_pass"":true,""finish_pass_distance"":2.0,""half_width_range"":[0.2,0.9940476190476191],""max_sample_attempts"":10000,""max_threshold_score"":0.5,""min_time_after_friction_step"":0.1,""pass_reward"":12.0,""perception_reveal_distance"":null,""perception_reveal_step"":10,""require_aeb_infeasible"":true,""safety_margin"":0.3,""stable_aes_beta_limit"":0.2,""stable_aes_drift_bonus_scale"":0.18,""stable_aes_sideslip_penalty"":2.8},""obstacle_relative_velocity_mode"":""zero"",""obstacle_slots"":4,""privileged_observation_mode"":""basic"",""randomization"":{""actuator_tau_scale_range"":[1.8,2.8],""brake_scale_range"":[0.55,1.35],""cg_shift_range"":[-0.14,0.14],""drive_scale_range"":[0.6,1.3],""inertia_scale_range"":[0.8,1.3],""mass_scale_range"":[0.8,1.28],""mu_range"":[0.45,0.85],""tire_stiffness_scale_range"":[0.58,1.42]},""road_lookahead_count"":8,""road_lookahead_spacing"":5.0,""speed_range"":[7.0,11.0],""termination_penalty"":8.0,""track_kind"":""circle"",""track_radius"":32.0,""track_width"":7.0,""warmup_gate"":{""distance_range"":[12.0,30.0],""enabled"":true,""finish_pass_distance"":2.0,""half_width_range"":[0.35,0.85],""lateral_offset_range"":[-1.2,1.2],""max_active_steps"":25,""reveal_step"":110},""wheel_observation_mode"":""none""}","{""action_history_mode"":""full"",""beta_target_range"":[0.04,0.32],""dt"":0.02,""friction_limited_speed"":true,""friction_speed_margin"":0.92,""friction_step"":{""enabled"":true,""mu_range"":[0.3,1.15],""resample_speed_ref"":false,""step_range"":[8,40]},""history_length"":1,""include_privileged_params"":false,""max_steps"":800,""obstacle"":{""allowed_labels"":[""aes_feasible"",""drift_required"",""unavoidable""],""brake_mu_fraction"":0.9,""clearance_margin_reward_clip"":0.25,""clearance_margin_reward_scale"":0.0,""collision_penalty"":25.0,""conventional_lateral_mu_fraction"":0.42,""dense_clearance_margin_reward_clip"":0.25,""dense_clearance_margin_reward_scale"":0.0,""dense_clearance_margin_reward_window"":8.0,""distance_range"":[1.0,8.680555555555557],""drift_lateral_mu_fraction"":0.85,""ego_half_width"":0.9,""enabled"":true,""finish_on_pass"":true,""finish_pass_distance"":2.0,""half_width_range"":[0.2,0.9940476190476191],""max_sample_attempts"":10000,""max_threshold_score"":0.5,""min_time_after_friction_step"":0.1,""pass_reward"":12.0,""perception_reveal_distance"":null,""perception_reveal_step"":10,""require_aeb_infeasible"":true,""safety_margin"":0.3,""stable_aes_beta_limit"":0.2,""stable_aes_drift_bonus_scale"":0.18,""stable_aes_sideslip_penalty"":2.8},""obstacle_relative_velocity_mode"":""zero"",""obstacle_slots"":4,""privileged_observation_mode"":""basic"",""randomization"":{""actuator_tau_scale_range"":[1.8,2.8],""brake_scale_range"":[0.55,1.35],""cg_shift_range"":[-0.14,0.14],""drive_scale_range"":[0.6,1.3],""inertia_scale_range"":[0.8,1.3],""mass_scale_range"":[0.8,1.28],""mu_range"":[0.45,0.85],""tire_stiffness_scale_range"":[0.58,1.42]},""road_lookahead_count"":8,""road_lookahead_spacing"":5.0,""speed_range"":[7.0,11.0],""termination_penalty"":8.0,""track_kind"":""circle"",""track_radius"":32.0,""track_width"":7.0,""warmup_gate"":{""distance_range"":[12.0,30.0],""enabled"":true,""finish_pass_distance"":2.0,""half_width_range"":[0.35,0.85],""lateral_offset_range"":[-1.2,1.2],""max_active_steps"":25,""reveal_step"":110},""wheel_observation_mode"":""none""}"
m2063-osd-osd_v0_0209_t5,False,"{""action_history_mode"":""full"",""beta_target_range"":[0.04,0.32],""dt"":0.02,""friction_limited_speed"":true,""friction_speed_margin"":0.92,""friction_step"":{""enabled"":true,""mu_range"":[0.3,1.15],""resample_speed_ref"":false,""step_range"":[8,40]},""history_length"":1,""include_privileged_params"":false,""max_steps"":800,""obstacle"":{""allowed_labels"":[""aes_feasible"",""drift_required"",""unavoidable""],""brake_mu_fraction"":0.9,""clearance_margin_reward_clip"":0.25,""clearance_margin_reward_scale"":0.0,""collision_penalty"":25.0,""conventional_lateral_mu_fraction"":0.42,""dense_clearance_margin_reward_clip"":0.25,""dense_clearance_margin_reward_scale"":0.0,""dense_clearance_margin_reward_window"":8.0,""distance_range"":[1.0,8.131944444444445],""drift_lateral_mu_fraction"":0.85,""ego_half_width"":0.9,""enabled"":true,""finish_on_pass"":true,""finish_pass_distance"":2.0,""half_width_range"":[0.2,0.9940476190476191],""max_sample_attempts"":10000,""max_threshold_score"":0.25,""min_time_after_friction_step"":0.1,""pass_reward"":12.0,""perception_reveal_distance"":null,""perception_reveal_step"":25,""require_aeb_infeasible"":true,""safety_margin"":0.3,""stable_aes_beta_limit"":0.2,""stable_aes_drift_bonus_scale"":0.18,""stable_aes_sideslip_penalty"":2.8},""obstacle_relative_velocity_mode"":""zero"",""obstacle_slots"":4,""privileged_observation_mode"":""basic"",""randomization"":{""actuator_tau_scale_range"":[0.65,1.35],""brake_scale_range"":[0.55,1.35],""cg_shift_range"":[-0.14,0.14],""drive_scale_range"":[0.6,1.3],""inertia_scale_range"":[0.8,1.3],""mass_scale_range"":[0.8,1.28],""mu_range"":[0.75,1.05],""tire_stiffness_scale_range"":[0.58,1.42]},""road_lookahead_count"":8,""road_lookahead_spacing"":5.0,""speed_range"":[10.0,15.0],""termination_penalty"":8.0,""track_kind"":""circle"",""track_radius"":18.0,""track_width"":5.5,""warmup_gate"":{""distance_range"":[12.0,30.0],""enabled"":false,""finish_pass_distance"":2.0,""half_width_range"":[0.35,0.85],""lateral_offset_range"":[-1.2,1.2],""max_active_steps"":64,""reveal_step"":35},""wheel_observation_mode"":""none""}","{""action_history_mode"":""full"",""beta_target_range"":[0.04,0.32],""dt"":0.02,""friction_limited_speed"":true,""friction_speed_margin"":0.92,""friction_step"":{""enabled"":true,""mu_range"":[0.3,1.15],""resample_speed_ref"":false,""step_range"":[8,40]},""history_length"":1,""include_privileged_params"":false,""max_steps"":800,""obstacle"":{""allowed_labels"":[""aes_feasible"",""drift_required"",""unavoidable""],""brake_mu_fraction"":0.9,""clearance_margin_reward_clip"":0.25,""clearance_margin_reward_scale"":0.0,""collision_penalty"":25.0,""conventional_lateral_mu_fraction"":0.42,""dense_clearance_margin_reward_clip"":0.25,""dense_clearance_margin_reward_scale"":0.0,""dense_clearance_margin_reward_window"":8.0,""distance_range"":[1.0,8.131944444444445],""drift_lateral_mu_fraction"":0.85,""ego_half_width"":0.9,""enabled"":true,""finish_on_pass"":true,""finish_pass_distance"":2.0,""half_width_range"":[0.2,0.9940476190476191],""max_sample_attempts"":10000,""max_threshold_score"":0.25,""min_time_after_friction_step"":0.1,""pass_reward"":12.0,""perception_reveal_distance"":null,""perception_reveal_step"":25,""require_aeb_infeasible"":true,""safety_margin"":0.3,""stable_aes_beta_limit"":0.2,""stable_aes_drift_bonus_scale"":0.18,""stable_aes_sideslip_penalty"":2.8},""obstacle_relative_velocity_mode"":""zero"",""obstacle_slots"":4,""privileged_observation_mode"":""basic"",""randomization"":{""actuator_tau_scale_range"":[0.65,1.35],""brake_scale_range"":[0.55,1.35],""cg_shift_range"":[-0.14,0.14],""drive_scale_range"":[0.6,1.3],""inertia_scale_range"":[0.8,1.3],""mass_scale_range"":[0.8,1.28],""mu_range"":[0.75,1.05],""tire_stiffness_scale_range"":[0.58,1.42]},""road_lookahead_count"":8,""road_lookahead_spacing"":5.0,""speed_range"":[10.0,15.0],""termination_penalty"":8.0,""track_kind"":""circle"",""track_radius"":18.0,""track_width"":5.5,""warmup_gate"":{""distance_range"":[12.0,30.0],""enabled"":false,""finish_pass_distance"":2.0,""half_width_range"":[0.35,0.85],""lateral_offset_range"":[-1.2,1.2],""max_active_steps"":64,""reveal_step"":35},""wheel_observation_mode"":""none""}"
m2063-osd-osd_v0_0210_t5,False,"{""action_history_mode"":""full"",""beta_target_range"":[0.04,0.32],""dt"":0.02,""friction_limited_speed"":true,""friction_speed_margin"":0.92,""friction_step"":{""enabled"":true,""mu_range"":[0.3,1.15],""resample_speed_ref"":false,""step_range"":[8,40]},""history_length"":1,""include_privileged_params"":false,""max_steps"":800,""obstacle"":{""allowed_labels"":[""aes_feasible"",""drift_required"",""unavoidable""],""brake_mu_fraction"":0.9,""clearance_margin_reward_clip"":0.25,""clearance_margin_reward_scale"":0.0,""collision_penalty"":25.0,""conventional_lateral_mu_fraction"":0.42,""dense_clearance_margin_reward_clip"":0.25,""dense_clearance_margin_reward_scale"":0.0,""dense_clearance_margin_reward_window"":8.0,""distance_range"":[12.590277777777779,24.59027777777778],""drift_lateral_mu_fraction"":0.85,""ego_half_width"":0.9,""enabled"":true,""finish_on_pass"":true,""finish_pass_distance"":2.0,""half_width_range"":[0.3857142857142859,1.185714285714286],""max_sample_attempts"":10000,""max_threshold_score"":0.25,""min_time_after_friction_step"":0.1,""pass_reward"":12.0,""perception_reveal_distance"":null,""perception_reveal_step"":0,""require_aeb_infeasible"":true,""safety_margin"":0.3,""stable_aes_beta_limit"":0.2,""stable_aes_drift_bonus_scale"":0.18,""stable_aes_sideslip_penalty"":2.8},""obstacle_relative_velocity_mode"":""zero"",""obstacle_slots"":4,""privileged_observation_mode"":""basic"",""randomization"":{""actuator_tau_scale_range"":[0.75,1.65],""brake_scale_range"":[0.55,1.35],""cg_shift_range"":[-0.14,0.14],""drive_scale_range"":[0.6,1.3],""inertia_scale_range"":[0.8,1.3],""mass_scale_range"":[0.8,1.28],""mu_range"":[0.35,0.55],""tire_stiffness_scale_range"":[0.58,1.42]},""road_lookahead_count"":8,""road_lookahead_spacing"":5.0,""speed_range"":[14.0,20.0],""termination_penalty"":8.0,""track_kind"":""circle"",""track_radius"":60.0,""track_width"":4.4,""warmup_gate"":{""distance_range"":[12.0,30.0],""enabled"":true,""finish_pass_distance"":2.0,""half_width_range"":[0.35,0.85],""lateral_offset_range"":[-1.2,1.2],""max_active_steps"":50,""reveal_step"":25},""wheel_observation_mode"":""none""}","{""action_history_mode"":""full"",""beta_target_range"":[0.04,0.32],""dt"":0.02,""friction_limited_speed"":true,""friction_speed_margin"":0.92,""friction_step"":{""enabled"":true,""mu_range"":[0.3,1.15],""resample_speed_ref"":false,""step_range"":[8,40]},""history_length"":1,""include_privileged_params"":false,""max_steps"":800,""obstacle"":{""allowed_labels"":[""aes_feasible"",""drift_required"",""unavoidable""],""brake_mu_fraction"":0.9,""clearance_margin_reward_clip"":0.25,""clearance_margin_reward_scale"":0.0,""collision_penalty"":25.0,""conventional_lateral_mu_fraction"":0.42,""dense_clearance_margin_reward_clip"":0.25,""dense_clearance_margin_reward_scale"":0.0,""dense_clearance_margin_reward_window"":8.0,""distance_range"":[12.590277777777779,24.59027777777778],""drift_lateral_mu_fraction"":0.85,""ego_half_width"":0.9,""enabled"":true,""finish_on_pass"":true,""finish_pass_distance"":2.0,""half_width_range"":[0.3857142857142859,1.185714285714286],""max_sample_attempts"":10000,""max_threshold_score"":0.25,""min_time_after_friction_step"":0.1,""pass_reward"":12.0,""perception_reveal_distance"":null,""perception_reveal_step"":0,""require_aeb_infeasible"":true,""safety_margin"":0.3,""stable_aes_beta_limit"":0.2,""stable_aes_drift_bonus_scale"":0.18,""stable_aes_sideslip_penalty"":2.8},""obstacle_relative_velocity_mode"":""zero"",""obstacle_slots"":4,""privileged_observation_mode"":""basic"",""randomization"":{""actuator_tau_scale_range"":[0.75,1.65],""brake_scale_range"":[0.55,1.35],""cg_shift_range"":[-0.14,0.14],""drive_scale_range"":[0.6,1.3],""inertia_scale_range"":[0.8,1.3],""mass_scale_range"":[0.8,1.28],""mu_range"":[0.35,0.55],""tire_stiffness_scale_range"":[0.58,1.42]},""road_lookahead_count"":8,""road_lookahead_spacing"":5.0,""speed_range"":[14.0,20.0],""termination_penalty"":8.0,""track_kind"":""circle"",""track_radius"":60.0,""track_width"":4.4,""warmup_gate"":{""distance_range"":[12.0,30.0],""enabled"":true,""finish_pass_distance"":2.0,""half_width_range"":[0.35,0.85],""lateral_offset_range"":[-1.2,1.2],""max_active_steps"":50,""reveal_step"":25},""wheel_observation_mode"":""none""}"
m2063-osd-osd_v0_0211_t5,False,"{""action_history_mode"":""full"",""beta_target_range"":[0.04,0.32],""dt"":0.02,""friction_limited_speed"":true,""friction_speed_margin"":0.92,""friction_step"":{""enabled"":true,""mu_range"":[0.3,1.15],""resample_speed_ref"":false,""step_range"":[8,40]},""history_length"":1,""include_privileged_params"":false,""max_steps"":800,""obstacle"":{""allowed_labels"":[""aes_feasible"",""drift_required"",""unavoidable""],""brake_mu_fraction"":0.9,""clearance_margin_reward_clip"":0.25,""clearance_margin_reward_scale"":0.0,""collision_penalty"":25.0,""conventional_lateral_mu_fraction"":0.42,""dense_clearance_margin_reward_clip"":0.25,""dense_clearance_margin_reward_scale"":0.0,""dense_clearance_margin_reward_window"":8.0,""distance_range"":[1.0,10.32638888888889],""drift_lateral_mu_fraction"":0.85,""ego_half_width"":0.9,""enabled"":true,""finish_on_pass"":true,""finish_pass_distance"":2.0,""half_width_range"":[0.2,0.9940476190476191],""max_sample_attempts"":10000,""max_threshold_score"":0.5,""min_time_after_friction_step"":0.1,""pass_reward"":12.0,""perception_reveal_distance"":null,""perception_reveal_step"":10,""require_aeb_infeasible"":true,""safety_margin"":0.3,""stable_aes_beta_limit"":0.2,""stable_aes_drift_bonus_scale"":0.18,""stable_aes_sideslip_penalty"":2.8},""obstacle_relative_velocity_mode"":""zero"",""obstacle_slots"":4,""privileged_observation_mode"":""basic"",""randomization"":{""actuator_tau_scale_range"":[0.65,2.2],""brake_scale_range"":[0.55,1.35],""cg_shift_range"":[-0.14,0.14],""drive_scale_range"":[0.6,1.3],""inertia_scale_range"":[0.8,1.3],""mass_scale_range"":[0.8,1.28],""mu_range"":[0.28,1.05],""tire_stiffness_scale_range"":[0.58,1.42]},""road_lookahead_count"":8,""road_lookahead_spacing"":5.0,""speed_range"":[7.0,11.0],""termination_penalty"":8.0,""track_kind"":""circle"",""track_radius"":32.0,""track_width"":7.0,""warmup_gate"":{""distance_range"":[12.0,30.0],""enabled"":true,""finish_pass_distance"":2.0,""half_width_range"":[0.35,0.85],""lateral_offset_range"":[-1.2,1.2],""max_active_steps"":75,""reveal_step"":60},""wheel_observation_mode"":""none""}","{""action_history_mode"":""full"",""beta_target_range"":[0.04,0.32],""dt"":0.02,""friction_limited_speed"":true,""friction_speed_margin"":0.92,""friction_step"":{""enabled"":true,""mu_range"":[0.3,1.15],""resample_speed_ref"":false,""step_range"":[8,40]},""history_length"":1,""include_privileged_params"":false,""max_steps"":800,""obstacle"":{""allowed_labels"":[""aes_feasible"",""drift_required"",""unavoidable""],""brake_mu_fraction"":0.9,""clearance_margin_reward_clip"":0.25,""clearance_margin_reward_scale"":0.0,""collision_penalty"":25.0,""conventional_lateral_mu_fraction"":0.42,""dense_clearance_margin_reward_clip"":0.25,""dense_clearance_margin_reward_scale"":0.0,""dense_clearance_margin_reward_window"":8.0,""distance_range"":[1.0,10.32638888888889],""drift_lateral_mu_fraction"":0.85,""ego_half_width"":0.9,""enabled"":true,""finish_on_pass"":true,""finish_pass_distance"":2.0,""half_width_range"":[0.2,0.9940476190476191],""max_sample_attempts"":10000,""max_threshold_score"":0.5,""min_time_after_friction_step"":0.1,""pass_reward"":12.0,""perception_reveal_distance"":null,""perception_reveal_step"":10,""require_aeb_infeasible"":true,""safety_margin"":0.3,""stable_aes_beta_limit"":0.2,""stable_aes_drift_bonus_scale"":0.18,""stable_aes_sideslip_penalty"":2.8},""obstacle_relative_velocity_mode"":""zero"",""obstacle_slots"":4,""privileged_observation_mode"":""basic"",""randomization"":{""actuator_tau_scale_range"":[0.65,2.2],""brake_scale_range"":[0.55,1.35],""cg_shift_range"":[-0.14,0.14],""drive_scale_range"":[0.6,1.3],""inertia_scale_range"":[0.8,1.3],""mass_scale_range"":[0.8,1.28],""mu_range"":[0.28,1.05],""tire_stiffness_scale_range"":[0.58,1.42]},""road_lookahead_count"":8,""road_lookahead_spacing"":5.0,""speed_range"":[7.0,11.0],""termination_penalty"":8.0,""track_kind"":""circle"",""track_radius"":32.0,""track_width"":7.0,""warmup_gate"":{""distance_range"":[12.0,30.0],""enabled"":true,""finish_pass_distance"":2.0,""half_width_range"":[0.35,0.85],""lateral_offset_range"":[-1.2,1.2],""max_active_steps"":75,""reveal_step"":60},""wheel_observation_mode"":""none""}"
m2063-osd-osd_v0_0212_t5,False,"{""action_history_mode"":""full"",""beta_target_range"":[0.04,0.32],""dt"":0.02,""friction_limited_speed"":true,""friction_speed_margin"":0.92,""friction_step"":{""enabled"":true,""mu_range"":[0.3,1.15],""resample_speed_ref"":false,""step_range"":[8,40]},""history_length"":1,""include_privileged_params"":false,""max_steps"":800,""obstacle"":{""allowed_labels"":[""aes_feasible"",""drift_required"",""unavoidable""],""brake_mu_fraction"":0.9,""clearance_margin_reward_clip"":0.25,""clearance_margin_reward_scale"":0.0,""collision_penalty"":25.0,""conventional_lateral_mu_fraction"":0.42,""dense_clearance_margin_reward_clip"":0.25,""dense_clearance_margin_reward_scale"":0.0,""dense_clearance_margin_reward_window"":8.0,""distance_range"":[1.0,8.680555555555557],""drift_lateral_mu_fraction"":0.85,""ego_half_width"":0.9,""enabled"":true,""finish_on_pass"":true,""finish_pass_distance"":2.0,""half_width_range"":[0.2,0.9940476190476191],""max_sample_attempts"":10000,""max_threshold_score"":0.25,""min_time_after_friction_step"":0.1,""pass_reward"":12.0,""perception_reveal_distance"":null,""perception_reveal_step"":25,""require_aeb_infeasible"":true,""safety_margin"":0.3,""stable_aes_beta_limit"":0.2,""stable_aes_drift_bonus_scale"":0.18,""stable_aes_sideslip_penalty"":2.8},""obstacle_relative_velocity_mode"":""zero"",""obstacle_slots"":4,""privileged_observation_mode"":""basic"",""randomization"":{""actuator_tau_scale_range"":[1.8,2.8],""brake_scale_range"":[0.55,1.35],""cg_shift_range"":[-0.14,0.14],""drive_scale_range"":[0.6,1.3],""inertia_scale_range"":[0.8,1.3],""mass_scale_range"":[0.8,1.28],""mu_range"":[0.45,0.85],""tire_stiffness_scale_range"":[0.58,1.42]},""road_lookahead_count"":8,""road_lookahead_spacing"":5.0,""speed_range"":[10.0,15.0],""termination_penalty"":8.0,""track_kind"":""circle"",""track_radius"":18.0,""track_width"":5.5,""warmup_gate"":{""distance_range"":[12.0,30.0],""enabled"":true,""finish_pass_distance"":2.0,""half_width_range"":[0.35,0.85],""lateral_offset_range"":[-1.2,1.2],""max_active_steps"":25,""reveal_step"":100},""wheel_observation_mode"":""none""}","{""action_history_mode"":""full"",""beta_target_range"":[0.04,0.32],""dt"":0.02,""friction_limited_speed"":true,""friction_speed_margin"":0.92,""friction_step"":{""enabled"":true,""mu_range"":[0.3,1.15],""resample_speed_ref"":false,""step_range"":[8,40]},""history_length"":1,""include_privileged_params"":false,""max_steps"":800,""obstacle"":{""allowed_labels"":[""aes_feasible"",""drift_required"",""unavoidable""],""brake_mu_fraction"":0.9,""clearance_margin_reward_clip"":0.25,""clearance_margin_reward_scale"":0.0,""collision_penalty"":25.0,""conventional_lateral_mu_fraction"":0.42,""dense_clearance_margin_reward_clip"":0.25,""dense_clearance_margin_reward_scale"":0.0,""dense_clearance_margin_reward_window"":8.0,""distance_range"":[1.0,8.680555555555557],""drift_lateral_mu_fraction"":0.85,""ego_half_width"":0.9,""enabled"":true,""finish_on_pass"":true,""finish_pass_distance"":2.0,""half_width_range"":[0.2,0.9940476190476191],""max_sample_attempts"":10000,""max_threshold_score"":0.25,""min_time_after_friction_step"":0.1,""pass_reward"":12.0,""perception_reveal_distance"":null,""perception_reveal_step"":25,""require_aeb_infeasible"":true,""safety_margin"":0.3,""stable_aes_beta_limit"":0.2,""stable_aes_drift_bonus_scale"":0.18,""stable_aes_sideslip_penalty"":2.8},""obstacle_relative_velocity_mode"":""zero"",""obstacle_slots"":4,""privileged_observation_mode"":""basic"",""randomization"":{""actuator_tau_scale_range"":[1.8,2.8],""brake_scale_range"":[0.55,1.35],""cg_shift_range"":[-0.14,0.14],""drive_scale_range"":[0.6,1.3],""inertia_scale_range"":[0.8,1.3],""mass_scale_range"":[0.8,1.28],""mu_range"":[0.45,0.85],""tire_stiffness_scale_range"":[0.58,1.42]},""road_lookahead_count"":8,""road_lookahead_spacing"":5.0,""speed_range"":[10.0,15.0],""termination_penalty"":8.0,""track_kind"":""circle"",""track_radius"":18.0,""track_width"":5.5,""warmup_gate"":{""distance_range"":[12.0,30.0],""enabled"":true,""finish_pass_distance"":2.0,""half_width_range"":[0.35,0.85],""lateral_offset_range"":[-1.2,1.2],""max_active_steps"":25,""reveal_step"":100},""wheel_observation_mode"":""none""}"
m2063-osd-osd_v0_0213_t5,False,"{""action_history_mode"":""full"",""beta_target_range"":[0.04,0.32],""dt"":0.02,""friction_limited_speed"":true,""friction_speed_margin"":0.92,""friction_step"":{""enabled"":true,""mu_range"":[0.3,1.15],""resample_speed_ref"":false,""step_range"":[8,40]},""history_length"":1,""include_privileged_params"":false,""max_steps"":800,""obstacle"":{""allowed_labels"":[""aes_feasible"",""drift_required"",""unavoidable""],""brake_mu_fraction"":0.9,""clearance_margin_reward_clip"":0.25,""clearance_margin_reward_scale"":0.0,""collision_penalty"":25.0,""conventional_lateral_mu_fraction"":0.42,""dense_clearance_margin_reward_clip"":0.25,""dense_clearance_margin_reward_scale"":0.0,""dense_clearance_margin_reward_window"":8.0,""distance_range"":[8.75,20.75],""drift_lateral_mu_fraction"":0.85,""ego_half_width"":0.9,""enabled"":true,""finish_on_pass"":true,""finish_pass_distance"":2.0,""half_width_range"":[0.4464285714285715,1.2464285714285714],""max_sample_attempts"":10000,""max_threshold_score"":0.25,""min_time_after_friction_step"":0.1,""pass_reward"":12.0,""perception_reveal_distance"":null,""perception_reveal_step"":0,""require_aeb_infeasible"":true,""safety_margin"":0.3,""stable_aes_beta_limit"":0.2,""stable_aes_drift_bonus_scale"":0.18,""stable_aes_sideslip_penalty"":2.8},""obstacle_relative_velocity_mode"":""zero"",""obstacle_slots"":4,""privileged_observation_mode"":""basic"",""randomization"":{""actuator_tau_scale_range"":[0.65,1.35],""brake_scale_range"":[0.55,1.35],""cg_shift_range"":[-0.14,0.14],""drive_scale_range"":[0.6,1.3],""inertia_scale_range"":[0.8,1.3],""mass_scale_range"":[0.8,1.28],""mu_range"":[0.75,1.05],""tire_stiffness_scale_range"":[0.58,1.42]},""road_lookahead_count"":8,""road_lookahead_spacing"":5.0,""speed_range"":[14.0,20.0],""termination_penalty"":8.0,""track_kind"":""circle"",""track_radius"":60.0,""track_width"":4.4,""warmup_gate"":{""distance_range"":[12.0,30.0],""enabled"":true,""finish_pass_distance"":2.0,""half_width_range"":[0.35,0.85],""lateral_offset_range"":[-1.2,1.2],""max_active_steps"":25,""reveal_step"":100},""wheel_observation_mode"":""none""}","{""action_history_mode"":""full"",""beta_target_range"":[0.04,0.32],""dt"":0.02,""friction_limited_speed"":true,""friction_speed_margin"":0.92,""friction_step"":{""enabled"":true,""mu_range"":[0.3,1.15],""resample_speed_ref"":false,""step_range"":[8,40]},""history_length"":1,""include_privileged_params"":false,""max_steps"":800,""obstacle"":{""allowed_labels"":[""aes_feasible"",""drift_required"",""unavoidable""],""brake_mu_fraction"":0.9,""clearance_margin_reward_clip"":0.25,""clearance_margin_reward_scale"":0.0,""collision_penalty"":25.0,""conventional_lateral_mu_fraction"":0.42,""dense_clearance_margin_reward_clip"":0.25,""dense_clearance_margin_reward_scale"":0.0,""dense_clearance_margin_reward_window"":8.0,""distance_range"":[8.75,20.75],""drift_lateral_mu_fraction"":0.85,""ego_half_width"":0.9,""enabled"":true,""finish_on_pass"":true,""finish_pass_distance"":2.0,""half_width_range"":[0.4464285714285715,1.2464285714285714],""max_sample_attempts"":10000,""max_threshold_score"":0.25,""min_time_after_friction_step"":0.1,""pass_reward"":12.0,""perception_reveal_distance"":null,""perception_reveal_step"":0,""require_aeb_infeasible"":true,""safety_margin"":0.3,""stable_aes_beta_limit"":0.2,""stable_aes_drift_bonus_scale"":0.18,""stable_aes_sideslip_penalty"":2.8},""obstacle_relative_velocity_mode"":""zero"",""obstacle_slots"":4,""privileged_observation_mode"":""basic"",""randomization"":{""actuator_tau_scale_range"":[0.65,1.35],""brake_scale_range"":[0.55,1.35],""cg_shift_range"":[-0.14,0.14],""drive_scale_range"":[0.6,1.3],""inertia_scale_range"":[0.8,1.3],""mass_scale_range"":[0.8,1.28],""mu_range"":[0.75,1.05],""tire_stiffness_scale_range"":[0.58,1.42]},""road_lookahead_count"":8,""road_lookahead_spacing"":5.0,""speed_range"":[14.0,20.0],""termination_penalty"":8.0,""track_kind"":""circle"",""track_radius"":60.0,""track_width"":4.4,""warmup_gate"":{""distance_range"":[12.0,30.0],""enabled"":true,""finish_pass_distance"":2.0,""half_width_range"":[0.35,0.85],""lateral_offset_range"":[-1.2,1.2],""max_active_steps"":25,""reveal_step"":100},""wheel_observation_mode"":""none""}"
m2063-osd-osd_v0_0214_t5,False,"{""action_history_mode"":""full"",""beta_target_range"":[0.04,0.32],""dt"":0.02,""friction_limited_speed"":true,""friction_speed_margin"":0.92,""friction_step"":{""enabled"":true,""mu_range"":[0.3,1.15],""resample_speed_ref"":false,""step_range"":[8,40]},""history_length"":1,""include_privileged_params"":false,""max_steps"":800,""obstacle"":{""allowed_labels"":[""aes_feasible"",""drift_required"",""unavoidable""],""brake_mu_fraction"":0.9,""clearance_margin_reward_clip"":0.25,""clearance_margin_reward_scale"":0.0,""collision_penalty"":25.0,""conventional_lateral_mu_fraction"":0.42,""dense_clearance_margin_reward_clip"":0.25,""dense_clearance_margin_reward_scale"":0.0,""dense_clearance_margin_reward_window"":8.0,""distance_range"":[1.0,11.972222222222223],""drift_lateral_mu_fraction"":0.85,""ego_half_width"":0.9,""enabled"":true,""finish_on_pass"":true,""finish_pass_distance"":2.0,""half_width_range"":[0.33690476190476193,1.1369047619047619],""max_sample_attempts"":10000,""max_threshold_score"":0.25,""min_time_after_friction_step"":0.1,""pass_reward"":12.0,""perception_reveal_distance"":null,""perception_reveal_step"":10,""require_aeb_infeasible"":true,""safety_margin"":0.3,""stable_aes_beta_limit"":0.2,""stable_aes_drift_bonus_scale"":0.18,""stable_aes_sideslip_penalty"":2.8},""obstacle_relative_velocity_mode"":""zero"",""obstacle_slots"":4,""privileged_observation_mode"":""basic"",""randomization"":{""actuator_tau_scale_range"":[0.75,1.65],""brake_scale_range"":[0.55,1.35],""cg_shift_range"":[-0.14,0.14],""drive_scale_range"":[0.6,1.3],""inertia_scale_range"":[0.8,1.3],""mass_scale_range"":[0.8,1.28],""mu_range"":[0.35,0.55],""tire_stiffness_scale_range"":[0.58,1.42]},""road_lookahead_count"":8,""road_lookahead_spacing"":5.0,""speed_range"":[7.0,11.0],""termination_penalty"":8.0,""track_kind"":""circle"",""track_radius"":32.0,""track_width"":7.0,""warmup_gate"":{""distance_range"":[12.0,30.0],""enabled"":false,""finish_pass_distance"":2.0,""half_width_range"":[0.35,0.85],""lateral_offset_range"":[-1.2,1.2],""max_active_steps"":64,""reveal_step"":20},""wheel_observation_mode"":""none""}","{""action_history_mode"":""full"",""beta_target_range"":[0.04,0.32],""dt"":0.02,""friction_limited_speed"":true,""friction_speed_margin"":0.92,""friction_step"":{""enabled"":true,""mu_range"":[0.3,1.15],""resample_speed_ref"":false,""step_range"":[8,40]},""history_length"":1,""include_privileged_params"":false,""max_steps"":800,""obstacle"":{""allowed_labels"":[""aes_feasible"",""drift_required"",""unavoidable""],""brake_mu_fraction"":0.9,""clearance_margin_reward_clip"":0.25,""clearance_margin_reward_scale"":0.0,""collision_penalty"":25.0,""conventional_lateral_mu_fraction"":0.42,""dense_clearance_margin_reward_clip"":0.25,""dense_clearance_margin_reward_scale"":0.0,""dense_clearance_margin_reward_window"":8.0,""distance_range"":[1.0,11.972222222222223],""drift_lateral_mu_fraction"":0.85,""ego_half_width"":0.9,""enabled"":true,""finish_on_pass"":true,""finish_pass_distance"":2.0,""half_width_range"":[0.33690476190476193,1.1369047619047619],""max_sample_attempts"":10000,""max_threshold_score"":0.25,""min_time_after_friction_step"":0.1,""pass_reward"":12.0,""perception_reveal_distance"":null,""perception_reveal_step"":10,""require_aeb_infeasible"":true,""safety_margin"":0.3,""stable_aes_beta_limit"":0.2,""stable_aes_drift_bonus_scale"":0.18,""stable_aes_sideslip_penalty"":2.8},""obstacle_relative_velocity_mode"":""zero"",""obstacle_slots"":4,""privileged_observation_mode"":""basic"",""randomization"":{""actuator_tau_scale_range"":[0.75,1.65],""brake_scale_range"":[0.55,1.35],""cg_shift_range"":[-0.14,0.14],""drive_scale_range"":[0.6,1.3],""inertia_scale_range"":[0.8,1.3],""mass_scale_range"":[0.8,1.28],""mu_range"":[0.35,0.55],""tire_stiffness_scale_range"":[0.58,1.42]},""road_lookahead_count"":8,""road_lookahead_spacing"":5.0,""speed_range"":[7.0,11.0],""termination_penalty"":8.0,""track_kind"":""circle"",""track_radius"":32.0,""track_width"":7.0,""warmup_gate"":{""distance_range"":[12.0,30.0],""enabled"":false,""finish_pass_distance"":2.0,""half_width_range"":[0.35,0.85],""lateral_offset_range"":[-1.2,1.2],""max_active_steps"":64,""reveal_step"":20},""wheel_observation_mode"":""none""}"
m2063-osd-osd_v0_0215_t5,False,"{""action_history_mode"":""full"",""beta_target_range"":[0.04,0.32],""dt"":0.02,""friction_limited_speed"":true,""friction_speed_margin"":0.92,""friction_step"":{""enabled"":true,""mu_range"":[0.3,1.15],""resample_speed_ref"":false,""step_range"":[8,40]},""history_length"":1,""include_privileged_params"":false,""max_steps"":800,""obstacle"":{""allowed_labels"":[""aes_feasible"",""drift_required"",""unavoidable""],""brake_mu_fraction"":0.9,""clearance_margin_reward_clip"":0.25,""clearance_margin_reward_scale"":0.0,""collision_penalty"":25.0,""conventional_lateral_mu_fraction"":0.42,""dense_clearance_margin_reward_clip"":0.25,""dense_clearance_margin_reward_scale"":0.0,""dense_clearance_margin_reward_window"":8.0,""distance_range"":[1.0,8.680555555555557],""drift_lateral_mu_fraction"":0.85,""ego_half_width"":0.9,""enabled"":true,""finish_on_pass"":true,""finish_pass_distance"":2.0,""half_width_range"":[0.2,0.9940476190476191],""max_sample_attempts"":10000,""max_threshold_score"":0.25,""min_time_after_friction_step"":0.1,""pass_reward"":12.0,""perception_reveal_distance"":null,""perception_reveal_step"":25,""require_aeb_infeasible"":true,""safety_margin"":0.3,""stable_aes_beta_limit"":0.2,""stable_aes_drift_bonus_scale"":0.18,""stable_aes_sideslip_penalty"":2.8},""obstacle_relative_velocity_mode"":""zero"",""obstacle_slots"":4,""privileged_observation_mode"":""basic"",""randomization"":{""actuator_tau_scale_range"":[0.65,2.2],""brake_scale_range"":[0.55,1.35],""cg_shift_range"":[-0.14,0.14],""drive_scale_range"":[0.6,1.3],""inertia_scale_range"":[0.8,1.3],""mass_scale_range"":[0.8,1.28],""mu_range"":[0.28,1.05],""tire_stiffness_scale_range"":[0.58,1.42]},""road_lookahead_count"":8,""road_lookahead_spacing"":5.0,""speed_range"":[10.0,15.0],""termination_penalty"":8.0,""track_kind"":""circle"",""track_radius"":18.0,""track_width"":5.5,""warmup_gate"":{""distance_range"":[12.0,30.0],""enabled"":true,""finish_pass_distance"":2.0,""half_width_range"":[0.35,0.85],""lateral_offset_range"":[-1.2,1.2],""max_active_steps"":75,""reveal_step"":50},""wheel_observation_mode"":""none""}","{""action_history_mode"":""full"",""beta_target_range"":[0.04,0.32],""dt"":0.02,""friction_limited_speed"":true,""friction_speed_margin"":0.92,""friction_step"":{""enabled"":true,""mu_range"":[0.3,1.15],""resample_speed_ref"":false,""step_range"":[8,40]},""history_length"":1,""include_privileged_params"":false,""max_steps"":800,""obstacle"":{""allowed_labels"":[""aes_feasible"",""drift_required"",""unavoidable""],""brake_mu_fraction"":0.9,""clearance_margin_reward_clip"":0.25,""clearance_margin_reward_scale"":0.0,""collision_penalty"":25.0,""conventional_lateral_mu_fraction"":0.42,""dense_clearance_margin_reward_clip"":0.25,""dense_clearance_margin_reward_scale"":0.0,""dense_clearance_margin_reward_window"":8.0,""distance_range"":[1.0,8.680555555555557],""drift_lateral_mu_fraction"":0.85,""ego_half_width"":0.9,""enabled"":true,""finish_on_pass"":true,""finish_pass_distance"":2.0,""half_width_range"":[0.2,0.9940476190476191],""max_sample_attempts"":10000,""max_threshold_score"":0.25,""min_time_after_friction_step"":0.1,""pass_reward"":12.0,""perception_reveal_distance"":null,""perception_reveal_step"":25,""require_aeb_infeasible"":true,""safety_margin"":0.3,""stable_aes_beta_limit"":0.2,""stable_aes_drift_bonus_scale"":0.18,""stable_aes_sideslip_penalty"":2.8},""obstacle_relative_velocity_mode"":""zero"",""obstacle_slots"":4,""privileged_observation_mode"":""basic"",""randomization"":{""actuator_tau_scale_range"":[0.65,2.2],""brake_scale_range"":[0.55,1.35],""cg_shift_range"":[-0.14,0.14],""drive_scale_range"":[0.6,1.3],""inertia_scale_range"":[0.8,1.3],""mass_scale_range"":[0.8,1.28],""mu_range"":[0.28,1.05],""tire_stiffness_scale_range"":[0.58,1.42]},""road_lookahead_count"":8,""road_lookahead_spacing"":5.0,""speed_range"":[10.0,15.0],""termination_penalty"":8.0,""track_kind"":""circle"",""track_radius"":18.0,""track_width"":5.5,""warmup_gate"":{""distance_range"":[12.0,30.0],""enabled"":true,""finish_pass_distance"":2.0,""half_width_range"":[0.35,0.85],""lateral_offset_range"":[-1.2,1.2],""max_active_steps"":75,""reveal_step"":50},""wheel_observation_mode"":""none""}"
m2063-osd-osd_v0_0216_t5,False,"{""action_history_mode"":""full"",""beta_target_range"":[0.04,0.32],""dt"":0.02,""friction_limited_speed"":true,""friction_speed_margin"":0.92,""friction_step"":{""enabled"":true,""mu_range"":[0.3,1.15],""resample_speed_ref"":false,""step_range"":[8,40]},""history_length"":1,""include_privileged_params"":false,""max_steps"":800,""obstacle"":{""allowed_labels"":[""aes_feasible"",""drift_required"",""unavoidable""],""brake_mu_fraction"":0.9,""clearance_margin_reward_clip"":0.25,""clearance_margin_reward_scale"":0.0,""collision_penalty"":25.0,""conventional_lateral_mu_fraction"":0.42,""dense_clearance_margin_reward_clip"":0.25,""dense_clearance_margin_reward_scale"":0.0,""dense_clearance_margin_reward_window"":8.0,""distance_range"":[9.847222222222225,21.847222222222225],""drift_lateral_mu_fraction"":0.85,""ego_half_width"":0.9,""enabled"":true,""finish_on_pass"":true,""finish_pass_distance"":2.0,""half_width_range"":[0.2488095238095238,1.0488095238095239],""max_sample_attempts"":10000,""max_threshold_score"":0.25,""min_time_after_friction_step"":0.1,""pass_reward"":12.0,""perception_reveal_distance"":null,""perception_reveal_step"":0,""require_aeb_infeasible"":true,""safety_margin"":0.3,""stable_aes_beta_limit"":0.2,""stable_aes_drift_bonus_scale"":0.18,""stable_aes_sideslip_penalty"":2.8},""obstacle_relative_velocity_mode"":""zero"",""obstacle_slots"":4,""privileged_observation_mode"":""basic"",""randomization"":{""actuator_tau_scale_range"":[1.8,2.8],""brake_scale_range"":[0.55,1.35],""cg_shift_range"":[-0.14,0.14],""drive_scale_range"":[0.6,1.3],""inertia_scale_range"":[0.8,1.3],""mass_scale_range"":[0.8,1.28],""mu_range"":[0.45,0.85],""tire_stiffness_scale_range"":[0.58,1.42]},""road_lookahead_count"":8,""road_lookahead_spacing"":5.0,""speed_range"":[14.0,20.0],""termination_penalty"":8.0,""track_kind"":""circle"",""track_radius"":60.0,""track_width"":4.4,""warmup_gate"":{""distance_range"":[12.0,30.0],""enabled"":true,""finish_pass_distance"":2.0,""half_width_range"":[0.35,0.85],""lateral_offset_range"":[-1.2,1.2],""max_active_steps"":25,""reveal_step"":50},""wheel_observation_mode"":""none""}","{""action_history_mode"":""full"",""beta_target_range"":[0.04,0.32],""dt"":0.02,""friction_limited_speed"":true,""friction_speed_margin"":0.92,""friction_step"":{""enabled"":true,""mu_range"":[0.3,1.15],""resample_speed_ref"":false,""step_range"":[8,40]},""history_length"":1,""include_privileged_params"":false,""max_steps"":800,""obstacle"":{""allowed_labels"":[""aes_feasible"",""drift_required"",""unavoidable""],""brake_mu_fraction"":0.9,""clearance_margin_reward_clip"":0.25,""clearance_margin_reward_scale"":0.0,""collision_penalty"":25.0,""conventional_lateral_mu_fraction"":0.42,""dense_clearance_margin_reward_clip"":0.25,""dense_clearance_margin_reward_scale"":0.0,""dense_clearance_margin_reward_window"":8.0,""distance_range"":[9.847222222222225,21.847222222222225],""drift_lateral_mu_fraction"":0.85,""ego_half_width"":0.9,""enabled"":true,""finish_on_pass"":true,""finish_pass_distance"":2.0,""half_width_range"":[0.2488095238095238,1.0488095238095239],""max_sample_attempts"":10000,""max_threshold_score"":0.25,""min_time_after_friction_step"":0.1,""pass_reward"":12.0,""perception_reveal_distance"":null,""perception_reveal_step"":0,""require_aeb_infeasible"":true,""safety_margin"":0.3,""stable_aes_beta_limit"":0.2,""stable_aes_drift_bonus_scale"":0.18,""stable_aes_sideslip_penalty"":2.8},""obstacle_relative_velocity_mode"":""zero"",""obstacle_slots"":4,""privileged_observation_mode"":""basic"",""randomization"":{""actuator_tau_scale_range"":[1.8,2.8],""brake_scale_range"":[0.55,1.35],""cg_shift_range"":[-0.14,0.14],""drive_scale_range"":[0.6,1.3],""inertia_scale_range"":[0.8,1.3],""mass_scale_range"":[0.8,1.28],""mu_range"":[0.45,0.85],""tire_stiffness_scale_range"":[0.58,1.42]},""road_lookahead_count"":8,""road_lookahead_spacing"":5.0,""speed_range"":[14.0,20.0],""termination_penalty"":8.0,""track_kind"":""circle"",""track_radius"":60.0,""track_width"":4.4,""warmup_gate"":{""distance_range"":[12.0,30.0],""enabled"":true,""finish_pass_distance"":2.0,""half_width_range"":[0.35,0.85],""lateral_offset_range"":[-1.2,1.2],""max_active_steps"":25,""reveal_step"":50},""wheel_observation_mode"":""none""}"
m2063-osd-osd_v0_0217_t5,False,"{""action_history_mode"":""full"",""beta_target_range"":[0.04,0.32],""dt"":0.02,""friction_limited_speed"":true,""friction_speed_margin"":0.92,""friction_step"":{""enabled"":true,""mu_range"":[0.3,1.15],""resample_speed_ref"":false,""step_range"":[8,40]},""history_length"":1,""include_privileged_params"":false,""max_steps"":800,""obstacle"":{""allowed_labels"":[""aes_feasible"",""drift_required"",""unavoidable""],""brake_mu_fraction"":0.9,""clearance_margin_reward_clip"":0.25,""clearance_margin_reward_scale"":0.0,""collision_penalty"":25.0,""conventional_lateral_mu_fraction"":0.42,""dense_clearance_margin_reward_clip"":0.25,""dense_clearance_margin_reward_scale"":0.0,""dense_clearance_margin_reward_window"":8.0,""distance_range"":[1.0,8.131944444444445],""drift_lateral_mu_fraction"":0.85,""ego_half_width"":0.9,""enabled"":true,""finish_on_pass"":true,""finish_pass_distance"":2.0,""half_width_range"":[0.2,0.9940476190476191],""max_sample_attempts"":10000,""max_threshold_score"":0.5,""min_time_after_friction_step"":0.1,""pass_reward"":12.0,""perception_reveal_distance"":null,""perception_reveal_step"":10,""require_aeb_infeasible"":true,""safety_margin"":0.3,""stable_aes_beta_limit"":0.2,""stable_aes_drift_bonus_scale"":0.18,""stable_aes_sideslip_penalty"":2.8},""obstacle_relative_velocity_mode"":""zero"",""obstacle_slots"":4,""privileged_observation_mode"":""basic"",""randomization"":{""actuator_tau_scale_range"":[0.65,1.35],""brake_scale_range"":[0.55,1.35],""cg_shift_range"":[-0.14,0.14],""drive_scale_range"":[0.6,1.3],""inertia_scale_range"":[0.8,1.3],""mass_scale_range"":[0.8,1.28],""mu_range"":[0.75,1.05],""tire_stiffness_scale_range"":[0.58,1.42]},""road_lookahead_count"":8,""road_lookahead_spacing"":5.0,""speed_range"":[7.0,11.0],""termination_penalty"":8.0,""track_kind"":""circle"",""track_radius"":32.0,""track_width"":7.0,""warmup_gate"":{""distance_range"":[12.0,30.0],""enabled"":true,""finish_pass_distance"":2.0,""half_width_range"":[0.35,0.85],""lateral_offset_range"":[-1.2,1.2],""max_active_steps"":25,""reveal_step"":85},""wheel_observation_mode"":""none""}","{""action_history_mode"":""full"",""beta_target_range"":[0.04,0.32],""dt"":0.02,""friction_limited_speed"":true,""friction_speed_margin"":0.92,""friction_step"":{""enabled"":true,""mu_range"":[0.3,1.15],""resample_speed_ref"":false,""step_range"":[8,40]},""history_length"":1,""include_privileged_params"":false,""max_steps"":800,""obstacle"":{""allowed_labels"":[""aes_feasible"",""drift_required"",""unavoidable""],""brake_mu_fraction"":0.9,""clearance_margin_reward_clip"":0.25,""clearance_margin_reward_scale"":0.0,""collision_penalty"":25.0,""conventional_lateral_mu_fraction"":0.42,""dense_clearance_margin_reward_clip"":0.25,""dense_clearance_margin_reward_scale"":0.0,""dense_clearance_margin_reward_window"":8.0,""distance_range"":[1.0,8.131944444444445],""drift_lateral_mu_fraction"":0.85,""ego_half_width"":0.9,""enabled"":true,""finish_on_pass"":true,""finish_pass_distance"":2.0,""half_width_range"":[0.2,0.9940476190476191],""max_sample_attempts"":10000,""max_threshold_score"":0.5,""min_time_after_friction_step"":0.1,""pass_reward"":12.0,""perception_reveal_distance"":null,""perception_reveal_step"":10,""require_aeb_infeasible"":true,""safety_margin"":0.3,""stable_aes_beta_limit"":0.2,""stable_aes_drift_bonus_scale"":0.18,""stable_aes_sideslip_penalty"":2.8},""obstacle_relative_velocity_mode"":""zero"",""obstacle_slots"":4,""privileged_observation_mode"":""basic"",""randomization"":{""actuator_tau_scale_range"":[0.65,1.35],""brake_scale_range"":[0.55,1.35],""cg_shift_range"":[-0.14,0.14],""drive_scale_range"":[0.6,1.3],""inertia_scale_range"":[0.8,1.3],""mass_scale_range"":[0.8,1.28],""mu_range"":[0.75,1.05],""tire_stiffness_scale_range"":[0.58,1.42]},""road_lookahead_count"":8,""road_lookahead_spacing"":5.0,""speed_range"":[7.0,11.0],""termination_penalty"":8.0,""track_kind"":""circle"",""track_radius"":32.0,""track_width"":7.0,""warmup_gate"":{""distance_range"":[12.0,30.0],""enabled"":true,""finish_pass_distance"":2.0,""half_width_range"":[0.35,0.85],""lateral_offset_range"":[-1.2,1.2],""max_active_steps"":25,""reveal_step"":85},""wheel_observation_mode"":""none""}"
m2063-osd-osd_v0_0218_t5,False,"{""action_history_mode"":""full"",""beta_target_range"":[0.04,0.32],""dt"":0.02,""friction_limited_speed"":true,""friction_speed_margin"":0.92,""friction_step"":{""enabled"":true,""mu_range"":[0.3,1.15],""resample_speed_ref"":false,""step_range"":[8,40]},""history_length"":1,""include_privileged_params"":false,""max_steps"":800,""obstacle"":{""allowed_labels"":[""aes_feasible"",""drift_required"",""unavoidable""],""brake_mu_fraction"":0.9,""clearance_margin_reward_clip"":0.25,""clearance_margin_reward_scale"":0.0,""collision_penalty"":25.0,""conventional_lateral_mu_fraction"":0.42,""dense_clearance_margin_reward_clip"":0.25,""dense_clearance_margin_reward_scale"":0.0,""dense_clearance_margin_reward_window"":8.0,""distance_range"":[1.0,8.680555555555557],""drift_lateral_mu_fraction"":0.85,""ego_half_width"":0.9,""enabled"":true,""finish_on_pass"":true,""finish_pass_distance"":2.0,""half_width_range"":[0.2,0.9940476190476191],""max_sample_attempts"":10000,""max_threshold_score"":0.25,""min_time_after_friction_step"":0.1,""pass_reward"":12.0,""perception_reveal_distance"":null,""perception_reveal_step"":25,""require_aeb_infeasible"":true,""safety_margin"":0.3,""stable_aes_beta_limit"":0.2,""stable_aes_drift_bonus_scale"":0.18,""stable_aes_sideslip_penalty"":2.8},""obstacle_relative_velocity_mode"":""zero"",""obstacle_slots"":4,""privileged_observation_mode"":""basic"",""randomization"":{""actuator_tau_scale_range"":[0.75,1.65],""brake_scale_range"":[0.55,1.35],""cg_shift_range"":[-0.14,0.14],""drive_scale_range"":[0.6,1.3],""inertia_scale_range"":[0.8,1.3],""mass_scale_range"":[0.8,1.28],""mu_range"":[0.35,0.55],""tire_stiffness_scale_range"":[0.58,1.42]},""road_lookahead_count"":8,""road_lookahead_spacing"":5.0,""speed_range"":[10.0,15.0],""termination_penalty"":8.0,""track_kind"":""circle"",""track_radius"":18.0,""track_width"":5.5,""warmup_gate"":{""distance_range"":[12.0,30.0],""enabled"":true,""finish_pass_distance"":2.0,""half_width_range"":[0.35,0.85],""lateral_offset_range"":[-1.2,1.2],""max_active_steps"":50,""reveal_step"":125},""wheel_observation_mode"":""none""}","{""action_history_mode"":""full"",""beta_target_range"":[0.04,0.32],""dt"":0.02,""friction_limited_speed"":true,""friction_speed_margin"":0.92,""friction_step"":{""enabled"":true,""mu_range"":[0.3,1.15],""resample_speed_ref"":false,""step_range"":[8,40]},""history_length"":1,""include_privileged_params"":false,""max_steps"":800,""obstacle"":{""allowed_labels"":[""aes_feasible"",""drift_required"",""unavoidable""],""brake_mu_fraction"":0.9,""clearance_margin_reward_clip"":0.25,""clearance_margin_reward_scale"":0.0,""collision_penalty"":25.0,""conventional_lateral_mu_fraction"":0.42,""dense_clearance_margin_reward_clip"":0.25,""dense_clearance_margin_reward_scale"":0.0,""dense_clearance_margin_reward_window"":8.0,""distance_range"":[1.0,8.680555555555557],""drift_lateral_mu_fraction"":0.85,""ego_half_width"":0.9,""enabled"":true,""finish_on_pass"":true,""finish_pass_distance"":2.0,""half_width_range"":[0.2,0.9940476190476191],""max_sample_attempts"":10000,""max_threshold_score"":0.25,""min_time_after_friction_step"":0.1,""pass_reward"":12.0,""perception_reveal_distance"":null,""perception_reveal_step"":25,""require_aeb_infeasible"":true,""safety_margin"":0.3,""stable_aes_beta_limit"":0.2,""stable_aes_drift_bonus_scale"":0.18,""stable_aes_sideslip_penalty"":2.8},""obstacle_relative_velocity_mode"":""zero"",""obstacle_slots"":4,""privileged_observation_mode"":""basic"",""randomization"":{""actuator_tau_scale_range"":[0.75,1.65],""brake_scale_range"":[0.55,1.35],""cg_shift_range"":[-0.14,0.14],""drive_scale_range"":[0.6,1.3],""inertia_scale_range"":[0.8,1.3],""mass_scale_range"":[0.8,1.28],""mu_range"":[0.35,0.55],""tire_stiffness_scale_range"":[0.58,1.42]},""road_lookahead_count"":8,""road_lookahead_spacing"":5.0,""speed_range"":[10.0,15.0],""termination_penalty"":8.0,""track_kind"":""circle"",""track_radius"":18.0,""track_width"":5.5,""warmup_gate"":{""distance_range"":[12.0,30.0],""enabled"":true,""finish_pass_distance"":2.0,""half_width_range"":[0.35,0.85],""lateral_offset_range"":[-1.2,1.2],""max_active_steps"":50,""reveal_step"":125},""wheel_observation_mode"":""none""}"
m2063-osd-osd_v0_0219_t5,False,"{""action_history_mode"":""full"",""beta_target_range"":[0.04,0.32],""dt"":0.02,""friction_limited_speed"":true,""friction_speed_margin"":0.92,""friction_step"":{""enabled"":true,""mu_range"":[0.3,1.15],""resample_speed_ref"":false,""step_range"":[8,40]},""history_length"":1,""include_privileged_params"":false,""max_steps"":800,""obstacle"":{""allowed_labels"":[""aes_feasible"",""drift_required"",""unavoidable""],""brake_mu_fraction"":0.9,""clearance_margin_reward_clip"":0.25,""clearance_margin_reward_scale"":0.0,""collision_penalty"":25.0,""conventional_lateral_mu_fraction"":0.42,""dense_clearance_margin_reward_clip"":0.25,""dense_clearance_margin_reward_scale"":0.0,""dense_clearance_margin_reward_window"":8.0,""distance_range"":[10.944444444444446,22.944444444444446],""drift_lateral_mu_fraction"":0.85,""ego_half_width"":0.9,""enabled"":true,""finish_on_pass"":true,""finish_pass_distance"":2.0,""half_width_range"":[0.2488095238095238,1.0488095238095239],""max_sample_attempts"":10000,""max_threshold_score"":0.25,""min_time_after_friction_step"":0.1,""pass_reward"":12.0,""perception_reveal_distance"":null,""perception_reveal_step"":0,""require_aeb_infeasible"":true,""safety_margin"":0.3,""stable_aes_beta_limit"":0.2,""stable_aes_drift_bonus_scale"":0.18,""stable_aes_sideslip_penalty"":2.8},""obstacle_relative_velocity_mode"":""zero"",""obstacle_slots"":4,""privileged_observation_mode"":""basic"",""randomization"":{""actuator_tau_scale_range"":[0.65,2.2],""brake_scale_range"":[0.55,1.35],""cg_shift_range"":[-0.14,0.14],""drive_scale_range"":[0.6,1.3],""inertia_scale_range"":[0.8,1.3],""mass_scale_range"":[0.8,1.28],""mu_range"":[0.28,1.05],""tire_stiffness_scale_range"":[0.58,1.42]},""road_lookahead_count"":8,""road_lookahead_spacing"":5.0,""speed_range"":[14.0,20.0],""termination_penalty"":8.0,""track_kind"":""circle"",""track_radius"":60.0,""track_width"":4.4,""warmup_gate"":{""distance_range"":[12.0,30.0],""enabled"":false,""finish_pass_distance"":2.0,""half_width_range"":[0.35,0.85],""lateral_offset_range"":[-1.2,1.2],""max_active_steps"":75,""reveal_step"":10},""wheel_observation_mode"":""none""}","{""action_history_mode"":""full"",""beta_target_range"":[0.04,0.32],""dt"":0.02,""friction_limited_speed"":true,""friction_speed_margin"":0.92,""friction_step"":{""enabled"":true,""mu_range"":[0.3,1.15],""resample_speed_ref"":false,""step_range"":[8,40]},""history_length"":1,""include_privileged_params"":false,""max_steps"":800,""obstacle"":{""allowed_labels"":[""aes_feasible"",""drift_required"",""unavoidable""],""brake_mu_fraction"":0.9,""clearance_margin_reward_clip"":0.25,""clearance_margin_reward_scale"":0.0,""collision_penalty"":25.0,""conventional_lateral_mu_fraction"":0.42,""dense_clearance_margin_reward_clip"":0.25,""dense_clearance_margin_reward_scale"":0.0,""dense_clearance_margin_reward_window"":8.0,""distance_range"":[10.944444444444446,22.944444444444446],""drift_lateral_mu_fraction"":0.85,""ego_half_width"":0.9,""enabled"":true,""finish_on_pass"":true,""finish_pass_distance"":2.0,""half_width_range"":[0.2488095238095238,1.0488095238095239],""max_sample_attempts"":10000,""max_threshold_score"":0.25,""min_time_after_friction_step"":0.1,""pass_reward"":12.0,""perception_reveal_distance"":null,""perception_reveal_step"":0,""require_aeb_infeasible"":true,""safety_margin"":0.3,""stable_aes_beta_limit"":0.2,""stable_aes_drift_bonus_scale"":0.18,""stable_aes_sideslip_penalty"":2.8},""obstacle_relative_velocity_mode"":""zero"",""obstacle_slots"":4,""privileged_observation_mode"":""basic"",""randomization"":{""actuator_tau_scale_range"":[0.65,2.2],""brake_scale_range"":[0.55,1.35],""cg_shift_range"":[-0.14,0.14],""drive_scale_range"":[0.6,1.3],""inertia_scale_range"":[0.8,1.3],""mass_scale_range"":[0.8,1.28],""mu_range"":[0.28,1.05],""tire_stiffness_scale_range"":[0.58,1.42]},""road_lookahead_count"":8,""road_lookahead_spacing"":5.0,""speed_range"":[14.0,20.0],""termination_penalty"":8.0,""track_kind"":""circle"",""track_radius"":60.0,""track_width"":4.4,""warmup_gate"":{""distance_range"":[12.0,30.0],""enabled"":false,""finish_pass_distance"":2.0,""half_width_range"":[0.35,0.85],""lateral_offset_range"":[-1.2,1.2],""max_active_steps"":75,""reveal_step"":10},""wheel_observation_mode"":""none""}"
m2063-osd-osd_v0_0220_t5,False,"{""action_history_mode"":""full"",""beta_target_range"":[0.04,0.32],""dt"":0.02,""friction_limited_speed"":true,""friction_speed_margin"":0.92,""friction_step"":{""enabled"":true,""mu_range"":[0.3,1.15],""resample_speed_ref"":false,""step_range"":[8,40]},""history_length"":1,""include_privileged_params"":false,""max_steps"":800,""obstacle"":{""allowed_labels"":[""aes_feasible"",""drift_required"",""unavoidable""],""brake_mu_fraction"":0.9,""clearance_margin_reward_clip"":0.25,""clearance_margin_reward_scale"":0.0,""collision_penalty"":25.0,""conventional_lateral_mu_fraction"":0.42,""dense_clearance_margin_reward_clip"":0.25,""dense_clearance_margin_reward_scale"":0.0,""dense_clearance_margin_reward_window"":8.0,""distance_range"":[1.0,11.423611111111112],""drift_lateral_mu_fraction"":0.85,""ego_half_width"":0.9,""enabled"":true,""finish_on_pass"":true,""finish_pass_distance"":2.0,""half_width_range"":[0.2,0.9940476190476191],""max_sample_attempts"":10000,""max_threshold_score"":0.5,""min_time_after_friction_step"":0.1,""pass_reward"":12.0,""perception_reveal_distance"":null,""perception_reveal_step"":10,""require_aeb_infeasible"":true,""safety_margin"":0.3,""stable_aes_beta_limit"":0.2,""stable_aes_drift_bonus_scale"":0.18,""stable_aes_sideslip_penalty"":2.8},""obstacle_relative_velocity_mode"":""zero"",""obstacle_slots"":4,""privileged_observation_mode"":""basic"",""randomization"":{""actuator_tau_scale_range"":[1.8,2.8],""brake_scale_range"":[0.55,1.35],""cg_shift_range"":[-0.14,0.14],""drive_scale_range"":[0.6,1.3],""inertia_scale_range"":[0.8,1.3],""mass_scale_range"":[0.8,1.28],""mu_range"":[0.45,0.85],""tire_stiffness_scale_range"":[0.58,1.42]},""road_lookahead_count"":8,""road_lookahead_spacing"":5.0,""speed_range"":[7.0,11.0],""termination_penalty"":8.0,""track_kind"":""circle"",""track_radius"":32.0,""track_width"":7.0,""warmup_gate"":{""distance_range"":[12.0,30.0],""enabled"":true,""finish_pass_distance"":2.0,""half_width_range"":[0.35,0.85],""lateral_offset_range"":[-1.2,1.2],""max_active_steps"":25,""reveal_step"":35},""wheel_observation_mode"":""none""}","{""action_history_mode"":""full"",""beta_target_range"":[0.04,0.32],""dt"":0.02,""friction_limited_speed"":true,""friction_speed_margin"":0.92,""friction_step"":{""enabled"":true,""mu_range"":[0.3,1.15],""resample_speed_ref"":false,""step_range"":[8,40]},""history_length"":1,""include_privileged_params"":false,""max_steps"":800,""obstacle"":{""allowed_labels"":[""aes_feasible"",""drift_required"",""unavoidable""],""brake_mu_fraction"":0.9,""clearance_margin_reward_clip"":0.25,""clearance_margin_reward_scale"":0.0,""collision_penalty"":25.0,""conventional_lateral_mu_fraction"":0.42,""dense_clearance_margin_reward_clip"":0.25,""dense_clearance_margin_reward_scale"":0.0,""dense_clearance_margin_reward_window"":8.0,""distance_range"":[1.0,11.423611111111112],""drift_lateral_mu_fraction"":0.85,""ego_half_width"":0.9,""enabled"":true,""finish_on_pass"":true,""finish_pass_distance"":2.0,""half_width_range"":[0.2,0.9940476190476191],""max_sample_attempts"":10000,""max_threshold_score"":0.5,""min_time_after_friction_step"":0.1,""pass_reward"":12.0,""perception_reveal_distance"":null,""perception_reveal_step"":10,""require_aeb_infeasible"":true,""safety_margin"":0.3,""stable_aes_beta_limit"":0.2,""stable_aes_drift_bonus_scale"":0.18,""stable_aes_sideslip_penalty"":2.8},""obstacle_relative_velocity_mode"":""zero"",""obstacle_slots"":4,""privileged_observation_mode"":""basic"",""randomization"":{""actuator_tau_scale_range"":[1.8,2.8],""brake_scale_range"":[0.55,1.35],""cg_shift_range"":[-0.14,0.14],""drive_scale_range"":[0.6,1.3],""inertia_scale_range"":[0.8,1.3],""mass_scale_range"":[0.8,1.28],""mu_range"":[0.45,0.85],""tire_stiffness_scale_range"":[0.58,1.42]},""road_lookahead_count"":8,""road_lookahead_spacing"":5.0,""speed_range"":[7.0,11.0],""termination_penalty"":8.0,""track_kind"":""circle"",""track_radius"":32.0,""track_width"":7.0,""warmup_gate"":{""distance_range"":[12.0,30.0],""enabled"":true,""finish_pass_distance"":2.0,""half_width_range"":[0.35,0.85],""lateral_offset_range"":[-1.2,1.2],""max_active_steps"":25,""reveal_step"":35},""wheel_observation_mode"":""none""}"
m2063-osd-osd_v0_0221_t5,False,"{""action_history_mode"":""full"",""beta_target_range"":[0.04,0.32],""dt"":0.02,""friction_limited_speed"":true,""friction_speed_margin"":0.92,""friction_step"":{""enabled"":true,""mu_range"":[0.3,1.15],""resample_speed_ref"":false,""step_range"":[8,40]},""history_length"":1,""include_privileged_params"":false,""max_steps"":800,""obstacle"":{""allowed_labels"":[""aes_feasible"",""drift_required"",""unavoidable""],""brake_mu_fraction"":0.9,""clearance_margin_reward_clip"":0.25,""clearance_margin_reward_scale"":0.0,""collision_penalty"":25.0,""conventional_lateral_mu_fraction"":0.42,""dense_clearance_margin_reward_clip"":0.25,""dense_clearance_margin_reward_scale"":0.0,""dense_clearance_margin_reward_window"":8.0,""distance_range"":[1.0,8.131944444444445],""drift_lateral_mu_fraction"":0.85,""ego_half_width"":0.9,""enabled"":true,""finish_on_pass"":true,""finish_pass_distance"":2.0,""half_width_range"":[0.2,0.9940476190476191],""max_sample_attempts"":10000,""max_threshold_score"":0.25,""min_time_after_friction_step"":0.1,""pass_reward"":12.0,""perception_reveal_distance"":null,""perception_reveal_step"":25,""require_aeb_infeasible"":true,""safety_margin"":0.3,""stable_aes_beta_limit"":0.2,""stable_aes_drift_bonus_scale"":0.18,""stable_aes_sideslip_penalty"":2.8},""obstacle_relative_velocity_mode"":""zero"",""obstacle_slots"":4,""privileged_observation_mode"":""basic"",""randomization"":{""actuator_tau_scale_range"":[0.65,1.35],""brake_scale_range"":[0.55,1.35],""cg_shift_range"":[-0.14,0.14],""drive_scale_range"":[0.6,1.3],""inertia_scale_range"":[0.8,1.3],""mass_scale_range"":[0.8,1.28],""mu_range"":[0.75,1.05],""tire_stiffness_scale_range"":[0.58,1.42]},""road_lookahead_count"":8,""road_lookahead_spacing"":5.0,""speed_range"":[10.0,15.0],""termination_penalty"":8.0,""track_kind"":""circle"",""track_radius"":18.0,""track_width"":5.5,""warmup_gate"":{""distance_range"":[12.0,30.0],""enabled"":true,""finish_pass_distance"":2.0,""half_width_range"":[0.35,0.85],""lateral_offset_range"":[-1.2,1.2],""max_active_steps"":25,""reveal_step"":75},""wheel_observation_mode"":""none""}","{""action_history_mode"":""full"",""beta_target_range"":[0.04,0.32],""dt"":0.02,""friction_limited_speed"":true,""friction_speed_margin"":0.92,""friction_step"":{""enabled"":true,""mu_range"":[0.3,1.15],""resample_speed_ref"":false,""step_range"":[8,40]},""history_length"":1,""include_privileged_params"":false,""max_steps"":800,""obstacle"":{""allowed_labels"":[""aes_feasible"",""drift_required"",""unavoidable""],""brake_mu_fraction"":0.9,""clearance_margin_reward_clip"":0.25,""clearance_margin_reward_scale"":0.0,""collision_penalty"":25.0,""conventional_lateral_mu_fraction"":0.42,""dense_clearance_margin_reward_clip"":0.25,""dense_clearance_margin_reward_scale"":0.0,""dense_clearance_margin_reward_window"":8.0,""distance_range"":[1.0,8.131944444444445],""drift_lateral_mu_fraction"":0.85,""ego_half_width"":0.9,""enabled"":true,""finish_on_pass"":true,""finish_pass_distance"":2.0,""half_width_range"":[0.2,0.9940476190476191],""max_sample_attempts"":10000,""max_threshold_score"":0.25,""min_time_after_friction_step"":0.1,""pass_reward"":12.0,""perception_reveal_distance"":null,""perception_reveal_step"":25,""require_aeb_infeasible"":true,""safety_margin"":0.3,""stable_aes_beta_limit"":0.2,""stable_aes_drift_bonus_scale"":0.18,""stable_aes_sideslip_penalty"":2.8},""obstacle_relative_velocity_mode"":""zero"",""obstacle_slots"":4,""privileged_observation_mode"":""basic"",""randomization"":{""actuator_tau_scale_range"":[0.65,1.35],""brake_scale_range"":[0.55,1.35],""cg_shift_range"":[-0.14,0.14],""drive_scale_range"":[0.6,1.3],""inertia_scale_range"":[0.8,1.3],""mass_scale_range"":[0.8,1.28],""mu_range"":[0.75,1.05],""tire_stiffness_scale_range"":[0.58,1.42]},""road_lookahead_count"":8,""road_lookahead_spacing"":5.0,""speed_range"":[10.0,15.0],""termination_penalty"":8.0,""track_kind"":""circle"",""track_radius"":18.0,""track_width"":5.5,""warmup_gate"":{""distance_range"":[12.0,30.0],""enabled"":true,""finish_pass_distance"":2.0,""half_width_range"":[0.35,0.85],""lateral_offset_range"":[-1.2,1.2],""max_active_steps"":25,""reveal_step"":75},""wheel_observation_mode"":""none""}"
m2063-osd-osd_v0_0222_t5,False,"{""action_history_mode"":""full"",""beta_target_range"":[0.04,0.32],""dt"":0.02,""friction_limited_speed"":true,""friction_speed_margin"":0.92,""friction_step"":{""enabled"":true,""mu_range"":[0.3,1.15],""resample_speed_ref"":false,""step_range"":[8,40]},""history_length"":1,""include_privileged_params"":false,""max_steps"":800,""obstacle"":{""allowed_labels"":[""aes_feasible"",""drift_required"",""unavoidable""],""brake_mu_fraction"":0.9,""clearance_margin_reward_clip"":0.25,""clearance_margin_reward_scale"":0.0,""collision_penalty"":25.0,""conventional_lateral_mu_fraction"":0.42,""dense_clearance_margin_reward_clip"":0.25,""dense_clearance_margin_reward_scale"":0.0,""dense_clearance_margin_reward_window"":8.0,""distance_range"":[13.138888888888893,25.138888888888893],""drift_lateral_mu_fraction"":0.85,""ego_half_width"":0.9,""enabled"":true,""finish_on_pass"":true,""finish_pass_distance"":2.0,""half_width_range"":[0.5226190476190478,1.3226190476190478],""max_sample_attempts"":10000,""max_threshold_score"":0.25,""min_time_after_friction_step"":0.1,""pass_reward"":12.0,""perception_reveal_distance"":null,""perception_reveal_step"":0,""require_aeb_infeasible"":true,""safety_margin"":0.3,""stable_aes_beta_limit"":0.2,""stable_aes_drift_bonus_scale"":0.18,""stable_aes_sideslip_penalty"":2.8},""obstacle_relative_velocity_mode"":""zero"",""obstacle_slots"":4,""privileged_observation_mode"":""basic"",""randomization"":{""actuator_tau_scale_range"":[0.75,1.65],""brake_scale_range"":[0.55,1.35],""cg_shift_range"":[-0.14,0.14],""drive_scale_range"":[0.6,1.3],""inertia_scale_range"":[0.8,1.3],""mass_scale_range"":[0.8,1.28],""mu_range"":[0.35,0.55],""tire_stiffness_scale_range"":[0.58,1.42]},""road_lookahead_count"":8,""road_lookahead_spacing"":5.0,""speed_range"":[14.0,20.0],""termination_penalty"":8.0,""track_kind"":""circle"",""track_radius"":60.0,""track_width"":4.4,""warmup_gate"":{""distance_range"":[12.0,30.0],""enabled"":true,""finish_pass_distance"":2.0,""half_width_range"":[0.35,0.85],""lateral_offset_range"":[-1.2,1.2],""max_active_steps"":50,""reveal_step"":75},""wheel_observation_mode"":""none""}","{""action_history_mode"":""full"",""beta_target_range"":[0.04,0.32],""dt"":0.02,""friction_limited_speed"":true,""friction_speed_margin"":0.92,""friction_step"":{""enabled"":true,""mu_range"":[0.3,1.15],""resample_speed_ref"":false,""step_range"":[8,40]},""history_length"":1,""include_privileged_params"":false,""max_steps"":800,""obstacle"":{""allowed_labels"":[""aes_feasible"",""drift_required"",""unavoidable""],""brake_mu_fraction"":0.9,""clearance_margin_reward_clip"":0.25,""clearance_margin_reward_scale"":0.0,""collision_penalty"":25.0,""conventional_lateral_mu_fraction"":0.42,""dense_clearance_margin_reward_clip"":0.25,""dense_clearance_margin_reward_scale"":0.0,""dense_clearance_margin_reward_window"":8.0,""distance_range"":[13.138888888888893,25.138888888888893],""drift_lateral_mu_fraction"":0.85,""ego_half_width"":0.9,""enabled"":true,""finish_on_pass"":true,""finish_pass_distance"":2.0,""half_width_range"":[0.5226190476190478,1.3226190476190478],""max_sample_attempts"":10000,""max_threshold_score"":0.25,""min_time_after_friction_step"":0.1,""pass_reward"":12.0,""perception_reveal_distance"":null,""perception_reveal_step"":0,""require_aeb_infeasible"":true,""safety_margin"":0.3,""stable_aes_beta_limit"":0.2,""stable_aes_drift_bonus_scale"":0.18,""stable_aes_sideslip_penalty"":2.8},""obstacle_relative_velocity_mode"":""zero"",""obstacle_slots"":4,""privileged_observation_mode"":""basic"",""randomization"":{""actuator_tau_scale_range"":[0.75,1.65],""brake_scale_range"":[0.55,1.35],""cg_shift_range"":[-0.14,0.14],""drive_scale_range"":[0.6,1.3],""inertia_scale_range"":[0.8,1.3],""mass_scale_range"":[0.8,1.28],""mu_range"":[0.35,0.55],""tire_stiffness_scale_range"":[0.58,1.42]},""road_lookahead_count"":8,""road_lookahead_spacing"":5.0,""speed_range"":[14.0,20.0],""termination_penalty"":8.0,""track_kind"":""circle"",""track_radius"":60.0,""track_width"":4.4,""warmup_gate"":{""distance_range"":[12.0,30.0],""enabled"":true,""finish_pass_distance"":2.0,""half_width_range"":[0.35,0.85],""lateral_offset_range"":[-1.2,1.2],""max_active_steps"":50,""reveal_step"":75},""wheel_observation_mode"":""none""}"
m2063-osd-osd_v0_0223_t5,False,"{""action_history_mode"":""full"",""beta_target_range"":[0.04,0.32],""dt"":0.02,""friction_limited_speed"":true,""friction_speed_margin"":0.92,""friction_step"":{""enabled"":true,""mu_range"":[0.3,1.15],""resample_speed_ref"":false,""step_range"":[8,40]},""history_length"":1,""include_privileged_params"":false,""max_steps"":800,""obstacle"":{""allowed_labels"":[""aes_feasible"",""drift_required"",""unavoidable""],""brake_mu_fraction"":0.9,""clearance_margin_reward_clip"":0.25,""clearance_margin_reward_scale"":0.0,""collision_penalty"":25.0,""conventional_lateral_mu_fraction"":0.42,""dense_clearance_margin_reward_clip"":0.25,""dense_clearance_margin_reward_scale"":0.0,""dense_clearance_margin_reward_window"":8.0,""distance_range"":[1.0,9.777777777777779],""drift_lateral_mu_fraction"":0.85,""ego_half_width"":0.9,""enabled"":true,""finish_on_pass"":true,""finish_pass_distance"":2.0,""half_width_range"":[0.2,0.9940476190476191],""max_sample_attempts"":10000,""max_threshold_score"":1.0,""min_time_after_friction_step"":0.1,""pass_reward"":12.0,""perception_reveal_distance"":null,""perception_reveal_step"":10,""require_aeb_infeasible"":true,""safety_margin"":0.3,""stable_aes_beta_limit"":0.2,""stable_aes_drift_bonus_scale"":0.18,""stable_aes_sideslip_penalty"":2.8},""obstacle_relative_velocity_mode"":""zero"",""obstacle_slots"":4,""privileged_observation_mode"":""basic"",""randomization"":{""actuator_tau_scale_range"":[0.65,2.2],""brake_scale_range"":[0.55,1.35],""cg_shift_range"":[-0.14,0.14],""drive_scale_range"":[0.6,1.3],""inertia_scale_range"":[0.8,1.3],""mass_scale_range"":[0.8,1.28],""mu_range"":[0.28,1.05],""tire_stiffness_scale_range"":[0.58,1.42]},""road_lookahead_count"":8,""road_lookahead_spacing"":5.0,""speed_range"":[7.0,11.0],""termination_penalty"":8.0,""track_kind"":""circle"",""track_radius"":32.0,""track_width"":7.0,""warmup_gate"":{""distance_range"":[12.0,30.0],""enabled"":true,""finish_pass_distance"":2.0,""half_width_range"":[0.35,0.85],""lateral_offset_range"":[-1.2,1.2],""max_active_steps"":75,""reveal_step"":110},""wheel_observation_mode"":""none""}","{""action_history_mode"":""full"",""beta_target_range"":[0.04,0.32],""dt"":0.02,""friction_limited_speed"":true,""friction_speed_margin"":0.92,""friction_step"":{""enabled"":true,""mu_range"":[0.3,1.15],""resample_speed_ref"":false,""step_range"":[8,40]},""history_length"":1,""include_privileged_params"":false,""max_steps"":800,""obstacle"":{""allowed_labels"":[""aes_feasible"",""drift_required"",""unavoidable""],""brake_mu_fraction"":0.9,""clearance_margin_reward_clip"":0.25,""clearance_margin_reward_scale"":0.0,""collision_penalty"":25.0,""conventional_lateral_mu_fraction"":0.42,""dense_clearance_margin_reward_clip"":0.25,""dense_clearance_margin_reward_scale"":0.0,""dense_clearance_margin_reward_window"":8.0,""distance_range"":[1.0,9.777777777777779],""drift_lateral_mu_fraction"":0.85,""ego_half_width"":0.9,""enabled"":true,""finish_on_pass"":true,""finish_pass_distance"":2.0,""half_width_range"":[0.2,0.9940476190476191],""max_sample_attempts"":10000,""max_threshold_score"":1.0,""min_time_after_friction_step"":0.1,""pass_reward"":12.0,""perception_reveal_distance"":null,""perception_reveal_step"":10,""require_aeb_infeasible"":true,""safety_margin"":0.3,""stable_aes_beta_limit"":0.2,""stable_aes_drift_bonus_scale"":0.18,""stable_aes_sideslip_penalty"":2.8},""obstacle_relative_velocity_mode"":""zero"",""obstacle_slots"":4,""privileged_observation_mode"":""basic"",""randomization"":{""actuator_tau_scale_range"":[0.65,2.2],""brake_scale_range"":[0.55,1.35],""cg_shift_range"":[-0.14,0.14],""drive_scale_range"":[0.6,1.3],""inertia_scale_range"":[0.8,1.3],""mass_scale_range"":[0.8,1.28],""mu_range"":[0.28,1.05],""tire_stiffness_scale_range"":[0.58,1.42]},""road_lookahead_count"":8,""road_lookahead_spacing"":5.0,""speed_range"":[7.0,11.0],""termination_penalty"":8.0,""track_kind"":""circle"",""track_radius"":32.0,""track_width"":7.0,""warmup_gate"":{""distance_range"":[12.0,30.0],""enabled"":true,""finish_pass_distance"":2.0,""half_width_range"":[0.35,0.85],""lateral_offset_range"":[-1.2,1.2],""max_active_steps"":75,""reveal_step"":110},""wheel_observation_mode"":""none""}"
m2063-osd-osd_v0_0224_t5,False,"{""action_history_mode"":""full"",""beta_target_range"":[0.04,0.32],""dt"":0.02,""friction_limited_speed"":true,""friction_speed_margin"":0.92,""friction_step"":{""enabled"":true,""mu_range"":[0.3,1.15],""resample_speed_ref"":false,""step_range"":[8,40]},""history_length"":1,""include_privileged_params"":false,""max_steps"":800,""obstacle"":{""allowed_labels"":[""aes_feasible"",""drift_required"",""unavoidable""],""brake_mu_fraction"":0.9,""clearance_margin_reward_clip"":0.25,""clearance_margin_reward_scale"":0.0,""collision_penalty"":25.0,""conventional_lateral_mu_fraction"":0.42,""dense_clearance_margin_reward_clip"":0.25,""dense_clearance_margin_reward_scale"":0.0,""dense_clearance_margin_reward_window"":8.0,""distance_range"":[1.0,8.680555555555557],""drift_lateral_mu_fraction"":0.85,""ego_half_width"":0.9,""enabled"":true,""finish_on_pass"":true,""finish_pass_distance"":2.0,""half_width_range"":[0.2,0.9940476190476191],""max_sample_attempts"":10000,""max_threshold_score"":0.25,""min_time_after_friction_step"":0.1,""pass_reward"":12.0,""perception_reveal_distance"":null,""perception_reveal_step"":25,""require_aeb_infeasible"":true,""safety_margin"":0.3,""stable_aes_beta_limit"":0.2,""stable_aes_drift_bonus_scale"":0.18,""stable_aes_sideslip_penalty"":2.8},""obstacle_relative_velocity_mode"":""zero"",""obstacle_slots"":4,""privileged_observation_mode"":""basic"",""randomization"":{""actuator_tau_scale_range"":[1.8,2.8],""brake_scale_range"":[0.55,1.35],""cg_shift_range"":[-0.14,0.14],""drive_scale_range"":[0.6,1.3],""inertia_scale_range"":[0.8,1.3],""mass_scale_range"":[0.8,1.28],""mu_range"":[0.45,0.85],""tire_stiffness_scale_range"":[0.58,1.42]},""road_lookahead_count"":8,""road_lookahead_spacing"":5.0,""speed_range"":[10.0,15.0],""termination_penalty"":8.0,""track_kind"":""circle"",""track_radius"":18.0,""track_width"":5.5,""warmup_gate"":{""distance_range"":[12.0,30.0],""enabled"":false,""finish_pass_distance"":2.0,""half_width_range"":[0.35,0.85],""lateral_offset_range"":[-1.2,1.2],""max_active_steps"":64,""reveal_step"":35},""wheel_observation_mode"":""none""}","{""action_history_mode"":""full"",""beta_target_range"":[0.04,0.32],""dt"":0.02,""friction_limited_speed"":true,""friction_speed_margin"":0.92,""friction_step"":{""enabled"":true,""mu_range"":[0.3,1.15],""resample_speed_ref"":false,""step_range"":[8,40]},""history_length"":1,""include_privileged_params"":false,""max_steps"":800,""obstacle"":{""allowed_labels"":[""aes_feasible"",""drift_required"",""unavoidable""],""brake_mu_fraction"":0.9,""clearance_margin_reward_clip"":0.25,""clearance_margin_reward_scale"":0.0,""collision_penalty"":25.0,""conventional_lateral_mu_fraction"":0.42,""dense_clearance_margin_reward_clip"":0.25,""dense_clearance_margin_reward_scale"":0.0,""dense_clearance_margin_reward_window"":8.0,""distance_range"":[1.0,8.680555555555557],""drift_lateral_mu_fraction"":0.85,""ego_half_width"":0.9,""enabled"":true,""finish_on_pass"":true,""finish_pass_distance"":2.0,""half_width_range"":[0.2,0.9940476190476191],""max_sample_attempts"":10000,""max_threshold_score"":0.25,""min_time_after_friction_step"":0.1,""pass_reward"":12.0,""perception_reveal_distance"":null,""perception_reveal_step"":25,""require_aeb_infeasible"":true,""safety_margin"":0.3,""stable_aes_beta_limit"":0.2,""stable_aes_drift_bonus_scale"":0.18,""stable_aes_sideslip_penalty"":2.8},""obstacle_relative_velocity_mode"":""zero"",""obstacle_slots"":4,""privileged_observation_mode"":""basic"",""randomization"":{""actuator_tau_scale_range"":[1.8,2.8],""brake_scale_range"":[0.55,1.35],""cg_shift_range"":[-0.14,0.14],""drive_scale_range"":[0.6,1.3],""inertia_scale_range"":[0.8,1.3],""mass_scale_range"":[0.8,1.28],""mu_range"":[0.45,0.85],""tire_stiffness_scale_range"":[0.58,1.42]},""road_lookahead_count"":8,""road_lookahead_spacing"":5.0,""speed_range"":[10.0,15.0],""termination_penalty"":8.0,""track_kind"":""circle"",""track_radius"":18.0,""track_width"":5.5,""warmup_gate"":{""distance_range"":[12.0,30.0],""enabled"":false,""finish_pass_distance"":2.0,""half_width_range"":[0.35,0.85],""lateral_offset_range"":[-1.2,1.2],""max_active_steps"":64,""reveal_step"":35},""wheel_observation_mode"":""none""}"
m2063-osd-osd_v0_0225_t5,False,"{""action_history_mode"":""full"",""beta_target_range"":[0.04,0.32],""dt"":0.02,""friction_limited_speed"":true,""friction_speed_margin"":0.92,""friction_step"":{""enabled"":true,""mu_range"":[0.3,1.15],""resample_speed_ref"":false,""step_range"":[8,40]},""history_length"":1,""include_privileged_params"":false,""max_steps"":800,""obstacle"":{""allowed_labels"":[""aes_feasible"",""drift_required"",""unavoidable""],""brake_mu_fraction"":0.9,""clearance_margin_reward_clip"":0.25,""clearance_margin_reward_scale"":0.0,""collision_penalty"":25.0,""conventional_lateral_mu_fraction"":0.42,""dense_clearance_margin_reward_clip"":0.25,""dense_clearance_margin_reward_scale"":0.0,""dense_clearance_margin_reward_window"":8.0,""distance_range"":[8.20138888888889,20.20138888888889],""drift_lateral_mu_fraction"":0.85,""ego_half_width"":0.9,""enabled"":true,""finish_on_pass"":true,""finish_pass_distance"":2.0,""half_width_range"":[0.2,0.9940476190476191],""max_sample_attempts"":10000,""max_threshold_score"":0.25,""min_time_after_friction_step"":0.1,""pass_reward"":12.0,""perception_reveal_distance"":null,""perception_reveal_step"":0,""require_aeb_infeasible"":true,""safety_margin"":0.3,""stable_aes_beta_limit"":0.2,""stable_aes_drift_bonus_scale"":0.18,""stable_aes_sideslip_penalty"":2.8},""obstacle_relative_velocity_mode"":""zero"",""obstacle_slots"":4,""privileged_observation_mode"":""basic"",""randomization"":{""actuator_tau_scale_range"":[0.65,1.35],""brake_scale_range"":[0.55,1.35],""cg_shift_range"":[-0.14,0.14],""drive_scale_range"":[0.6,1.3],""inertia_scale_range"":[0.8,1.3],""mass_scale_range"":[0.8,1.28],""mu_range"":[0.75,1.05],""tire_stiffness_scale_range"":[0.58,1.42]},""road_lookahead_count"":8,""road_lookahead_spacing"":5.0,""speed_range"":[14.0,20.0],""termination_penalty"":8.0,""track_kind"":""circle"",""track_radius"":60.0,""track_width"":4.4,""warmup_gate"":{""distance_range"":[12.0,30.0],""enabled"":true,""finish_pass_distance"":2.0,""half_width_range"":[0.35,0.85],""lateral_offset_range"":[-1.2,1.2],""max_active_steps"":25,""reveal_step"":25},""wheel_observation_mode"":""none""}","{""action_history_mode"":""full"",""beta_target_range"":[0.04,0.32],""dt"":0.02,""friction_limited_speed"":true,""friction_speed_margin"":0.92,""friction_step"":{""enabled"":true,""mu_range"":[0.3,1.15],""resample_speed_ref"":false,""step_range"":[8,40]},""history_length"":1,""include_privileged_params"":false,""max_steps"":800,""obstacle"":{""allowed_labels"":[""aes_feasible"",""drift_required"",""unavoidable""],""brake_mu_fraction"":0.9,""clearance_margin_reward_clip"":0.25,""clearance_margin_reward_scale"":0.0,""collision_penalty"":25.0,""conventional_lateral_mu_fraction"":0.42,""dense_clearance_margin_reward_clip"":0.25,""dense_clearance_margin_reward_scale"":0.0,""dense_clearance_margin_reward_window"":8.0,""distance_range"":[8.20138888888889,20.20138888888889],""drift_lateral_mu_fraction"":0.85,""ego_half_width"":0.9,""enabled"":true,""finish_on_pass"":true,""finish_pass_distance"":2.0,""half_width_range"":[0.2,0.9940476190476191],""max_sample_attempts"":10000,""max_threshold_score"":0.25,""min_time_after_friction_step"":0.1,""pass_reward"":12.0,""perception_reveal_distance"":null,""perception_reveal_step"":0,""require_aeb_infeasible"":true,""safety_margin"":0.3,""stable_aes_beta_limit"":0.2,""stable_aes_drift_bonus_scale"":0.18,""stable_aes_sideslip_penalty"":2.8},""obstacle_relative_velocity_mode"":""zero"",""obstacle_slots"":4,""privileged_observation_mode"":""basic"",""randomization"":{""actuator_tau_scale_range"":[0.65,1.35],""brake_scale_range"":[0.55,1.35],""cg_shift_range"":[-0.14,0.14],""drive_scale_range"":[0.6,1.3],""inertia_scale_range"":[0.8,1.3],""mass_scale_range"":[0.8,1.28],""mu_range"":[0.75,1.05],""tire_stiffness_scale_range"":[0.58,1.42]},""road_lookahead_count"":8,""road_lookahead_spacing"":5.0,""speed_range"":[14.0,20.0],""termination_penalty"":8.0,""track_kind"":""circle"",""track_radius"":60.0,""track_width"":4.4,""warmup_gate"":{""distance_range"":[12.0,30.0],""enabled"":true,""finish_pass_distance"":2.0,""half_width_range"":[0.35,0.85],""lateral_offset_range"":[-1.2,1.2],""max_active_steps"":25,""reveal_step"":25},""wheel_observation_mode"":""none""}"
m2063-osd-osd_v0_0226_t5,False,"{""action_history_mode"":""full"",""beta_target_range"":[0.04,0.32],""dt"":0.02,""friction_limited_speed"":true,""friction_speed_margin"":0.92,""friction_step"":{""enabled"":true,""mu_range"":[0.3,1.15],""resample_speed_ref"":false,""step_range"":[8,40]},""history_length"":1,""include_privileged_params"":false,""max_steps"":800,""obstacle"":{""allowed_labels"":[""aes_feasible"",""drift_required"",""unavoidable""],""brake_mu_fraction"":0.9,""clearance_margin_reward_clip"":0.25,""clearance_margin_reward_scale"":0.0,""collision_penalty"":25.0,""conventional_lateral_mu_fraction"":0.42,""dense_clearance_margin_reward_clip"":0.25,""dense_clearance_margin_reward_scale"":0.0,""dense_clearance_margin_reward_window"":8.0,""distance_range"":[1.0,11.972222222222223],""drift_lateral_mu_fraction"":0.85,""ego_half_width"":0.9,""enabled"":true,""finish_on_pass"":true,""finish_pass_distance"":2.0,""half_width_range"":[0.2,0.9940476190476191],""max_sample_attempts"":10000,""max_threshold_score"":0.25,""min_time_after_friction_step"":0.1,""pass_reward"":12.0,""perception_reveal_distance"":null,""perception_reveal_step"":10,""require_aeb_infeasible"":true,""safety_margin"":0.3,""stable_aes_beta_limit"":0.2,""stable_aes_drift_bonus_scale"":0.18,""stable_aes_sideslip_penalty"":2.8},""obstacle_relative_velocity_mode"":""zero"",""obstacle_slots"":4,""privileged_observation_mode"":""basic"",""randomization"":{""actuator_tau_scale_range"":[0.75,1.65],""brake_scale_range"":[0.55,1.35],""cg_shift_range"":[-0.14,0.14],""drive_scale_range"":[0.6,1.3],""inertia_scale_range"":[0.8,1.3],""mass_scale_range"":[0.8,1.28],""mu_range"":[0.35,0.55],""tire_stiffness_scale_range"":[0.58,1.42]},""road_lookahead_count"":8,""road_lookahead_spacing"":5.0,""speed_range"":[7.0,11.0],""termination_penalty"":8.0,""track_kind"":""circle"",""track_radius"":32.0,""track_width"":7.0,""warmup_gate"":{""distance_range"":[12.0,30.0],""enabled"":true,""finish_pass_distance"":2.0,""half_width_range"":[0.35,0.85],""lateral_offset_range"":[-1.2,1.2],""max_active_steps"":50,""reveal_step"":60},""wheel_observation_mode"":""none""}","{""action_history_mode"":""full"",""beta_target_range"":[0.04,0.32],""dt"":0.02,""friction_limited_speed"":true,""friction_speed_margin"":0.92,""friction_step"":{""enabled"":true,""mu_range"":[0.3,1.15],""resample_speed_ref"":false,""step_range"":[8,40]},""history_length"":1,""include_privileged_params"":false,""max_steps"":800,""obstacle"":{""allowed_labels"":[""aes_feasible"",""drift_required"",""unavoidable""],""brake_mu_fraction"":0.9,""clearance_margin_reward_clip"":0.25,""clearance_margin_reward_scale"":0.0,""collision_penalty"":25.0,""conventional_lateral_mu_fraction"":0.42,""dense_clearance_margin_reward_clip"":0.25,""dense_clearance_margin_reward_scale"":0.0,""dense_clearance_margin_reward_window"":8.0,""distance_range"":[1.0,11.972222222222223],""drift_lateral_mu_fraction"":0.85,""ego_half_width"":0.9,""enabled"":true,""finish_on_pass"":true,""finish_pass_distance"":2.0,""half_width_range"":[0.2,0.9940476190476191],""max_sample_attempts"":10000,""max_threshold_score"":0.25,""min_time_after_friction_step"":0.1,""pass_reward"":12.0,""perception_reveal_distance"":null,""perception_reveal_step"":10,""require_aeb_infeasible"":true,""safety_margin"":0.3,""stable_aes_beta_limit"":0.2,""stable_aes_drift_bonus_scale"":0.18,""stable_aes_sideslip_penalty"":2.8},""obstacle_relative_velocity_mode"":""zero"",""obstacle_slots"":4,""privileged_observation_mode"":""basic"",""randomization"":{""actuator_tau_scale_range"":[0.75,1.65],""brake_scale_range"":[0.55,1.35],""cg_shift_range"":[-0.14,0.14],""drive_scale_range"":[0.6,1.3],""inertia_scale_range"":[0.8,1.3],""mass_scale_range"":[0.8,1.28],""mu_range"":[0.35,0.55],""tire_stiffness_scale_range"":[0.58,1.42]},""road_lookahead_count"":8,""road_lookahead_spacing"":5.0,""speed_range"":[7.0,11.0],""termination_penalty"":8.0,""track_kind"":""circle"",""track_radius"":32.0,""track_width"":7.0,""warmup_gate"":{""distance_range"":[12.0,30.0],""enabled"":true,""finish_pass_distance"":2.0,""half_width_range"":[0.35,0.85],""lateral_offset_range"":[-1.2,1.2],""max_active_steps"":50,""reveal_step"":60},""wheel_observation_mode"":""none""}"
m2063-osd-osd_v0_0227_t5,False,"{""action_history_mode"":""full"",""beta_target_range"":[0.04,0.32],""dt"":0.02,""friction_limited_speed"":true,""friction_speed_margin"":0.92,""friction_step"":{""enabled"":true,""mu_range"":[0.3,1.15],""resample_speed_ref"":false,""step_range"":[8,40]},""history_length"":1,""include_privileged_params"":false,""max_steps"":800,""obstacle"":{""allowed_labels"":[""aes_feasible"",""drift_required"",""unavoidable""],""brake_mu_fraction"":0.9,""clearance_margin_reward_clip"":0.25,""clearance_margin_reward_scale"":0.0,""collision_penalty"":25.0,""conventional_lateral_mu_fraction"":0.42,""dense_clearance_margin_reward_clip"":0.25,""dense_clearance_margin_reward_scale"":0.0,""dense_clearance_margin_reward_window"":8.0,""distance_range"":[1.0,8.680555555555557],""drift_lateral_mu_fraction"":0.85,""ego_half_width"":0.9,""enabled"":true,""finish_on_pass"":true,""finish_pass_distance"":2.0,""half_width_range"":[0.2,0.9940476190476191],""max_sample_attempts"":10000,""max_threshold_score"":0.25,""min_time_after_friction_step"":0.1,""pass_reward"":12.0,""perception_reveal_distance"":null,""perception_reveal_step"":25,""require_aeb_infeasible"":true,""safety_margin"":0.3,""stable_aes_beta_limit"":0.2,""stable_aes_drift_bonus_scale"":0.18,""stable_aes_sideslip_penalty"":2.8},""obstacle_relative_velocity_mode"":""zero"",""obstacle_slots"":4,""privileged_observation_mode"":""basic"",""randomization"":{""actuator_tau_scale_range"":[0.65,2.2],""brake_scale_range"":[0.55,1.35],""cg_shift_range"":[-0.14,0.14],""drive_scale_range"":[0.6,1.3],""inertia_scale_range"":[0.8,1.3],""mass_scale_range"":[0.8,1.28],""mu_range"":[0.28,1.05],""tire_stiffness_scale_range"":[0.58,1.42]},""road_lookahead_count"":8,""road_lookahead_spacing"":5.0,""speed_range"":[10.0,15.0],""termination_penalty"":8.0,""track_kind"":""circle"",""track_radius"":18.0,""track_width"":5.5,""warmup_gate"":{""distance_range"":[12.0,30.0],""enabled"":true,""finish_pass_distance"":2.0,""half_width_range"":[0.35,0.85],""lateral_offset_range"":[-1.2,1.2],""max_active_steps"":75,""reveal_step"":100},""wheel_observation_mode"":""none""}","{""action_history_mode"":""full"",""beta_target_range"":[0.04,0.32],""dt"":0.02,""friction_limited_speed"":true,""friction_speed_margin"":0.92,""friction_step"":{""enabled"":true,""mu_range"":[0.3,1.15],""resample_speed_ref"":false,""step_range"":[8,40]},""history_length"":1,""include_privileged_params"":false,""max_steps"":800,""obstacle"":{""allowed_labels"":[""aes_feasible"",""drift_required"",""unavoidable""],""brake_mu_fraction"":0.9,""clearance_margin_reward_clip"":0.25,""clearance_margin_reward_scale"":0.0,""collision_penalty"":25.0,""conventional_lateral_mu_fraction"":0.42,""dense_clearance_margin_reward_clip"":0.25,""dense_clearance_margin_reward_scale"":0.0,""dense_clearance_margin_reward_window"":8.0,""distance_range"":[1.0,8.680555555555557],""drift_lateral_mu_fraction"":0.85,""ego_half_width"":0.9,""enabled"":true,""finish_on_pass"":true,""finish_pass_distance"":2.0,""half_width_range"":[0.2,0.9940476190476191],""max_sample_attempts"":10000,""max_threshold_score"":0.25,""min_time_after_friction_step"":0.1,""pass_reward"":12.0,""perception_reveal_distance"":null,""perception_reveal_step"":25,""require_aeb_infeasible"":true,""safety_margin"":0.3,""stable_aes_beta_limit"":0.2,""stable_aes_drift_bonus_scale"":0.18,""stable_aes_sideslip_penalty"":2.8},""obstacle_relative_velocity_mode"":""zero"",""obstacle_slots"":4,""privileged_observation_mode"":""basic"",""randomization"":{""actuator_tau_scale_range"":[0.65,2.2],""brake_scale_range"":[0.55,1.35],""cg_shift_range"":[-0.14,0.14],""drive_scale_range"":[0.6,1.3],""inertia_scale_range"":[0.8,1.3],""mass_scale_range"":[0.8,1.28],""mu_range"":[0.28,1.05],""tire_stiffness_scale_range"":[0.58,1.42]},""road_lookahead_count"":8,""road_lookahead_spacing"":5.0,""speed_range"":[10.0,15.0],""termination_penalty"":8.0,""track_kind"":""circle"",""track_radius"":18.0,""track_width"":5.5,""warmup_gate"":{""distance_range"":[12.0,30.0],""enabled"":true,""finish_pass_distance"":2.0,""half_width_range"":[0.35,0.85],""lateral_offset_range"":[-1.2,1.2],""max_active_steps"":75,""reveal_step"":100},""wheel_observation_mode"":""none""}"
m2063-osd-osd_v0_0228_t5,False,"{""action_history_mode"":""full"",""beta_target_range"":[0.04,0.32],""dt"":0.02,""friction_limited_speed"":true,""friction_speed_margin"":0.92,""friction_step"":{""enabled"":true,""mu_range"":[0.3,1.15],""resample_speed_ref"":false,""step_range"":[8,40]},""history_length"":1,""include_privileged_params"":false,""max_steps"":800,""obstacle"":{""allowed_labels"":[""aes_feasible"",""drift_required"",""unavoidable""],""brake_mu_fraction"":0.9,""clearance_margin_reward_clip"":0.25,""clearance_margin_reward_scale"":0.0,""collision_penalty"":25.0,""conventional_lateral_mu_fraction"":0.42,""dense_clearance_margin_reward_clip"":0.25,""dense_clearance_margin_reward_scale"":0.0,""dense_clearance_margin_reward_window"":8.0,""distance_range"":[11.972222222222223,23.97222222222222],""drift_lateral_mu_fraction"":0.85,""ego_half_width"":0.9,""enabled"":true,""finish_on_pass"":true,""finish_pass_distance"":2.0,""half_width_range"":[0.2488095238095238,1.0488095238095239],""max_sample_attempts"":10000,""max_threshold_score"":0.25,""min_time_after_friction_step"":0.1,""pass_reward"":12.0,""perception_reveal_distance"":null,""perception_reveal_step"":0,""require_aeb_infeasible"":true,""safety_margin"":0.3,""stable_aes_beta_limit"":0.2,""stable_aes_drift_bonus_scale"":0.18,""stable_aes_sideslip_penalty"":2.8},""obstacle_relative_velocity_mode"":""zero"",""obstacle_slots"":4,""privileged_observation_mode"":""basic"",""randomization"":{""actuator_tau_scale_range"":[1.8,2.8],""brake_scale_range"":[0.55,1.35],""cg_shift_range"":[-0.14,0.14],""drive_scale_range"":[0.6,1.3],""inertia_scale_range"":[0.8,1.3],""mass_scale_range"":[0.8,1.28],""mu_range"":[0.45,0.85],""tire_stiffness_scale_range"":[0.58,1.42]},""road_lookahead_count"":8,""road_lookahead_spacing"":5.0,""speed_range"":[14.0,20.0],""termination_penalty"":8.0,""track_kind"":""circle"",""track_radius"":60.0,""track_width"":4.4,""warmup_gate"":{""distance_range"":[12.0,30.0],""enabled"":true,""finish_pass_distance"":2.0,""half_width_range"":[0.35,0.85],""lateral_offset_range"":[-1.2,1.2],""max_active_steps"":25,""reveal_step"":100},""wheel_observation_mode"":""none""}","{""action_history_mode"":""full"",""beta_target_range"":[0.04,0.32],""dt"":0.02,""friction_limited_speed"":true,""friction_speed_margin"":0.92,""friction_step"":{""enabled"":true,""mu_range"":[0.3,1.15],""resample_speed_ref"":false,""step_range"":[8,40]},""history_length"":1,""include_privileged_params"":false,""max_steps"":800,""obstacle"":{""allowed_labels"":[""aes_feasible"",""drift_required"",""unavoidable""],""brake_mu_fraction"":0.9,""clearance_margin_reward_clip"":0.25,""clearance_margin_reward_scale"":0.0,""collision_penalty"":25.0,""conventional_lateral_mu_fraction"":0.42,""dense_clearance_margin_reward_clip"":0.25,""dense_clearance_margin_reward_scale"":0.0,""dense_clearance_margin_reward_window"":8.0,""distance_range"":[11.972222222222223,23.97222222222222],""drift_lateral_mu_fraction"":0.85,""ego_half_width"":0.9,""enabled"":true,""finish_on_pass"":true,""finish_pass_distance"":2.0,""half_width_range"":[0.2488095238095238,1.0488095238095239],""max_sample_attempts"":10000,""max_threshold_score"":0.25,""min_time_after_friction_step"":0.1,""pass_reward"":12.0,""perception_reveal_distance"":null,""perception_reveal_step"":0,""require_aeb_infeasible"":true,""safety_margin"":0.3,""stable_aes_beta_limit"":0.2,""stable_aes_drift_bonus_scale"":0.18,""stable_aes_sideslip_penalty"":2.8},""obstacle_relative_velocity_mode"":""zero"",""obstacle_slots"":4,""privileged_observation_mode"":""basic"",""randomization"":{""actuator_tau_scale_range"":[1.8,2.8],""brake_scale_range"":[0.55,1.35],""cg_shift_range"":[-0.14,0.14],""drive_scale_range"":[0.6,1.3],""inertia_scale_range"":[0.8,1.3],""mass_scale_range"":[0.8,1.28],""mu_range"":[0.45,0.85],""tire_stiffness_scale_range"":[0.58,1.42]},""road_lookahead_count"":8,""road_lookahead_spacing"":5.0,""speed_range"":[14.0,20.0],""termination_penalty"":8.0,""track_kind"":""circle"",""track_radius"":60.0,""track_width"":4.4,""warmup_gate"":{""distance_range"":[12.0,30.0],""enabled"":true,""finish_pass_distance"":2.0,""half_width_range"":[0.35,0.85],""lateral_offset_range"":[-1.2,1.2],""max_active_steps"":25,""reveal_step"":100},""wheel_observation_mode"":""none""}"
m2063-osd-osd_v0_0229_t5,False,"{""action_history_mode"":""full"",""beta_target_range"":[0.04,0.32],""dt"":0.02,""friction_limited_speed"":true,""friction_speed_margin"":0.92,""friction_step"":{""enabled"":true,""mu_range"":[0.3,1.15],""resample_speed_ref"":false,""step_range"":[8,40]},""history_length"":1,""include_privileged_params"":false,""max_steps"":800,""obstacle"":{""allowed_labels"":[""aes_feasible"",""drift_required"",""unavoidable""],""brake_mu_fraction"":0.9,""clearance_margin_reward_clip"":0.25,""clearance_margin_reward_scale"":0.0,""collision_penalty"":25.0,""conventional_lateral_mu_fraction"":0.42,""dense_clearance_margin_reward_clip"":0.25,""dense_clearance_margin_reward_scale"":0.0,""dense_clearance_margin_reward_window"":8.0,""distance_range"":[1.0,6.486111111111112],""drift_lateral_mu_fraction"":0.85,""ego_half_width"":0.9,""enabled"":true,""finish_on_pass"":true,""finish_pass_distance"":2.0,""half_width_range"":[0.2,0.9940476190476191],""max_sample_attempts"":10000,""max_threshold_score"":1.0,""min_time_after_friction_step"":0.1,""pass_reward"":12.0,""perception_reveal_distance"":null,""perception_reveal_step"":10,""require_aeb_infeasible"":true,""safety_margin"":0.3,""stable_aes_beta_limit"":0.2,""stable_aes_drift_bonus_scale"":0.18,""stable_aes_sideslip_penalty"":2.8},""obstacle_relative_velocity_mode"":""zero"",""obstacle_slots"":4,""privileged_observation_mode"":""basic"",""randomization"":{""actuator_tau_scale_range"":[0.65,1.35],""brake_scale_range"":[0.55,1.35],""cg_shift_range"":[-0.14,0.14],""drive_scale_range"":[0.6,1.3],""inertia_scale_range"":[0.8,1.3],""mass_scale_range"":[0.8,1.28],""mu_range"":[0.75,1.05],""tire_stiffness_scale_range"":[0.58,1.42]},""road_lookahead_count"":8,""road_lookahead_spacing"":5.0,""speed_range"":[7.0,11.0],""termination_penalty"":8.0,""track_kind"":""circle"",""track_radius"":32.0,""track_width"":7.0,""warmup_gate"":{""distance_range"":[12.0,30.0],""enabled"":false,""finish_pass_distance"":2.0,""half_width_range"":[0.35,0.85],""lateral_offset_range"":[-1.2,1.2],""max_active_steps"":64,""reveal_step"":20},""wheel_observation_mode"":""none""}","{""action_history_mode"":""full"",""beta_target_range"":[0.04,0.32],""dt"":0.02,""friction_limited_speed"":true,""friction_speed_margin"":0.92,""friction_step"":{""enabled"":true,""mu_range"":[0.3,1.15],""resample_speed_ref"":false,""step_range"":[8,40]},""history_length"":1,""include_privileged_params"":false,""max_steps"":800,""obstacle"":{""allowed_labels"":[""aes_feasible"",""drift_required"",""unavoidable""],""brake_mu_fraction"":0.9,""clearance_margin_reward_clip"":0.25,""clearance_margin_reward_scale"":0.0,""collision_penalty"":25.0,""conventional_lateral_mu_fraction"":0.42,""dense_clearance_margin_reward_clip"":0.25,""dense_clearance_margin_reward_scale"":0.0,""dense_clearance_margin_reward_window"":8.0,""distance_range"":[1.0,6.486111111111112],""drift_lateral_mu_fraction"":0.85,""ego_half_width"":0.9,""enabled"":true,""finish_on_pass"":true,""finish_pass_distance"":2.0,""half_width_range"":[0.2,0.9940476190476191],""max_sample_attempts"":10000,""max_threshold_score"":1.0,""min_time_after_friction_step"":0.1,""pass_reward"":12.0,""perception_reveal_distance"":null,""perception_reveal_step"":10,""require_aeb_infeasible"":true,""safety_margin"":0.3,""stable_aes_beta_limit"":0.2,""stable_aes_drift_bonus_scale"":0.18,""stable_aes_sideslip_penalty"":2.8},""obstacle_relative_velocity_mode"":""zero"",""obstacle_slots"":4,""privileged_observation_mode"":""basic"",""randomization"":{""actuator_tau_scale_range"":[0.65,1.35],""brake_scale_range"":[0.55,1.35],""cg_shift_range"":[-0.14,0.14],""drive_scale_range"":[0.6,1.3],""inertia_scale_range"":[0.8,1.3],""mass_scale_range"":[0.8,1.28],""mu_range"":[0.75,1.05],""tire_stiffness_scale_range"":[0.58,1.42]},""road_lookahead_count"":8,""road_lookahead_spacing"":5.0,""speed_range"":[7.0,11.0],""termination_penalty"":8.0,""track_kind"":""circle"",""track_radius"":32.0,""track_width"":7.0,""warmup_gate"":{""distance_range"":[12.0,30.0],""enabled"":false,""finish_pass_distance"":2.0,""half_width_range"":[0.35,0.85],""lateral_offset_range"":[-1.2,1.2],""max_active_steps"":64,""reveal_step"":20},""wheel_observation_mode"":""none""}"
m2063-osd-osd_v0_0230_t5,False,"{""action_history_mode"":""full"",""beta_target_range"":[0.04,0.32],""dt"":0.02,""friction_limited_speed"":true,""friction_speed_margin"":0.92,""friction_step"":{""enabled"":true,""mu_range"":[0.3,1.15],""resample_speed_ref"":false,""step_range"":[8,40]},""history_length"":1,""include_privileged_params"":false,""max_steps"":800,""obstacle"":{""allowed_labels"":[""aes_feasible"",""drift_required"",""unavoidable""],""brake_mu_fraction"":0.9,""clearance_margin_reward_clip"":0.25,""clearance_margin_reward_scale"":0.0,""collision_penalty"":25.0,""conventional_lateral_mu_fraction"":0.42,""dense_clearance_margin_reward_clip"":0.25,""dense_clearance_margin_reward_scale"":0.0,""dense_clearance_margin_reward_window"":8.0,""distance_range"":[1.0,8.680555555555557],""drift_lateral_mu_fraction"":0.85,""ego_half_width"":0.9,""enabled"":true,""finish_on_pass"":true,""finish_pass_distance"":2.0,""half_width_range"":[0.2,0.9940476190476191],""max_sample_attempts"":10000,""max_threshold_score"":0.25,""min_time_after_friction_step"":0.1,""pass_reward"":12.0,""perception_reveal_distance"":null,""perception_reveal_step"":25,""require_aeb_infeasible"":true,""safety_margin"":0.3,""stable_aes_beta_limit"":0.2,""stable_aes_drift_bonus_scale"":0.18,""stable_aes_sideslip_penalty"":2.8},""obstacle_relative_velocity_mode"":""zero"",""obstacle_slots"":4,""privileged_observation_mode"":""basic"",""randomization"":{""actuator_tau_scale_range"":[0.75,1.65],""brake_scale_range"":[0.55,1.35],""cg_shift_range"":[-0.14,0.14],""drive_scale_range"":[0.6,1.3],""inertia_scale_range"":[0.8,1.3],""mass_scale_range"":[0.8,1.28],""mu_range"":[0.35,0.55],""tire_stiffness_scale_range"":[0.58,1.42]},""road_lookahead_count"":8,""road_lookahead_spacing"":5.0,""speed_range"":[10.0,15.0],""termination_penalty"":8.0,""track_kind"":""circle"",""track_radius"":18.0,""track_width"":5.5,""warmup_gate"":{""distance_range"":[12.0,30.0],""enabled"":true,""finish_pass_distance"":2.0,""half_width_range"":[0.35,0.85],""lateral_offset_range"":[-1.2,1.2],""max_active_steps"":50,""reveal_step"":50},""wheel_observation_mode"":""none""}","{""action_history_mode"":""full"",""beta_target_range"":[0.04,0.32],""dt"":0.02,""friction_limited_speed"":true,""friction_speed_margin"":0.92,""friction_step"":{""enabled"":true,""mu_range"":[0.3,1.15],""resample_speed_ref"":false,""step_range"":[8,40]},""history_length"":1,""include_privileged_params"":false,""max_steps"":800,""obstacle"":{""allowed_labels"":[""aes_feasible"",""drift_required"",""unavoidable""],""brake_mu_fraction"":0.9,""clearance_margin_reward_clip"":0.25,""clearance_margin_reward_scale"":0.0,""collision_penalty"":25.0,""conventional_lateral_mu_fraction"":0.42,""dense_clearance_margin_reward_clip"":0.25,""dense_clearance_margin_reward_scale"":0.0,""dense_clearance_margin_reward_window"":8.0,""distance_range"":[1.0,8.680555555555557],""drift_lateral_mu_fraction"":0.85,""ego_half_width"":0.9,""enabled"":true,""finish_on_pass"":true,""finish_pass_distance"":2.0,""half_width_range"":[0.2,0.9940476190476191],""max_sample_attempts"":10000,""max_threshold_score"":0.25,""min_time_after_friction_step"":0.1,""pass_reward"":12.0,""perception_reveal_distance"":null,""perception_reveal_step"":25,""require_aeb_infeasible"":true,""safety_margin"":0.3,""stable_aes_beta_limit"":0.2,""stable_aes_drift_bonus_scale"":0.18,""stable_aes_sideslip_penalty"":2.8},""obstacle_relative_velocity_mode"":""zero"",""obstacle_slots"":4,""privileged_observation_mode"":""basic"",""randomization"":{""actuator_tau_scale_range"":[0.75,1.65],""brake_scale_range"":[0.55,1.35],""cg_shift_range"":[-0.14,0.14],""drive_scale_range"":[0.6,1.3],""inertia_scale_range"":[0.8,1.3],""mass_scale_range"":[0.8,1.28],""mu_range"":[0.35,0.55],""tire_stiffness_scale_range"":[0.58,1.42]},""road_lookahead_count"":8,""road_lookahead_spacing"":5.0,""speed_range"":[10.0,15.0],""termination_penalty"":8.0,""track_kind"":""circle"",""track_radius"":18.0,""track_width"":5.5,""warmup_gate"":{""distance_range"":[12.0,30.0],""enabled"":true,""finish_pass_distance"":2.0,""half_width_range"":[0.35,0.85],""lateral_offset_range"":[-1.2,1.2],""max_active_steps"":50,""reveal_step"":50},""wheel_observation_mode"":""none""}"
m2063-osd-osd_v0_0231_t5,False,"{""action_history_mode"":""full"",""beta_target_range"":[0.04,0.32],""dt"":0.02,""friction_limited_speed"":true,""friction_speed_margin"":0.92,""friction_step"":{""enabled"":true,""mu_range"":[0.3,1.15],""resample_speed_ref"":false,""step_range"":[8,40]},""history_length"":1,""include_privileged_params"":false,""max_steps"":800,""obstacle"":{""allowed_labels"":[""aes_feasible"",""drift_required"",""unavoidable""],""brake_mu_fraction"":0.9,""clearance_margin_reward_clip"":0.25,""clearance_margin_reward_scale"":0.0,""collision_penalty"":25.0,""conventional_lateral_mu_fraction"":0.42,""dense_clearance_margin_reward_clip"":0.25,""dense_clearance_margin_reward_scale"":0.0,""dense_clearance_margin_reward_window"":8.0,""distance_range"":[10.944444444444446,22.944444444444446],""drift_lateral_mu_fraction"":0.85,""ego_half_width"":0.9,""enabled"":true,""finish_on_pass"":true,""finish_pass_distance"":2.0,""half_width_range"":[0.4464285714285715,1.2464285714285714],""max_sample_attempts"":10000,""max_threshold_score"":0.25,""min_time_after_friction_step"":0.1,""pass_reward"":12.0,""perception_reveal_distance"":null,""perception_reveal_step"":0,""require_aeb_infeasible"":true,""safety_margin"":0.3,""stable_aes_beta_limit"":0.2,""stable_aes_drift_bonus_scale"":0.18,""stable_aes_sideslip_penalty"":2.8},""obstacle_relative_velocity_mode"":""zero"",""obstacle_slots"":4,""privileged_observation_mode"":""basic"",""randomization"":{""actuator_tau_scale_range"":[0.65,2.2],""brake_scale_range"":[0.55,1.35],""cg_shift_range"":[-0.14,0.14],""drive_scale_range"":[0.6,1.3],""inertia_scale_range"":[0.8,1.3],""mass_scale_range"":[0.8,1.28],""mu_range"":[0.28,1.05],""tire_stiffness_scale_range"":[0.58,1.42]},""road_lookahead_count"":8,""road_lookahead_spacing"":5.0,""speed_range"":[14.0,20.0],""termination_penalty"":8.0,""track_kind"":""circle"",""track_radius"":60.0,""track_width"":4.4,""warmup_gate"":{""distance_range"":[12.0,30.0],""enabled"":true,""finish_pass_distance"":2.0,""half_width_range"":[0.35,0.85],""lateral_offset_range"":[-1.2,1.2],""max_active_steps"":75,""reveal_step"":50},""wheel_observation_mode"":""none""}","{""action_history_mode"":""full"",""beta_target_range"":[0.04,0.32],""dt"":0.02,""friction_limited_speed"":true,""friction_speed_margin"":0.92,""friction_step"":{""enabled"":true,""mu_range"":[0.3,1.15],""resample_speed_ref"":false,""step_range"":[8,40]},""history_length"":1,""include_privileged_params"":false,""max_steps"":800,""obstacle"":{""allowed_labels"":[""aes_feasible"",""drift_required"",""unavoidable""],""brake_mu_fraction"":0.9,""clearance_margin_reward_clip"":0.25,""clearance_margin_reward_scale"":0.0,""collision_penalty"":25.0,""conventional_lateral_mu_fraction"":0.42,""dense_clearance_margin_reward_clip"":0.25,""dense_clearance_margin_reward_scale"":0.0,""dense_clearance_margin_reward_window"":8.0,""distance_range"":[10.944444444444446,22.944444444444446],""drift_lateral_mu_fraction"":0.85,""ego_half_width"":0.9,""enabled"":true,""finish_on_pass"":true,""finish_pass_distance"":2.0,""half_width_range"":[0.4464285714285715,1.2464285714285714],""max_sample_attempts"":10000,""max_threshold_score"":0.25,""min_time_after_friction_step"":0.1,""pass_reward"":12.0,""perception_reveal_distance"":null,""perception_reveal_step"":0,""require_aeb_infeasible"":true,""safety_margin"":0.3,""stable_aes_beta_limit"":0.2,""stable_aes_drift_bonus_scale"":0.18,""stable_aes_sideslip_penalty"":2.8},""obstacle_relative_velocity_mode"":""zero"",""obstacle_slots"":4,""privileged_observation_mode"":""basic"",""randomization"":{""actuator_tau_scale_range"":[0.65,2.2],""brake_scale_range"":[0.55,1.35],""cg_shift_range"":[-0.14,0.14],""drive_scale_range"":[0.6,1.3],""inertia_scale_range"":[0.8,1.3],""mass_scale_range"":[0.8,1.28],""mu_range"":[0.28,1.05],""tire_stiffness_scale_range"":[0.58,1.42]},""road_lookahead_count"":8,""road_lookahead_spacing"":5.0,""speed_range"":[14.0,20.0],""termination_penalty"":8.0,""track_kind"":""circle"",""track_radius"":60.0,""track_width"":4.4,""warmup_gate"":{""distance_range"":[12.0,30.0],""enabled"":true,""finish_pass_distance"":2.0,""half_width_range"":[0.35,0.85],""lateral_offset_range"":[-1.2,1.2],""max_active_steps"":75,""reveal_step"":50},""wheel_observation_mode"":""none""}"
m2063-osd-osd_v0_0232_t5,False,"{""action_history_mode"":""full"",""beta_target_range"":[0.04,0.32],""dt"":0.02,""friction_limited_speed"":true,""friction_speed_margin"":0.92,""friction_step"":{""enabled"":true,""mu_range"":[0.3,1.15],""resample_speed_ref"":false,""step_range"":[8,40]},""history_length"":1,""include_privileged_params"":false,""max_steps"":800,""obstacle"":{""allowed_labels"":[""aes_feasible"",""drift_required"",""unavoidable""],""brake_mu_fraction"":0.9,""clearance_margin_reward_clip"":0.25,""clearance_margin_reward_scale"":0.0,""collision_penalty"":25.0,""conventional_lateral_mu_fraction"":0.42,""dense_clearance_margin_reward_clip"":0.25,""dense_clearance_margin_reward_scale"":0.0,""dense_clearance_margin_reward_window"":8.0,""distance_range"":[1.0,9.229166666666668],""drift_lateral_mu_fraction"":0.85,""ego_half_width"":0.9,""enabled"":true,""finish_on_pass"":true,""finish_pass_distance"":2.0,""half_width_range"":[0.2,0.9940476190476191],""max_sample_attempts"":10000,""max_threshold_score"":0.25,""min_time_after_friction_step"":0.1,""pass_reward"":12.0,""perception_reveal_distance"":null,""perception_reveal_step"":10,""require_aeb_infeasible"":true,""safety_margin"":0.3,""stable_aes_beta_limit"":0.2,""stable_aes_drift_bonus_scale"":0.18,""stable_aes_sideslip_penalty"":2.8},""obstacle_relative_velocity_mode"":""zero"",""obstacle_slots"":4,""privileged_observation_mode"":""basic"",""randomization"":{""actuator_tau_scale_range"":[1.8,2.8],""brake_scale_range"":[0.55,1.35],""cg_shift_range"":[-0.14,0.14],""drive_scale_range"":[0.6,1.3],""inertia_scale_range"":[0.8,1.3],""mass_scale_range"":[0.8,1.28],""mu_range"":[0.45,0.85],""tire_stiffness_scale_range"":[0.58,1.42]},""road_lookahead_count"":8,""road_lookahead_spacing"":5.0,""speed_range"":[7.0,11.0],""termination_penalty"":8.0,""track_kind"":""circle"",""track_radius"":32.0,""track_width"":7.0,""warmup_gate"":{""distance_range"":[12.0,30.0],""enabled"":true,""finish_pass_distance"":2.0,""half_width_range"":[0.35,0.85],""lateral_offset_range"":[-1.2,1.2],""max_active_steps"":25,""reveal_step"":85},""wheel_observation_mode"":""none""}","{""action_history_mode"":""full"",""beta_target_range"":[0.04,0.32],""dt"":0.02,""friction_limited_speed"":true,""friction_speed_margin"":0.92,""friction_step"":{""enabled"":true,""mu_range"":[0.3,1.15],""resample_speed_ref"":false,""step_range"":[8,40]},""history_length"":1,""include_privileged_params"":false,""max_steps"":800,""obstacle"":{""allowed_labels"":[""aes_feasible"",""drift_required"",""unavoidable""],""brake_mu_fraction"":0.9,""clearance_margin_reward_clip"":0.25,""clearance_margin_reward_scale"":0.0,""collision_penalty"":25.0,""conventional_lateral_mu_fraction"":0.42,""dense_clearance_margin_reward_clip"":0.25,""dense_clearance_margin_reward_scale"":0.0,""dense_clearance_margin_reward_window"":8.0,""distance_range"":[1.0,9.229166666666668],""drift_lateral_mu_fraction"":0.85,""ego_half_width"":0.9,""enabled"":true,""finish_on_pass"":true,""finish_pass_distance"":2.0,""half_width_range"":[0.2,0.9940476190476191],""max_sample_attempts"":10000,""max_threshold_score"":0.25,""min_time_after_friction_step"":0.1,""pass_reward"":12.0,""perception_reveal_distance"":null,""perception_reveal_step"":10,""require_aeb_infeasible"":true,""safety_margin"":0.3,""stable_aes_beta_limit"":0.2,""stable_aes_drift_bonus_scale"":0.18,""stable_aes_sideslip_penalty"":2.8},""obstacle_relative_velocity_mode"":""zero"",""obstacle_slots"":4,""privileged_observation_mode"":""basic"",""randomization"":{""actuator_tau_scale_range"":[1.8,2.8],""brake_scale_range"":[0.55,1.35],""cg_shift_range"":[-0.14,0.14],""drive_scale_range"":[0.6,1.3],""inertia_scale_range"":[0.8,1.3],""mass_scale_range"":[0.8,1.28],""mu_range"":[0.45,0.85],""tire_stiffness_scale_range"":[0.58,1.42]},""road_lookahead_count"":8,""road_lookahead_spacing"":5.0,""speed_range"":[7.0,11.0],""termination_penalty"":8.0,""track_kind"":""circle"",""track_radius"":32.0,""track_width"":7.0,""warmup_gate"":{""distance_range"":[12.0,30.0],""enabled"":true,""finish_pass_distance"":2.0,""half_width_range"":[0.35,0.85],""lateral_offset_range"":[-1.2,1.2],""max_active_steps"":25,""reveal_step"":85},""wheel_observation_mode"":""none""}"
m2063-osd-osd_v0_0233_t5,False,"{""action_history_mode"":""full"",""beta_target_range"":[0.04,0.32],""dt"":0.02,""friction_limited_speed"":true,""friction_speed_margin"":0.92,""friction_step"":{""enabled"":true,""mu_range"":[0.3,1.15],""resample_speed_ref"":false,""step_range"":[8,40]},""history_length"":1,""include_privileged_params"":false,""max_steps"":800,""obstacle"":{""allowed_labels"":[""aes_feasible"",""drift_required"",""unavoidable""],""brake_mu_fraction"":0.9,""clearance_margin_reward_clip"":0.25,""clearance_margin_reward_scale"":0.0,""collision_penalty"":25.0,""conventional_lateral_mu_fraction"":0.42,""dense_clearance_margin_reward_clip"":0.25,""dense_clearance_margin_reward_scale"":0.0,""dense_clearance_margin_reward_window"":8.0,""distance_range"":[1.0,8.131944444444445],""drift_lateral_mu_fraction"":0.85,""ego_half_width"":0.9,""enabled"":true,""finish_on_pass"":true,""finish_pass_distance"":2.0,""half_width_range"":[0.2,0.9940476190476191],""max_sample_attempts"":10000,""max_threshold_score"":0.25,""min_time_after_friction_step"":0.1,""pass_reward"":12.0,""perception_reveal_distance"":null,""perception_reveal_step"":25,""require_aeb_infeasible"":true,""safety_margin"":0.3,""stable_aes_beta_limit"":0.2,""stable_aes_drift_bonus_scale"":0.18,""stable_aes_sideslip_penalty"":2.8},""obstacle_relative_velocity_mode"":""zero"",""obstacle_slots"":4,""privileged_observation_mode"":""basic"",""randomization"":{""actuator_tau_scale_range"":[0.65,1.35],""brake_scale_range"":[0.55,1.35],""cg_shift_range"":[-0.14,0.14],""drive_scale_range"":[0.6,1.3],""inertia_scale_range"":[0.8,1.3],""mass_scale_range"":[0.8,1.28],""mu_range"":[0.75,1.05],""tire_stiffness_scale_range"":[0.58,1.42]},""road_lookahead_count"":8,""road_lookahead_spacing"":5.0,""speed_range"":[10.0,15.0],""termination_penalty"":8.0,""track_kind"":""circle"",""track_radius"":18.0,""track_width"":5.5,""warmup_gate"":{""distance_range"":[12.0,30.0],""enabled"":true,""finish_pass_distance"":2.0,""half_width_range"":[0.35,0.85],""lateral_offset_range"":[-1.2,1.2],""max_active_steps"":25,""reveal_step"":125},""wheel_observation_mode"":""none""}","{""action_history_mode"":""full"",""beta_target_range"":[0.04,0.32],""dt"":0.02,""friction_limited_speed"":true,""friction_speed_margin"":0.92,""friction_step"":{""enabled"":true,""mu_range"":[0.3,1.15],""resample_speed_ref"":false,""step_range"":[8,40]},""history_length"":1,""include_privileged_params"":false,""max_steps"":800,""obstacle"":{""allowed_labels"":[""aes_feasible"",""drift_required"",""unavoidable""],""brake_mu_fraction"":0.9,""clearance_margin_reward_clip"":0.25,""clearance_margin_reward_scale"":0.0,""collision_penalty"":25.0,""conventional_lateral_mu_fraction"":0.42,""dense_clearance_margin_reward_clip"":0.25,""dense_clearance_margin_reward_scale"":0.0,""dense_clearance_margin_reward_window"":8.0,""distance_range"":[1.0,8.131944444444445],""drift_lateral_mu_fraction"":0.85,""ego_half_width"":0.9,""enabled"":true,""finish_on_pass"":true,""finish_pass_distance"":2.0,""half_width_range"":[0.2,0.9940476190476191],""max_sample_attempts"":10000,""max_threshold_score"":0.25,""min_time_after_friction_step"":0.1,""pass_reward"":12.0,""perception_reveal_distance"":null,""perception_reveal_step"":25,""require_aeb_infeasible"":true,""safety_margin"":0.3,""stable_aes_beta_limit"":0.2,""stable_aes_drift_bonus_scale"":0.18,""stable_aes_sideslip_penalty"":2.8},""obstacle_relative_velocity_mode"":""zero"",""obstacle_slots"":4,""privileged_observation_mode"":""basic"",""randomization"":{""actuator_tau_scale_range"":[0.65,1.35],""brake_scale_range"":[0.55,1.35],""cg_shift_range"":[-0.14,0.14],""drive_scale_range"":[0.6,1.3],""inertia_scale_range"":[0.8,1.3],""mass_scale_range"":[0.8,1.28],""mu_range"":[0.75,1.05],""tire_stiffness_scale_range"":[0.58,1.42]},""road_lookahead_count"":8,""road_lookahead_spacing"":5.0,""speed_range"":[10.0,15.0],""termination_penalty"":8.0,""track_kind"":""circle"",""track_radius"":18.0,""track_width"":5.5,""warmup_gate"":{""distance_range"":[12.0,30.0],""enabled"":true,""finish_pass_distance"":2.0,""half_width_range"":[0.35,0.85],""lateral_offset_range"":[-1.2,1.2],""max_active_steps"":25,""reveal_step"":125},""wheel_observation_mode"":""none""}"
m2063-osd-osd_v0_0234_t5,False,"{""action_history_mode"":""full"",""beta_target_range"":[0.04,0.32],""dt"":0.02,""friction_limited_speed"":true,""friction_speed_margin"":0.92,""friction_step"":{""enabled"":true,""mu_range"":[0.3,1.15],""resample_speed_ref"":false,""step_range"":[8,40]},""history_length"":1,""include_privileged_params"":false,""max_steps"":800,""obstacle"":{""allowed_labels"":[""aes_feasible"",""drift_required"",""unavoidable""],""brake_mu_fraction"":0.9,""clearance_margin_reward_clip"":0.25,""clearance_margin_reward_scale"":0.0,""collision_penalty"":25.0,""conventional_lateral_mu_fraction"":0.42,""dense_clearance_margin_reward_clip"":0.25,""dense_clearance_margin_reward_scale"":0.0,""dense_clearance_margin_reward_window"":8.0,""distance_range"":[12.590277777777779,24.59027777777778],""drift_lateral_mu_fraction"":0.85,""ego_half_width"":0.9,""enabled"":true,""finish_on_pass"":true,""finish_pass_distance"":2.0,""half_width_range"":[0.555952380952381,1.35],""max_sample_attempts"":10000,""max_threshold_score"":0.25,""min_time_after_friction_step"":0.1,""pass_reward"":12.0,""perception_reveal_distance"":null,""perception_reveal_step"":0,""require_aeb_infeasible"":true,""safety_margin"":0.3,""stable_aes_beta_limit"":0.2,""stable_aes_drift_bonus_scale"":0.18,""stable_aes_sideslip_penalty"":2.8},""obstacle_relative_velocity_mode"":""zero"",""obstacle_slots"":4,""privileged_observation_mode"":""basic"",""randomization"":{""actuator_tau_scale_range"":[0.75,1.65],""brake_scale_range"":[0.55,1.35],""cg_shift_range"":[-0.14,0.14],""drive_scale_range"":[0.6,1.3],""inertia_scale_range"":[0.8,1.3],""mass_scale_range"":[0.8,1.28],""mu_range"":[0.35,0.55],""tire_stiffness_scale_range"":[0.58,1.42]},""road_lookahead_count"":8,""road_lookahead_spacing"":5.0,""speed_range"":[14.0,20.0],""termination_penalty"":8.0,""track_kind"":""circle"",""track_radius"":60.0,""track_width"":4.4,""warmup_gate"":{""distance_range"":[12.0,30.0],""enabled"":false,""finish_pass_distance"":2.0,""half_width_range"":[0.35,0.85],""lateral_offset_range"":[-1.2,1.2],""max_active_steps"":64,""reveal_step"":10},""wheel_observation_mode"":""none""}","{""action_history_mode"":""full"",""beta_target_range"":[0.04,0.32],""dt"":0.02,""friction_limited_speed"":true,""friction_speed_margin"":0.92,""friction_step"":{""enabled"":true,""mu_range"":[0.3,1.15],""resample_speed_ref"":false,""step_range"":[8,40]},""history_length"":1,""include_privileged_params"":false,""max_steps"":800,""obstacle"":{""allowed_labels"":[""aes_feasible"",""drift_required"",""unavoidable""],""brake_mu_fraction"":0.9,""clearance_margin_reward_clip"":0.25,""clearance_margin_reward_scale"":0.0,""collision_penalty"":25.0,""conventional_lateral_mu_fraction"":0.42,""dense_clearance_margin_reward_clip"":0.25,""dense_clearance_margin_reward_scale"":0.0,""dense_clearance_margin_reward_window"":8.0,""distance_range"":[12.590277777777779,24.59027777777778],""drift_lateral_mu_fraction"":0.85,""ego_half_width"":0.9,""enabled"":true,""finish_on_pass"":true,""finish_pass_distance"":2.0,""half_width_range"":[0.555952380952381,1.35],""max_sample_attempts"":10000,""max_threshold_score"":0.25,""min_time_after_friction_step"":0.1,""pass_reward"":12.0,""perception_reveal_distance"":null,""perception_reveal_step"":0,""require_aeb_infeasible"":true,""safety_margin"":0.3,""stable_aes_beta_limit"":0.2,""stable_aes_drift_bonus_scale"":0.18,""stable_aes_sideslip_penalty"":2.8},""obstacle_relative_velocity_mode"":""zero"",""obstacle_slots"":4,""privileged_observation_mode"":""basic"",""randomization"":{""actuator_tau_scale_range"":[0.75,1.65],""brake_scale_range"":[0.55,1.35],""cg_shift_range"":[-0.14,0.14],""drive_scale_range"":[0.6,1.3],""inertia_scale_range"":[0.8,1.3],""mass_scale_range"":[0.8,1.28],""mu_range"":[0.35,0.55],""tire_stiffness_scale_range"":[0.58,1.42]},""road_lookahead_count"":8,""road_lookahead_spacing"":5.0,""speed_range"":[14.0,20.0],""termination_penalty"":8.0,""track_kind"":""circle"",""track_radius"":60.0,""track_width"":4.4,""warmup_gate"":{""distance_range"":[12.0,30.0],""enabled"":false,""finish_pass_distance"":2.0,""half_width_range"":[0.35,0.85],""lateral_offset_range"":[-1.2,1.2],""max_active_steps"":64,""reveal_step"":10},""wheel_observation_mode"":""none""}"
m2063-osd-osd_v0_0235_t5,False,"{""action_history_mode"":""full"",""beta_target_range"":[0.04,0.32],""dt"":0.02,""friction_limited_speed"":true,""friction_speed_margin"":0.92,""friction_step"":{""enabled"":true,""mu_range"":[0.3,1.15],""resample_speed_ref"":false,""step_range"":[8,40]},""history_length"":1,""include_privileged_params"":false,""max_steps"":800,""obstacle"":{""allowed_labels"":[""aes_feasible"",""drift_required"",""unavoidable""],""brake_mu_fraction"":0.9,""clearance_margin_reward_clip"":0.25,""clearance_margin_reward_scale"":0.0,""collision_penalty"":25.0,""conventional_lateral_mu_fraction"":0.42,""dense_clearance_margin_reward_clip"":0.25,""dense_clearance_margin_reward_scale"":0.0,""dense_clearance_margin_reward_window"":8.0,""distance_range"":[1.0,11.972222222222223],""drift_lateral_mu_fraction"":0.85,""ego_half_width"":0.9,""enabled"":true,""finish_on_pass"":true,""finish_pass_distance"":2.0,""half_width_range"":[0.2,0.9940476190476191],""max_sample_attempts"":10000,""max_threshold_score"":0.25,""min_time_after_friction_step"":0.1,""pass_reward"":12.0,""perception_reveal_distance"":null,""perception_reveal_step"":10,""require_aeb_infeasible"":true,""safety_margin"":0.3,""stable_aes_beta_limit"":0.2,""stable_aes_drift_bonus_scale"":0.18,""stable_aes_sideslip_penalty"":2.8},""obstacle_relative_velocity_mode"":""zero"",""obstacle_slots"":4,""privileged_observation_mode"":""basic"",""randomization"":{""actuator_tau_scale_range"":[0.65,2.2],""brake_scale_range"":[0.55,1.35],""cg_shift_range"":[-0.14,0.14],""drive_scale_range"":[0.6,1.3],""inertia_scale_range"":[0.8,1.3],""mass_scale_range"":[0.8,1.28],""mu_range"":[0.28,1.05],""tire_stiffness_scale_range"":[0.58,1.42]},""road_lookahead_count"":8,""road_lookahead_spacing"":5.0,""speed_range"":[7.0,11.0],""termination_penalty"":8.0,""track_kind"":""circle"",""track_radius"":32.0,""track_width"":7.0,""warmup_gate"":{""distance_range"":[12.0,30.0],""enabled"":true,""finish_pass_distance"":2.0,""half_width_range"":[0.35,0.85],""lateral_offset_range"":[-1.2,1.2],""max_active_steps"":75,""reveal_step"":35},""wheel_observation_mode"":""none""}","{""action_history_mode"":""full"",""beta_target_range"":[0.04,0.32],""dt"":0.02,""friction_limited_speed"":true,""friction_speed_margin"":0.92,""friction_step"":{""enabled"":true,""mu_range"":[0.3,1.15],""resample_speed_ref"":false,""step_range"":[8,40]},""history_length"":1,""include_privileged_params"":false,""max_steps"":800,""obstacle"":{""allowed_labels"":[""aes_feasible"",""drift_required"",""unavoidable""],""brake_mu_fraction"":0.9,""clearance_margin_reward_clip"":0.25,""clearance_margin_reward_scale"":0.0,""collision_penalty"":25.0,""conventional_lateral_mu_fraction"":0.42,""dense_clearance_margin_reward_clip"":0.25,""dense_clearance_margin_reward_scale"":0.0,""dense_clearance_margin_reward_window"":8.0,""distance_range"":[1.0,11.972222222222223],""drift_lateral_mu_fraction"":0.85,""ego_half_width"":0.9,""enabled"":true,""finish_on_pass"":true,""finish_pass_distance"":2.0,""half_width_range"":[0.2,0.9940476190476191],""max_sample_attempts"":10000,""max_threshold_score"":0.25,""min_time_after_friction_step"":0.1,""pass_reward"":12.0,""perception_reveal_distance"":null,""perception_reveal_step"":10,""require_aeb_infeasible"":true,""safety_margin"":0.3,""stable_aes_beta_limit"":0.2,""stable_aes_drift_bonus_scale"":0.18,""stable_aes_sideslip_penalty"":2.8},""obstacle_relative_velocity_mode"":""zero"",""obstacle_slots"":4,""privileged_observation_mode"":""basic"",""randomization"":{""actuator_tau_scale_range"":[0.65,2.2],""brake_scale_range"":[0.55,1.35],""cg_shift_range"":[-0.14,0.14],""drive_scale_range"":[0.6,1.3],""inertia_scale_range"":[0.8,1.3],""mass_scale_range"":[0.8,1.28],""mu_range"":[0.28,1.05],""tire_stiffness_scale_range"":[0.58,1.42]},""road_lookahead_count"":8,""road_lookahead_spacing"":5.0,""speed_range"":[7.0,11.0],""termination_penalty"":8.0,""track_kind"":""circle"",""track_radius"":32.0,""track_width"":7.0,""warmup_gate"":{""distance_range"":[12.0,30.0],""enabled"":true,""finish_pass_distance"":2.0,""half_width_range"":[0.35,0.85],""lateral_offset_range"":[-1.2,1.2],""max_active_steps"":75,""reveal_step"":35},""wheel_observation_mode"":""none""}"
m2063-osd-osd_v0_0236_t5,False,"{""action_history_mode"":""full"",""beta_target_range"":[0.04,0.32],""dt"":0.02,""friction_limited_speed"":true,""friction_speed_margin"":0.92,""friction_step"":{""enabled"":true,""mu_range"":[0.3,1.15],""resample_speed_ref"":false,""step_range"":[8,40]},""history_length"":1,""include_privileged_params"":false,""max_steps"":800,""obstacle"":{""allowed_labels"":[""aes_feasible"",""drift_required"",""unavoidable""],""brake_mu_fraction"":0.9,""clearance_margin_reward_clip"":0.25,""clearance_margin_reward_scale"":0.0,""collision_penalty"":25.0,""conventional_lateral_mu_fraction"":0.42,""dense_clearance_margin_reward_clip"":0.25,""dense_clearance_margin_reward_scale"":0.0,""dense_clearance_margin_reward_window"":8.0,""distance_range"":[1.0,8.680555555555557],""drift_lateral_mu_fraction"":0.85,""ego_half_width"":0.9,""enabled"":true,""finish_on_pass"":true,""finish_pass_distance"":2.0,""half_width_range"":[0.2,0.9940476190476191],""max_sample_attempts"":10000,""max_threshold_score"":0.25,""min_time_after_friction_step"":0.1,""pass_reward"":12.0,""perception_reveal_distance"":null,""perception_reveal_step"":25,""require_aeb_infeasible"":true,""safety_margin"":0.3,""stable_aes_beta_limit"":0.2,""stable_aes_drift_bonus_scale"":0.18,""stable_aes_sideslip_penalty"":2.8},""obstacle_relative_velocity_mode"":""zero"",""obstacle_slots"":4,""privileged_observation_mode"":""basic"",""randomization"":{""actuator_tau_scale_range"":[1.8,2.8],""brake_scale_range"":[0.55,1.35],""cg_shift_range"":[-0.14,0.14],""drive_scale_range"":[0.6,1.3],""inertia_scale_range"":[0.8,1.3],""mass_scale_range"":[0.8,1.28],""mu_range"":[0.45,0.85],""tire_stiffness_scale_range"":[0.58,1.42]},""road_lookahead_count"":8,""road_lookahead_spacing"":5.0,""speed_range"":[10.0,15.0],""termination_penalty"":8.0,""track_kind"":""circle"",""track_radius"":18.0,""track_width"":5.5,""warmup_gate"":{""distance_range"":[12.0,30.0],""enabled"":true,""finish_pass_distance"":2.0,""half_width_range"":[0.35,0.85],""lateral_offset_range"":[-1.2,1.2],""max_active_steps"":25,""reveal_step"":75},""wheel_observation_mode"":""none""}","{""action_history_mode"":""full"",""beta_target_range"":[0.04,0.32],""dt"":0.02,""friction_limited_speed"":true,""friction_speed_margin"":0.92,""friction_step"":{""enabled"":true,""mu_range"":[0.3,1.15],""resample_speed_ref"":false,""step_range"":[8,40]},""history_length"":1,""include_privileged_params"":false,""max_steps"":800,""obstacle"":{""allowed_labels"":[""aes_feasible"",""drift_required"",""unavoidable""],""brake_mu_fraction"":0.9,""clearance_margin_reward_clip"":0.25,""clearance_margin_reward_scale"":0.0,""collision_penalty"":25.0,""conventional_lateral_mu_fraction"":0.42,""dense_clearance_margin_reward_clip"":0.25,""dense_clearance_margin_reward_scale"":0.0,""dense_clearance_margin_reward_window"":8.0,""distance_range"":[1.0,8.680555555555557],""drift_lateral_mu_fraction"":0.85,""ego_half_width"":0.9,""enabled"":true,""finish_on_pass"":true,""finish_pass_distance"":2.0,""half_width_range"":[0.2,0.9940476190476191],""max_sample_attempts"":10000,""max_threshold_score"":0.25,""min_time_after_friction_step"":0.1,""pass_reward"":12.0,""perception_reveal_distance"":null,""perception_reveal_step"":25,""require_aeb_infeasible"":true,""safety_margin"":0.3,""stable_aes_beta_limit"":0.2,""stable_aes_drift_bonus_scale"":0.18,""stable_aes_sideslip_penalty"":2.8},""obstacle_relative_velocity_mode"":""zero"",""obstacle_slots"":4,""privileged_observation_mode"":""basic"",""randomization"":{""actuator_tau_scale_range"":[1.8,2.8],""brake_scale_range"":[0.55,1.35],""cg_shift_range"":[-0.14,0.14],""drive_scale_range"":[0.6,1.3],""inertia_scale_range"":[0.8,1.3],""mass_scale_range"":[0.8,1.28],""mu_range"":[0.45,0.85],""tire_stiffness_scale_range"":[0.58,1.42]},""road_lookahead_count"":8,""road_lookahead_spacing"":5.0,""speed_range"":[10.0,15.0],""termination_penalty"":8.0,""track_kind"":""circle"",""track_radius"":18.0,""track_width"":5.5,""warmup_gate"":{""distance_range"":[12.0,30.0],""enabled"":true,""finish_pass_distance"":2.0,""half_width_range"":[0.35,0.85],""lateral_offset_range"":[-1.2,1.2],""max_active_steps"":25,""reveal_step"":75},""wheel_observation_mode"":""none""}"
m2063-osd-osd_v0_0237_t5,False,"{""action_history_mode"":""full"",""beta_target_range"":[0.04,0.32],""dt"":0.02,""friction_limited_speed"":true,""friction_speed_margin"":0.92,""friction_step"":{""enabled"":true,""mu_range"":[0.3,1.15],""resample_speed_ref"":false,""step_range"":[8,40]},""history_length"":1,""include_privileged_params"":false,""max_steps"":800,""obstacle"":{""allowed_labels"":[""aes_feasible"",""drift_required"",""unavoidable""],""brake_mu_fraction"":0.9,""clearance_margin_reward_clip"":0.25,""clearance_margin_reward_scale"":0.0,""collision_penalty"":25.0,""conventional_lateral_mu_fraction"":0.42,""dense_clearance_margin_reward_clip"":0.25,""dense_clearance_margin_reward_scale"":0.0,""dense_clearance_margin_reward_window"":8.0,""distance_range"":[9.847222222222225,21.847222222222225],""drift_lateral_mu_fraction"":0.85,""ego_half_width"":0.9,""enabled"":true,""finish_on_pass"":true,""finish_pass_distance"":2.0,""half_width_range"":[0.2761904761904763,1.0761904761904764],""max_sample_attempts"":10000,""max_threshold_score"":0.25,""min_time_after_friction_step"":0.1,""pass_reward"":12.0,""perception_reveal_distance"":null,""perception_reveal_step"":0,""require_aeb_infeasible"":true,""safety_margin"":0.3,""stable_aes_beta_limit"":0.2,""stable_aes_drift_bonus_scale"":0.18,""stable_aes_sideslip_penalty"":2.8},""obstacle_relative_velocity_mode"":""zero"",""obstacle_slots"":4,""privileged_observation_mode"":""basic"",""randomization"":{""actuator_tau_scale_range"":[0.65,1.35],""brake_scale_range"":[0.55,1.35],""cg_shift_range"":[-0.14,0.14],""drive_scale_range"":[0.6,1.3],""inertia_scale_range"":[0.8,1.3],""mass_scale_range"":[0.8,1.28],""mu_range"":[0.75,1.05],""tire_stiffness_scale_range"":[0.58,1.42]},""road_lookahead_count"":8,""road_lookahead_spacing"":5.0,""speed_range"":[14.0,20.0],""termination_penalty"":8.0,""track_kind"":""circle"",""track_radius"":60.0,""track_width"":4.4,""warmup_gate"":{""distance_range"":[12.0,30.0],""enabled"":true,""finish_pass_distance"":2.0,""half_width_range"":[0.35,0.85],""lateral_offset_range"":[-1.2,1.2],""max_active_steps"":25,""reveal_step"":75},""wheel_observation_mode"":""none""}","{""action_history_mode"":""full"",""beta_target_range"":[0.04,0.32],""dt"":0.02,""friction_limited_speed"":true,""friction_speed_margin"":0.92,""friction_step"":{""enabled"":true,""mu_range"":[0.3,1.15],""resample_speed_ref"":false,""step_range"":[8,40]},""history_length"":1,""include_privileged_params"":false,""max_steps"":800,""obstacle"":{""allowed_labels"":[""aes_feasible"",""drift_required"",""unavoidable""],""brake_mu_fraction"":0.9,""clearance_margin_reward_clip"":0.25,""clearance_margin_reward_scale"":0.0,""collision_penalty"":25.0,""conventional_lateral_mu_fraction"":0.42,""dense_clearance_margin_reward_clip"":0.25,""dense_clearance_margin_reward_scale"":0.0,""dense_clearance_margin_reward_window"":8.0,""distance_range"":[9.847222222222225,21.847222222222225],""drift_lateral_mu_fraction"":0.85,""ego_half_width"":0.9,""enabled"":true,""finish_on_pass"":true,""finish_pass_distance"":2.0,""half_width_range"":[0.2761904761904763,1.0761904761904764],""max_sample_attempts"":10000,""max_threshold_score"":0.25,""min_time_after_friction_step"":0.1,""pass_reward"":12.0,""perception_reveal_distance"":null,""perception_reveal_step"":0,""require_aeb_infeasible"":true,""safety_margin"":0.3,""stable_aes_beta_limit"":0.2,""stable_aes_drift_bonus_scale"":0.18,""stable_aes_sideslip_penalty"":2.8},""obstacle_relative_velocity_mode"":""zero"",""obstacle_slots"":4,""privileged_observation_mode"":""basic"",""randomization"":{""actuator_tau_scale_range"":[0.65,1.35],""brake_scale_range"":[0.55,1.35],""cg_shift_range"":[-0.14,0.14],""drive_scale_range"":[0.6,1.3],""inertia_scale_range"":[0.8,1.3],""mass_scale_range"":[0.8,1.28],""mu_range"":[0.75,1.05],""tire_stiffness_scale_range"":[0.58,1.42]},""road_lookahead_count"":8,""road_lookahead_spacing"":5.0,""speed_range"":[14.0,20.0],""termination_penalty"":8.0,""track_kind"":""circle"",""track_radius"":60.0,""track_width"":4.4,""warmup_gate"":{""distance_range"":[12.0,30.0],""enabled"":true,""finish_pass_distance"":2.0,""half_width_range"":[0.35,0.85],""lateral_offset_range"":[-1.2,1.2],""max_active_steps"":25,""reveal_step"":75},""wheel_observation_mode"":""none""}"
m2063-osd-osd_v0_0238_t5,False,"{""action_history_mode"":""full"",""beta_target_range"":[0.04,0.32],""dt"":0.02,""friction_limited_speed"":true,""friction_speed_margin"":0.92,""friction_step"":{""enabled"":true,""mu_range"":[0.3,1.15],""resample_speed_ref"":false,""step_range"":[8,40]},""history_length"":1,""include_privileged_params"":false,""max_steps"":800,""obstacle"":{""allowed_labels"":[""aes_feasible"",""drift_required"",""unavoidable""],""brake_mu_fraction"":0.9,""clearance_margin_reward_clip"":0.25,""clearance_margin_reward_scale"":0.0,""collision_penalty"":25.0,""conventional_lateral_mu_fraction"":0.42,""dense_clearance_margin_reward_clip"":0.25,""dense_clearance_margin_reward_scale"":0.0,""dense_clearance_margin_reward_window"":8.0,""distance_range"":[2.7152777777777786,14.715277777777779],""drift_lateral_mu_fraction"":0.85,""ego_half_width"":0.9,""enabled"":true,""finish_on_pass"":true,""finish_pass_distance"":2.0,""half_width_range"":[0.2,0.9940476190476191],""max_sample_attempts"":10000,""max_threshold_score"":0.25,""min_time_after_friction_step"":0.1,""pass_reward"":12.0,""perception_reveal_distance"":null,""perception_reveal_step"":10,""require_aeb_infeasible"":true,""safety_margin"":0.3,""stable_aes_beta_limit"":0.2,""stable_aes_drift_bonus_scale"":0.18,""stable_aes_sideslip_penalty"":2.8},""obstacle_relative_velocity_mode"":""zero"",""obstacle_slots"":4,""privileged_observation_mode"":""basic"",""randomization"":{""actuator_tau_scale_range"":[0.75,1.65],""brake_scale_range"":[0.55,1.35],""cg_shift_range"":[-0.14,0.14],""drive_scale_range"":[0.6,1.3],""inertia_scale_range"":[0.8,1.3],""mass_scale_range"":[0.8,1.28],""mu_range"":[0.35,0.55],""tire_stiffness_scale_range"":[0.58,1.42]},""road_lookahead_count"":8,""road_lookahead_spacing"":5.0,""speed_range"":[7.0,11.0],""termination_penalty"":8.0,""track_kind"":""circle"",""track_radius"":32.0,""track_width"":7.0,""warmup_gate"":{""distance_range"":[12.0,30.0],""enabled"":true,""finish_pass_distance"":2.0,""half_width_range"":[0.35,0.85],""lateral_offset_range"":[-1.2,1.2],""max_active_steps"":50,""reveal_step"":110},""wheel_observation_mode"":""none""}","{""action_history_mode"":""full"",""beta_target_range"":[0.04,0.32],""dt"":0.02,""friction_limited_speed"":true,""friction_speed_margin"":0.92,""friction_step"":{""enabled"":true,""mu_range"":[0.3,1.15],""resample_speed_ref"":false,""step_range"":[8,40]},""history_length"":1,""include_privileged_params"":false,""max_steps"":800,""obstacle"":{""allowed_labels"":[""aes_feasible"",""drift_required"",""unavoidable""],""brake_mu_fraction"":0.9,""clearance_margin_reward_clip"":0.25,""clearance_margin_reward_scale"":0.0,""collision_penalty"":25.0,""conventional_lateral_mu_fraction"":0.42,""dense_clearance_margin_reward_clip"":0.25,""dense_clearance_margin_reward_scale"":0.0,""dense_clearance_margin_reward_window"":8.0,""distance_range"":[2.7152777777777786,14.715277777777779],""drift_lateral_mu_fraction"":0.85,""ego_half_width"":0.9,""enabled"":true,""finish_on_pass"":true,""finish_pass_distance"":2.0,""half_width_range"":[0.2,0.9940476190476191],""max_sample_attempts"":10000,""max_threshold_score"":0.25,""min_time_after_friction_step"":0.1,""pass_reward"":12.0,""perception_reveal_distance"":null,""perception_reveal_step"":10,""require_aeb_infeasible"":true,""safety_margin"":0.3,""stable_aes_beta_limit"":0.2,""stable_aes_drift_bonus_scale"":0.18,""stable_aes_sideslip_penalty"":2.8},""obstacle_relative_velocity_mode"":""zero"",""obstacle_slots"":4,""privileged_observation_mode"":""basic"",""randomization"":{""actuator_tau_scale_range"":[0.75,1.65],""brake_scale_range"":[0.55,1.35],""cg_shift_range"":[-0.14,0.14],""drive_scale_range"":[0.6,1.3],""inertia_scale_range"":[0.8,1.3],""mass_scale_range"":[0.8,1.28],""mu_range"":[0.35,0.55],""tire_stiffness_scale_range"":[0.58,1.42]},""road_lookahead_count"":8,""road_lookahead_spacing"":5.0,""speed_range"":[7.0,11.0],""termination_penalty"":8.0,""track_kind"":""circle"",""track_radius"":32.0,""track_width"":7.0,""warmup_gate"":{""distance_range"":[12.0,30.0],""enabled"":true,""finish_pass_distance"":2.0,""half_width_range"":[0.35,0.85],""lateral_offset_range"":[-1.2,1.2],""max_active_steps"":50,""reveal_step"":110},""wheel_observation_mode"":""none""}"
m2063-osd-osd_v0_0239_t5,False,"{""action_history_mode"":""full"",""beta_target_range"":[0.04,0.32],""dt"":0.02,""friction_limited_speed"":true,""friction_speed_margin"":0.92,""friction_step"":{""enabled"":true,""mu_range"":[0.3,1.15],""resample_speed_ref"":false,""step_range"":[8,40]},""history_length"":1,""include_privileged_params"":false,""max_steps"":800,""obstacle"":{""allowed_labels"":[""aes_feasible"",""drift_required"",""unavoidable""],""brake_mu_fraction"":0.9,""clearance_margin_reward_clip"":0.25,""clearance_margin_reward_scale"":0.0,""collision_penalty"":25.0,""conventional_lateral_mu_fraction"":0.42,""dense_clearance_margin_reward_clip"":0.25,""dense_clearance_margin_reward_scale"":0.0,""dense_clearance_margin_reward_window"":8.0,""distance_range"":[1.0,8.680555555555557],""drift_lateral_mu_fraction"":0.85,""ego_half_width"":0.9,""enabled"":true,""finish_on_pass"":true,""finish_pass_distance"":2.0,""half_width_range"":[0.2,0.9940476190476191],""max_sample_attempts"":10000,""max_threshold_score"":0.25,""min_time_after_friction_step"":0.1,""pass_reward"":12.0,""perception_reveal_distance"":null,""perception_reveal_step"":25,""require_aeb_infeasible"":true,""safety_margin"":0.3,""stable_aes_beta_limit"":0.2,""stable_aes_drift_bonus_scale"":0.18,""stable_aes_sideslip_penalty"":2.8},""obstacle_relative_velocity_mode"":""zero"",""obstacle_slots"":4,""privileged_observation_mode"":""basic"",""randomization"":{""actuator_tau_scale_range"":[0.65,2.2],""brake_scale_range"":[0.55,1.35],""cg_shift_range"":[-0.14,0.14],""drive_scale_range"":[0.6,1.3],""inertia_scale_range"":[0.8,1.3],""mass_scale_range"":[0.8,1.28],""mu_range"":[0.28,1.05],""tire_stiffness_scale_range"":[0.58,1.42]},""road_lookahead_count"":8,""road_lookahead_spacing"":5.0,""speed_range"":[10.0,15.0],""termination_penalty"":8.0,""track_kind"":""circle"",""track_radius"":18.0,""track_width"":5.5,""warmup_gate"":{""distance_range"":[12.0,30.0],""enabled"":false,""finish_pass_distance"":2.0,""half_width_range"":[0.35,0.85],""lateral_offset_range"":[-1.2,1.2],""max_active_steps"":75,""reveal_step"":35},""wheel_observation_mode"":""none""}","{""action_history_mode"":""full"",""beta_target_range"":[0.04,0.32],""dt"":0.02,""friction_limited_speed"":true,""friction_speed_margin"":0.92,""friction_step"":{""enabled"":true,""mu_range"":[0.3,1.15],""resample_speed_ref"":false,""step_range"":[8,40]},""history_length"":1,""include_privileged_params"":false,""max_steps"":800,""obstacle"":{""allowed_labels"":[""aes_feasible"",""drift_required"",""unavoidable""],""brake_mu_fraction"":0.9,""clearance_margin_reward_clip"":0.25,""clearance_margin_reward_scale"":0.0,""collision_penalty"":25.0,""conventional_lateral_mu_fraction"":0.42,""dense_clearance_margin_reward_clip"":0.25,""dense_clearance_margin_reward_scale"":0.0,""dense_clearance_margin_reward_window"":8.0,""distance_range"":[1.0,8.680555555555557],""drift_lateral_mu_fraction"":0.85,""ego_half_width"":0.9,""enabled"":true,""finish_on_pass"":true,""finish_pass_distance"":2.0,""half_width_range"":[0.2,0.9940476190476191],""max_sample_attempts"":10000,""max_threshold_score"":0.25,""min_time_after_friction_step"":0.1,""pass_reward"":12.0,""perception_reveal_distance"":null,""perception_reveal_step"":25,""require_aeb_infeasible"":true,""safety_margin"":0.3,""stable_aes_beta_limit"":0.2,""stable_aes_drift_bonus_scale"":0.18,""stable_aes_sideslip_penalty"":2.8},""obstacle_relative_velocity_mode"":""zero"",""obstacle_slots"":4,""privileged_observation_mode"":""basic"",""randomization"":{""actuator_tau_scale_range"":[0.65,2.2],""brake_scale_range"":[0.55,1.35],""cg_shift_range"":[-0.14,0.14],""drive_scale_range"":[0.6,1.3],""inertia_scale_range"":[0.8,1.3],""mass_scale_range"":[0.8,1.28],""mu_range"":[0.28,1.05],""tire_stiffness_scale_range"":[0.58,1.42]},""road_lookahead_count"":8,""road_lookahead_spacing"":5.0,""speed_range"":[10.0,15.0],""termination_penalty"":8.0,""track_kind"":""circle"",""track_radius"":18.0,""track_width"":5.5,""warmup_gate"":{""distance_range"":[12.0,30.0],""enabled"":false,""finish_pass_distance"":2.0,""half_width_range"":[0.35,0.85],""lateral_offset_range"":[-1.2,1.2],""max_active_steps"":75,""reveal_step"":35},""wheel_observation_mode"":""none""}"
