pair_id,execution_row_id,checkpoint_subject,checkpoint_path,checkpoint_hash,model_state_hash,role_family,dynamics_axis,stress_family,seed_index,seed,source_curriculum_row_id,fixture_id,stress_preparation,warmup_step_count,horizon_steps,steps_executed,observation_shape,action_shape,reset_run,policy_action_run,backend_step_run,closed_loop_rollout_run,finite_observation,finite_action,action_within_bounds,backend_terminated,backend_truncated,backend_status,minimum_obstacle_clearance_m,minimum_road_margin_m,final_road_margin_m,collision_diagnostic,road_departure_diagnostic,final_speed_mps,max_abs_yaw_rate,max_abs_y,mean_throttle,mean_brake,throttle_brake_conflict_proxy,max_abs_steer,mean_abs_steer,mean_action_l1,command_response_proxy,actor_visible_label,hidden_or_oracle_actor_inputs_required,ordinary_denominator_allowed,mitigation_reference,diagnostic_only,ranking_admissible,winner_selected,claim_scope,forbidden_interpretation
m2784_pair_drift_required_recovery_fresh_fault_delay_noise_held_actuator_history_stress_seed_266100,m2784_pair_drift_required_recovery_fresh_fault_delay_noise_held_actuator_history_stress_seed_266100_source,source,runs/m2655_engineering_controller_route_a_source_only_gap_targeted_repair_mitigation_preserving_execution/checkpoints/m2655_mitigation_preserving_actor_head_repair.pt,e6ecf4bc3f273ea8f7bd4149c068708a86c0969a982cac602635339639938b87,de902e8fe83a0904c8c59fcf1ef60e264e1cfaf9524ef1934e629a594da8379c,drift_required_recovery,fresh_fault_delay_noise,held_actuator_history_stress,0,266100,m2779_curriculum_held_actuator_history_stress_drift_required_recovery_fresh_fault_delay_noise,hf0_four_wheel_drift_required_recovery_fixture_fresh_seed_266100_axis_fault_delay_noise,one_warmup_step_held_actuator_history,1,80,80,72,3,True,True,True,True,True,True,True,False,False,running,5.045871976431642,-0.7821222673866348,-0.7821222673866348,False,True,2.2068882186733227,0.4005045176133665,3.166981874311705,0.0,1.0,0.0,0.9763874411582947,0.9324505157768727,0.9774835005402565,5.190395975088815,False,False,True,False,True,False,False,Route A source-only paired closed-loop delta diagnostic preflight only,"validation, ranking, winner selection, checkpoint promotion, success-rate verdict, repair success, driver performance, paper evidence, finite-window-vs-GRU conclusion, current-sim verdict, high-fidelity validation, full ideal driver completion, or level3 self-identification"
m2784_pair_drift_required_recovery_fresh_fault_delay_noise_held_actuator_history_stress_seed_266100,m2784_pair_drift_required_recovery_fresh_fault_delay_noise_held_actuator_history_stress_seed_266100_candidate,candidate,runs/m2782_engineering_controller_route_a_source_only_belief_stress_short_training_continuation_preflight/checkpoints/m2782_belief_stress_short_training_candidate.pt,96944838f1075e6ce6d463f336056f1d81799d7ac69d419ca3a9644582cc0ae8,38cdca17cf4c3936adb0f545be8714ffe431f8574625419455d2acb4b5d3eeae,drift_required_recovery,fresh_fault_delay_noise,held_actuator_history_stress,0,266100,m2779_curriculum_held_actuator_history_stress_drift_required_recovery_fresh_fault_delay_noise,hf0_four_wheel_drift_required_recovery_fixture_fresh_seed_266100_axis_fault_delay_noise,one_warmup_step_held_actuator_history,1,80,80,72,3,True,True,True,True,True,True,True,False,False,running,5.045038409798338,-0.780038829433404,-0.780038829433404,False,True,2.2055663718913205,0.4005045176133665,3.1649039471055893,0.0,1.0,0.0,0.9766775369644165,0.9333191588521004,0.9777730591595173,5.190969921051184,False,False,True,False,True,False,False,Route A source-only paired closed-loop delta diagnostic preflight only,"validation, ranking, winner selection, checkpoint promotion, success-rate verdict, repair success, driver performance, paper evidence, finite-window-vs-GRU conclusion, current-sim verdict, high-fidelity validation, full ideal driver completion, or level3 self-identification"
m2784_pair_drift_required_recovery_fresh_fault_delay_noise_held_actuator_history_stress_seed_266101,m2784_pair_drift_required_recovery_fresh_fault_delay_noise_held_actuator_history_stress_seed_266101_source,source,runs/m2655_engineering_controller_route_a_source_only_gap_targeted_repair_mitigation_preserving_execution/checkpoints/m2655_mitigation_preserving_actor_head_repair.pt,e6ecf4bc3f273ea8f7bd4149c068708a86c0969a982cac602635339639938b87,de902e8fe83a0904c8c59fcf1ef60e264e1cfaf9524ef1934e629a594da8379c,drift_required_recovery,fresh_fault_delay_noise,held_actuator_history_stress,1,266101,m2779_curriculum_held_actuator_history_stress_drift_required_recovery_fresh_fault_delay_noise,hf0_four_wheel_drift_required_recovery_fixture_fresh_seed_266101_axis_fault_delay_noise,one_warmup_step_held_actuator_history,1,80,80,72,3,True,True,True,True,True,True,True,False,False,running,2.6893006999284066,-1.8973223028146506,-1.8973223028146506,False,True,3.8412680696425,0.5996079492666309,4.506798749881543,0.0,1.0,0.0,0.976457953453064,0.9143517009913922,0.9714505612850189,4.23627526310668,False,False,True,False,True,False,False,Route A source-only paired closed-loop delta diagnostic preflight only,"validation, ranking, winner selection, checkpoint promotion, success-rate verdict, repair success, driver performance, paper evidence, finite-window-vs-GRU conclusion, current-sim verdict, high-fidelity validation, full ideal driver completion, or level3 self-identification"
m2784_pair_drift_required_recovery_fresh_fault_delay_noise_held_actuator_history_stress_seed_266101,m2784_pair_drift_required_recovery_fresh_fault_delay_noise_held_actuator_history_stress_seed_266101_candidate,candidate,runs/m2782_engineering_controller_route_a_source_only_belief_stress_short_training_continuation_preflight/checkpoints/m2782_belief_stress_short_training_candidate.pt,96944838f1075e6ce6d463f336056f1d81799d7ac69d419ca3a9644582cc0ae8,38cdca17cf4c3936adb0f545be8714ffe431f8574625419455d2acb4b5d3eeae,drift_required_recovery,fresh_fault_delay_noise,held_actuator_history_stress,1,266101,m2779_curriculum_held_actuator_history_stress_drift_required_recovery_fresh_fault_delay_noise,hf0_four_wheel_drift_required_recovery_fixture_fresh_seed_266101_axis_fault_delay_noise,one_warmup_step_held_actuator_history,1,80,80,72,3,True,True,True,True,True,True,True,False,False,running,2.6868274969095247,-1.894523010438034,-1.894523010438034,False,True,3.83878037530858,0.5988687489680361,4.504005219735119,0.0,1.0,0.0,0.9767471551895142,0.9153423883020878,0.9717807948589325,4.237606385915764,False,False,True,False,True,False,False,Route A source-only paired closed-loop delta diagnostic preflight only,"validation, ranking, winner selection, checkpoint promotion, success-rate verdict, repair success, driver performance, paper evidence, finite-window-vs-GRU conclusion, current-sim verdict, high-fidelity validation, full ideal driver completion, or level3 self-identification"
m2784_pair_drift_required_recovery_fresh_fault_delay_noise_held_actuator_history_stress_seed_266102,m2784_pair_drift_required_recovery_fresh_fault_delay_noise_held_actuator_history_stress_seed_266102_source,source,runs/m2655_engineering_controller_route_a_source_only_gap_targeted_repair_mitigation_preserving_execution/checkpoints/m2655_mitigation_preserving_actor_head_repair.pt,e6ecf4bc3f273ea8f7bd4149c068708a86c0969a982cac602635339639938b87,de902e8fe83a0904c8c59fcf1ef60e264e1cfaf9524ef1934e629a594da8379c,drift_required_recovery,fresh_fault_delay_noise,held_actuator_history_stress,2,266102,m2779_curriculum_held_actuator_history_stress_drift_required_recovery_fresh_fault_delay_noise,hf0_four_wheel_drift_required_recovery_fixture_fresh_seed_266102_axis_fault_delay_noise,one_warmup_step_held_actuator_history,1,80,80,72,3,True,True,True,True,True,True,True,False,False,running,3.532446479496652,-1.7732591207183654,-1.7732591207183654,False,True,2.181384840263097,0.6384224382703808,4.270792211781716,0.0,1.0,0.0,0.9764140844345093,0.8961157977581025,0.965371934324503,5.3970695470112435,False,False,True,False,True,False,False,Route A source-only paired closed-loop delta diagnostic preflight only,"validation, ranking, winner selection, checkpoint promotion, success-rate verdict, repair success, driver performance, paper evidence, finite-window-vs-GRU conclusion, current-sim verdict, high-fidelity validation, full ideal driver completion, or level3 self-identification"
m2784_pair_drift_required_recovery_fresh_fault_delay_noise_held_actuator_history_stress_seed_266102,m2784_pair_drift_required_recovery_fresh_fault_delay_noise_held_actuator_history_stress_seed_266102_candidate,candidate,runs/m2782_engineering_controller_route_a_source_only_belief_stress_short_training_continuation_preflight/checkpoints/m2782_belief_stress_short_training_candidate.pt,96944838f1075e6ce6d463f336056f1d81799d7ac69d419ca3a9644582cc0ae8,38cdca17cf4c3936adb0f545be8714ffe431f8574625419455d2acb4b5d3eeae,drift_required_recovery,fresh_fault_delay_noise,held_actuator_history_stress,2,266102,m2779_curriculum_held_actuator_history_stress_drift_required_recovery_fresh_fault_delay_noise,hf0_four_wheel_drift_required_recovery_fixture_fresh_seed_266102_axis_fault_delay_noise,one_warmup_step_held_actuator_history,1,80,80,72,3,True,True,True,True,True,True,True,False,False,running,3.5311039066302934,-1.7700099815715928,-1.7700099815715928,False,True,2.1783023995426394,0.638105448852094,4.267536388307743,0.0,1.0,0.0,0.9767038226127625,0.8972444005310536,0.965748132020235,5.399039151650559,False,False,True,False,True,False,False,Route A source-only paired closed-loop delta diagnostic preflight only,"validation, ranking, winner selection, checkpoint promotion, success-rate verdict, repair success, driver performance, paper evidence, finite-window-vs-GRU conclusion, current-sim verdict, high-fidelity validation, full ideal driver completion, or level3 self-identification"
m2784_pair_drift_required_recovery_fresh_fault_delay_noise_held_actuator_history_stress_seed_266103,m2784_pair_drift_required_recovery_fresh_fault_delay_noise_held_actuator_history_stress_seed_266103_source,source,runs/m2655_engineering_controller_route_a_source_only_gap_targeted_repair_mitigation_preserving_execution/checkpoints/m2655_mitigation_preserving_actor_head_repair.pt,e6ecf4bc3f273ea8f7bd4149c068708a86c0969a982cac602635339639938b87,de902e8fe83a0904c8c59fcf1ef60e264e1cfaf9524ef1934e629a594da8379c,drift_required_recovery,fresh_fault_delay_noise,held_actuator_history_stress,3,266103,m2779_curriculum_held_actuator_history_stress_drift_required_recovery_fresh_fault_delay_noise,hf0_four_wheel_drift_required_recovery_fixture_fresh_seed_266103_axis_fault_delay_noise,one_warmup_step_held_actuator_history,1,80,80,72,3,True,True,True,True,True,True,True,False,False,running,3.1311511565246812,-1.3459454906568715,-1.3459454906568715,False,True,2.7264460453466968,0.5363001669160415,3.858983252172049,0.0,1.0,0.0,0.9765017628669739,0.9197949320077896,0.9732649765908719,4.945927679573195,False,False,True,False,True,False,False,Route A source-only paired closed-loop delta diagnostic preflight only,"validation, ranking, winner selection, checkpoint promotion, success-rate verdict, repair success, driver performance, paper evidence, finite-window-vs-GRU conclusion, current-sim verdict, high-fidelity validation, full ideal driver completion, or level3 self-identification"
m2784_pair_drift_required_recovery_fresh_fault_delay_noise_held_actuator_history_stress_seed_266103,m2784_pair_drift_required_recovery_fresh_fault_delay_noise_held_actuator_history_stress_seed_266103_candidate,candidate,runs/m2782_engineering_controller_route_a_source_only_belief_stress_short_training_continuation_preflight/checkpoints/m2782_belief_stress_short_training_candidate.pt,96944838f1075e6ce6d463f336056f1d81799d7ac69d419ca3a9644582cc0ae8,38cdca17cf4c3936adb0f545be8714ffe431f8574625419455d2acb4b5d3eeae,drift_required_recovery,fresh_fault_delay_noise,held_actuator_history_stress,3,266103,m2779_curriculum_held_actuator_history_stress_drift_required_recovery_fresh_fault_delay_noise,hf0_four_wheel_drift_required_recovery_fixture_fresh_seed_266103_axis_fault_delay_noise,one_warmup_step_held_actuator_history,1,80,80,72,3,True,True,True,True,True,True,True,False,False,running,3.129653010667082,-1.3433745619887412,-1.3433745619887412,False,True,2.724076159992209,0.536098493774069,3.856414625744397,0.0,1.0,0.0,0.9767904281616211,0.9206562809646129,0.9735520958900452,4.947394013322059,False,False,True,False,True,False,False,Route A source-only paired closed-loop delta diagnostic preflight only,"validation, ranking, winner selection, checkpoint promotion, success-rate verdict, repair success, driver performance, paper evidence, finite-window-vs-GRU conclusion, current-sim verdict, high-fidelity validation, full ideal driver completion, or level3 self-identification"
m2784_pair_drift_required_recovery_fresh_fault_delay_noise_previous_command_history_stress_seed_266100,m2784_pair_drift_required_recovery_fresh_fault_delay_noise_previous_command_history_stress_seed_266100_source,source,runs/m2655_engineering_controller_route_a_source_only_gap_targeted_repair_mitigation_preserving_execution/checkpoints/m2655_mitigation_preserving_actor_head_repair.pt,e6ecf4bc3f273ea8f7bd4149c068708a86c0969a982cac602635339639938b87,de902e8fe83a0904c8c59fcf1ef60e264e1cfaf9524ef1934e629a594da8379c,drift_required_recovery,fresh_fault_delay_noise,previous_command_history_stress,0,266100,m2779_curriculum_previous_command_history_stress_drift_required_recovery_fresh_fault_delay_noise,hf0_four_wheel_drift_required_recovery_fixture_fresh_seed_266100_axis_fault_delay_noise,zero_previous_command_history,0,80,80,72,3,True,True,True,True,True,True,True,False,False,running,5.282833861241711,-0.8140558516340799,-0.8140558516340799,False,True,2.2032869687595897,0.4251705506392599,3.193907919846677,0.0,1.0,0.0,0.9762359857559204,0.9281694859266281,0.9760564908385276,5.141569153118857,False,False,True,False,True,False,False,Route A source-only paired closed-loop delta diagnostic preflight only,"validation, ranking, winner selection, checkpoint promotion, success-rate verdict, repair success, driver performance, paper evidence, finite-window-vs-GRU conclusion, current-sim verdict, high-fidelity validation, full ideal driver completion, or level3 self-identification"
m2784_pair_drift_required_recovery_fresh_fault_delay_noise_previous_command_history_stress_seed_266100,m2784_pair_drift_required_recovery_fresh_fault_delay_noise_previous_command_history_stress_seed_266100_candidate,candidate,runs/m2782_engineering_controller_route_a_source_only_belief_stress_short_training_continuation_preflight/checkpoints/m2782_belief_stress_short_training_candidate.pt,96944838f1075e6ce6d463f336056f1d81799d7ac69d419ca3a9644582cc0ae8,38cdca17cf4c3936adb0f545be8714ffe431f8574625419455d2acb4b5d3eeae,drift_required_recovery,fresh_fault_delay_noise,previous_command_history_stress,0,266100,m2779_curriculum_previous_command_history_stress_drift_required_recovery_fresh_fault_delay_noise,hf0_four_wheel_drift_required_recovery_fixture_fresh_seed_266100_axis_fault_delay_noise,zero_previous_command_history,0,80,80,72,3,True,True,True,True,True,True,True,False,False,running,5.281971545848884,-0.8118691651737122,-0.8118691651737122,False,True,2.2018776720478557,0.4251705506392599,3.191727085581453,0.0,1.0,0.0,0.9765278697013855,0.9290799826383591,0.9763599947094918,5.142184042939128,False,False,True,False,True,False,False,Route A source-only paired closed-loop delta diagnostic preflight only,"validation, ranking, winner selection, checkpoint promotion, success-rate verdict, repair success, driver performance, paper evidence, finite-window-vs-GRU conclusion, current-sim verdict, high-fidelity validation, full ideal driver completion, or level3 self-identification"
m2784_pair_drift_required_recovery_fresh_fault_delay_noise_previous_command_history_stress_seed_266101,m2784_pair_drift_required_recovery_fresh_fault_delay_noise_previous_command_history_stress_seed_266101_source,source,runs/m2655_engineering_controller_route_a_source_only_gap_targeted_repair_mitigation_preserving_execution/checkpoints/m2655_mitigation_preserving_actor_head_repair.pt,e6ecf4bc3f273ea8f7bd4149c068708a86c0969a982cac602635339639938b87,de902e8fe83a0904c8c59fcf1ef60e264e1cfaf9524ef1934e629a594da8379c,drift_required_recovery,fresh_fault_delay_noise,previous_command_history_stress,1,266101,m2779_curriculum_previous_command_history_stress_drift_required_recovery_fresh_fault_delay_noise,hf0_four_wheel_drift_required_recovery_fixture_fresh_seed_266101_axis_fault_delay_noise,zero_previous_command_history,0,80,80,72,3,True,True,True,True,True,True,True,False,False,running,2.7975466034435197,-1.8910801531955652,-1.8910801531955652,False,True,3.8433536984788157,0.6016107307533417,4.49291332011147,0.0,1.0,0.0,0.9759551286697388,0.9111254245042801,0.9703751422464848,4.193030172071877,False,False,True,False,True,False,False,Route A source-only paired closed-loop delta diagnostic preflight only,"validation, ranking, winner selection, checkpoint promotion, success-rate verdict, repair success, driver performance, paper evidence, finite-window-vs-GRU conclusion, current-sim verdict, high-fidelity validation, full ideal driver completion, or level3 self-identification"
m2784_pair_drift_required_recovery_fresh_fault_delay_noise_previous_command_history_stress_seed_266101,m2784_pair_drift_required_recovery_fresh_fault_delay_noise_previous_command_history_stress_seed_266101_candidate,candidate,runs/m2782_engineering_controller_route_a_source_only_belief_stress_short_training_continuation_preflight/checkpoints/m2782_belief_stress_short_training_candidate.pt,96944838f1075e6ce6d463f336056f1d81799d7ac69d419ca3a9644582cc0ae8,38cdca17cf4c3936adb0f545be8714ffe431f8574625419455d2acb4b5d3eeae,drift_required_recovery,fresh_fault_delay_noise,previous_command_history_stress,1,266101,m2779_curriculum_previous_command_history_stress_drift_required_recovery_fresh_fault_delay_noise,hf0_four_wheel_drift_required_recovery_fixture_fresh_seed_266101_axis_fault_delay_noise,zero_previous_command_history,0,80,80,72,3,True,True,True,True,True,True,True,False,False,running,2.7951273728665447,-1.888231142549003,-1.888231142549003,False,True,3.8408171714812664,0.6008670466617049,4.490070212605908,0.0,1.0,0.0,0.976250410079956,0.9121438942849636,0.97071463316679,4.194392397330252,False,False,True,False,True,False,False,Route A source-only paired closed-loop delta diagnostic preflight only,"validation, ranking, winner selection, checkpoint promotion, success-rate verdict, repair success, driver performance, paper evidence, finite-window-vs-GRU conclusion, current-sim verdict, high-fidelity validation, full ideal driver completion, or level3 self-identification"
m2784_pair_drift_required_recovery_fresh_fault_delay_noise_previous_command_history_stress_seed_266102,m2784_pair_drift_required_recovery_fresh_fault_delay_noise_previous_command_history_stress_seed_266102_source,source,runs/m2655_engineering_controller_route_a_source_only_gap_targeted_repair_mitigation_preserving_execution/checkpoints/m2655_mitigation_preserving_actor_head_repair.pt,e6ecf4bc3f273ea8f7bd4149c068708a86c0969a982cac602635339639938b87,de902e8fe83a0904c8c59fcf1ef60e264e1cfaf9524ef1934e629a594da8379c,drift_required_recovery,fresh_fault_delay_noise,previous_command_history_stress,2,266102,m2779_curriculum_previous_command_history_stress_drift_required_recovery_fresh_fault_delay_noise,hf0_four_wheel_drift_required_recovery_fixture_fresh_seed_266102_axis_fault_delay_noise,zero_previous_command_history,0,80,80,72,3,True,True,True,True,True,True,True,False,False,running,3.730703605890205,-1.778538507508396,-1.778538507508396,False,True,2.1840279670390457,0.6396101286942899,4.271301709055785,0.0,1.0,0.0,0.975983202457428,0.8942147381603718,0.964738243073225,5.334855555015835,False,False,True,False,True,False,False,Route A source-only paired closed-loop delta diagnostic preflight only,"validation, ranking, winner selection, checkpoint promotion, success-rate verdict, repair success, driver performance, paper evidence, finite-window-vs-GRU conclusion, current-sim verdict, high-fidelity validation, full ideal driver completion, or level3 self-identification"
m2784_pair_drift_required_recovery_fresh_fault_delay_noise_previous_command_history_stress_seed_266102,m2784_pair_drift_required_recovery_fresh_fault_delay_noise_previous_command_history_stress_seed_266102_candidate,candidate,runs/m2782_engineering_controller_route_a_source_only_belief_stress_short_training_continuation_preflight/checkpoints/m2782_belief_stress_short_training_candidate.pt,96944838f1075e6ce6d463f336056f1d81799d7ac69d419ca3a9644582cc0ae8,38cdca17cf4c3936adb0f545be8714ffe431f8574625419455d2acb4b5d3eeae,drift_required_recovery,fresh_fault_delay_noise,previous_command_history_stress,2,266102,m2779_curriculum_previous_command_history_stress_drift_required_recovery_fresh_fault_delay_noise,hf0_four_wheel_drift_required_recovery_fixture_fresh_seed_266102_axis_fault_delay_noise,zero_previous_command_history,0,80,80,72,3,True,True,True,True,True,True,True,False,False,running,3.729424165030942,-1.7752254380243686,-1.7752254380243686,False,True,2.1809066643302355,0.6393297613460157,4.2679818820981135,0.0,1.0,0.0,0.9762781858444214,0.8953583046793938,0.9651194386184215,5.3368532155463155,False,False,True,False,True,False,False,Route A source-only paired closed-loop delta diagnostic preflight only,"validation, ranking, winner selection, checkpoint promotion, success-rate verdict, repair success, driver performance, paper evidence, finite-window-vs-GRU conclusion, current-sim verdict, high-fidelity validation, full ideal driver completion, or level3 self-identification"
m2784_pair_drift_required_recovery_fresh_fault_delay_noise_previous_command_history_stress_seed_266103,m2784_pair_drift_required_recovery_fresh_fault_delay_noise_previous_command_history_stress_seed_266103_source,source,runs/m2655_engineering_controller_route_a_source_only_gap_targeted_repair_mitigation_preserving_execution/checkpoints/m2655_mitigation_preserving_actor_head_repair.pt,e6ecf4bc3f273ea8f7bd4149c068708a86c0969a982cac602635339639938b87,de902e8fe83a0904c8c59fcf1ef60e264e1cfaf9524ef1934e629a594da8379c,drift_required_recovery,fresh_fault_delay_noise,previous_command_history_stress,3,266103,m2779_curriculum_previous_command_history_stress_drift_required_recovery_fresh_fault_delay_noise,hf0_four_wheel_drift_required_recovery_fixture_fresh_seed_266103_axis_fault_delay_noise,zero_previous_command_history,0,80,80,72,3,True,True,True,True,True,True,True,False,False,running,3.343594978508637,-1.379180326224657,-1.379180326224657,False,True,2.7299872622887715,0.537267476060121,3.8873371467260944,0.0,1.0,0.0,0.976241409778595,0.9169335804879666,0.9723111964762211,4.883966352847656,False,False,True,False,True,False,False,Route A source-only paired closed-loop delta diagnostic preflight only,"validation, ranking, winner selection, checkpoint promotion, success-rate verdict, repair success, driver performance, paper evidence, finite-window-vs-GRU conclusion, current-sim verdict, high-fidelity validation, full ideal driver completion, or level3 self-identification"
m2784_pair_drift_required_recovery_fresh_fault_delay_noise_previous_command_history_stress_seed_266103,m2784_pair_drift_required_recovery_fresh_fault_delay_noise_previous_command_history_stress_seed_266103_candidate,candidate,runs/m2782_engineering_controller_route_a_source_only_belief_stress_short_training_continuation_preflight/checkpoints/m2782_belief_stress_short_training_candidate.pt,96944838f1075e6ce6d463f336056f1d81799d7ac69d419ca3a9644582cc0ae8,38cdca17cf4c3936adb0f545be8714ffe431f8574625419455d2acb4b5d3eeae,drift_required_recovery,fresh_fault_delay_noise,previous_command_history_stress,3,266103,m2779_curriculum_previous_command_history_stress_drift_required_recovery_fresh_fault_delay_noise,hf0_four_wheel_drift_required_recovery_fixture_fresh_seed_266103_axis_fault_delay_noise,zero_previous_command_history,0,80,80,72,3,True,True,True,True,True,True,True,False,False,running,3.342104999489467,-1.3765091138809509,-1.3765091138809509,False,True,2.7275620562046203,0.5371272849206682,3.88466836953274,0.0,1.0,0.0,0.9765332341194153,0.9178180553019046,0.972606023401022,4.885470887063894,False,False,True,False,True,False,False,Route A source-only paired closed-loop delta diagnostic preflight only,"validation, ranking, winner selection, checkpoint promotion, success-rate verdict, repair success, driver performance, paper evidence, finite-window-vs-GRU conclusion, current-sim verdict, high-fidelity validation, full ideal driver completion, or level3 self-identification"
m2784_pair_drift_required_recovery_fresh_fault_delay_noise_recurrent_hidden_reset_stress_seed_266100,m2784_pair_drift_required_recovery_fresh_fault_delay_noise_recurrent_hidden_reset_stress_seed_266100_source,source,runs/m2655_engineering_controller_route_a_source_only_gap_targeted_repair_mitigation_preserving_execution/checkpoints/m2655_mitigation_preserving_actor_head_repair.pt,e6ecf4bc3f273ea8f7bd4149c068708a86c0969a982cac602635339639938b87,de902e8fe83a0904c8c59fcf1ef60e264e1cfaf9524ef1934e629a594da8379c,drift_required_recovery,fresh_fault_delay_noise,recurrent_hidden_reset_stress,0,266100,m2779_curriculum_recurrent_hidden_reset_stress_drift_required_recovery_fresh_fault_delay_noise,hf0_four_wheel_drift_required_recovery_fixture_fresh_seed_266100_axis_fault_delay_noise,reset_actor_state_before_action,0,80,80,72,3,True,True,True,True,True,True,True,False,False,running,5.282833861241711,-0.8140558516340799,-0.8140558516340799,False,True,2.2032869687595897,0.4251705506392599,3.193907919846677,0.0,1.0,0.0,0.9762359857559204,0.9281694859266281,0.9760564908385276,5.141569153118857,False,False,True,False,True,False,False,Route A source-only paired closed-loop delta diagnostic preflight only,"validation, ranking, winner selection, checkpoint promotion, success-rate verdict, repair success, driver performance, paper evidence, finite-window-vs-GRU conclusion, current-sim verdict, high-fidelity validation, full ideal driver completion, or level3 self-identification"
m2784_pair_drift_required_recovery_fresh_fault_delay_noise_recurrent_hidden_reset_stress_seed_266100,m2784_pair_drift_required_recovery_fresh_fault_delay_noise_recurrent_hidden_reset_stress_seed_266100_candidate,candidate,runs/m2782_engineering_controller_route_a_source_only_belief_stress_short_training_continuation_preflight/checkpoints/m2782_belief_stress_short_training_candidate.pt,96944838f1075e6ce6d463f336056f1d81799d7ac69d419ca3a9644582cc0ae8,38cdca17cf4c3936adb0f545be8714ffe431f8574625419455d2acb4b5d3eeae,drift_required_recovery,fresh_fault_delay_noise,recurrent_hidden_reset_stress,0,266100,m2779_curriculum_recurrent_hidden_reset_stress_drift_required_recovery_fresh_fault_delay_noise,hf0_four_wheel_drift_required_recovery_fixture_fresh_seed_266100_axis_fault_delay_noise,reset_actor_state_before_action,0,80,80,72,3,True,True,True,True,True,True,True,False,False,running,5.281971545848884,-0.8118691651737122,-0.8118691651737122,False,True,2.2018776720478557,0.4251705506392599,3.191727085581453,0.0,1.0,0.0,0.9765278697013855,0.9290799826383591,0.9763599947094918,5.142184042939128,False,False,True,False,True,False,False,Route A source-only paired closed-loop delta diagnostic preflight only,"validation, ranking, winner selection, checkpoint promotion, success-rate verdict, repair success, driver performance, paper evidence, finite-window-vs-GRU conclusion, current-sim verdict, high-fidelity validation, full ideal driver completion, or level3 self-identification"
m2784_pair_drift_required_recovery_fresh_fault_delay_noise_recurrent_hidden_reset_stress_seed_266101,m2784_pair_drift_required_recovery_fresh_fault_delay_noise_recurrent_hidden_reset_stress_seed_266101_source,source,runs/m2655_engineering_controller_route_a_source_only_gap_targeted_repair_mitigation_preserving_execution/checkpoints/m2655_mitigation_preserving_actor_head_repair.pt,e6ecf4bc3f273ea8f7bd4149c068708a86c0969a982cac602635339639938b87,de902e8fe83a0904c8c59fcf1ef60e264e1cfaf9524ef1934e629a594da8379c,drift_required_recovery,fresh_fault_delay_noise,recurrent_hidden_reset_stress,1,266101,m2779_curriculum_recurrent_hidden_reset_stress_drift_required_recovery_fresh_fault_delay_noise,hf0_four_wheel_drift_required_recovery_fixture_fresh_seed_266101_axis_fault_delay_noise,reset_actor_state_before_action,0,80,80,72,3,True,True,True,True,True,True,True,False,False,running,2.7975466034435197,-1.8910801531955652,-1.8910801531955652,False,True,3.8433536984788157,0.6016107307533417,4.49291332011147,0.0,1.0,0.0,0.9759551286697388,0.9111254245042801,0.9703751422464848,4.193030172071877,False,False,True,False,True,False,False,Route A source-only paired closed-loop delta diagnostic preflight only,"validation, ranking, winner selection, checkpoint promotion, success-rate verdict, repair success, driver performance, paper evidence, finite-window-vs-GRU conclusion, current-sim verdict, high-fidelity validation, full ideal driver completion, or level3 self-identification"
m2784_pair_drift_required_recovery_fresh_fault_delay_noise_recurrent_hidden_reset_stress_seed_266101,m2784_pair_drift_required_recovery_fresh_fault_delay_noise_recurrent_hidden_reset_stress_seed_266101_candidate,candidate,runs/m2782_engineering_controller_route_a_source_only_belief_stress_short_training_continuation_preflight/checkpoints/m2782_belief_stress_short_training_candidate.pt,96944838f1075e6ce6d463f336056f1d81799d7ac69d419ca3a9644582cc0ae8,38cdca17cf4c3936adb0f545be8714ffe431f8574625419455d2acb4b5d3eeae,drift_required_recovery,fresh_fault_delay_noise,recurrent_hidden_reset_stress,1,266101,m2779_curriculum_recurrent_hidden_reset_stress_drift_required_recovery_fresh_fault_delay_noise,hf0_four_wheel_drift_required_recovery_fixture_fresh_seed_266101_axis_fault_delay_noise,reset_actor_state_before_action,0,80,80,72,3,True,True,True,True,True,True,True,False,False,running,2.7951273728665447,-1.888231142549003,-1.888231142549003,False,True,3.8408171714812664,0.6008670466617049,4.490070212605908,0.0,1.0,0.0,0.976250410079956,0.9121438942849636,0.97071463316679,4.194392397330252,False,False,True,False,True,False,False,Route A source-only paired closed-loop delta diagnostic preflight only,"validation, ranking, winner selection, checkpoint promotion, success-rate verdict, repair success, driver performance, paper evidence, finite-window-vs-GRU conclusion, current-sim verdict, high-fidelity validation, full ideal driver completion, or level3 self-identification"
m2784_pair_drift_required_recovery_fresh_fault_delay_noise_recurrent_hidden_reset_stress_seed_266102,m2784_pair_drift_required_recovery_fresh_fault_delay_noise_recurrent_hidden_reset_stress_seed_266102_source,source,runs/m2655_engineering_controller_route_a_source_only_gap_targeted_repair_mitigation_preserving_execution/checkpoints/m2655_mitigation_preserving_actor_head_repair.pt,e6ecf4bc3f273ea8f7bd4149c068708a86c0969a982cac602635339639938b87,de902e8fe83a0904c8c59fcf1ef60e264e1cfaf9524ef1934e629a594da8379c,drift_required_recovery,fresh_fault_delay_noise,recurrent_hidden_reset_stress,2,266102,m2779_curriculum_recurrent_hidden_reset_stress_drift_required_recovery_fresh_fault_delay_noise,hf0_four_wheel_drift_required_recovery_fixture_fresh_seed_266102_axis_fault_delay_noise,reset_actor_state_before_action,0,80,80,72,3,True,True,True,True,True,True,True,False,False,running,3.730703605890205,-1.778538507508396,-1.778538507508396,False,True,2.1840279670390457,0.6396101286942899,4.271301709055785,0.0,1.0,0.0,0.975983202457428,0.8942147381603718,0.964738243073225,5.334855555015835,False,False,True,False,True,False,False,Route A source-only paired closed-loop delta diagnostic preflight only,"validation, ranking, winner selection, checkpoint promotion, success-rate verdict, repair success, driver performance, paper evidence, finite-window-vs-GRU conclusion, current-sim verdict, high-fidelity validation, full ideal driver completion, or level3 self-identification"
m2784_pair_drift_required_recovery_fresh_fault_delay_noise_recurrent_hidden_reset_stress_seed_266102,m2784_pair_drift_required_recovery_fresh_fault_delay_noise_recurrent_hidden_reset_stress_seed_266102_candidate,candidate,runs/m2782_engineering_controller_route_a_source_only_belief_stress_short_training_continuation_preflight/checkpoints/m2782_belief_stress_short_training_candidate.pt,96944838f1075e6ce6d463f336056f1d81799d7ac69d419ca3a9644582cc0ae8,38cdca17cf4c3936adb0f545be8714ffe431f8574625419455d2acb4b5d3eeae,drift_required_recovery,fresh_fault_delay_noise,recurrent_hidden_reset_stress,2,266102,m2779_curriculum_recurrent_hidden_reset_stress_drift_required_recovery_fresh_fault_delay_noise,hf0_four_wheel_drift_required_recovery_fixture_fresh_seed_266102_axis_fault_delay_noise,reset_actor_state_before_action,0,80,80,72,3,True,True,True,True,True,True,True,False,False,running,3.729424165030942,-1.7752254380243686,-1.7752254380243686,False,True,2.1809066643302355,0.6393297613460157,4.2679818820981135,0.0,1.0,0.0,0.9762781858444214,0.8953583046793938,0.9651194386184215,5.3368532155463155,False,False,True,False,True,False,False,Route A source-only paired closed-loop delta diagnostic preflight only,"validation, ranking, winner selection, checkpoint promotion, success-rate verdict, repair success, driver performance, paper evidence, finite-window-vs-GRU conclusion, current-sim verdict, high-fidelity validation, full ideal driver completion, or level3 self-identification"
m2784_pair_drift_required_recovery_fresh_fault_delay_noise_recurrent_hidden_reset_stress_seed_266103,m2784_pair_drift_required_recovery_fresh_fault_delay_noise_recurrent_hidden_reset_stress_seed_266103_source,source,runs/m2655_engineering_controller_route_a_source_only_gap_targeted_repair_mitigation_preserving_execution/checkpoints/m2655_mitigation_preserving_actor_head_repair.pt,e6ecf4bc3f273ea8f7bd4149c068708a86c0969a982cac602635339639938b87,de902e8fe83a0904c8c59fcf1ef60e264e1cfaf9524ef1934e629a594da8379c,drift_required_recovery,fresh_fault_delay_noise,recurrent_hidden_reset_stress,3,266103,m2779_curriculum_recurrent_hidden_reset_stress_drift_required_recovery_fresh_fault_delay_noise,hf0_four_wheel_drift_required_recovery_fixture_fresh_seed_266103_axis_fault_delay_noise,reset_actor_state_before_action,0,80,80,72,3,True,True,True,True,True,True,True,False,False,running,3.343594978508637,-1.379180326224657,-1.379180326224657,False,True,2.7299872622887715,0.537267476060121,3.8873371467260944,0.0,1.0,0.0,0.976241409778595,0.9169335804879666,0.9723111964762211,4.883966352847656,False,False,True,False,True,False,False,Route A source-only paired closed-loop delta diagnostic preflight only,"validation, ranking, winner selection, checkpoint promotion, success-rate verdict, repair success, driver performance, paper evidence, finite-window-vs-GRU conclusion, current-sim verdict, high-fidelity validation, full ideal driver completion, or level3 self-identification"
m2784_pair_drift_required_recovery_fresh_fault_delay_noise_recurrent_hidden_reset_stress_seed_266103,m2784_pair_drift_required_recovery_fresh_fault_delay_noise_recurrent_hidden_reset_stress_seed_266103_candidate,candidate,runs/m2782_engineering_controller_route_a_source_only_belief_stress_short_training_continuation_preflight/checkpoints/m2782_belief_stress_short_training_candidate.pt,96944838f1075e6ce6d463f336056f1d81799d7ac69d419ca3a9644582cc0ae8,38cdca17cf4c3936adb0f545be8714ffe431f8574625419455d2acb4b5d3eeae,drift_required_recovery,fresh_fault_delay_noise,recurrent_hidden_reset_stress,3,266103,m2779_curriculum_recurrent_hidden_reset_stress_drift_required_recovery_fresh_fault_delay_noise,hf0_four_wheel_drift_required_recovery_fixture_fresh_seed_266103_axis_fault_delay_noise,reset_actor_state_before_action,0,80,80,72,3,True,True,True,True,True,True,True,False,False,running,3.342104999489467,-1.3765091138809509,-1.3765091138809509,False,True,2.7275620562046203,0.5371272849206682,3.88466836953274,0.0,1.0,0.0,0.9765332341194153,0.9178180553019046,0.972606023401022,4.885470887063894,False,False,True,False,True,False,False,Route A source-only paired closed-loop delta diagnostic preflight only,"validation, ranking, winner selection, checkpoint promotion, success-rate verdict, repair success, driver performance, paper evidence, finite-window-vs-GRU conclusion, current-sim verdict, high-fidelity validation, full ideal driver completion, or level3 self-identification"
m2784_pair_drift_required_recovery_fresh_nominal_or_role_default_held_actuator_history_stress_seed_266100,m2784_pair_drift_required_recovery_fresh_nominal_or_role_default_held_actuator_history_stress_seed_266100_source,source,runs/m2655_engineering_controller_route_a_source_only_gap_targeted_repair_mitigation_preserving_execution/checkpoints/m2655_mitigation_preserving_actor_head_repair.pt,e6ecf4bc3f273ea8f7bd4149c068708a86c0969a982cac602635339639938b87,de902e8fe83a0904c8c59fcf1ef60e264e1cfaf9524ef1934e629a594da8379c,drift_required_recovery,fresh_nominal_or_role_default,held_actuator_history_stress,0,266100,m2779_curriculum_held_actuator_history_stress_drift_required_recovery_fresh_nominal_or_role_default,hf0_four_wheel_drift_required_recovery_fixture_fresh_seed_266100_axis_nominal,one_warmup_step_held_actuator_history,1,80,80,72,3,True,True,True,True,True,True,True,False,False,running,5.233376860800658,-1.277192094740152,-1.277192094740152,False,True,2.507590824831358,0.4638413092398185,3.661434112247183,0.0,1.0,0.0,0.9764052033424377,0.9231291197240352,0.9743763782083988,5.037867965530041,False,False,True,False,True,False,False,Route A source-only paired closed-loop delta diagnostic preflight only,"validation, ranking, winner selection, checkpoint promotion, success-rate verdict, repair success, driver performance, paper evidence, finite-window-vs-GRU conclusion, current-sim verdict, high-fidelity validation, full ideal driver completion, or level3 self-identification"
m2784_pair_drift_required_recovery_fresh_nominal_or_role_default_held_actuator_history_stress_seed_266100,m2784_pair_drift_required_recovery_fresh_nominal_or_role_default_held_actuator_history_stress_seed_266100_candidate,candidate,runs/m2782_engineering_controller_route_a_source_only_belief_stress_short_training_continuation_preflight/checkpoints/m2782_belief_stress_short_training_candidate.pt,96944838f1075e6ce6d463f336056f1d81799d7ac69d419ca3a9644582cc0ae8,38cdca17cf4c3936adb0f545be8714ffe431f8574625419455d2acb4b5d3eeae,drift_required_recovery,fresh_nominal_or_role_default,held_actuator_history_stress,0,266100,m2779_curriculum_held_actuator_history_stress_drift_required_recovery_fresh_nominal_or_role_default,hf0_four_wheel_drift_required_recovery_fixture_fresh_seed_266100_axis_nominal,one_warmup_step_held_actuator_history,1,80,80,72,3,True,True,True,True,True,True,True,False,False,running,5.2323974365227395,-1.274931003254089,-1.274931003254089,False,True,2.505606511968383,0.46357922501564885,3.659176561740316,0.0,1.0,0.0,0.9766950607299805,0.9239414133131504,0.9746471345424652,5.0390689268458715,False,False,True,False,True,False,False,Route A source-only paired closed-loop delta diagnostic preflight only,"validation, ranking, winner selection, checkpoint promotion, success-rate verdict, repair success, driver performance, paper evidence, finite-window-vs-GRU conclusion, current-sim verdict, high-fidelity validation, full ideal driver completion, or level3 self-identification"
m2784_pair_drift_required_recovery_fresh_nominal_or_role_default_held_actuator_history_stress_seed_266101,m2784_pair_drift_required_recovery_fresh_nominal_or_role_default_held_actuator_history_stress_seed_266101_source,source,runs/m2655_engineering_controller_route_a_source_only_gap_targeted_repair_mitigation_preserving_execution/checkpoints/m2655_mitigation_preserving_actor_head_repair.pt,e6ecf4bc3f273ea8f7bd4149c068708a86c0969a982cac602635339639938b87,de902e8fe83a0904c8c59fcf1ef60e264e1cfaf9524ef1934e629a594da8379c,drift_required_recovery,fresh_nominal_or_role_default,held_actuator_history_stress,1,266101,m2779_curriculum_held_actuator_history_stress_drift_required_recovery_fresh_nominal_or_role_default,hf0_four_wheel_drift_required_recovery_fixture_fresh_seed_266101_axis_nominal,one_warmup_step_held_actuator_history,1,80,80,72,3,True,True,True,True,True,True,True,False,False,running,2.464904396024823,-0.9746124172148081,-0.9746124172148081,False,True,2.5039086708694893,0.4719544636334108,3.5653664142877832,0.0,1.0,0.0,0.9764569401741028,0.9156708411872387,0.9718902803957462,5.0499995351759885,False,False,True,False,True,False,False,Route A source-only paired closed-loop delta diagnostic preflight only,"validation, ranking, winner selection, checkpoint promotion, success-rate verdict, repair success, driver performance, paper evidence, finite-window-vs-GRU conclusion, current-sim verdict, high-fidelity validation, full ideal driver completion, or level3 self-identification"
m2784_pair_drift_required_recovery_fresh_nominal_or_role_default_held_actuator_history_stress_seed_266101,m2784_pair_drift_required_recovery_fresh_nominal_or_role_default_held_actuator_history_stress_seed_266101_candidate,candidate,runs/m2782_engineering_controller_route_a_source_only_belief_stress_short_training_continuation_preflight/checkpoints/m2782_belief_stress_short_training_candidate.pt,96944838f1075e6ce6d463f336056f1d81799d7ac69d419ca3a9644582cc0ae8,38cdca17cf4c3936adb0f545be8714ffe431f8574625419455d2acb4b5d3eeae,drift_required_recovery,fresh_nominal_or_role_default,held_actuator_history_stress,1,266101,m2779_curriculum_held_actuator_history_stress_drift_required_recovery_fresh_nominal_or_role_default,hf0_four_wheel_drift_required_recovery_fixture_fresh_seed_266101_axis_nominal,one_warmup_step_held_actuator_history,1,80,80,72,3,True,True,True,True,True,True,True,False,False,running,2.463147068155718,-0.9717318495217042,-0.9717318495217042,False,True,2.501357178604358,0.47114733947261894,3.562490230985261,0.0,1.0,0.0,0.976746141910553,0.9166817925870419,0.9722272649407386,5.051568859882155,False,False,True,False,True,False,False,Route A source-only paired closed-loop delta diagnostic preflight only,"validation, ranking, winner selection, checkpoint promotion, success-rate verdict, repair success, driver performance, paper evidence, finite-window-vs-GRU conclusion, current-sim verdict, high-fidelity validation, full ideal driver completion, or level3 self-identification"
m2784_pair_drift_required_recovery_fresh_nominal_or_role_default_held_actuator_history_stress_seed_266102,m2784_pair_drift_required_recovery_fresh_nominal_or_role_default_held_actuator_history_stress_seed_266102_source,source,runs/m2655_engineering_controller_route_a_source_only_gap_targeted_repair_mitigation_preserving_execution/checkpoints/m2655_mitigation_preserving_actor_head_repair.pt,e6ecf4bc3f273ea8f7bd4149c068708a86c0969a982cac602635339639938b87,de902e8fe83a0904c8c59fcf1ef60e264e1cfaf9524ef1934e629a594da8379c,drift_required_recovery,fresh_nominal_or_role_default,held_actuator_history_stress,2,266102,m2779_curriculum_held_actuator_history_stress_drift_required_recovery_fresh_nominal_or_role_default,hf0_four_wheel_drift_required_recovery_fixture_fresh_seed_266102_axis_nominal,one_warmup_step_held_actuator_history,1,80,80,72,3,True,True,True,True,True,True,True,False,False,running,1.8035723401937183,-0.6048793416777243,-0.6048793416777243,False,True,2.6748186789092268,0.36382986466840356,3.1406134173670988,0.0,1.0,0.0,0.9764299988746643,0.9316628560423851,0.977220955491066,5.0222644826183185,False,False,True,False,True,False,False,Route A source-only paired closed-loop delta diagnostic preflight only,"validation, ranking, winner selection, checkpoint promotion, success-rate verdict, repair success, driver performance, paper evidence, finite-window-vs-GRU conclusion, current-sim verdict, high-fidelity validation, full ideal driver completion, or level3 self-identification"
m2784_pair_drift_required_recovery_fresh_nominal_or_role_default_held_actuator_history_stress_seed_266102,m2784_pair_drift_required_recovery_fresh_nominal_or_role_default_held_actuator_history_stress_seed_266102_candidate,candidate,runs/m2782_engineering_controller_route_a_source_only_belief_stress_short_training_continuation_preflight/checkpoints/m2782_belief_stress_short_training_candidate.pt,96944838f1075e6ce6d463f336056f1d81799d7ac69d419ca3a9644582cc0ae8,38cdca17cf4c3936adb0f545be8714ffe431f8574625419455d2acb4b5d3eeae,drift_required_recovery,fresh_nominal_or_role_default,held_actuator_history_stress,2,266102,m2779_curriculum_held_actuator_history_stress_drift_required_recovery_fresh_nominal_or_role_default,hf0_four_wheel_drift_required_recovery_fixture_fresh_seed_266102_axis_nominal,one_warmup_step_held_actuator_history,1,80,80,72,3,True,True,True,True,True,True,True,False,False,running,1.8025265534582022,-0.6023848890732939,-0.6023848890732939,False,True,2.6733562207385013,0.36382986466840356,3.138125834211527,0.0,1.0,0.0,0.9767194986343384,0.9325613483786583,0.977520453184843,5.0229806979876965,False,False,True,False,True,False,False,Route A source-only paired closed-loop delta diagnostic preflight only,"validation, ranking, winner selection, checkpoint promotion, success-rate verdict, repair success, driver performance, paper evidence, finite-window-vs-GRU conclusion, current-sim verdict, high-fidelity validation, full ideal driver completion, or level3 self-identification"
m2784_pair_drift_required_recovery_fresh_nominal_or_role_default_held_actuator_history_stress_seed_266103,m2784_pair_drift_required_recovery_fresh_nominal_or_role_default_held_actuator_history_stress_seed_266103_source,source,runs/m2655_engineering_controller_route_a_source_only_gap_targeted_repair_mitigation_preserving_execution/checkpoints/m2655_mitigation_preserving_actor_head_repair.pt,e6ecf4bc3f273ea8f7bd4149c068708a86c0969a982cac602635339639938b87,de902e8fe83a0904c8c59fcf1ef60e264e1cfaf9524ef1934e629a594da8379c,drift_required_recovery,fresh_nominal_or_role_default,held_actuator_history_stress,3,266103,m2779_curriculum_held_actuator_history_stress_drift_required_recovery_fresh_nominal_or_role_default,hf0_four_wheel_drift_required_recovery_fixture_fresh_seed_266103_axis_nominal,one_warmup_step_held_actuator_history,1,80,80,72,3,True,True,True,True,True,True,True,False,False,running,2.8509650784050997,-0.7494671808469122,-0.7494671808469122,False,True,2.2964420258663183,0.4189329648680782,3.262449453201564,0.0,1.0,0.0,0.976495623588562,0.924718314409256,0.9749061107635498,5.185027334865026,False,False,True,False,True,False,False,Route A source-only paired closed-loop delta diagnostic preflight only,"validation, ranking, winner selection, checkpoint promotion, success-rate verdict, repair success, driver performance, paper evidence, finite-window-vs-GRU conclusion, current-sim verdict, high-fidelity validation, full ideal driver completion, or level3 self-identification"
m2784_pair_drift_required_recovery_fresh_nominal_or_role_default_held_actuator_history_stress_seed_266103,m2784_pair_drift_required_recovery_fresh_nominal_or_role_default_held_actuator_history_stress_seed_266103_candidate,candidate,runs/m2782_engineering_controller_route_a_source_only_belief_stress_short_training_continuation_preflight/checkpoints/m2782_belief_stress_short_training_candidate.pt,96944838f1075e6ce6d463f336056f1d81799d7ac69d419ca3a9644582cc0ae8,38cdca17cf4c3936adb0f545be8714ffe431f8574625419455d2acb4b5d3eeae,drift_required_recovery,fresh_nominal_or_role_default,held_actuator_history_stress,3,266103,m2779_curriculum_held_actuator_history_stress_drift_required_recovery_fresh_nominal_or_role_default,hf0_four_wheel_drift_required_recovery_fixture_fresh_seed_266103_axis_nominal,one_warmup_step_held_actuator_history,1,80,80,72,3,True,True,True,True,True,True,True,False,False,running,2.849865714716573,-0.7470765211594612,-0.7470765211594612,False,True,2.2943318241360258,0.41867661714139537,3.260062519608121,0.0,1.0,0.0,0.976784348487854,0.9256016954779624,0.9752005644142627,5.186233578446682,False,False,True,False,True,False,False,Route A source-only paired closed-loop delta diagnostic preflight only,"validation, ranking, winner selection, checkpoint promotion, success-rate verdict, repair success, driver performance, paper evidence, finite-window-vs-GRU conclusion, current-sim verdict, high-fidelity validation, full ideal driver completion, or level3 self-identification"
m2784_pair_drift_required_recovery_fresh_nominal_or_role_default_previous_command_history_stress_seed_266100,m2784_pair_drift_required_recovery_fresh_nominal_or_role_default_previous_command_history_stress_seed_266100_source,source,runs/m2655_engineering_controller_route_a_source_only_gap_targeted_repair_mitigation_preserving_execution/checkpoints/m2655_mitigation_preserving_actor_head_repair.pt,e6ecf4bc3f273ea8f7bd4149c068708a86c0969a982cac602635339639938b87,de902e8fe83a0904c8c59fcf1ef60e264e1cfaf9524ef1934e629a594da8379c,drift_required_recovery,fresh_nominal_or_role_default,previous_command_history_stress,0,266100,m2779_curriculum_previous_command_history_stress_drift_required_recovery_fresh_nominal_or_role_default,hf0_four_wheel_drift_required_recovery_fixture_fresh_seed_266100_axis_nominal,zero_previous_command_history,0,80,80,72,3,True,True,True,True,True,True,True,False,False,running,5.468293583168413,-1.3117540621330095,-1.3117540621330095,False,True,2.506673265890436,0.4652224694547837,3.690956247147646,0.0,1.0,0.0,0.9762359857559204,0.9200178049504757,0.973339269310236,4.980553298257448,False,False,True,False,True,False,False,Route A source-only paired closed-loop delta diagnostic preflight only,"validation, ranking, winner selection, checkpoint promotion, success-rate verdict, repair success, driver performance, paper evidence, finite-window-vs-GRU conclusion, current-sim verdict, high-fidelity validation, full ideal driver completion, or level3 self-identification"
m2784_pair_drift_required_recovery_fresh_nominal_or_role_default_previous_command_history_stress_seed_266100,m2784_pair_drift_required_recovery_fresh_nominal_or_role_default_previous_command_history_stress_seed_266100_candidate,candidate,runs/m2782_engineering_controller_route_a_source_only_belief_stress_short_training_continuation_preflight/checkpoints/m2782_belief_stress_short_training_candidate.pt,96944838f1075e6ce6d463f336056f1d81799d7ac69d419ca3a9644582cc0ae8,38cdca17cf4c3936adb0f545be8714ffe431f8574625419455d2acb4b5d3eeae,drift_required_recovery,fresh_nominal_or_role_default,previous_command_history_stress,0,266100,m2779_curriculum_previous_command_history_stress_drift_required_recovery_fresh_nominal_or_role_default,hf0_four_wheel_drift_required_recovery_fixture_fresh_seed_266100_axis_nominal,zero_previous_command_history,0,80,80,72,3,True,True,True,True,True,True,True,False,False,running,5.467298526858969,-1.3094042468032052,-1.3094042468032052,False,True,2.5046476116273184,0.4645807276061567,3.688610124548463,0.0,1.0,0.0,0.9765278697013855,0.9208495683968068,0.9736165218055248,4.981789293690669,False,False,True,False,True,False,False,Route A source-only paired closed-loop delta diagnostic preflight only,"validation, ranking, winner selection, checkpoint promotion, success-rate verdict, repair success, driver performance, paper evidence, finite-window-vs-GRU conclusion, current-sim verdict, high-fidelity validation, full ideal driver completion, or level3 self-identification"
m2784_pair_drift_required_recovery_fresh_nominal_or_role_default_previous_command_history_stress_seed_266101,m2784_pair_drift_required_recovery_fresh_nominal_or_role_default_previous_command_history_stress_seed_266101_source,source,runs/m2655_engineering_controller_route_a_source_only_gap_targeted_repair_mitigation_preserving_execution/checkpoints/m2655_mitigation_preserving_actor_head_repair.pt,e6ecf4bc3f273ea8f7bd4149c068708a86c0969a982cac602635339639938b87,de902e8fe83a0904c8c59fcf1ef60e264e1cfaf9524ef1934e629a594da8379c,drift_required_recovery,fresh_nominal_or_role_default,previous_command_history_stress,1,266101,m2779_curriculum_previous_command_history_stress_drift_required_recovery_fresh_nominal_or_role_default,hf0_four_wheel_drift_required_recovery_fixture_fresh_seed_266101_axis_nominal,zero_previous_command_history,0,80,80,72,3,True,True,True,True,True,True,True,False,False,running,2.6453169674041628,-0.9738771268132038,-0.9738771268132038,False,True,2.510247049747986,0.47471222432100413,3.5600942809354215,0.0,1.0,0.0,0.9759551286697388,0.9118111155927181,0.9706037074327469,5.0022530783963735,False,False,True,False,True,False,False,Route A source-only paired closed-loop delta diagnostic preflight only,"validation, ranking, winner selection, checkpoint promotion, success-rate verdict, repair success, driver performance, paper evidence, finite-window-vs-GRU conclusion, current-sim verdict, high-fidelity validation, full ideal driver completion, or level3 self-identification"
m2784_pair_drift_required_recovery_fresh_nominal_or_role_default_previous_command_history_stress_seed_266101,m2784_pair_drift_required_recovery_fresh_nominal_or_role_default_previous_command_history_stress_seed_266101_candidate,candidate,runs/m2782_engineering_controller_route_a_source_only_belief_stress_short_training_continuation_preflight/checkpoints/m2782_belief_stress_short_training_candidate.pt,96944838f1075e6ce6d463f336056f1d81799d7ac69d419ca3a9644582cc0ae8,38cdca17cf4c3936adb0f545be8714ffe431f8574625419455d2acb4b5d3eeae,drift_required_recovery,fresh_nominal_or_role_default,previous_command_history_stress,1,266101,m2779_curriculum_previous_command_history_stress_drift_required_recovery_fresh_nominal_or_role_default,hf0_four_wheel_drift_required_recovery_fixture_fresh_seed_266101_axis_nominal,zero_previous_command_history,0,80,80,72,3,True,True,True,True,True,True,True,False,False,running,2.6436359061614754,-0.9709426101977052,-0.9709426101977052,False,True,2.5076566088411356,0.47402834845369807,3.5571642668195227,0.0,1.0,0.0,0.976250410079956,0.9128518961369991,0.9709506340324878,5.003848108753802,False,False,True,False,True,False,False,Route A source-only paired closed-loop delta diagnostic preflight only,"validation, ranking, winner selection, checkpoint promotion, success-rate verdict, repair success, driver performance, paper evidence, finite-window-vs-GRU conclusion, current-sim verdict, high-fidelity validation, full ideal driver completion, or level3 self-identification"
m2784_pair_drift_required_recovery_fresh_nominal_or_role_default_previous_command_history_stress_seed_266102,m2784_pair_drift_required_recovery_fresh_nominal_or_role_default_previous_command_history_stress_seed_266102_source,source,runs/m2655_engineering_controller_route_a_source_only_gap_targeted_repair_mitigation_preserving_execution/checkpoints/m2655_mitigation_preserving_actor_head_repair.pt,e6ecf4bc3f273ea8f7bd4149c068708a86c0969a982cac602635339639938b87,de902e8fe83a0904c8c59fcf1ef60e264e1cfaf9524ef1934e629a594da8379c,drift_required_recovery,fresh_nominal_or_role_default,previous_command_history_stress,2,266102,m2779_curriculum_previous_command_history_stress_drift_required_recovery_fresh_nominal_or_role_default,hf0_four_wheel_drift_required_recovery_fixture_fresh_seed_266102_axis_nominal,zero_previous_command_history,0,80,80,72,3,True,True,True,True,True,True,True,False,False,running,2.0462777060118507,-0.6532414594503977,-0.6532414594503977,False,True,2.6727702136254776,0.39093994380248215,3.180420984177641,0.0,1.0,0.0,0.975983202457428,0.9268688976764679,0.9756229639053344,4.96762935489055,False,False,True,False,True,False,False,Route A source-only paired closed-loop delta diagnostic preflight only,"validation, ranking, winner selection, checkpoint promotion, success-rate verdict, repair success, driver performance, paper evidence, finite-window-vs-GRU conclusion, current-sim verdict, high-fidelity validation, full ideal driver completion, or level3 self-identification"
m2784_pair_drift_required_recovery_fresh_nominal_or_role_default_previous_command_history_stress_seed_266102,m2784_pair_drift_required_recovery_fresh_nominal_or_role_default_previous_command_history_stress_seed_266102_candidate,candidate,runs/m2782_engineering_controller_route_a_source_only_belief_stress_short_training_continuation_preflight/checkpoints/m2782_belief_stress_short_training_candidate.pt,96944838f1075e6ce6d463f336056f1d81799d7ac69d419ca3a9644582cc0ae8,38cdca17cf4c3936adb0f545be8714ffe431f8574625419455d2acb4b5d3eeae,drift_required_recovery,fresh_nominal_or_role_default,previous_command_history_stress,2,266102,m2779_curriculum_previous_command_history_stress_drift_required_recovery_fresh_nominal_or_role_default,hf0_four_wheel_drift_required_recovery_fixture_fresh_seed_266102_axis_nominal,zero_previous_command_history,0,80,80,72,3,True,True,True,True,True,True,True,False,False,running,2.0452188076597726,-0.6505888216939413,-0.6505888216939413,False,True,2.6712134022879885,0.39093994380248215,3.1777757495978824,0.0,1.0,0.0,0.9762781858444214,0.9278146483004093,0.9759382173418999,4.968399491876174,False,False,True,False,True,False,False,Route A source-only paired closed-loop delta diagnostic preflight only,"validation, ranking, winner selection, checkpoint promotion, success-rate verdict, repair success, driver performance, paper evidence, finite-window-vs-GRU conclusion, current-sim verdict, high-fidelity validation, full ideal driver completion, or level3 self-identification"
m2784_pair_drift_required_recovery_fresh_nominal_or_role_default_previous_command_history_stress_seed_266103,m2784_pair_drift_required_recovery_fresh_nominal_or_role_default_previous_command_history_stress_seed_266103_source,source,runs/m2655_engineering_controller_route_a_source_only_gap_targeted_repair_mitigation_preserving_execution/checkpoints/m2655_mitigation_preserving_actor_head_repair.pt,e6ecf4bc3f273ea8f7bd4149c068708a86c0969a982cac602635339639938b87,de902e8fe83a0904c8c59fcf1ef60e264e1cfaf9524ef1934e629a594da8379c,drift_required_recovery,fresh_nominal_or_role_default,previous_command_history_stress,3,266103,m2779_curriculum_previous_command_history_stress_drift_required_recovery_fresh_nominal_or_role_default,hf0_four_wheel_drift_required_recovery_fixture_fresh_seed_266103_axis_nominal,zero_previous_command_history,0,80,80,72,3,True,True,True,True,True,True,True,False,False,running,3.079674101983132,-0.788846956306005,-0.788846956306005,False,True,2.299843161089853,0.4225177787280205,3.2969507588254947,0.0,1.0,0.0,0.976241409778595,0.9211890965700149,0.9737297043204307,5.12670523060508,False,False,True,False,True,False,False,Route A source-only paired closed-loop delta diagnostic preflight only,"validation, ranking, winner selection, checkpoint promotion, success-rate verdict, repair success, driver performance, paper evidence, finite-window-vs-GRU conclusion, current-sim verdict, high-fidelity validation, full ideal driver completion, or level3 self-identification"
m2784_pair_drift_required_recovery_fresh_nominal_or_role_default_previous_command_history_stress_seed_266103,m2784_pair_drift_required_recovery_fresh_nominal_or_role_default_previous_command_history_stress_seed_266103_candidate,candidate,runs/m2782_engineering_controller_route_a_source_only_belief_stress_short_training_continuation_preflight/checkpoints/m2782_belief_stress_short_training_candidate.pt,96944838f1075e6ce6d463f336056f1d81799d7ac69d419ca3a9644582cc0ae8,38cdca17cf4c3936adb0f545be8714ffe431f8574625419455d2acb4b5d3eeae,drift_required_recovery,fresh_nominal_or_role_default,previous_command_history_stress,3,266103,m2779_curriculum_previous_command_history_stress_drift_required_recovery_fresh_nominal_or_role_default,hf0_four_wheel_drift_required_recovery_fixture_fresh_seed_266103_axis_nominal,zero_previous_command_history,0,80,80,72,3,True,True,True,True,True,True,True,False,False,running,3.07857049429811,-0.7863532442603618,-0.7863532442603618,False,True,2.297681562608583,0.4216693276164243,3.294460935604796,0.0,1.0,0.0,0.9765332341194153,0.9220946982502938,0.9740315668284893,5.127980682358286,False,False,True,False,True,False,False,Route A source-only paired closed-loop delta diagnostic preflight only,"validation, ranking, winner selection, checkpoint promotion, success-rate verdict, repair success, driver performance, paper evidence, finite-window-vs-GRU conclusion, current-sim verdict, high-fidelity validation, full ideal driver completion, or level3 self-identification"
m2784_pair_drift_required_recovery_fresh_nominal_or_role_default_recurrent_hidden_reset_stress_seed_266100,m2784_pair_drift_required_recovery_fresh_nominal_or_role_default_recurrent_hidden_reset_stress_seed_266100_source,source,runs/m2655_engineering_controller_route_a_source_only_gap_targeted_repair_mitigation_preserving_execution/checkpoints/m2655_mitigation_preserving_actor_head_repair.pt,e6ecf4bc3f273ea8f7bd4149c068708a86c0969a982cac602635339639938b87,de902e8fe83a0904c8c59fcf1ef60e264e1cfaf9524ef1934e629a594da8379c,drift_required_recovery,fresh_nominal_or_role_default,recurrent_hidden_reset_stress,0,266100,m2779_curriculum_recurrent_hidden_reset_stress_drift_required_recovery_fresh_nominal_or_role_default,hf0_four_wheel_drift_required_recovery_fixture_fresh_seed_266100_axis_nominal,reset_actor_state_before_action,0,80,80,72,3,True,True,True,True,True,True,True,False,False,running,5.468293583168413,-1.3117540621330095,-1.3117540621330095,False,True,2.506673265890436,0.4652224694547837,3.690956247147646,0.0,1.0,0.0,0.9762359857559204,0.9200178049504757,0.973339269310236,4.980553298257448,False,False,True,False,True,False,False,Route A source-only paired closed-loop delta diagnostic preflight only,"validation, ranking, winner selection, checkpoint promotion, success-rate verdict, repair success, driver performance, paper evidence, finite-window-vs-GRU conclusion, current-sim verdict, high-fidelity validation, full ideal driver completion, or level3 self-identification"
m2784_pair_drift_required_recovery_fresh_nominal_or_role_default_recurrent_hidden_reset_stress_seed_266100,m2784_pair_drift_required_recovery_fresh_nominal_or_role_default_recurrent_hidden_reset_stress_seed_266100_candidate,candidate,runs/m2782_engineering_controller_route_a_source_only_belief_stress_short_training_continuation_preflight/checkpoints/m2782_belief_stress_short_training_candidate.pt,96944838f1075e6ce6d463f336056f1d81799d7ac69d419ca3a9644582cc0ae8,38cdca17cf4c3936adb0f545be8714ffe431f8574625419455d2acb4b5d3eeae,drift_required_recovery,fresh_nominal_or_role_default,recurrent_hidden_reset_stress,0,266100,m2779_curriculum_recurrent_hidden_reset_stress_drift_required_recovery_fresh_nominal_or_role_default,hf0_four_wheel_drift_required_recovery_fixture_fresh_seed_266100_axis_nominal,reset_actor_state_before_action,0,80,80,72,3,True,True,True,True,True,True,True,False,False,running,5.467298526858969,-1.3094042468032052,-1.3094042468032052,False,True,2.5046476116273184,0.4645807276061567,3.688610124548463,0.0,1.0,0.0,0.9765278697013855,0.9208495683968068,0.9736165218055248,4.981789293690669,False,False,True,False,True,False,False,Route A source-only paired closed-loop delta diagnostic preflight only,"validation, ranking, winner selection, checkpoint promotion, success-rate verdict, repair success, driver performance, paper evidence, finite-window-vs-GRU conclusion, current-sim verdict, high-fidelity validation, full ideal driver completion, or level3 self-identification"
m2784_pair_drift_required_recovery_fresh_nominal_or_role_default_recurrent_hidden_reset_stress_seed_266101,m2784_pair_drift_required_recovery_fresh_nominal_or_role_default_recurrent_hidden_reset_stress_seed_266101_source,source,runs/m2655_engineering_controller_route_a_source_only_gap_targeted_repair_mitigation_preserving_execution/checkpoints/m2655_mitigation_preserving_actor_head_repair.pt,e6ecf4bc3f273ea8f7bd4149c068708a86c0969a982cac602635339639938b87,de902e8fe83a0904c8c59fcf1ef60e264e1cfaf9524ef1934e629a594da8379c,drift_required_recovery,fresh_nominal_or_role_default,recurrent_hidden_reset_stress,1,266101,m2779_curriculum_recurrent_hidden_reset_stress_drift_required_recovery_fresh_nominal_or_role_default,hf0_four_wheel_drift_required_recovery_fixture_fresh_seed_266101_axis_nominal,reset_actor_state_before_action,0,80,80,72,3,True,True,True,True,True,True,True,False,False,running,2.6453169674041628,-0.9738771268132038,-0.9738771268132038,False,True,2.510247049747986,0.47471222432100413,3.5600942809354215,0.0,1.0,0.0,0.9759551286697388,0.9118111155927181,0.9706037074327469,5.0022530783963735,False,False,True,False,True,False,False,Route A source-only paired closed-loop delta diagnostic preflight only,"validation, ranking, winner selection, checkpoint promotion, success-rate verdict, repair success, driver performance, paper evidence, finite-window-vs-GRU conclusion, current-sim verdict, high-fidelity validation, full ideal driver completion, or level3 self-identification"
m2784_pair_drift_required_recovery_fresh_nominal_or_role_default_recurrent_hidden_reset_stress_seed_266101,m2784_pair_drift_required_recovery_fresh_nominal_or_role_default_recurrent_hidden_reset_stress_seed_266101_candidate,candidate,runs/m2782_engineering_controller_route_a_source_only_belief_stress_short_training_continuation_preflight/checkpoints/m2782_belief_stress_short_training_candidate.pt,96944838f1075e6ce6d463f336056f1d81799d7ac69d419ca3a9644582cc0ae8,38cdca17cf4c3936adb0f545be8714ffe431f8574625419455d2acb4b5d3eeae,drift_required_recovery,fresh_nominal_or_role_default,recurrent_hidden_reset_stress,1,266101,m2779_curriculum_recurrent_hidden_reset_stress_drift_required_recovery_fresh_nominal_or_role_default,hf0_four_wheel_drift_required_recovery_fixture_fresh_seed_266101_axis_nominal,reset_actor_state_before_action,0,80,80,72,3,True,True,True,True,True,True,True,False,False,running,2.6436359061614754,-0.9709426101977052,-0.9709426101977052,False,True,2.5076566088411356,0.47402834845369807,3.5571642668195227,0.0,1.0,0.0,0.976250410079956,0.9128518961369991,0.9709506340324878,5.003848108753802,False,False,True,False,True,False,False,Route A source-only paired closed-loop delta diagnostic preflight only,"validation, ranking, winner selection, checkpoint promotion, success-rate verdict, repair success, driver performance, paper evidence, finite-window-vs-GRU conclusion, current-sim verdict, high-fidelity validation, full ideal driver completion, or level3 self-identification"
m2784_pair_drift_required_recovery_fresh_nominal_or_role_default_recurrent_hidden_reset_stress_seed_266102,m2784_pair_drift_required_recovery_fresh_nominal_or_role_default_recurrent_hidden_reset_stress_seed_266102_source,source,runs/m2655_engineering_controller_route_a_source_only_gap_targeted_repair_mitigation_preserving_execution/checkpoints/m2655_mitigation_preserving_actor_head_repair.pt,e6ecf4bc3f273ea8f7bd4149c068708a86c0969a982cac602635339639938b87,de902e8fe83a0904c8c59fcf1ef60e264e1cfaf9524ef1934e629a594da8379c,drift_required_recovery,fresh_nominal_or_role_default,recurrent_hidden_reset_stress,2,266102,m2779_curriculum_recurrent_hidden_reset_stress_drift_required_recovery_fresh_nominal_or_role_default,hf0_four_wheel_drift_required_recovery_fixture_fresh_seed_266102_axis_nominal,reset_actor_state_before_action,0,80,80,72,3,True,True,True,True,True,True,True,False,False,running,2.0462777060118507,-0.6532414594503977,-0.6532414594503977,False,True,2.6727702136254776,0.39093994380248215,3.180420984177641,0.0,1.0,0.0,0.975983202457428,0.9268688976764679,0.9756229639053344,4.96762935489055,False,False,True,False,True,False,False,Route A source-only paired closed-loop delta diagnostic preflight only,"validation, ranking, winner selection, checkpoint promotion, success-rate verdict, repair success, driver performance, paper evidence, finite-window-vs-GRU conclusion, current-sim verdict, high-fidelity validation, full ideal driver completion, or level3 self-identification"
m2784_pair_drift_required_recovery_fresh_nominal_or_role_default_recurrent_hidden_reset_stress_seed_266102,m2784_pair_drift_required_recovery_fresh_nominal_or_role_default_recurrent_hidden_reset_stress_seed_266102_candidate,candidate,runs/m2782_engineering_controller_route_a_source_only_belief_stress_short_training_continuation_preflight/checkpoints/m2782_belief_stress_short_training_candidate.pt,96944838f1075e6ce6d463f336056f1d81799d7ac69d419ca3a9644582cc0ae8,38cdca17cf4c3936adb0f545be8714ffe431f8574625419455d2acb4b5d3eeae,drift_required_recovery,fresh_nominal_or_role_default,recurrent_hidden_reset_stress,2,266102,m2779_curriculum_recurrent_hidden_reset_stress_drift_required_recovery_fresh_nominal_or_role_default,hf0_four_wheel_drift_required_recovery_fixture_fresh_seed_266102_axis_nominal,reset_actor_state_before_action,0,80,80,72,3,True,True,True,True,True,True,True,False,False,running,2.0452188076597726,-0.6505888216939413,-0.6505888216939413,False,True,2.6712134022879885,0.39093994380248215,3.1777757495978824,0.0,1.0,0.0,0.9762781858444214,0.9278146483004093,0.9759382173418999,4.968399491876174,False,False,True,False,True,False,False,Route A source-only paired closed-loop delta diagnostic preflight only,"validation, ranking, winner selection, checkpoint promotion, success-rate verdict, repair success, driver performance, paper evidence, finite-window-vs-GRU conclusion, current-sim verdict, high-fidelity validation, full ideal driver completion, or level3 self-identification"
m2784_pair_drift_required_recovery_fresh_nominal_or_role_default_recurrent_hidden_reset_stress_seed_266103,m2784_pair_drift_required_recovery_fresh_nominal_or_role_default_recurrent_hidden_reset_stress_seed_266103_source,source,runs/m2655_engineering_controller_route_a_source_only_gap_targeted_repair_mitigation_preserving_execution/checkpoints/m2655_mitigation_preserving_actor_head_repair.pt,e6ecf4bc3f273ea8f7bd4149c068708a86c0969a982cac602635339639938b87,de902e8fe83a0904c8c59fcf1ef60e264e1cfaf9524ef1934e629a594da8379c,drift_required_recovery,fresh_nominal_or_role_default,recurrent_hidden_reset_stress,3,266103,m2779_curriculum_recurrent_hidden_reset_stress_drift_required_recovery_fresh_nominal_or_role_default,hf0_four_wheel_drift_required_recovery_fixture_fresh_seed_266103_axis_nominal,reset_actor_state_before_action,0,80,80,72,3,True,True,True,True,True,True,True,False,False,running,3.079674101983132,-0.788846956306005,-0.788846956306005,False,True,2.299843161089853,0.4225177787280205,3.2969507588254947,0.0,1.0,0.0,0.976241409778595,0.9211890965700149,0.9737297043204307,5.12670523060508,False,False,True,False,True,False,False,Route A source-only paired closed-loop delta diagnostic preflight only,"validation, ranking, winner selection, checkpoint promotion, success-rate verdict, repair success, driver performance, paper evidence, finite-window-vs-GRU conclusion, current-sim verdict, high-fidelity validation, full ideal driver completion, or level3 self-identification"
m2784_pair_drift_required_recovery_fresh_nominal_or_role_default_recurrent_hidden_reset_stress_seed_266103,m2784_pair_drift_required_recovery_fresh_nominal_or_role_default_recurrent_hidden_reset_stress_seed_266103_candidate,candidate,runs/m2782_engineering_controller_route_a_source_only_belief_stress_short_training_continuation_preflight/checkpoints/m2782_belief_stress_short_training_candidate.pt,96944838f1075e6ce6d463f336056f1d81799d7ac69d419ca3a9644582cc0ae8,38cdca17cf4c3936adb0f545be8714ffe431f8574625419455d2acb4b5d3eeae,drift_required_recovery,fresh_nominal_or_role_default,recurrent_hidden_reset_stress,3,266103,m2779_curriculum_recurrent_hidden_reset_stress_drift_required_recovery_fresh_nominal_or_role_default,hf0_four_wheel_drift_required_recovery_fixture_fresh_seed_266103_axis_nominal,reset_actor_state_before_action,0,80,80,72,3,True,True,True,True,True,True,True,False,False,running,3.07857049429811,-0.7863532442603618,-0.7863532442603618,False,True,2.297681562608583,0.4216693276164243,3.294460935604796,0.0,1.0,0.0,0.9765332341194153,0.9220946982502938,0.9740315668284893,5.127980682358286,False,False,True,False,True,False,False,Route A source-only paired closed-loop delta diagnostic preflight only,"validation, ranking, winner selection, checkpoint promotion, success-rate verdict, repair success, driver performance, paper evidence, finite-window-vs-GRU conclusion, current-sim verdict, high-fidelity validation, full ideal driver completion, or level3 self-identification"
m2784_pair_stable_aes_fresh_fault_delay_noise_held_actuator_history_stress_seed_265100,m2784_pair_stable_aes_fresh_fault_delay_noise_held_actuator_history_stress_seed_265100_source,source,runs/m2655_engineering_controller_route_a_source_only_gap_targeted_repair_mitigation_preserving_execution/checkpoints/m2655_mitigation_preserving_actor_head_repair.pt,e6ecf4bc3f273ea8f7bd4149c068708a86c0969a982cac602635339639938b87,de902e8fe83a0904c8c59fcf1ef60e264e1cfaf9524ef1934e629a594da8379c,stable_aes,fresh_fault_delay_noise,held_actuator_history_stress,0,265100,m2779_curriculum_held_actuator_history_stress_stable_aes_fresh_fault_delay_noise,hf0_four_wheel_stable_aes_fixture_fresh_seed_265100_axis_fault_delay_noise,one_warmup_step_held_actuator_history,1,80,80,72,3,True,True,True,True,True,True,True,False,False,running,8.323582646226306,-0.6634555142065985,-0.6634555142065985,False,True,2.783407708719817,0.5234248730563504,2.8157534889187055,0.0,1.0,0.0,0.976229727268219,0.8683133132755756,0.956104438751936,3.990273532184419,False,False,True,False,True,False,False,Route A source-only paired closed-loop delta diagnostic preflight only,"validation, ranking, winner selection, checkpoint promotion, success-rate verdict, repair success, driver performance, paper evidence, finite-window-vs-GRU conclusion, current-sim verdict, high-fidelity validation, full ideal driver completion, or level3 self-identification"
m2784_pair_stable_aes_fresh_fault_delay_noise_held_actuator_history_stress_seed_265100,m2784_pair_stable_aes_fresh_fault_delay_noise_held_actuator_history_stress_seed_265100_candidate,candidate,runs/m2782_engineering_controller_route_a_source_only_belief_stress_short_training_continuation_preflight/checkpoints/m2782_belief_stress_short_training_candidate.pt,96944838f1075e6ce6d463f336056f1d81799d7ac69d419ca3a9644582cc0ae8,38cdca17cf4c3936adb0f545be8714ffe431f8574625419455d2acb4b5d3eeae,stable_aes,fresh_fault_delay_noise,held_actuator_history_stress,0,265100,m2779_curriculum_held_actuator_history_stress_stable_aes_fresh_fault_delay_noise,hf0_four_wheel_stable_aes_fixture_fresh_seed_265100_axis_fault_delay_noise,one_warmup_step_held_actuator_history,1,80,80,72,3,True,True,True,True,True,True,True,False,False,running,8.323114333599092,-0.660984498787013,-0.660984498787013,False,True,2.781380397213229,0.5231451559278021,2.8132824828022978,0.0,1.0,0.0,0.9765215516090393,0.8692391619086266,0.9564130507409573,3.9915066505904635,False,False,True,False,True,False,False,Route A source-only paired closed-loop delta diagnostic preflight only,"validation, ranking, winner selection, checkpoint promotion, success-rate verdict, repair success, driver performance, paper evidence, finite-window-vs-GRU conclusion, current-sim verdict, high-fidelity validation, full ideal driver completion, or level3 self-identification"
m2784_pair_stable_aes_fresh_fault_delay_noise_held_actuator_history_stress_seed_265101,m2784_pair_stable_aes_fresh_fault_delay_noise_held_actuator_history_stress_seed_265101_source,source,runs/m2655_engineering_controller_route_a_source_only_gap_targeted_repair_mitigation_preserving_execution/checkpoints/m2655_mitigation_preserving_actor_head_repair.pt,e6ecf4bc3f273ea8f7bd4149c068708a86c0969a982cac602635339639938b87,de902e8fe83a0904c8c59fcf1ef60e264e1cfaf9524ef1934e629a594da8379c,stable_aes,fresh_fault_delay_noise,held_actuator_history_stress,1,265101,m2779_curriculum_held_actuator_history_stress_stable_aes_fresh_fault_delay_noise,hf0_four_wheel_stable_aes_fixture_fresh_seed_265101_axis_fault_delay_noise,one_warmup_step_held_actuator_history,1,80,80,72,3,True,True,True,True,True,True,True,False,False,running,9.218158484710962,-0.9485588206420554,-0.9485588206420554,False,True,1.724840037214143,0.628963865896826,2.9980794808165214,0.0,1.0,0.0,0.9765514135360718,0.8784307457506657,0.9594769105315208,4.8026802164761335,False,False,True,False,True,False,False,Route A source-only paired closed-loop delta diagnostic preflight only,"validation, ranking, winner selection, checkpoint promotion, success-rate verdict, repair success, driver performance, paper evidence, finite-window-vs-GRU conclusion, current-sim verdict, high-fidelity validation, full ideal driver completion, or level3 self-identification"
m2784_pair_stable_aes_fresh_fault_delay_noise_held_actuator_history_stress_seed_265101,m2784_pair_stable_aes_fresh_fault_delay_noise_held_actuator_history_stress_seed_265101_candidate,candidate,runs/m2782_engineering_controller_route_a_source_only_belief_stress_short_training_continuation_preflight/checkpoints/m2782_belief_stress_short_training_candidate.pt,96944838f1075e6ce6d463f336056f1d81799d7ac69d419ca3a9644582cc0ae8,38cdca17cf4c3936adb0f545be8714ffe431f8574625419455d2acb4b5d3eeae,stable_aes,fresh_fault_delay_noise,held_actuator_history_stress,1,265101,m2779_curriculum_held_actuator_history_stress_stable_aes_fresh_fault_delay_noise,hf0_four_wheel_stable_aes_fixture_fresh_seed_265101_axis_fault_delay_noise,one_warmup_step_held_actuator_history,1,80,80,72,3,True,True,True,True,True,True,True,False,False,running,9.218125576160988,-0.9457280609457612,-0.9457280609457612,False,True,1.7223436951471311,0.6285524342524019,2.9952486773906095,0.0,1.0,0.0,0.9768393039703369,0.8793658502399921,0.9597886204719543,4.804231115010794,False,False,True,False,True,False,False,Route A source-only paired closed-loop delta diagnostic preflight only,"validation, ranking, winner selection, checkpoint promotion, success-rate verdict, repair success, driver performance, paper evidence, finite-window-vs-GRU conclusion, current-sim verdict, high-fidelity validation, full ideal driver completion, or level3 self-identification"
m2784_pair_stable_aes_fresh_fault_delay_noise_held_actuator_history_stress_seed_265102,m2784_pair_stable_aes_fresh_fault_delay_noise_held_actuator_history_stress_seed_265102_source,source,runs/m2655_engineering_controller_route_a_source_only_gap_targeted_repair_mitigation_preserving_execution/checkpoints/m2655_mitigation_preserving_actor_head_repair.pt,e6ecf4bc3f273ea8f7bd4149c068708a86c0969a982cac602635339639938b87,de902e8fe83a0904c8c59fcf1ef60e264e1cfaf9524ef1934e629a594da8379c,stable_aes,fresh_fault_delay_noise,held_actuator_history_stress,2,265102,m2779_curriculum_held_actuator_history_stress_stable_aes_fresh_fault_delay_noise,hf0_four_wheel_stable_aes_fixture_fresh_seed_265102_axis_fault_delay_noise,one_warmup_step_held_actuator_history,1,80,80,72,3,True,True,True,True,True,True,True,False,False,running,8.692452168618189,-0.29060279832638747,-0.29060279832638747,False,True,1.4791742722773524,0.5922122504764324,2.4963968108480104,0.0,1.0,0.0,0.9765419363975525,0.8782151639461517,0.95940505489707,4.526819957787,False,False,True,False,True,False,False,Route A source-only paired closed-loop delta diagnostic preflight only,"validation, ranking, winner selection, checkpoint promotion, success-rate verdict, repair success, driver performance, paper evidence, finite-window-vs-GRU conclusion, current-sim verdict, high-fidelity validation, full ideal driver completion, or level3 self-identification"
m2784_pair_stable_aes_fresh_fault_delay_noise_held_actuator_history_stress_seed_265102,m2784_pair_stable_aes_fresh_fault_delay_noise_held_actuator_history_stress_seed_265102_candidate,candidate,runs/m2782_engineering_controller_route_a_source_only_belief_stress_short_training_continuation_preflight/checkpoints/m2782_belief_stress_short_training_candidate.pt,96944838f1075e6ce6d463f336056f1d81799d7ac69d419ca3a9644582cc0ae8,38cdca17cf4c3936adb0f545be8714ffe431f8574625419455d2acb4b5d3eeae,stable_aes,fresh_fault_delay_noise,held_actuator_history_stress,2,265102,m2779_curriculum_held_actuator_history_stress_stable_aes_fresh_fault_delay_noise,hf0_four_wheel_stable_aes_fixture_fresh_seed_265102_axis_fault_delay_noise,one_warmup_step_held_actuator_history,1,80,80,72,3,True,True,True,True,True,True,True,False,False,running,8.69280499110839,-0.2881548941288252,-0.2881548941288252,False,True,1.476959401587322,0.5920116176234135,2.493948840253902,0.0,1.0,0.0,0.976830005645752,0.8791374415159225,0.9597124814987182,4.528174975223772,False,False,True,False,True,False,False,Route A source-only paired closed-loop delta diagnostic preflight only,"validation, ranking, winner selection, checkpoint promotion, success-rate verdict, repair success, driver performance, paper evidence, finite-window-vs-GRU conclusion, current-sim verdict, high-fidelity validation, full ideal driver completion, or level3 self-identification"
m2784_pair_stable_aes_fresh_fault_delay_noise_held_actuator_history_stress_seed_265103,m2784_pair_stable_aes_fresh_fault_delay_noise_held_actuator_history_stress_seed_265103_source,source,runs/m2655_engineering_controller_route_a_source_only_gap_targeted_repair_mitigation_preserving_execution/checkpoints/m2655_mitigation_preserving_actor_head_repair.pt,e6ecf4bc3f273ea8f7bd4149c068708a86c0969a982cac602635339639938b87,de902e8fe83a0904c8c59fcf1ef60e264e1cfaf9524ef1934e629a594da8379c,stable_aes,fresh_fault_delay_noise,held_actuator_history_stress,3,265103,m2779_curriculum_held_actuator_history_stress_stable_aes_fresh_fault_delay_noise,hf0_four_wheel_stable_aes_fixture_fresh_seed_265103_axis_fault_delay_noise,one_warmup_step_held_actuator_history,1,80,80,72,3,True,True,True,True,True,True,True,False,False,running,6.024713023674397,-0.1377362326169167,-0.1377362326169167,False,True,2.405081330535492,0.4851906508351639,2.2188943449454905,0.0,1.0,0.0,0.9765783548355103,0.8674605183303357,0.9558201700448989,4.27879484451835,False,False,True,False,True,False,False,Route A source-only paired closed-loop delta diagnostic preflight only,"validation, ranking, winner selection, checkpoint promotion, success-rate verdict, repair success, driver performance, paper evidence, finite-window-vs-GRU conclusion, current-sim verdict, high-fidelity validation, full ideal driver completion, or level3 self-identification"
m2784_pair_stable_aes_fresh_fault_delay_noise_held_actuator_history_stress_seed_265103,m2784_pair_stable_aes_fresh_fault_delay_noise_held_actuator_history_stress_seed_265103_candidate,candidate,runs/m2782_engineering_controller_route_a_source_only_belief_stress_short_training_continuation_preflight/checkpoints/m2782_belief_stress_short_training_candidate.pt,96944838f1075e6ce6d463f336056f1d81799d7ac69d419ca3a9644582cc0ae8,38cdca17cf4c3936adb0f545be8714ffe431f8574625419455d2acb4b5d3eeae,stable_aes,fresh_fault_delay_noise,held_actuator_history_stress,3,265103,m2779_curriculum_held_actuator_history_stress_stable_aes_fresh_fault_delay_noise,hf0_four_wheel_stable_aes_fixture_fresh_seed_265103_axis_fault_delay_noise,one_warmup_step_held_actuator_history,1,80,80,72,3,True,True,True,True,True,True,True,False,False,running,6.024219805563685,-0.13522916304163957,-0.13522916304163957,False,True,2.403132826353191,0.48476210606574754,2.21638727960814,0.0,1.0,0.0,0.9768660068511963,0.8683796130120754,0.9561265371739864,4.279966105403586,False,False,True,False,True,False,False,Route A source-only paired closed-loop delta diagnostic preflight only,"validation, ranking, winner selection, checkpoint promotion, success-rate verdict, repair success, driver performance, paper evidence, finite-window-vs-GRU conclusion, current-sim verdict, high-fidelity validation, full ideal driver completion, or level3 self-identification"
m2784_pair_stable_aes_fresh_fault_delay_noise_previous_command_history_stress_seed_265100,m2784_pair_stable_aes_fresh_fault_delay_noise_previous_command_history_stress_seed_265100_source,source,runs/m2655_engineering_controller_route_a_source_only_gap_targeted_repair_mitigation_preserving_execution/checkpoints/m2655_mitigation_preserving_actor_head_repair.pt,e6ecf4bc3f273ea8f7bd4149c068708a86c0969a982cac602635339639938b87,de902e8fe83a0904c8c59fcf1ef60e264e1cfaf9524ef1934e629a594da8379c,stable_aes,fresh_fault_delay_noise,previous_command_history_stress,0,265100,m2779_curriculum_previous_command_history_stress_stable_aes_fresh_fault_delay_noise,hf0_four_wheel_stable_aes_fixture_fresh_seed_265100_axis_fault_delay_noise,zero_previous_command_history,0,80,80,72,3,True,True,True,True,True,True,True,False,False,running,8.497175294984254,-0.5874798191332844,-0.5874798191332844,False,True,2.758039990731951,0.5213548245162599,2.7397912103904125,0.0,1.0,0.0,0.9772025346755981,0.8732940547168255,0.9577646888792515,3.994824521743621,False,False,True,False,True,False,False,Route A source-only paired closed-loop delta diagnostic preflight only,"validation, ranking, winner selection, checkpoint promotion, success-rate verdict, repair success, driver performance, paper evidence, finite-window-vs-GRU conclusion, current-sim verdict, high-fidelity validation, full ideal driver completion, or level3 self-identification"
m2784_pair_stable_aes_fresh_fault_delay_noise_previous_command_history_stress_seed_265100,m2784_pair_stable_aes_fresh_fault_delay_noise_previous_command_history_stress_seed_265100_candidate,candidate,runs/m2782_engineering_controller_route_a_source_only_belief_stress_short_training_continuation_preflight/checkpoints/m2782_belief_stress_short_training_candidate.pt,96944838f1075e6ce6d463f336056f1d81799d7ac69d419ca3a9644582cc0ae8,38cdca17cf4c3936adb0f545be8714ffe431f8574625419455d2acb4b5d3eeae,stable_aes,fresh_fault_delay_noise,previous_command_history_stress,0,265100,m2779_curriculum_previous_command_history_stress_stable_aes_fresh_fault_delay_noise,hf0_four_wheel_stable_aes_fixture_fresh_seed_265100_axis_fault_delay_noise,zero_previous_command_history,0,80,80,72,3,True,True,True,True,True,True,True,False,False,running,8.496774739247844,-0.585144959293491,-0.585144959293491,False,True,2.756055115183382,0.5211426317687384,2.7374563599745954,0.0,1.0,0.0,0.9774826169013977,0.8742000699043274,0.9580666907131672,3.996028847213265,False,False,True,False,True,False,False,Route A source-only paired closed-loop delta diagnostic preflight only,"validation, ranking, winner selection, checkpoint promotion, success-rate verdict, repair success, driver performance, paper evidence, finite-window-vs-GRU conclusion, current-sim verdict, high-fidelity validation, full ideal driver completion, or level3 self-identification"
m2784_pair_stable_aes_fresh_fault_delay_noise_previous_command_history_stress_seed_265101,m2784_pair_stable_aes_fresh_fault_delay_noise_previous_command_history_stress_seed_265101_source,source,runs/m2655_engineering_controller_route_a_source_only_gap_targeted_repair_mitigation_preserving_execution/checkpoints/m2655_mitigation_preserving_actor_head_repair.pt,e6ecf4bc3f273ea8f7bd4149c068708a86c0969a982cac602635339639938b87,de902e8fe83a0904c8c59fcf1ef60e264e1cfaf9524ef1934e629a594da8379c,stable_aes,fresh_fault_delay_noise,previous_command_history_stress,1,265101,m2779_curriculum_previous_command_history_stress_stable_aes_fresh_fault_delay_noise,hf0_four_wheel_stable_aes_fixture_fresh_seed_265101_axis_fault_delay_noise,zero_previous_command_history,0,80,80,72,3,True,True,True,True,True,True,True,False,False,running,9.379652783897427,-0.8882229670777373,-0.8882229670777373,False,True,1.7119665588114594,0.6278457231537676,2.937731640748796,0.0,1.0,0.0,0.9774733781814575,0.8813453368842602,0.9604484483599662,4.793912184604792,False,False,True,False,True,False,False,Route A source-only paired closed-loop delta diagnostic preflight only,"validation, ranking, winner selection, checkpoint promotion, success-rate verdict, repair success, driver performance, paper evidence, finite-window-vs-GRU conclusion, current-sim verdict, high-fidelity validation, full ideal driver completion, or level3 self-identification"
m2784_pair_stable_aes_fresh_fault_delay_noise_previous_command_history_stress_seed_265101,m2784_pair_stable_aes_fresh_fault_delay_noise_previous_command_history_stress_seed_265101_candidate,candidate,runs/m2782_engineering_controller_route_a_source_only_belief_stress_short_training_continuation_preflight/checkpoints/m2782_belief_stress_short_training_candidate.pt,96944838f1075e6ce6d463f336056f1d81799d7ac69d419ca3a9644582cc0ae8,38cdca17cf4c3936adb0f545be8714ffe431f8574625419455d2acb4b5d3eeae,stable_aes,fresh_fault_delay_noise,previous_command_history_stress,1,265101,m2779_curriculum_previous_command_history_stress_stable_aes_fresh_fault_delay_noise,hf0_four_wheel_stable_aes_fixture_fresh_seed_265101_axis_fault_delay_noise,zero_previous_command_history,0,80,80,72,3,True,True,True,True,True,True,True,False,False,running,9.379682888071384,-0.8855003311509102,-0.8855003311509102,False,True,1.7095155541305604,0.6274705174089316,2.935008960612484,0.0,1.0,0.0,0.9777501821517944,0.8822635538876057,0.9607545182108879,4.795434169725924,False,False,True,False,True,False,False,Route A source-only paired closed-loop delta diagnostic preflight only,"validation, ranking, winner selection, checkpoint promotion, success-rate verdict, repair success, driver performance, paper evidence, finite-window-vs-GRU conclusion, current-sim verdict, high-fidelity validation, full ideal driver completion, or level3 self-identification"
m2784_pair_stable_aes_fresh_fault_delay_noise_previous_command_history_stress_seed_265102,m2784_pair_stable_aes_fresh_fault_delay_noise_previous_command_history_stress_seed_265102_source,source,runs/m2655_engineering_controller_route_a_source_only_gap_targeted_repair_mitigation_preserving_execution/checkpoints/m2655_mitigation_preserving_actor_head_repair.pt,e6ecf4bc3f273ea8f7bd4149c068708a86c0969a982cac602635339639938b87,de902e8fe83a0904c8c59fcf1ef60e264e1cfaf9524ef1934e629a594da8379c,stable_aes,fresh_fault_delay_noise,previous_command_history_stress,2,265102,m2779_curriculum_previous_command_history_stress_stable_aes_fresh_fault_delay_noise,hf0_four_wheel_stable_aes_fixture_fresh_seed_265102_axis_fault_delay_noise,zero_previous_command_history,0,80,80,72,3,True,True,True,True,True,True,True,False,False,running,8.857300003232574,-0.22440854073066419,-0.22440854073066419,False,True,1.4595933549736848,0.589871110237225,2.4301857823813227,0.0,1.0,0.0,0.9774333834648132,0.8815202496945858,0.9605067513883114,4.5262984615241875,False,False,True,False,True,False,False,Route A source-only paired closed-loop delta diagnostic preflight only,"validation, ranking, winner selection, checkpoint promotion, success-rate verdict, repair success, driver performance, paper evidence, finite-window-vs-GRU conclusion, current-sim verdict, high-fidelity validation, full ideal driver completion, or level3 self-identification"
m2784_pair_stable_aes_fresh_fault_delay_noise_previous_command_history_stress_seed_265102,m2784_pair_stable_aes_fresh_fault_delay_noise_previous_command_history_stress_seed_265102_candidate,candidate,runs/m2782_engineering_controller_route_a_source_only_belief_stress_short_training_continuation_preflight/checkpoints/m2782_belief_stress_short_training_candidate.pt,96944838f1075e6ce6d463f336056f1d81799d7ac69d419ca3a9644582cc0ae8,38cdca17cf4c3936adb0f545be8714ffe431f8574625419455d2acb4b5d3eeae,stable_aes,fresh_fault_delay_noise,previous_command_history_stress,2,265102,m2779_curriculum_previous_command_history_stress_stable_aes_fresh_fault_delay_noise,hf0_four_wheel_stable_aes_fixture_fresh_seed_265102_axis_fault_delay_noise,zero_previous_command_history,0,80,80,72,3,True,True,True,True,True,True,True,False,False,running,8.857698314057352,-0.22206827541772656,-0.22206827541772656,False,True,1.457420235249004,0.5894667115480884,2.4278454500470272,0.0,1.0,0.0,0.9777106642723083,0.8824253484606743,0.960808451473713,4.527627107364429,False,False,True,False,True,False,False,Route A source-only paired closed-loop delta diagnostic preflight only,"validation, ranking, winner selection, checkpoint promotion, success-rate verdict, repair success, driver performance, paper evidence, finite-window-vs-GRU conclusion, current-sim verdict, high-fidelity validation, full ideal driver completion, or level3 self-identification"
m2784_pair_stable_aes_fresh_fault_delay_noise_previous_command_history_stress_seed_265103,m2784_pair_stable_aes_fresh_fault_delay_noise_previous_command_history_stress_seed_265103_source,source,runs/m2655_engineering_controller_route_a_source_only_gap_targeted_repair_mitigation_preserving_execution/checkpoints/m2655_mitigation_preserving_actor_head_repair.pt,e6ecf4bc3f273ea8f7bd4149c068708a86c0969a982cac602635339639938b87,de902e8fe83a0904c8c59fcf1ef60e264e1cfaf9524ef1934e629a594da8379c,stable_aes,fresh_fault_delay_noise,previous_command_history_stress,3,265103,m2779_curriculum_previous_command_history_stress_stable_aes_fresh_fault_delay_noise,hf0_four_wheel_stable_aes_fixture_fresh_seed_265103_axis_fault_delay_noise,zero_previous_command_history,0,80,80,72,3,True,True,True,True,True,True,True,False,False,running,6.204930606214983,-0.10093340227437375,-0.10093340227437375,False,True,2.388966497759014,0.48350808827383607,2.1820963345521696,0.0,1.0,0.0,0.9772637486457825,0.871037819981575,0.9570126034319401,4.269616388673152,False,False,True,False,True,False,False,Route A source-only paired closed-loop delta diagnostic preflight only,"validation, ranking, winner selection, checkpoint promotion, success-rate verdict, repair success, driver performance, paper evidence, finite-window-vs-GRU conclusion, current-sim verdict, high-fidelity validation, full ideal driver completion, or level3 self-identification"
m2784_pair_stable_aes_fresh_fault_delay_noise_previous_command_history_stress_seed_265103,m2784_pair_stable_aes_fresh_fault_delay_noise_previous_command_history_stress_seed_265103_candidate,candidate,runs/m2782_engineering_controller_route_a_source_only_belief_stress_short_training_continuation_preflight/checkpoints/m2782_belief_stress_short_training_candidate.pt,96944838f1075e6ce6d463f336056f1d81799d7ac69d419ca3a9644582cc0ae8,38cdca17cf4c3936adb0f545be8714ffe431f8574625419455d2acb4b5d3eeae,stable_aes,fresh_fault_delay_noise,previous_command_history_stress,3,265103,m2779_curriculum_previous_command_history_stress_stable_aes_fresh_fault_delay_noise,hf0_four_wheel_stable_aes_fixture_fresh_seed_265103_axis_fault_delay_noise,zero_previous_command_history,0,80,80,72,3,True,True,True,True,True,True,True,False,False,running,6.204491216796926,-0.09849058128068044,-0.09849058128068044,False,True,2.387022148345867,0.4831305225130826,2.179653517876455,0.0,1.0,0.0,0.9775431156158447,0.871950276196003,0.9573167592287064,4.270781565852962,False,False,True,False,True,False,False,Route A source-only paired closed-loop delta diagnostic preflight only,"validation, ranking, winner selection, checkpoint promotion, success-rate verdict, repair success, driver performance, paper evidence, finite-window-vs-GRU conclusion, current-sim verdict, high-fidelity validation, full ideal driver completion, or level3 self-identification"
m2784_pair_stable_aes_fresh_fault_delay_noise_recurrent_hidden_reset_stress_seed_265100,m2784_pair_stable_aes_fresh_fault_delay_noise_recurrent_hidden_reset_stress_seed_265100_source,source,runs/m2655_engineering_controller_route_a_source_only_gap_targeted_repair_mitigation_preserving_execution/checkpoints/m2655_mitigation_preserving_actor_head_repair.pt,e6ecf4bc3f273ea8f7bd4149c068708a86c0969a982cac602635339639938b87,de902e8fe83a0904c8c59fcf1ef60e264e1cfaf9524ef1934e629a594da8379c,stable_aes,fresh_fault_delay_noise,recurrent_hidden_reset_stress,0,265100,m2779_curriculum_recurrent_hidden_reset_stress_stable_aes_fresh_fault_delay_noise,hf0_four_wheel_stable_aes_fixture_fresh_seed_265100_axis_fault_delay_noise,reset_actor_state_before_action,0,80,80,72,3,True,True,True,True,True,True,True,False,False,running,8.497175294984254,-0.5874798191332844,-0.5874798191332844,False,True,2.758039990731951,0.5213548245162599,2.7397912103904125,0.0,1.0,0.0,0.9772025346755981,0.8732940547168255,0.9577646888792515,3.994824521743621,False,False,True,False,True,False,False,Route A source-only paired closed-loop delta diagnostic preflight only,"validation, ranking, winner selection, checkpoint promotion, success-rate verdict, repair success, driver performance, paper evidence, finite-window-vs-GRU conclusion, current-sim verdict, high-fidelity validation, full ideal driver completion, or level3 self-identification"
m2784_pair_stable_aes_fresh_fault_delay_noise_recurrent_hidden_reset_stress_seed_265100,m2784_pair_stable_aes_fresh_fault_delay_noise_recurrent_hidden_reset_stress_seed_265100_candidate,candidate,runs/m2782_engineering_controller_route_a_source_only_belief_stress_short_training_continuation_preflight/checkpoints/m2782_belief_stress_short_training_candidate.pt,96944838f1075e6ce6d463f336056f1d81799d7ac69d419ca3a9644582cc0ae8,38cdca17cf4c3936adb0f545be8714ffe431f8574625419455d2acb4b5d3eeae,stable_aes,fresh_fault_delay_noise,recurrent_hidden_reset_stress,0,265100,m2779_curriculum_recurrent_hidden_reset_stress_stable_aes_fresh_fault_delay_noise,hf0_four_wheel_stable_aes_fixture_fresh_seed_265100_axis_fault_delay_noise,reset_actor_state_before_action,0,80,80,72,3,True,True,True,True,True,True,True,False,False,running,8.496774739247844,-0.585144959293491,-0.585144959293491,False,True,2.756055115183382,0.5211426317687384,2.7374563599745954,0.0,1.0,0.0,0.9774826169013977,0.8742000699043274,0.9580666907131672,3.996028847213265,False,False,True,False,True,False,False,Route A source-only paired closed-loop delta diagnostic preflight only,"validation, ranking, winner selection, checkpoint promotion, success-rate verdict, repair success, driver performance, paper evidence, finite-window-vs-GRU conclusion, current-sim verdict, high-fidelity validation, full ideal driver completion, or level3 self-identification"
m2784_pair_stable_aes_fresh_fault_delay_noise_recurrent_hidden_reset_stress_seed_265101,m2784_pair_stable_aes_fresh_fault_delay_noise_recurrent_hidden_reset_stress_seed_265101_source,source,runs/m2655_engineering_controller_route_a_source_only_gap_targeted_repair_mitigation_preserving_execution/checkpoints/m2655_mitigation_preserving_actor_head_repair.pt,e6ecf4bc3f273ea8f7bd4149c068708a86c0969a982cac602635339639938b87,de902e8fe83a0904c8c59fcf1ef60e264e1cfaf9524ef1934e629a594da8379c,stable_aes,fresh_fault_delay_noise,recurrent_hidden_reset_stress,1,265101,m2779_curriculum_recurrent_hidden_reset_stress_stable_aes_fresh_fault_delay_noise,hf0_four_wheel_stable_aes_fixture_fresh_seed_265101_axis_fault_delay_noise,reset_actor_state_before_action,0,80,80,72,3,True,True,True,True,True,True,True,False,False,running,9.379652783897427,-0.8882229670777373,-0.8882229670777373,False,True,1.7119665588114594,0.6278457231537676,2.937731640748796,0.0,1.0,0.0,0.9774733781814575,0.8813453368842602,0.9604484483599662,4.793912184604792,False,False,True,False,True,False,False,Route A source-only paired closed-loop delta diagnostic preflight only,"validation, ranking, winner selection, checkpoint promotion, success-rate verdict, repair success, driver performance, paper evidence, finite-window-vs-GRU conclusion, current-sim verdict, high-fidelity validation, full ideal driver completion, or level3 self-identification"
m2784_pair_stable_aes_fresh_fault_delay_noise_recurrent_hidden_reset_stress_seed_265101,m2784_pair_stable_aes_fresh_fault_delay_noise_recurrent_hidden_reset_stress_seed_265101_candidate,candidate,runs/m2782_engineering_controller_route_a_source_only_belief_stress_short_training_continuation_preflight/checkpoints/m2782_belief_stress_short_training_candidate.pt,96944838f1075e6ce6d463f336056f1d81799d7ac69d419ca3a9644582cc0ae8,38cdca17cf4c3936adb0f545be8714ffe431f8574625419455d2acb4b5d3eeae,stable_aes,fresh_fault_delay_noise,recurrent_hidden_reset_stress,1,265101,m2779_curriculum_recurrent_hidden_reset_stress_stable_aes_fresh_fault_delay_noise,hf0_four_wheel_stable_aes_fixture_fresh_seed_265101_axis_fault_delay_noise,reset_actor_state_before_action,0,80,80,72,3,True,True,True,True,True,True,True,False,False,running,9.379682888071384,-0.8855003311509102,-0.8855003311509102,False,True,1.7095155541305604,0.6274705174089316,2.935008960612484,0.0,1.0,0.0,0.9777501821517944,0.8822635538876057,0.9607545182108879,4.795434169725924,False,False,True,False,True,False,False,Route A source-only paired closed-loop delta diagnostic preflight only,"validation, ranking, winner selection, checkpoint promotion, success-rate verdict, repair success, driver performance, paper evidence, finite-window-vs-GRU conclusion, current-sim verdict, high-fidelity validation, full ideal driver completion, or level3 self-identification"
m2784_pair_stable_aes_fresh_fault_delay_noise_recurrent_hidden_reset_stress_seed_265102,m2784_pair_stable_aes_fresh_fault_delay_noise_recurrent_hidden_reset_stress_seed_265102_source,source,runs/m2655_engineering_controller_route_a_source_only_gap_targeted_repair_mitigation_preserving_execution/checkpoints/m2655_mitigation_preserving_actor_head_repair.pt,e6ecf4bc3f273ea8f7bd4149c068708a86c0969a982cac602635339639938b87,de902e8fe83a0904c8c59fcf1ef60e264e1cfaf9524ef1934e629a594da8379c,stable_aes,fresh_fault_delay_noise,recurrent_hidden_reset_stress,2,265102,m2779_curriculum_recurrent_hidden_reset_stress_stable_aes_fresh_fault_delay_noise,hf0_four_wheel_stable_aes_fixture_fresh_seed_265102_axis_fault_delay_noise,reset_actor_state_before_action,0,80,80,72,3,True,True,True,True,True,True,True,False,False,running,8.857300003232574,-0.22440854073066419,-0.22440854073066419,False,True,1.4595933549736848,0.589871110237225,2.4301857823813227,0.0,1.0,0.0,0.9774333834648132,0.8815202496945858,0.9605067513883114,4.5262984615241875,False,False,True,False,True,False,False,Route A source-only paired closed-loop delta diagnostic preflight only,"validation, ranking, winner selection, checkpoint promotion, success-rate verdict, repair success, driver performance, paper evidence, finite-window-vs-GRU conclusion, current-sim verdict, high-fidelity validation, full ideal driver completion, or level3 self-identification"
m2784_pair_stable_aes_fresh_fault_delay_noise_recurrent_hidden_reset_stress_seed_265102,m2784_pair_stable_aes_fresh_fault_delay_noise_recurrent_hidden_reset_stress_seed_265102_candidate,candidate,runs/m2782_engineering_controller_route_a_source_only_belief_stress_short_training_continuation_preflight/checkpoints/m2782_belief_stress_short_training_candidate.pt,96944838f1075e6ce6d463f336056f1d81799d7ac69d419ca3a9644582cc0ae8,38cdca17cf4c3936adb0f545be8714ffe431f8574625419455d2acb4b5d3eeae,stable_aes,fresh_fault_delay_noise,recurrent_hidden_reset_stress,2,265102,m2779_curriculum_recurrent_hidden_reset_stress_stable_aes_fresh_fault_delay_noise,hf0_four_wheel_stable_aes_fixture_fresh_seed_265102_axis_fault_delay_noise,reset_actor_state_before_action,0,80,80,72,3,True,True,True,True,True,True,True,False,False,running,8.857698314057352,-0.22206827541772656,-0.22206827541772656,False,True,1.457420235249004,0.5894667115480884,2.4278454500470272,0.0,1.0,0.0,0.9777106642723083,0.8824253484606743,0.960808451473713,4.527627107364429,False,False,True,False,True,False,False,Route A source-only paired closed-loop delta diagnostic preflight only,"validation, ranking, winner selection, checkpoint promotion, success-rate verdict, repair success, driver performance, paper evidence, finite-window-vs-GRU conclusion, current-sim verdict, high-fidelity validation, full ideal driver completion, or level3 self-identification"
m2784_pair_stable_aes_fresh_fault_delay_noise_recurrent_hidden_reset_stress_seed_265103,m2784_pair_stable_aes_fresh_fault_delay_noise_recurrent_hidden_reset_stress_seed_265103_source,source,runs/m2655_engineering_controller_route_a_source_only_gap_targeted_repair_mitigation_preserving_execution/checkpoints/m2655_mitigation_preserving_actor_head_repair.pt,e6ecf4bc3f273ea8f7bd4149c068708a86c0969a982cac602635339639938b87,de902e8fe83a0904c8c59fcf1ef60e264e1cfaf9524ef1934e629a594da8379c,stable_aes,fresh_fault_delay_noise,recurrent_hidden_reset_stress,3,265103,m2779_curriculum_recurrent_hidden_reset_stress_stable_aes_fresh_fault_delay_noise,hf0_four_wheel_stable_aes_fixture_fresh_seed_265103_axis_fault_delay_noise,reset_actor_state_before_action,0,80,80,72,3,True,True,True,True,True,True,True,False,False,running,6.204930606214983,-0.10093340227437375,-0.10093340227437375,False,True,2.388966497759014,0.48350808827383607,2.1820963345521696,0.0,1.0,0.0,0.9772637486457825,0.871037819981575,0.9570126034319401,4.269616388673152,False,False,True,False,True,False,False,Route A source-only paired closed-loop delta diagnostic preflight only,"validation, ranking, winner selection, checkpoint promotion, success-rate verdict, repair success, driver performance, paper evidence, finite-window-vs-GRU conclusion, current-sim verdict, high-fidelity validation, full ideal driver completion, or level3 self-identification"
m2784_pair_stable_aes_fresh_fault_delay_noise_recurrent_hidden_reset_stress_seed_265103,m2784_pair_stable_aes_fresh_fault_delay_noise_recurrent_hidden_reset_stress_seed_265103_candidate,candidate,runs/m2782_engineering_controller_route_a_source_only_belief_stress_short_training_continuation_preflight/checkpoints/m2782_belief_stress_short_training_candidate.pt,96944838f1075e6ce6d463f336056f1d81799d7ac69d419ca3a9644582cc0ae8,38cdca17cf4c3936adb0f545be8714ffe431f8574625419455d2acb4b5d3eeae,stable_aes,fresh_fault_delay_noise,recurrent_hidden_reset_stress,3,265103,m2779_curriculum_recurrent_hidden_reset_stress_stable_aes_fresh_fault_delay_noise,hf0_four_wheel_stable_aes_fixture_fresh_seed_265103_axis_fault_delay_noise,reset_actor_state_before_action,0,80,80,72,3,True,True,True,True,True,True,True,False,False,running,6.204491216796926,-0.09849058128068044,-0.09849058128068044,False,True,2.387022148345867,0.4831305225130826,2.179653517876455,0.0,1.0,0.0,0.9775431156158447,0.871950276196003,0.9573167592287064,4.270781565852962,False,False,True,False,True,False,False,Route A source-only paired closed-loop delta diagnostic preflight only,"validation, ranking, winner selection, checkpoint promotion, success-rate verdict, repair success, driver performance, paper evidence, finite-window-vs-GRU conclusion, current-sim verdict, high-fidelity validation, full ideal driver completion, or level3 self-identification"
m2784_pair_stable_aes_fresh_nominal_or_role_default_held_actuator_history_stress_seed_265100,m2784_pair_stable_aes_fresh_nominal_or_role_default_held_actuator_history_stress_seed_265100_source,source,runs/m2655_engineering_controller_route_a_source_only_gap_targeted_repair_mitigation_preserving_execution/checkpoints/m2655_mitigation_preserving_actor_head_repair.pt,e6ecf4bc3f273ea8f7bd4149c068708a86c0969a982cac602635339639938b87,de902e8fe83a0904c8c59fcf1ef60e264e1cfaf9524ef1934e629a594da8379c,stable_aes,fresh_nominal_or_role_default,held_actuator_history_stress,0,265100,m2779_curriculum_held_actuator_history_stress_stable_aes_fresh_nominal_or_role_default,hf0_four_wheel_stable_aes_fixture_fresh_seed_265100_axis_nominal,one_warmup_step_held_actuator_history,1,80,80,72,3,True,True,True,True,True,True,True,False,False,running,9.926380561330266,-0.8367950250204856,-0.8367950250204856,False,True,1.233675197148573,0.6221617959186908,2.9892023287652005,0.0,1.0,0.0,0.9756906628608704,0.8750124916434288,0.9583374932408333,4.986919020723666,False,False,True,False,True,False,False,Route A source-only paired closed-loop delta diagnostic preflight only,"validation, ranking, winner selection, checkpoint promotion, success-rate verdict, repair success, driver performance, paper evidence, finite-window-vs-GRU conclusion, current-sim verdict, high-fidelity validation, full ideal driver completion, or level3 self-identification"
m2784_pair_stable_aes_fresh_nominal_or_role_default_held_actuator_history_stress_seed_265100,m2784_pair_stable_aes_fresh_nominal_or_role_default_held_actuator_history_stress_seed_265100_candidate,candidate,runs/m2782_engineering_controller_route_a_source_only_belief_stress_short_training_continuation_preflight/checkpoints/m2782_belief_stress_short_training_candidate.pt,96944838f1075e6ce6d463f336056f1d81799d7ac69d419ca3a9644582cc0ae8,38cdca17cf4c3936adb0f545be8714ffe431f8574625419455d2acb4b5d3eeae,stable_aes,fresh_nominal_or_role_default,held_actuator_history_stress,0,265100,m2779_curriculum_held_actuator_history_stress_stable_aes_fresh_nominal_or_role_default,hf0_four_wheel_stable_aes_fixture_fresh_seed_265100_axis_nominal,one_warmup_step_held_actuator_history,1,80,80,72,3,True,True,True,True,True,True,True,False,False,running,9.926452372325487,-0.8339416583427468,-0.8339416583427468,False,True,1.2312004369259266,0.6217053356848584,2.9863490111803204,0.0,1.0,0.0,0.9759889841079712,0.8759606219828129,0.958653537184,4.98844661260735,False,False,True,False,True,False,False,Route A source-only paired closed-loop delta diagnostic preflight only,"validation, ranking, winner selection, checkpoint promotion, success-rate verdict, repair success, driver performance, paper evidence, finite-window-vs-GRU conclusion, current-sim verdict, high-fidelity validation, full ideal driver completion, or level3 self-identification"
m2784_pair_stable_aes_fresh_nominal_or_role_default_held_actuator_history_stress_seed_265101,m2784_pair_stable_aes_fresh_nominal_or_role_default_held_actuator_history_stress_seed_265101_source,source,runs/m2655_engineering_controller_route_a_source_only_gap_targeted_repair_mitigation_preserving_execution/checkpoints/m2655_mitigation_preserving_actor_head_repair.pt,e6ecf4bc3f273ea8f7bd4149c068708a86c0969a982cac602635339639938b87,de902e8fe83a0904c8c59fcf1ef60e264e1cfaf9524ef1934e629a594da8379c,stable_aes,fresh_nominal_or_role_default,held_actuator_history_stress,1,265101,m2779_curriculum_held_actuator_history_stress_stable_aes_fresh_nominal_or_role_default,hf0_four_wheel_stable_aes_fixture_fresh_seed_265101_axis_nominal,one_warmup_step_held_actuator_history,1,80,80,72,3,True,True,True,True,True,True,True,False,False,running,9.360669123015493,-0.8627541781308761,-0.8627541781308761,False,True,1.476270273950333,0.623568599449901,2.9122637536983804,0.0,1.0,0.0,0.9764594435691833,0.878121979534626,0.9593739926815033,4.953209252195926,False,False,True,False,True,False,False,Route A source-only paired closed-loop delta diagnostic preflight only,"validation, ranking, winner selection, checkpoint promotion, success-rate verdict, repair success, driver performance, paper evidence, finite-window-vs-GRU conclusion, current-sim verdict, high-fidelity validation, full ideal driver completion, or level3 self-identification"
m2784_pair_stable_aes_fresh_nominal_or_role_default_held_actuator_history_stress_seed_265101,m2784_pair_stable_aes_fresh_nominal_or_role_default_held_actuator_history_stress_seed_265101_candidate,candidate,runs/m2782_engineering_controller_route_a_source_only_belief_stress_short_training_continuation_preflight/checkpoints/m2782_belief_stress_short_training_candidate.pt,96944838f1075e6ce6d463f336056f1d81799d7ac69d419ca3a9644582cc0ae8,38cdca17cf4c3936adb0f545be8714ffe431f8574625419455d2acb4b5d3eeae,stable_aes,fresh_nominal_or_role_default,held_actuator_history_stress,1,265101,m2779_curriculum_held_actuator_history_stress_stable_aes_fresh_nominal_or_role_default,hf0_four_wheel_stable_aes_fixture_fresh_seed_265101_axis_nominal,one_warmup_step_held_actuator_history,1,80,80,72,3,True,True,True,True,True,True,True,False,False,running,9.360772239332064,-0.8601172616733064,-0.8601172616733064,False,True,1.473911007779544,0.6234093238316566,2.9096267898102415,0.0,1.0,0.0,0.976748526096344,0.8790621280670166,0.9596873790025711,4.95466487160345,False,False,True,False,True,False,False,Route A source-only paired closed-loop delta diagnostic preflight only,"validation, ranking, winner selection, checkpoint promotion, success-rate verdict, repair success, driver performance, paper evidence, finite-window-vs-GRU conclusion, current-sim verdict, high-fidelity validation, full ideal driver completion, or level3 self-identification"
m2784_pair_stable_aes_fresh_nominal_or_role_default_held_actuator_history_stress_seed_265102,m2784_pair_stable_aes_fresh_nominal_or_role_default_held_actuator_history_stress_seed_265102_source,source,runs/m2655_engineering_controller_route_a_source_only_gap_targeted_repair_mitigation_preserving_execution/checkpoints/m2655_mitigation_preserving_actor_head_repair.pt,e6ecf4bc3f273ea8f7bd4149c068708a86c0969a982cac602635339639938b87,de902e8fe83a0904c8c59fcf1ef60e264e1cfaf9524ef1934e629a594da8379c,stable_aes,fresh_nominal_or_role_default,held_actuator_history_stress,2,265102,m2779_curriculum_held_actuator_history_stress_stable_aes_fresh_nominal_or_role_default,hf0_four_wheel_stable_aes_fixture_fresh_seed_265102_axis_nominal,one_warmup_step_held_actuator_history,1,80,80,72,3,True,True,True,True,True,True,True,False,False,running,9.349178577660574,-0.5346052887869295,-0.5346052887869295,False,True,0.9895299643518957,0.690239099831814,2.740339142621702,0.0,1.0,0.0,0.9763180017471313,0.8841777555644512,0.9613925851881504,4.868979215480812,False,False,True,False,True,False,False,Route A source-only paired closed-loop delta diagnostic preflight only,"validation, ranking, winner selection, checkpoint promotion, success-rate verdict, repair success, driver performance, paper evidence, finite-window-vs-GRU conclusion, current-sim verdict, high-fidelity validation, full ideal driver completion, or level3 self-identification"
m2784_pair_stable_aes_fresh_nominal_or_role_default_held_actuator_history_stress_seed_265102,m2784_pair_stable_aes_fresh_nominal_or_role_default_held_actuator_history_stress_seed_265102_candidate,candidate,runs/m2782_engineering_controller_route_a_source_only_belief_stress_short_training_continuation_preflight/checkpoints/m2782_belief_stress_short_training_candidate.pt,96944838f1075e6ce6d463f336056f1d81799d7ac69d419ca3a9644582cc0ae8,38cdca17cf4c3936adb0f545be8714ffe431f8574625419455d2acb4b5d3eeae,stable_aes,fresh_nominal_or_role_default,held_actuator_history_stress,2,265102,m2779_curriculum_held_actuator_history_stress_stable_aes_fresh_nominal_or_role_default,hf0_four_wheel_stable_aes_fixture_fresh_seed_265102_axis_nominal,one_warmup_step_held_actuator_history,1,80,80,72,3,True,True,True,True,True,True,True,False,False,running,9.349861527286311,-0.5320167685879156,-0.5320167685879156,False,True,0.987086615567464,0.689979597353958,2.7377505178637813,0.0,1.0,0.0,0.9766087532043457,0.8851218536496163,0.9617072813212871,4.870488226873158,False,False,True,False,True,False,False,Route A source-only paired closed-loop delta diagnostic preflight only,"validation, ranking, winner selection, checkpoint promotion, success-rate verdict, repair success, driver performance, paper evidence, finite-window-vs-GRU conclusion, current-sim verdict, high-fidelity validation, full ideal driver completion, or level3 self-identification"
m2784_pair_stable_aes_fresh_nominal_or_role_default_held_actuator_history_stress_seed_265103,m2784_pair_stable_aes_fresh_nominal_or_role_default_held_actuator_history_stress_seed_265103_source,source,runs/m2655_engineering_controller_route_a_source_only_gap_targeted_repair_mitigation_preserving_execution/checkpoints/m2655_mitigation_preserving_actor_head_repair.pt,e6ecf4bc3f273ea8f7bd4149c068708a86c0969a982cac602635339639938b87,de902e8fe83a0904c8c59fcf1ef60e264e1cfaf9524ef1934e629a594da8379c,stable_aes,fresh_nominal_or_role_default,held_actuator_history_stress,3,265103,m2779_curriculum_held_actuator_history_stress_stable_aes_fresh_nominal_or_role_default,hf0_four_wheel_stable_aes_fixture_fresh_seed_265103_axis_nominal,one_warmup_step_held_actuator_history,1,80,80,72,3,True,True,True,True,True,True,True,False,False,running,7.350528520124215,-0.4925270264898911,-0.4925270264898911,False,True,1.2768136781655197,0.5969471151186785,2.5737165185129323,0.0,1.0,0.0,0.9762967824935913,0.8763490281999111,0.9587830074131489,5.01751434234704,False,False,True,False,True,False,False,Route A source-only paired closed-loop delta diagnostic preflight only,"validation, ranking, winner selection, checkpoint promotion, success-rate verdict, repair success, driver performance, paper evidence, finite-window-vs-GRU conclusion, current-sim verdict, high-fidelity validation, full ideal driver completion, or level3 self-identification"
m2784_pair_stable_aes_fresh_nominal_or_role_default_held_actuator_history_stress_seed_265103,m2784_pair_stable_aes_fresh_nominal_or_role_default_held_actuator_history_stress_seed_265103_candidate,candidate,runs/m2782_engineering_controller_route_a_source_only_belief_stress_short_training_continuation_preflight/checkpoints/m2782_belief_stress_short_training_candidate.pt,96944838f1075e6ce6d463f336056f1d81799d7ac69d419ca3a9644582cc0ae8,38cdca17cf4c3936adb0f545be8714ffe431f8574625419455d2acb4b5d3eeae,stable_aes,fresh_nominal_or_role_default,held_actuator_history_stress,3,265103,m2779_curriculum_held_actuator_history_stress_stable_aes_fresh_nominal_or_role_default,hf0_four_wheel_stable_aes_fixture_fresh_seed_265103_axis_nominal,one_warmup_step_held_actuator_history,1,80,80,72,3,True,True,True,True,True,True,True,False,False,running,7.350486518113259,-0.48977092114600707,-0.48977092114600707,False,True,1.2743940992152434,0.5967484446463054,2.570960430622931,0.0,1.0,0.0,0.9765878319740295,0.877288032323122,0.959096011519432,5.0190023350054584,False,False,True,False,True,False,False,Route A source-only paired closed-loop delta diagnostic preflight only,"validation, ranking, winner selection, checkpoint promotion, success-rate verdict, repair success, driver performance, paper evidence, finite-window-vs-GRU conclusion, current-sim verdict, high-fidelity validation, full ideal driver completion, or level3 self-identification"
m2784_pair_stable_aes_fresh_nominal_or_role_default_previous_command_history_stress_seed_265100,m2784_pair_stable_aes_fresh_nominal_or_role_default_previous_command_history_stress_seed_265100_source,source,runs/m2655_engineering_controller_route_a_source_only_gap_targeted_repair_mitigation_preserving_execution/checkpoints/m2655_mitigation_preserving_actor_head_repair.pt,e6ecf4bc3f273ea8f7bd4149c068708a86c0969a982cac602635339639938b87,de902e8fe83a0904c8c59fcf1ef60e264e1cfaf9524ef1934e629a594da8379c,stable_aes,fresh_nominal_or_role_default,previous_command_history_stress,0,265100,m2779_curriculum_previous_command_history_stress_stable_aes_fresh_nominal_or_role_default,hf0_four_wheel_stable_aes_fixture_fresh_seed_265100_axis_nominal,zero_previous_command_history,0,80,80,72,3,True,True,True,True,True,True,True,False,False,running,10.085259288902982,-0.7589607192338916,-0.7589607192338916,False,True,1.2137862681683378,0.6205449242311624,2.911380268379335,0.0,1.0,0.0,0.9769978523254395,0.8785417765378952,0.9595139294862747,4.9868708635052075,False,False,True,False,True,False,False,Route A source-only paired closed-loop delta diagnostic preflight only,"validation, ranking, winner selection, checkpoint promotion, success-rate verdict, repair success, driver performance, paper evidence, finite-window-vs-GRU conclusion, current-sim verdict, high-fidelity validation, full ideal driver completion, or level3 self-identification"
m2784_pair_stable_aes_fresh_nominal_or_role_default_previous_command_history_stress_seed_265100,m2784_pair_stable_aes_fresh_nominal_or_role_default_previous_command_history_stress_seed_265100_candidate,candidate,runs/m2782_engineering_controller_route_a_source_only_belief_stress_short_training_continuation_preflight/checkpoints/m2782_belief_stress_short_training_candidate.pt,96944838f1075e6ce6d463f336056f1d81799d7ac69d419ca3a9644582cc0ae8,38cdca17cf4c3936adb0f545be8714ffe431f8574625419455d2acb4b5d3eeae,stable_aes,fresh_nominal_or_role_default,previous_command_history_stress,0,265100,m2779_curriculum_previous_command_history_stress_stable_aes_fresh_nominal_or_role_default,hf0_four_wheel_stable_aes_fixture_fresh_seed_265100_axis_nominal,zero_previous_command_history,0,80,80,72,3,True,True,True,True,True,True,True,False,False,running,10.08540485262419,-0.7562846907668304,-0.7562846907668304,False,True,1.2113872506902144,0.6201487840982358,2.908704289196778,0.0,1.0,0.0,0.9772803783416748,0.8794701106846332,0.9598233707249164,4.988353839468521,False,False,True,False,True,False,False,Route A source-only paired closed-loop delta diagnostic preflight only,"validation, ranking, winner selection, checkpoint promotion, success-rate verdict, repair success, driver performance, paper evidence, finite-window-vs-GRU conclusion, current-sim verdict, high-fidelity validation, full ideal driver completion, or level3 self-identification"
m2784_pair_stable_aes_fresh_nominal_or_role_default_previous_command_history_stress_seed_265101,m2784_pair_stable_aes_fresh_nominal_or_role_default_previous_command_history_stress_seed_265101_source,source,runs/m2655_engineering_controller_route_a_source_only_gap_targeted_repair_mitigation_preserving_execution/checkpoints/m2655_mitigation_preserving_actor_head_repair.pt,e6ecf4bc3f273ea8f7bd4149c068708a86c0969a982cac602635339639938b87,de902e8fe83a0904c8c59fcf1ef60e264e1cfaf9524ef1934e629a594da8379c,stable_aes,fresh_nominal_or_role_default,previous_command_history_stress,1,265101,m2779_curriculum_previous_command_history_stress_stable_aes_fresh_nominal_or_role_default,hf0_four_wheel_stable_aes_fixture_fresh_seed_265101_axis_nominal,zero_previous_command_history,0,80,80,72,3,True,True,True,True,True,True,True,False,False,running,9.524520790642617,-0.8054293894241282,-0.8054293894241282,False,True,1.4637293733705912,0.6221711493865095,2.854926949866676,0.0,1.0,0.0,0.9774165749549866,0.88100266456604,0.9603342182934285,4.9442181557245695,False,False,True,False,True,False,False,Route A source-only paired closed-loop delta diagnostic preflight only,"validation, ranking, winner selection, checkpoint promotion, success-rate verdict, repair success, driver performance, paper evidence, finite-window-vs-GRU conclusion, current-sim verdict, high-fidelity validation, full ideal driver completion, or level3 self-identification"
m2784_pair_stable_aes_fresh_nominal_or_role_default_previous_command_history_stress_seed_265101,m2784_pair_stable_aes_fresh_nominal_or_role_default_previous_command_history_stress_seed_265101_candidate,candidate,runs/m2782_engineering_controller_route_a_source_only_belief_stress_short_training_continuation_preflight/checkpoints/m2782_belief_stress_short_training_candidate.pt,96944838f1075e6ce6d463f336056f1d81799d7ac69d419ca3a9644582cc0ae8,38cdca17cf4c3936adb0f545be8714ffe431f8574625419455d2acb4b5d3eeae,stable_aes,fresh_nominal_or_role_default,previous_command_history_stress,1,265101,m2779_curriculum_previous_command_history_stress_stable_aes_fresh_nominal_or_role_default,hf0_four_wheel_stable_aes_fixture_fresh_seed_265101_axis_nominal,zero_previous_command_history,0,80,80,72,3,True,True,True,True,True,True,True,False,False,running,9.52467780481542,-0.8028942154711243,-0.8028942154711243,False,True,1.4614105549452046,0.6217588732585702,2.852391728184732,0.0,1.0,0.0,0.9776940941810608,0.8819263741374016,0.9606421262025833,4.945648816112258,False,False,True,False,True,False,False,Route A source-only paired closed-loop delta diagnostic preflight only,"validation, ranking, winner selection, checkpoint promotion, success-rate verdict, repair success, driver performance, paper evidence, finite-window-vs-GRU conclusion, current-sim verdict, high-fidelity validation, full ideal driver completion, or level3 self-identification"
m2784_pair_stable_aes_fresh_nominal_or_role_default_previous_command_history_stress_seed_265102,m2784_pair_stable_aes_fresh_nominal_or_role_default_previous_command_history_stress_seed_265102_source,source,runs/m2655_engineering_controller_route_a_source_only_gap_targeted_repair_mitigation_preserving_execution/checkpoints/m2655_mitigation_preserving_actor_head_repair.pt,e6ecf4bc3f273ea8f7bd4149c068708a86c0969a982cac602635339639938b87,de902e8fe83a0904c8c59fcf1ef60e264e1cfaf9524ef1934e629a594da8379c,stable_aes,fresh_nominal_or_role_default,previous_command_history_stress,2,265102,m2779_curriculum_previous_command_history_stress_stable_aes_fresh_nominal_or_role_default,hf0_four_wheel_stable_aes_fixture_fresh_seed_265102_axis_nominal,zero_previous_command_history,0,80,80,72,3,True,True,True,True,True,True,True,False,False,running,9.50182027319859,-0.46227478074992323,-0.46227478074992323,False,True,0.9711847234503759,0.6873749820945599,2.6679928129566477,0.0,1.0,0.0,0.9773572683334351,0.887276591360569,0.9624255314469338,4.866654356778939,False,False,True,False,True,False,False,Route A source-only paired closed-loop delta diagnostic preflight only,"validation, ranking, winner selection, checkpoint promotion, success-rate verdict, repair success, driver performance, paper evidence, finite-window-vs-GRU conclusion, current-sim verdict, high-fidelity validation, full ideal driver completion, or level3 self-identification"
m2784_pair_stable_aes_fresh_nominal_or_role_default_previous_command_history_stress_seed_265102,m2784_pair_stable_aes_fresh_nominal_or_role_default_previous_command_history_stress_seed_265102_candidate,candidate,runs/m2782_engineering_controller_route_a_source_only_belief_stress_short_training_continuation_preflight/checkpoints/m2782_belief_stress_short_training_candidate.pt,96944838f1075e6ce6d463f336056f1d81799d7ac69d419ca3a9644582cc0ae8,38cdca17cf4c3936adb0f545be8714ffe431f8574625419455d2acb4b5d3eeae,stable_aes,fresh_nominal_or_role_default,previous_command_history_stress,2,265102,m2779_curriculum_previous_command_history_stress_stable_aes_fresh_nominal_or_role_default,hf0_four_wheel_stable_aes_fixture_fresh_seed_265102_axis_nominal,zero_previous_command_history,0,80,80,72,3,True,True,True,True,True,True,True,False,False,running,9.502552063483238,-0.4598526028135703,-0.4598526028135703,False,True,0.9688118582985822,0.687158761196608,2.665570530713064,0.0,1.0,0.0,0.9776355028152466,0.8882040321826935,0.9627346761524678,4.868120904084317,False,False,True,False,True,False,False,Route A source-only paired closed-loop delta diagnostic preflight only,"validation, ranking, winner selection, checkpoint promotion, success-rate verdict, repair success, driver performance, paper evidence, finite-window-vs-GRU conclusion, current-sim verdict, high-fidelity validation, full ideal driver completion, or level3 self-identification"
m2784_pair_stable_aes_fresh_nominal_or_role_default_previous_command_history_stress_seed_265103,m2784_pair_stable_aes_fresh_nominal_or_role_default_previous_command_history_stress_seed_265103_source,source,runs/m2655_engineering_controller_route_a_source_only_gap_targeted_repair_mitigation_preserving_execution/checkpoints/m2655_mitigation_preserving_actor_head_repair.pt,e6ecf4bc3f273ea8f7bd4149c068708a86c0969a982cac602635339639938b87,de902e8fe83a0904c8c59fcf1ef60e264e1cfaf9524ef1934e629a594da8379c,stable_aes,fresh_nominal_or_role_default,previous_command_history_stress,3,265103,m2779_curriculum_previous_command_history_stress_stable_aes_fresh_nominal_or_role_default,hf0_four_wheel_stable_aes_fixture_fresh_seed_265103_axis_nominal,zero_previous_command_history,0,80,80,72,3,True,True,True,True,True,True,True,False,False,running,7.512474148603645,-0.44727286085709217,-0.44727286085709217,False,True,1.267539686845591,0.5958820572082427,2.528466767634374,0.0,1.0,0.0,0.977169394493103,0.8789258599281311,0.9596419498324394,5.001990537128137,False,False,True,False,True,False,False,Route A source-only paired closed-loop delta diagnostic preflight only,"validation, ranking, winner selection, checkpoint promotion, success-rate verdict, repair success, driver performance, paper evidence, finite-window-vs-GRU conclusion, current-sim verdict, high-fidelity validation, full ideal driver completion, or level3 self-identification"
m2784_pair_stable_aes_fresh_nominal_or_role_default_previous_command_history_stress_seed_265103,m2784_pair_stable_aes_fresh_nominal_or_role_default_previous_command_history_stress_seed_265103_candidate,candidate,runs/m2782_engineering_controller_route_a_source_only_belief_stress_short_training_continuation_preflight/checkpoints/m2782_belief_stress_short_training_candidate.pt,96944838f1075e6ce6d463f336056f1d81799d7ac69d419ca3a9644582cc0ae8,38cdca17cf4c3936adb0f545be8714ffe431f8574625419455d2acb4b5d3eeae,stable_aes,fresh_nominal_or_role_default,previous_command_history_stress,3,265103,m2779_curriculum_previous_command_history_stress_stable_aes_fresh_nominal_or_role_default,hf0_four_wheel_stable_aes_fixture_fresh_seed_265103_axis_nominal,zero_previous_command_history,0,80,80,72,3,True,True,True,True,True,True,True,False,False,running,7.512492692555555,-0.44460539432247437,-0.44460539432247437,False,True,1.265153602519318,0.5953751048691645,2.5257993186476173,0.0,1.0,0.0,0.977449893951416,0.8798513635993004,0.959950453042984,5.003458394290915,False,False,True,False,True,False,False,Route A source-only paired closed-loop delta diagnostic preflight only,"validation, ranking, winner selection, checkpoint promotion, success-rate verdict, repair success, driver performance, paper evidence, finite-window-vs-GRU conclusion, current-sim verdict, high-fidelity validation, full ideal driver completion, or level3 self-identification"
m2784_pair_stable_aes_fresh_nominal_or_role_default_recurrent_hidden_reset_stress_seed_265100,m2784_pair_stable_aes_fresh_nominal_or_role_default_recurrent_hidden_reset_stress_seed_265100_source,source,runs/m2655_engineering_controller_route_a_source_only_gap_targeted_repair_mitigation_preserving_execution/checkpoints/m2655_mitigation_preserving_actor_head_repair.pt,e6ecf4bc3f273ea8f7bd4149c068708a86c0969a982cac602635339639938b87,de902e8fe83a0904c8c59fcf1ef60e264e1cfaf9524ef1934e629a594da8379c,stable_aes,fresh_nominal_or_role_default,recurrent_hidden_reset_stress,0,265100,m2779_curriculum_recurrent_hidden_reset_stress_stable_aes_fresh_nominal_or_role_default,hf0_four_wheel_stable_aes_fixture_fresh_seed_265100_axis_nominal,reset_actor_state_before_action,0,80,80,72,3,True,True,True,True,True,True,True,False,False,running,10.085259288902982,-0.7589607192338916,-0.7589607192338916,False,True,1.2137862681683378,0.6205449242311624,2.911380268379335,0.0,1.0,0.0,0.9769978523254395,0.8785417765378952,0.9595139294862747,4.9868708635052075,False,False,True,False,True,False,False,Route A source-only paired closed-loop delta diagnostic preflight only,"validation, ranking, winner selection, checkpoint promotion, success-rate verdict, repair success, driver performance, paper evidence, finite-window-vs-GRU conclusion, current-sim verdict, high-fidelity validation, full ideal driver completion, or level3 self-identification"
m2784_pair_stable_aes_fresh_nominal_or_role_default_recurrent_hidden_reset_stress_seed_265100,m2784_pair_stable_aes_fresh_nominal_or_role_default_recurrent_hidden_reset_stress_seed_265100_candidate,candidate,runs/m2782_engineering_controller_route_a_source_only_belief_stress_short_training_continuation_preflight/checkpoints/m2782_belief_stress_short_training_candidate.pt,96944838f1075e6ce6d463f336056f1d81799d7ac69d419ca3a9644582cc0ae8,38cdca17cf4c3936adb0f545be8714ffe431f8574625419455d2acb4b5d3eeae,stable_aes,fresh_nominal_or_role_default,recurrent_hidden_reset_stress,0,265100,m2779_curriculum_recurrent_hidden_reset_stress_stable_aes_fresh_nominal_or_role_default,hf0_four_wheel_stable_aes_fixture_fresh_seed_265100_axis_nominal,reset_actor_state_before_action,0,80,80,72,3,True,True,True,True,True,True,True,False,False,running,10.08540485262419,-0.7562846907668304,-0.7562846907668304,False,True,1.2113872506902144,0.6201487840982358,2.908704289196778,0.0,1.0,0.0,0.9772803783416748,0.8794701106846332,0.9598233707249164,4.988353839468521,False,False,True,False,True,False,False,Route A source-only paired closed-loop delta diagnostic preflight only,"validation, ranking, winner selection, checkpoint promotion, success-rate verdict, repair success, driver performance, paper evidence, finite-window-vs-GRU conclusion, current-sim verdict, high-fidelity validation, full ideal driver completion, or level3 self-identification"
m2784_pair_stable_aes_fresh_nominal_or_role_default_recurrent_hidden_reset_stress_seed_265101,m2784_pair_stable_aes_fresh_nominal_or_role_default_recurrent_hidden_reset_stress_seed_265101_source,source,runs/m2655_engineering_controller_route_a_source_only_gap_targeted_repair_mitigation_preserving_execution/checkpoints/m2655_mitigation_preserving_actor_head_repair.pt,e6ecf4bc3f273ea8f7bd4149c068708a86c0969a982cac602635339639938b87,de902e8fe83a0904c8c59fcf1ef60e264e1cfaf9524ef1934e629a594da8379c,stable_aes,fresh_nominal_or_role_default,recurrent_hidden_reset_stress,1,265101,m2779_curriculum_recurrent_hidden_reset_stress_stable_aes_fresh_nominal_or_role_default,hf0_four_wheel_stable_aes_fixture_fresh_seed_265101_axis_nominal,reset_actor_state_before_action,0,80,80,72,3,True,True,True,True,True,True,True,False,False,running,9.524520790642617,-0.8054293894241282,-0.8054293894241282,False,True,1.4637293733705912,0.6221711493865095,2.854926949866676,0.0,1.0,0.0,0.9774165749549866,0.88100266456604,0.9603342182934285,4.9442181557245695,False,False,True,False,True,False,False,Route A source-only paired closed-loop delta diagnostic preflight only,"validation, ranking, winner selection, checkpoint promotion, success-rate verdict, repair success, driver performance, paper evidence, finite-window-vs-GRU conclusion, current-sim verdict, high-fidelity validation, full ideal driver completion, or level3 self-identification"
m2784_pair_stable_aes_fresh_nominal_or_role_default_recurrent_hidden_reset_stress_seed_265101,m2784_pair_stable_aes_fresh_nominal_or_role_default_recurrent_hidden_reset_stress_seed_265101_candidate,candidate,runs/m2782_engineering_controller_route_a_source_only_belief_stress_short_training_continuation_preflight/checkpoints/m2782_belief_stress_short_training_candidate.pt,96944838f1075e6ce6d463f336056f1d81799d7ac69d419ca3a9644582cc0ae8,38cdca17cf4c3936adb0f545be8714ffe431f8574625419455d2acb4b5d3eeae,stable_aes,fresh_nominal_or_role_default,recurrent_hidden_reset_stress,1,265101,m2779_curriculum_recurrent_hidden_reset_stress_stable_aes_fresh_nominal_or_role_default,hf0_four_wheel_stable_aes_fixture_fresh_seed_265101_axis_nominal,reset_actor_state_before_action,0,80,80,72,3,True,True,True,True,True,True,True,False,False,running,9.52467780481542,-0.8028942154711243,-0.8028942154711243,False,True,1.4614105549452046,0.6217588732585702,2.852391728184732,0.0,1.0,0.0,0.9776940941810608,0.8819263741374016,0.9606421262025833,4.945648816112258,False,False,True,False,True,False,False,Route A source-only paired closed-loop delta diagnostic preflight only,"validation, ranking, winner selection, checkpoint promotion, success-rate verdict, repair success, driver performance, paper evidence, finite-window-vs-GRU conclusion, current-sim verdict, high-fidelity validation, full ideal driver completion, or level3 self-identification"
m2784_pair_stable_aes_fresh_nominal_or_role_default_recurrent_hidden_reset_stress_seed_265102,m2784_pair_stable_aes_fresh_nominal_or_role_default_recurrent_hidden_reset_stress_seed_265102_source,source,runs/m2655_engineering_controller_route_a_source_only_gap_targeted_repair_mitigation_preserving_execution/checkpoints/m2655_mitigation_preserving_actor_head_repair.pt,e6ecf4bc3f273ea8f7bd4149c068708a86c0969a982cac602635339639938b87,de902e8fe83a0904c8c59fcf1ef60e264e1cfaf9524ef1934e629a594da8379c,stable_aes,fresh_nominal_or_role_default,recurrent_hidden_reset_stress,2,265102,m2779_curriculum_recurrent_hidden_reset_stress_stable_aes_fresh_nominal_or_role_default,hf0_four_wheel_stable_aes_fixture_fresh_seed_265102_axis_nominal,reset_actor_state_before_action,0,80,80,72,3,True,True,True,True,True,True,True,False,False,running,9.50182027319859,-0.46227478074992323,-0.46227478074992323,False,True,0.9711847234503759,0.6873749820945599,2.6679928129566477,0.0,1.0,0.0,0.9773572683334351,0.887276591360569,0.9624255314469338,4.866654356778939,False,False,True,False,True,False,False,Route A source-only paired closed-loop delta diagnostic preflight only,"validation, ranking, winner selection, checkpoint promotion, success-rate verdict, repair success, driver performance, paper evidence, finite-window-vs-GRU conclusion, current-sim verdict, high-fidelity validation, full ideal driver completion, or level3 self-identification"
m2784_pair_stable_aes_fresh_nominal_or_role_default_recurrent_hidden_reset_stress_seed_265102,m2784_pair_stable_aes_fresh_nominal_or_role_default_recurrent_hidden_reset_stress_seed_265102_candidate,candidate,runs/m2782_engineering_controller_route_a_source_only_belief_stress_short_training_continuation_preflight/checkpoints/m2782_belief_stress_short_training_candidate.pt,96944838f1075e6ce6d463f336056f1d81799d7ac69d419ca3a9644582cc0ae8,38cdca17cf4c3936adb0f545be8714ffe431f8574625419455d2acb4b5d3eeae,stable_aes,fresh_nominal_or_role_default,recurrent_hidden_reset_stress,2,265102,m2779_curriculum_recurrent_hidden_reset_stress_stable_aes_fresh_nominal_or_role_default,hf0_four_wheel_stable_aes_fixture_fresh_seed_265102_axis_nominal,reset_actor_state_before_action,0,80,80,72,3,True,True,True,True,True,True,True,False,False,running,9.502552063483238,-0.4598526028135703,-0.4598526028135703,False,True,0.9688118582985822,0.687158761196608,2.665570530713064,0.0,1.0,0.0,0.9776355028152466,0.8882040321826935,0.9627346761524678,4.868120904084317,False,False,True,False,True,False,False,Route A source-only paired closed-loop delta diagnostic preflight only,"validation, ranking, winner selection, checkpoint promotion, success-rate verdict, repair success, driver performance, paper evidence, finite-window-vs-GRU conclusion, current-sim verdict, high-fidelity validation, full ideal driver completion, or level3 self-identification"
m2784_pair_stable_aes_fresh_nominal_or_role_default_recurrent_hidden_reset_stress_seed_265103,m2784_pair_stable_aes_fresh_nominal_or_role_default_recurrent_hidden_reset_stress_seed_265103_source,source,runs/m2655_engineering_controller_route_a_source_only_gap_targeted_repair_mitigation_preserving_execution/checkpoints/m2655_mitigation_preserving_actor_head_repair.pt,e6ecf4bc3f273ea8f7bd4149c068708a86c0969a982cac602635339639938b87,de902e8fe83a0904c8c59fcf1ef60e264e1cfaf9524ef1934e629a594da8379c,stable_aes,fresh_nominal_or_role_default,recurrent_hidden_reset_stress,3,265103,m2779_curriculum_recurrent_hidden_reset_stress_stable_aes_fresh_nominal_or_role_default,hf0_four_wheel_stable_aes_fixture_fresh_seed_265103_axis_nominal,reset_actor_state_before_action,0,80,80,72,3,True,True,True,True,True,True,True,False,False,running,7.512474148603645,-0.44727286085709217,-0.44727286085709217,False,True,1.267539686845591,0.5958820572082427,2.528466767634374,0.0,1.0,0.0,0.977169394493103,0.8789258599281311,0.9596419498324394,5.001990537128137,False,False,True,False,True,False,False,Route A source-only paired closed-loop delta diagnostic preflight only,"validation, ranking, winner selection, checkpoint promotion, success-rate verdict, repair success, driver performance, paper evidence, finite-window-vs-GRU conclusion, current-sim verdict, high-fidelity validation, full ideal driver completion, or level3 self-identification"
m2784_pair_stable_aes_fresh_nominal_or_role_default_recurrent_hidden_reset_stress_seed_265103,m2784_pair_stable_aes_fresh_nominal_or_role_default_recurrent_hidden_reset_stress_seed_265103_candidate,candidate,runs/m2782_engineering_controller_route_a_source_only_belief_stress_short_training_continuation_preflight/checkpoints/m2782_belief_stress_short_training_candidate.pt,96944838f1075e6ce6d463f336056f1d81799d7ac69d419ca3a9644582cc0ae8,38cdca17cf4c3936adb0f545be8714ffe431f8574625419455d2acb4b5d3eeae,stable_aes,fresh_nominal_or_role_default,recurrent_hidden_reset_stress,3,265103,m2779_curriculum_recurrent_hidden_reset_stress_stable_aes_fresh_nominal_or_role_default,hf0_four_wheel_stable_aes_fixture_fresh_seed_265103_axis_nominal,reset_actor_state_before_action,0,80,80,72,3,True,True,True,True,True,True,True,False,False,running,7.512492692555555,-0.44460539432247437,-0.44460539432247437,False,True,1.265153602519318,0.5953751048691645,2.5257993186476173,0.0,1.0,0.0,0.977449893951416,0.8798513635993004,0.959950453042984,5.003458394290915,False,False,True,False,True,False,False,Route A source-only paired closed-loop delta diagnostic preflight only,"validation, ranking, winner selection, checkpoint promotion, success-rate verdict, repair success, driver performance, paper evidence, finite-window-vs-GRU conclusion, current-sim verdict, high-fidelity validation, full ideal driver completion, or level3 self-identification"
m2784_pair_stable_avoidable_fresh_fault_delay_noise_held_actuator_history_stress_seed_264100,m2784_pair_stable_avoidable_fresh_fault_delay_noise_held_actuator_history_stress_seed_264100_source,source,runs/m2655_engineering_controller_route_a_source_only_gap_targeted_repair_mitigation_preserving_execution/checkpoints/m2655_mitigation_preserving_actor_head_repair.pt,e6ecf4bc3f273ea8f7bd4149c068708a86c0969a982cac602635339639938b87,de902e8fe83a0904c8c59fcf1ef60e264e1cfaf9524ef1934e629a594da8379c,stable_avoidable,fresh_fault_delay_noise,held_actuator_history_stress,0,264100,m2779_curriculum_held_actuator_history_stress_stable_avoidable_fresh_fault_delay_noise,m2641_source_only_stable_avoidable_base_fresh_seed_264100_axis_fault_delay_noise,one_warmup_step_held_actuator_history,1,80,80,72,3,True,True,True,True,True,True,True,False,False,running,17.62340278977354,0.7618738285913569,0.7618738285913569,False,False,0.26860977972069927,0.4705613182333354,1.3655678873801547,0.0,1.0,0.0,0.9755716919898987,0.861521928012371,0.953840646147728,4.39331273069727,False,False,True,False,True,False,False,Route A source-only paired closed-loop delta diagnostic preflight only,"validation, ranking, winner selection, checkpoint promotion, success-rate verdict, repair success, driver performance, paper evidence, finite-window-vs-GRU conclusion, current-sim verdict, high-fidelity validation, full ideal driver completion, or level3 self-identification"
m2784_pair_stable_avoidable_fresh_fault_delay_noise_held_actuator_history_stress_seed_264100,m2784_pair_stable_avoidable_fresh_fault_delay_noise_held_actuator_history_stress_seed_264100_candidate,candidate,runs/m2782_engineering_controller_route_a_source_only_belief_stress_short_training_continuation_preflight/checkpoints/m2782_belief_stress_short_training_candidate.pt,96944838f1075e6ce6d463f336056f1d81799d7ac69d419ca3a9644582cc0ae8,38cdca17cf4c3936adb0f545be8714ffe431f8574625419455d2acb4b5d3eeae,stable_avoidable,fresh_fault_delay_noise,held_actuator_history_stress,0,264100,m2779_curriculum_held_actuator_history_stress_stable_avoidable_fresh_fault_delay_noise,m2641_source_only_stable_avoidable_base_fresh_seed_264100_axis_fault_delay_noise,one_warmup_step_held_actuator_history,1,80,80,72,3,True,True,True,True,True,True,True,False,False,running,17.624439269475072,0.7639623358545122,0.7639623358545122,False,False,0.26796438628352487,0.47019865071837,1.3634793359828306,0.0,1.0,0.0,0.9758713841438293,0.8624390892684459,0.9541463650763035,4.394578669261749,False,False,True,False,True,False,False,Route A source-only paired closed-loop delta diagnostic preflight only,"validation, ranking, winner selection, checkpoint promotion, success-rate verdict, repair success, driver performance, paper evidence, finite-window-vs-GRU conclusion, current-sim verdict, high-fidelity validation, full ideal driver completion, or level3 self-identification"
m2784_pair_stable_avoidable_fresh_fault_delay_noise_held_actuator_history_stress_seed_264101,m2784_pair_stable_avoidable_fresh_fault_delay_noise_held_actuator_history_stress_seed_264101_source,source,runs/m2655_engineering_controller_route_a_source_only_gap_targeted_repair_mitigation_preserving_execution/checkpoints/m2655_mitigation_preserving_actor_head_repair.pt,e6ecf4bc3f273ea8f7bd4149c068708a86c0969a982cac602635339639938b87,de902e8fe83a0904c8c59fcf1ef60e264e1cfaf9524ef1934e629a594da8379c,stable_avoidable,fresh_fault_delay_noise,held_actuator_history_stress,1,264101,m2779_curriculum_held_actuator_history_stress_stable_avoidable_fresh_fault_delay_noise,m2641_source_only_stable_avoidable_base_fresh_seed_264101_axis_fault_delay_noise,one_warmup_step_held_actuator_history,1,80,80,72,3,True,True,True,True,True,True,True,False,False,running,17.19386810963324,-0.1370246609658765,-0.1370246609658765,False,True,0.6361036301545988,0.6574837925028026,2.2965141253321306,0.0,1.0,0.0,0.9754570126533508,0.8811759263277054,0.9603919751942158,4.40835484823433,False,False,True,False,True,False,False,Route A source-only paired closed-loop delta diagnostic preflight only,"validation, ranking, winner selection, checkpoint promotion, success-rate verdict, repair success, driver performance, paper evidence, finite-window-vs-GRU conclusion, current-sim verdict, high-fidelity validation, full ideal driver completion, or level3 self-identification"
m2784_pair_stable_avoidable_fresh_fault_delay_noise_held_actuator_history_stress_seed_264101,m2784_pair_stable_avoidable_fresh_fault_delay_noise_held_actuator_history_stress_seed_264101_candidate,candidate,runs/m2782_engineering_controller_route_a_source_only_belief_stress_short_training_continuation_preflight/checkpoints/m2782_belief_stress_short_training_candidate.pt,96944838f1075e6ce6d463f336056f1d81799d7ac69d419ca3a9644582cc0ae8,38cdca17cf4c3936adb0f545be8714ffe431f8574625419455d2acb4b5d3eeae,stable_avoidable,fresh_fault_delay_noise,held_actuator_history_stress,1,264101,m2779_curriculum_held_actuator_history_stress_stable_avoidable_fresh_fault_delay_noise,m2641_source_only_stable_avoidable_base_fresh_seed_264101_axis_fault_delay_noise,one_warmup_step_held_actuator_history,1,80,80,72,3,True,True,True,True,True,True,True,False,False,running,17.195167963217212,-0.13470479953804704,-0.13470479953804704,False,True,0.6337885829842764,0.6573454679671668,2.2941941195781324,0.0,1.0,0.0,0.9757580757141113,0.882108847796917,0.9607029482722282,4.40995853202116,False,False,True,False,True,False,False,Route A source-only paired closed-loop delta diagnostic preflight only,"validation, ranking, winner selection, checkpoint promotion, success-rate verdict, repair success, driver performance, paper evidence, finite-window-vs-GRU conclusion, current-sim verdict, high-fidelity validation, full ideal driver completion, or level3 self-identification"
m2784_pair_stable_avoidable_fresh_fault_delay_noise_held_actuator_history_stress_seed_264102,m2784_pair_stable_avoidable_fresh_fault_delay_noise_held_actuator_history_stress_seed_264102_source,source,runs/m2655_engineering_controller_route_a_source_only_gap_targeted_repair_mitigation_preserving_execution/checkpoints/m2655_mitigation_preserving_actor_head_repair.pt,e6ecf4bc3f273ea8f7bd4149c068708a86c0969a982cac602635339639938b87,de902e8fe83a0904c8c59fcf1ef60e264e1cfaf9524ef1934e629a594da8379c,stable_avoidable,fresh_fault_delay_noise,held_actuator_history_stress,2,264102,m2779_curriculum_held_actuator_history_stress_stable_avoidable_fresh_fault_delay_noise,m2641_source_only_stable_avoidable_base_fresh_seed_264102_axis_fault_delay_noise,one_warmup_step_held_actuator_history,1,80,80,72,3,True,True,True,True,True,True,True,False,False,running,17.079876729847392,0.7696678892791753,0.7743734386261376,False,False,0.7934849882350324,0.5111147301132245,1.4062034752866963,0.0,1.0,0.0,0.9749239087104797,0.8678045123815536,0.9559348382055759,4.967332583201246,False,False,True,False,True,False,False,Route A source-only paired closed-loop delta diagnostic preflight only,"validation, ranking, winner selection, checkpoint promotion, success-rate verdict, repair success, driver performance, paper evidence, finite-window-vs-GRU conclusion, current-sim verdict, high-fidelity validation, full ideal driver completion, or level3 self-identification"
m2784_pair_stable_avoidable_fresh_fault_delay_noise_held_actuator_history_stress_seed_264102,m2784_pair_stable_avoidable_fresh_fault_delay_noise_held_actuator_history_stress_seed_264102_candidate,candidate,runs/m2782_engineering_controller_route_a_source_only_belief_stress_short_training_continuation_preflight/checkpoints/m2782_belief_stress_short_training_candidate.pt,96944838f1075e6ce6d463f336056f1d81799d7ac69d419ca3a9644582cc0ae8,38cdca17cf4c3936adb0f545be8714ffe431f8574625419455d2acb4b5d3eeae,stable_avoidable,fresh_fault_delay_noise,held_actuator_history_stress,2,264102,m2779_curriculum_held_actuator_history_stress_stable_avoidable_fresh_fault_delay_noise,m2641_source_only_stable_avoidable_base_fresh_seed_264102_axis_fault_delay_noise,one_warmup_step_held_actuator_history,1,80,80,72,3,True,True,True,True,True,True,True,False,False,running,17.08125893171345,0.7713289760480679,0.7760691386527148,False,False,0.7957051146342763,0.510697447219804,1.4045423885178037,0.0,1.0,0.0,0.975231409072876,0.868723490089178,0.9562411636114121,4.968609618793549,False,False,True,False,True,False,False,Route A source-only paired closed-loop delta diagnostic preflight only,"validation, ranking, winner selection, checkpoint promotion, success-rate verdict, repair success, driver performance, paper evidence, finite-window-vs-GRU conclusion, current-sim verdict, high-fidelity validation, full ideal driver completion, or level3 self-identification"
m2784_pair_stable_avoidable_fresh_fault_delay_noise_held_actuator_history_stress_seed_264103,m2784_pair_stable_avoidable_fresh_fault_delay_noise_held_actuator_history_stress_seed_264103_source,source,runs/m2655_engineering_controller_route_a_source_only_gap_targeted_repair_mitigation_preserving_execution/checkpoints/m2655_mitigation_preserving_actor_head_repair.pt,e6ecf4bc3f273ea8f7bd4149c068708a86c0969a982cac602635339639938b87,de902e8fe83a0904c8c59fcf1ef60e264e1cfaf9524ef1934e629a594da8379c,stable_avoidable,fresh_fault_delay_noise,held_actuator_history_stress,3,264103,m2779_curriculum_held_actuator_history_stress_stable_avoidable_fresh_fault_delay_noise,m2641_source_only_stable_avoidable_base_fresh_seed_264103_axis_fault_delay_noise,one_warmup_step_held_actuator_history,1,80,80,72,3,True,True,True,True,True,True,True,False,False,running,13.30125828545973,-0.5886435329931716,-0.5886435329931716,False,True,1.2370234038964976,0.6431546187730663,2.5609530283118667,0.0,1.0,0.0,0.9767181873321533,0.8902809523046017,0.9634269811213017,3.8270172104633025,False,False,True,False,True,False,False,Route A source-only paired closed-loop delta diagnostic preflight only,"validation, ranking, winner selection, checkpoint promotion, success-rate verdict, repair success, driver performance, paper evidence, finite-window-vs-GRU conclusion, current-sim verdict, high-fidelity validation, full ideal driver completion, or level3 self-identification"
m2784_pair_stable_avoidable_fresh_fault_delay_noise_held_actuator_history_stress_seed_264103,m2784_pair_stable_avoidable_fresh_fault_delay_noise_held_actuator_history_stress_seed_264103_candidate,candidate,runs/m2782_engineering_controller_route_a_source_only_belief_stress_short_training_continuation_preflight/checkpoints/m2782_belief_stress_short_training_candidate.pt,96944838f1075e6ce6d463f336056f1d81799d7ac69d419ca3a9644582cc0ae8,38cdca17cf4c3936adb0f545be8714ffe431f8574625419455d2acb4b5d3eeae,stable_avoidable,fresh_fault_delay_noise,held_actuator_history_stress,3,264103,m2779_curriculum_held_actuator_history_stress_stable_avoidable_fresh_fault_delay_noise,m2641_source_only_stable_avoidable_base_fresh_seed_264103_axis_fault_delay_noise,one_warmup_step_held_actuator_history,1,80,80,72,3,True,True,True,True,True,True,True,False,False,running,13.302393371364326,-0.58705320963207,-0.58705320963207,False,True,1.2352170794101214,0.6430837245402973,2.559362605002785,0.0,1.0,0.0,0.9770041108131409,0.8911938279867172,0.9637312777340412,3.8281360480653097,False,False,True,False,True,False,False,Route A source-only paired closed-loop delta diagnostic preflight only,"validation, ranking, winner selection, checkpoint promotion, success-rate verdict, repair success, driver performance, paper evidence, finite-window-vs-GRU conclusion, current-sim verdict, high-fidelity validation, full ideal driver completion, or level3 self-identification"
m2784_pair_stable_avoidable_fresh_fault_delay_noise_previous_command_history_stress_seed_264100,m2784_pair_stable_avoidable_fresh_fault_delay_noise_previous_command_history_stress_seed_264100_source,source,runs/m2655_engineering_controller_route_a_source_only_gap_targeted_repair_mitigation_preserving_execution/checkpoints/m2655_mitigation_preserving_actor_head_repair.pt,e6ecf4bc3f273ea8f7bd4149c068708a86c0969a982cac602635339639938b87,de902e8fe83a0904c8c59fcf1ef60e264e1cfaf9524ef1934e629a594da8379c,stable_avoidable,fresh_fault_delay_noise,previous_command_history_stress,0,264100,m2779_curriculum_previous_command_history_stress_stable_avoidable_fresh_fault_delay_noise,m2641_source_only_stable_avoidable_base_fresh_seed_264100_axis_fault_delay_noise,zero_previous_command_history,0,80,80,72,3,True,True,True,True,True,True,True,False,False,running,17.786540848700568,0.8312641826070484,0.8312641826070484,False,False,0.2553441320185942,0.46110485134823814,1.2961705868101,0.0,1.0,0.0,0.9772099256515503,0.8690214872360229,0.9563404940068722,4.398620494314355,False,False,True,False,True,False,False,Route A source-only paired closed-loop delta diagnostic preflight only,"validation, ranking, winner selection, checkpoint promotion, success-rate verdict, repair success, driver performance, paper evidence, finite-window-vs-GRU conclusion, current-sim verdict, high-fidelity validation, full ideal driver completion, or level3 self-identification"
m2784_pair_stable_avoidable_fresh_fault_delay_noise_previous_command_history_stress_seed_264100,m2784_pair_stable_avoidable_fresh_fault_delay_noise_previous_command_history_stress_seed_264100_candidate,candidate,runs/m2782_engineering_controller_route_a_source_only_belief_stress_short_training_continuation_preflight/checkpoints/m2782_belief_stress_short_training_candidate.pt,96944838f1075e6ce6d463f336056f1d81799d7ac69d419ca3a9644582cc0ae8,38cdca17cf4c3936adb0f545be8714ffe431f8574625419455d2acb4b5d3eeae,stable_avoidable,fresh_fault_delay_noise,previous_command_history_stress,0,264100,m2779_curriculum_previous_command_history_stress_stable_avoidable_fresh_fault_delay_noise,m2641_source_only_stable_avoidable_base_fresh_seed_264100_axis_fault_delay_noise,zero_previous_command_history,0,80,80,72,3,True,True,True,True,True,True,True,False,False,running,17.787619460283956,0.8331211602264226,0.8331211602264226,False,False,0.25497586312731313,0.46072897585236616,1.2943135632625462,0.0,1.0,0.0,0.9774898886680603,0.869944280385971,0.9566480994224549,4.399905161934647,False,False,True,False,True,False,False,Route A source-only paired closed-loop delta diagnostic preflight only,"validation, ranking, winner selection, checkpoint promotion, success-rate verdict, repair success, driver performance, paper evidence, finite-window-vs-GRU conclusion, current-sim verdict, high-fidelity validation, full ideal driver completion, or level3 self-identification"
m2784_pair_stable_avoidable_fresh_fault_delay_noise_previous_command_history_stress_seed_264101,m2784_pair_stable_avoidable_fresh_fault_delay_noise_previous_command_history_stress_seed_264101_source,source,runs/m2655_engineering_controller_route_a_source_only_gap_targeted_repair_mitigation_preserving_execution/checkpoints/m2655_mitigation_preserving_actor_head_repair.pt,e6ecf4bc3f273ea8f7bd4149c068708a86c0969a982cac602635339639938b87,de902e8fe83a0904c8c59fcf1ef60e264e1cfaf9524ef1934e629a594da8379c,stable_avoidable,fresh_fault_delay_noise,previous_command_history_stress,1,264101,m2779_curriculum_previous_command_history_stress_stable_avoidable_fresh_fault_delay_noise,m2641_source_only_stable_avoidable_base_fresh_seed_264101_axis_fault_delay_noise,zero_previous_command_history,0,80,80,72,3,True,True,True,True,True,True,True,False,False,running,17.337671864216954,-0.0006507443329519802,-0.0006507443329519802,False,True,0.59267174293118,0.6449408089460262,2.160124462804255,0.0,1.0,0.0,0.9775019884109497,0.8876575022935868,0.9625525064766407,4.406625824119219,False,False,True,False,True,False,False,Route A source-only paired closed-loop delta diagnostic preflight only,"validation, ranking, winner selection, checkpoint promotion, success-rate verdict, repair success, driver performance, paper evidence, finite-window-vs-GRU conclusion, current-sim verdict, high-fidelity validation, full ideal driver completion, or level3 self-identification"
m2784_pair_stable_avoidable_fresh_fault_delay_noise_previous_command_history_stress_seed_264101,m2784_pair_stable_avoidable_fresh_fault_delay_noise_previous_command_history_stress_seed_264101_candidate,candidate,runs/m2782_engineering_controller_route_a_source_only_belief_stress_short_training_continuation_preflight/checkpoints/m2782_belief_stress_short_training_candidate.pt,96944838f1075e6ce6d463f336056f1d81799d7ac69d419ca3a9644582cc0ae8,38cdca17cf4c3936adb0f545be8714ffe431f8574625419455d2acb4b5d3eeae,stable_avoidable,fresh_fault_delay_noise,previous_command_history_stress,1,264101,m2779_curriculum_previous_command_history_stress_stable_avoidable_fresh_fault_delay_noise,m2641_source_only_stable_avoidable_base_fresh_seed_264101_axis_fault_delay_noise,zero_previous_command_history,0,80,80,72,3,True,True,True,True,True,True,True,False,False,running,17.338969870406427,0.0013712616328986904,0.0013712616328986904,False,False,0.5905298790982573,0.6448556799402446,2.1581023148727962,0.0,1.0,0.0,0.977778434753418,0.8885527662932873,0.9628509283065796,4.408098550304248,False,False,True,False,True,False,False,Route A source-only paired closed-loop delta diagnostic preflight only,"validation, ranking, winner selection, checkpoint promotion, success-rate verdict, repair success, driver performance, paper evidence, finite-window-vs-GRU conclusion, current-sim verdict, high-fidelity validation, full ideal driver completion, or level3 self-identification"
m2784_pair_stable_avoidable_fresh_fault_delay_noise_previous_command_history_stress_seed_264102,m2784_pair_stable_avoidable_fresh_fault_delay_noise_previous_command_history_stress_seed_264102_source,source,runs/m2655_engineering_controller_route_a_source_only_gap_targeted_repair_mitigation_preserving_execution/checkpoints/m2655_mitigation_preserving_actor_head_repair.pt,e6ecf4bc3f273ea8f7bd4149c068708a86c0969a982cac602635339639938b87,de902e8fe83a0904c8c59fcf1ef60e264e1cfaf9524ef1934e629a594da8379c,stable_avoidable,fresh_fault_delay_noise,previous_command_history_stress,2,264102,m2779_curriculum_previous_command_history_stress_stable_avoidable_fresh_fault_delay_noise,m2641_source_only_stable_avoidable_base_fresh_seed_264102_axis_fault_delay_noise,zero_previous_command_history,0,80,80,72,3,True,True,True,True,True,True,True,False,False,running,17.238340565543922,0.8661550713831541,0.8710387388713328,False,False,0.8299356320173767,0.4939063282178925,1.3097162931827175,0.0,1.0,0.0,0.9774526953697205,0.876190685480833,0.9587302312254906,4.959899326033289,False,False,True,False,True,False,False,Route A source-only paired closed-loop delta diagnostic preflight only,"validation, ranking, winner selection, checkpoint promotion, success-rate verdict, repair success, driver performance, paper evidence, finite-window-vs-GRU conclusion, current-sim verdict, high-fidelity validation, full ideal driver completion, or level3 self-identification"
m2784_pair_stable_avoidable_fresh_fault_delay_noise_previous_command_history_stress_seed_264102,m2784_pair_stable_avoidable_fresh_fault_delay_noise_previous_command_history_stress_seed_264102_candidate,candidate,runs/m2782_engineering_controller_route_a_source_only_belief_stress_short_training_continuation_preflight/checkpoints/m2782_belief_stress_short_training_candidate.pt,96944838f1075e6ce6d463f336056f1d81799d7ac69d419ca3a9644582cc0ae8,38cdca17cf4c3936adb0f545be8714ffe431f8574625419455d2acb4b5d3eeae,stable_avoidable,fresh_fault_delay_noise,previous_command_history_stress,2,264102,m2779_curriculum_previous_command_history_stress_stable_avoidable_fresh_fault_delay_noise,m2641_source_only_stable_avoidable_base_fresh_seed_264102_axis_fault_delay_noise,zero_previous_command_history,0,80,80,72,3,True,True,True,True,True,True,True,False,False,running,17.23968518158258,0.8675635168677509,0.8724783044961464,False,False,0.8320628869263315,0.4934505177023577,1.3083078476981207,0.0,1.0,0.0,0.9777296781539917,0.8770763300359249,0.9590254418551922,4.961104365522692,False,False,True,False,True,False,False,Route A source-only paired closed-loop delta diagnostic preflight only,"validation, ranking, winner selection, checkpoint promotion, success-rate verdict, repair success, driver performance, paper evidence, finite-window-vs-GRU conclusion, current-sim verdict, high-fidelity validation, full ideal driver completion, or level3 self-identification"
m2784_pair_stable_avoidable_fresh_fault_delay_noise_previous_command_history_stress_seed_264103,m2784_pair_stable_avoidable_fresh_fault_delay_noise_previous_command_history_stress_seed_264103_source,source,runs/m2655_engineering_controller_route_a_source_only_gap_targeted_repair_mitigation_preserving_execution/checkpoints/m2655_mitigation_preserving_actor_head_repair.pt,e6ecf4bc3f273ea8f7bd4149c068708a86c0969a982cac602635339639938b87,de902e8fe83a0904c8c59fcf1ef60e264e1cfaf9524ef1934e629a594da8379c,stable_avoidable,fresh_fault_delay_noise,previous_command_history_stress,3,264103,m2779_curriculum_previous_command_history_stress_stable_avoidable_fresh_fault_delay_noise,m2641_source_only_stable_avoidable_base_fresh_seed_264103_axis_fault_delay_noise,zero_previous_command_history,0,80,80,72,3,True,True,True,True,True,True,True,False,False,running,13.447703073079799,-0.5284942701331907,-0.5284942701331907,False,True,1.2132099435693324,0.6385257977343052,2.50079087051536,0.0,1.0,0.0,0.9774684309959412,0.8943256720900535,0.9647752225399018,3.8244307907381057,False,False,True,False,True,False,False,Route A source-only paired closed-loop delta diagnostic preflight only,"validation, ranking, winner selection, checkpoint promotion, success-rate verdict, repair success, driver performance, paper evidence, finite-window-vs-GRU conclusion, current-sim verdict, high-fidelity validation, full ideal driver completion, or level3 self-identification"
m2784_pair_stable_avoidable_fresh_fault_delay_noise_previous_command_history_stress_seed_264103,m2784_pair_stable_avoidable_fresh_fault_delay_noise_previous_command_history_stress_seed_264103_candidate,candidate,runs/m2782_engineering_controller_route_a_source_only_belief_stress_short_training_continuation_preflight/checkpoints/m2782_belief_stress_short_training_candidate.pt,96944838f1075e6ce6d463f336056f1d81799d7ac69d419ca3a9644582cc0ae8,38cdca17cf4c3936adb0f545be8714ffe431f8574625419455d2acb4b5d3eeae,stable_avoidable,fresh_fault_delay_noise,previous_command_history_stress,3,264103,m2779_curriculum_previous_command_history_stress_stable_avoidable_fresh_fault_delay_noise,m2641_source_only_stable_avoidable_base_fresh_seed_264103_axis_fault_delay_noise,zero_previous_command_history,0,80,80,72,3,True,True,True,True,True,True,True,False,False,running,13.44882740331842,-0.5270214930216963,-0.5270214930216963,False,True,1.2114631118816606,0.6384771666506898,2.499317994402957,0.0,1.0,0.0,0.9777453541755676,0.8952183797955513,0.9650727987289429,3.825518506656556,False,False,True,False,True,False,False,Route A source-only paired closed-loop delta diagnostic preflight only,"validation, ranking, winner selection, checkpoint promotion, success-rate verdict, repair success, driver performance, paper evidence, finite-window-vs-GRU conclusion, current-sim verdict, high-fidelity validation, full ideal driver completion, or level3 self-identification"
m2784_pair_stable_avoidable_fresh_fault_delay_noise_recurrent_hidden_reset_stress_seed_264100,m2784_pair_stable_avoidable_fresh_fault_delay_noise_recurrent_hidden_reset_stress_seed_264100_source,source,runs/m2655_engineering_controller_route_a_source_only_gap_targeted_repair_mitigation_preserving_execution/checkpoints/m2655_mitigation_preserving_actor_head_repair.pt,e6ecf4bc3f273ea8f7bd4149c068708a86c0969a982cac602635339639938b87,de902e8fe83a0904c8c59fcf1ef60e264e1cfaf9524ef1934e629a594da8379c,stable_avoidable,fresh_fault_delay_noise,recurrent_hidden_reset_stress,0,264100,m2779_curriculum_recurrent_hidden_reset_stress_stable_avoidable_fresh_fault_delay_noise,m2641_source_only_stable_avoidable_base_fresh_seed_264100_axis_fault_delay_noise,reset_actor_state_before_action,0,80,80,72,3,True,True,True,True,True,True,True,False,False,running,17.786540848700568,0.8312641826070484,0.8312641826070484,False,False,0.2553441320185942,0.46110485134823814,1.2961705868101,0.0,1.0,0.0,0.9772099256515503,0.8690214872360229,0.9563404940068722,4.398620494314355,False,False,True,False,True,False,False,Route A source-only paired closed-loop delta diagnostic preflight only,"validation, ranking, winner selection, checkpoint promotion, success-rate verdict, repair success, driver performance, paper evidence, finite-window-vs-GRU conclusion, current-sim verdict, high-fidelity validation, full ideal driver completion, or level3 self-identification"
m2784_pair_stable_avoidable_fresh_fault_delay_noise_recurrent_hidden_reset_stress_seed_264100,m2784_pair_stable_avoidable_fresh_fault_delay_noise_recurrent_hidden_reset_stress_seed_264100_candidate,candidate,runs/m2782_engineering_controller_route_a_source_only_belief_stress_short_training_continuation_preflight/checkpoints/m2782_belief_stress_short_training_candidate.pt,96944838f1075e6ce6d463f336056f1d81799d7ac69d419ca3a9644582cc0ae8,38cdca17cf4c3936adb0f545be8714ffe431f8574625419455d2acb4b5d3eeae,stable_avoidable,fresh_fault_delay_noise,recurrent_hidden_reset_stress,0,264100,m2779_curriculum_recurrent_hidden_reset_stress_stable_avoidable_fresh_fault_delay_noise,m2641_source_only_stable_avoidable_base_fresh_seed_264100_axis_fault_delay_noise,reset_actor_state_before_action,0,80,80,72,3,True,True,True,True,True,True,True,False,False,running,17.787619460283956,0.8331211602264226,0.8331211602264226,False,False,0.25497586312731313,0.46072897585236616,1.2943135632625462,0.0,1.0,0.0,0.9774898886680603,0.869944280385971,0.9566480994224549,4.399905161934647,False,False,True,False,True,False,False,Route A source-only paired closed-loop delta diagnostic preflight only,"validation, ranking, winner selection, checkpoint promotion, success-rate verdict, repair success, driver performance, paper evidence, finite-window-vs-GRU conclusion, current-sim verdict, high-fidelity validation, full ideal driver completion, or level3 self-identification"
m2784_pair_stable_avoidable_fresh_fault_delay_noise_recurrent_hidden_reset_stress_seed_264101,m2784_pair_stable_avoidable_fresh_fault_delay_noise_recurrent_hidden_reset_stress_seed_264101_source,source,runs/m2655_engineering_controller_route_a_source_only_gap_targeted_repair_mitigation_preserving_execution/checkpoints/m2655_mitigation_preserving_actor_head_repair.pt,e6ecf4bc3f273ea8f7bd4149c068708a86c0969a982cac602635339639938b87,de902e8fe83a0904c8c59fcf1ef60e264e1cfaf9524ef1934e629a594da8379c,stable_avoidable,fresh_fault_delay_noise,recurrent_hidden_reset_stress,1,264101,m2779_curriculum_recurrent_hidden_reset_stress_stable_avoidable_fresh_fault_delay_noise,m2641_source_only_stable_avoidable_base_fresh_seed_264101_axis_fault_delay_noise,reset_actor_state_before_action,0,80,80,72,3,True,True,True,True,True,True,True,False,False,running,17.337671864216954,-0.0006507443329519802,-0.0006507443329519802,False,True,0.59267174293118,0.6449408089460262,2.160124462804255,0.0,1.0,0.0,0.9775019884109497,0.8876575022935868,0.9625525064766407,4.406625824119219,False,False,True,False,True,False,False,Route A source-only paired closed-loop delta diagnostic preflight only,"validation, ranking, winner selection, checkpoint promotion, success-rate verdict, repair success, driver performance, paper evidence, finite-window-vs-GRU conclusion, current-sim verdict, high-fidelity validation, full ideal driver completion, or level3 self-identification"
m2784_pair_stable_avoidable_fresh_fault_delay_noise_recurrent_hidden_reset_stress_seed_264101,m2784_pair_stable_avoidable_fresh_fault_delay_noise_recurrent_hidden_reset_stress_seed_264101_candidate,candidate,runs/m2782_engineering_controller_route_a_source_only_belief_stress_short_training_continuation_preflight/checkpoints/m2782_belief_stress_short_training_candidate.pt,96944838f1075e6ce6d463f336056f1d81799d7ac69d419ca3a9644582cc0ae8,38cdca17cf4c3936adb0f545be8714ffe431f8574625419455d2acb4b5d3eeae,stable_avoidable,fresh_fault_delay_noise,recurrent_hidden_reset_stress,1,264101,m2779_curriculum_recurrent_hidden_reset_stress_stable_avoidable_fresh_fault_delay_noise,m2641_source_only_stable_avoidable_base_fresh_seed_264101_axis_fault_delay_noise,reset_actor_state_before_action,0,80,80,72,3,True,True,True,True,True,True,True,False,False,running,17.338969870406427,0.0013712616328986904,0.0013712616328986904,False,False,0.5905298790982573,0.6448556799402446,2.1581023148727962,0.0,1.0,0.0,0.977778434753418,0.8885527662932873,0.9628509283065796,4.408098550304248,False,False,True,False,True,False,False,Route A source-only paired closed-loop delta diagnostic preflight only,"validation, ranking, winner selection, checkpoint promotion, success-rate verdict, repair success, driver performance, paper evidence, finite-window-vs-GRU conclusion, current-sim verdict, high-fidelity validation, full ideal driver completion, or level3 self-identification"
m2784_pair_stable_avoidable_fresh_fault_delay_noise_recurrent_hidden_reset_stress_seed_264102,m2784_pair_stable_avoidable_fresh_fault_delay_noise_recurrent_hidden_reset_stress_seed_264102_source,source,runs/m2655_engineering_controller_route_a_source_only_gap_targeted_repair_mitigation_preserving_execution/checkpoints/m2655_mitigation_preserving_actor_head_repair.pt,e6ecf4bc3f273ea8f7bd4149c068708a86c0969a982cac602635339639938b87,de902e8fe83a0904c8c59fcf1ef60e264e1cfaf9524ef1934e629a594da8379c,stable_avoidable,fresh_fault_delay_noise,recurrent_hidden_reset_stress,2,264102,m2779_curriculum_recurrent_hidden_reset_stress_stable_avoidable_fresh_fault_delay_noise,m2641_source_only_stable_avoidable_base_fresh_seed_264102_axis_fault_delay_noise,reset_actor_state_before_action,0,80,80,72,3,True,True,True,True,True,True,True,False,False,running,17.238340565543922,0.8661550713831541,0.8710387388713328,False,False,0.8299356320173767,0.4939063282178925,1.3097162931827175,0.0,1.0,0.0,0.9774526953697205,0.876190685480833,0.9587302312254906,4.959899326033289,False,False,True,False,True,False,False,Route A source-only paired closed-loop delta diagnostic preflight only,"validation, ranking, winner selection, checkpoint promotion, success-rate verdict, repair success, driver performance, paper evidence, finite-window-vs-GRU conclusion, current-sim verdict, high-fidelity validation, full ideal driver completion, or level3 self-identification"
m2784_pair_stable_avoidable_fresh_fault_delay_noise_recurrent_hidden_reset_stress_seed_264102,m2784_pair_stable_avoidable_fresh_fault_delay_noise_recurrent_hidden_reset_stress_seed_264102_candidate,candidate,runs/m2782_engineering_controller_route_a_source_only_belief_stress_short_training_continuation_preflight/checkpoints/m2782_belief_stress_short_training_candidate.pt,96944838f1075e6ce6d463f336056f1d81799d7ac69d419ca3a9644582cc0ae8,38cdca17cf4c3936adb0f545be8714ffe431f8574625419455d2acb4b5d3eeae,stable_avoidable,fresh_fault_delay_noise,recurrent_hidden_reset_stress,2,264102,m2779_curriculum_recurrent_hidden_reset_stress_stable_avoidable_fresh_fault_delay_noise,m2641_source_only_stable_avoidable_base_fresh_seed_264102_axis_fault_delay_noise,reset_actor_state_before_action,0,80,80,72,3,True,True,True,True,True,True,True,False,False,running,17.23968518158258,0.8675635168677509,0.8724783044961464,False,False,0.8320628869263315,0.4934505177023577,1.3083078476981207,0.0,1.0,0.0,0.9777296781539917,0.8770763300359249,0.9590254418551922,4.961104365522692,False,False,True,False,True,False,False,Route A source-only paired closed-loop delta diagnostic preflight only,"validation, ranking, winner selection, checkpoint promotion, success-rate verdict, repair success, driver performance, paper evidence, finite-window-vs-GRU conclusion, current-sim verdict, high-fidelity validation, full ideal driver completion, or level3 self-identification"
m2784_pair_stable_avoidable_fresh_fault_delay_noise_recurrent_hidden_reset_stress_seed_264103,m2784_pair_stable_avoidable_fresh_fault_delay_noise_recurrent_hidden_reset_stress_seed_264103_source,source,runs/m2655_engineering_controller_route_a_source_only_gap_targeted_repair_mitigation_preserving_execution/checkpoints/m2655_mitigation_preserving_actor_head_repair.pt,e6ecf4bc3f273ea8f7bd4149c068708a86c0969a982cac602635339639938b87,de902e8fe83a0904c8c59fcf1ef60e264e1cfaf9524ef1934e629a594da8379c,stable_avoidable,fresh_fault_delay_noise,recurrent_hidden_reset_stress,3,264103,m2779_curriculum_recurrent_hidden_reset_stress_stable_avoidable_fresh_fault_delay_noise,m2641_source_only_stable_avoidable_base_fresh_seed_264103_axis_fault_delay_noise,reset_actor_state_before_action,0,80,80,72,3,True,True,True,True,True,True,True,False,False,running,13.447703073079799,-0.5284942701331907,-0.5284942701331907,False,True,1.2132099435693324,0.6385257977343052,2.50079087051536,0.0,1.0,0.0,0.9774684309959412,0.8943256720900535,0.9647752225399018,3.8244307907381057,False,False,True,False,True,False,False,Route A source-only paired closed-loop delta diagnostic preflight only,"validation, ranking, winner selection, checkpoint promotion, success-rate verdict, repair success, driver performance, paper evidence, finite-window-vs-GRU conclusion, current-sim verdict, high-fidelity validation, full ideal driver completion, or level3 self-identification"
m2784_pair_stable_avoidable_fresh_fault_delay_noise_recurrent_hidden_reset_stress_seed_264103,m2784_pair_stable_avoidable_fresh_fault_delay_noise_recurrent_hidden_reset_stress_seed_264103_candidate,candidate,runs/m2782_engineering_controller_route_a_source_only_belief_stress_short_training_continuation_preflight/checkpoints/m2782_belief_stress_short_training_candidate.pt,96944838f1075e6ce6d463f336056f1d81799d7ac69d419ca3a9644582cc0ae8,38cdca17cf4c3936adb0f545be8714ffe431f8574625419455d2acb4b5d3eeae,stable_avoidable,fresh_fault_delay_noise,recurrent_hidden_reset_stress,3,264103,m2779_curriculum_recurrent_hidden_reset_stress_stable_avoidable_fresh_fault_delay_noise,m2641_source_only_stable_avoidable_base_fresh_seed_264103_axis_fault_delay_noise,reset_actor_state_before_action,0,80,80,72,3,True,True,True,True,True,True,True,False,False,running,13.44882740331842,-0.5270214930216963,-0.5270214930216963,False,True,1.2114631118816606,0.6384771666506898,2.499317994402957,0.0,1.0,0.0,0.9777453541755676,0.8952183797955513,0.9650727987289429,3.825518506656556,False,False,True,False,True,False,False,Route A source-only paired closed-loop delta diagnostic preflight only,"validation, ranking, winner selection, checkpoint promotion, success-rate verdict, repair success, driver performance, paper evidence, finite-window-vs-GRU conclusion, current-sim verdict, high-fidelity validation, full ideal driver completion, or level3 self-identification"
m2784_pair_stable_avoidable_fresh_nominal_or_role_default_held_actuator_history_stress_seed_264100,m2784_pair_stable_avoidable_fresh_nominal_or_role_default_held_actuator_history_stress_seed_264100_source,source,runs/m2655_engineering_controller_route_a_source_only_gap_targeted_repair_mitigation_preserving_execution/checkpoints/m2655_mitigation_preserving_actor_head_repair.pt,e6ecf4bc3f273ea8f7bd4149c068708a86c0969a982cac602635339639938b87,de902e8fe83a0904c8c59fcf1ef60e264e1cfaf9524ef1934e629a594da8379c,stable_avoidable,fresh_nominal_or_role_default,held_actuator_history_stress,0,264100,m2779_curriculum_held_actuator_history_stress_stable_avoidable_fresh_nominal_or_role_default,m2641_source_only_stable_avoidable_base_fresh_seed_264100_axis_nominal,one_warmup_step_held_actuator_history,1,80,80,72,3,True,True,True,True,True,True,True,False,False,running,18.219572060104785,0.586091350660064,0.5867903996556054,False,False,0.5384123171540359,0.5881660198545754,1.5413254075992,0.0,1.0,0.0,0.9749951958656311,0.8712508536875248,0.9570836164057255,4.803497454512466,False,False,True,False,True,False,False,Route A source-only paired closed-loop delta diagnostic preflight only,"validation, ranking, winner selection, checkpoint promotion, success-rate verdict, repair success, driver performance, paper evidence, finite-window-vs-GRU conclusion, current-sim verdict, high-fidelity validation, full ideal driver completion, or level3 self-identification"
m2784_pair_stable_avoidable_fresh_nominal_or_role_default_held_actuator_history_stress_seed_264100,m2784_pair_stable_avoidable_fresh_nominal_or_role_default_held_actuator_history_stress_seed_264100_candidate,candidate,runs/m2782_engineering_controller_route_a_source_only_belief_stress_short_training_continuation_preflight/checkpoints/m2782_belief_stress_short_training_candidate.pt,96944838f1075e6ce6d463f336056f1d81799d7ac69d419ca3a9644582cc0ae8,38cdca17cf4c3936adb0f545be8714ffe431f8574625419455d2acb4b5d3eeae,stable_avoidable,fresh_nominal_or_role_default,held_actuator_history_stress,0,264100,m2779_curriculum_held_actuator_history_stress_stable_avoidable_fresh_nominal_or_role_default,m2641_source_only_stable_avoidable_base_fresh_seed_264100_axis_nominal,one_warmup_step_held_actuator_history,1,80,80,72,3,True,True,True,True,True,True,True,False,False,running,18.220957203779996,0.5878113193203205,0.5885115405482542,False,False,0.5391180550987181,0.5877607854141065,1.5396053803255356,0.0,1.0,0.0,0.9753018021583557,0.8722149401903152,0.9574049852788449,4.80380459702135,False,False,True,False,True,False,False,Route A source-only paired closed-loop delta diagnostic preflight only,"validation, ranking, winner selection, checkpoint promotion, success-rate verdict, repair success, driver performance, paper evidence, finite-window-vs-GRU conclusion, current-sim verdict, high-fidelity validation, full ideal driver completion, or level3 self-identification"
m2784_pair_stable_avoidable_fresh_nominal_or_role_default_held_actuator_history_stress_seed_264101,m2784_pair_stable_avoidable_fresh_nominal_or_role_default_held_actuator_history_stress_seed_264101_source,source,runs/m2655_engineering_controller_route_a_source_only_gap_targeted_repair_mitigation_preserving_execution/checkpoints/m2655_mitigation_preserving_actor_head_repair.pt,e6ecf4bc3f273ea8f7bd4149c068708a86c0969a982cac602635339639938b87,de902e8fe83a0904c8c59fcf1ef60e264e1cfaf9524ef1934e629a594da8379c,stable_avoidable,fresh_nominal_or_role_default,held_actuator_history_stress,1,264101,m2779_curriculum_held_actuator_history_stress_stable_avoidable_fresh_nominal_or_role_default,m2641_source_only_stable_avoidable_base_fresh_seed_264101_axis_nominal,one_warmup_step_held_actuator_history,1,80,80,72,3,True,True,True,True,True,True,True,False,False,running,17.58005260844695,0.16377422025512667,0.16377422025512667,False,False,0.2894544830514804,0.6399563450930162,1.9956731523399998,0.0,1.0,0.0,0.9753243923187256,0.879604259878397,0.9598680876195431,4.822783474682062,False,False,True,False,True,False,False,Route A source-only paired closed-loop delta diagnostic preflight only,"validation, ranking, winner selection, checkpoint promotion, success-rate verdict, repair success, driver performance, paper evidence, finite-window-vs-GRU conclusion, current-sim verdict, high-fidelity validation, full ideal driver completion, or level3 self-identification"
m2784_pair_stable_avoidable_fresh_nominal_or_role_default_held_actuator_history_stress_seed_264101,m2784_pair_stable_avoidable_fresh_nominal_or_role_default_held_actuator_history_stress_seed_264101_candidate,candidate,runs/m2782_engineering_controller_route_a_source_only_belief_stress_short_training_continuation_preflight/checkpoints/m2782_belief_stress_short_training_candidate.pt,96944838f1075e6ce6d463f336056f1d81799d7ac69d419ca3a9644582cc0ae8,38cdca17cf4c3936adb0f545be8714ffe431f8574625419455d2acb4b5d3eeae,stable_avoidable,fresh_nominal_or_role_default,held_actuator_history_stress,1,264101,m2779_curriculum_held_actuator_history_stress_stable_avoidable_fresh_nominal_or_role_default,m2641_source_only_stable_avoidable_base_fresh_seed_264101_axis_nominal,one_warmup_step_held_actuator_history,1,80,80,72,3,True,True,True,True,True,True,True,False,False,running,17.581540494544043,0.1658359215627263,0.1658359215627263,False,False,0.29077227677915446,0.6397701120434874,1.9936112894225297,0.0,1.0,0.0,0.975627064704895,0.8805420845746994,0.9601806983351707,4.824336869636367,False,False,True,False,True,False,False,Route A source-only paired closed-loop delta diagnostic preflight only,"validation, ranking, winner selection, checkpoint promotion, success-rate verdict, repair success, driver performance, paper evidence, finite-window-vs-GRU conclusion, current-sim verdict, high-fidelity validation, full ideal driver completion, or level3 self-identification"
m2784_pair_stable_avoidable_fresh_nominal_or_role_default_held_actuator_history_stress_seed_264102,m2784_pair_stable_avoidable_fresh_nominal_or_role_default_held_actuator_history_stress_seed_264102_source,source,runs/m2655_engineering_controller_route_a_source_only_gap_targeted_repair_mitigation_preserving_execution/checkpoints/m2655_mitigation_preserving_actor_head_repair.pt,e6ecf4bc3f273ea8f7bd4149c068708a86c0969a982cac602635339639938b87,de902e8fe83a0904c8c59fcf1ef60e264e1cfaf9524ef1934e629a594da8379c,stable_avoidable,fresh_nominal_or_role_default,held_actuator_history_stress,2,264102,m2779_curriculum_held_actuator_history_stress_stable_avoidable_fresh_nominal_or_role_default,m2641_source_only_stable_avoidable_base_fresh_seed_264102_axis_nominal,one_warmup_step_held_actuator_history,1,80,80,72,3,True,True,True,True,True,True,True,False,False,running,17.015270180872086,0.23233180107731832,0.23233180107731832,False,False,0.4341572426472303,0.662112291944854,1.9435395634885533,0.0,1.0,0.0,0.9739079475402832,0.8784262001514435,0.9594754002988338,4.800386562910168,False,False,True,False,True,False,False,Route A source-only paired closed-loop delta diagnostic preflight only,"validation, ranking, winner selection, checkpoint promotion, success-rate verdict, repair success, driver performance, paper evidence, finite-window-vs-GRU conclusion, current-sim verdict, high-fidelity validation, full ideal driver completion, or level3 self-identification"
m2784_pair_stable_avoidable_fresh_nominal_or_role_default_held_actuator_history_stress_seed_264102,m2784_pair_stable_avoidable_fresh_nominal_or_role_default_held_actuator_history_stress_seed_264102_candidate,candidate,runs/m2782_engineering_controller_route_a_source_only_belief_stress_short_training_continuation_preflight/checkpoints/m2782_belief_stress_short_training_candidate.pt,96944838f1075e6ce6d463f336056f1d81799d7ac69d419ca3a9644582cc0ae8,38cdca17cf4c3936adb0f545be8714ffe431f8574625419455d2acb4b5d3eeae,stable_avoidable,fresh_nominal_or_role_default,held_actuator_history_stress,2,264102,m2779_curriculum_held_actuator_history_stress_stable_avoidable_fresh_nominal_or_role_default,m2641_source_only_stable_avoidable_base_fresh_seed_264102_axis_nominal,one_warmup_step_held_actuator_history,1,80,80,72,3,True,True,True,True,True,True,True,False,False,running,17.017094112764966,0.23426409304665108,0.23426409304665108,False,False,0.4365022605125134,0.6619691263139363,1.9416072715192205,0.0,1.0,0.0,0.9742276072502136,0.8793820805847645,0.9597940303385257,4.801955218070292,False,False,True,False,True,False,False,Route A source-only paired closed-loop delta diagnostic preflight only,"validation, ranking, winner selection, checkpoint promotion, success-rate verdict, repair success, driver performance, paper evidence, finite-window-vs-GRU conclusion, current-sim verdict, high-fidelity validation, full ideal driver completion, or level3 self-identification"
m2784_pair_stable_avoidable_fresh_nominal_or_role_default_held_actuator_history_stress_seed_264103,m2784_pair_stable_avoidable_fresh_nominal_or_role_default_held_actuator_history_stress_seed_264103_source,source,runs/m2655_engineering_controller_route_a_source_only_gap_targeted_repair_mitigation_preserving_execution/checkpoints/m2655_mitigation_preserving_actor_head_repair.pt,e6ecf4bc3f273ea8f7bd4149c068708a86c0969a982cac602635339639938b87,de902e8fe83a0904c8c59fcf1ef60e264e1cfaf9524ef1934e629a594da8379c,stable_avoidable,fresh_nominal_or_role_default,held_actuator_history_stress,3,264103,m2779_curriculum_held_actuator_history_stress_stable_avoidable_fresh_nominal_or_role_default,m2641_source_only_stable_avoidable_base_fresh_seed_264103_axis_nominal,one_warmup_step_held_actuator_history,1,80,80,72,3,True,True,True,True,True,True,True,False,False,running,14.21521912748708,-0.04954330914561833,-0.04954330914561833,False,True,0.390970393242422,0.6401672564306512,2.021772327260336,0.0,1.0,0.0,0.9764652848243713,0.8899141475558281,0.9633047081530094,4.743113143923657,False,False,True,False,True,False,False,Route A source-only paired closed-loop delta diagnostic preflight only,"validation, ranking, winner selection, checkpoint promotion, success-rate verdict, repair success, driver performance, paper evidence, finite-window-vs-GRU conclusion, current-sim verdict, high-fidelity validation, full ideal driver completion, or level3 self-identification"
m2784_pair_stable_avoidable_fresh_nominal_or_role_default_held_actuator_history_stress_seed_264103,m2784_pair_stable_avoidable_fresh_nominal_or_role_default_held_actuator_history_stress_seed_264103_candidate,candidate,runs/m2782_engineering_controller_route_a_source_only_belief_stress_short_training_continuation_preflight/checkpoints/m2782_belief_stress_short_training_candidate.pt,96944838f1075e6ce6d463f336056f1d81799d7ac69d419ca3a9644582cc0ae8,38cdca17cf4c3936adb0f545be8714ffe431f8574625419455d2acb4b5d3eeae,stable_avoidable,fresh_nominal_or_role_default,held_actuator_history_stress,3,264103,m2779_curriculum_held_actuator_history_stress_stable_avoidable_fresh_nominal_or_role_default,m2641_source_only_stable_avoidable_base_fresh_seed_264103_axis_nominal,one_warmup_step_held_actuator_history,1,80,80,72,3,True,True,True,True,True,True,True,False,False,running,14.216807320567836,-0.04788449296845876,-0.04788449296845876,False,True,0.39295685172193295,0.639981181129676,2.0201133712376462,0.0,1.0,0.0,0.9767543077468872,0.8908230990171433,0.9636076994240284,4.7445035135914075,False,False,True,False,True,False,False,Route A source-only paired closed-loop delta diagnostic preflight only,"validation, ranking, winner selection, checkpoint promotion, success-rate verdict, repair success, driver performance, paper evidence, finite-window-vs-GRU conclusion, current-sim verdict, high-fidelity validation, full ideal driver completion, or level3 self-identification"
m2784_pair_stable_avoidable_fresh_nominal_or_role_default_previous_command_history_stress_seed_264100,m2784_pair_stable_avoidable_fresh_nominal_or_role_default_previous_command_history_stress_seed_264100_source,source,runs/m2655_engineering_controller_route_a_source_only_gap_targeted_repair_mitigation_preserving_execution/checkpoints/m2655_mitigation_preserving_actor_head_repair.pt,e6ecf4bc3f273ea8f7bd4149c068708a86c0969a982cac602635339639938b87,de902e8fe83a0904c8c59fcf1ef60e264e1cfaf9524ef1934e629a594da8379c,stable_avoidable,fresh_nominal_or_role_default,previous_command_history_stress,0,264100,m2779_curriculum_previous_command_history_stress_stable_avoidable_fresh_nominal_or_role_default,m2641_source_only_stable_avoidable_base_fresh_seed_264100_axis_nominal,zero_previous_command_history,0,80,80,72,3,True,True,True,True,True,True,True,False,False,running,18.376473891361414,0.6573874549602363,0.6582637847567538,False,False,0.5658166642235899,0.5778912833018033,1.4700226399176535,0.0,1.0,0.0,0.9770610928535461,0.8772324591875076,0.9590774826705456,4.801846155502305,False,False,True,False,True,False,False,Route A source-only paired closed-loop delta diagnostic preflight only,"validation, ranking, winner selection, checkpoint promotion, success-rate verdict, repair success, driver performance, paper evidence, finite-window-vs-GRU conclusion, current-sim verdict, high-fidelity validation, full ideal driver completion, or level3 self-identification"
m2784_pair_stable_avoidable_fresh_nominal_or_role_default_previous_command_history_stress_seed_264100,m2784_pair_stable_avoidable_fresh_nominal_or_role_default_previous_command_history_stress_seed_264100_candidate,candidate,runs/m2782_engineering_controller_route_a_source_only_belief_stress_short_training_continuation_preflight/checkpoints/m2782_belief_stress_short_training_candidate.pt,96944838f1075e6ce6d463f336056f1d81799d7ac69d419ca3a9644582cc0ae8,38cdca17cf4c3936adb0f545be8714ffe431f8574625419455d2acb4b5d3eeae,stable_avoidable,fresh_nominal_or_role_default,previous_command_history_stress,0,264100,m2779_curriculum_previous_command_history_stress_stable_avoidable_fresh_nominal_or_role_default,m2641_source_only_stable_avoidable_base_fresh_seed_264100_axis_nominal,zero_previous_command_history,0,80,80,72,3,True,True,True,True,True,True,True,False,False,running,18.37797150784114,0.6589234674818893,0.6598165493801189,False,False,0.5680238596967925,0.5777484744461933,1.4684865654371597,0.0,1.0,0.0,0.9773429036140442,0.8781522437930107,0.9593840852379799,4.803190866258737,False,False,True,False,True,False,False,Route A source-only paired closed-loop delta diagnostic preflight only,"validation, ranking, winner selection, checkpoint promotion, success-rate verdict, repair success, driver performance, paper evidence, finite-window-vs-GRU conclusion, current-sim verdict, high-fidelity validation, full ideal driver completion, or level3 self-identification"
m2784_pair_stable_avoidable_fresh_nominal_or_role_default_previous_command_history_stress_seed_264101,m2784_pair_stable_avoidable_fresh_nominal_or_role_default_previous_command_history_stress_seed_264101_source,source,runs/m2655_engineering_controller_route_a_source_only_gap_targeted_repair_mitigation_preserving_execution/checkpoints/m2655_mitigation_preserving_actor_head_repair.pt,e6ecf4bc3f273ea8f7bd4149c068708a86c0969a982cac602635339639938b87,de902e8fe83a0904c8c59fcf1ef60e264e1cfaf9524ef1934e629a594da8379c,stable_avoidable,fresh_nominal_or_role_default,previous_command_history_stress,1,264101,m2779_curriculum_previous_command_history_stress_stable_avoidable_fresh_nominal_or_role_default,m2641_source_only_stable_avoidable_base_fresh_seed_264101_axis_nominal,zero_previous_command_history,0,80,80,72,3,True,True,True,True,True,True,True,False,False,running,17.73131729796093,0.2860996745211566,0.2860996745211566,False,False,0.3020312632814345,0.6270146263901988,1.8733312681423337,0.0,1.0,0.0,0.9774438142776489,0.8855882912874222,0.9618627607822419,4.817620893107352,False,False,True,False,True,False,False,Route A source-only paired closed-loop delta diagnostic preflight only,"validation, ranking, winner selection, checkpoint promotion, success-rate verdict, repair success, driver performance, paper evidence, finite-window-vs-GRU conclusion, current-sim verdict, high-fidelity validation, full ideal driver completion, or level3 self-identification"
m2784_pair_stable_avoidable_fresh_nominal_or_role_default_previous_command_history_stress_seed_264101,m2784_pair_stable_avoidable_fresh_nominal_or_role_default_previous_command_history_stress_seed_264101_candidate,candidate,runs/m2782_engineering_controller_route_a_source_only_belief_stress_short_training_continuation_preflight/checkpoints/m2782_belief_stress_short_training_candidate.pt,96944838f1075e6ce6d463f336056f1d81799d7ac69d419ca3a9644582cc0ae8,38cdca17cf4c3936adb0f545be8714ffe431f8574625419455d2acb4b5d3eeae,stable_avoidable,fresh_nominal_or_role_default,previous_command_history_stress,1,264101,m2779_curriculum_previous_command_history_stress_stable_avoidable_fresh_nominal_or_role_default,m2641_source_only_stable_avoidable_base_fresh_seed_264101_axis_nominal,zero_previous_command_history,0,80,80,72,3,True,True,True,True,True,True,True,False,False,running,17.73277116797253,0.2878899259397214,0.2878899259397214,False,False,0.303549060098419,0.626863942072137,1.8715408588086275,0.0,1.0,0.0,0.9777209758758545,0.8864911690354347,0.962163720279932,4.819064750728238,False,False,True,False,True,False,False,Route A source-only paired closed-loop delta diagnostic preflight only,"validation, ranking, winner selection, checkpoint promotion, success-rate verdict, repair success, driver performance, paper evidence, finite-window-vs-GRU conclusion, current-sim verdict, high-fidelity validation, full ideal driver completion, or level3 self-identification"
m2784_pair_stable_avoidable_fresh_nominal_or_role_default_previous_command_history_stress_seed_264102,m2784_pair_stable_avoidable_fresh_nominal_or_role_default_previous_command_history_stress_seed_264102_source,source,runs/m2655_engineering_controller_route_a_source_only_gap_targeted_repair_mitigation_preserving_execution/checkpoints/m2655_mitigation_preserving_actor_head_repair.pt,e6ecf4bc3f273ea8f7bd4149c068708a86c0969a982cac602635339639938b87,de902e8fe83a0904c8c59fcf1ef60e264e1cfaf9524ef1934e629a594da8379c,stable_avoidable,fresh_nominal_or_role_default,previous_command_history_stress,2,264102,m2779_curriculum_previous_command_history_stress_stable_avoidable_fresh_nominal_or_role_default,m2641_source_only_stable_avoidable_base_fresh_seed_264102_axis_nominal,zero_previous_command_history,0,80,80,72,3,True,True,True,True,True,True,True,False,False,running,17.168931417868407,0.3602119894619873,0.3603556170170321,False,False,0.4697891016790338,0.6421572407324426,1.8156593751038843,0.0,1.0,0.0,0.9773457646369934,0.8879669189453125,0.9626556396484375,4.79270406947358,False,False,True,False,True,False,False,Route A source-only paired closed-loop delta diagnostic preflight only,"validation, ranking, winner selection, checkpoint promotion, success-rate verdict, repair success, driver performance, paper evidence, finite-window-vs-GRU conclusion, current-sim verdict, high-fidelity validation, full ideal driver completion, or level3 self-identification"
m2784_pair_stable_avoidable_fresh_nominal_or_role_default_previous_command_history_stress_seed_264102,m2784_pair_stable_avoidable_fresh_nominal_or_role_default_previous_command_history_stress_seed_264102_candidate,candidate,runs/m2782_engineering_controller_route_a_source_only_belief_stress_short_training_continuation_preflight/checkpoints/m2782_belief_stress_short_training_candidate.pt,96944838f1075e6ce6d463f336056f1d81799d7ac69d419ca3a9644582cc0ae8,38cdca17cf4c3936adb0f545be8714ffe431f8574625419455d2acb4b5d3eeae,stable_avoidable,fresh_nominal_or_role_default,previous_command_history_stress,2,264102,m2779_curriculum_previous_command_history_stress_stable_avoidable_fresh_nominal_or_role_default,m2641_source_only_stable_avoidable_base_fresh_seed_264102_axis_nominal,zero_previous_command_history,0,80,80,72,3,True,True,True,True,True,True,True,False,False,running,17.170641573031368,0.36175065996132894,0.36191619325661306,False,False,0.4720059490589947,0.6420395862999675,1.8141207046045427,0.0,1.0,0.0,0.9776240587234497,0.8888699240982533,0.9629566423594952,4.794152021480414,False,False,True,False,True,False,False,Route A source-only paired closed-loop delta diagnostic preflight only,"validation, ranking, winner selection, checkpoint promotion, success-rate verdict, repair success, driver performance, paper evidence, finite-window-vs-GRU conclusion, current-sim verdict, high-fidelity validation, full ideal driver completion, or level3 self-identification"
m2784_pair_stable_avoidable_fresh_nominal_or_role_default_previous_command_history_stress_seed_264103,m2784_pair_stable_avoidable_fresh_nominal_or_role_default_previous_command_history_stress_seed_264103_source,source,runs/m2655_engineering_controller_route_a_source_only_gap_targeted_repair_mitigation_preserving_execution/checkpoints/m2655_mitigation_preserving_actor_head_repair.pt,e6ecf4bc3f273ea8f7bd4149c068708a86c0969a982cac602635339639938b87,de902e8fe83a0904c8c59fcf1ef60e264e1cfaf9524ef1934e629a594da8379c,stable_avoidable,fresh_nominal_or_role_default,previous_command_history_stress,3,264103,m2779_curriculum_previous_command_history_stress_stable_avoidable_fresh_nominal_or_role_default,m2641_source_only_stable_avoidable_base_fresh_seed_264103_axis_nominal,zero_previous_command_history,0,80,80,72,3,True,True,True,True,True,True,True,False,False,running,14.361140242836276,0.005823992722044258,0.005823992722044258,False,False,0.4050979843298118,0.6339264977621439,1.9663921765671823,0.0,1.0,0.0,0.9773756861686707,0.893567682057619,0.9645225591957569,4.736945447787279,False,False,True,False,True,False,False,Route A source-only paired closed-loop delta diagnostic preflight only,"validation, ranking, winner selection, checkpoint promotion, success-rate verdict, repair success, driver performance, paper evidence, finite-window-vs-GRU conclusion, current-sim verdict, high-fidelity validation, full ideal driver completion, or level3 self-identification"
m2784_pair_stable_avoidable_fresh_nominal_or_role_default_previous_command_history_stress_seed_264103,m2784_pair_stable_avoidable_fresh_nominal_or_role_default_previous_command_history_stress_seed_264103_candidate,candidate,runs/m2782_engineering_controller_route_a_source_only_belief_stress_short_training_continuation_preflight/checkpoints/m2782_belief_stress_short_training_candidate.pt,96944838f1075e6ce6d463f336056f1d81799d7ac69d419ca3a9644582cc0ae8,38cdca17cf4c3936adb0f545be8714ffe431f8574625419455d2acb4b5d3eeae,stable_avoidable,fresh_nominal_or_role_default,previous_command_history_stress,3,264103,m2779_curriculum_previous_command_history_stress_stable_avoidable_fresh_nominal_or_role_default,m2641_source_only_stable_avoidable_base_fresh_seed_264103_axis_nominal,zero_previous_command_history,0,80,80,72,3,True,True,True,True,True,True,True,False,False,running,14.36270589934574,0.007358970003298104,0.007358970003298104,False,False,0.407073988598736,0.6337405286493344,1.9648570614248162,0.0,1.0,0.0,0.9776536822319031,0.8944588534533977,0.9648196138441563,4.738328153882449,False,False,True,False,True,False,False,Route A source-only paired closed-loop delta diagnostic preflight only,"validation, ranking, winner selection, checkpoint promotion, success-rate verdict, repair success, driver performance, paper evidence, finite-window-vs-GRU conclusion, current-sim verdict, high-fidelity validation, full ideal driver completion, or level3 self-identification"
m2784_pair_stable_avoidable_fresh_nominal_or_role_default_recurrent_hidden_reset_stress_seed_264100,m2784_pair_stable_avoidable_fresh_nominal_or_role_default_recurrent_hidden_reset_stress_seed_264100_source,source,runs/m2655_engineering_controller_route_a_source_only_gap_targeted_repair_mitigation_preserving_execution/checkpoints/m2655_mitigation_preserving_actor_head_repair.pt,e6ecf4bc3f273ea8f7bd4149c068708a86c0969a982cac602635339639938b87,de902e8fe83a0904c8c59fcf1ef60e264e1cfaf9524ef1934e629a594da8379c,stable_avoidable,fresh_nominal_or_role_default,recurrent_hidden_reset_stress,0,264100,m2779_curriculum_recurrent_hidden_reset_stress_stable_avoidable_fresh_nominal_or_role_default,m2641_source_only_stable_avoidable_base_fresh_seed_264100_axis_nominal,reset_actor_state_before_action,0,80,80,72,3,True,True,True,True,True,True,True,False,False,running,18.376473891361414,0.6573874549602363,0.6582637847567538,False,False,0.5658166642235899,0.5778912833018033,1.4700226399176535,0.0,1.0,0.0,0.9770610928535461,0.8772324591875076,0.9590774826705456,4.801846155502305,False,False,True,False,True,False,False,Route A source-only paired closed-loop delta diagnostic preflight only,"validation, ranking, winner selection, checkpoint promotion, success-rate verdict, repair success, driver performance, paper evidence, finite-window-vs-GRU conclusion, current-sim verdict, high-fidelity validation, full ideal driver completion, or level3 self-identification"
m2784_pair_stable_avoidable_fresh_nominal_or_role_default_recurrent_hidden_reset_stress_seed_264100,m2784_pair_stable_avoidable_fresh_nominal_or_role_default_recurrent_hidden_reset_stress_seed_264100_candidate,candidate,runs/m2782_engineering_controller_route_a_source_only_belief_stress_short_training_continuation_preflight/checkpoints/m2782_belief_stress_short_training_candidate.pt,96944838f1075e6ce6d463f336056f1d81799d7ac69d419ca3a9644582cc0ae8,38cdca17cf4c3936adb0f545be8714ffe431f8574625419455d2acb4b5d3eeae,stable_avoidable,fresh_nominal_or_role_default,recurrent_hidden_reset_stress,0,264100,m2779_curriculum_recurrent_hidden_reset_stress_stable_avoidable_fresh_nominal_or_role_default,m2641_source_only_stable_avoidable_base_fresh_seed_264100_axis_nominal,reset_actor_state_before_action,0,80,80,72,3,True,True,True,True,True,True,True,False,False,running,18.37797150784114,0.6589234674818893,0.6598165493801189,False,False,0.5680238596967925,0.5777484744461933,1.4684865654371597,0.0,1.0,0.0,0.9773429036140442,0.8781522437930107,0.9593840852379799,4.803190866258737,False,False,True,False,True,False,False,Route A source-only paired closed-loop delta diagnostic preflight only,"validation, ranking, winner selection, checkpoint promotion, success-rate verdict, repair success, driver performance, paper evidence, finite-window-vs-GRU conclusion, current-sim verdict, high-fidelity validation, full ideal driver completion, or level3 self-identification"
m2784_pair_stable_avoidable_fresh_nominal_or_role_default_recurrent_hidden_reset_stress_seed_264101,m2784_pair_stable_avoidable_fresh_nominal_or_role_default_recurrent_hidden_reset_stress_seed_264101_source,source,runs/m2655_engineering_controller_route_a_source_only_gap_targeted_repair_mitigation_preserving_execution/checkpoints/m2655_mitigation_preserving_actor_head_repair.pt,e6ecf4bc3f273ea8f7bd4149c068708a86c0969a982cac602635339639938b87,de902e8fe83a0904c8c59fcf1ef60e264e1cfaf9524ef1934e629a594da8379c,stable_avoidable,fresh_nominal_or_role_default,recurrent_hidden_reset_stress,1,264101,m2779_curriculum_recurrent_hidden_reset_stress_stable_avoidable_fresh_nominal_or_role_default,m2641_source_only_stable_avoidable_base_fresh_seed_264101_axis_nominal,reset_actor_state_before_action,0,80,80,72,3,True,True,True,True,True,True,True,False,False,running,17.73131729796093,0.2860996745211566,0.2860996745211566,False,False,0.3020312632814345,0.6270146263901988,1.8733312681423337,0.0,1.0,0.0,0.9774438142776489,0.8855882912874222,0.9618627607822419,4.817620893107352,False,False,True,False,True,False,False,Route A source-only paired closed-loop delta diagnostic preflight only,"validation, ranking, winner selection, checkpoint promotion, success-rate verdict, repair success, driver performance, paper evidence, finite-window-vs-GRU conclusion, current-sim verdict, high-fidelity validation, full ideal driver completion, or level3 self-identification"
m2784_pair_stable_avoidable_fresh_nominal_or_role_default_recurrent_hidden_reset_stress_seed_264101,m2784_pair_stable_avoidable_fresh_nominal_or_role_default_recurrent_hidden_reset_stress_seed_264101_candidate,candidate,runs/m2782_engineering_controller_route_a_source_only_belief_stress_short_training_continuation_preflight/checkpoints/m2782_belief_stress_short_training_candidate.pt,96944838f1075e6ce6d463f336056f1d81799d7ac69d419ca3a9644582cc0ae8,38cdca17cf4c3936adb0f545be8714ffe431f8574625419455d2acb4b5d3eeae,stable_avoidable,fresh_nominal_or_role_default,recurrent_hidden_reset_stress,1,264101,m2779_curriculum_recurrent_hidden_reset_stress_stable_avoidable_fresh_nominal_or_role_default,m2641_source_only_stable_avoidable_base_fresh_seed_264101_axis_nominal,reset_actor_state_before_action,0,80,80,72,3,True,True,True,True,True,True,True,False,False,running,17.73277116797253,0.2878899259397214,0.2878899259397214,False,False,0.303549060098419,0.626863942072137,1.8715408588086275,0.0,1.0,0.0,0.9777209758758545,0.8864911690354347,0.962163720279932,4.819064750728238,False,False,True,False,True,False,False,Route A source-only paired closed-loop delta diagnostic preflight only,"validation, ranking, winner selection, checkpoint promotion, success-rate verdict, repair success, driver performance, paper evidence, finite-window-vs-GRU conclusion, current-sim verdict, high-fidelity validation, full ideal driver completion, or level3 self-identification"
m2784_pair_stable_avoidable_fresh_nominal_or_role_default_recurrent_hidden_reset_stress_seed_264102,m2784_pair_stable_avoidable_fresh_nominal_or_role_default_recurrent_hidden_reset_stress_seed_264102_source,source,runs/m2655_engineering_controller_route_a_source_only_gap_targeted_repair_mitigation_preserving_execution/checkpoints/m2655_mitigation_preserving_actor_head_repair.pt,e6ecf4bc3f273ea8f7bd4149c068708a86c0969a982cac602635339639938b87,de902e8fe83a0904c8c59fcf1ef60e264e1cfaf9524ef1934e629a594da8379c,stable_avoidable,fresh_nominal_or_role_default,recurrent_hidden_reset_stress,2,264102,m2779_curriculum_recurrent_hidden_reset_stress_stable_avoidable_fresh_nominal_or_role_default,m2641_source_only_stable_avoidable_base_fresh_seed_264102_axis_nominal,reset_actor_state_before_action,0,80,80,72,3,True,True,True,True,True,True,True,False,False,running,17.168931417868407,0.3602119894619873,0.3603556170170321,False,False,0.4697891016790338,0.6421572407324426,1.8156593751038843,0.0,1.0,0.0,0.9773457646369934,0.8879669189453125,0.9626556396484375,4.79270406947358,False,False,True,False,True,False,False,Route A source-only paired closed-loop delta diagnostic preflight only,"validation, ranking, winner selection, checkpoint promotion, success-rate verdict, repair success, driver performance, paper evidence, finite-window-vs-GRU conclusion, current-sim verdict, high-fidelity validation, full ideal driver completion, or level3 self-identification"
m2784_pair_stable_avoidable_fresh_nominal_or_role_default_recurrent_hidden_reset_stress_seed_264102,m2784_pair_stable_avoidable_fresh_nominal_or_role_default_recurrent_hidden_reset_stress_seed_264102_candidate,candidate,runs/m2782_engineering_controller_route_a_source_only_belief_stress_short_training_continuation_preflight/checkpoints/m2782_belief_stress_short_training_candidate.pt,96944838f1075e6ce6d463f336056f1d81799d7ac69d419ca3a9644582cc0ae8,38cdca17cf4c3936adb0f545be8714ffe431f8574625419455d2acb4b5d3eeae,stable_avoidable,fresh_nominal_or_role_default,recurrent_hidden_reset_stress,2,264102,m2779_curriculum_recurrent_hidden_reset_stress_stable_avoidable_fresh_nominal_or_role_default,m2641_source_only_stable_avoidable_base_fresh_seed_264102_axis_nominal,reset_actor_state_before_action,0,80,80,72,3,True,True,True,True,True,True,True,False,False,running,17.170641573031368,0.36175065996132894,0.36191619325661306,False,False,0.4720059490589947,0.6420395862999675,1.8141207046045427,0.0,1.0,0.0,0.9776240587234497,0.8888699240982533,0.9629566423594952,4.794152021480414,False,False,True,False,True,False,False,Route A source-only paired closed-loop delta diagnostic preflight only,"validation, ranking, winner selection, checkpoint promotion, success-rate verdict, repair success, driver performance, paper evidence, finite-window-vs-GRU conclusion, current-sim verdict, high-fidelity validation, full ideal driver completion, or level3 self-identification"
m2784_pair_stable_avoidable_fresh_nominal_or_role_default_recurrent_hidden_reset_stress_seed_264103,m2784_pair_stable_avoidable_fresh_nominal_or_role_default_recurrent_hidden_reset_stress_seed_264103_source,source,runs/m2655_engineering_controller_route_a_source_only_gap_targeted_repair_mitigation_preserving_execution/checkpoints/m2655_mitigation_preserving_actor_head_repair.pt,e6ecf4bc3f273ea8f7bd4149c068708a86c0969a982cac602635339639938b87,de902e8fe83a0904c8c59fcf1ef60e264e1cfaf9524ef1934e629a594da8379c,stable_avoidable,fresh_nominal_or_role_default,recurrent_hidden_reset_stress,3,264103,m2779_curriculum_recurrent_hidden_reset_stress_stable_avoidable_fresh_nominal_or_role_default,m2641_source_only_stable_avoidable_base_fresh_seed_264103_axis_nominal,reset_actor_state_before_action,0,80,80,72,3,True,True,True,True,True,True,True,False,False,running,14.361140242836276,0.005823992722044258,0.005823992722044258,False,False,0.4050979843298118,0.6339264977621439,1.9663921765671823,0.0,1.0,0.0,0.9773756861686707,0.893567682057619,0.9645225591957569,4.736945447787279,False,False,True,False,True,False,False,Route A source-only paired closed-loop delta diagnostic preflight only,"validation, ranking, winner selection, checkpoint promotion, success-rate verdict, repair success, driver performance, paper evidence, finite-window-vs-GRU conclusion, current-sim verdict, high-fidelity validation, full ideal driver completion, or level3 self-identification"
m2784_pair_stable_avoidable_fresh_nominal_or_role_default_recurrent_hidden_reset_stress_seed_264103,m2784_pair_stable_avoidable_fresh_nominal_or_role_default_recurrent_hidden_reset_stress_seed_264103_candidate,candidate,runs/m2782_engineering_controller_route_a_source_only_belief_stress_short_training_continuation_preflight/checkpoints/m2782_belief_stress_short_training_candidate.pt,96944838f1075e6ce6d463f336056f1d81799d7ac69d419ca3a9644582cc0ae8,38cdca17cf4c3936adb0f545be8714ffe431f8574625419455d2acb4b5d3eeae,stable_avoidable,fresh_nominal_or_role_default,recurrent_hidden_reset_stress,3,264103,m2779_curriculum_recurrent_hidden_reset_stress_stable_avoidable_fresh_nominal_or_role_default,m2641_source_only_stable_avoidable_base_fresh_seed_264103_axis_nominal,reset_actor_state_before_action,0,80,80,72,3,True,True,True,True,True,True,True,False,False,running,14.36270589934574,0.007358970003298104,0.007358970003298104,False,False,0.407073988598736,0.6337405286493344,1.9648570614248162,0.0,1.0,0.0,0.9776536822319031,0.8944588534533977,0.9648196138441563,4.738328153882449,False,False,True,False,True,False,False,Route A source-only paired closed-loop delta diagnostic preflight only,"validation, ranking, winner selection, checkpoint promotion, success-rate verdict, repair success, driver performance, paper evidence, finite-window-vs-GRU conclusion, current-sim verdict, high-fidelity validation, full ideal driver completion, or level3 self-identification"
