seed,policy,steps,terminated,truncated,mu,initial_mu,mass,mass_scale,inertia_scale,cg_shift,tire_stiffness_scale,brake_scale,drive_scale,steer_tau_scale,drive_tau_scale,friction_step_at,friction_step_applied,obstacle_enabled,obstacle_label,collision,obstacle_completed,min_obstacle_clearance,obstacle_collision_radius,min_clearance_margin,return,mean_reward,lateral_rmse,lateral_peak,beta_abs_error_mean,beta_abs_peak,high_sideslip_fraction,speed_mean,action_rate_mean,plan_horizon,plan_action_rate_mean,plan_first_action_error_mean,left_curve_steps,left_curve_lateral_rmse,left_curve_beta_abs_error_mean,left_curve_speed_mean,left_curve_reward_mean,right_curve_steps,right_curve_lateral_rmse,right_curve_beta_abs_error_mean,right_curve_speed_mean,right_curve_reward_mean,near_zero_steps,near_zero_lateral_rmse,near_zero_beta_abs_error_mean,near_zero_speed_mean,near_zero_reward_mean,workload_id,task_source_id,profile_name,task_family,source_edge,window_tag,strata,executable_source_family,env_template_family,profile_config_path,checkpoint_path,profile_env_history_length,eval_seed,routing_smoke_only,full_rollout_execution,private_holdout_used,promoted,training_started,replay_started,ppo_used,actor_input_contract_changed,profile_specific_tuning,controller_family_ranking_claim_made,paper_level_claim_made,level3_self_id_claim_made,success
169300,checkpoint,66,True,False,0.8245568009820727,0.8221319392814297,1408.2495947200155,0.9712066170482865,1.0705401078800605,-0.01473863813208176,0.7180528175400646,0.886588269861196,1.1409348430513082,1.8002874465055596,1.8002874465055596,23,True,True,aeb_feasible,False,False,13.79529471605534,1.8734735551229424,11.921821160932398,28.127537264245927,0.4261748070340292,2.2870725623274186,5.0470376020554255,0.359698548567719,0.024501200241443984,0.0,11.20909155546108,0.0020462365355342627,1,nan,nan,66,2.2870725623274186,0.359698548567719,11.20909155546108,0.4261748070340292,0,nan,nan,nan,nan,0,nan,nan,nan,nan,m1680-spec-0000::L0_current_masked,m1680-spec-0000,L0_current_masked,T4,actuator_delay_step|capability_step_up,reveal_plus_4,all_72_specs;explicit_window_subset;task_family_T4,capability_step_up,t4_capability_step_temporal,runs/m1674_controller_family_one_seed_public_pilot/configs/L0_current_masked_seed167400.json,runs/m1674_controller_family_one_seed_public_pilot/profile_runs/L0_current_masked/seed_167400/checkpoint.pt,1,169300,False,True,False,False,False,False,False,False,False,False,False,False,False
169301,checkpoint,82,True,False,0.8178670404591696,0.5945712146164166,1336.772501088156,0.9219120697159697,0.8998807405933603,-0.016188097504828303,0.9421479041671033,0.8962141122857467,1.2809460978784373,1.96885081066451,1.96885081066451,28,True,True,aeb_feasible,True,False,1.9935143872341752,2.0188061081406024,-0.025291720906427173,17.96251809572949,0.21905509872840842,1.905912531529408,4.322059294474624,0.669944878704514,0.026376056813289927,0.0,8.283972270639111,0.0015911939553916454,1,nan,nan,82,1.905912531529408,0.669944878704514,8.283972270639111,0.21905509872840842,0,nan,nan,nan,nan,0,nan,nan,nan,nan,m1680-spec-0000::L1_one_step,m1680-spec-0000,L1_one_step,T4,actuator_delay_step|capability_step_up,reveal_plus_4,all_72_specs;explicit_window_subset;task_family_T4,capability_step_up,t4_capability_step_temporal,runs/m1674_controller_family_one_seed_public_pilot/configs/L1_one_step_seed167400.json,runs/m1674_controller_family_one_seed_public_pilot/profile_runs/L1_one_step/seed_167400/checkpoint.pt,1,169301,False,True,False,False,False,False,False,False,False,False,False,False,False
169302,checkpoint,54,True,False,0.6314977836530229,0.9172151625635003,1719.8831936506854,1.1861263404487485,1.2087304013864215,0.06445653050108291,1.1624716013737437,1.1002999948898138,0.6007751606691042,1.2938986456436605,1.2938986456436605,25,True,True,aeb_feasible,False,False,14.486100291436474,2.039254775026338,12.446845516410136,2.3770870976062572,0.044020131437152915,2.3498774409153826,5.109886736835531,0.5505235016116076,0.031405165040568395,0.0,10.88275782525167,0.003129987046122551,1,nan,nan,54,2.3498774409153826,0.5505235016116076,10.88275782525167,0.044020131437152915,0,nan,nan,nan,nan,0,nan,nan,nan,nan,m1680-spec-0000::L2_window_100,m1680-spec-0000,L2_window_100,T4,actuator_delay_step|capability_step_up,reveal_plus_4,all_72_specs;explicit_window_subset;task_family_T4,capability_step_up,t4_capability_step_temporal,runs/m1674_controller_family_one_seed_public_pilot/configs/L2_window_100_seed167400.json,runs/m1674_controller_family_one_seed_public_pilot/profile_runs/L2_window_100/seed_167400/checkpoint.pt,100,169302,False,True,False,False,False,False,False,False,False,False,False,False,False
169303,checkpoint,68,True,False,0.646844254367622,0.8959769920488307,1654.7938260059877,1.1412371213834398,0.8969641741401131,-0.0217419718055909,0.7733279692404318,0.9599443808302435,1.2622718651986942,1.0401056387707377,1.0401056387707377,27,True,True,aeb_feasible,False,False,17.727091910619322,1.812076410036917,15.915015500582404,16.11197999431074,0.2369408822692756,2.324469070283983,5.13702080756768,0.5691400164680326,0.048828959047759676,0.0,8.208144143550104,0.003296447219327092,1,nan,nan,68,2.324469070283983,0.5691400164680326,8.208144143550104,0.2369408822692756,0,nan,nan,nan,nan,0,nan,nan,nan,nan,m1680-spec-0000::L2_window_100_current_tiled,m1680-spec-0000,L2_window_100_current_tiled,T4,actuator_delay_step|capability_step_up,reveal_plus_4,all_72_specs;explicit_window_subset;task_family_T4,capability_step_up,t4_capability_step_temporal,runs/m1674_controller_family_one_seed_public_pilot/configs/L2_window_100_current_tiled_seed167400.json,runs/m1674_controller_family_one_seed_public_pilot/profile_runs/L2_window_100_current_tiled/seed_167400/checkpoint.pt,100,169303,False,True,False,False,False,False,False,False,False,False,False,False,False
169304,checkpoint,58,True,False,0.8690662546556678,0.980431701224592,1678.4415284030788,1.1575458816572957,1.1775988050290598,-0.09305567186199082,0.8723636081481441,1.149195297104299,1.1142764732910204,1.8293285094977934,1.8293285094977934,26,True,True,aeb_feasible,False,False,14.324785146615593,1.477971155497376,12.846813991118218,2.9422080496542202,0.05072772499403828,2.4480655715599524,5.1228514148944875,0.6090892286294987,0.03607534701059797,0.0,9.675718999511563,0.0028885474894195795,1,nan,nan,58,2.4480655715599524,0.6090892286294987,9.675718999511563,0.05072772499403828,0,nan,nan,nan,nan,0,nan,nan,nan,nan,m1680-spec-0000::L2_window_13,m1680-spec-0000,L2_window_13,T4,actuator_delay_step|capability_step_up,reveal_plus_4,all_72_specs;explicit_window_subset;task_family_T4,capability_step_up,t4_capability_step_temporal,runs/m1674_controller_family_one_seed_public_pilot/configs/L2_window_13_seed167400.json,runs/m1674_controller_family_one_seed_public_pilot/profile_runs/L2_window_13/seed_167400/checkpoint.pt,13,169304,False,True,False,False,False,False,False,False,False,False,False,False,False
169305,checkpoint,60,True,False,0.7823004078977841,1.0670590084438913,1293.9986395307496,0.8924128548487928,1.0831570228503613,0.1195640611319646,1.1583734868137912,1.0977076370164816,1.1997022158643376,1.921007099013198,1.9210070990131978,22,True,True,aeb_feasible,False,False,9.204527488946862,1.848447925916202,7.35607956303066,19.064806292929305,0.31774677154882175,2.2896176948375877,5.0794241078252185,0.43444742901236494,0.059397988720923785,0.0,9.953240757871955,0.0034557690378278494,1,nan,nan,60,2.2896176948375877,0.43444742901236494,9.953240757871955,0.31774677154882175,0,nan,nan,nan,nan,0,nan,nan,nan,nan,m1680-spec-0000::L2_window_13_current_tiled,m1680-spec-0000,L2_window_13_current_tiled,T4,actuator_delay_step|capability_step_up,reveal_plus_4,all_72_specs;explicit_window_subset;task_family_T4,capability_step_up,t4_capability_step_temporal,runs/m1674_controller_family_one_seed_public_pilot/configs/L2_window_13_current_tiled_seed167400.json,runs/m1674_controller_family_one_seed_public_pilot/profile_runs/L2_window_13_current_tiled/seed_167400/checkpoint.pt,13,169305,False,True,False,False,False,False,False,False,False,False,False,False,False
169306,checkpoint,78,True,False,0.6760653697959509,0.3478851161586489,1580.1849255731715,1.0897827072918425,1.1327705109480113,-0.035393079005272776,0.5938649176869408,0.9634963132314235,1.068365499525931,1.667952973411277,1.6679529734112768,24,True,True,aeb_feasible,False,False,3.9411092016850477,1.477216244912606,2.4638929567724417,26.96879315459467,0.3457537583922394,2.2166168976080667,5.094837309159228,0.4237363964822622,0.04498188346135766,0.0,7.678529958609845,0.0022191230673342943,1,nan,nan,78,2.2166168976080667,0.4237363964822622,7.678529958609845,0.3457537583922394,0,nan,nan,nan,nan,0,nan,nan,nan,nan,m1680-spec-0000::L2_window_25,m1680-spec-0000,L2_window_25,T4,actuator_delay_step|capability_step_up,reveal_plus_4,all_72_specs;explicit_window_subset;task_family_T4,capability_step_up,t4_capability_step_temporal,runs/m1674_controller_family_one_seed_public_pilot/configs/L2_window_25_seed167400.json,runs/m1674_controller_family_one_seed_public_pilot/profile_runs/L2_window_25/seed_167400/checkpoint.pt,25,169306,False,True,False,False,False,False,False,False,False,False,False,False,False
169307,checkpoint,61,True,False,0.8138778609500321,0.8476220491253497,1545.9508382735917,1.0661729919128218,1.0037349854839808,-0.004786374292595541,1.4426256859164452,1.2233071269231703,1.3072116356363632,1.774028195690425,1.774028195690425,27,True,True,aeb_feasible,False,False,11.537235491296652,1.787135874386503,9.750099616910148,16.347904851940754,0.2679984401957501,2.366590494441107,5.134871132993869,0.4157877429253704,0.06010777021289052,0.0,9.104473312165748,0.00325823319144547,1,nan,nan,61,2.366590494441107,0.4157877429253704,9.104473312165748,0.2679984401957501,0,nan,nan,nan,nan,0,nan,nan,nan,nan,m1680-spec-0000::L2_window_25_current_tiled,m1680-spec-0000,L2_window_25_current_tiled,T4,actuator_delay_step|capability_step_up,reveal_plus_4,all_72_specs;explicit_window_subset;task_family_T4,capability_step_up,t4_capability_step_temporal,runs/m1674_controller_family_one_seed_public_pilot/configs/L2_window_25_current_tiled_seed167400.json,runs/m1674_controller_family_one_seed_public_pilot/profile_runs/L2_window_25_current_tiled/seed_167400/checkpoint.pt,25,169307,False,True,False,False,False,False,False,False,False,False,False,False,False
169308,checkpoint,73,True,False,0.573040761507838,0.8649335417503932,1336.787973347286,0.9219227402395076,0.8990376315929712,0.03410171639397763,1.168206135942364,0.8152355632606123,0.7127276115857694,1.6360951466511828,1.6360951466511828,23,True,True,aeb_feasible,False,False,7.495694684117843,1.752167340378731,5.743527343739112,12.38304277172361,0.1696307229003234,2.290275746620812,5.003889976601393,0.4716488534727077,0.054586675926284446,0.0,7.401934703483565,0.0022921254858374596,1,nan,nan,73,2.290275746620812,0.4716488534727077,7.401934703483565,0.1696307229003234,0,nan,nan,nan,nan,0,nan,nan,nan,nan,m1680-spec-0000::L2_window_50,m1680-spec-0000,L2_window_50,T4,actuator_delay_step|capability_step_up,reveal_plus_4,all_72_specs;explicit_window_subset;task_family_T4,capability_step_up,t4_capability_step_temporal,runs/m1674_controller_family_one_seed_public_pilot/configs/L2_window_50_seed167400.json,runs/m1674_controller_family_one_seed_public_pilot/profile_runs/L2_window_50/seed_167400/checkpoint.pt,50,169308,False,True,False,False,False,False,False,False,False,False,False,False,False
169309,checkpoint,71,True,False,0.7309677087364388,0.963157244519542,1409.515804402014,0.9720798651048372,1.0457472591056454,0.027682818529566555,0.5937887411043976,0.8237614434057438,0.697622470822875,1.7299780369884277,1.7299780369884277,24,True,True,aeb_feasible,False,False,8.78578242976256,1.5940394822178632,7.1917429475446975,3.1025143323689157,0.043697384962942475,2.3687435032653608,5.096337575936371,0.6241613410492576,0.04117116717688782,0.0,7.967441331502931,0.0027809904422611,1,nan,nan,71,2.3687435032653608,0.6241613410492576,7.967441331502931,0.043697384962942475,0,nan,nan,nan,nan,0,nan,nan,nan,nan,m1680-spec-0000::L2_window_50_current_tiled,m1680-spec-0000,L2_window_50_current_tiled,T4,actuator_delay_step|capability_step_up,reveal_plus_4,all_72_specs;explicit_window_subset;task_family_T4,capability_step_up,t4_capability_step_temporal,runs/m1674_controller_family_one_seed_public_pilot/configs/L2_window_50_current_tiled_seed167400.json,runs/m1674_controller_family_one_seed_public_pilot/profile_runs/L2_window_50_current_tiled/seed_167400/checkpoint.pt,50,169309,False,True,False,False,False,False,False,False,False,False,False,False,False
169310,checkpoint,100,False,True,0.2992522760718287,0.7875670083286817,1666.6090796540345,1.1493855721751962,1.114599908975981,0.07058292916006614,0.5732030801851806,0.9596719911980873,0.7572377350756883,1.4691622687368722,1.4691622687368722,26,True,True,aeb_feasible,False,True,3.574071693301883,1.8479961245006753,1.7260755688012077,36.858874237437014,0.3685887423743701,2.285926797824211,4.996881210708516,0.6639180949774101,0.04059247958174437,0.0,9.040098957252296,0.0011834533652290702,1,nan,nan,100,2.285926797824211,0.6639180949774101,9.040098957252296,0.3685887423743701,0,nan,nan,nan,nan,0,nan,nan,nan,nan,m1680-spec-0000::L3_online_gru,m1680-spec-0000,L3_online_gru,T4,actuator_delay_step|capability_step_up,reveal_plus_4,all_72_specs;explicit_window_subset;task_family_T4,capability_step_up,t4_capability_step_temporal,runs/m1674_controller_family_one_seed_public_pilot/configs/L3_online_gru_seed167400.json,runs/m1674_controller_family_one_seed_public_pilot/profile_runs/L3_online_gru/seed_167400/checkpoint.pt,1,169310,False,True,False,False,False,False,False,False,False,False,False,False,True
169311,checkpoint,92,True,False,1.0050510083864745,0.5594909008617716,1285.4822835694556,0.8865395059099693,1.210169984532436,-0.0662906850514331,1.2708152293489103,0.5589364855182037,0.6210430559688036,1.3791748598397047,1.3791748598397047,26,True,True,aeb_feasible,False,False,22.640566099788394,1.8290739340436675,20.811492165744728,47.19361726876289,0.5129741007474228,2.1918988521562515,5.01170615300429,0.4152882012083328,0.058984012157860775,0.0,9.674680637624318,0.0007473479490727186,1,nan,nan,92,2.1918988521562515,0.4152882012083328,9.674680637624318,0.5129741007474228,0,nan,nan,nan,nan,0,nan,nan,nan,nan,m1680-spec-0000::L3_reset_control_corrected,m1680-spec-0000,L3_reset_control_corrected,T4,actuator_delay_step|capability_step_up,reveal_plus_4,all_72_specs;explicit_window_subset;task_family_T4,capability_step_up,t4_capability_step_temporal,runs/m1674_controller_family_one_seed_public_pilot/configs/L3_reset_control_corrected_seed167400.json,runs/m1674_controller_family_one_seed_public_pilot/profile_runs/L3_reset_control_corrected/seed_167400/checkpoint.pt,1,169311,False,True,False,False,False,False,False,False,False,False,False,False,False
169312,checkpoint,100,True,False,0.6548452391638978,0.6548452391638978,1638.862030741291,1.130249676373304,0.9832401076721208,-0.010954932927362826,1.0118551492036483,1.1284935583890379,1.076991203324874,0.910907297154335,0.910907297154335,,False,True,aeb_feasible,False,False,19.702724623563455,1.7104346637100223,17.992289959853434,13.075329974051419,0.1307532997405142,2.421295806148095,5.0874697221202645,0.6268443198326717,0.03866075466962269,0.0,7.281899985761935,0.001352461869828403,1,nan,nan,100,2.421295806148095,0.6268443198326717,7.281899985761935,0.1307532997405142,0,nan,nan,nan,nan,0,nan,nan,nan,nan,m1680-spec-0001::L0_current_masked,m1680-spec-0001,L0_current_masked,T4,actuator_delay_step|t4_capability_step_temporal,mapping_window_unspecified,all_72_specs;mapping_window_unspecified;task_family_T4,actuator_delay_step,t4_actuator_delay_response,runs/m1674_controller_family_one_seed_public_pilot/configs/L0_current_masked_seed167400.json,runs/m1674_controller_family_one_seed_public_pilot/profile_runs/L0_current_masked/seed_167400/checkpoint.pt,1,169312,False,True,False,False,False,False,False,False,False,False,False,False,False
169313,checkpoint,67,True,False,0.9786829906353085,0.9786829906353085,1713.7327152536893,1.1818846312094409,1.1571491499296487,0.0293363670595701,0.8102784050623655,0.9137368888592962,0.9641664787740041,3.1694399796069446,3.1694399796069446,,False,True,aeb_feasible,False,False,16.840230321603716,1.8887629336238683,14.951467387979848,10.304990102613878,0.1538058224270728,2.5662526037569307,5.068087253417755,0.5185906533573665,0.010595098433615434,0.0,10.12082994707994,0.0020443741232156754,1,nan,nan,67,2.5662526037569307,0.5185906533573665,10.12082994707994,0.1538058224270728,0,nan,nan,nan,nan,0,nan,nan,nan,nan,m1680-spec-0001::L1_one_step,m1680-spec-0001,L1_one_step,T4,actuator_delay_step|t4_capability_step_temporal,mapping_window_unspecified,all_72_specs;mapping_window_unspecified;task_family_T4,actuator_delay_step,t4_actuator_delay_response,runs/m1674_controller_family_one_seed_public_pilot/configs/L1_one_step_seed167400.json,runs/m1674_controller_family_one_seed_public_pilot/profile_runs/L1_one_step/seed_167400/checkpoint.pt,1,169313,False,True,False,False,False,False,False,False,False,False,False,False,False
169314,checkpoint,63,True,False,0.6629999983823184,0.6629999983823184,1344.9112967600597,0.9275250322483171,1.2010964313009875,0.03331367245324257,0.8656224022416179,0.9591927156679299,0.938970564901907,3.3225639392513995,3.3225639392513995,,False,True,aeb_feasible,False,False,9.809759492468544,1.7551774522973598,8.054582040171184,13.475735710929875,0.21390056684015674,2.219403648070233,5.026781416812479,0.5361618442656872,0.04592336680106384,0.0,9.707083692249027,0.002870426746085286,1,nan,nan,63,2.219403648070233,0.5361618442656872,9.707083692249027,0.21390056684015674,0,nan,nan,nan,nan,0,nan,nan,nan,nan,m1680-spec-0001::L2_window_100,m1680-spec-0001,L2_window_100,T4,actuator_delay_step|t4_capability_step_temporal,mapping_window_unspecified,all_72_specs;mapping_window_unspecified;task_family_T4,actuator_delay_step,t4_actuator_delay_response,runs/m1674_controller_family_one_seed_public_pilot/configs/L2_window_100_seed167400.json,runs/m1674_controller_family_one_seed_public_pilot/profile_runs/L2_window_100/seed_167400/checkpoint.pt,100,169314,False,True,False,False,False,False,False,False,False,False,False,False,False
169315,checkpoint,73,True,False,0.9902667609545355,0.9902667609545355,1420.0898479537807,0.9793723089336419,1.0206627587187542,-0.06818092204013704,1.0377060817905186,1.1378929036712788,0.904419621401308,1.8632153357553782,1.8632153357553782,,False,True,aeb_feasible,False,False,6.846862313167852,2.0013535656068204,4.845508747561032,1.5906320443832778,0.0217894800600449,2.379164209511043,5.088664884488555,0.6408754495918514,0.0608185963842071,0.0,7.6033629747515725,0.002848676173016429,1,nan,nan,73,2.379164209511043,0.6408754495918514,7.6033629747515725,0.0217894800600449,0,nan,nan,nan,nan,0,nan,nan,nan,nan,m1680-spec-0001::L2_window_100_current_tiled,m1680-spec-0001,L2_window_100_current_tiled,T4,actuator_delay_step|t4_capability_step_temporal,mapping_window_unspecified,all_72_specs;mapping_window_unspecified;task_family_T4,actuator_delay_step,t4_actuator_delay_response,runs/m1674_controller_family_one_seed_public_pilot/configs/L2_window_100_current_tiled_seed167400.json,runs/m1674_controller_family_one_seed_public_pilot/profile_runs/L2_window_100_current_tiled/seed_167400/checkpoint.pt,100,169315,False,True,False,False,False,False,False,False,False,False,False,False,False
169316,checkpoint,65,True,False,0.6936907734823538,0.6936907734823538,1486.3619058557872,1.025077176452267,1.1029052076874928,0.018755953371846212,1.137781844759834,1.0988810443898163,1.0959005543702256,1.908024555534549,1.908024555534549,,False,True,aeb_feasible,False,False,8.632165734873725,1.5985314433001836,7.0336342915735415,14.862236617565008,0.22864979411638475,2.3048043295147864,5.039131394953081,0.46373639820754753,0.049994625539032445,0.0,8.511208842384297,0.002708552870899439,1,nan,nan,65,2.3048043295147864,0.46373639820754753,8.511208842384297,0.22864979411638475,0,nan,nan,nan,nan,0,nan,nan,nan,nan,m1680-spec-0001::L2_window_13,m1680-spec-0001,L2_window_13,T4,actuator_delay_step|t4_capability_step_temporal,mapping_window_unspecified,all_72_specs;mapping_window_unspecified;task_family_T4,actuator_delay_step,t4_actuator_delay_response,runs/m1674_controller_family_one_seed_public_pilot/configs/L2_window_13_seed167400.json,runs/m1674_controller_family_one_seed_public_pilot/profile_runs/L2_window_13/seed_167400/checkpoint.pt,13,169316,False,True,False,False,False,False,False,False,False,False,False,False,False
169317,checkpoint,63,True,False,0.9911377166095623,0.9911377166095623,1453.128241974276,1.0021574082581215,1.1155282687857913,-0.03762889546244996,1.1418312075972283,1.0875098725678147,0.9093119872182764,1.1830142955673943,1.1830142955673943,,False,True,aeb_feasible,False,False,17.023927667761686,1.7649621938504874,15.2589654739112,12.489170931981288,0.19824080844414743,2.3255362439743723,5.087441592397486,0.3637866487141691,0.05386283922220101,0.0,8.660724607287854,0.0034644650295376778,1,nan,nan,63,2.3255362439743723,0.3637866487141691,8.660724607287854,0.19824080844414743,0,nan,nan,nan,nan,0,nan,nan,nan,nan,m1680-spec-0001::L2_window_13_current_tiled,m1680-spec-0001,L2_window_13_current_tiled,T4,actuator_delay_step|t4_capability_step_temporal,mapping_window_unspecified,all_72_specs;mapping_window_unspecified;task_family_T4,actuator_delay_step,t4_actuator_delay_response,runs/m1674_controller_family_one_seed_public_pilot/configs/L2_window_13_current_tiled_seed167400.json,runs/m1674_controller_family_one_seed_public_pilot/profile_runs/L2_window_13_current_tiled/seed_167400/checkpoint.pt,13,169317,False,True,False,False,False,False,False,False,False,False,False,False,False
169318,checkpoint,66,True,False,0.5052540358146959,0.5052540358146959,1420.1537581745338,0.9794163849479544,0.886550451644476,0.10832822945877663,0.8832117144077681,0.7806068535953786,0.9487732997104819,3.4951952012791283,3.4951952012791283,,False,True,aeb_feasible,False,False,29.56491327487961,1.599995831348235,27.964917443531377,7.643750638636103,0.11581440361569853,2.333210497688861,5.12986635015567,0.6463954063900047,0.04348134095004882,0.0,8.841388336065373,0.0030750473961234093,1,nan,nan,66,2.333210497688861,0.6463954063900047,8.841388336065373,0.11581440361569853,0,nan,nan,nan,nan,0,nan,nan,nan,nan,m1680-spec-0001::L2_window_25,m1680-spec-0001,L2_window_25,T4,actuator_delay_step|t4_capability_step_temporal,mapping_window_unspecified,all_72_specs;mapping_window_unspecified;task_family_T4,actuator_delay_step,t4_actuator_delay_response,runs/m1674_controller_family_one_seed_public_pilot/configs/L2_window_25_seed167400.json,runs/m1674_controller_family_one_seed_public_pilot/profile_runs/L2_window_25/seed_167400/checkpoint.pt,25,169318,False,True,False,False,False,False,False,False,False,False,False,False,False
169319,checkpoint,48,True,False,0.9940748630185192,0.9940748630185192,1602.4421213269738,1.1051324974668786,1.1903932114364233,-0.04924276197435762,1.02420996834098,1.077093224886504,0.8535352877224267,0.9618722688227539,0.9618722688227539,,False,True,aeb_feasible,False,False,15.715914458337176,2.031155326771962,13.684759131565214,-0.690823358895881,-0.014392153310330854,2.393108688216977,5.074752952694137,0.644001021650482,0.037437952961385676,0.0,11.778391340897272,0.004248322453349829,1,nan,nan,48,2.393108688216977,0.644001021650482,11.778391340897272,-0.014392153310330854,0,nan,nan,nan,nan,0,nan,nan,nan,nan,m1680-spec-0001::L2_window_25_current_tiled,m1680-spec-0001,L2_window_25_current_tiled,T4,actuator_delay_step|t4_capability_step_temporal,mapping_window_unspecified,all_72_specs;mapping_window_unspecified;task_family_T4,actuator_delay_step,t4_actuator_delay_response,runs/m1674_controller_family_one_seed_public_pilot/configs/L2_window_25_current_tiled_seed167400.json,runs/m1674_controller_family_one_seed_public_pilot/profile_runs/L2_window_25_current_tiled/seed_167400/checkpoint.pt,25,169319,False,True,False,False,False,False,False,False,False,False,False,False,False
169320,checkpoint,67,True,False,0.9675449310170596,0.9675449310170596,1475.2527288797696,1.0174156750894963,1.1940091202804126,0.06066711921244883,0.9707785577776347,0.7816837146014137,1.1792398268060444,2.69493485541546,2.69493485541546,,False,True,aeb_feasible,False,False,26.622441846710736,1.6413394248763908,24.981102421834343,23.012114550347555,0.3434643962738441,2.4820183587804654,5.138884140857407,0.3399363397388202,0.04779598566000914,0.0,7.927740783704723,0.0027912589721381664,1,nan,nan,67,2.4820183587804654,0.3399363397388202,7.927740783704723,0.3434643962738441,0,nan,nan,nan,nan,0,nan,nan,nan,nan,m1680-spec-0001::L2_window_50,m1680-spec-0001,L2_window_50,T4,actuator_delay_step|t4_capability_step_temporal,mapping_window_unspecified,all_72_specs;mapping_window_unspecified;task_family_T4,actuator_delay_step,t4_actuator_delay_response,runs/m1674_controller_family_one_seed_public_pilot/configs/L2_window_50_seed167400.json,runs/m1674_controller_family_one_seed_public_pilot/profile_runs/L2_window_50/seed_167400/checkpoint.pt,50,169320,False,True,False,False,False,False,False,False,False,False,False,False,False
169321,checkpoint,57,True,False,0.8601038095250255,0.8601038095250255,1707.3079319664796,1.177453746183779,1.0631500292277194,-0.05909480674795731,1.1584303410660097,0.797971268487585,0.9223968262222347,1.9689893748761877,1.9689893748761877,,False,True,aeb_feasible,False,False,11.778778722200864,1.600111798482727,10.178666923718136,15.271053025386182,0.2679132109716874,2.3390997927742343,5.110757447789236,0.41927715444700064,0.06324087428807648,0.0,10.434188918728895,0.003670442383736372,1,nan,nan,57,2.3390997927742343,0.41927715444700064,10.434188918728895,0.2679132109716874,0,nan,nan,nan,nan,0,nan,nan,nan,nan,m1680-spec-0001::L2_window_50_current_tiled,m1680-spec-0001,L2_window_50_current_tiled,T4,actuator_delay_step|t4_capability_step_temporal,mapping_window_unspecified,all_72_specs;mapping_window_unspecified;task_family_T4,actuator_delay_step,t4_actuator_delay_response,runs/m1674_controller_family_one_seed_public_pilot/configs/L2_window_50_current_tiled_seed167400.json,runs/m1674_controller_family_one_seed_public_pilot/profile_runs/L2_window_50_current_tiled/seed_167400/checkpoint.pt,50,169321,False,True,False,False,False,False,False,False,False,False,False,False,False
169322,checkpoint,99,True,False,0.7819531768802905,0.7819531768802905,1234.8096921846961,0.8515928911618594,1.2092146102766144,0.057664290864813506,0.9359700678111165,1.0566203365586062,0.8072125227149382,3.108045504275682,3.108045504275682,,False,True,aeb_feasible,False,False,9.261079322281471,1.504950124820212,7.756129197461259,30.364783729862516,0.30671498717032847,2.152427084290942,5.04667749946784,0.6600282051154126,0.08328498612275702,0.0,9.983006548889271,0.0013188397279009223,1,nan,nan,99,2.152427084290942,0.6600282051154126,9.983006548889271,0.30671498717032847,0,nan,nan,nan,nan,0,nan,nan,nan,nan,m1680-spec-0001::L3_online_gru,m1680-spec-0001,L3_online_gru,T4,actuator_delay_step|t4_capability_step_temporal,mapping_window_unspecified,all_72_specs;mapping_window_unspecified;task_family_T4,actuator_delay_step,t4_actuator_delay_response,runs/m1674_controller_family_one_seed_public_pilot/configs/L3_online_gru_seed167400.json,runs/m1674_controller_family_one_seed_public_pilot/profile_runs/L3_online_gru/seed_167400/checkpoint.pt,1,169322,False,True,False,False,False,False,False,False,False,False,False,False,False
169323,checkpoint,109,True,False,0.9736241030155146,0.9736241030155146,1330.7987343008585,0.9177922305523163,0.8687700152956805,-0.030332925775978792,0.8738592954745906,1.192158152475973,0.9160093889164365,0.9040402048926777,0.9040402048926777,,False,True,aeb_feasible,False,False,17.763584655671746,1.7496979840171112,16.013886671654635,47.21576553221476,0.43317216084600696,2.2573649175876835,5.0095057947623225,0.4538627686209065,0.01807450367090306,0.0,7.740922198974449,0.0007168464944697917,1,nan,nan,109,2.2573649175876835,0.4538627686209065,7.740922198974449,0.43317216084600696,0,nan,nan,nan,nan,0,nan,nan,nan,nan,m1680-spec-0001::L3_reset_control_corrected,m1680-spec-0001,L3_reset_control_corrected,T4,actuator_delay_step|t4_capability_step_temporal,mapping_window_unspecified,all_72_specs;mapping_window_unspecified;task_family_T4,actuator_delay_step,t4_actuator_delay_response,runs/m1674_controller_family_one_seed_public_pilot/configs/L3_reset_control_corrected_seed167400.json,runs/m1674_controller_family_one_seed_public_pilot/profile_runs/L3_reset_control_corrected/seed_167400/checkpoint.pt,1,169323,False,True,False,False,False,False,False,False,False,False,False,False,False
169324,checkpoint,73,True,False,0.6624331285630247,0.8219255040816873,1330.392879225321,0.9175123305002213,1.0711408262897786,0.05124471125708774,1.4353057186282794,0.8624028228344724,0.9528203882181477,1.6026552217586265,1.6026552217586265,25,True,True,aeb_feasible,False,False,23.398504071298685,1.6398143019217772,21.758689769376907,13.247430376060215,0.18147164898712623,2.3553720879349354,5.110790836673932,0.6064261548495633,0.07735179983669443,0.0,9.63845473069388,0.002043087501078844,1,nan,nan,73,2.3553720879349354,0.6064261548495633,9.63845473069388,0.18147164898712623,0,nan,nan,nan,nan,0,nan,nan,nan,nan,m1680-spec-0002::L0_current_masked,m1680-spec-0002,L0_current_masked,T4,capability_step_down|t4_actuator_delay_response,mapping_window_unspecified,all_72_specs;mapping_window_unspecified;task_family_T4,capability_step_down,t4_capability_step_temporal,runs/m1674_controller_family_one_seed_public_pilot/configs/L0_current_masked_seed167400.json,runs/m1674_controller_family_one_seed_public_pilot/profile_runs/L0_current_masked/seed_167400/checkpoint.pt,1,169324,False,True,False,False,False,False,False,False,False,False,False,False,False
169325,checkpoint,95,True,False,0.6090764101727416,0.5445248675215648,1489.0958628348499,1.0269626640240344,1.1452915264618133,0.06932784954405968,0.5468412299463129,0.8961978315253845,0.8905059204326657,0.9388337735320298,0.9388337735320298,28,True,True,aeb_feasible,False,False,24.81847916429002,1.7964913786252228,23.0219877856648,19.37658234401715,0.20396402467386476,2.2819433464207703,5.030535173028564,0.599230626837241,0.015615571469894224,0.0,7.642314467651004,0.001360817812383175,1,nan,nan,95,2.2819433464207703,0.599230626837241,7.642314467651004,0.20396402467386476,0,nan,nan,nan,nan,0,nan,nan,nan,nan,m1680-spec-0002::L1_one_step,m1680-spec-0002,L1_one_step,T4,capability_step_down|t4_actuator_delay_response,mapping_window_unspecified,all_72_specs;mapping_window_unspecified;task_family_T4,capability_step_down,t4_capability_step_temporal,runs/m1674_controller_family_one_seed_public_pilot/configs/L1_one_step_seed167400.json,runs/m1674_controller_family_one_seed_public_pilot/profile_runs/L1_one_step/seed_167400/checkpoint.pt,1,169325,False,True,False,False,False,False,False,False,False,False,False,False,False
169326,checkpoint,68,True,False,0.7435487406847803,0.6798157438771874,1603.1085172058204,1.1055920808316002,0.8710030841989664,0.021334887223626975,1.1407725765762353,1.0408917416539698,0.787536736195064,1.9961194288504167,1.9961194288504167,26,True,True,aeb_feasible,False,False,12.898403814109727,1.9221448719939698,10.976258942115757,6.341672414160332,0.09325988844353429,2.3684255177427365,5.067964979094725,0.5474422750705316,0.04749240026815365,0.0,8.391649634024088,0.00261662807315588,1,nan,nan,68,2.3684255177427365,0.5474422750705316,8.391649634024088,0.09325988844353429,0,nan,nan,nan,nan,0,nan,nan,nan,nan,m1680-spec-0002::L2_window_100,m1680-spec-0002,L2_window_100,T4,capability_step_down|t4_actuator_delay_response,mapping_window_unspecified,all_72_specs;mapping_window_unspecified;task_family_T4,capability_step_down,t4_capability_step_temporal,runs/m1674_controller_family_one_seed_public_pilot/configs/L2_window_100_seed167400.json,runs/m1674_controller_family_one_seed_public_pilot/profile_runs/L2_window_100/seed_167400/checkpoint.pt,100,169326,False,True,False,False,False,False,False,False,False,False,False,False,False
169327,checkpoint,74,True,False,0.5484614407287716,0.38161462356437764,1397.2254028504672,0.9636037261037704,0.9519358421681974,-0.1114420435668384,0.8589341364483596,0.8891416417222612,0.5684975809439596,1.276565443508626,1.276565443508626,25,True,True,aeb_feasible,False,False,24.612937906022925,1.7155426900448694,22.897395215978054,-4.7647193059197495,-0.06438809872864526,2.4424488128406137,5.074083391600073,0.6278802506261904,0.0581696772947129,0.0,7.11212362289435,0.0028147262055426836,1,nan,nan,74,2.4424488128406137,0.6278802506261904,7.11212362289435,-0.06438809872864526,0,nan,nan,nan,nan,0,nan,nan,nan,nan,m1680-spec-0002::L2_window_100_current_tiled,m1680-spec-0002,L2_window_100_current_tiled,T4,capability_step_down|t4_actuator_delay_response,mapping_window_unspecified,all_72_specs;mapping_window_unspecified;task_family_T4,capability_step_down,t4_capability_step_temporal,runs/m1674_controller_family_one_seed_public_pilot/configs/L2_window_100_current_tiled_seed167400.json,runs/m1674_controller_family_one_seed_public_pilot/profile_runs/L2_window_100_current_tiled/seed_167400/checkpoint.pt,100,169327,False,True,False,False,False,False,False,False,False,False,False,False,False
169328,checkpoint,58,True,False,0.3073828263962257,0.769883606808071,1556.6947951706159,1.0735826173590455,1.1552214267786978,0.056898275326223935,1.1541518120666416,1.0836170285907287,0.7610394337883943,1.3924126197310238,1.3924126197310238,26,True,True,aeb_feasible,False,False,25.877124819304086,1.956194541150985,23.9209302781531,-0.40530317470740274,-0.006987985770817289,2.435499829816413,5.122129018280866,0.5743013136707699,0.05699327553658569,0.0,9.650028665563935,0.003030136227607727,1,nan,nan,58,2.435499829816413,0.5743013136707699,9.650028665563935,-0.006987985770817289,0,nan,nan,nan,nan,0,nan,nan,nan,nan,m1680-spec-0002::L2_window_13,m1680-spec-0002,L2_window_13,T4,capability_step_down|t4_actuator_delay_response,mapping_window_unspecified,all_72_specs;mapping_window_unspecified;task_family_T4,capability_step_down,t4_capability_step_temporal,runs/m1674_controller_family_one_seed_public_pilot/configs/L2_window_13_seed167400.json,runs/m1674_controller_family_one_seed_public_pilot/profile_runs/L2_window_13/seed_167400/checkpoint.pt,13,169328,False,True,False,False,False,False,False,False,False,False,False,False,False
169329,checkpoint,75,True,False,1.0407555781354292,0.3504650748448083,1624.86647365198,1.1205975680358482,1.0655909323629549,0.017767329912718788,0.5153666795947263,0.944402836048918,0.9437043177930684,1.6287519691058017,1.6287519691058017,23,True,True,aeb_feasible,False,False,15.34507782393545,1.5587141847311181,13.786363639204332,21.05763418938307,0.2807684558584409,2.353438138964494,5.053522626373702,0.40702696134293176,0.05707765294998481,0.0,7.485576072390322,0.0027456029783934355,1,nan,nan,75,2.353438138964494,0.40702696134293176,7.485576072390322,0.2807684558584409,0,nan,nan,nan,nan,0,nan,nan,nan,nan,m1680-spec-0002::L2_window_13_current_tiled,m1680-spec-0002,L2_window_13_current_tiled,T4,capability_step_down|t4_actuator_delay_response,mapping_window_unspecified,all_72_specs;mapping_window_unspecified;task_family_T4,capability_step_down,t4_capability_step_temporal,runs/m1674_controller_family_one_seed_public_pilot/configs/L2_window_13_current_tiled_seed167400.json,runs/m1674_controller_family_one_seed_public_pilot/profile_runs/L2_window_13_current_tiled/seed_167400/checkpoint.pt,13,169329,False,True,False,False,False,False,False,False,False,False,False,False,False
169330,checkpoint,59,True,False,0.631798516830361,0.8751186524245784,1400.2877254877662,0.9657156727501837,1.139900777311332,0.04755834947976667,0.549787704139663,1.0019154046986036,1.2302630974689277,0.9584546243024354,0.9584546243024356,25,True,True,aeb_feasible,False,False,25.47914320942257,1.6372577418671335,23.841885467555436,15.497447856425348,0.26266860773602285,2.1968103669351295,5.001210524063648,0.5841411385148786,0.06627060745931675,0.0,10.543149017743215,0.0033495333045721054,1,nan,nan,59,2.1968103669351295,0.5841411385148786,10.543149017743215,0.26266860773602285,0,nan,nan,nan,nan,0,nan,nan,nan,nan,m1680-spec-0002::L2_window_25,m1680-spec-0002,L2_window_25,T4,capability_step_down|t4_actuator_delay_response,mapping_window_unspecified,all_72_specs;mapping_window_unspecified;task_family_T4,capability_step_down,t4_capability_step_temporal,runs/m1674_controller_family_one_seed_public_pilot/configs/L2_window_25_seed167400.json,runs/m1674_controller_family_one_seed_public_pilot/profile_runs/L2_window_25/seed_167400/checkpoint.pt,25,169330,False,True,False,False,False,False,False,False,False,False,False,False,False
169331,checkpoint,78,True,False,0.7492087625245929,0.48732234481725745,1666.3994408431533,1.1492409936849333,1.1797430963112487,0.028415768300597,1.2207967723304889,1.2365012627419676,0.6494037672158239,1.1275991981081328,1.127599198108133,25,True,True,aeb_feasible,False,False,30.11552059533068,1.89626494018909,28.219255655141588,-1.5742263495254898,-0.020182389096480638,2.4020585563755685,5.097743491537148,0.5624551642565494,0.056053459291916546,0.0,7.147530035608281,0.0030556644778698683,1,nan,nan,78,2.4020585563755685,0.5624551642565494,7.147530035608281,-0.020182389096480638,0,nan,nan,nan,nan,0,nan,nan,nan,nan,m1680-spec-0002::L2_window_25_current_tiled,m1680-spec-0002,L2_window_25_current_tiled,T4,capability_step_down|t4_actuator_delay_response,mapping_window_unspecified,all_72_specs;mapping_window_unspecified;task_family_T4,capability_step_down,t4_capability_step_temporal,runs/m1674_controller_family_one_seed_public_pilot/configs/L2_window_25_current_tiled_seed167400.json,runs/m1674_controller_family_one_seed_public_pilot/profile_runs/L2_window_25_current_tiled/seed_167400/checkpoint.pt,25,169331,False,True,False,False,False,False,False,False,False,False,False,False,False
169332,checkpoint,59,True,False,0.7930670528538343,0.6250518059482362,1603.1558022060358,1.1056246911765764,1.1402323374859644,0.09795651330884159,1.3531291972416746,0.7938984160920294,1.1462127147657883,1.5618362164370247,1.5618362164370247,25,True,True,aeb_feasible,False,False,15.924261035969712,2.094517669054678,13.829743366915034,22.819753952993953,0.38677549072871104,2.2554019382131725,5.114083582063035,0.32242201664409503,0.03653108412497666,0.0,10.123414961174067,0.0031006939243525267,1,nan,nan,59,2.2554019382131725,0.32242201664409503,10.123414961174067,0.38677549072871104,0,nan,nan,nan,nan,0,nan,nan,nan,nan,m1680-spec-0002::L2_window_50,m1680-spec-0002,L2_window_50,T4,capability_step_down|t4_actuator_delay_response,mapping_window_unspecified,all_72_specs;mapping_window_unspecified;task_family_T4,capability_step_down,t4_capability_step_temporal,runs/m1674_controller_family_one_seed_public_pilot/configs/L2_window_50_seed167400.json,runs/m1674_controller_family_one_seed_public_pilot/profile_runs/L2_window_50/seed_167400/checkpoint.pt,50,169332,False,True,False,False,False,False,False,False,False,False,False,False,False
169333,checkpoint,74,True,False,1.0216342142915418,0.6623317817381749,1513.0563810618505,1.0434871593530004,1.1173607631772489,-0.03916205915441462,1.270110558115357,1.1133471769699435,0.9652285908406941,0.9200507726494233,0.9200507726494233,24,True,True,aeb_feasible,False,False,12.299228289231198,1.7893922426927351,10.509836046538464,22.377915252443508,0.3024042601681555,2.3213044569479653,5.073075743349634,0.26936143778637756,0.059724587837271324,0.0,7.403121792677155,0.0030623890925198793,1,nan,nan,74,2.3213044569479653,0.26936143778637756,7.403121792677155,0.3024042601681555,0,nan,nan,nan,nan,0,nan,nan,nan,nan,m1680-spec-0002::L2_window_50_current_tiled,m1680-spec-0002,L2_window_50_current_tiled,T4,capability_step_down|t4_actuator_delay_response,mapping_window_unspecified,all_72_specs;mapping_window_unspecified;task_family_T4,capability_step_down,t4_capability_step_temporal,runs/m1674_controller_family_one_seed_public_pilot/configs/L2_window_50_current_tiled_seed167400.json,runs/m1674_controller_family_one_seed_public_pilot/profile_runs/L2_window_50_current_tiled/seed_167400/checkpoint.pt,50,169333,False,True,False,False,False,False,False,False,False,False,False,False,False
169334,checkpoint,105,True,False,0.7304084879551149,0.9493223476352535,1516.8748568125295,1.0461205909051927,0.9116644108126402,0.11142404507022663,0.8984432629622227,0.7742037317199074,0.6559553989023819,1.2764227603060776,1.2764227603060776,22,True,True,aeb_feasible,False,False,13.077192311011009,1.9735657223179985,11.103626588693011,22.0413689463842,0.20991779948937334,2.4392923466608822,5.045423707906611,0.6607743037413231,0.021668042399711946,0.0,7.81329105428432,0.0010478703770786524,1,nan,nan,105,2.4392923466608822,0.6607743037413231,7.81329105428432,0.20991779948937334,0,nan,nan,nan,nan,0,nan,nan,nan,nan,m1680-spec-0002::L3_online_gru,m1680-spec-0002,L3_online_gru,T4,capability_step_down|t4_actuator_delay_response,mapping_window_unspecified,all_72_specs;mapping_window_unspecified;task_family_T4,capability_step_down,t4_capability_step_temporal,runs/m1674_controller_family_one_seed_public_pilot/configs/L3_online_gru_seed167400.json,runs/m1674_controller_family_one_seed_public_pilot/profile_runs/L3_online_gru/seed_167400/checkpoint.pt,1,169334,False,True,False,False,False,False,False,False,False,False,False,False,False
169335,checkpoint,98,True,False,1.0457360969445597,0.6913648003838717,1618.2806166438234,1.1160555976853954,1.2126870403394217,-0.018484064849191295,0.6299031007697458,1.2918941661593142,0.7440290797683446,1.462324231217755,1.462324231217755,25,True,True,aeb_feasible,False,False,17.3446906631447,1.5074132147674673,15.837277448377233,29.587536451688973,0.3019136372621324,2.2772500656977344,5.016830835318515,0.5009927807701572,0.04733173398244818,0.0,9.731692902978427,0.0007152445032261312,1,nan,nan,98,2.2772500656977344,0.5009927807701572,9.731692902978427,0.3019136372621324,0,nan,nan,nan,nan,0,nan,nan,nan,nan,m1680-spec-0002::L3_reset_control_corrected,m1680-spec-0002,L3_reset_control_corrected,T4,capability_step_down|t4_actuator_delay_response,mapping_window_unspecified,all_72_specs;mapping_window_unspecified;task_family_T4,capability_step_down,t4_capability_step_temporal,runs/m1674_controller_family_one_seed_public_pilot/configs/L3_reset_control_corrected_seed167400.json,runs/m1674_controller_family_one_seed_public_pilot/profile_runs/L3_reset_control_corrected/seed_167400/checkpoint.pt,1,169335,False,True,False,False,False,False,False,False,False,False,False,False,False
169336,checkpoint,68,True,False,1.0428607591289711,1.0428607591289711,1593.6057137266625,1.0990384232597672,0.9356926960523819,0.07379280124036769,1.1205957801493192,1.0499509499532391,1.1804363886696208,4.120468984587625,4.120468984587625,,False,True,aeb_feasible,True,False,1.5836752450755498,1.7211511253479252,-0.13747588027237545,0.9667600853572367,0.014217060078782892,1.919773282644584,4.227920272504434,0.6977639515700597,0.006423452590679022,0.0,10.147821218126445,0.0018921531736850739,1,nan,nan,68,1.919773282644584,0.6977639515700597,10.147821218126445,0.014217060078782892,0,nan,nan,nan,nan,0,nan,nan,nan,nan,m1680-spec-0003::L0_current_masked,m1680-spec-0003,L0_current_masked,T4,t4_actuator_delay_response|actuator_delay_step,mapping_window_unspecified,all_72_specs;mapping_window_unspecified;task_family_T4,t4_actuator_delay_response,t4_actuator_delay_response,runs/m1674_controller_family_one_seed_public_pilot/configs/L0_current_masked_seed167400.json,runs/m1674_controller_family_one_seed_public_pilot/profile_runs/L0_current_masked/seed_167400/checkpoint.pt,1,169336,False,True,False,False,False,False,False,False,False,False,False,False,False
169337,checkpoint,89,True,False,0.6454149997345353,0.6454149997345353,1681.4577806182488,1.1596260555987923,1.1904017785832601,0.07357070373016095,0.8033804219412379,1.0137381284537597,0.8745472591016135,2.1000339989206758,2.1000339989206758,,False,True,aeb_feasible,False,False,10.25384509399677,1.851193521352999,8.402651572643771,13.560150810332296,0.15236124505991344,2.2975213627843942,5.085529034605656,0.6275356710614723,0.01509365833811233,0.0,8.871056608883283,0.0015952922403812408,1,nan,nan,89,2.2975213627843942,0.6275356710614723,8.871056608883283,0.15236124505991344,0,nan,nan,nan,nan,0,nan,nan,nan,nan,m1680-spec-0003::L1_one_step,m1680-spec-0003,L1_one_step,T4,t4_actuator_delay_response|actuator_delay_step,mapping_window_unspecified,all_72_specs;mapping_window_unspecified;task_family_T4,t4_actuator_delay_response,t4_actuator_delay_response,runs/m1674_controller_family_one_seed_public_pilot/configs/L1_one_step_seed167400.json,runs/m1674_controller_family_one_seed_public_pilot/profile_runs/L1_one_step/seed_167400/checkpoint.pt,1,169337,False,True,False,False,False,False,False,False,False,False,False,False,False
169338,checkpoint,65,True,False,0.5114370475218623,0.5114370475218623,1232.516305417798,0.8500112451157228,0.8679280409292585,0.02190326001480769,1.1646836912001444,0.951720952533523,1.1725842984616186,2.0060582506023916,2.0060582506023916,,False,True,aeb_feasible,False,False,30.775896471571684,1.6200594770152947,29.155836994556388,25.484253927059292,0.3920654450316814,2.381285112248529,5.067290550225447,0.32916352242230046,0.052511389847209544,0.0,8.215623447129877,0.0030996399000287056,1,nan,nan,65,2.381285112248529,0.32916352242230046,8.215623447129877,0.3920654450316814,0,nan,nan,nan,nan,0,nan,nan,nan,nan,m1680-spec-0003::L2_window_100,m1680-spec-0003,L2_window_100,T4,t4_actuator_delay_response|actuator_delay_step,mapping_window_unspecified,all_72_specs;mapping_window_unspecified;task_family_T4,t4_actuator_delay_response,t4_actuator_delay_response,runs/m1674_controller_family_one_seed_public_pilot/configs/L2_window_100_seed167400.json,runs/m1674_controller_family_one_seed_public_pilot/profile_runs/L2_window_100/seed_167400/checkpoint.pt,100,169338,False,True,False,False,False,False,False,False,False,False,False,False,False
169339,checkpoint,63,True,False,0.602514942534017,0.602514942534017,1540.6055866547047,1.0624866114860032,1.116331715540354,0.025183750752786338,0.836814946306537,0.7898518430424881,0.7704971075327173,2.6761323331622444,2.6761323331622444,,False,True,aeb_feasible,False,False,24.28239139948429,1.7500894051400975,22.53230199434419,17.102819428864137,0.2714733242676847,2.3474974278737264,5.067691724921492,0.3654204523932659,0.032370370108516386,0.0,9.213139562508765,0.003329831175506115,1,nan,nan,63,2.3474974278737264,0.3654204523932659,9.213139562508765,0.2714733242676847,0,nan,nan,nan,nan,0,nan,nan,nan,nan,m1680-spec-0003::L2_window_100_current_tiled,m1680-spec-0003,L2_window_100_current_tiled,T4,t4_actuator_delay_response|actuator_delay_step,mapping_window_unspecified,all_72_specs;mapping_window_unspecified;task_family_T4,t4_actuator_delay_response,t4_actuator_delay_response,runs/m1674_controller_family_one_seed_public_pilot/configs/L2_window_100_current_tiled_seed167400.json,runs/m1674_controller_family_one_seed_public_pilot/profile_runs/L2_window_100_current_tiled/seed_167400/checkpoint.pt,100,169339,False,True,False,False,False,False,False,False,False,False,False,False,False
169340,checkpoint,68,True,False,0.7990073726726293,0.7990073726726293,1510.681759943271,1.0418494896160488,1.1232528301857585,-0.07852951882297132,0.8576197883342822,0.9240039105542622,0.8963353942855249,1.7862755018086605,1.7862755018086607,,False,True,aeb_feasible,False,False,11.389512079336026,1.7463066157152958,9.64320546362073,19.02416869419943,0.2797671866794034,2.2756661117644166,5.135893494754296,0.3180553374366532,0.04747726127623176,0.0,8.560347361980797,0.002651817165315151,1,nan,nan,68,2.2756661117644166,0.3180553374366532,8.560347361980797,0.2797671866794034,0,nan,nan,nan,nan,0,nan,nan,nan,nan,m1680-spec-0003::L2_window_13,m1680-spec-0003,L2_window_13,T4,t4_actuator_delay_response|actuator_delay_step,mapping_window_unspecified,all_72_specs;mapping_window_unspecified;task_family_T4,t4_actuator_delay_response,t4_actuator_delay_response,runs/m1674_controller_family_one_seed_public_pilot/configs/L2_window_13_seed167400.json,runs/m1674_controller_family_one_seed_public_pilot/profile_runs/L2_window_13/seed_167400/checkpoint.pt,13,169340,False,True,False,False,False,False,False,False,False,False,False,False,False
169341,checkpoint,78,True,False,0.5525137547725432,0.5525137547725432,1324.6916664496143,0.9135804596204237,1.2039878661700005,0.019335280268748978,0.7971578852263466,1.0218339179521423,0.9785978912068014,2.861159105735541,2.861159105735541,,False,True,aeb_feasible,False,False,18.734163963232714,1.8067266100879604,16.927437353144754,13.68512733244397,0.17545035041594834,2.1150810732897574,5.026490423379041,0.655684899789204,0.046301124325931066,0.0,8.047072664663427,0.0028315004892647266,1,nan,nan,78,2.1150810732897574,0.655684899789204,8.047072664663427,0.17545035041594834,0,nan,nan,nan,nan,0,nan,nan,nan,nan,m1680-spec-0003::L2_window_13_current_tiled,m1680-spec-0003,L2_window_13_current_tiled,T4,t4_actuator_delay_response|actuator_delay_step,mapping_window_unspecified,all_72_specs;mapping_window_unspecified;task_family_T4,t4_actuator_delay_response,t4_actuator_delay_response,runs/m1674_controller_family_one_seed_public_pilot/configs/L2_window_13_current_tiled_seed167400.json,runs/m1674_controller_family_one_seed_public_pilot/profile_runs/L2_window_13_current_tiled/seed_167400/checkpoint.pt,13,169341,False,True,False,False,False,False,False,False,False,False,False,False,False
169342,checkpoint,71,True,False,0.5404390234396754,0.5404390234396754,1648.717111238609,1.1370462836128339,0.9649174510947922,-0.012040893577219824,0.8271684024522665,0.9976372713937516,0.8069689394559777,3.6720660149242472,3.6720660149242472,,False,True,aeb_feasible,False,False,4.380306499630329,1.9135012346230824,2.4668052650072467,19.242199817440575,0.2710168988371912,2.396859613180269,5.025783312231507,0.28543480311017205,0.05346174026740847,0.0,7.956321359801121,0.0023175920359790325,1,nan,nan,71,2.396859613180269,0.28543480311017205,7.956321359801121,0.2710168988371912,0,nan,nan,nan,nan,0,nan,nan,nan,nan,m1680-spec-0003::L2_window_25,m1680-spec-0003,L2_window_25,T4,t4_actuator_delay_response|actuator_delay_step,mapping_window_unspecified,all_72_specs;mapping_window_unspecified;task_family_T4,t4_actuator_delay_response,t4_actuator_delay_response,runs/m1674_controller_family_one_seed_public_pilot/configs/L2_window_25_seed167400.json,runs/m1674_controller_family_one_seed_public_pilot/profile_runs/L2_window_25/seed_167400/checkpoint.pt,25,169342,False,True,False,False,False,False,False,False,False,False,False,False,False
169343,checkpoint,66,True,False,0.8693260440974981,0.8693260440974981,1340.359847487869,0.9243861017157717,1.0413638937499072,0.0682414876538624,0.8875552945543401,1.0610455555961253,0.7731677292522274,0.8771976067355132,0.8771976067355133,,False,True,aeb_feasible,False,False,23.2262218753978,1.5210050890737934,21.70521678632401,2.3423653300798253,0.03549038378908826,2.298027725139065,5.0298859941489376,0.61748318475902,0.04388276555011657,0.0,8.649686320861326,0.0037173714954406023,1,nan,nan,66,2.298027725139065,0.61748318475902,8.649686320861326,0.03549038378908826,0,nan,nan,nan,nan,0,nan,nan,nan,nan,m1680-spec-0003::L2_window_25_current_tiled,m1680-spec-0003,L2_window_25_current_tiled,T4,t4_actuator_delay_response|actuator_delay_step,mapping_window_unspecified,all_72_specs;mapping_window_unspecified;task_family_T4,t4_actuator_delay_response,t4_actuator_delay_response,runs/m1674_controller_family_one_seed_public_pilot/configs/L2_window_25_current_tiled_seed167400.json,runs/m1674_controller_family_one_seed_public_pilot/profile_runs/L2_window_25_current_tiled/seed_167400/checkpoint.pt,25,169343,False,True,False,False,False,False,False,False,False,False,False,False,False
169344,checkpoint,68,True,False,0.7753757449707128,0.7753757449707128,1502.9631886187076,1.036526336978419,1.039361184493634,-0.05458414001145773,1.144978847608888,0.8924146075533654,0.9468523890475539,3.8008220614822164,3.800822061482217,,False,True,aeb_feasible,False,False,4.512708547680603,1.599733107733964,2.912975439946639,9.868290434739283,0.14512191815793063,2.385727921630694,5.011245663564402,0.5562540964675309,0.05549523228830035,0.0,7.815016776398967,0.002372845308855176,1,nan,nan,68,2.385727921630694,0.5562540964675309,7.815016776398967,0.14512191815793063,0,nan,nan,nan,nan,0,nan,nan,nan,nan,m1680-spec-0003::L2_window_50,m1680-spec-0003,L2_window_50,T4,t4_actuator_delay_response|actuator_delay_step,mapping_window_unspecified,all_72_specs;mapping_window_unspecified;task_family_T4,t4_actuator_delay_response,t4_actuator_delay_response,runs/m1674_controller_family_one_seed_public_pilot/configs/L2_window_50_seed167400.json,runs/m1674_controller_family_one_seed_public_pilot/profile_runs/L2_window_50/seed_167400/checkpoint.pt,50,169344,False,True,False,False,False,False,False,False,False,False,False,False,False
169345,checkpoint,76,True,False,0.47578638051986516,0.47578638051986516,1387.3084523541752,0.9567644498994312,1.008212838232016,-0.07455103222378456,1.1774342614879896,0.8668558357674723,0.8004274800568706,0.7773948086797923,0.7773948086797923,,False,True,aeb_feasible,False,False,23.40213011464145,1.6960636488946719,21.70606646574678,28.428650619553558,0.3740611923625468,2.181132623304784,5.082833162772207,0.3606058254034642,0.12994367212613311,0.0,8.258768861340107,0.003832930000498891,1,nan,nan,76,2.181132623304784,0.3606058254034642,8.258768861340107,0.3740611923625468,0,nan,nan,nan,nan,0,nan,nan,nan,nan,m1680-spec-0003::L2_window_50_current_tiled,m1680-spec-0003,L2_window_50_current_tiled,T4,t4_actuator_delay_response|actuator_delay_step,mapping_window_unspecified,all_72_specs;mapping_window_unspecified;task_family_T4,t4_actuator_delay_response,t4_actuator_delay_response,runs/m1674_controller_family_one_seed_public_pilot/configs/L2_window_50_current_tiled_seed167400.json,runs/m1674_controller_family_one_seed_public_pilot/profile_runs/L2_window_50_current_tiled/seed_167400/checkpoint.pt,50,169345,False,True,False,False,False,False,False,False,False,False,False,False,False
169346,checkpoint,70,True,False,0.8621745576532567,0.8621745576532567,1400.2645407883206,0.9656996833022901,1.1869221413047293,0.007503401250855024,0.9518638969114096,0.854518323837907,1.0786836412986114,1.5304307437619649,1.5304307437619649,,False,True,aeb_feasible,False,False,17.12539549191019,1.728546561044534,15.396848930865655,30.25081058566207,0.4321544369380296,2.3471706232776706,5.102043012413471,0.4978942000152012,0.012095482257688302,0.0,12.18325399682542,0.0016568356659263372,1,nan,nan,70,2.3471706232776706,0.4978942000152012,12.18325399682542,0.4321544369380296,0,nan,nan,nan,nan,0,nan,nan,nan,nan,m1680-spec-0003::L3_online_gru,m1680-spec-0003,L3_online_gru,T4,t4_actuator_delay_response|actuator_delay_step,mapping_window_unspecified,all_72_specs;mapping_window_unspecified;task_family_T4,t4_actuator_delay_response,t4_actuator_delay_response,runs/m1674_controller_family_one_seed_public_pilot/configs/L3_online_gru_seed167400.json,runs/m1674_controller_family_one_seed_public_pilot/profile_runs/L3_online_gru/seed_167400/checkpoint.pt,1,169346,False,True,False,False,False,False,False,False,False,False,False,False,False
169347,checkpoint,87,True,False,0.8859772964942595,0.8859772964942595,1299.8735214754092,0.8964644975692477,0.9708827341145883,-0.04463678037523766,1.088842492408742,1.0628266840996323,0.9139326050397752,1.8998920328173035,1.8998920328173037,,False,True,aeb_feasible,False,False,5.442300175565699,1.6091899791499753,3.833110196415724,46.1225468741233,0.530144216943946,2.11407240461668,5.00629014214881,0.3676261244460283,0.013745548190112132,0.0,10.697879180187915,0.0009444106253795326,1,nan,nan,87,2.11407240461668,0.3676261244460283,10.697879180187915,0.530144216943946,0,nan,nan,nan,nan,0,nan,nan,nan,nan,m1680-spec-0003::L3_reset_control_corrected,m1680-spec-0003,L3_reset_control_corrected,T4,t4_actuator_delay_response|actuator_delay_step,mapping_window_unspecified,all_72_specs;mapping_window_unspecified;task_family_T4,t4_actuator_delay_response,t4_actuator_delay_response,runs/m1674_controller_family_one_seed_public_pilot/configs/L3_reset_control_corrected_seed167400.json,runs/m1674_controller_family_one_seed_public_pilot/profile_runs/L3_reset_control_corrected/seed_167400/checkpoint.pt,1,169347,False,True,False,False,False,False,False,False,False,False,False,False,False
169348,checkpoint,73,True,False,0.7346476075217672,0.7346476075217672,1373.847080269191,0.9474807450132352,1.048202073802495,0.06290178654930534,0.7906374016903963,0.7778756951844863,0.8359191654400446,3.0233189275972494,3.0233189275972494,,False,True,aeb_feasible,True,False,1.813046029386098,1.8530933746857121,-0.04004734529961418,24.695652701983825,0.3382966123559428,1.5515226718080815,3.4544601378209876,0.5065196239974058,0.027132321508101978,0.0,8.636865556606468,0.0016285361489281058,1,nan,nan,73,1.5515226718080815,0.5065196239974058,8.636865556606468,0.3382966123559428,0,nan,nan,nan,nan,0,nan,nan,nan,nan,m1680-spec-0004::L0_current_masked,m1680-spec-0004,L0_current_masked,T4,t4_actuator_delay_response|capability_step_up,mapping_window_unspecified,all_72_specs;mapping_window_unspecified;task_family_T4,t4_actuator_delay_response,t4_actuator_delay_response,runs/m1674_controller_family_one_seed_public_pilot/configs/L0_current_masked_seed167400.json,runs/m1674_controller_family_one_seed_public_pilot/profile_runs/L0_current_masked/seed_167400/checkpoint.pt,1,169348,False,True,False,False,False,False,False,False,False,False,False,False,False
169349,checkpoint,91,True,False,0.908251639552426,0.908251639552426,1350.234623740886,0.9311962922350938,1.0225845611018463,0.004989989705970865,0.7971395796156892,1.0434613523337812,1.0221256465277535,1.123234658138294,1.123234658138294,,False,True,aeb_feasible,False,False,25.03417127137297,2.007515295954098,23.026655975418873,14.674674339334599,0.16126015757510548,2.359841132498512,5.080800646243759,0.6361285616818319,0.037293960384954514,0.0,8.377972366571727,0.0016078643966466188,1,nan,nan,91,2.359841132498512,0.6361285616818319,8.377972366571727,0.16126015757510548,0,nan,nan,nan,nan,0,nan,nan,nan,nan,m1680-spec-0004::L1_one_step,m1680-spec-0004,L1_one_step,T4,t4_actuator_delay_response|capability_step_up,mapping_window_unspecified,all_72_specs;mapping_window_unspecified;task_family_T4,t4_actuator_delay_response,t4_actuator_delay_response,runs/m1674_controller_family_one_seed_public_pilot/configs/L1_one_step_seed167400.json,runs/m1674_controller_family_one_seed_public_pilot/profile_runs/L1_one_step/seed_167400/checkpoint.pt,1,169349,False,True,False,False,False,False,False,False,False,False,False,False,False
169350,checkpoint,71,True,False,0.9280614706092603,0.9280614706092603,1335.1176558790276,0.9207707971579501,0.9493800951300653,-0.07235547929662389,0.8910369143056407,1.147511815676143,1.1659839421771685,3.4240256691024102,3.4240256691024102,,False,True,aeb_feasible,False,False,24.640194829948467,1.986417503108043,22.653777326840423,12.869873732909884,0.18126582722408288,2.3221663960199814,5.115402948390873,0.5420939124815278,0.05339988329352115,0.0,7.93794842534926,0.002614939585328102,1,nan,nan,71,2.3221663960199814,0.5420939124815278,7.93794842534926,0.18126582722408288,0,nan,nan,nan,nan,0,nan,nan,nan,nan,m1680-spec-0004::L2_window_100,m1680-spec-0004,L2_window_100,T4,t4_actuator_delay_response|capability_step_up,mapping_window_unspecified,all_72_specs;mapping_window_unspecified;task_family_T4,t4_actuator_delay_response,t4_actuator_delay_response,runs/m1674_controller_family_one_seed_public_pilot/configs/L2_window_100_seed167400.json,runs/m1674_controller_family_one_seed_public_pilot/profile_runs/L2_window_100/seed_167400/checkpoint.pt,100,169350,False,True,False,False,False,False,False,False,False,False,False,False,False
169351,checkpoint,75,True,False,0.9539902162808875,0.9539902162808875,1488.7630136531536,1.0267331128642438,1.02826090877171,0.04336860689520017,1.1215755689237787,1.1373251380705844,1.120612874073819,3.425755999855551,3.425755999855551,,False,True,aeb_feasible,False,False,4.221968004507515,1.7294698440442784,2.4924981604632364,25.622167953101968,0.3416289060413596,2.1665512118329797,5.032822417164539,0.4347891593715828,0.053715868620281604,0.0,8.283218748673187,0.002795209875330329,1,nan,nan,75,2.1665512118329797,0.4347891593715828,8.283218748673187,0.3416289060413596,0,nan,nan,nan,nan,0,nan,nan,nan,nan,m1680-spec-0004::L2_window_100_current_tiled,m1680-spec-0004,L2_window_100_current_tiled,T4,t4_actuator_delay_response|capability_step_up,mapping_window_unspecified,all_72_specs;mapping_window_unspecified;task_family_T4,t4_actuator_delay_response,t4_actuator_delay_response,runs/m1674_controller_family_one_seed_public_pilot/configs/L2_window_100_current_tiled_seed167400.json,runs/m1674_controller_family_one_seed_public_pilot/profile_runs/L2_window_100_current_tiled/seed_167400/checkpoint.pt,100,169351,False,True,False,False,False,False,False,False,False,False,False,False,False
169352,checkpoint,59,True,False,0.6751145016621598,0.6751145016621598,1431.5665876544394,0.987287301830648,1.130236030587084,0.060520359122341105,0.9547333608161785,0.7687642617546923,1.154844228711923,3.79662905223431,3.79662905223431,,False,True,aeb_feasible,False,False,23.443588683176156,1.89116092408945,21.552427759086704,17.767698748466557,0.3011474364146874,2.262393664479137,5.002841495323089,0.5249870061127421,0.05857627907522161,0.0,10.431200830411212,0.003039815928786993,1,nan,nan,59,2.262393664479137,0.5249870061127421,10.431200830411212,0.3011474364146874,0,nan,nan,nan,nan,0,nan,nan,nan,nan,m1680-spec-0004::L2_window_13,m1680-spec-0004,L2_window_13,T4,t4_actuator_delay_response|capability_step_up,mapping_window_unspecified,all_72_specs;mapping_window_unspecified;task_family_T4,t4_actuator_delay_response,t4_actuator_delay_response,runs/m1674_controller_family_one_seed_public_pilot/configs/L2_window_13_seed167400.json,runs/m1674_controller_family_one_seed_public_pilot/profile_runs/L2_window_13/seed_167400/checkpoint.pt,13,169352,False,True,False,False,False,False,False,False,False,False,False,False,False
169353,checkpoint,72,True,False,0.9510039349825408,0.9510039349825408,1406.7623473613903,0.970180929214752,0.9987158804400544,-0.01497413179847662,0.9374174189687297,1.0651787113803106,0.9861810403867507,4.014799186173475,4.014799186173475,,False,True,aeb_feasible,False,False,15.008797362705732,1.6806030115162285,13.328194351189502,6.794721100568689,0.09437112639678735,2.4006639046378395,5.0535356137366385,0.5778654964714537,0.05232862948430601,0.0,7.328997060002312,0.002494251122698188,1,nan,nan,72,2.4006639046378395,0.5778654964714537,7.328997060002312,0.09437112639678735,0,nan,nan,nan,nan,0,nan,nan,nan,nan,m1680-spec-0004::L2_window_13_current_tiled,m1680-spec-0004,L2_window_13_current_tiled,T4,t4_actuator_delay_response|capability_step_up,mapping_window_unspecified,all_72_specs;mapping_window_unspecified;task_family_T4,t4_actuator_delay_response,t4_actuator_delay_response,runs/m1674_controller_family_one_seed_public_pilot/configs/L2_window_13_current_tiled_seed167400.json,runs/m1674_controller_family_one_seed_public_pilot/profile_runs/L2_window_13_current_tiled/seed_167400/checkpoint.pt,13,169353,False,True,False,False,False,False,False,False,False,False,False,False,False
169354,checkpoint,57,True,False,0.7184925917613576,0.7184925917613576,1514.7723892951115,1.0446706133069734,1.2231723817083735,-0.09816423641825,0.9202750911416131,0.794452931767315,0.7876194602976283,2.959733826859698,2.959733826859698,,False,True,aeb_feasible,False,False,15.156023351714632,1.703372107050992,13.45265124466364,12.37555405627279,0.2171149834433823,2.4334896189642423,5.155486437854854,0.3781864776406826,0.03763341617694939,0.0,10.149171754558095,0.00269074528478086,1,nan,nan,57,2.4334896189642423,0.3781864776406826,10.149171754558095,0.2171149834433823,0,nan,nan,nan,nan,0,nan,nan,nan,nan,m1680-spec-0004::L2_window_25,m1680-spec-0004,L2_window_25,T4,t4_actuator_delay_response|capability_step_up,mapping_window_unspecified,all_72_specs;mapping_window_unspecified;task_family_T4,t4_actuator_delay_response,t4_actuator_delay_response,runs/m1674_controller_family_one_seed_public_pilot/configs/L2_window_25_seed167400.json,runs/m1674_controller_family_one_seed_public_pilot/profile_runs/L2_window_25/seed_167400/checkpoint.pt,25,169354,False,True,False,False,False,False,False,False,False,False,False,False,False
169355,checkpoint,65,True,False,0.6532297821401564,0.6532297821401564,1473.585717529532,1.0162660120893325,1.216814202296481,-0.0002637832687730768,0.8979255952832381,1.136124980138986,0.7777394244883727,2.4160852522457645,2.4160852522457645,,False,True,aeb_feasible,False,False,7.599624879914411,1.7879813653860746,5.8116435145283365,6.3882270388531825,0.09828041598235665,2.4550412580282064,5.0959277215374925,0.46867627203744205,0.04378972275415974,0.0,8.467004144760821,0.0028472794219851494,1,nan,nan,65,2.4550412580282064,0.46867627203744205,8.467004144760821,0.09828041598235665,0,nan,nan,nan,nan,0,nan,nan,nan,nan,m1680-spec-0004::L2_window_25_current_tiled,m1680-spec-0004,L2_window_25_current_tiled,T4,t4_actuator_delay_response|capability_step_up,mapping_window_unspecified,all_72_specs;mapping_window_unspecified;task_family_T4,t4_actuator_delay_response,t4_actuator_delay_response,runs/m1674_controller_family_one_seed_public_pilot/configs/L2_window_25_current_tiled_seed167400.json,runs/m1674_controller_family_one_seed_public_pilot/profile_runs/L2_window_25_current_tiled/seed_167400/checkpoint.pt,25,169355,False,True,False,False,False,False,False,False,False,False,False,False,False
169356,checkpoint,64,True,False,0.5336232665284838,0.5336232665284838,1654.5044847471772,1.1410375756877085,1.0372908022574845,0.03546269742049879,1.0037375668738404,1.1651241785611044,1.1134267333722658,2.529123348850149,2.529123348850149,,False,True,aeb_feasible,False,False,5.725152323431139,1.4756956120123776,4.249456711418762,19.666161914186745,0.3072837799091679,2.368920383166885,5.064812702761397,0.3083042377220834,0.03779919157612956,0.0,9.004386712701212,0.0026583524886518717,1,nan,nan,64,2.368920383166885,0.3083042377220834,9.004386712701212,0.3072837799091679,0,nan,nan,nan,nan,0,nan,nan,nan,nan,m1680-spec-0004::L2_window_50,m1680-spec-0004,L2_window_50,T4,t4_actuator_delay_response|capability_step_up,mapping_window_unspecified,all_72_specs;mapping_window_unspecified;task_family_T4,t4_actuator_delay_response,t4_actuator_delay_response,runs/m1674_controller_family_one_seed_public_pilot/configs/L2_window_50_seed167400.json,runs/m1674_controller_family_one_seed_public_pilot/profile_runs/L2_window_50/seed_167400/checkpoint.pt,50,169356,False,True,False,False,False,False,False,False,False,False,False,False,False
169357,checkpoint,67,True,False,0.7372401747830006,0.7372401747830006,1733.627177088409,1.1956049497161443,1.003259078045331,-0.0014621915856862788,0.9242443409423744,0.7983111702508554,1.1922878739266627,1.1872180902314553,1.1872180902314553,,False,True,aeb_feasible,False,False,18.84569841773412,1.8056447620321503,17.040053655701968,20.439299300067823,0.30506416865772873,2.229029124954074,5.014307700269963,0.5450516437130956,0.041992413396243315,0.0,8.408456418369608,0.003362968796864152,1,nan,nan,67,2.229029124954074,0.5450516437130956,8.408456418369608,0.30506416865772873,0,nan,nan,nan,nan,0,nan,nan,nan,nan,m1680-spec-0004::L2_window_50_current_tiled,m1680-spec-0004,L2_window_50_current_tiled,T4,t4_actuator_delay_response|capability_step_up,mapping_window_unspecified,all_72_specs;mapping_window_unspecified;task_family_T4,t4_actuator_delay_response,t4_actuator_delay_response,runs/m1674_controller_family_one_seed_public_pilot/configs/L2_window_50_current_tiled_seed167400.json,runs/m1674_controller_family_one_seed_public_pilot/profile_runs/L2_window_50_current_tiled/seed_167400/checkpoint.pt,50,169357,False,True,False,False,False,False,False,False,False,False,False,False,False
169358,checkpoint,94,True,False,0.5217672204450857,0.5217672204450857,1519.8159331130596,1.048148919388317,0.8642275190782757,0.07473755488860734,1.1015948562017077,1.1195621146454773,1.145719896214006,1.315450449918249,1.315450449918249,,False,True,aeb_feasible,False,False,9.892474590091577,1.5634375880593265,8.329037002032251,44.082738107386994,0.46896529901475525,2.349902027043269,5.014952236739614,0.5494264963252946,0.05834988831669075,0.0,8.545234760206531,0.001129975775256753,1,nan,nan,94,2.349902027043269,0.5494264963252946,8.545234760206531,0.46896529901475525,0,nan,nan,nan,nan,0,nan,nan,nan,nan,m1680-spec-0004::L3_online_gru,m1680-spec-0004,L3_online_gru,T4,t4_actuator_delay_response|capability_step_up,mapping_window_unspecified,all_72_specs;mapping_window_unspecified;task_family_T4,t4_actuator_delay_response,t4_actuator_delay_response,runs/m1674_controller_family_one_seed_public_pilot/configs/L3_online_gru_seed167400.json,runs/m1674_controller_family_one_seed_public_pilot/profile_runs/L3_online_gru/seed_167400/checkpoint.pt,1,169358,False,True,False,False,False,False,False,False,False,False,False,False,False
169359,checkpoint,99,True,False,0.6013038944124742,0.6013038944124742,1472.3306355306136,1.0154004382969748,1.0383246763910248,0.05002607365484013,0.8450992149275409,0.9906480121862042,0.8563598055695061,1.8990077502977931,1.8990077502977931,,False,True,aeb_feasible,False,False,13.686720653452925,1.4892075916247012,12.197513061828223,34.57768644019779,0.3492695600019979,2.4002781858532534,5.07552646479807,0.5189987139654978,0.028358070117712512,0.0,8.467106517520183,0.0007742514135316014,1,nan,nan,99,2.4002781858532534,0.5189987139654978,8.467106517520183,0.3492695600019979,0,nan,nan,nan,nan,0,nan,nan,nan,nan,m1680-spec-0004::L3_reset_control_corrected,m1680-spec-0004,L3_reset_control_corrected,T4,t4_actuator_delay_response|capability_step_up,mapping_window_unspecified,all_72_specs;mapping_window_unspecified;task_family_T4,t4_actuator_delay_response,t4_actuator_delay_response,runs/m1674_controller_family_one_seed_public_pilot/configs/L3_reset_control_corrected_seed167400.json,runs/m1674_controller_family_one_seed_public_pilot/profile_runs/L3_reset_control_corrected/seed_167400/checkpoint.pt,1,169359,False,True,False,False,False,False,False,False,False,False,False,False,False
169360,checkpoint,90,True,False,0.8959221931195507,0.6768243465017394,1707.5995599112389,1.1776548689043027,1.2367266267792298,0.0744226365284184,1.1654874694180828,0.8231163138478775,0.6056925816079336,1.0229699394120526,1.0229699394120526,34,True,True,aeb_feasible,False,False,13.46703653016666,1.7891600408652981,11.677876489301362,18.951054131032205,0.21056726812258006,2.496842615345604,5.020145604190574,0.3954632890701092,0.005861436264690825,0.0,7.677085889685644,0.0012748490553349257,1,nan,nan,90,2.496842615345604,0.3954632890701092,7.677085889685644,0.21056726812258006,0,nan,nan,nan,nan,0,nan,nan,nan,nan,m1680-spec-0005::L0_current_masked,m1680-spec-0005,L0_current_masked,T4,t4_capability_step_temporal|capability_step_down,mapping_window_unspecified,all_72_specs;mapping_window_unspecified;task_family_T4,t4_capability_step_temporal,t4_capability_step_temporal,runs/m1674_controller_family_one_seed_public_pilot/configs/L0_current_masked_seed167400.json,runs/m1674_controller_family_one_seed_public_pilot/profile_runs/L0_current_masked/seed_167400/checkpoint.pt,1,169360,False,True,False,False,False,False,False,False,False,False,False,False,False
169361,checkpoint,83,True,False,0.9064682843047658,0.7532581143354793,1264.6633544773063,0.8721816237774526,0.9466096671775394,0.11569209616115073,0.9701265938387651,0.8551173055322162,0.9869047238823583,1.3946860452767338,1.3946860452767338,38,True,True,aeb_feasible,False,False,8.48717869032021,1.5149660463825834,6.972212643937627,16.940774222419567,0.2041057135231273,2.313635333278848,5.064254037920897,0.6425147676590566,0.0433645547116302,0.0,8.618972002592155,0.0016647822922095656,1,nan,nan,83,2.313635333278848,0.6425147676590566,8.618972002592155,0.2041057135231273,0,nan,nan,nan,nan,0,nan,nan,nan,nan,m1680-spec-0005::L1_one_step,m1680-spec-0005,L1_one_step,T4,t4_capability_step_temporal|capability_step_down,mapping_window_unspecified,all_72_specs;mapping_window_unspecified;task_family_T4,t4_capability_step_temporal,t4_capability_step_temporal,runs/m1674_controller_family_one_seed_public_pilot/configs/L1_one_step_seed167400.json,runs/m1674_controller_family_one_seed_public_pilot/profile_runs/L1_one_step/seed_167400/checkpoint.pt,1,169361,False,True,False,False,False,False,False,False,False,False,False,False,False
169362,checkpoint,48,True,False,0.9412253506533137,1.088965374608811,1294.2294495622568,0.8925720341808668,1.124232814950313,-0.031086052730352698,0.8713686718460726,0.6606940526415459,0.8372244474888517,1.9859453375849632,1.9859453375849632,36,True,True,aeb_feasible,False,False,14.073906347529721,1.9858306075192043,12.088075740010517,4.367615643269081,0.09099199256810586,2.3397493212735587,5.0465953389766405,0.6411006887649046,0.05128748044594335,0.0,12.33192771783002,0.003268500557169318,1,nan,nan,48,2.3397493212735587,0.6411006887649046,12.33192771783002,0.09099199256810586,0,nan,nan,nan,nan,0,nan,nan,nan,nan,m1680-spec-0005::L2_window_100,m1680-spec-0005,L2_window_100,T4,t4_capability_step_temporal|capability_step_down,mapping_window_unspecified,all_72_specs;mapping_window_unspecified;task_family_T4,t4_capability_step_temporal,t4_capability_step_temporal,runs/m1674_controller_family_one_seed_public_pilot/configs/L2_window_100_seed167400.json,runs/m1674_controller_family_one_seed_public_pilot/profile_runs/L2_window_100/seed_167400/checkpoint.pt,100,169362,False,True,False,False,False,False,False,False,False,False,False,False,False
169363,checkpoint,75,True,False,0.35116312672071376,0.7769074124275677,1564.9622297928954,1.0792842964088933,1.0174893010456039,-0.09745916199729265,1.0498046894339046,0.7579176274530766,0.7877727825755899,1.1753900216798923,1.1753900216798923,33,True,True,aeb_feasible,False,False,7.919937892090137,1.85773086625486,6.062207025835277,21.254976610384517,0.2833996881384602,2.2363147117255506,5.074752845323822,0.46158602442192015,0.0749083194878822,0.0,7.838328112281162,0.0028525555972009897,1,nan,nan,75,2.2363147117255506,0.46158602442192015,7.838328112281162,0.2833996881384602,0,nan,nan,nan,nan,0,nan,nan,nan,nan,m1680-spec-0005::L2_window_100_current_tiled,m1680-spec-0005,L2_window_100_current_tiled,T4,t4_capability_step_temporal|capability_step_down,mapping_window_unspecified,all_72_specs;mapping_window_unspecified;task_family_T4,t4_capability_step_temporal,t4_capability_step_temporal,runs/m1674_controller_family_one_seed_public_pilot/configs/L2_window_100_current_tiled_seed167400.json,runs/m1674_controller_family_one_seed_public_pilot/profile_runs/L2_window_100_current_tiled/seed_167400/checkpoint.pt,100,169363,False,True,False,False,False,False,False,False,False,False,False,False,False
169364,checkpoint,56,True,False,0.6809731120066993,0.9238664569602633,1589.1831246055187,1.0959883617969095,0.9644134989676305,-0.0022559562734010274,0.822871993802883,0.5916325602695856,1.0828499166645518,1.9337593432037732,1.9337593432037732,35,True,True,aeb_feasible,False,False,4.733254982258077,1.7084248973125469,3.0248300849455303,19.91323834646414,0.3555935419011454,2.2609437503283,5.134269339648846,0.36512834039405256,0.027397328989333922,0.0,10.919496008416242,0.0029154145158827305,1,nan,nan,56,2.2609437503283,0.36512834039405256,10.919496008416242,0.3555935419011454,0,nan,nan,nan,nan,0,nan,nan,nan,nan,m1680-spec-0005::L2_window_13,m1680-spec-0005,L2_window_13,T4,t4_capability_step_temporal|capability_step_down,mapping_window_unspecified,all_72_specs;mapping_window_unspecified;task_family_T4,t4_capability_step_temporal,t4_capability_step_temporal,runs/m1674_controller_family_one_seed_public_pilot/configs/L2_window_13_seed167400.json,runs/m1674_controller_family_one_seed_public_pilot/profile_runs/L2_window_13/seed_167400/checkpoint.pt,13,169364,False,True,False,False,False,False,False,False,False,False,False,False,False
169365,checkpoint,60,True,False,0.8432828781843348,0.7917838091284757,1529.0813044860945,1.0545388306800652,1.089623983257824,-0.03636130215989852,1.423252517810118,1.0486269978145613,1.2559804544660238,1.5045964372573177,1.5045964372573177,32,True,True,aeb_feasible,False,False,19.72536664546794,1.724289513156573,18.001077132311366,10.303491614240569,0.17172486023734282,2.339208408172461,5.001166284141707,0.5956742708523687,0.052006297686868104,0.0,8.784925401829021,0.0032739152666181326,1,nan,nan,60,2.339208408172461,0.5956742708523687,8.784925401829021,0.17172486023734282,0,nan,nan,nan,nan,0,nan,nan,nan,nan,m1680-spec-0005::L2_window_13_current_tiled,m1680-spec-0005,L2_window_13_current_tiled,T4,t4_capability_step_temporal|capability_step_down,mapping_window_unspecified,all_72_specs;mapping_window_unspecified;task_family_T4,t4_capability_step_temporal,t4_capability_step_temporal,runs/m1674_controller_family_one_seed_public_pilot/configs/L2_window_13_current_tiled_seed167400.json,runs/m1674_controller_family_one_seed_public_pilot/profile_runs/L2_window_13_current_tiled/seed_167400/checkpoint.pt,13,169365,False,True,False,False,False,False,False,False,False,False,False,False,False
169366,checkpoint,84,True,False,0.38461749808264023,0.4034061371178683,1596.4418674385936,1.100994391336961,1.054045235957233,0.07488710887728534,0.5944306075687392,0.8166155353153685,0.6885868272203817,1.3181625170627949,1.3181625170627949,34,True,True,aeb_feasible,False,False,16.15523181874609,1.9690225683927598,14.186209250353329,10.174498282989823,0.12112497955940266,2.259203463599563,5.026196967225044,0.5875850901349938,0.037824629884186924,0.0,7.006066235111821,0.0022262544371187687,1,nan,nan,84,2.259203463599563,0.5875850901349938,7.006066235111821,0.12112497955940266,0,nan,nan,nan,nan,0,nan,nan,nan,nan,m1680-spec-0005::L2_window_25,m1680-spec-0005,L2_window_25,T4,t4_capability_step_temporal|capability_step_down,mapping_window_unspecified,all_72_specs;mapping_window_unspecified;task_family_T4,t4_capability_step_temporal,t4_capability_step_temporal,runs/m1674_controller_family_one_seed_public_pilot/configs/L2_window_25_seed167400.json,runs/m1674_controller_family_one_seed_public_pilot/profile_runs/L2_window_25/seed_167400/checkpoint.pt,25,169366,False,True,False,False,False,False,False,False,False,False,False,False,False
169367,checkpoint,62,True,False,0.6481984054390462,0.7314750138090721,1621.2817620426977,1.118125353132895,1.1495668382618232,0.046042611287430146,0.9540446606458692,1.1949053654194637,1.0921108374393276,1.6910125613266587,1.691012561326659,33,True,True,aeb_feasible,False,False,10.61262537624756,1.8007067637327459,8.811918612514814,2.81973619808498,0.04547961609814484,2.4254234760322904,5.0382424847453855,0.6398655668463621,0.038445249368234014,0.0,8.78947547309707,0.003043885575607419,1,nan,nan,62,2.4254234760322904,0.6398655668463621,8.78947547309707,0.04547961609814484,0,nan,nan,nan,nan,0,nan,nan,nan,nan,m1680-spec-0005::L2_window_25_current_tiled,m1680-spec-0005,L2_window_25_current_tiled,T4,t4_capability_step_temporal|capability_step_down,mapping_window_unspecified,all_72_specs;mapping_window_unspecified;task_family_T4,t4_capability_step_temporal,t4_capability_step_temporal,runs/m1674_controller_family_one_seed_public_pilot/configs/L2_window_25_current_tiled_seed167400.json,runs/m1674_controller_family_one_seed_public_pilot/profile_runs/L2_window_25_current_tiled/seed_167400/checkpoint.pt,25,169367,False,True,False,False,False,False,False,False,False,False,False,False,False
169368,checkpoint,68,True,False,0.2577116202826998,0.9662746712104593,1323.5127892794787,0.9127674408823991,0.9090304368418336,0.11006542171757117,0.8823328861736326,0.888993171463771,1.2381242122884526,1.225809452635891,1.225809452635891,35,True,True,aeb_feasible,False,False,5.350092994198963,1.6382927325747612,3.711800261624202,23.780444682925474,0.34971242180772755,2.3125484834713212,5.098726657875833,0.47662245838139833,0.339117090264613,0.0,8.990842724635003,0.0027630669064819813,1,nan,nan,68,2.3125484834713212,0.47662245838139833,8.990842724635003,0.34971242180772755,0,nan,nan,nan,nan,0,nan,nan,nan,nan,m1680-spec-0005::L2_window_50,m1680-spec-0005,L2_window_50,T4,t4_capability_step_temporal|capability_step_down,mapping_window_unspecified,all_72_specs;mapping_window_unspecified;task_family_T4,t4_capability_step_temporal,t4_capability_step_temporal,runs/m1674_controller_family_one_seed_public_pilot/configs/L2_window_50_seed167400.json,runs/m1674_controller_family_one_seed_public_pilot/profile_runs/L2_window_50/seed_167400/checkpoint.pt,50,169368,False,True,False,False,False,False,False,False,False,False,False,False,False
169369,checkpoint,65,True,False,0.8657393313462314,0.5973786333339363,1624.600720153887,1.1204142897613014,1.0785729480759152,-0.09056646159440485,0.5628605666749438,1.2632918108939266,1.1159030018998188,1.542699420948335,1.542699420948335,33,True,True,aeb_feasible,False,False,4.171192127872731,1.7226555263755898,2.448536601497141,16.348390218150474,0.25151369566385345,2.3751272783785082,5.098758192443334,0.3945402154147445,0.03953115576843495,0.0,9.146710041061342,0.002934383926913142,1,nan,nan,65,2.3751272783785082,0.3945402154147445,9.146710041061342,0.25151369566385345,0,nan,nan,nan,nan,0,nan,nan,nan,nan,m1680-spec-0005::L2_window_50_current_tiled,m1680-spec-0005,L2_window_50_current_tiled,T4,t4_capability_step_temporal|capability_step_down,mapping_window_unspecified,all_72_specs;mapping_window_unspecified;task_family_T4,t4_capability_step_temporal,t4_capability_step_temporal,runs/m1674_controller_family_one_seed_public_pilot/configs/L2_window_50_current_tiled_seed167400.json,runs/m1674_controller_family_one_seed_public_pilot/profile_runs/L2_window_50_current_tiled/seed_167400/checkpoint.pt,50,169369,False,True,False,False,False,False,False,False,False,False,False,False,False
169370,checkpoint,67,True,False,1.0495029737520862,1.088987666259606,1307.8068950648592,0.9019357896999028,1.2096614962850962,0.06513466044542682,1.0755497532181968,0.8188073782498216,0.9440003121792014,1.0383420119651143,1.0383420119651143,37,True,True,aeb_feasible,False,False,14.58330493673306,1.7323778618634198,12.85092707486964,21.888721569898813,0.3266973368641614,2.4439047795894657,5.064898563221416,0.5532524373356524,0.01641467629178477,0.0,12.733079352362877,0.0016491709975525737,1,nan,nan,67,2.4439047795894657,0.5532524373356524,12.733079352362877,0.3266973368641614,0,nan,nan,nan,nan,0,nan,nan,nan,nan,m1680-spec-0005::L3_online_gru,m1680-spec-0005,L3_online_gru,T4,t4_capability_step_temporal|capability_step_down,mapping_window_unspecified,all_72_specs;mapping_window_unspecified;task_family_T4,t4_capability_step_temporal,t4_capability_step_temporal,runs/m1674_controller_family_one_seed_public_pilot/configs/L3_online_gru_seed167400.json,runs/m1674_controller_family_one_seed_public_pilot/profile_runs/L3_online_gru/seed_167400/checkpoint.pt,1,169370,False,True,False,False,False,False,False,False,False,False,False,False,False
169371,checkpoint,78,True,False,0.33567761600021767,0.8649246228284135,1724.576978411637,1.1893634333873357,1.175719074657565,0.1112022909659689,1.1494672642841848,0.6592703988737004,0.6916907872167933,1.7133578425683433,1.7133578425683433,32,True,True,aeb_feasible,False,False,11.23161232742624,1.9762528569101128,9.255359470516126,28.600605205812567,0.3666744257155457,2.489982823637167,5.109240184066049,0.3915965770559221,0.016329029052530895,0.0,10.472605497399034,0.0008773392764851451,1,nan,nan,78,2.489982823637167,0.3915965770559221,10.472605497399034,0.3666744257155457,0,nan,nan,nan,nan,0,nan,nan,nan,nan,m1680-spec-0005::L3_reset_control_corrected,m1680-spec-0005,L3_reset_control_corrected,T4,t4_capability_step_temporal|capability_step_down,mapping_window_unspecified,all_72_specs;mapping_window_unspecified;task_family_T4,t4_capability_step_temporal,t4_capability_step_temporal,runs/m1674_controller_family_one_seed_public_pilot/configs/L3_reset_control_corrected_seed167400.json,runs/m1674_controller_family_one_seed_public_pilot/profile_runs/L3_reset_control_corrected/seed_167400/checkpoint.pt,1,169371,False,True,False,False,False,False,False,False,False,False,False,False,False
169372,checkpoint,76,True,False,0.546780642741336,0.546780642741336,1720.5361258913042,1.186576638545727,0.8785079326813517,-0.021797043482929546,1.0960211814813337,0.5560917407417741,1.060108370267002,1.0994172697135776,1.0994172697135776,,False,True,aeb_feasible,False,False,21.665554183403213,2.0561197554429516,19.60943442796026,22.469825668451783,0.2956556009006814,2.3690151050404142,5.020468479858575,0.6365275728667013,0.0335245390300918,0.0,9.472419792726987,0.0019112300360575318,1,nan,nan,76,2.3690151050404142,0.6365275728667013,9.472419792726987,0.2956556009006814,0,nan,nan,nan,nan,0,nan,nan,nan,nan,m1680-spec-0006::L0_current_masked,m1680-spec-0006,L0_current_masked,T4,t4_staged_warmup_capability|capability_step_up,mapping_window_unspecified,all_72_specs;mapping_window_unspecified;task_family_T4,t4_staged_warmup_capability,t4_staged_warmup_capability,runs/m1674_controller_family_one_seed_public_pilot/configs/L0_current_masked_seed167400.json,runs/m1674_controller_family_one_seed_public_pilot/profile_runs/L0_current_masked/seed_167400/checkpoint.pt,1,169372,False,True,False,False,False,False,False,False,False,False,False,False,False
169373,checkpoint,109,True,False,0.4767323845635048,0.4767323845635048,1377.8600414856426,0.9502483044728569,1.0402734653748522,-0.10481470515026126,0.876672604394098,0.9747039577956571,0.8747706718976909,1.6810749108411587,1.681074910841159,,False,True,aeb_feasible,False,False,6.70107181976073,1.7198533613471834,4.981218458413547,32.82943110065414,0.301187441290405,2.4941272492873994,5.06982184947039,0.3276777294105892,0.06053554555098832,0.0,7.304198807428797,0.0011923332931473851,1,nan,nan,109,2.4941272492873994,0.3276777294105892,7.304198807428797,0.301187441290405,0,nan,nan,nan,nan,0,nan,nan,nan,nan,m1680-spec-0006::L1_one_step,m1680-spec-0006,L1_one_step,T4,t4_staged_warmup_capability|capability_step_up,mapping_window_unspecified,all_72_specs;mapping_window_unspecified;task_family_T4,t4_staged_warmup_capability,t4_staged_warmup_capability,runs/m1674_controller_family_one_seed_public_pilot/configs/L1_one_step_seed167400.json,runs/m1674_controller_family_one_seed_public_pilot/profile_runs/L1_one_step/seed_167400/checkpoint.pt,1,169373,False,True,False,False,False,False,False,False,False,False,False,False,False
169374,checkpoint,55,True,False,0.8642579516953373,0.8642579516953373,1481.2789472010672,1.021571687724874,1.0801798693844855,-0.001973038862821186,0.7282726363767644,0.6935244510087141,0.8648587797131203,2.0147256926089447,2.0147256926089447,,False,True,aeb_feasible,False,False,23.97137340446,2.022270761733641,21.94910264272636,16.05194049313841,0.29185346351160746,2.314264128849812,5.060352145057511,0.43395131455747243,0.07583682482704454,0.0,11.482845973779447,0.00333780306391418,1,nan,nan,55,2.314264128849812,0.43395131455747243,11.482845973779447,0.29185346351160746,0,nan,nan,nan,nan,0,nan,nan,nan,nan,m1680-spec-0006::L2_window_100,m1680-spec-0006,L2_window_100,T4,t4_staged_warmup_capability|capability_step_up,mapping_window_unspecified,all_72_specs;mapping_window_unspecified;task_family_T4,t4_staged_warmup_capability,t4_staged_warmup_capability,runs/m1674_controller_family_one_seed_public_pilot/configs/L2_window_100_seed167400.json,runs/m1674_controller_family_one_seed_public_pilot/profile_runs/L2_window_100/seed_167400/checkpoint.pt,100,169374,False,True,False,False,False,False,False,False,False,False,False,False,False
169375,checkpoint,57,True,False,0.9125317882300448,0.9125317882300448,1550.3323660026167,1.0691947351742184,0.9550235518425022,-0.04958087031568992,1.0188031686322803,0.8751980906939425,0.9245168051200527,1.6215311396382692,1.6215311396382692,,False,True,aeb_feasible,False,False,15.05936413333696,1.5094012687370029,13.549962864599957,11.221004397910642,0.19685972627913406,2.3150242557438347,5.104555840683091,0.4968011664599571,0.03670221589655148,0.0,10.258677639678588,0.003757443744689226,1,nan,nan,57,2.3150242557438347,0.4968011664599571,10.258677639678588,0.19685972627913406,0,nan,nan,nan,nan,0,nan,nan,nan,nan,m1680-spec-0006::L2_window_100_current_tiled,m1680-spec-0006,L2_window_100_current_tiled,T4,t4_staged_warmup_capability|capability_step_up,mapping_window_unspecified,all_72_specs;mapping_window_unspecified;task_family_T4,t4_staged_warmup_capability,t4_staged_warmup_capability,runs/m1674_controller_family_one_seed_public_pilot/configs/L2_window_100_current_tiled_seed167400.json,runs/m1674_controller_family_one_seed_public_pilot/profile_runs/L2_window_100_current_tiled/seed_167400/checkpoint.pt,100,169375,False,True,False,False,False,False,False,False,False,False,False,False,False
169376,checkpoint,54,True,False,0.9291000935892882,0.9291000935892882,1280.9128060615487,0.8833881421114129,0.9072540295359194,0.10959335384643554,0.8496715960588975,1.1684772881761236,1.0517783339686435,1.6478370066494095,1.6478370066494095,,False,True,aeb_feasible,False,False,23.923933998661898,1.980016230922867,21.94391776773903,5.8564083028770755,0.10845200560883474,2.2858572151172134,5.097528617749724,0.5979178270000725,0.03193691057930693,0.0,11.396364300479767,0.003392396727576852,1,nan,nan,54,2.2858572151172134,0.5979178270000725,11.396364300479767,0.10845200560883474,0,nan,nan,nan,nan,0,nan,nan,nan,nan,m1680-spec-0006::L2_window_13,m1680-spec-0006,L2_window_13,T4,t4_staged_warmup_capability|capability_step_up,mapping_window_unspecified,all_72_specs;mapping_window_unspecified;task_family_T4,t4_staged_warmup_capability,t4_staged_warmup_capability,runs/m1674_controller_family_one_seed_public_pilot/configs/L2_window_13_seed167400.json,runs/m1674_controller_family_one_seed_public_pilot/profile_runs/L2_window_13/seed_167400/checkpoint.pt,13,169376,False,True,False,False,False,False,False,False,False,False,False,False,False
169377,checkpoint,64,True,False,0.47432046398477,0.47432046398477,1612.9391063337164,1.1123717974715286,1.0973367237511247,-0.10131126119286282,1.1476339646530138,0.505645989348606,0.7540680417492376,0.9896537561368088,0.9896537561368087,,False,True,aeb_feasible,False,False,4.345202902333181,1.6378487929444225,2.7073541093887585,12.71532179491837,0.19867690304559954,2.3619928002040824,5.046999547432012,0.604552808159319,0.09403387801238297,0.0,8.924873675987929,0.0035902110394090414,1,nan,nan,64,2.3619928002040824,0.604552808159319,8.924873675987929,0.19867690304559954,0,nan,nan,nan,nan,0,nan,nan,nan,nan,m1680-spec-0006::L2_window_13_current_tiled,m1680-spec-0006,L2_window_13_current_tiled,T4,t4_staged_warmup_capability|capability_step_up,mapping_window_unspecified,all_72_specs;mapping_window_unspecified;task_family_T4,t4_staged_warmup_capability,t4_staged_warmup_capability,runs/m1674_controller_family_one_seed_public_pilot/configs/L2_window_13_current_tiled_seed167400.json,runs/m1674_controller_family_one_seed_public_pilot/profile_runs/L2_window_13_current_tiled/seed_167400/checkpoint.pt,13,169377,False,True,False,False,False,False,False,False,False,False,False,False,False
169378,checkpoint,65,True,False,0.6160886795489584,0.6160886795489584,1469.365203005701,1.0133553124177248,1.2259811494474158,0.06681680662218437,0.7974912734536977,0.7826590947420728,1.0443071036992584,1.8183861674977964,1.8183861674977964,,False,True,aeb_feasible,False,False,22.939407355519922,1.7876200699795604,21.15178728554036,22.97962856099015,0.35353274709215615,2.244157395282975,5.0980763098934005,0.3625632602415465,0.035392960303745336,0.0,8.909196692552943,0.002852334175258875,1,nan,nan,65,2.244157395282975,0.3625632602415465,8.909196692552943,0.35353274709215615,0,nan,nan,nan,nan,0,nan,nan,nan,nan,m1680-spec-0006::L2_window_25,m1680-spec-0006,L2_window_25,T4,t4_staged_warmup_capability|capability_step_up,mapping_window_unspecified,all_72_specs;mapping_window_unspecified;task_family_T4,t4_staged_warmup_capability,t4_staged_warmup_capability,runs/m1674_controller_family_one_seed_public_pilot/configs/L2_window_25_seed167400.json,runs/m1674_controller_family_one_seed_public_pilot/profile_runs/L2_window_25/seed_167400/checkpoint.pt,25,169378,False,True,False,False,False,False,False,False,False,False,False,False,False
169379,checkpoint,63,True,False,0.7316311390254179,0.7316311390254179,1512.883530746001,1.0433679522386214,1.0049656850457338,0.003989066639498606,0.8511426183683617,0.9288792809965,1.1057066470942314,1.8049664242206997,1.8049664242206997,,False,True,aeb_feasible,False,False,13.706161523947786,2.0815556422254797,11.624605881722307,15.461934927654415,0.24542753853419705,2.46827892802467,5.103704452347394,0.3949264621218241,0.0452046202236983,0.0,8.048533568370429,0.0030341085512191057,1,nan,nan,63,2.46827892802467,0.3949264621218241,8.048533568370429,0.24542753853419705,0,nan,nan,nan,nan,0,nan,nan,nan,nan,m1680-spec-0006::L2_window_25_current_tiled,m1680-spec-0006,L2_window_25_current_tiled,T4,t4_staged_warmup_capability|capability_step_up,mapping_window_unspecified,all_72_specs;mapping_window_unspecified;task_family_T4,t4_staged_warmup_capability,t4_staged_warmup_capability,runs/m1674_controller_family_one_seed_public_pilot/configs/L2_window_25_current_tiled_seed167400.json,runs/m1674_controller_family_one_seed_public_pilot/profile_runs/L2_window_25_current_tiled/seed_167400/checkpoint.pt,25,169379,False,True,False,False,False,False,False,False,False,False,False,False,False
169380,checkpoint,52,True,False,0.9241735951425727,0.9241735951425727,1314.497144970146,0.9065497551518249,1.1012774445340052,0.07310517227327362,0.9946336953473568,0.4556302447874041,1.1240464024197463,2.090204456990424,2.090204456990424,,False,True,aeb_feasible,False,False,28.034154568390996,1.6953186520221633,26.338835916368833,17.75907268307934,0.3415206285207565,2.184933848383943,5.027218431658966,0.49797122443357034,0.06808960718401413,0.0,11.635670719606564,0.0033936973195523024,1,nan,nan,52,2.184933848383943,0.49797122443357034,11.635670719606564,0.3415206285207565,0,nan,nan,nan,nan,0,nan,nan,nan,nan,m1680-spec-0006::L2_window_50,m1680-spec-0006,L2_window_50,T4,t4_staged_warmup_capability|capability_step_up,mapping_window_unspecified,all_72_specs;mapping_window_unspecified;task_family_T4,t4_staged_warmup_capability,t4_staged_warmup_capability,runs/m1674_controller_family_one_seed_public_pilot/configs/L2_window_50_seed167400.json,runs/m1674_controller_family_one_seed_public_pilot/profile_runs/L2_window_50/seed_167400/checkpoint.pt,50,169380,False,True,False,False,False,False,False,False,False,False,False,False,False
169381,checkpoint,60,True,False,0.7757106597587449,0.7757106597587449,1529.2155858796928,1.0546314385377191,1.2360274454661246,-0.03178058844794962,0.8878425474862846,1.1832041956175239,1.0412859262096084,2.1462776231112963,2.146277623111296,,False,True,aeb_feasible,False,False,20.10078539078352,1.6106759149007959,18.490109475882726,8.189278345455453,0.13648797242425753,2.4671525014966553,5.105086182604037,0.45299811317592736,0.04171356283295578,0.0,8.848458552530916,0.0031776358373463154,1,nan,nan,60,2.4671525014966553,0.45299811317592736,8.848458552530916,0.13648797242425753,0,nan,nan,nan,nan,0,nan,nan,nan,nan,m1680-spec-0006::L2_window_50_current_tiled,m1680-spec-0006,L2_window_50_current_tiled,T4,t4_staged_warmup_capability|capability_step_up,mapping_window_unspecified,all_72_specs;mapping_window_unspecified;task_family_T4,t4_staged_warmup_capability,t4_staged_warmup_capability,runs/m1674_controller_family_one_seed_public_pilot/configs/L2_window_50_current_tiled_seed167400.json,runs/m1674_controller_family_one_seed_public_pilot/profile_runs/L2_window_50_current_tiled/seed_167400/checkpoint.pt,50,169381,False,True,False,False,False,False,False,False,False,False,False,False,False
169382,checkpoint,71,True,False,0.5852112332358786,0.5852112332358786,1235.5752479963382,0.8521208606871298,1.1322688469827402,-0.05147535905260825,0.7967713288804854,0.5242744277325987,1.020988361106919,1.6634834899447768,1.6634834899447768,,False,True,aeb_feasible,True,False,2.0021772961564728,2.077497327638181,-0.0753200314817084,34.76814789426483,0.4896922238628849,1.6340280602667203,3.48181351891337,0.6334379048888924,0.023817272287040784,0.0,8.739826510104788,0.0014037687797099352,1,nan,nan,71,1.6340280602667203,0.6334379048888924,8.739826510104788,0.4896922238628849,0,nan,nan,nan,nan,0,nan,nan,nan,nan,m1680-spec-0006::L3_online_gru,m1680-spec-0006,L3_online_gru,T4,t4_staged_warmup_capability|capability_step_up,mapping_window_unspecified,all_72_specs;mapping_window_unspecified;task_family_T4,t4_staged_warmup_capability,t4_staged_warmup_capability,runs/m1674_controller_family_one_seed_public_pilot/configs/L3_online_gru_seed167400.json,runs/m1674_controller_family_one_seed_public_pilot/profile_runs/L3_online_gru/seed_167400/checkpoint.pt,1,169382,False,True,False,False,False,False,False,False,False,False,False,False,False
169383,checkpoint,103,False,True,0.4264920244214765,0.4264920244214765,1270.4472410550902,0.876170511072476,1.0578697725095174,-0.03808623938997879,0.9590772713640874,1.174284053979405,1.0503834229358797,1.8546765716857538,1.8546765716857538,,False,True,aeb_feasible,False,True,4.265237135880492,1.7974757897039444,2.4677613461765473,75.25797329428663,0.7306599348959867,2.1954156120634294,4.797822610369689,0.3632743097258361,0.04895281053418028,0.0,8.82508310741601,0.000676615396514535,1,nan,nan,103,2.1954156120634294,0.3632743097258361,8.82508310741601,0.7306599348959867,0,nan,nan,nan,nan,0,nan,nan,nan,nan,m1680-spec-0006::L3_reset_control_corrected,m1680-spec-0006,L3_reset_control_corrected,T4,t4_staged_warmup_capability|capability_step_up,mapping_window_unspecified,all_72_specs;mapping_window_unspecified;task_family_T4,t4_staged_warmup_capability,t4_staged_warmup_capability,runs/m1674_controller_family_one_seed_public_pilot/configs/L3_reset_control_corrected_seed167400.json,runs/m1674_controller_family_one_seed_public_pilot/profile_runs/L3_reset_control_corrected/seed_167400/checkpoint.pt,1,169383,False,True,False,False,False,False,False,False,False,False,False,False,True
169384,checkpoint,91,True,False,0.5383157881251363,0.36642489629411396,1308.384000808428,0.9023337936609849,0.8727098158674744,0.0454887622100999,1.242871320395749,0.7816193256989173,0.6197056721539927,1.223976069379431,1.223976069379431,30,True,True,aeb_feasible,False,False,26.085443845177835,1.7597645141986638,24.32567933097917,8.744002686049143,0.09608794160493564,2.484344343943259,5.024044667307855,0.5415326992766659,0.03865089247619265,0.0,7.070484426563534,0.0011838615173473954,1,nan,nan,91,2.484344343943259,0.5415326992766659,7.070484426563534,0.09608794160493564,0,nan,nan,nan,nan,0,nan,nan,nan,nan,m1680-spec-0007::L0_current_masked,m1680-spec-0007,L0_current_masked,T4,actuator_delay_step|capability_step_up,reveal_plus_4,all_72_specs;explicit_window_subset;task_family_T4,capability_step_up,t4_capability_step_temporal,runs/m1674_controller_family_one_seed_public_pilot/configs/L0_current_masked_seed167400.json,runs/m1674_controller_family_one_seed_public_pilot/profile_runs/L0_current_masked/seed_167400/checkpoint.pt,1,169384,False,True,False,False,False,False,False,False,False,False,False,False,False
169385,checkpoint,115,True,False,0.7725101879862739,0.5976996163896449,1284.456334472253,0.8858319548084503,1.2048913958851961,-0.089792812173066,1.3843293051009993,1.0189567422575645,0.6159497305910528,1.8234422229666272,1.823442222966627,35,True,True,aeb_feasible,False,False,15.116415011772565,1.709953758783045,13.40646125298952,13.485071157283011,0.1172614883242001,2.4859661778375677,5.009090225920897,0.39551526924222113,0.02883500212970702,0.0,6.438461893090858,0.0011657525319606066,1,nan,nan,115,2.4859661778375677,0.39551526924222113,6.438461893090858,0.1172614883242001,0,nan,nan,nan,nan,0,nan,nan,nan,nan,m1680-spec-0007::L1_one_step,m1680-spec-0007,L1_one_step,T4,actuator_delay_step|capability_step_up,reveal_plus_4,all_72_specs;explicit_window_subset;task_family_T4,capability_step_up,t4_capability_step_temporal,runs/m1674_controller_family_one_seed_public_pilot/configs/L1_one_step_seed167400.json,runs/m1674_controller_family_one_seed_public_pilot/profile_runs/L1_one_step/seed_167400/checkpoint.pt,1,169385,False,True,False,False,False,False,False,False,False,False,False,False,False
169386,checkpoint,74,True,False,0.8979817412831744,0.47425296669475386,1362.6520476326755,0.939760032850121,0.8569909560033747,0.11207561710737046,1.3914208534239787,0.9529381110470388,0.9168614423188628,1.79557195809876,1.79557195809876,34,True,True,aeb_feasible,False,False,7.703409972570968,1.4764098518538957,6.227000120717072,14.223998019693044,0.1922161894553114,2.3603905332108326,5.045951589174024,0.5306702189394967,0.07881923426083463,0.0,7.5945137168292325,0.0023855245672166348,1,nan,nan,74,2.3603905332108326,0.5306702189394967,7.5945137168292325,0.1922161894553114,0,nan,nan,nan,nan,0,nan,nan,nan,nan,m1680-spec-0007::L2_window_100,m1680-spec-0007,L2_window_100,T4,actuator_delay_step|capability_step_up,reveal_plus_4,all_72_specs;explicit_window_subset;task_family_T4,capability_step_up,t4_capability_step_temporal,runs/m1674_controller_family_one_seed_public_pilot/configs/L2_window_100_seed167400.json,runs/m1674_controller_family_one_seed_public_pilot/profile_runs/L2_window_100/seed_167400/checkpoint.pt,100,169386,False,True,False,False,False,False,False,False,False,False,False,False,False
169387,checkpoint,70,True,False,0.4854667979495688,0.9211268636936003,1589.7279849714855,1.0963641275665417,1.058494467296204,0.04443858698866854,0.8277504742731328,0.6912653841067795,1.0176451730647786,1.1741306386443522,1.1741306386443522,34,True,True,aeb_feasible,False,False,28.41555023828615,1.7776674292548227,26.63788280903133,14.05696543871114,0.20081379198158772,2.3248973518188443,5.063774473090653,0.6476867890604845,0.04419211379927058,0.0,7.961824410474516,0.003308179322630167,1,nan,nan,70,2.3248973518188443,0.6476867890604845,7.961824410474516,0.20081379198158772,0,nan,nan,nan,nan,0,nan,nan,nan,nan,m1680-spec-0007::L2_window_100_current_tiled,m1680-spec-0007,L2_window_100_current_tiled,T4,actuator_delay_step|capability_step_up,reveal_plus_4,all_72_specs;explicit_window_subset;task_family_T4,capability_step_up,t4_capability_step_temporal,runs/m1674_controller_family_one_seed_public_pilot/configs/L2_window_100_current_tiled_seed167400.json,runs/m1674_controller_family_one_seed_public_pilot/profile_runs/L2_window_100_current_tiled/seed_167400/checkpoint.pt,100,169387,False,True,False,False,False,False,False,False,False,False,False,False,False
169388,checkpoint,62,True,False,0.6495563201709063,1.0471903140195078,1648.2894064173465,1.1367513147705839,1.2496977593257816,0.10732646060164397,0.7272762063682701,0.7407179266349069,0.9614136116469888,1.6766351197190177,1.676635119719018,33,True,True,aeb_feasible,False,False,11.094012450996946,1.4553378131782475,9.6386746378187,11.967287836274405,0.193020771552813,2.3402699415104378,5.149157069476406,0.49550262718496063,0.032157669323932096,0.0,9.223385982764867,0.002668228466063738,1,nan,nan,62,2.3402699415104378,0.49550262718496063,9.223385982764867,0.193020771552813,0,nan,nan,nan,nan,0,nan,nan,nan,nan,m1680-spec-0007::L2_window_13,m1680-spec-0007,L2_window_13,T4,actuator_delay_step|capability_step_up,reveal_plus_4,all_72_specs;explicit_window_subset;task_family_T4,capability_step_up,t4_capability_step_temporal,runs/m1674_controller_family_one_seed_public_pilot/configs/L2_window_13_seed167400.json,runs/m1674_controller_family_one_seed_public_pilot/profile_runs/L2_window_13/seed_167400/checkpoint.pt,13,169388,False,True,False,False,False,False,False,False,False,False,False,False,False
169389,checkpoint,75,True,False,0.5574836045271034,1.0959855515389685,1698.7043894939602,1.1715202686165243,1.2106334355838104,-0.05467778891720698,0.7203033106769468,0.6131483212768357,0.7959044113624157,1.859793695510195,1.859793695510195,36,True,True,aeb_feasible,False,False,19.921748369352443,1.6959450057105272,18.225803363641916,8.85926929449532,0.11812359059327093,2.2386976543552466,5.1404351758759255,0.6536303537051846,0.041395024793327545,0.0,7.893721449652683,0.0027818516828119755,1,nan,nan,75,2.2386976543552466,0.6536303537051846,7.893721449652683,0.11812359059327093,0,nan,nan,nan,nan,0,nan,nan,nan,nan,m1680-spec-0007::L2_window_13_current_tiled,m1680-spec-0007,L2_window_13_current_tiled,T4,actuator_delay_step|capability_step_up,reveal_plus_4,all_72_specs;explicit_window_subset;task_family_T4,capability_step_up,t4_capability_step_temporal,runs/m1674_controller_family_one_seed_public_pilot/configs/L2_window_13_current_tiled_seed167400.json,runs/m1674_controller_family_one_seed_public_pilot/profile_runs/L2_window_13_current_tiled/seed_167400/checkpoint.pt,13,169389,False,True,False,False,False,False,False,False,False,False,False,False,False
169390,checkpoint,72,True,False,0.865978646775516,0.6603311729041569,1444.9996544003866,0.99655148579337,0.9641196621491824,-0.0017935591853532884,0.6954442857816038,1.0351231898843172,0.8211760429858108,1.6564407117457,1.6564407117457003,30,True,True,aeb_feasible,False,False,24.041104346870036,2.040039224529724,22.00106512234031,13.829170691483363,0.19207181515949115,2.281749234652593,5.111230358350692,0.4518944226744605,0.06165321637922652,0.0,8.426843404823494,0.002660078229382634,1,nan,nan,72,2.281749234652593,0.4518944226744605,8.426843404823494,0.19207181515949115,0,nan,nan,nan,nan,0,nan,nan,nan,nan,m1680-spec-0007::L2_window_25,m1680-spec-0007,L2_window_25,T4,actuator_delay_step|capability_step_up,reveal_plus_4,all_72_specs;explicit_window_subset;task_family_T4,capability_step_up,t4_capability_step_temporal,runs/m1674_controller_family_one_seed_public_pilot/configs/L2_window_25_seed167400.json,runs/m1674_controller_family_one_seed_public_pilot/profile_runs/L2_window_25/seed_167400/checkpoint.pt,25,169390,False,True,False,False,False,False,False,False,False,False,False,False,False
169391,checkpoint,69,True,False,0.8130264943204875,0.44408025907119225,1511.4895040347324,1.042406554506712,0.8966614861837829,-0.01709259927406248,0.9802535054950146,1.0039671579400185,1.239401752827023,1.9073483036811507,1.9073483036811507,32,True,True,aeb_feasible,False,False,9.47323480791448,1.9324424092187327,7.540792398695747,23.640646518469048,0.3426180654850587,2.2044977362285376,5.015630861401785,0.49058673291580596,0.04370377680476749,0.0,8.22855227112779,0.002816214691847563,1,nan,nan,69,2.2044977362285376,0.49058673291580596,8.22855227112779,0.3426180654850587,0,nan,nan,nan,nan,0,nan,nan,nan,nan,m1680-spec-0007::L2_window_25_current_tiled,m1680-spec-0007,L2_window_25_current_tiled,T4,actuator_delay_step|capability_step_up,reveal_plus_4,all_72_specs;explicit_window_subset;task_family_T4,capability_step_up,t4_capability_step_temporal,runs/m1674_controller_family_one_seed_public_pilot/configs/L2_window_25_current_tiled_seed167400.json,runs/m1674_controller_family_one_seed_public_pilot/profile_runs/L2_window_25_current_tiled/seed_167400/checkpoint.pt,25,169391,False,True,False,False,False,False,False,False,False,False,False,False,False
169392,checkpoint,60,True,False,0.918668396608191,0.9825540601720597,1297.6241814855039,0.8949132286106923,0.8518481157277746,-0.0720974039081892,0.9343842267468775,0.7458793056235405,0.5996812743705487,1.047150854446767,1.047150854446767,30,True,True,aeb_feasible,False,False,7.092230416913538,1.850048871880483,5.242181545033056,-2.6134198148824295,-0.04355699691470716,2.480852556831621,5.139808400391658,0.6368307408165218,0.04761846557935089,0.0,9.059509088028127,0.002719112439081073,1,nan,nan,60,2.480852556831621,0.6368307408165218,9.059509088028127,-0.04355699691470716,0,nan,nan,nan,nan,0,nan,nan,nan,nan,m1680-spec-0007::L2_window_50,m1680-spec-0007,L2_window_50,T4,actuator_delay_step|capability_step_up,reveal_plus_4,all_72_specs;explicit_window_subset;task_family_T4,capability_step_up,t4_capability_step_temporal,runs/m1674_controller_family_one_seed_public_pilot/configs/L2_window_50_seed167400.json,runs/m1674_controller_family_one_seed_public_pilot/profile_runs/L2_window_50/seed_167400/checkpoint.pt,50,169392,False,True,False,False,False,False,False,False,False,False,False,False,False
169393,checkpoint,60,True,False,0.5313188194575105,0.5958347029865894,1735.92927520823,1.1971926035918827,0.9827708795578559,-0.05104060632827134,1.4462727113018137,1.2547535072266778,0.7398740861277152,1.9392666165317514,1.9392666165317511,32,True,True,aeb_feasible,False,False,16.291844173178127,2.020226142223611,14.271618030954516,8.448197711823415,0.14080329519705692,2.5797114052684194,5.064607704046068,0.2966763324301437,0.05040451405143505,0.0,8.542652968702978,0.0030155014246702194,1,nan,nan,60,2.5797114052684194,0.2966763324301437,8.542652968702978,0.14080329519705692,0,nan,nan,nan,nan,0,nan,nan,nan,nan,m1680-spec-0007::L2_window_50_current_tiled,m1680-spec-0007,L2_window_50_current_tiled,T4,actuator_delay_step|capability_step_up,reveal_plus_4,all_72_specs;explicit_window_subset;task_family_T4,capability_step_up,t4_capability_step_temporal,runs/m1674_controller_family_one_seed_public_pilot/configs/L2_window_50_current_tiled_seed167400.json,runs/m1674_controller_family_one_seed_public_pilot/profile_runs/L2_window_50_current_tiled/seed_167400/checkpoint.pt,50,169393,False,True,False,False,False,False,False,False,False,False,False,False,False
169394,checkpoint,85,True,False,0.6724817428432224,0.6824851542680253,1315.622381175834,0.9073257801212649,0.8563355611133737,0.06353702775293213,1.1663655986930404,0.6142978907857699,1.0246719069920622,1.6154325263548615,1.6154325263548615,32,True,True,aeb_feasible,False,False,24.359117742309724,1.9949134110779716,22.364204331231754,48.84064332036952,0.5745958037690532,2.212924695988087,5.104346594900402,0.5348482108813469,0.02888685271421116,0.0,10.720639512017401,0.001362298266030848,1,nan,nan,85,2.212924695988087,0.5348482108813469,10.720639512017401,0.5745958037690532,0,nan,nan,nan,nan,0,nan,nan,nan,nan,m1680-spec-0007::L3_online_gru,m1680-spec-0007,L3_online_gru,T4,actuator_delay_step|capability_step_up,reveal_plus_4,all_72_specs;explicit_window_subset;task_family_T4,capability_step_up,t4_capability_step_temporal,runs/m1674_controller_family_one_seed_public_pilot/configs/L3_online_gru_seed167400.json,runs/m1674_controller_family_one_seed_public_pilot/profile_runs/L3_online_gru/seed_167400/checkpoint.pt,1,169394,False,True,False,False,False,False,False,False,False,False,False,False,False
169395,checkpoint,92,True,False,0.724205367013367,0.5276913739063458,1634.3432956420345,1.1271333073393341,0.8775320714170203,0.040187890065689125,1.272722031030606,1.207561449225111,1.2348676763503357,1.9602310139436065,1.9602310139436063,31,True,True,aeb_feasible,False,False,4.249730004163191,1.4620693830251013,2.78766062113809,45.56265735533569,0.4952462756014749,2.338030329870922,5.102958616090806,0.43515553435594967,0.019459911598379072,0.0,9.269932084642443,0.0007698942208662629,1,nan,nan,92,2.338030329870922,0.43515553435594967,9.269932084642443,0.4952462756014749,0,nan,nan,nan,nan,0,nan,nan,nan,nan,m1680-spec-0007::L3_reset_control_corrected,m1680-spec-0007,L3_reset_control_corrected,T4,actuator_delay_step|capability_step_up,reveal_plus_4,all_72_specs;explicit_window_subset;task_family_T4,capability_step_up,t4_capability_step_temporal,runs/m1674_controller_family_one_seed_public_pilot/configs/L3_reset_control_corrected_seed167400.json,runs/m1674_controller_family_one_seed_public_pilot/profile_runs/L3_reset_control_corrected/seed_167400/checkpoint.pt,1,169395,False,True,False,False,False,False,False,False,False,False,False,False,False
169396,checkpoint,100,True,False,0.9998416872152336,0.9998416872152336,1293.4176314181555,0.8920121595987279,0.8656947298716295,-0.11205876933130599,0.8072107121522796,1.1041111187412744,1.0288410226053437,1.0071385813854532,1.0071385813854532,,False,True,aeb_feasible,False,False,13.928329934018317,1.7833930478830502,12.144936886135266,29.62055010308086,0.2962055010308086,2.2258248309379085,5.019734012565493,0.5095153217931271,0.02143200068177738,0.0,7.847870426231292,0.0013422324554994702,1,nan,nan,100,2.2258248309379085,0.5095153217931271,7.847870426231292,0.2962055010308086,0,nan,nan,nan,nan,0,nan,nan,nan,nan,m1680-spec-0008::L0_current_masked,m1680-spec-0008,L0_current_masked,T4,actuator_delay_step|t4_capability_step_temporal,mapping_window_unspecified,all_72_specs;mapping_window_unspecified;task_family_T4,actuator_delay_step,t4_actuator_delay_response,runs/m1674_controller_family_one_seed_public_pilot/configs/L0_current_masked_seed167400.json,runs/m1674_controller_family_one_seed_public_pilot/profile_runs/L0_current_masked/seed_167400/checkpoint.pt,1,169396,False,True,False,False,False,False,False,False,False,False,False,False,False
169397,checkpoint,82,True,False,0.669125779960442,0.669125779960442,1491.7515324668755,1.028794160321983,0.9236538323168557,0.11850039460967254,1.0004674651392123,1.1478893578295981,0.9620620897320349,3.380812667747094,3.380812667747094,,False,True,aeb_feasible,False,False,20.774506918820364,1.8561381189807227,18.91836879983964,12.642710498170821,0.15417939631915636,2.4121122995586313,5.080957027906514,0.5519433113086898,0.015777036905009086,0.0,8.840426229177362,0.0017342357896268368,1,nan,nan,82,2.4121122995586313,0.5519433113086898,8.840426229177362,0.15417939631915636,0,nan,nan,nan,nan,0,nan,nan,nan,nan,m1680-spec-0008::L1_one_step,m1680-spec-0008,L1_one_step,T4,actuator_delay_step|t4_capability_step_temporal,mapping_window_unspecified,all_72_specs;mapping_window_unspecified;task_family_T4,actuator_delay_step,t4_actuator_delay_response,runs/m1674_controller_family_one_seed_public_pilot/configs/L1_one_step_seed167400.json,runs/m1674_controller_family_one_seed_public_pilot/profile_runs/L1_one_step/seed_167400/checkpoint.pt,1,169397,False,True,False,False,False,False,False,False,False,False,False,False,False
169398,checkpoint,61,True,False,0.7529502049713236,0.7529502049713236,1436.628879252737,0.9907785374156808,1.2072833317295537,-0.07400237876152094,0.7552114482278153,0.9843464075727264,0.9544853195710182,4.0836569419482185,4.0836569419482185,,False,True,aeb_feasible,False,False,23.52122415855195,1.9026254978003525,21.618598660751594,6.098706636836358,0.09997879732518619,2.3875382897321384,5.059304415269189,0.5946576035980209,0.03384887308497331,0.0,9.441794297031892,0.0027315516490489244,1,nan,nan,61,2.3875382897321384,0.5946576035980209,9.441794297031892,0.09997879732518619,0,nan,nan,nan,nan,0,nan,nan,nan,nan,m1680-spec-0008::L2_window_100,m1680-spec-0008,L2_window_100,T4,actuator_delay_step|t4_capability_step_temporal,mapping_window_unspecified,all_72_specs;mapping_window_unspecified;task_family_T4,actuator_delay_step,t4_actuator_delay_response,runs/m1674_controller_family_one_seed_public_pilot/configs/L2_window_100_seed167400.json,runs/m1674_controller_family_one_seed_public_pilot/profile_runs/L2_window_100/seed_167400/checkpoint.pt,100,169398,False,True,False,False,False,False,False,False,False,False,False,False,False
169399,checkpoint,73,True,False,0.7265680092249286,0.7265680092249286,1568.6946657734743,1.081858390188603,1.1939905644880733,-0.0677538946793188,0.9055174573012467,0.7979327393907082,1.0036567744361105,3.570695949615816,3.570695949615816,,False,True,aeb_feasible,False,False,13.07558780516122,1.6813988408771379,11.394188964284082,27.79647761268306,0.3807736659271652,2.2141615535112,5.095344797330796,0.35430318640756475,0.04776645996379948,0.0,8.11580197725883,0.002805634168908,1,nan,nan,73,2.2141615535112,0.35430318640756475,8.11580197725883,0.3807736659271652,0,nan,nan,nan,nan,0,nan,nan,nan,nan,m1680-spec-0008::L2_window_100_current_tiled,m1680-spec-0008,L2_window_100_current_tiled,T4,actuator_delay_step|t4_capability_step_temporal,mapping_window_unspecified,all_72_specs;mapping_window_unspecified;task_family_T4,actuator_delay_step,t4_actuator_delay_response,runs/m1674_controller_family_one_seed_public_pilot/configs/L2_window_100_current_tiled_seed167400.json,runs/m1674_controller_family_one_seed_public_pilot/profile_runs/L2_window_100_current_tiled/seed_167400/checkpoint.pt,100,169399,False,True,False,False,False,False,False,False,False,False,False,False,False
169400,checkpoint,80,True,False,0.6161024452204913,0.6161024452204913,1236.2254302607134,0.8525692622487678,0.9921354640790286,-0.09171828961881712,0.7747204446534126,1.007346991054059,0.7642616952266034,1.277798598933146,1.277798598933146,,False,True,aeb_feasible,False,False,11.14558936819398,1.5577312316247733,9.587858136569206,22.55010117450589,0.28187626468132365,2.177210615920183,5.033532193691645,0.3195219328797583,0.08470428338023928,0.0,7.709510101981193,0.002402783604338765,1,nan,nan,80,2.177210615920183,0.3195219328797583,7.709510101981193,0.28187626468132365,0,nan,nan,nan,nan,0,nan,nan,nan,nan,m1680-spec-0008::L2_window_13,m1680-spec-0008,L2_window_13,T4,actuator_delay_step|t4_capability_step_temporal,mapping_window_unspecified,all_72_specs;mapping_window_unspecified;task_family_T4,actuator_delay_step,t4_actuator_delay_response,runs/m1674_controller_family_one_seed_public_pilot/configs/L2_window_13_seed167400.json,runs/m1674_controller_family_one_seed_public_pilot/profile_runs/L2_window_13/seed_167400/checkpoint.pt,13,169400,False,True,False,False,False,False,False,False,False,False,False,False,False
169401,checkpoint,51,True,False,0.9870415322482142,0.9870415322482142,1659.9446519441267,1.1447894151338804,1.085378236996477,-0.10796172388240333,0.8693059679351547,0.9406137009389325,0.9219448012382371,3.9933764100150557,3.9933764100150557,,False,True,aeb_feasible,False,False,28.41815477346569,1.799505499928653,26.618649273537038,13.951686995734569,0.27356249011244255,2.2537244198688926,5.026679295335679,0.3839869043548953,0.03351014139170926,0.0,12.127209277314853,0.003398821922019124,1,nan,nan,51,2.2537244198688926,0.3839869043548953,12.127209277314853,0.27356249011244255,0,nan,nan,nan,nan,0,nan,nan,nan,nan,m1680-spec-0008::L2_window_13_current_tiled,m1680-spec-0008,L2_window_13_current_tiled,T4,actuator_delay_step|t4_capability_step_temporal,mapping_window_unspecified,all_72_specs;mapping_window_unspecified;task_family_T4,actuator_delay_step,t4_actuator_delay_response,runs/m1674_controller_family_one_seed_public_pilot/configs/L2_window_13_current_tiled_seed167400.json,runs/m1674_controller_family_one_seed_public_pilot/profile_runs/L2_window_13_current_tiled/seed_167400/checkpoint.pt,13,169401,False,True,False,False,False,False,False,False,False,False,False,False,False
169402,checkpoint,75,True,False,0.5015684412755681,0.5015684412755681,1738.074170794154,1.1986718419270028,1.1352424333612183,0.09605859829592633,1.1811030058059557,1.0149321176275992,1.069834501065309,1.6540049092882607,1.654004909288261,,False,True,aeb_feasible,False,False,21.318033421222392,2.047903418565208,19.270130002657183,22.44988579031219,0.29933181053749586,2.2854733834289203,5.0942048134365265,0.40045272160226925,0.059538620991998484,0.0,7.5777305627816505,0.0025170957669615746,1,nan,nan,75,2.2854733834289203,0.40045272160226925,7.5777305627816505,0.29933181053749586,0,nan,nan,nan,nan,0,nan,nan,nan,nan,m1680-spec-0008::L2_window_25,m1680-spec-0008,L2_window_25,T4,actuator_delay_step|t4_capability_step_temporal,mapping_window_unspecified,all_72_specs;mapping_window_unspecified;task_family_T4,actuator_delay_step,t4_actuator_delay_response,runs/m1674_controller_family_one_seed_public_pilot/configs/L2_window_25_seed167400.json,runs/m1674_controller_family_one_seed_public_pilot/profile_runs/L2_window_25/seed_167400/checkpoint.pt,25,169402,False,True,False,False,False,False,False,False,False,False,False,False,False
169403,checkpoint,66,True,False,0.9594607587133825,0.9594607587133825,1327.3334436191053,0.9154023749097278,1.1761149423711046,0.10301671732648643,1.0379712713942986,0.8350295768125123,0.8639573453780944,3.821902307960764,3.8219023079607646,,False,True,aeb_feasible,False,False,8.795666276161766,1.9542606896114516,6.841405586550314,15.057215460628399,0.22813962819133937,2.295424172305087,5.072600076249348,0.45117601972605526,0.04307381552607963,0.0,8.561114232811706,0.0028616641648113728,1,nan,nan,66,2.295424172305087,0.45117601972605526,8.561114232811706,0.22813962819133937,0,nan,nan,nan,nan,0,nan,nan,nan,nan,m1680-spec-0008::L2_window_25_current_tiled,m1680-spec-0008,L2_window_25_current_tiled,T4,actuator_delay_step|t4_capability_step_temporal,mapping_window_unspecified,all_72_specs;mapping_window_unspecified;task_family_T4,actuator_delay_step,t4_actuator_delay_response,runs/m1674_controller_family_one_seed_public_pilot/configs/L2_window_25_current_tiled_seed167400.json,runs/m1674_controller_family_one_seed_public_pilot/profile_runs/L2_window_25_current_tiled/seed_167400/checkpoint.pt,25,169403,False,True,False,False,False,False,False,False,False,False,False,False,False
169404,checkpoint,65,True,False,0.7880644208747578,0.7880644208747578,1533.0025436423523,1.0572431335464498,1.039899897267805,0.05477355989328858,1.1728263343427843,0.8472019036075115,0.9238041182516286,1.4550903511776312,1.4550903511776312,,False,True,aeb_feasible,False,False,25.037601210135392,1.652745686023422,23.38485552411197,15.551513720137494,0.23925405723288454,2.1843808576845616,5.015421142933988,0.4988752968297946,0.04361124850843324,0.0,9.025677469502432,0.003132542595267296,1,nan,nan,65,2.1843808576845616,0.4988752968297946,9.025677469502432,0.23925405723288454,0,nan,nan,nan,nan,0,nan,nan,nan,nan,m1680-spec-0008::L2_window_50,m1680-spec-0008,L2_window_50,T4,actuator_delay_step|t4_capability_step_temporal,mapping_window_unspecified,all_72_specs;mapping_window_unspecified;task_family_T4,actuator_delay_step,t4_actuator_delay_response,runs/m1674_controller_family_one_seed_public_pilot/configs/L2_window_50_seed167400.json,runs/m1674_controller_family_one_seed_public_pilot/profile_runs/L2_window_50/seed_167400/checkpoint.pt,50,169404,False,True,False,False,False,False,False,False,False,False,False,False,False
169405,checkpoint,77,True,False,0.5245514659118694,0.5245514659118694,1284.302642379222,0.8857259602615325,0.9274212723390524,-0.00578840676140735,1.0216504545684544,1.0753289873490361,0.9898775883443928,3.721139442871506,3.7211394428715066,,False,True,aeb_feasible,False,False,9.623456106064703,1.5837008012820561,8.039755304782647,24.974583544201778,0.32434524083378935,2.1167908251139,5.010732059454355,0.4660637304930616,0.08633178278119019,0.0,8.206069990952793,0.0027328140567988157,1,nan,nan,77,2.1167908251139,0.4660637304930616,8.206069990952793,0.32434524083378935,0,nan,nan,nan,nan,0,nan,nan,nan,nan,m1680-spec-0008::L2_window_50_current_tiled,m1680-spec-0008,L2_window_50_current_tiled,T4,actuator_delay_step|t4_capability_step_temporal,mapping_window_unspecified,all_72_specs;mapping_window_unspecified;task_family_T4,actuator_delay_step,t4_actuator_delay_response,runs/m1674_controller_family_one_seed_public_pilot/configs/L2_window_50_current_tiled_seed167400.json,runs/m1674_controller_family_one_seed_public_pilot/profile_runs/L2_window_50_current_tiled/seed_167400/checkpoint.pt,50,169405,False,True,False,False,False,False,False,False,False,False,False,False,False
169406,checkpoint,93,True,False,0.7463359388863954,0.7463359388863954,1361.163070319948,0.9387331519447918,1.1349774710521574,-0.028922119676630498,1.198012737366697,1.0480228704780714,1.1388885508652042,2.5825214291015177,2.5825214291015177,,False,True,aeb_feasible,False,False,16.776639192291437,1.6263859041223456,15.150253288169091,50.50793609709437,0.5430960870655309,2.2851829262265264,5.052420034984603,0.47862146343210066,0.0184059059622077,0.0,9.060403413974829,0.0012626114767044783,1,nan,nan,93,2.2851829262265264,0.47862146343210066,9.060403413974829,0.5430960870655309,0,nan,nan,nan,nan,0,nan,nan,nan,nan,m1680-spec-0008::L3_online_gru,m1680-spec-0008,L3_online_gru,T4,actuator_delay_step|t4_capability_step_temporal,mapping_window_unspecified,all_72_specs;mapping_window_unspecified;task_family_T4,actuator_delay_step,t4_actuator_delay_response,runs/m1674_controller_family_one_seed_public_pilot/configs/L3_online_gru_seed167400.json,runs/m1674_controller_family_one_seed_public_pilot/profile_runs/L3_online_gru/seed_167400/checkpoint.pt,1,169406,False,True,False,False,False,False,False,False,False,False,False,False,False
169407,checkpoint,97,True,False,0.5092421142622325,0.5092421142622325,1249.198531667163,0.8615162287359746,0.963658080495904,-0.033312704496788914,1.0407256298517982,1.183383128664434,0.7700271929917725,3.9240457942662657,3.9240457942662657,,False,True,aeb_feasible,False,False,22.531418196265037,1.529810921660485,21.001607274604552,24.920857207705996,0.25691605368769066,2.524350633837373,5.028043827259868,0.4126314269795766,0.08079300577375029,0.0,7.854265308600416,0.0007593901245854795,1,nan,nan,97,2.524350633837373,0.4126314269795766,7.854265308600416,0.25691605368769066,0,nan,nan,nan,nan,0,nan,nan,nan,nan,m1680-spec-0008::L3_reset_control_corrected,m1680-spec-0008,L3_reset_control_corrected,T4,actuator_delay_step|t4_capability_step_temporal,mapping_window_unspecified,all_72_specs;mapping_window_unspecified;task_family_T4,actuator_delay_step,t4_actuator_delay_response,runs/m1674_controller_family_one_seed_public_pilot/configs/L3_reset_control_corrected_seed167400.json,runs/m1674_controller_family_one_seed_public_pilot/profile_runs/L3_reset_control_corrected/seed_167400/checkpoint.pt,1,169407,False,True,False,False,False,False,False,False,False,False,False,False,False
169408,checkpoint,108,True,False,0.49908056581505456,0.3515779273409418,1529.1584538292789,1.0545920371236406,1.1059680804186285,0.07887753698492506,1.4138856312302823,1.0941459801577635,0.8868242579105899,1.1353274866637453,1.1353274866637453,33,True,True,aeb_feasible,False,False,7.391820595290127,2.034100126613371,5.357720468676756,29.5616505357828,0.2737189864424333,2.362343102811139,5.024415798310539,0.37482869897420656,0.045378783385759514,0.0,6.80327489392583,0.0010397046571597457,1,nan,nan,108,2.362343102811139,0.37482869897420656,6.80327489392583,0.2737189864424333,0,nan,nan,nan,nan,0,nan,nan,nan,nan,m1680-spec-0009::L0_current_masked,m1680-spec-0009,L0_current_masked,T4,capability_step_down|t4_actuator_delay_response,mapping_window_unspecified,all_72_specs;mapping_window_unspecified;task_family_T4,capability_step_down,t4_capability_step_temporal,runs/m1674_controller_family_one_seed_public_pilot/configs/L0_current_masked_seed167400.json,runs/m1674_controller_family_one_seed_public_pilot/profile_runs/L0_current_masked/seed_167400/checkpoint.pt,1,169408,False,True,False,False,False,False,False,False,False,False,False,False,False
169409,checkpoint,86,True,False,0.6484949144044267,0.47028741839015564,1713.4230117102484,1.181671042558792,1.2423496684501327,0.06209741577635719,1.359744375358606,0.5819805771312162,1.3056719378016342,1.5290598787563026,1.5290598787563026,31,True,True,aeb_feasible,False,False,26.404889329536367,1.7085838555793864,24.69630547395698,46.94855989768752,0.545913487182413,2.163523168076839,5.0225881827898675,0.5242544759645991,0.04758864187068793,0.0,8.815552113359097,0.0016627059085294604,1,nan,nan,86,2.163523168076839,0.5242544759645991,8.815552113359097,0.545913487182413,0,nan,nan,nan,nan,0,nan,nan,nan,nan,m1680-spec-0009::L1_one_step,m1680-spec-0009,L1_one_step,T4,capability_step_down|t4_actuator_delay_response,mapping_window_unspecified,all_72_specs;mapping_window_unspecified;task_family_T4,capability_step_down,t4_capability_step_temporal,runs/m1674_controller_family_one_seed_public_pilot/configs/L1_one_step_seed167400.json,runs/m1674_controller_family_one_seed_public_pilot/profile_runs/L1_one_step/seed_167400/checkpoint.pt,1,169409,False,True,False,False,False,False,False,False,False,False,False,False,False
169410,checkpoint,60,True,False,1.0208698044372821,0.8064992858351807,1257.3305844939082,0.8671245410302815,0.9171915155326059,-0.08598049276337871,1.1617407553153551,1.1810596511155662,1.0943298191418043,1.5505404326361516,1.5505404326361516,35,True,True,aeb_feasible,False,False,22.228619015200238,1.768811335674226,20.459807679526012,15.26118845244563,0.25435314087409383,2.335886314682294,5.004874883937131,0.40959932009253214,0.05215149219357018,0.0,9.28463866331233,0.0029453812167048454,1,nan,nan,60,2.335886314682294,0.40959932009253214,9.28463866331233,0.25435314087409383,0,nan,nan,nan,nan,0,nan,nan,nan,nan,m1680-spec-0009::L2_window_100,m1680-spec-0009,L2_window_100,T4,capability_step_down|t4_actuator_delay_response,mapping_window_unspecified,all_72_specs;mapping_window_unspecified;task_family_T4,capability_step_down,t4_capability_step_temporal,runs/m1674_controller_family_one_seed_public_pilot/configs/L2_window_100_seed167400.json,runs/m1674_controller_family_one_seed_public_pilot/profile_runs/L2_window_100/seed_167400/checkpoint.pt,100,169410,False,True,False,False,False,False,False,False,False,False,False,False,False
169411,checkpoint,51,True,False,0.2824583287506054,1.02296550138693,1552.9394677836683,1.0709927364025298,0.9416302641387561,0.055917910231463974,1.220020403443593,0.7848772764253343,0.6821531568704097,1.78332746849216,1.78332746849216,30,True,True,aeb_feasible,False,False,2.8421957496480688,2.0555701923947525,0.7866255572533163,10.332096547963022,0.2025901283914318,2.4231278268633933,5.0757233704113816,0.4195376126275196,0.11663946378010555,0.0,11.7881473419687,0.0037171272560954094,1,nan,nan,51,2.4231278268633933,0.4195376126275196,11.7881473419687,0.2025901283914318,0,nan,nan,nan,nan,0,nan,nan,nan,nan,m1680-spec-0009::L2_window_100_current_tiled,m1680-spec-0009,L2_window_100_current_tiled,T4,capability_step_down|t4_actuator_delay_response,mapping_window_unspecified,all_72_specs;mapping_window_unspecified;task_family_T4,capability_step_down,t4_capability_step_temporal,runs/m1674_controller_family_one_seed_public_pilot/configs/L2_window_100_current_tiled_seed167400.json,runs/m1674_controller_family_one_seed_public_pilot/profile_runs/L2_window_100_current_tiled/seed_167400/checkpoint.pt,100,169411,False,True,False,False,False,False,False,False,False,False,False,False,False
169412,checkpoint,86,True,False,0.5694154422067563,0.40386783071741494,1282.133467658367,0.8842299776954254,1.0771078306421071,0.05513753124405074,1.0778338458733057,0.9756889458852915,0.6551850546671264,1.4398064202410095,1.4398064202410095,35,True,True,aeb_feasible,False,False,4.394991028969775,1.637538610182381,2.757452418787394,12.036124289890907,0.13995493360338263,2.3588522004735877,5.084235136352472,0.43611161237746454,0.06304194258947003,0.0,6.709176735670039,0.0020247602369636297,1,nan,nan,86,2.3588522004735877,0.43611161237746454,6.709176735670039,0.13995493360338263,0,nan,nan,nan,nan,0,nan,nan,nan,nan,m1680-spec-0009::L2_window_13,m1680-spec-0009,L2_window_13,T4,capability_step_down|t4_actuator_delay_response,mapping_window_unspecified,all_72_specs;mapping_window_unspecified;task_family_T4,capability_step_down,t4_capability_step_temporal,runs/m1674_controller_family_one_seed_public_pilot/configs/L2_window_13_seed167400.json,runs/m1674_controller_family_one_seed_public_pilot/profile_runs/L2_window_13/seed_167400/checkpoint.pt,13,169412,False,True,False,False,False,False,False,False,False,False,False,False,False
169413,checkpoint,57,True,False,0.3676271858925029,0.8035796342489347,1633.2281564720754,1.1263642458428107,1.1182358138040924,0.09063022451320979,0.9686748707873358,0.7522207467276066,1.0120023318217135,0.9523032822818631,0.9523032822818631,36,True,True,aeb_feasible,False,False,12.140467837603675,1.5525817544541471,10.587886083149527,15.373386743388563,0.26970853935769407,2.264990530121615,5.125557358163807,0.48781696678500447,0.14921355792922772,0.0,10.992868601037166,0.004008414689451456,1,nan,nan,57,2.264990530121615,0.48781696678500447,10.992868601037166,0.26970853935769407,0,nan,nan,nan,nan,0,nan,nan,nan,nan,m1680-spec-0009::L2_window_13_current_tiled,m1680-spec-0009,L2_window_13_current_tiled,T4,capability_step_down|t4_actuator_delay_response,mapping_window_unspecified,all_72_specs;mapping_window_unspecified;task_family_T4,capability_step_down,t4_capability_step_temporal,runs/m1674_controller_family_one_seed_public_pilot/configs/L2_window_13_current_tiled_seed167400.json,runs/m1674_controller_family_one_seed_public_pilot/profile_runs/L2_window_13_current_tiled/seed_167400/checkpoint.pt,13,169413,False,True,False,False,False,False,False,False,False,False,False,False,False
169414,checkpoint,61,True,False,1.010513090870011,0.9744751791635966,1529.3790680348052,1.0547441848515897,0.9494006773008226,0.016967430934825556,0.9487864661982133,0.7724149469989361,0.8013085515848121,1.3916942340028973,1.3916942340028973,35,True,True,aeb_feasible,False,False,17.157770959353766,1.9696905753189822,15.188080384034784,12.74540654893957,0.20894109096622246,2.352755208853156,5.0233610185498705,0.4599779084564106,0.04019833785281554,0.0,9.126326006652366,0.0028324525337666273,1,nan,nan,61,2.352755208853156,0.4599779084564106,9.126326006652366,0.20894109096622246,0,nan,nan,nan,nan,0,nan,nan,nan,nan,m1680-spec-0009::L2_window_25,m1680-spec-0009,L2_window_25,T4,capability_step_down|t4_actuator_delay_response,mapping_window_unspecified,all_72_specs;mapping_window_unspecified;task_family_T4,capability_step_down,t4_capability_step_temporal,runs/m1674_controller_family_one_seed_public_pilot/configs/L2_window_25_seed167400.json,runs/m1674_controller_family_one_seed_public_pilot/profile_runs/L2_window_25/seed_167400/checkpoint.pt,25,169414,False,True,False,False,False,False,False,False,False,False,False,False,False
169415,checkpoint,79,True,False,0.6044966562273478,0.32783036976081226,1705.6797525100214,1.1763308638000147,1.015330508744509,0.11032638069720524,0.5252382803729554,1.2122514478306712,1.2992840437730373,1.6964748540771666,1.6964748540771666,36,True,True,aeb_feasible,False,False,26.48670241130948,1.5511642806228978,24.93553813068658,19.76182024981935,0.25014962341543484,2.213941236684839,5.10852582180739,0.589930965017486,0.050095701811759555,0.0,7.609775313063023,0.0028531192801892757,1,nan,nan,79,2.213941236684839,0.589930965017486,7.609775313063023,0.25014962341543484,0,nan,nan,nan,nan,0,nan,nan,nan,nan,m1680-spec-0009::L2_window_25_current_tiled,m1680-spec-0009,L2_window_25_current_tiled,T4,capability_step_down|t4_actuator_delay_response,mapping_window_unspecified,all_72_specs;mapping_window_unspecified;task_family_T4,capability_step_down,t4_capability_step_temporal,runs/m1674_controller_family_one_seed_public_pilot/configs/L2_window_25_current_tiled_seed167400.json,runs/m1674_controller_family_one_seed_public_pilot/profile_runs/L2_window_25_current_tiled/seed_167400/checkpoint.pt,25,169415,False,True,False,False,False,False,False,False,False,False,False,False,False
169416,checkpoint,58,True,False,0.6925167804169949,0.7883748015785356,1399.6033946922262,0.9652437204773974,1.0945931064841767,-0.048733554851129846,1.4224928689168914,1.0867291837194801,0.7696507094186621,1.972465743922848,1.972465743922848,33,True,True,aeb_feasible,False,False,26.653461464911977,2.026900255584478,24.626561209327498,1.7877054363996616,0.030822507524132098,2.3021968375067536,5.053143315357765,0.59577239833958,0.04774892596053804,0.0,9.84262008985061,0.00300219701603055,1,nan,nan,58,2.3021968375067536,0.59577239833958,9.84262008985061,0.030822507524132098,0,nan,nan,nan,nan,0,nan,nan,nan,nan,m1680-spec-0009::L2_window_50,m1680-spec-0009,L2_window_50,T4,capability_step_down|t4_actuator_delay_response,mapping_window_unspecified,all_72_specs;mapping_window_unspecified;task_family_T4,capability_step_down,t4_capability_step_temporal,runs/m1674_controller_family_one_seed_public_pilot/configs/L2_window_50_seed167400.json,runs/m1674_controller_family_one_seed_public_pilot/profile_runs/L2_window_50/seed_167400/checkpoint.pt,50,169416,False,True,False,False,False,False,False,False,False,False,False,False,False
169417,checkpoint,70,True,False,0.7145022892451947,0.6666580343569579,1467.912895684338,1.0123537211616125,0.9604553635269917,-0.07153996186705713,1.3318632593669189,1.2831156237653887,0.5580282181246976,1.426018848448797,1.4260188484487972,32,True,True,aeb_feasible,False,False,20.069905484106595,1.7618857345621537,18.308019749544442,6.892260336647121,0.09846086195210173,2.3751621146230204,5.048842285129599,0.39244685722641487,0.058582948557705794,0.0,8.041502989006075,0.0029981716070324183,1,nan,nan,70,2.3751621146230204,0.39244685722641487,8.041502989006075,0.09846086195210173,0,nan,nan,nan,nan,0,nan,nan,nan,nan,m1680-spec-0009::L2_window_50_current_tiled,m1680-spec-0009,L2_window_50_current_tiled,T4,capability_step_down|t4_actuator_delay_response,mapping_window_unspecified,all_72_specs;mapping_window_unspecified;task_family_T4,capability_step_down,t4_capability_step_temporal,runs/m1674_controller_family_one_seed_public_pilot/configs/L2_window_50_current_tiled_seed167400.json,runs/m1674_controller_family_one_seed_public_pilot/profile_runs/L2_window_50_current_tiled/seed_167400/checkpoint.pt,50,169417,False,True,False,False,False,False,False,False,False,False,False,False,False
169418,checkpoint,83,True,False,0.26091707721428187,0.889918843046174,1510.2309220397376,1.041538566923957,1.0629418414167007,-0.0966556273726622,0.7080434996280142,1.0157583643368233,1.1537019897611596,1.5922307606039814,1.5922307606039812,34,True,True,aeb_feasible,False,False,11.566446949342549,1.88643698317814,9.680009966164409,53.187794272370034,0.6408167984622896,2.2547639725272695,5.103976504427379,0.31819173738812295,0.3457889371277906,0.0,10.789189700165231,0.0013743177987635136,1,nan,nan,83,2.2547639725272695,0.31819173738812295,10.789189700165231,0.6408167984622896,0,nan,nan,nan,nan,0,nan,nan,nan,nan,m1680-spec-0009::L3_online_gru,m1680-spec-0009,L3_online_gru,T4,capability_step_down|t4_actuator_delay_response,mapping_window_unspecified,all_72_specs;mapping_window_unspecified;task_family_T4,capability_step_down,t4_capability_step_temporal,runs/m1674_controller_family_one_seed_public_pilot/configs/L3_online_gru_seed167400.json,runs/m1674_controller_family_one_seed_public_pilot/profile_runs/L3_online_gru/seed_167400/checkpoint.pt,1,169418,False,True,False,False,False,False,False,False,False,False,False,False,False
169419,checkpoint,109,True,False,0.7649509813107896,0.4227730105696497,1633.4774224487628,1.12653615341294,1.0708812340758975,0.07433620957086862,1.2670945913311198,0.9309895660924971,0.9087325706080465,1.2152072846239022,1.2152072846239022,34,True,True,aeb_feasible,False,False,14.571992960850206,2.0005811450919184,12.571411815758289,53.3557000090147,0.489501834945089,2.1247907852769576,5.011523534758609,0.5481400788132008,0.026443954788288614,0.0,8.762394083250218,0.000655709533020854,1,nan,nan,109,2.1247907852769576,0.5481400788132008,8.762394083250218,0.489501834945089,0,nan,nan,nan,nan,0,nan,nan,nan,nan,m1680-spec-0009::L3_reset_control_corrected,m1680-spec-0009,L3_reset_control_corrected,T4,capability_step_down|t4_actuator_delay_response,mapping_window_unspecified,all_72_specs;mapping_window_unspecified;task_family_T4,capability_step_down,t4_capability_step_temporal,runs/m1674_controller_family_one_seed_public_pilot/configs/L3_reset_control_corrected_seed167400.json,runs/m1674_controller_family_one_seed_public_pilot/profile_runs/L3_reset_control_corrected/seed_167400/checkpoint.pt,1,169419,False,True,False,False,False,False,False,False,False,False,False,False,False
169420,checkpoint,97,True,False,0.5345897104709731,0.5345897104709731,1562.9599188729483,1.0779033923261712,1.028433596096618,0.04307678511129609,0.9856852838682908,1.1207423521140099,1.187107740412919,2.936494602215526,2.936494602215526,,False,True,aeb_feasible,False,False,23.150354076256747,1.688964979828668,21.46138909642808,44.1794869354508,0.4554586282005237,2.230954688919773,5.092937299503099,0.35676387886314925,0.06784237022902537,0.0,8.785882986003188,0.0015007209731265903,1,nan,nan,97,2.230954688919773,0.35676387886314925,8.785882986003188,0.4554586282005237,0,nan,nan,nan,nan,0,nan,nan,nan,nan,m1680-spec-0010::L0_current_masked,m1680-spec-0010,L0_current_masked,T4,t4_actuator_delay_response|actuator_delay_step,mapping_window_unspecified,all_72_specs;mapping_window_unspecified;task_family_T4,t4_actuator_delay_response,t4_actuator_delay_response,runs/m1674_controller_family_one_seed_public_pilot/configs/L0_current_masked_seed167400.json,runs/m1674_controller_family_one_seed_public_pilot/profile_runs/L0_current_masked/seed_167400/checkpoint.pt,1,169420,False,True,False,False,False,False,False,False,False,False,False,False,False
169421,checkpoint,102,True,False,0.8563271651715104,0.8563271651715104,1368.185746993846,0.943576377237135,1.0208763732241088,0.056352155163576834,0.9682878329589331,0.8417388822499667,0.9715125183813594,3.92159448996081,3.92159448996081,,False,True,aeb_feasible,False,False,2.736155664363105,1.809246692932663,0.9269089714304422,34.44530653318157,0.3376990836586429,2.1715235574844582,5.043388397412279,0.5814127282591286,0.056708744395175655,0.0,8.266278813567746,0.0013779770815744996,1,nan,nan,102,2.1715235574844582,0.5814127282591286,8.266278813567746,0.3376990836586429,0,nan,nan,nan,nan,0,nan,nan,nan,nan,m1680-spec-0010::L1_one_step,m1680-spec-0010,L1_one_step,T4,t4_actuator_delay_response|actuator_delay_step,mapping_window_unspecified,all_72_specs;mapping_window_unspecified;task_family_T4,t4_actuator_delay_response,t4_actuator_delay_response,runs/m1674_controller_family_one_seed_public_pilot/configs/L1_one_step_seed167400.json,runs/m1674_controller_family_one_seed_public_pilot/profile_runs/L1_one_step/seed_167400/checkpoint.pt,1,169421,False,True,False,False,False,False,False,False,False,False,False,False,False
169422,checkpoint,61,True,False,0.673908844183742,0.673908844183742,1659.357546539278,1.1443845148546745,0.9174904591587135,-0.11472973246239948,1.1062041238523486,0.9489956153161864,1.0444175051608917,1.6940471232094119,1.694047123209412,,False,True,aeb_feasible,False,False,14.322808099767519,1.7876850855001454,12.535123014267374,11.833025935324525,0.19398403172663156,2.3898142639623794,5.013688242180571,0.49077371962036376,0.05369093774911359,0.0,8.597698905493763,0.002922960091382265,1,nan,nan,61,2.3898142639623794,0.49077371962036376,8.597698905493763,0.19398403172663156,0,nan,nan,nan,nan,0,nan,nan,nan,nan,m1680-spec-0010::L2_window_100,m1680-spec-0010,L2_window_100,T4,t4_actuator_delay_response|actuator_delay_step,mapping_window_unspecified,all_72_specs;mapping_window_unspecified;task_family_T4,t4_actuator_delay_response,t4_actuator_delay_response,runs/m1674_controller_family_one_seed_public_pilot/configs/L2_window_100_seed167400.json,runs/m1674_controller_family_one_seed_public_pilot/profile_runs/L2_window_100/seed_167400/checkpoint.pt,100,169422,False,True,False,False,False,False,False,False,False,False,False,False,False
169423,checkpoint,66,True,False,0.4798613723981516,0.4798613723981516,1449.7751981691185,0.9998449642545645,0.9823562208576673,0.017491352583230313,0.8630697780567651,1.02054082072619,1.0484771900193741,3.092641981038202,3.092641981038202,,False,True,aeb_feasible,False,False,23.8243910608011,2.005857937649765,21.818533123151337,13.296529762296961,0.20146257215601457,2.366548907125048,5.003146842801556,0.5305720929934896,0.04211460587028783,0.0,8.186259428789983,0.0031326941680163145,1,nan,nan,66,2.366548907125048,0.5305720929934896,8.186259428789983,0.20146257215601457,0,nan,nan,nan,nan,0,nan,nan,nan,nan,m1680-spec-0010::L2_window_100_current_tiled,m1680-spec-0010,L2_window_100_current_tiled,T4,t4_actuator_delay_response|actuator_delay_step,mapping_window_unspecified,all_72_specs;mapping_window_unspecified;task_family_T4,t4_actuator_delay_response,t4_actuator_delay_response,runs/m1674_controller_family_one_seed_public_pilot/configs/L2_window_100_current_tiled_seed167400.json,runs/m1674_controller_family_one_seed_public_pilot/profile_runs/L2_window_100_current_tiled/seed_167400/checkpoint.pt,100,169423,False,True,False,False,False,False,False,False,False,False,False,False,False
169424,checkpoint,61,True,False,0.7742794824797996,0.7742794824797996,1429.0190679197551,0.9855303916687966,1.1399886934330543,-0.007987799757866343,1.0282852808508371,0.8807890111375266,1.1994264591826962,1.3647659251351,1.3647659251351,,False,True,aeb_feasible,False,False,13.587881748232292,1.9241956391745494,11.663686109057743,14.238675680363503,0.23342091279284433,2.241695315463844,5.052921525834574,0.5831749685882477,0.048406983564814716,0.0,9.286465071466361,0.0031304287258535624,1,nan,nan,61,2.241695315463844,0.5831749685882477,9.286465071466361,0.23342091279284433,0,nan,nan,nan,nan,0,nan,nan,nan,nan,m1680-spec-0010::L2_window_13,m1680-spec-0010,L2_window_13,T4,t4_actuator_delay_response|actuator_delay_step,mapping_window_unspecified,all_72_specs;mapping_window_unspecified;task_family_T4,t4_actuator_delay_response,t4_actuator_delay_response,runs/m1674_controller_family_one_seed_public_pilot/configs/L2_window_13_seed167400.json,runs/m1674_controller_family_one_seed_public_pilot/profile_runs/L2_window_13/seed_167400/checkpoint.pt,13,169424,False,True,False,False,False,False,False,False,False,False,False,False,False
169425,checkpoint,65,True,False,0.6445782272800046,0.6445782272800046,1661.3976967369642,1.1457915149910098,0.9440228200374401,0.05878640142852154,0.9823270060943525,0.8725523778908865,1.0601144647141354,0.8295793816140639,0.8295793816140639,,False,True,aeb_feasible,False,False,13.983511287989927,1.7847510903946144,12.198760197595313,13.058598847563914,0.20090152073175252,2.333715479485439,5.085907221707419,0.4927282659566361,0.07423548345663637,0.0,8.009677123092857,0.003543034428730607,1,nan,nan,65,2.333715479485439,0.4927282659566361,8.009677123092857,0.20090152073175252,0,nan,nan,nan,nan,0,nan,nan,nan,nan,m1680-spec-0010::L2_window_13_current_tiled,m1680-spec-0010,L2_window_13_current_tiled,T4,t4_actuator_delay_response|actuator_delay_step,mapping_window_unspecified,all_72_specs;mapping_window_unspecified;task_family_T4,t4_actuator_delay_response,t4_actuator_delay_response,runs/m1674_controller_family_one_seed_public_pilot/configs/L2_window_13_current_tiled_seed167400.json,runs/m1674_controller_family_one_seed_public_pilot/profile_runs/L2_window_13_current_tiled/seed_167400/checkpoint.pt,13,169425,False,True,False,False,False,False,False,False,False,False,False,False,False
169426,checkpoint,70,True,False,0.5941595709217858,0.5941595709217858,1678.9684232848858,1.1579092574378522,1.1332429897061784,-0.05918452591091805,0.9300517086245329,0.9956914143711014,0.762536450537738,1.6696547122453156,1.6696547122453158,,False,True,aeb_feasible,False,False,20.520822362605408,1.7734732256167498,18.747349136988657,15.545723514279278,0.22208176448970396,2.2560094304845744,5.138224255740209,0.36672612705331453,0.043545461831767635,0.0,8.730978708470076,0.002972418675199151,1,nan,nan,70,2.2560094304845744,0.36672612705331453,8.730978708470076,0.22208176448970396,0,nan,nan,nan,nan,0,nan,nan,nan,nan,m1680-spec-0010::L2_window_25,m1680-spec-0010,L2_window_25,T4,t4_actuator_delay_response|actuator_delay_step,mapping_window_unspecified,all_72_specs;mapping_window_unspecified;task_family_T4,t4_actuator_delay_response,t4_actuator_delay_response,runs/m1674_controller_family_one_seed_public_pilot/configs/L2_window_25_seed167400.json,runs/m1674_controller_family_one_seed_public_pilot/profile_runs/L2_window_25/seed_167400/checkpoint.pt,25,169426,False,True,False,False,False,False,False,False,False,False,False,False,False
169427,checkpoint,59,True,False,1.017751246123474,1.017751246123474,1666.435361641795,1.1492657666495139,0.9847819713446724,-0.0851794622417208,0.8892170362954961,0.8410508723308615,1.0615969402881396,2.5705721198702105,2.57057211987021,,False,True,aeb_feasible,False,False,19.724818649616452,1.8358541576819394,17.888964491934512,10.865370504156402,0.1841588221043458,2.240798014301988,5.049003886418728,0.5948747826440862,0.03472056172979647,0.0,10.147624658214866,0.0037049660459160805,1,nan,nan,59,2.240798014301988,0.5948747826440862,10.147624658214866,0.1841588221043458,0,nan,nan,nan,nan,0,nan,nan,nan,nan,m1680-spec-0010::L2_window_25_current_tiled,m1680-spec-0010,L2_window_25_current_tiled,T4,t4_actuator_delay_response|actuator_delay_step,mapping_window_unspecified,all_72_specs;mapping_window_unspecified;task_family_T4,t4_actuator_delay_response,t4_actuator_delay_response,runs/m1674_controller_family_one_seed_public_pilot/configs/L2_window_25_current_tiled_seed167400.json,runs/m1674_controller_family_one_seed_public_pilot/profile_runs/L2_window_25_current_tiled/seed_167400/checkpoint.pt,25,169427,False,True,False,False,False,False,False,False,False,False,False,False,False
169428,checkpoint,55,True,False,0.9577731166896812,0.9577731166896812,1270.6417634792492,0.8763046644684478,1.0925748716525738,-0.012499691438101701,1.1017039315113197,0.7910669053337218,1.195943034750839,3.656235211126136,3.656235211126136,,False,True,aeb_feasible,False,False,4.332868990564343,1.5216835806070215,2.8111854099573215,20.907459920461548,0.3801356349174827,2.211671067751935,5.057747655235207,0.3872461446085136,0.050933503605856634,0.0,11.177393828795347,0.0033719551283866167,1,nan,nan,55,2.211671067751935,0.3872461446085136,11.177393828795347,0.3801356349174827,0,nan,nan,nan,nan,0,nan,nan,nan,nan,m1680-spec-0010::L2_window_50,m1680-spec-0010,L2_window_50,T4,t4_actuator_delay_response|actuator_delay_step,mapping_window_unspecified,all_72_specs;mapping_window_unspecified;task_family_T4,t4_actuator_delay_response,t4_actuator_delay_response,runs/m1674_controller_family_one_seed_public_pilot/configs/L2_window_50_seed167400.json,runs/m1674_controller_family_one_seed_public_pilot/profile_runs/L2_window_50/seed_167400/checkpoint.pt,50,169428,False,True,False,False,False,False,False,False,False,False,False,False,False
169429,checkpoint,60,True,False,0.593771683947247,0.593771683947247,1708.4387314427354,1.1782336078915416,0.9103821677025116,0.04756789054954935,0.9454640512942996,0.9620565384936505,1.1668867773565847,4.123401273329111,4.123401273329111,,False,True,aeb_feasible,False,False,13.221343560886384,1.675349895772389,11.545993665113995,14.19449699185853,0.23657494986430885,2.4044326069275943,5.114980287771413,0.42967280555559867,0.02821608455587163,0.0,9.280699558502258,0.0031772516667842865,1,nan,nan,60,2.4044326069275943,0.42967280555559867,9.280699558502258,0.23657494986430885,0,nan,nan,nan,nan,0,nan,nan,nan,nan,m1680-spec-0010::L2_window_50_current_tiled,m1680-spec-0010,L2_window_50_current_tiled,T4,t4_actuator_delay_response|actuator_delay_step,mapping_window_unspecified,all_72_specs;mapping_window_unspecified;task_family_T4,t4_actuator_delay_response,t4_actuator_delay_response,runs/m1674_controller_family_one_seed_public_pilot/configs/L2_window_50_current_tiled_seed167400.json,runs/m1674_controller_family_one_seed_public_pilot/profile_runs/L2_window_50_current_tiled/seed_167400/checkpoint.pt,50,169429,False,True,False,False,False,False,False,False,False,False,False,False,False
169430,checkpoint,70,True,False,1.00165214548665,1.00165214548665,1685.5867946339301,1.162473651471676,0.861261460657061,0.07546099440670706,0.911720472411371,1.1772015022528783,0.8116026276265645,1.278111248846931,1.278111248846931,,False,True,aeb_feasible,False,False,3.0319258591063516,1.744421614606364,1.2875042444999876,17.57199537686552,0.2510285053837931,2.435154162461413,5.020989074163246,0.5223956457031651,0.01613236974738881,0.0,11.895761693656144,0.001765934401191771,1,nan,nan,70,2.435154162461413,0.5223956457031651,11.895761693656144,0.2510285053837931,0,nan,nan,nan,nan,0,nan,nan,nan,nan,m1680-spec-0010::L3_online_gru,m1680-spec-0010,L3_online_gru,T4,t4_actuator_delay_response|actuator_delay_step,mapping_window_unspecified,all_72_specs;mapping_window_unspecified;task_family_T4,t4_actuator_delay_response,t4_actuator_delay_response,runs/m1674_controller_family_one_seed_public_pilot/configs/L3_online_gru_seed167400.json,runs/m1674_controller_family_one_seed_public_pilot/profile_runs/L3_online_gru/seed_167400/checkpoint.pt,1,169430,False,True,False,False,False,False,False,False,False,False,False,False,False
169431,checkpoint,91,True,False,0.9477671961404573,0.9477671961404573,1490.0839462167442,1.027644100839134,0.8822645941247245,0.018986135387856873,1.068397713586225,1.0411044985951188,0.9443640729841265,3.394030303745576,3.3940303037455757,,False,True,aeb_feasible,False,False,2.0423920260304587,1.6653357607344046,0.37705626529605407,37.12303200581102,0.407945406657264,2.4653834419408005,5.045339027772368,0.36363711782658453,0.014296497825991296,0.0,8.82237470418861,0.0007872130954638124,1,nan,nan,91,2.4653834419408005,0.36363711782658453,8.82237470418861,0.407945406657264,0,nan,nan,nan,nan,0,nan,nan,nan,nan,m1680-spec-0010::L3_reset_control_corrected,m1680-spec-0010,L3_reset_control_corrected,T4,t4_actuator_delay_response|actuator_delay_step,mapping_window_unspecified,all_72_specs;mapping_window_unspecified;task_family_T4,t4_actuator_delay_response,t4_actuator_delay_response,runs/m1674_controller_family_one_seed_public_pilot/configs/L3_reset_control_corrected_seed167400.json,runs/m1674_controller_family_one_seed_public_pilot/profile_runs/L3_reset_control_corrected/seed_167400/checkpoint.pt,1,169431,False,True,False,False,False,False,False,False,False,False,False,False,False
169432,checkpoint,109,True,False,0.6501603824574401,0.6501603824574401,1660.351770229172,1.1450701863649462,0.9236786642155996,-0.09977567976646196,0.9969740158623888,0.8874528495346199,0.9285313569098436,3.2970451862077077,3.2970451862077073,,False,True,aeb_feasible,False,False,13.412123495499637,1.7204119989991247,11.691711496500513,34.50630785626307,0.3165716317088355,2.10585147974849,5.002950601236247,0.6125217878541099,0.08009456016000817,0.0,8.153437759594292,0.001316429115831852,1,nan,nan,109,2.10585147974849,0.6125217878541099,8.153437759594292,0.3165716317088355,0,nan,nan,nan,nan,0,nan,nan,nan,nan,m1680-spec-0011::L0_current_masked,m1680-spec-0011,L0_current_masked,T4,t4_actuator_delay_response|capability_step_up,mapping_window_unspecified,all_72_specs;mapping_window_unspecified;task_family_T4,t4_actuator_delay_response,t4_actuator_delay_response,runs/m1674_controller_family_one_seed_public_pilot/configs/L0_current_masked_seed167400.json,runs/m1674_controller_family_one_seed_public_pilot/profile_runs/L0_current_masked/seed_167400/checkpoint.pt,1,169432,False,True,False,False,False,False,False,False,False,False,False,False,False
169433,checkpoint,107,True,False,0.743937395872263,0.743937395872263,1514.7086885748154,1.0446266817757348,1.1298561263068638,0.07304288528550984,0.9266713600395072,1.1065157439555284,1.1666545585972314,1.334760784786837,1.334760784786837,,False,True,aeb_feasible,False,False,11.809096848623623,1.822268719830427,9.986828128793196,28.49910943112276,0.26634681711329683,2.264892821260002,5.086134160058112,0.6078355542396338,0.006266201799729889,0.0,7.397328900612771,0.0012759381206706166,1,nan,nan,107,2.264892821260002,0.6078355542396338,7.397328900612771,0.26634681711329683,0,nan,nan,nan,nan,0,nan,nan,nan,nan,m1680-spec-0011::L1_one_step,m1680-spec-0011,L1_one_step,T4,t4_actuator_delay_response|capability_step_up,mapping_window_unspecified,all_72_specs;mapping_window_unspecified;task_family_T4,t4_actuator_delay_response,t4_actuator_delay_response,runs/m1674_controller_family_one_seed_public_pilot/configs/L1_one_step_seed167400.json,runs/m1674_controller_family_one_seed_public_pilot/profile_runs/L1_one_step/seed_167400/checkpoint.pt,1,169433,False,True,False,False,False,False,False,False,False,False,False,False,False
169434,checkpoint,56,True,False,0.947167208455172,0.947167208455172,1323.0748598592863,0.9124654205926113,1.0681605277896642,0.02664508656213238,1.0731443368378084,0.9444567807556684,1.0132830718601396,2.9629799333112468,2.9629799333112468,,False,True,aeb_feasible,False,False,4.302244684827206,1.6980862883741064,2.604158396453099,12.055857127801094,0.2152831629964481,2.242772561592535,5.040581425786389,0.4973931691239409,0.03822552741254851,0.0,10.465554448533661,0.0030885713640600443,1,nan,nan,56,2.242772561592535,0.4973931691239409,10.465554448533661,0.2152831629964481,0,nan,nan,nan,nan,0,nan,nan,nan,nan,m1680-spec-0011::L2_window_100,m1680-spec-0011,L2_window_100,T4,t4_actuator_delay_response|capability_step_up,mapping_window_unspecified,all_72_specs;mapping_window_unspecified;task_family_T4,t4_actuator_delay_response,t4_actuator_delay_response,runs/m1674_controller_family_one_seed_public_pilot/configs/L2_window_100_seed167400.json,runs/m1674_controller_family_one_seed_public_pilot/profile_runs/L2_window_100/seed_167400/checkpoint.pt,100,169434,False,True,False,False,False,False,False,False,False,False,False,False,False
169435,checkpoint,54,True,False,0.8405415521262269,0.8405415521262269,1358.2553420068766,0.936727822073708,1.0839301640278025,0.01807323379018433,1.0730710338042226,0.7821550860733444,0.9815454514900471,3.976937953284649,3.976937953284649,,False,True,aeb_feasible,False,False,7.8535771452006795,1.6402669853886547,6.213310159812025,8.849514421577766,0.16387989669588454,2.4229715792245434,5.135695674478995,0.5388902902709896,0.03318763770649997,0.0,10.778078185066166,0.0037334684748202562,1,nan,nan,54,2.4229715792245434,0.5388902902709896,10.778078185066166,0.16387989669588454,0,nan,nan,nan,nan,0,nan,nan,nan,nan,m1680-spec-0011::L2_window_100_current_tiled,m1680-spec-0011,L2_window_100_current_tiled,T4,t4_actuator_delay_response|capability_step_up,mapping_window_unspecified,all_72_specs;mapping_window_unspecified;task_family_T4,t4_actuator_delay_response,t4_actuator_delay_response,runs/m1674_controller_family_one_seed_public_pilot/configs/L2_window_100_current_tiled_seed167400.json,runs/m1674_controller_family_one_seed_public_pilot/profile_runs/L2_window_100_current_tiled/seed_167400/checkpoint.pt,100,169435,False,True,False,False,False,False,False,False,False,False,False,False,False
169436,checkpoint,84,True,False,0.4727714584857175,0.4727714584857175,1558.8471443612643,1.0750669961112167,1.2266896606887427,-0.00839481467780856,0.8480204828155925,1.140183864417834,0.8112032159895921,2.1045144875349493,2.1045144875349493,,False,True,aeb_feasible,False,False,19.929294867360092,1.8644614309817964,18.064833436378294,13.75092596813927,0.1637014996207056,2.314392575934745,5.0739071967240825,0.4269510407494059,0.055314494794972906,0.0,6.825613188604988,0.0024043142329901457,1,nan,nan,84,2.314392575934745,0.4269510407494059,6.825613188604988,0.1637014996207056,0,nan,nan,nan,nan,0,nan,nan,nan,nan,m1680-spec-0011::L2_window_13,m1680-spec-0011,L2_window_13,T4,t4_actuator_delay_response|capability_step_up,mapping_window_unspecified,all_72_specs;mapping_window_unspecified;task_family_T4,t4_actuator_delay_response,t4_actuator_delay_response,runs/m1674_controller_family_one_seed_public_pilot/configs/L2_window_13_seed167400.json,runs/m1674_controller_family_one_seed_public_pilot/profile_runs/L2_window_13/seed_167400/checkpoint.pt,13,169436,False,True,False,False,False,False,False,False,False,False,False,False,False
169437,checkpoint,69,True,False,0.8984575592130811,0.8984575592130811,1320.752201782807,0.9108635874364187,1.1941797607835616,0.03380920137896104,1.0922038729624601,0.8337865081267611,0.9025522191343884,2.070021916238825,2.070021916238825,,False,True,aeb_feasible,False,False,17.770566689501933,1.5974086953313154,16.17315799417062,19.612264226735185,0.2842357134309447,2.402785632946612,5.075427823748971,0.37750579361137676,0.05800183634278043,0.0,7.677091029512033,0.003090745070949197,1,nan,nan,69,2.402785632946612,0.37750579361137676,7.677091029512033,0.2842357134309447,0,nan,nan,nan,nan,0,nan,nan,nan,nan,m1680-spec-0011::L2_window_13_current_tiled,m1680-spec-0011,L2_window_13_current_tiled,T4,t4_actuator_delay_response|capability_step_up,mapping_window_unspecified,all_72_specs;mapping_window_unspecified;task_family_T4,t4_actuator_delay_response,t4_actuator_delay_response,runs/m1674_controller_family_one_seed_public_pilot/configs/L2_window_13_current_tiled_seed167400.json,runs/m1674_controller_family_one_seed_public_pilot/profile_runs/L2_window_13_current_tiled/seed_167400/checkpoint.pt,13,169437,False,True,False,False,False,False,False,False,False,False,False,False,False
169438,checkpoint,62,True,False,0.5544023903668988,0.5544023903668988,1621.2991916359983,1.1181373735420679,1.001224776931801,-0.050363082890735766,0.8987854411786136,1.1554090990978119,1.1479002560329732,1.3489686776594803,1.3489686776594803,,False,True,aeb_feasible,False,False,26.739013489049857,1.9347689552101444,24.80424453383971,10.5207267279959,0.16968914077412742,2.419468682698841,5.087769805074611,0.498957873286916,0.04174259386250259,0.0,8.77746870365595,0.0030354908667504787,1,nan,nan,62,2.419468682698841,0.498957873286916,8.77746870365595,0.16968914077412742,0,nan,nan,nan,nan,0,nan,nan,nan,nan,m1680-spec-0011::L2_window_25,m1680-spec-0011,L2_window_25,T4,t4_actuator_delay_response|capability_step_up,mapping_window_unspecified,all_72_specs;mapping_window_unspecified;task_family_T4,t4_actuator_delay_response,t4_actuator_delay_response,runs/m1674_controller_family_one_seed_public_pilot/configs/L2_window_25_seed167400.json,runs/m1674_controller_family_one_seed_public_pilot/profile_runs/L2_window_25/seed_167400/checkpoint.pt,25,169438,False,True,False,False,False,False,False,False,False,False,False,False,False
169439,checkpoint,56,True,False,0.9426113903606754,0.9426113903606754,1521.8586230630945,1.0495576710779961,0.990750857870818,-0.021644050713419016,1.156674784357227,0.9680008064968194,1.1277470840587567,2.355114408256897,2.355114408256897,,False,True,aeb_feasible,False,False,27.912301901169375,1.6555044875088583,26.256797413660518,19.1026410776682,0.34111859067264644,2.339132919637,5.019690567699666,0.2883400862293869,0.04490897625274464,0.0,9.79155745702263,0.00399803789332509,1,nan,nan,56,2.339132919637,0.2883400862293869,9.79155745702263,0.34111859067264644,0,nan,nan,nan,nan,0,nan,nan,nan,nan,m1680-spec-0011::L2_window_25_current_tiled,m1680-spec-0011,L2_window_25_current_tiled,T4,t4_actuator_delay_response|capability_step_up,mapping_window_unspecified,all_72_specs;mapping_window_unspecified;task_family_T4,t4_actuator_delay_response,t4_actuator_delay_response,runs/m1674_controller_family_one_seed_public_pilot/configs/L2_window_25_current_tiled_seed167400.json,runs/m1674_controller_family_one_seed_public_pilot/profile_runs/L2_window_25_current_tiled/seed_167400/checkpoint.pt,25,169439,False,True,False,False,False,False,False,False,False,False,False,False,False
169440,checkpoint,69,True,False,0.7121033809091453,0.7121033809091453,1419.2159835753307,0.9787696438450557,1.2300204625202018,0.007108612219505428,1.0746333562451713,0.8052517226414422,0.9942637343804405,2.3091388593157456,2.3091388593157456,,False,True,aeb_feasible,False,False,21.857762175602144,2.0069473050005016,19.850814870601642,24.154597895608337,0.35006663616823674,2.3518131542836795,5.046076643201843,0.3148065555845734,0.056351797651947554,0.0,7.581021616381196,0.0026547007728368044,1,nan,nan,69,2.3518131542836795,0.3148065555845734,7.581021616381196,0.35006663616823674,0,nan,nan,nan,nan,0,nan,nan,nan,nan,m1680-spec-0011::L2_window_50,m1680-spec-0011,L2_window_50,T4,t4_actuator_delay_response|capability_step_up,mapping_window_unspecified,all_72_specs;mapping_window_unspecified;task_family_T4,t4_actuator_delay_response,t4_actuator_delay_response,runs/m1674_controller_family_one_seed_public_pilot/configs/L2_window_50_seed167400.json,runs/m1674_controller_family_one_seed_public_pilot/profile_runs/L2_window_50/seed_167400/checkpoint.pt,50,169440,False,True,False,False,False,False,False,False,False,False,False,False,False
169441,checkpoint,45,True,False,1.0491937432658336,1.0491937432658336,1617.0796324821385,1.1152273327463025,1.2213906907870238,0.04178005675964269,0.941271672345346,1.1284263679594861,0.9631290811171775,0.9525761693419328,0.9525761693419328,,False,True,aeb_feasible,False,False,12.998803428936924,1.6630703341369086,11.335733094800016,3.4064502066287186,0.07569889348063819,2.5210555444817966,5.110370437706898,0.5055915477118311,0.050282695862645214,0.0,12.380469861635559,0.004951832350343466,1,nan,nan,45,2.5210555444817966,0.5055915477118311,12.380469861635559,0.07569889348063819,0,nan,nan,nan,nan,0,nan,nan,nan,nan,m1680-spec-0011::L2_window_50_current_tiled,m1680-spec-0011,L2_window_50_current_tiled,T4,t4_actuator_delay_response|capability_step_up,mapping_window_unspecified,all_72_specs;mapping_window_unspecified;task_family_T4,t4_actuator_delay_response,t4_actuator_delay_response,runs/m1674_controller_family_one_seed_public_pilot/configs/L2_window_50_current_tiled_seed167400.json,runs/m1674_controller_family_one_seed_public_pilot/profile_runs/L2_window_50_current_tiled/seed_167400/checkpoint.pt,50,169441,False,True,False,False,False,False,False,False,False,False,False,False,False
169442,checkpoint,72,True,False,0.9587755315961681,0.9587755315961681,1704.6814747230874,1.1756423963607499,1.226161612521674,0.0520666215315464,1.1088162933260435,0.9274215172094834,0.8650748156208038,2.8841393833583537,2.8841393833583537,,False,True,aeb_feasible,False,False,12.595164253930797,1.5812625272795175,11.01390172665128,20.39525453548257,0.2832674241039246,2.4904466342404015,5.012055820130637,0.4881855849715544,0.02608697789988316,0.0,10.623362060527858,0.0017186858458444476,1,nan,nan,72,2.4904466342404015,0.4881855849715544,10.623362060527858,0.2832674241039246,0,nan,nan,nan,nan,0,nan,nan,nan,nan,m1680-spec-0011::L3_online_gru,m1680-spec-0011,L3_online_gru,T4,t4_actuator_delay_response|capability_step_up,mapping_window_unspecified,all_72_specs;mapping_window_unspecified;task_family_T4,t4_actuator_delay_response,t4_actuator_delay_response,runs/m1674_controller_family_one_seed_public_pilot/configs/L3_online_gru_seed167400.json,runs/m1674_controller_family_one_seed_public_pilot/profile_runs/L3_online_gru/seed_167400/checkpoint.pt,1,169442,False,True,False,False,False,False,False,False,False,False,False,False,False
169443,checkpoint,122,True,False,0.4835874800564671,0.4835874800564671,1706.7014812212894,1.1770355042905445,1.1150913149330752,-0.05439328752293049,0.9398533537917403,1.0868438984752191,0.8764908124306878,1.0574605045125447,1.0574605045125447,,False,True,aeb_feasible,False,False,19.16161891878888,1.9467263099704808,17.2148926088184,52.423425576169095,0.4297002096407303,2.1883872571780953,5.019520906687742,0.5386484075346494,0.023413531793306384,0.0,7.529598394097592,0.000650428410153836,1,nan,nan,122,2.1883872571780953,0.5386484075346494,7.529598394097592,0.4297002096407303,0,nan,nan,nan,nan,0,nan,nan,nan,nan,m1680-spec-0011::L3_reset_control_corrected,m1680-spec-0011,L3_reset_control_corrected,T4,t4_actuator_delay_response|capability_step_up,mapping_window_unspecified,all_72_specs;mapping_window_unspecified;task_family_T4,t4_actuator_delay_response,t4_actuator_delay_response,runs/m1674_controller_family_one_seed_public_pilot/configs/L3_reset_control_corrected_seed167400.json,runs/m1674_controller_family_one_seed_public_pilot/profile_runs/L3_reset_control_corrected/seed_167400/checkpoint.pt,1,169443,False,True,False,False,False,False,False,False,False,False,False,False,False
169444,checkpoint,69,True,False,0.4385648885226273,0.9620134312155382,1606.8563036275284,1.1081767611224334,1.1107076710026809,0.02003663246806231,0.9357286846822512,0.8835621544990414,1.3047667086388648,1.0779382598073337,1.0779382598073337,21,True,True,aeb_feasible,False,False,23.27730228286361,1.8539544400669947,21.423347842796613,25.128606084933324,0.36418269688309163,2.2047924521779447,5.014361563087977,0.5845541828151681,0.01896771454678044,0.0,10.854016304907942,0.002020313637331128,1,nan,nan,69,2.2047924521779447,0.5845541828151681,10.854016304907942,0.36418269688309163,0,nan,nan,nan,nan,0,nan,nan,nan,nan,m1680-spec-0012::L0_current_masked,m1680-spec-0012,L0_current_masked,T4,t4_capability_step_temporal|capability_step_down,mapping_window_unspecified,all_72_specs;mapping_window_unspecified;task_family_T4,t4_capability_step_temporal,t4_capability_step_temporal,runs/m1674_controller_family_one_seed_public_pilot/configs/L0_current_masked_seed167400.json,runs/m1674_controller_family_one_seed_public_pilot/profile_runs/L0_current_masked/seed_167400/checkpoint.pt,1,169444,False,True,False,False,False,False,False,False,False,False,False,False,False
169445,checkpoint,85,True,False,0.28453234722711,0.6067462101539254,1573.005116840321,1.0848311150622905,0.9688454474030406,0.11481850680789463,0.6067056950684958,0.6988648836867998,0.8123002948827149,1.513270333834883,1.513270333834883,19,True,True,aeb_feasible,False,False,25.061069868363504,1.6657978910753188,23.395271977288186,36.149191257830964,0.42528460303330545,2.2483145292832183,5.0651392631232035,0.35462856987794167,0.011913369440932214,0.0,8.897264548802855,0.0016082900110632181,1,nan,nan,85,2.2483145292832183,0.35462856987794167,8.897264548802855,0.42528460303330545,0,nan,nan,nan,nan,0,nan,nan,nan,nan,m1680-spec-0012::L1_one_step,m1680-spec-0012,L1_one_step,T4,t4_capability_step_temporal|capability_step_down,mapping_window_unspecified,all_72_specs;mapping_window_unspecified;task_family_T4,t4_capability_step_temporal,t4_capability_step_temporal,runs/m1674_controller_family_one_seed_public_pilot/configs/L1_one_step_seed167400.json,runs/m1674_controller_family_one_seed_public_pilot/profile_runs/L1_one_step/seed_167400/checkpoint.pt,1,169445,False,True,False,False,False,False,False,False,False,False,False,False,False
169446,checkpoint,70,True,False,0.5975065162439863,0.748362193058783,1369.7585844506364,0.9446610927245768,0.9293076843917532,-0.06390518216862429,1.0405359574019997,1.160196788228708,0.617946882295686,1.300162958076939,1.300162958076939,20,True,True,aeb_feasible,False,False,8.568580865807442,2.0766155601789995,6.491965305628443,1.8508758205100815,0.026441083150144023,2.4712446823751657,5.051481944428826,0.488793487089563,0.05867388082678341,0.0,7.65522216487525,0.002425250830128789,1,nan,nan,70,2.4712446823751657,0.488793487089563,7.65522216487525,0.026441083150144023,0,nan,nan,nan,nan,0,nan,nan,nan,nan,m1680-spec-0012::L2_window_100,m1680-spec-0012,L2_window_100,T4,t4_capability_step_temporal|capability_step_down,mapping_window_unspecified,all_72_specs;mapping_window_unspecified;task_family_T4,t4_capability_step_temporal,t4_capability_step_temporal,runs/m1674_controller_family_one_seed_public_pilot/configs/L2_window_100_seed167400.json,runs/m1674_controller_family_one_seed_public_pilot/profile_runs/L2_window_100/seed_167400/checkpoint.pt,100,169446,False,True,False,False,False,False,False,False,False,False,False,False,False
169447,checkpoint,69,True,False,0.6251224236739815,0.8137073313181745,1443.1012881483648,0.9952422676885274,0.8834384605994806,-0.043496268527032145,1.4446947843777294,1.2494568572993523,0.9136161910160867,1.3479335323231774,1.3479335323231771,16,True,True,aeb_feasible,False,False,4.728131065600139,1.968398988025441,2.759732077574698,-0.4649187766882692,-0.006737953285337234,2.454045187457624,5.048112259515836,0.6200048958673988,0.06211016704500086,0.0,7.706532462269543,0.002931763883680105,1,nan,nan,69,2.454045187457624,0.6200048958673988,7.706532462269543,-0.006737953285337234,0,nan,nan,nan,nan,0,nan,nan,nan,nan,m1680-spec-0012::L2_window_100_current_tiled,m1680-spec-0012,L2_window_100_current_tiled,T4,t4_capability_step_temporal|capability_step_down,mapping_window_unspecified,all_72_specs;mapping_window_unspecified;task_family_T4,t4_capability_step_temporal,t4_capability_step_temporal,runs/m1674_controller_family_one_seed_public_pilot/configs/L2_window_100_current_tiled_seed167400.json,runs/m1674_controller_family_one_seed_public_pilot/profile_runs/L2_window_100_current_tiled/seed_167400/checkpoint.pt,100,169447,False,True,False,False,False,False,False,False,False,False,False,False,False
169448,checkpoint,76,True,False,0.7779430698929928,0.40665167975103567,1305.3452192917418,0.9002380822701668,1.221112621427983,0.07839368645166966,0.8070609526116574,1.2078140075678716,1.010761555708784,1.3974553458930306,1.3974553458930306,16,True,True,aeb_feasible,False,False,14.586662188700995,1.5327235776995063,13.053938611001488,24.555564743414966,0.3230995360975653,2.2815541030362043,5.0220625740397296,0.302743989300076,0.08152253454049914,0.0,7.719101387105092,0.002565103815868497,1,nan,nan,76,2.2815541030362043,0.302743989300076,7.719101387105092,0.3230995360975653,0,nan,nan,nan,nan,0,nan,nan,nan,nan,m1680-spec-0012::L2_window_13,m1680-spec-0012,L2_window_13,T4,t4_capability_step_temporal|capability_step_down,mapping_window_unspecified,all_72_specs;mapping_window_unspecified;task_family_T4,t4_capability_step_temporal,t4_capability_step_temporal,runs/m1674_controller_family_one_seed_public_pilot/configs/L2_window_13_seed167400.json,runs/m1674_controller_family_one_seed_public_pilot/profile_runs/L2_window_13/seed_167400/checkpoint.pt,13,169448,False,True,False,False,False,False,False,False,False,False,False,False,False
169449,checkpoint,62,True,False,0.7095568252938187,0.62500797651567,1379.144714379057,0.95113428577866,0.974669223273527,0.08611776520662717,0.6575613901371982,0.975281791847252,0.9658561880727563,1.5378168956446152,1.5378168956446152,20,True,True,aeb_feasible,False,False,6.769368852998509,1.9279895714921387,4.84137928150637,17.830629881226447,0.2875908045359104,2.4703319586770536,5.06930117541912,0.31887899412133414,0.03660743953416168,0.0,9.103982880369633,0.003245749743655324,1,nan,nan,62,2.4703319586770536,0.31887899412133414,9.103982880369633,0.2875908045359104,0,nan,nan,nan,nan,0,nan,nan,nan,nan,m1680-spec-0012::L2_window_13_current_tiled,m1680-spec-0012,L2_window_13_current_tiled,T4,t4_capability_step_temporal|capability_step_down,mapping_window_unspecified,all_72_specs;mapping_window_unspecified;task_family_T4,t4_capability_step_temporal,t4_capability_step_temporal,runs/m1674_controller_family_one_seed_public_pilot/configs/L2_window_13_current_tiled_seed167400.json,runs/m1674_controller_family_one_seed_public_pilot/profile_runs/L2_window_13_current_tiled/seed_167400/checkpoint.pt,13,169449,False,True,False,False,False,False,False,False,False,False,False,False,False
169450,checkpoint,73,True,False,0.7727630006649922,1.045803086388953,1551.4097656582494,1.0699377694194823,1.1388016968563002,0.04055016399400979,0.6304097388502479,1.1074634781490384,1.2533654506678353,1.94422756291203,1.9442275629120298,17,True,True,aeb_feasible,False,False,31.041748110876277,1.617549624393968,29.42419848648231,27.70335479516125,0.37949801089261986,2.3240244013195137,5.098464950927095,0.29925019204040687,0.03956992865194874,0.0,7.622258734849181,0.0027708543930202723,1,nan,nan,73,2.3240244013195137,0.29925019204040687,7.622258734849181,0.37949801089261986,0,nan,nan,nan,nan,0,nan,nan,nan,nan,m1680-spec-0012::L2_window_25,m1680-spec-0012,L2_window_25,T4,t4_capability_step_temporal|capability_step_down,mapping_window_unspecified,all_72_specs;mapping_window_unspecified;task_family_T4,t4_capability_step_temporal,t4_capability_step_temporal,runs/m1674_controller_family_one_seed_public_pilot/configs/L2_window_25_seed167400.json,runs/m1674_controller_family_one_seed_public_pilot/profile_runs/L2_window_25/seed_167400/checkpoint.pt,25,169450,False,True,False,False,False,False,False,False,False,False,False,False,False
169451,checkpoint,65,True,False,0.5670103801396569,0.5122945470524596,1584.541306415618,1.09278710787284,1.2306979597730234,-0.03292863115729472,0.7785608470365009,1.2026507320779285,1.21972409307091,1.7931066183226634,1.7931066183226634,22,True,True,aeb_feasible,False,False,17.96977130781619,2.0676708863894806,15.902100421426708,5.890044586441608,0.09061607056064012,2.486672727619273,5.0685908379485625,0.626101623685316,0.04032794178019046,0.0,8.233617786301934,0.0031119436025619507,1,nan,nan,65,2.486672727619273,0.626101623685316,8.233617786301934,0.09061607056064012,0,nan,nan,nan,nan,0,nan,nan,nan,nan,m1680-spec-0012::L2_window_25_current_tiled,m1680-spec-0012,L2_window_25_current_tiled,T4,t4_capability_step_temporal|capability_step_down,mapping_window_unspecified,all_72_specs;mapping_window_unspecified;task_family_T4,t4_capability_step_temporal,t4_capability_step_temporal,runs/m1674_controller_family_one_seed_public_pilot/configs/L2_window_25_current_tiled_seed167400.json,runs/m1674_controller_family_one_seed_public_pilot/profile_runs/L2_window_25_current_tiled/seed_167400/checkpoint.pt,25,169451,False,True,False,False,False,False,False,False,False,False,False,False,False
169452,checkpoint,74,True,False,0.8223724512488612,0.573680551415928,1346.07447102087,0.9283272213937035,0.9044792725966347,-0.11002845181964815,0.5419229087265021,0.6122234989103312,0.6601513394172385,1.3478898012381257,1.3478898012381257,17,True,True,aeb_feasible,False,False,19.811618135934008,1.9437340450999998,17.867884090834007,10.504922784910107,0.14195841601229875,2.2878542582292636,5.028972064719856,0.6343424891724162,0.09001465506036962,0.0,7.926927256260752,0.002699700416997075,1,nan,nan,74,2.2878542582292636,0.6343424891724162,7.926927256260752,0.14195841601229875,0,nan,nan,nan,nan,0,nan,nan,nan,nan,m1680-spec-0012::L2_window_50,m1680-spec-0012,L2_window_50,T4,t4_capability_step_temporal|capability_step_down,mapping_window_unspecified,all_72_specs;mapping_window_unspecified;task_family_T4,t4_capability_step_temporal,t4_capability_step_temporal,runs/m1674_controller_family_one_seed_public_pilot/configs/L2_window_50_seed167400.json,runs/m1674_controller_family_one_seed_public_pilot/profile_runs/L2_window_50/seed_167400/checkpoint.pt,50,169452,False,True,False,False,False,False,False,False,False,False,False,False,False
169453,checkpoint,50,True,False,0.6409480655834949,1.082533075203951,1548.3177898621323,1.067805372318712,0.8966588960644489,0.11618184237385276,1.0369808498609316,0.5972002813306083,0.964181658314716,1.5333876420821144,1.5333876420821144,18,True,True,aeb_feasible,False,False,6.4374461277561394,1.7591870745115652,4.678259053244574,15.351792318018775,0.3070358463603755,2.4400983900156024,5.0190362704281455,0.30374991912272875,0.030531903343571275,0.0,10.667300097191523,0.0038038850761950016,1,nan,nan,50,2.4400983900156024,0.30374991912272875,10.667300097191523,0.3070358463603755,0,nan,nan,nan,nan,0,nan,nan,nan,nan,m1680-spec-0012::L2_window_50_current_tiled,m1680-spec-0012,L2_window_50_current_tiled,T4,t4_capability_step_temporal|capability_step_down,mapping_window_unspecified,all_72_specs;mapping_window_unspecified;task_family_T4,t4_capability_step_temporal,t4_capability_step_temporal,runs/m1674_controller_family_one_seed_public_pilot/configs/L2_window_50_current_tiled_seed167400.json,runs/m1674_controller_family_one_seed_public_pilot/profile_runs/L2_window_50_current_tiled/seed_167400/checkpoint.pt,50,169453,False,True,False,False,False,False,False,False,False,False,False,False,False
169454,checkpoint,115,True,False,0.9281540426758652,0.3952492199290222,1694.6893811214366,1.1687512973251286,1.1519475042208807,0.07594956055950064,0.7435825864550258,0.7862836604017972,0.783271689937878,1.9762465358580625,1.9762465358580628,21,True,True,aeb_feasible,False,False,14.86229272542361,1.5255521249841357,13.336740600439473,69.0548944870708,0.600477343365833,2.214671672390203,5.038176009103644,0.3082194974927092,0.06547945128225555,0.0,8.217904680190957,0.0010104391258209944,1,nan,nan,115,2.214671672390203,0.3082194974927092,8.217904680190957,0.600477343365833,0,nan,nan,nan,nan,0,nan,nan,nan,nan,m1680-spec-0012::L3_online_gru,m1680-spec-0012,L3_online_gru,T4,t4_capability_step_temporal|capability_step_down,mapping_window_unspecified,all_72_specs;mapping_window_unspecified;task_family_T4,t4_capability_step_temporal,t4_capability_step_temporal,runs/m1674_controller_family_one_seed_public_pilot/configs/L3_online_gru_seed167400.json,runs/m1674_controller_family_one_seed_public_pilot/profile_runs/L3_online_gru/seed_167400/checkpoint.pt,1,169454,False,True,False,False,False,False,False,False,False,False,False,False,False
169455,checkpoint,109,True,False,0.5228171799057122,0.33426936820779674,1255.0181452592358,0.8655297553511971,1.02151261035357,-0.08651163632623238,0.9855479329487318,0.7055566570282304,0.9056074046783975,1.3196831313945085,1.3196831313945085,21,True,True,aeb_feasible,False,False,20.248760107479622,1.5576726774603018,18.69108743001932,60.09326972346593,0.5513144011327149,2.077421773210879,5.041677912099786,0.6685775593287215,0.030863026171788405,0.0,8.621673157992246,0.000649752386379987,1,nan,nan,109,2.077421773210879,0.6685775593287215,8.621673157992246,0.5513144011327149,0,nan,nan,nan,nan,0,nan,nan,nan,nan,m1680-spec-0012::L3_reset_control_corrected,m1680-spec-0012,L3_reset_control_corrected,T4,t4_capability_step_temporal|capability_step_down,mapping_window_unspecified,all_72_specs;mapping_window_unspecified;task_family_T4,t4_capability_step_temporal,t4_capability_step_temporal,runs/m1674_controller_family_one_seed_public_pilot/configs/L3_reset_control_corrected_seed167400.json,runs/m1674_controller_family_one_seed_public_pilot/profile_runs/L3_reset_control_corrected/seed_167400/checkpoint.pt,1,169455,False,True,False,False,False,False,False,False,False,False,False,False,False
169456,checkpoint,115,True,False,0.289911373319604,0.289911373319604,1444.4332110275666,0.9961608351914253,1.1683039237559352,-0.09890742228311677,0.817714523798436,1.253321630434582,1.0970297000339664,1.6667602945644568,1.6667602945644568,,False,True,aeb_feasible,False,False,2.7749212297860417,1.6668149883818977,1.108106241404144,28.49177685026046,0.2477545813066127,2.392321610014272,5.028447315416944,0.4271134547071055,0.07809072144274697,0.0,6.340849828553559,0.0009894692339003086,1,nan,nan,115,2.392321610014272,0.4271134547071055,6.340849828553559,0.2477545813066127,0,nan,nan,nan,nan,0,nan,nan,nan,nan,m1680-spec-0013::L0_current_masked,m1680-spec-0013,L0_current_masked,T4,t4_staged_warmup_capability|capability_step_up,mapping_window_unspecified,all_72_specs;mapping_window_unspecified;task_family_T4,t4_staged_warmup_capability,t4_staged_warmup_capability,runs/m1674_controller_family_one_seed_public_pilot/configs/L0_current_masked_seed167400.json,runs/m1674_controller_family_one_seed_public_pilot/profile_runs/L0_current_masked/seed_167400/checkpoint.pt,1,169456,False,True,False,False,False,False,False,False,False,False,False,False,False
169457,checkpoint,99,True,False,0.5221880462899107,0.5221880462899107,1657.732357641559,1.143263694925213,1.1722152552953573,-0.05089138797150472,1.1775677989560114,0.7419632851276241,0.894805006249369,1.5442598986730116,1.5442598986730116,,False,True,aeb_feasible,False,False,22.371202075071167,1.6978206289616615,20.673381446109506,34.91133252572399,0.35263972248206055,2.2008018737186332,5.0576758347223,0.564915351278018,0.02129097682482976,0.0,8.374153872764467,0.0014891918981447816,1,nan,nan,99,2.2008018737186332,0.564915351278018,8.374153872764467,0.35263972248206055,0,nan,nan,nan,nan,0,nan,nan,nan,nan,m1680-spec-0013::L1_one_step,m1680-spec-0013,L1_one_step,T4,t4_staged_warmup_capability|capability_step_up,mapping_window_unspecified,all_72_specs;mapping_window_unspecified;task_family_T4,t4_staged_warmup_capability,t4_staged_warmup_capability,runs/m1674_controller_family_one_seed_public_pilot/configs/L1_one_step_seed167400.json,runs/m1674_controller_family_one_seed_public_pilot/profile_runs/L1_one_step/seed_167400/checkpoint.pt,1,169457,False,True,False,False,False,False,False,False,False,False,False,False,False
169458,checkpoint,70,True,False,0.4728189634893758,0.4728189634893758,1475.199580577949,1.0173790210882407,0.9175079981552483,-0.018537838743647228,0.857730381449419,1.248829693448145,0.923525694368367,1.7205958194847426,1.7205958194847426,,False,True,aeb_feasible,False,False,28.032340720401148,1.5928004517574852,26.43954026864366,14.03173972536416,0.20045342464805943,2.3432011782114293,5.098923528679574,0.3283730206193711,0.04536331897266959,0.0,8.044875886449697,0.002889426192268729,1,nan,nan,70,2.3432011782114293,0.3283730206193711,8.044875886449697,0.20045342464805943,0,nan,nan,nan,nan,0,nan,nan,nan,nan,m1680-spec-0013::L2_window_100,m1680-spec-0013,L2_window_100,T4,t4_staged_warmup_capability|capability_step_up,mapping_window_unspecified,all_72_specs;mapping_window_unspecified;task_family_T4,t4_staged_warmup_capability,t4_staged_warmup_capability,runs/m1674_controller_family_one_seed_public_pilot/configs/L2_window_100_seed167400.json,runs/m1674_controller_family_one_seed_public_pilot/profile_runs/L2_window_100/seed_167400/checkpoint.pt,100,169458,False,True,False,False,False,False,False,False,False,False,False,False,False
169459,checkpoint,67,True,False,0.5060091115678218,0.5060091115678218,1579.8086650049431,1.0895232172447884,1.1483617390284249,0.10278031440510582,0.837229218462413,0.478080667147558,1.1372693277950874,2.1845126981241014,2.1845126981241014,,False,True,aeb_feasible,False,False,4.388764261470822,1.7197161053853458,2.669048156085476,32.66971103284613,0.4876076273559124,2.2408477919911114,5.126932895383359,0.3075060798025086,0.5222730480545109,0.11940298507462686,9.167156601703748,0.0038746793288737535,1,nan,nan,67,2.2408477919911114,0.3075060798025086,9.167156601703748,0.4876076273559124,0,nan,nan,nan,nan,0,nan,nan,nan,nan,m1680-spec-0013::L2_window_100_current_tiled,m1680-spec-0013,L2_window_100_current_tiled,T4,t4_staged_warmup_capability|capability_step_up,mapping_window_unspecified,all_72_specs;mapping_window_unspecified;task_family_T4,t4_staged_warmup_capability,t4_staged_warmup_capability,runs/m1674_controller_family_one_seed_public_pilot/configs/L2_window_100_current_tiled_seed167400.json,runs/m1674_controller_family_one_seed_public_pilot/profile_runs/L2_window_100_current_tiled/seed_167400/checkpoint.pt,100,169459,False,True,False,False,False,False,False,False,False,False,False,False,False
169460,checkpoint,68,True,False,0.979422291389004,0.979422291389004,1311.0596024842027,0.9041790361960019,1.027328806112492,0.030234251786594113,0.9310077710146916,1.1133075085706197,0.8853846814751056,0.9533459400144257,0.9533459400144257,,False,True,aeb_feasible,False,False,27.89942357031311,1.9245091295159877,25.97491444079712,1.027172289163759,0.015105474840643514,2.52510795405772,5.070103431683457,0.5420610155313831,0.05855766774067997,0.0,7.376883397229553,0.0029036477208137512,1,nan,nan,68,2.52510795405772,0.5420610155313831,7.376883397229553,0.015105474840643514,0,nan,nan,nan,nan,0,nan,nan,nan,nan,m1680-spec-0013::L2_window_13,m1680-spec-0013,L2_window_13,T4,t4_staged_warmup_capability|capability_step_up,mapping_window_unspecified,all_72_specs;mapping_window_unspecified;task_family_T4,t4_staged_warmup_capability,t4_staged_warmup_capability,runs/m1674_controller_family_one_seed_public_pilot/configs/L2_window_13_seed167400.json,runs/m1674_controller_family_one_seed_public_pilot/profile_runs/L2_window_13/seed_167400/checkpoint.pt,13,169460,False,True,False,False,False,False,False,False,False,False,False,False,False
169461,checkpoint,70,True,False,0.5341999137652841,0.5341999137652841,1738.5219310781492,1.1989806421228615,0.9989370097430513,-0.07134617234814944,1.0691723436872411,1.3288194867420913,1.0799873051406803,1.9106814986401641,1.9106814986401641,,False,True,aeb_feasible,False,False,14.587093657262937,1.5102114430975169,13.076882214165419,8.244240489594908,0.11777486413707011,2.4526041051840495,5.058835012770704,0.4804717564082166,0.05776303171869325,0.0,7.331529865955235,0.002930979710072279,1,nan,nan,70,2.4526041051840495,0.4804717564082166,7.331529865955235,0.11777486413707011,0,nan,nan,nan,nan,0,nan,nan,nan,nan,m1680-spec-0013::L2_window_13_current_tiled,m1680-spec-0013,L2_window_13_current_tiled,T4,t4_staged_warmup_capability|capability_step_up,mapping_window_unspecified,all_72_specs;mapping_window_unspecified;task_family_T4,t4_staged_warmup_capability,t4_staged_warmup_capability,runs/m1674_controller_family_one_seed_public_pilot/configs/L2_window_13_current_tiled_seed167400.json,runs/m1674_controller_family_one_seed_public_pilot/profile_runs/L2_window_13_current_tiled/seed_167400/checkpoint.pt,13,169461,False,True,False,False,False,False,False,False,False,False,False,False,False
169462,checkpoint,75,True,False,0.4727629485569801,0.4727629485569801,1621.7045159918646,1.1184169075805963,1.0493306399525772,0.05371473040801056,1.1970372822746609,0.5815982988488934,0.779015019530928,2.0122245454525864,2.0122245454525864,,False,True,aeb_feasible,False,False,11.027055702702704,1.7665097733601554,9.260545929342548,33.00895829135583,0.44011944388474444,2.2689432351095804,5.00958766651145,0.2696559582631186,0.08335773371975883,0.0,7.617230425718475,0.002625570399686694,1,nan,nan,75,2.2689432351095804,0.2696559582631186,7.617230425718475,0.44011944388474444,0,nan,nan,nan,nan,0,nan,nan,nan,nan,m1680-spec-0013::L2_window_25,m1680-spec-0013,L2_window_25,T4,t4_staged_warmup_capability|capability_step_up,mapping_window_unspecified,all_72_specs;mapping_window_unspecified;task_family_T4,t4_staged_warmup_capability,t4_staged_warmup_capability,runs/m1674_controller_family_one_seed_public_pilot/configs/L2_window_25_seed167400.json,runs/m1674_controller_family_one_seed_public_pilot/profile_runs/L2_window_25/seed_167400/checkpoint.pt,25,169462,False,True,False,False,False,False,False,False,False,False,False,False,False
169463,checkpoint,74,True,False,0.8550739423949038,0.8550739423949038,1700.9083651497167,1.1730402518273908,0.8970895705625627,0.04769096329138778,1.18830224115431,1.1393596597824611,0.8184997470242772,2.1657861376819247,2.1657861376819247,,False,True,aeb_feasible,False,False,11.928500000426192,2.067299724564335,9.861200275861858,-1.8717774208826743,-0.02529428947138749,2.414881271299978,5.096463249242316,0.6026501843854138,0.055942499631578976,0.0,7.096646015253121,0.002740244846791029,1,nan,nan,74,2.414881271299978,0.6026501843854138,7.096646015253121,-0.02529428947138749,0,nan,nan,nan,nan,0,nan,nan,nan,nan,m1680-spec-0013::L2_window_25_current_tiled,m1680-spec-0013,L2_window_25_current_tiled,T4,t4_staged_warmup_capability|capability_step_up,mapping_window_unspecified,all_72_specs;mapping_window_unspecified;task_family_T4,t4_staged_warmup_capability,t4_staged_warmup_capability,runs/m1674_controller_family_one_seed_public_pilot/configs/L2_window_25_current_tiled_seed167400.json,runs/m1674_controller_family_one_seed_public_pilot/profile_runs/L2_window_25_current_tiled/seed_167400/checkpoint.pt,25,169463,False,True,False,False,False,False,False,False,False,False,False,False,False
169464,checkpoint,76,True,False,0.9058124342211218,0.9058124342211218,1647.5407923233915,1.136235029188546,0.9680463262921911,-0.06442554551358892,1.1545824513836627,0.596451945118089,0.7561438795936719,2.0291937262127386,2.0291937262127386,,False,True,aeb_feasible,False,False,27.501660427049227,2.001016530083092,25.500643896966135,15.522774671772794,0.2042470351549052,2.2550099698235275,5.073415170030515,0.5592508125108205,0.06301689243901569,0.0,7.463725531250411,0.0028851921670138836,1,nan,nan,76,2.2550099698235275,0.5592508125108205,7.463725531250411,0.2042470351549052,0,nan,nan,nan,nan,0,nan,nan,nan,nan,m1680-spec-0013::L2_window_50,m1680-spec-0013,L2_window_50,T4,t4_staged_warmup_capability|capability_step_up,mapping_window_unspecified,all_72_specs;mapping_window_unspecified;task_family_T4,t4_staged_warmup_capability,t4_staged_warmup_capability,runs/m1674_controller_family_one_seed_public_pilot/configs/L2_window_50_seed167400.json,runs/m1674_controller_family_one_seed_public_pilot/profile_runs/L2_window_50/seed_167400/checkpoint.pt,50,169464,False,True,False,False,False,False,False,False,False,False,False,False,False
169465,checkpoint,65,True,False,0.3911420769397652,0.3911420769397652,1681.3992543877866,1.1595856926812322,0.9487332413175622,0.11916839344746877,1.1399709648990712,1.0870401272625208,1.12802841893442,1.305652776436248,1.305652776436248,,False,True,aeb_feasible,False,False,12.682468031695109,1.9518145060471288,10.73065352564798,12.283812573812714,0.188981731904811,2.5200371686889,5.018084907676165,0.4635924170432703,0.04394952540946598,0.0,7.505916363755868,0.00303471926599741,1,nan,nan,65,2.5200371686889,0.4635924170432703,7.505916363755868,0.188981731904811,0,nan,nan,nan,nan,0,nan,nan,nan,nan,m1680-spec-0013::L2_window_50_current_tiled,m1680-spec-0013,L2_window_50_current_tiled,T4,t4_staged_warmup_capability|capability_step_up,mapping_window_unspecified,all_72_specs;mapping_window_unspecified;task_family_T4,t4_staged_warmup_capability,t4_staged_warmup_capability,runs/m1674_controller_family_one_seed_public_pilot/configs/L2_window_50_current_tiled_seed167400.json,runs/m1674_controller_family_one_seed_public_pilot/profile_runs/L2_window_50_current_tiled/seed_167400/checkpoint.pt,50,169465,False,True,False,False,False,False,False,False,False,False,False,False,False
169466,checkpoint,79,True,False,0.6872624645070122,0.6872624645070122,1339.0212239218738,0.9234629130495682,1.0797336108731845,-0.03286204013189886,0.9209554428452413,0.6965839940866645,0.8278952676676845,1.4011668452740056,1.4011668452740056,,False,True,aeb_feasible,False,False,5.367308586227841,1.8791121998249083,3.4881963864029326,42.91882251710991,0.5432762343937964,2.323078174555665,5.042933166202758,0.3097895007630766,0.07018276454263621,0.0,10.142448140193196,0.0013148841680958867,1,nan,nan,79,2.323078174555665,0.3097895007630766,10.142448140193196,0.5432762343937964,0,nan,nan,nan,nan,0,nan,nan,nan,nan,m1680-spec-0013::L3_online_gru,m1680-spec-0013,L3_online_gru,T4,t4_staged_warmup_capability|capability_step_up,mapping_window_unspecified,all_72_specs;mapping_window_unspecified;task_family_T4,t4_staged_warmup_capability,t4_staged_warmup_capability,runs/m1674_controller_family_one_seed_public_pilot/configs/L3_online_gru_seed167400.json,runs/m1674_controller_family_one_seed_public_pilot/profile_runs/L3_online_gru/seed_167400/checkpoint.pt,1,169466,False,True,False,False,False,False,False,False,False,False,False,False,False
169467,checkpoint,80,True,False,0.7655018611499724,0.7655018611499724,1609.122179604866,1.1097394342102525,0.8963505756172503,0.027231004690366323,0.7679766022785561,0.8268930302415027,0.7772771012564741,1.073377126055001,1.073377126055001,,False,True,aeb_feasible,False,False,13.090571171852417,1.5806686912889107,11.509902480563508,31.27107515925001,0.39088843949062513,2.4775067265369652,5.013633899196506,0.35988737759307743,0.007890613086732228,0.0,10.190090983585605,0.0008671001996845007,1,nan,nan,80,2.4775067265369652,0.35988737759307743,10.190090983585605,0.39088843949062513,0,nan,nan,nan,nan,0,nan,nan,nan,nan,m1680-spec-0013::L3_reset_control_corrected,m1680-spec-0013,L3_reset_control_corrected,T4,t4_staged_warmup_capability|capability_step_up,mapping_window_unspecified,all_72_specs;mapping_window_unspecified;task_family_T4,t4_staged_warmup_capability,t4_staged_warmup_capability,runs/m1674_controller_family_one_seed_public_pilot/configs/L3_reset_control_corrected_seed167400.json,runs/m1674_controller_family_one_seed_public_pilot/profile_runs/L3_reset_control_corrected/seed_167400/checkpoint.pt,1,169467,False,True,False,False,False,False,False,False,False,False,False,False,False
169468,checkpoint,83,True,False,0.6440683286888126,0.7977143697408153,1514.6065139690672,1.0445562165303912,1.0989347304391521,0.006039060299965815,0.951348953024764,1.059823044396937,1.1564342639779404,1.1086730333789827,1.1086730333789827,14,True,True,aeb_feasible,False,False,2.2770010514243744,1.4791470200032626,0.7978540314211118,25.628982415091986,0.3087829206637589,2.228754803675017,5.053127782803816,0.5740477200123797,0.052752915875751545,0.0,9.728236300159152,0.0016388874500989914,1,nan,nan,83,2.228754803675017,0.5740477200123797,9.728236300159152,0.3087829206637589,0,nan,nan,nan,nan,0,nan,nan,nan,nan,m1680-spec-0014::L0_current_masked,m1680-spec-0014,L0_current_masked,T4,actuator_delay_step|capability_step_up,reveal_plus_4,all_72_specs;explicit_window_subset;task_family_T4,capability_step_up,t4_capability_step_temporal,runs/m1674_controller_family_one_seed_public_pilot/configs/L0_current_masked_seed167400.json,runs/m1674_controller_family_one_seed_public_pilot/profile_runs/L0_current_masked/seed_167400/checkpoint.pt,1,169468,False,True,False,False,False,False,False,False,False,False,False,False,False
169469,checkpoint,106,True,False,0.5581183100517224,0.7072052417566678,1555.866922001766,1.0730116703460455,1.1994070844383193,0.08777721283801121,1.3137523246175415,0.7636744497698559,0.6346670244931358,1.42873646043821,1.42873646043821,15,True,True,aeb_feasible,False,False,7.657621183288532,1.9000174184494765,5.757603764839056,31.034853582816677,0.29278163757374226,2.265149151007708,5.0119250880953885,0.47236425627251327,0.060620371543896615,0.0,7.734447304897912,0.0012896644184365869,1,nan,nan,106,2.265149151007708,0.47236425627251327,7.734447304897912,0.29278163757374226,0,nan,nan,nan,nan,0,nan,nan,nan,nan,m1680-spec-0014::L1_one_step,m1680-spec-0014,L1_one_step,T4,actuator_delay_step|capability_step_up,reveal_plus_4,all_72_specs;explicit_window_subset;task_family_T4,capability_step_up,t4_capability_step_temporal,runs/m1674_controller_family_one_seed_public_pilot/configs/L1_one_step_seed167400.json,runs/m1674_controller_family_one_seed_public_pilot/profile_runs/L1_one_step/seed_167400/checkpoint.pt,1,169469,False,True,False,False,False,False,False,False,False,False,False,False,False
169470,checkpoint,53,True,False,0.45663720682294595,1.0638555028853354,1707.6812235885282,1.1777111886817435,1.0228948273623188,-0.033641199878603256,1.3659882488092308,0.6183757878088824,0.6551145207892928,1.2586215996721082,1.2586215996721082,16,True,True,aeb_feasible,False,False,19.33664146483767,1.5479655091660982,17.78867595567157,10.851431401278251,0.20474398870336324,2.3894135353786963,5.156003710356295,0.3821636934054083,0.04981752260493214,0.0,11.146893196683891,0.0034439426381140947,1,nan,nan,53,2.3894135353786963,0.3821636934054083,11.146893196683891,0.20474398870336324,0,nan,nan,nan,nan,0,nan,nan,nan,nan,m1680-spec-0014::L2_window_100,m1680-spec-0014,L2_window_100,T4,actuator_delay_step|capability_step_up,reveal_plus_4,all_72_specs;explicit_window_subset;task_family_T4,capability_step_up,t4_capability_step_temporal,runs/m1674_controller_family_one_seed_public_pilot/configs/L2_window_100_seed167400.json,runs/m1674_controller_family_one_seed_public_pilot/profile_runs/L2_window_100/seed_167400/checkpoint.pt,100,169470,False,True,False,False,False,False,False,False,False,False,False,False,False
169471,checkpoint,74,True,False,0.7583086775048341,0.6317053357794725,1330.8687242239878,0.9178404994648192,1.0011803990871755,0.016218469078858044,0.9005335669225742,0.9687275092942735,0.9338732233480216,1.1395431616556786,1.1395431616556786,20,True,True,aeb_feasible,False,False,21.967895703571344,1.460455274041081,20.507440429530263,20.43221132278843,0.27611096382146527,2.157579833364337,5.073814622975103,0.491893795046993,0.05023986533804079,0.0,8.301059183095894,0.00348550733178854,1,nan,nan,74,2.157579833364337,0.491893795046993,8.301059183095894,0.27611096382146527,0,nan,nan,nan,nan,0,nan,nan,nan,nan,m1680-spec-0014::L2_window_100_current_tiled,m1680-spec-0014,L2_window_100_current_tiled,T4,actuator_delay_step|capability_step_up,reveal_plus_4,all_72_specs;explicit_window_subset;task_family_T4,capability_step_up,t4_capability_step_temporal,runs/m1674_controller_family_one_seed_public_pilot/configs/L2_window_100_current_tiled_seed167400.json,runs/m1674_controller_family_one_seed_public_pilot/profile_runs/L2_window_100_current_tiled/seed_167400/checkpoint.pt,100,169471,False,True,False,False,False,False,False,False,False,False,False,False,False
169472,checkpoint,69,True,False,0.9830993151949787,0.6052230243600463,1728.0263630518307,1.19174231934609,0.9481299012032963,-0.06923582337596423,1.4157401206710185,0.7844923628349376,1.1728627722292433,0.9779585086664264,0.9779585086664264,14,True,True,aeb_feasible,False,False,21.529968889059806,1.7699414402838514,19.760027448775954,23.39727685802255,0.33909096895684854,2.285967090374533,5.076332072353125,0.4811910640206822,0.06281599112125895,0.0,8.104917755867058,0.002979797078296542,1,nan,nan,69,2.285967090374533,0.4811910640206822,8.104917755867058,0.33909096895684854,0,nan,nan,nan,nan,0,nan,nan,nan,nan,m1680-spec-0014::L2_window_13,m1680-spec-0014,L2_window_13,T4,actuator_delay_step|capability_step_up,reveal_plus_4,all_72_specs;explicit_window_subset;task_family_T4,capability_step_up,t4_capability_step_temporal,runs/m1674_controller_family_one_seed_public_pilot/configs/L2_window_13_seed167400.json,runs/m1674_controller_family_one_seed_public_pilot/profile_runs/L2_window_13/seed_167400/checkpoint.pt,13,169472,False,True,False,False,False,False,False,False,False,False,False,False,False
169473,checkpoint,80,True,False,0.46618398625170565,0.5571316845649579,1290.8868795141977,0.8902668134580675,1.1271337002123656,0.06973818539428511,1.3770067795838783,1.1565260728790712,0.5519906728719581,1.7311165234614905,1.7311165234614903,16,True,True,aeb_feasible,False,False,29.139343243779482,1.6151565453399752,27.524186698439507,9.459324479115908,0.11824155598894885,2.391716842258698,5.071494238470532,0.35107475164036483,0.060082155333806245,0.0,7.089014205484863,0.0029622206930071115,1,nan,nan,80,2.391716842258698,0.35107475164036483,7.089014205484863,0.11824155598894885,0,nan,nan,nan,nan,0,nan,nan,nan,nan,m1680-spec-0014::L2_window_13_current_tiled,m1680-spec-0014,L2_window_13_current_tiled,T4,actuator_delay_step|capability_step_up,reveal_plus_4,all_72_specs;explicit_window_subset;task_family_T4,capability_step_up,t4_capability_step_temporal,runs/m1674_controller_family_one_seed_public_pilot/configs/L2_window_13_current_tiled_seed167400.json,runs/m1674_controller_family_one_seed_public_pilot/profile_runs/L2_window_13_current_tiled/seed_167400/checkpoint.pt,13,169473,False,True,False,False,False,False,False,False,False,False,False,False,False
169474,checkpoint,88,True,False,0.6173430196314418,0.6221481071892188,1321.5054962438132,0.9113831008578023,1.1137044266635605,-0.04834782071947874,0.5785012869791842,1.1239313570206018,0.5712612887439381,1.9950545912215798,1.99505459122158,17,True,True,aeb_feasible,False,False,22.29470021629717,1.5132489041358683,20.781451312161302,11.804481497819037,0.13414183520248904,2.5038631868647254,5.066637303944809,0.27381366902994625,0.06736210983672951,0.0,6.474960465160114,0.0023468949366360903,1,nan,nan,88,2.5038631868647254,0.27381366902994625,6.474960465160114,0.13414183520248904,0,nan,nan,nan,nan,0,nan,nan,nan,nan,m1680-spec-0014::L2_window_25,m1680-spec-0014,L2_window_25,T4,actuator_delay_step|capability_step_up,reveal_plus_4,all_72_specs;explicit_window_subset;task_family_T4,capability_step_up,t4_capability_step_temporal,runs/m1674_controller_family_one_seed_public_pilot/configs/L2_window_25_seed167400.json,runs/m1674_controller_family_one_seed_public_pilot/profile_runs/L2_window_25/seed_167400/checkpoint.pt,25,169474,False,True,False,False,False,False,False,False,False,False,False,False,False
169475,checkpoint,73,True,False,0.5114671071167602,0.47213647854085683,1308.702005712693,0.9025531073880642,1.1727020786253854,-0.02898894993754575,0.9012905926182386,1.0543495244712622,0.7772867450979333,1.2020903547988842,1.2020903547988842,14,True,True,aeb_feasible,False,False,12.47227722097827,1.6860013654380603,10.786275855540211,13.350667857863733,0.1828858610666265,2.3520464706739603,5.059330794471922,0.4290320856657529,0.05372807097687868,0.0,7.843434373059694,0.003040266688913107,1,nan,nan,73,2.3520464706739603,0.4290320856657529,7.843434373059694,0.1828858610666265,0,nan,nan,nan,nan,0,nan,nan,nan,nan,m1680-spec-0014::L2_window_25_current_tiled,m1680-spec-0014,L2_window_25_current_tiled,T4,actuator_delay_step|capability_step_up,reveal_plus_4,all_72_specs;explicit_window_subset;task_family_T4,capability_step_up,t4_capability_step_temporal,runs/m1674_controller_family_one_seed_public_pilot/configs/L2_window_25_current_tiled_seed167400.json,runs/m1674_controller_family_one_seed_public_pilot/profile_runs/L2_window_25_current_tiled/seed_167400/checkpoint.pt,25,169475,False,True,False,False,False,False,False,False,False,False,False,False,False
169476,checkpoint,70,True,False,1.0423099454255427,0.41357200003525957,1316.7102737631844,0.9080760508711617,1.2298251832650067,0.11675116285083154,0.7057743107989727,0.6193085405385813,0.930834021145915,1.6032356741603082,1.6032356741603082,20,True,True,aeb_feasible,False,False,9.560476929090433,1.8490075973976472,7.711469331692785,23.43711434561845,0.3348159192231207,2.150949591350968,5.034908946424785,0.49249842022856416,0.03745058319939802,0.0,8.385945905265142,0.0025208345614373684,1,nan,nan,70,2.150949591350968,0.49249842022856416,8.385945905265142,0.3348159192231207,0,nan,nan,nan,nan,0,nan,nan,nan,nan,m1680-spec-0014::L2_window_50,m1680-spec-0014,L2_window_50,T4,actuator_delay_step|capability_step_up,reveal_plus_4,all_72_specs;explicit_window_subset;task_family_T4,capability_step_up,t4_capability_step_temporal,runs/m1674_controller_family_one_seed_public_pilot/configs/L2_window_50_seed167400.json,runs/m1674_controller_family_one_seed_public_pilot/profile_runs/L2_window_50/seed_167400/checkpoint.pt,50,169476,False,True,False,False,False,False,False,False,False,False,False,False,False
169477,checkpoint,58,True,False,0.7261771675066069,0.8806472906798164,1607.355741492192,1.108521201029098,0.8845501210849723,0.019772544580040075,1.1755547338366883,0.6327214323475089,1.3472718100497145,1.8441923709417223,1.844192370941722,16,True,True,aeb_feasible,False,False,14.487375308558834,1.833852945653019,12.653522362905814,24.589939267026317,0.4239644701211434,2.2382751643320185,5.1007260833362125,0.33015150794476666,0.05545570833608551,0.0,9.749698193257602,0.0036467639729380608,1,nan,nan,58,2.2382751643320185,0.33015150794476666,9.749698193257602,0.4239644701211434,0,nan,nan,nan,nan,0,nan,nan,nan,nan,m1680-spec-0014::L2_window_50_current_tiled,m1680-spec-0014,L2_window_50_current_tiled,T4,actuator_delay_step|capability_step_up,reveal_plus_4,all_72_specs;explicit_window_subset;task_family_T4,capability_step_up,t4_capability_step_temporal,runs/m1674_controller_family_one_seed_public_pilot/configs/L2_window_50_current_tiled_seed167400.json,runs/m1674_controller_family_one_seed_public_pilot/profile_runs/L2_window_50_current_tiled/seed_167400/checkpoint.pt,50,169477,False,True,False,False,False,False,False,False,False,False,False,False,False
169478,checkpoint,102,True,False,0.6311637527021655,0.7181652784648292,1268.0168921804386,0.8744944084003025,1.2340337918112754,-0.07990659241184561,1.1528039222946374,0.8794377690113306,1.2614243174587494,1.5037198660024162,1.5037198660024162,20,True,True,aeb_feasible,False,False,7.9629125195743,1.5094174396100744,6.453495079964226,85.2992144823313,0.8362668086503068,2.06299885008193,5.097304242258385,0.46024949408321236,0.1569032889803522,0.0,9.527682860354865,0.001134960213676095,1,nan,nan,102,2.06299885008193,0.46024949408321236,9.527682860354865,0.8362668086503068,0,nan,nan,nan,nan,0,nan,nan,nan,nan,m1680-spec-0014::L3_online_gru,m1680-spec-0014,L3_online_gru,T4,actuator_delay_step|capability_step_up,reveal_plus_4,all_72_specs;explicit_window_subset;task_family_T4,capability_step_up,t4_capability_step_temporal,runs/m1674_controller_family_one_seed_public_pilot/configs/L3_online_gru_seed167400.json,runs/m1674_controller_family_one_seed_public_pilot/profile_runs/L3_online_gru/seed_167400/checkpoint.pt,1,169478,False,True,False,False,False,False,False,False,False,False,False,False,False
169479,checkpoint,119,True,False,0.577132236957425,0.4400730356250736,1413.8978458666131,0.9751019626666297,0.9687252760590129,0.006183764347589715,1.3295115989462598,0.9948711404754829,0.7750133894465445,1.9503953588464462,1.9503953588464462,15,True,True,aeb_feasible,False,False,23.287304586323266,1.5707795331660703,21.716525053157195,41.41558368291651,0.3480301149824917,2.210116906795612,5.018873399833932,0.6135240801239455,0.0388526433534411,0.0,8.087642168166536,0.0006092364783398807,1,nan,nan,119,2.210116906795612,0.6135240801239455,8.087642168166536,0.3480301149824917,0,nan,nan,nan,nan,0,nan,nan,nan,nan,m1680-spec-0014::L3_reset_control_corrected,m1680-spec-0014,L3_reset_control_corrected,T4,actuator_delay_step|capability_step_up,reveal_plus_4,all_72_specs;explicit_window_subset;task_family_T4,capability_step_up,t4_capability_step_temporal,runs/m1674_controller_family_one_seed_public_pilot/configs/L3_reset_control_corrected_seed167400.json,runs/m1674_controller_family_one_seed_public_pilot/profile_runs/L3_reset_control_corrected/seed_167400/checkpoint.pt,1,169479,False,True,False,False,False,False,False,False,False,False,False,False,False
169480,checkpoint,83,True,False,0.7502271931785278,0.7502271931785278,1655.995052226184,1.1420655532594373,1.0832144329699225,-0.08487433935430677,0.8647207540074561,0.8857053435936182,1.1203037603162265,1.3848273101403112,1.3848273101403112,,False,True,aeb_feasible,False,False,2.682011028057753,2.0872038758275706,0.5948071522301825,24.270136428569128,0.2924112822719172,2.2286867994023454,5.018091984939112,0.6220473222839479,0.011172329105837011,0.0,9.355206177242732,0.0016201798571273685,1,nan,nan,83,2.2286867994023454,0.6220473222839479,9.355206177242732,0.2924112822719172,0,nan,nan,nan,nan,0,nan,nan,nan,nan,m1680-spec-0015::L0_current_masked,m1680-spec-0015,L0_current_masked,T4,actuator_delay_step|t4_capability_step_temporal,mapping_window_unspecified,all_72_specs;mapping_window_unspecified;task_family_T4,actuator_delay_step,t4_actuator_delay_response,runs/m1674_controller_family_one_seed_public_pilot/configs/L0_current_masked_seed167400.json,runs/m1674_controller_family_one_seed_public_pilot/profile_runs/L0_current_masked/seed_167400/checkpoint.pt,1,169480,False,True,False,False,False,False,False,False,False,False,False,False,False
169481,checkpoint,77,True,False,0.6404867764718999,0.6404867764718999,1506.0968735193462,1.0386874989788595,0.9830535805540958,-0.06913466028214676,1.1679459650000763,0.9059602650807581,0.8868418199340904,3.3906792223029174,3.3906792223029174,,False,True,aeb_feasible,False,False,7.081610044039158,1.8545488781938109,5.227061165845347,15.579227951847223,0.2023276357382756,2.3976834768646125,5.117133224837115,0.5314195470299091,0.028246416404766255,0.0,9.56235327137008,0.001800952828489244,1,nan,nan,77,2.3976834768646125,0.5314195470299091,9.56235327137008,0.2023276357382756,0,nan,nan,nan,nan,0,nan,nan,nan,nan,m1680-spec-0015::L1_one_step,m1680-spec-0015,L1_one_step,T4,actuator_delay_step|t4_capability_step_temporal,mapping_window_unspecified,all_72_specs;mapping_window_unspecified;task_family_T4,actuator_delay_step,t4_actuator_delay_response,runs/m1674_controller_family_one_seed_public_pilot/configs/L1_one_step_seed167400.json,runs/m1674_controller_family_one_seed_public_pilot/profile_runs/L1_one_step/seed_167400/checkpoint.pt,1,169481,False,True,False,False,False,False,False,False,False,False,False,False,False
169482,checkpoint,61,True,False,0.706670396442354,0.706670396442354,1254.518620105192,0.86518525524496,1.0745504807612107,-0.11090876321191545,0.8933431690359364,0.7960958417601978,1.1205714081161087,3.3363044356456806,3.336304435645681,,False,True,aeb_feasible,False,False,7.612260357500441,1.5248756987923948,6.0873846587080465,22.331298061531953,0.36608685346773695,2.1384809088174004,5.1067312630315165,0.4435719287215182,0.03815805549638842,0.0,10.666190217357869,0.003057554131373763,1,nan,nan,61,2.1384809088174004,0.4435719287215182,10.666190217357869,0.36608685346773695,0,nan,nan,nan,nan,0,nan,nan,nan,nan,m1680-spec-0015::L2_window_100,m1680-spec-0015,L2_window_100,T4,actuator_delay_step|t4_capability_step_temporal,mapping_window_unspecified,all_72_specs;mapping_window_unspecified;task_family_T4,actuator_delay_step,t4_actuator_delay_response,runs/m1674_controller_family_one_seed_public_pilot/configs/L2_window_100_seed167400.json,runs/m1674_controller_family_one_seed_public_pilot/profile_runs/L2_window_100/seed_167400/checkpoint.pt,100,169482,False,True,False,False,False,False,False,False,False,False,False,False,False
169483,checkpoint,57,True,False,0.9531168258890474,0.9531168258890474,1507.9072573022834,1.0399360395188162,0.8578146709062083,0.11031875391984403,0.9006520903907782,0.867254069515325,0.9581261609410652,2.094293384096202,2.094293384096202,,False,True,aeb_feasible,False,False,11.343284660860371,1.930869742063957,9.412414918796415,5.312803880094437,0.09320708561569188,2.3982373537522705,5.061080807371919,0.5562269015384448,0.06582956252942243,0.0,9.14461191192655,0.00328940711915493,1,nan,nan,57,2.3982373537522705,0.5562269015384448,9.14461191192655,0.09320708561569188,0,nan,nan,nan,nan,0,nan,nan,nan,nan,m1680-spec-0015::L2_window_100_current_tiled,m1680-spec-0015,L2_window_100_current_tiled,T4,actuator_delay_step|t4_capability_step_temporal,mapping_window_unspecified,all_72_specs;mapping_window_unspecified;task_family_T4,actuator_delay_step,t4_actuator_delay_response,runs/m1674_controller_family_one_seed_public_pilot/configs/L2_window_100_current_tiled_seed167400.json,runs/m1674_controller_family_one_seed_public_pilot/profile_runs/L2_window_100_current_tiled/seed_167400/checkpoint.pt,100,169483,False,True,False,False,False,False,False,False,False,False,False,False,False
169484,checkpoint,57,True,False,0.7672056876779287,0.7672056876779287,1671.8654751867039,1.1530106725425544,1.2095923185975468,0.10328456549138498,1.0337181488521998,0.8025618070306613,0.9527359243181847,2.254401700977585,2.254401700977585,,False,True,aeb_feasible,False,False,10.067180234906859,1.5419204315559978,8.525259803350862,15.401512705090315,0.27020197728228623,2.2449056945073615,5.060567772458732,0.4391854108225814,0.046814748533501996,0.0,10.651581124239026,0.0034138907212764025,1,nan,nan,57,2.2449056945073615,0.4391854108225814,10.651581124239026,0.27020197728228623,0,nan,nan,nan,nan,0,nan,nan,nan,nan,m1680-spec-0015::L2_window_13,m1680-spec-0015,L2_window_13,T4,actuator_delay_step|t4_capability_step_temporal,mapping_window_unspecified,all_72_specs;mapping_window_unspecified;task_family_T4,actuator_delay_step,t4_actuator_delay_response,runs/m1674_controller_family_one_seed_public_pilot/configs/L2_window_13_seed167400.json,runs/m1674_controller_family_one_seed_public_pilot/profile_runs/L2_window_13/seed_167400/checkpoint.pt,13,169484,False,True,False,False,False,False,False,False,False,False,False,False,False
169485,checkpoint,70,True,False,0.49203901675526784,0.49203901675526784,1480.4938505427438,1.0210302417536163,1.0256262720181077,-0.07284671917357421,0.8382389840649669,1.1492964394861476,1.0204778198531645,2.5301652573396387,2.5301652573396387,,False,True,aeb_feasible,False,False,17.79916981038998,1.8555609695155328,15.943608840874447,7.999583402930055,0.11427976289900078,2.319887492613717,5.042275475093398,0.6207430088266065,0.0483560385348458,0.0,8.16216629799193,0.003148188116028905,1,nan,nan,70,2.319887492613717,0.6207430088266065,8.16216629799193,0.11427976289900078,0,nan,nan,nan,nan,0,nan,nan,nan,nan,m1680-spec-0015::L2_window_13_current_tiled,m1680-spec-0015,L2_window_13_current_tiled,T4,actuator_delay_step|t4_capability_step_temporal,mapping_window_unspecified,all_72_specs;mapping_window_unspecified;task_family_T4,actuator_delay_step,t4_actuator_delay_response,runs/m1674_controller_family_one_seed_public_pilot/configs/L2_window_13_current_tiled_seed167400.json,runs/m1674_controller_family_one_seed_public_pilot/profile_runs/L2_window_13_current_tiled/seed_167400/checkpoint.pt,13,169485,False,True,False,False,False,False,False,False,False,False,False,False,False
169486,checkpoint,64,True,False,0.8068304020925798,0.8068304020925798,1526.8294853607042,1.0529858519728994,0.9823521616401614,-0.11981854599188835,0.8410338397326956,1.137663969454552,0.9298880140658422,3.057310053750636,3.057310053750636,,False,True,aeb_feasible,False,False,24.173106117495074,1.8124897619307407,22.360616355564332,6.445539126185968,0.10071154884665574,2.3126840093127106,5.121817262983441,0.5634709639291499,0.04287779387858072,0.0,9.300966374549983,0.0032017678022384644,1,nan,nan,64,2.3126840093127106,0.5634709639291499,9.300966374549983,0.10071154884665574,0,nan,nan,nan,nan,0,nan,nan,nan,nan,m1680-spec-0015::L2_window_25,m1680-spec-0015,L2_window_25,T4,actuator_delay_step|t4_capability_step_temporal,mapping_window_unspecified,all_72_specs;mapping_window_unspecified;task_family_T4,actuator_delay_step,t4_actuator_delay_response,runs/m1674_controller_family_one_seed_public_pilot/configs/L2_window_25_seed167400.json,runs/m1674_controller_family_one_seed_public_pilot/profile_runs/L2_window_25/seed_167400/checkpoint.pt,25,169486,False,True,False,False,False,False,False,False,False,False,False,False,False
169487,checkpoint,53,True,False,0.9937337113543803,0.9937337113543803,1289.152071074652,0.8890703938445875,0.9044677434435997,0.04093661616529376,0.8875845521822203,1.0505780624197123,1.0504193892881772,2.350636672076618,2.350636672076618,,False,True,aeb_feasible,False,False,20.335689227452086,1.5494065705072482,18.786282656944838,5.3902742720628165,0.10170328815212862,2.415125898928561,5.154804518651545,0.565825305720522,0.03210298008283197,0.0,10.755984043390164,0.003940729424357414,1,nan,nan,53,2.415125898928561,0.565825305720522,10.755984043390164,0.10170328815212862,0,nan,nan,nan,nan,0,nan,nan,nan,nan,m1680-spec-0015::L2_window_25_current_tiled,m1680-spec-0015,L2_window_25_current_tiled,T4,actuator_delay_step|t4_capability_step_temporal,mapping_window_unspecified,all_72_specs;mapping_window_unspecified;task_family_T4,actuator_delay_step,t4_actuator_delay_response,runs/m1674_controller_family_one_seed_public_pilot/configs/L2_window_25_current_tiled_seed167400.json,runs/m1674_controller_family_one_seed_public_pilot/profile_runs/L2_window_25_current_tiled/seed_167400/checkpoint.pt,25,169487,False,True,False,False,False,False,False,False,False,False,False,False,False
169488,checkpoint,57,True,False,0.8781299947121224,0.8781299947121224,1337.7600547454117,0.9225931412037323,1.229851872855749,0.01630457257543494,0.7522353075079923,0.8267358917057696,0.809024624113091,2.3377131568745666,2.3377131568745666,,False,True,aeb_feasible,False,False,28.775671817563968,1.8615784120788992,26.91409340548507,10.71500185624129,0.18798248870598755,2.359380140899939,5.168596366882479,0.47716781098454486,0.05741062578186322,0.0,10.72500678760882,0.003653621533885598,1,nan,nan,57,2.359380140899939,0.47716781098454486,10.72500678760882,0.18798248870598755,0,nan,nan,nan,nan,0,nan,nan,nan,nan,m1680-spec-0015::L2_window_50,m1680-spec-0015,L2_window_50,T4,actuator_delay_step|t4_capability_step_temporal,mapping_window_unspecified,all_72_specs;mapping_window_unspecified;task_family_T4,actuator_delay_step,t4_actuator_delay_response,runs/m1674_controller_family_one_seed_public_pilot/configs/L2_window_50_seed167400.json,runs/m1674_controller_family_one_seed_public_pilot/profile_runs/L2_window_50/seed_167400/checkpoint.pt,50,169488,False,True,False,False,False,False,False,False,False,False,False,False,False
169489,checkpoint,71,True,False,0.4902314704481977,0.4902314704481977,1273.6774172485034,0.8783982187920713,0.8886798583832847,0.0011859926206660987,0.7526349282762264,0.9014857601827255,1.07008750770916,3.6637305907292363,3.663730590729236,,False,True,aeb_feasible,False,False,18.7568365111899,1.6930272224869838,17.063809288702917,15.39734862222953,0.21686406510182435,2.27849562022659,5.099876084430317,0.574807969061358,0.07275299078222269,0.0,7.774912127051868,0.0029424764215946198,1,nan,nan,71,2.27849562022659,0.574807969061358,7.774912127051868,0.21686406510182435,0,nan,nan,nan,nan,0,nan,nan,nan,nan,m1680-spec-0015::L2_window_50_current_tiled,m1680-spec-0015,L2_window_50_current_tiled,T4,actuator_delay_step|t4_capability_step_temporal,mapping_window_unspecified,all_72_specs;mapping_window_unspecified;task_family_T4,actuator_delay_step,t4_actuator_delay_response,runs/m1674_controller_family_one_seed_public_pilot/configs/L2_window_50_current_tiled_seed167400.json,runs/m1674_controller_family_one_seed_public_pilot/profile_runs/L2_window_50_current_tiled/seed_167400/checkpoint.pt,50,169489,False,True,False,False,False,False,False,False,False,False,False,False,False
169490,checkpoint,75,True,False,1.0339201164507532,1.0339201164507532,1452.886610151195,1.001990765621514,0.9885948445261927,-0.07357307389699397,1.099551384657381,1.0838361694454464,1.0223671097471159,2.2361898877766526,2.2361898877766526,,False,True,aeb_feasible,False,False,6.683276056075109,1.8943928894152369,4.788883166659872,22.111794409675735,0.29482392546234315,2.322581432976785,5.017494382496096,0.6117394753442914,0.012939150171651937,0.0,10.8729948809305,0.0016052036080509424,1,nan,nan,75,2.322581432976785,0.6117394753442914,10.8729948809305,0.29482392546234315,0,nan,nan,nan,nan,0,nan,nan,nan,nan,m1680-spec-0015::L3_online_gru,m1680-spec-0015,L3_online_gru,T4,actuator_delay_step|t4_capability_step_temporal,mapping_window_unspecified,all_72_specs;mapping_window_unspecified;task_family_T4,actuator_delay_step,t4_actuator_delay_response,runs/m1674_controller_family_one_seed_public_pilot/configs/L3_online_gru_seed167400.json,runs/m1674_controller_family_one_seed_public_pilot/profile_runs/L3_online_gru/seed_167400/checkpoint.pt,1,169490,False,True,False,False,False,False,False,False,False,False,False,False,False
169491,checkpoint,83,True,False,0.7835169048782332,0.7835169048782332,1295.2424433766744,0.893270650604603,1.0370557026827694,-0.011150106187904685,1.074820615402103,1.1813670807223058,0.8412135378543147,1.7608777018838357,1.7608777018838357,,False,True,aeb_feasible,False,False,10.525209638084668,2.0560001609875815,8.469209477097086,20.034871389774754,0.2413839926478886,2.35445622713432,5.027712707133119,0.6006771385703278,0.025711670460743165,0.0,10.790447705900844,0.0009049844811670482,1,nan,nan,83,2.35445622713432,0.6006771385703278,10.790447705900844,0.2413839926478886,0,nan,nan,nan,nan,0,nan,nan,nan,nan,m1680-spec-0015::L3_reset_control_corrected,m1680-spec-0015,L3_reset_control_corrected,T4,actuator_delay_step|t4_capability_step_temporal,mapping_window_unspecified,all_72_specs;mapping_window_unspecified;task_family_T4,actuator_delay_step,t4_actuator_delay_response,runs/m1674_controller_family_one_seed_public_pilot/configs/L3_reset_control_corrected_seed167400.json,runs/m1674_controller_family_one_seed_public_pilot/profile_runs/L3_reset_control_corrected/seed_167400/checkpoint.pt,1,169491,False,True,False,False,False,False,False,False,False,False,False,False,False
169492,checkpoint,135,False,True,0.41182359978674327,0.39101541002335927,1608.709440106727,1.1094547862805013,1.2230570680314867,-0.04369367503813004,1.2614836836692276,1.0609997324990492,0.5833553582265856,0.9585081518762819,0.9585081518762819,24,True,True,aeb_feasible,False,True,3.464860610525609,1.674025612315651,1.790834998209958,60.93029131593452,0.45133549122914457,1.6376664062142055,3.784100351546332,0.5390346555061748,0.05553879346358846,0.0,6.219319764701007,0.0008904955466277897,1,nan,nan,135,1.6376664062142055,0.5390346555061748,6.219319764701007,0.45133549122914457,0,nan,nan,nan,nan,0,nan,nan,nan,nan,m1680-spec-0016::L0_current_masked,m1680-spec-0016,L0_current_masked,T4,capability_step_down|t4_actuator_delay_response,mapping_window_unspecified,all_72_specs;mapping_window_unspecified;task_family_T4,capability_step_down,t4_capability_step_temporal,runs/m1674_controller_family_one_seed_public_pilot/configs/L0_current_masked_seed167400.json,runs/m1674_controller_family_one_seed_public_pilot/profile_runs/L0_current_masked/seed_167400/checkpoint.pt,1,169492,False,True,False,False,False,False,False,False,False,False,False,False,True
169493,checkpoint,94,True,False,1.0124753667262993,0.45997610874603156,1345.55401318225,0.9279682849532759,0.9891412610734375,-0.10704581644540001,0.72191472114732,1.1741605695311574,1.293786956003033,1.5898645165823306,1.5898645165823306,28,True,True,aeb_feasible,False,False,4.160268840483538,1.681224496490338,2.4790443439932,30.410065959498436,0.3235113399946642,2.151703081731843,5.018377137404883,0.6236497244170004,0.03154060713622018,0.0,8.698243385002606,0.0014958964893594384,1,nan,nan,94,2.151703081731843,0.6236497244170004,8.698243385002606,0.3235113399946642,0,nan,nan,nan,nan,0,nan,nan,nan,nan,m1680-spec-0016::L1_one_step,m1680-spec-0016,L1_one_step,T4,capability_step_down|t4_actuator_delay_response,mapping_window_unspecified,all_72_specs;mapping_window_unspecified;task_family_T4,capability_step_down,t4_capability_step_temporal,runs/m1674_controller_family_one_seed_public_pilot/configs/L1_one_step_seed167400.json,runs/m1674_controller_family_one_seed_public_pilot/profile_runs/L1_one_step/seed_167400/checkpoint.pt,1,169493,False,True,False,False,False,False,False,False,False,False,False,False,False
169494,checkpoint,72,True,False,1.0218165977278733,0.4252854099716363,1726.8568904927158,1.1909357865467005,0.973676889105037,0.0050211822971266695,1.0191473740249588,1.0871262937425739,1.122010028999417,1.7149041883245093,1.714904188324509,26,True,True,aeb_feasible,False,False,26.26794688469265,2.031197863566159,24.23674902112649,4.747581246237116,0.06593862841995995,2.491727226736721,5.084654096960463,0.6444372754858372,0.07614915494364036,0.0,7.526585908699001,0.0026854502502828836,1,nan,nan,72,2.491727226736721,0.6444372754858372,7.526585908699001,0.06593862841995995,0,nan,nan,nan,nan,0,nan,nan,nan,nan,m1680-spec-0016::L2_window_100,m1680-spec-0016,L2_window_100,T4,capability_step_down|t4_actuator_delay_response,mapping_window_unspecified,all_72_specs;mapping_window_unspecified;task_family_T4,capability_step_down,t4_capability_step_temporal,runs/m1674_controller_family_one_seed_public_pilot/configs/L2_window_100_seed167400.json,runs/m1674_controller_family_one_seed_public_pilot/profile_runs/L2_window_100/seed_167400/checkpoint.pt,100,169494,False,True,False,False,False,False,False,False,False,False,False,False,False
169495,checkpoint,77,True,False,0.755090368162389,0.42781333433180974,1297.4832932217419,0.8948160642908565,0.9983773442907962,0.04941176649321388,0.6614698086521043,1.220399670329673,0.8924371812722502,1.7905137831984774,1.7905137831984774,23,True,True,aeb_feasible,False,False,28.104470069179076,1.700152958399956,26.404317110779118,15.050638144381828,0.19546283304391984,2.2415504877740458,5.049698673346633,0.4211449816337169,0.04329399878199632,0.0,7.677878935337128,0.0029039436485618353,1,nan,nan,77,2.2415504877740458,0.4211449816337169,7.677878935337128,0.19546283304391984,0,nan,nan,nan,nan,0,nan,nan,nan,nan,m1680-spec-0016::L2_window_100_current_tiled,m1680-spec-0016,L2_window_100_current_tiled,T4,capability_step_down|t4_actuator_delay_response,mapping_window_unspecified,all_72_specs;mapping_window_unspecified;task_family_T4,capability_step_down,t4_capability_step_temporal,runs/m1674_controller_family_one_seed_public_pilot/configs/L2_window_100_current_tiled_seed167400.json,runs/m1674_controller_family_one_seed_public_pilot/profile_runs/L2_window_100_current_tiled/seed_167400/checkpoint.pt,100,169495,False,True,False,False,False,False,False,False,False,False,False,False,False
169496,checkpoint,74,True,False,0.4501583003654944,1.038463916065531,1477.9805274487928,1.019296915481926,1.0908553983467637,0.0563929412935702,1.073623239887874,1.1685775488137606,0.6209042504998762,1.3565427729775772,1.3565427729775772,25,True,True,aeb_feasible,False,False,29.370599665211945,1.5863529778050718,27.784246687406874,-7.714040715939099,-0.10424379345863648,2.492785517621216,5.029431672447384,0.6261528485737136,0.060507825214142795,0.0,7.021777301532409,0.002569206990301609,1,nan,nan,74,2.492785517621216,0.6261528485737136,7.021777301532409,-0.10424379345863648,0,nan,nan,nan,nan,0,nan,nan,nan,nan,m1680-spec-0016::L2_window_13,m1680-spec-0016,L2_window_13,T4,capability_step_down|t4_actuator_delay_response,mapping_window_unspecified,all_72_specs;mapping_window_unspecified;task_family_T4,capability_step_down,t4_capability_step_temporal,runs/m1674_controller_family_one_seed_public_pilot/configs/L2_window_13_seed167400.json,runs/m1674_controller_family_one_seed_public_pilot/profile_runs/L2_window_13/seed_167400/checkpoint.pt,13,169496,False,True,False,False,False,False,False,False,False,False,False,False,False
169497,checkpoint,69,True,False,0.3080989581737663,0.8440875127345351,1586.012008329321,1.0938013850547041,0.9492088237460427,-0.09525023554882384,0.7540159225846079,0.7873921260215886,1.0706862954307153,1.3185004043199813,1.3185004043199813,24,True,True,aeb_feasible,False,False,31.075574948448793,1.4674742224560804,29.608100725992713,19.49940653305105,0.2826000946818993,2.4130769583192375,5.119195430112146,0.39691084384213343,0.47871097614397845,0.10144927536231885,7.869250030728142,0.0038805296644568443,1,nan,nan,69,2.4130769583192375,0.39691084384213343,7.869250030728142,0.2826000946818993,0,nan,nan,nan,nan,0,nan,nan,nan,nan,m1680-spec-0016::L2_window_13_current_tiled,m1680-spec-0016,L2_window_13_current_tiled,T4,capability_step_down|t4_actuator_delay_response,mapping_window_unspecified,all_72_specs;mapping_window_unspecified;task_family_T4,capability_step_down,t4_capability_step_temporal,runs/m1674_controller_family_one_seed_public_pilot/configs/L2_window_13_current_tiled_seed167400.json,runs/m1674_controller_family_one_seed_public_pilot/profile_runs/L2_window_13_current_tiled/seed_167400/checkpoint.pt,13,169497,False,True,False,False,False,False,False,False,False,False,False,False,False
169498,checkpoint,65,True,False,0.4532107286815982,0.8984846267772819,1288.841436013049,0.8888561627676199,1.1679099564409248,-0.09759947540760927,0.875183572088142,1.223132065163853,1.093963501775516,1.4081480412276353,1.4081480412276353,24,True,True,aeb_feasible,False,False,26.0508431678924,1.7204651279371994,24.3303780399552,1.5918984140574177,0.024490744831652582,2.4103584292088382,5.087652221158155,0.6098297616812218,0.0896140812565101,0.0,7.992165634359554,0.002683820901438594,1,nan,nan,65,2.4103584292088382,0.6098297616812218,7.992165634359554,0.024490744831652582,0,nan,nan,nan,nan,0,nan,nan,nan,nan,m1680-spec-0016::L2_window_25,m1680-spec-0016,L2_window_25,T4,capability_step_down|t4_actuator_delay_response,mapping_window_unspecified,all_72_specs;mapping_window_unspecified;task_family_T4,capability_step_down,t4_capability_step_temporal,runs/m1674_controller_family_one_seed_public_pilot/configs/L2_window_25_seed167400.json,runs/m1674_controller_family_one_seed_public_pilot/profile_runs/L2_window_25/seed_167400/checkpoint.pt,25,169498,False,True,False,False,False,False,False,False,False,False,False,False,False
169499,checkpoint,69,True,False,0.44880875400449394,0.48945376688589126,1516.55983946196,1.0459033375599724,0.8615769866142756,-0.11396944363631212,1.0020523651883488,0.8704791076720567,0.853906223480688,1.4857228904711455,1.4857228904711455,27,True,True,aeb_feasible,False,False,25.15165425062782,2.0273017681031678,23.124352482524653,26.09598442880443,0.37820267288122367,2.2661549389927536,5.030113629277487,0.27793427588580044,0.06630153700192641,0.0,8.363409651711905,0.0032770417165011168,1,nan,nan,69,2.2661549389927536,0.27793427588580044,8.363409651711905,0.37820267288122367,0,nan,nan,nan,nan,0,nan,nan,nan,nan,m1680-spec-0016::L2_window_25_current_tiled,m1680-spec-0016,L2_window_25_current_tiled,T4,capability_step_down|t4_actuator_delay_response,mapping_window_unspecified,all_72_specs;mapping_window_unspecified;task_family_T4,capability_step_down,t4_capability_step_temporal,runs/m1674_controller_family_one_seed_public_pilot/configs/L2_window_25_current_tiled_seed167400.json,runs/m1674_controller_family_one_seed_public_pilot/profile_runs/L2_window_25_current_tiled/seed_167400/checkpoint.pt,25,169499,False,True,False,False,False,False,False,False,False,False,False,False,False
169500,checkpoint,69,True,False,0.3134453235029021,0.67089093532489,1417.9050099147462,0.9778655240791353,1.1173814481308566,-0.041083890068186024,1.305014412674312,1.1560837069340155,0.6748916089742893,1.4209595761702025,1.4209595761702025,23,True,True,aeb_feasible,False,False,5.901441215689956,1.6624521168588546,4.238989098831102,5.204422508748014,0.07542641317026107,2.6245527048602417,5.062377214508182,0.365667363770856,0.05775465155523859,0.0,7.342738573981195,0.0022914307191967964,1,nan,nan,69,2.6245527048602417,0.365667363770856,7.342738573981195,0.07542641317026107,0,nan,nan,nan,nan,0,nan,nan,nan,nan,m1680-spec-0016::L2_window_50,m1680-spec-0016,L2_window_50,T4,capability_step_down|t4_actuator_delay_response,mapping_window_unspecified,all_72_specs;mapping_window_unspecified;task_family_T4,capability_step_down,t4_capability_step_temporal,runs/m1674_controller_family_one_seed_public_pilot/configs/L2_window_50_seed167400.json,runs/m1674_controller_family_one_seed_public_pilot/profile_runs/L2_window_50/seed_167400/checkpoint.pt,50,169500,False,True,False,False,False,False,False,False,False,False,False,False,False
169501,checkpoint,65,True,False,0.4069824127504683,1.0704314354921765,1419.1043749392772,0.9786926723719154,1.0604201472841257,0.11279107746667583,0.7385178682852881,0.7211052217344442,0.584376175449011,1.868881414740629,1.868881414740629,27,True,True,aeb_feasible,False,False,22.336250390922018,1.5236335322778456,20.812616858644173,10.273932048196702,0.15806049304918002,2.2210004170387445,5.038386725132902,0.5074837822650028,0.03295382908465275,0.0,9.371799497564304,0.003316725604236126,1,nan,nan,65,2.2210004170387445,0.5074837822650028,9.371799497564304,0.15806049304918002,0,nan,nan,nan,nan,0,nan,nan,nan,nan,m1680-spec-0016::L2_window_50_current_tiled,m1680-spec-0016,L2_window_50_current_tiled,T4,capability_step_down|t4_actuator_delay_response,mapping_window_unspecified,all_72_specs;mapping_window_unspecified;task_family_T4,capability_step_down,t4_capability_step_temporal,runs/m1674_controller_family_one_seed_public_pilot/configs/L2_window_50_current_tiled_seed167400.json,runs/m1674_controller_family_one_seed_public_pilot/profile_runs/L2_window_50_current_tiled/seed_167400/checkpoint.pt,50,169501,False,True,False,False,False,False,False,False,False,False,False,False,False
169502,checkpoint,75,True,False,0.3428554153106658,0.8131790209788056,1734.3059237310404,1.1960730508489934,0.9119033872222492,0.11563838010506133,1.433791299305888,1.1854737415746868,1.2829299095599387,1.2311852359222455,1.2311852359222455,26,True,True,aeb_feasible,False,False,21.652431169141487,1.9817232677771015,19.670707901364384,43.09568841982737,0.5746091789310316,2.2980032315334786,5.019925646119269,0.3821619542445543,0.3561962257885633,0.013333333333333334,11.028971290013414,0.0014587290352210402,1,nan,nan,75,2.2980032315334786,0.3821619542445543,11.028971290013414,0.5746091789310316,0,nan,nan,nan,nan,0,nan,nan,nan,nan,m1680-spec-0016::L3_online_gru,m1680-spec-0016,L3_online_gru,T4,capability_step_down|t4_actuator_delay_response,mapping_window_unspecified,all_72_specs;mapping_window_unspecified;task_family_T4,capability_step_down,t4_capability_step_temporal,runs/m1674_controller_family_one_seed_public_pilot/configs/L3_online_gru_seed167400.json,runs/m1674_controller_family_one_seed_public_pilot/profile_runs/L3_online_gru/seed_167400/checkpoint.pt,1,169502,False,True,False,False,False,False,False,False,False,False,False,False,False
169503,checkpoint,99,False,True,0.6674570993721327,0.5268579101869237,1379.477676402402,0.9513639147602773,0.938023265038842,-0.05272607305078014,1.3154771045731959,0.7830044869703371,1.258542156408834,1.1608315885972846,1.1608315885972846,28,True,True,aeb_feasible,False,True,8.497691497948482,2.0188854025232037,6.478806095425279,108.11547349587066,1.0920754898572793,0.6870349628965616,0.9746128004651098,0.4504389385672431,1.5707961972148985,0.5252525252525253,8.749680196151663,0.0011535723460838199,1,nan,nan,99,0.6870349628965616,0.4504389385672431,8.749680196151663,1.0920754898572793,0,nan,nan,nan,nan,0,nan,nan,nan,nan,m1680-spec-0016::L3_reset_control_corrected,m1680-spec-0016,L3_reset_control_corrected,T4,capability_step_down|t4_actuator_delay_response,mapping_window_unspecified,all_72_specs;mapping_window_unspecified;task_family_T4,capability_step_down,t4_capability_step_temporal,runs/m1674_controller_family_one_seed_public_pilot/configs/L3_reset_control_corrected_seed167400.json,runs/m1674_controller_family_one_seed_public_pilot/profile_runs/L3_reset_control_corrected/seed_167400/checkpoint.pt,1,169503,False,True,False,False,False,False,False,False,False,False,False,False,True
169504,checkpoint,69,True,False,0.9154293904659976,0.9154293904659976,1650.3966523793515,1.1382045878478286,1.1223948985858159,0.08361830465753517,1.0988831054704176,1.0185730009659082,1.032388213151728,3.791739355310983,3.791739355310983,,False,True,aeb_feasible,False,False,5.397414051667444,1.8133709791436177,3.5840430725238264,9.73004501569854,0.1410151451550513,2.362872090361933,5.017647678861145,0.5998856314523084,0.1005795324070452,0.0,9.82266323116059,0.0021397911477833986,1,nan,nan,69,2.362872090361933,0.5998856314523084,9.82266323116059,0.1410151451550513,0,nan,nan,nan,nan,0,nan,nan,nan,nan,m1680-spec-0017::L0_current_masked,m1680-spec-0017,L0_current_masked,T4,t4_actuator_delay_response|actuator_delay_step,mapping_window_unspecified,all_72_specs;mapping_window_unspecified;task_family_T4,t4_actuator_delay_response,t4_actuator_delay_response,runs/m1674_controller_family_one_seed_public_pilot/configs/L0_current_masked_seed167400.json,runs/m1674_controller_family_one_seed_public_pilot/profile_runs/L0_current_masked/seed_167400/checkpoint.pt,1,169504,False,True,False,False,False,False,False,False,False,False,False,False,False
169505,checkpoint,89,True,False,0.48362543445044115,0.48362543445044115,1502.260054005119,1.0360414165552545,0.8800002144371217,0.0747061041430297,0.9880033788060725,0.7594900546017415,1.1982931858259016,1.4803755493039805,1.4803755493039805,,False,True,aeb_feasible,False,False,25.203591604130025,1.6570462405404913,23.546545363589534,43.21921776590999,0.4856091883810111,2.2264214582934048,5.055272602096601,0.5047227356155263,0.01336565931735906,0.0,8.42823836578844,0.0017239185981452465,1,nan,nan,89,2.2264214582934048,0.5047227356155263,8.42823836578844,0.4856091883810111,0,nan,nan,nan,nan,0,nan,nan,nan,nan,m1680-spec-0017::L1_one_step,m1680-spec-0017,L1_one_step,T4,t4_actuator_delay_response|actuator_delay_step,mapping_window_unspecified,all_72_specs;mapping_window_unspecified;task_family_T4,t4_actuator_delay_response,t4_actuator_delay_response,runs/m1674_controller_family_one_seed_public_pilot/configs/L1_one_step_seed167400.json,runs/m1674_controller_family_one_seed_public_pilot/profile_runs/L1_one_step/seed_167400/checkpoint.pt,1,169505,False,True,False,False,False,False,False,False,False,False,False,False,False
169506,checkpoint,65,True,False,0.8604299839052751,0.8604299839052751,1649.7753007939407,1.1377760695130625,1.0983013534831194,0.0268779038624829,1.0898229821820766,0.8844189624211947,0.7700643737531189,1.4912977910069563,1.4912977910069563,,False,True,aeb_feasible,False,False,21.022931078709846,1.6145832955586639,19.408347783151182,19.728169870671007,0.3035103057026309,2.21054132114523,5.141901710125332,0.30717957807699847,0.06272714546238649,0.0,9.772875980832849,0.0032600753474980593,1,nan,nan,65,2.21054132114523,0.30717957807699847,9.772875980832849,0.3035103057026309,0,nan,nan,nan,nan,0,nan,nan,nan,nan,m1680-spec-0017::L2_window_100,m1680-spec-0017,L2_window_100,T4,t4_actuator_delay_response|actuator_delay_step,mapping_window_unspecified,all_72_specs;mapping_window_unspecified;task_family_T4,t4_actuator_delay_response,t4_actuator_delay_response,runs/m1674_controller_family_one_seed_public_pilot/configs/L2_window_100_seed167400.json,runs/m1674_controller_family_one_seed_public_pilot/profile_runs/L2_window_100/seed_167400/checkpoint.pt,100,169506,False,True,False,False,False,False,False,False,False,False,False,False,False
169507,checkpoint,72,True,False,1.0154394054957194,1.0154394054957194,1698.1849343845251,1.1711620237134657,1.1526601377681485,0.03245570319966529,0.843496015112477,1.0228769273422513,0.7813029124863198,3.73633870664538,3.73633870664538,,False,True,aeb_feasible,False,False,28.446629658830613,1.9652024787149815,26.48142718011563,11.287700196006105,0.15677361383341812,2.2340272705362825,5.028933440310592,0.5166941956882904,0.03919441468082463,0.0,8.241536514579288,0.003019218100234866,1,nan,nan,72,2.2340272705362825,0.5166941956882904,8.241536514579288,0.15677361383341812,0,nan,nan,nan,nan,0,nan,nan,nan,nan,m1680-spec-0017::L2_window_100_current_tiled,m1680-spec-0017,L2_window_100_current_tiled,T4,t4_actuator_delay_response|actuator_delay_step,mapping_window_unspecified,all_72_specs;mapping_window_unspecified;task_family_T4,t4_actuator_delay_response,t4_actuator_delay_response,runs/m1674_controller_family_one_seed_public_pilot/configs/L2_window_100_current_tiled_seed167400.json,runs/m1674_controller_family_one_seed_public_pilot/profile_runs/L2_window_100_current_tiled/seed_167400/checkpoint.pt,100,169507,False,True,False,False,False,False,False,False,False,False,False,False,False
169508,checkpoint,71,True,False,0.8438719944552228,0.8438719944552228,1362.0212493728081,0.9393249995674539,1.1689341779527807,-0.024752442779914174,1.0522700374701486,0.8984997896551307,1.1969025565016775,3.639397382954995,3.639397382954995,,False,True,aeb_feasible,False,False,23.149033224729248,1.8917119377648306,21.257321286964416,29.497581198793082,0.41545889012384624,2.1540594835802946,5.03646044414516,0.40926313715092905,0.05116084082389797,0.0,8.470615666030024,0.0027232894208282232,1,nan,nan,71,2.1540594835802946,0.40926313715092905,8.470615666030024,0.41545889012384624,0,nan,nan,nan,nan,0,nan,nan,nan,nan,m1680-spec-0017::L2_window_13,m1680-spec-0017,L2_window_13,T4,t4_actuator_delay_response|actuator_delay_step,mapping_window_unspecified,all_72_specs;mapping_window_unspecified;task_family_T4,t4_actuator_delay_response,t4_actuator_delay_response,runs/m1674_controller_family_one_seed_public_pilot/configs/L2_window_13_seed167400.json,runs/m1674_controller_family_one_seed_public_pilot/profile_runs/L2_window_13/seed_167400/checkpoint.pt,13,169508,False,True,False,False,False,False,False,False,False,False,False,False,False
169509,checkpoint,79,True,False,0.5674092742290731,0.5674092742290731,1234.2644076892723,0.8512168328891533,1.2257202177595221,-0.0782328020709031,0.8073831989800182,0.8550117677022657,0.8164447117863656,2.8529745230692183,2.8529745230692183,,False,True,aeb_feasible,False,False,22.373195130024424,1.6414663963550837,20.73172873366934,29.611367082917063,0.3748274314293299,2.1367914154789847,5.00773787926131,0.41576989030172384,0.08235124942309906,0.0,8.01134676175466,0.00294635072350502,1,nan,nan,79,2.1367914154789847,0.41576989030172384,8.01134676175466,0.3748274314293299,0,nan,nan,nan,nan,0,nan,nan,nan,nan,m1680-spec-0017::L2_window_13_current_tiled,m1680-spec-0017,L2_window_13_current_tiled,T4,t4_actuator_delay_response|actuator_delay_step,mapping_window_unspecified,all_72_specs;mapping_window_unspecified;task_family_T4,t4_actuator_delay_response,t4_actuator_delay_response,runs/m1674_controller_family_one_seed_public_pilot/configs/L2_window_13_current_tiled_seed167400.json,runs/m1674_controller_family_one_seed_public_pilot/profile_runs/L2_window_13_current_tiled/seed_167400/checkpoint.pt,13,169509,False,True,False,False,False,False,False,False,False,False,False,False,False
169510,checkpoint,62,True,False,0.7063014216770046,0.7063014216770046,1518.9724478234027,1.0475672053954501,0.9454310700567972,-0.06604470625135095,0.7739077089417603,1.0189904545688266,0.8274244589729437,3.766452110761184,3.7664521107611844,,False,True,aeb_feasible,False,False,11.272142658889157,1.7923782181883832,9.479764440700773,14.126201928574398,0.22784196658990966,2.407221641032176,5.054765026188772,0.3352588070306479,0.035961351941985506,0.0,9.096847298381238,0.002714842790737748,1,nan,nan,62,2.407221641032176,0.3352588070306479,9.096847298381238,0.22784196658990966,0,nan,nan,nan,nan,0,nan,nan,nan,nan,m1680-spec-0017::L2_window_25,m1680-spec-0017,L2_window_25,T4,t4_actuator_delay_response|actuator_delay_step,mapping_window_unspecified,all_72_specs;mapping_window_unspecified;task_family_T4,t4_actuator_delay_response,t4_actuator_delay_response,runs/m1674_controller_family_one_seed_public_pilot/configs/L2_window_25_seed167400.json,runs/m1674_controller_family_one_seed_public_pilot/profile_runs/L2_window_25/seed_167400/checkpoint.pt,25,169510,False,True,False,False,False,False,False,False,False,False,False,False,False
169511,checkpoint,67,True,False,0.5469786707315144,0.5469786707315144,1239.5413960898854,0.8548561352344037,0.8922024239166263,0.034535089018812304,1.0936819828046624,1.0679645736717966,0.8333616644279948,2.5121722785872675,2.5121722785872675,,False,True,aeb_feasible,False,False,22.312168305380204,1.59628601569404,20.715882289686164,14.908251742834219,0.22251122004230178,2.295226020511116,5.088026166040439,0.3972014924051508,0.04879012731539728,0.0,8.697130164193213,0.0032766619697213173,1,nan,nan,67,2.295226020511116,0.3972014924051508,8.697130164193213,0.22251122004230178,0,nan,nan,nan,nan,0,nan,nan,nan,nan,m1680-spec-0017::L2_window_25_current_tiled,m1680-spec-0017,L2_window_25_current_tiled,T4,t4_actuator_delay_response|actuator_delay_step,mapping_window_unspecified,all_72_specs;mapping_window_unspecified;task_family_T4,t4_actuator_delay_response,t4_actuator_delay_response,runs/m1674_controller_family_one_seed_public_pilot/configs/L2_window_25_current_tiled_seed167400.json,runs/m1674_controller_family_one_seed_public_pilot/profile_runs/L2_window_25_current_tiled/seed_167400/checkpoint.pt,25,169511,False,True,False,False,False,False,False,False,False,False,False,False,False
169512,checkpoint,63,True,False,0.5326129683562686,0.5326129683562686,1457.3653468308967,1.0050795495385494,1.2272621947463505,0.11948268282326668,0.7769338083437363,1.18629356655226,1.133063271983788,2.1978778458276835,2.1978778458276835,,False,True,aeb_feasible,False,False,18.88494060212028,1.8814170489334634,17.003523553186817,6.587488716248511,0.10456331295632557,2.5231823104458404,5.105094483147511,0.514808096481015,0.05567814579999369,0.0,8.332885409734532,0.002637572819367051,1,nan,nan,63,2.5231823104458404,0.514808096481015,8.332885409734532,0.10456331295632557,0,nan,nan,nan,nan,0,nan,nan,nan,nan,m1680-spec-0017::L2_window_50,m1680-spec-0017,L2_window_50,T4,t4_actuator_delay_response|actuator_delay_step,mapping_window_unspecified,all_72_specs;mapping_window_unspecified;task_family_T4,t4_actuator_delay_response,t4_actuator_delay_response,runs/m1674_controller_family_one_seed_public_pilot/configs/L2_window_50_seed167400.json,runs/m1674_controller_family_one_seed_public_pilot/profile_runs/L2_window_50/seed_167400/checkpoint.pt,50,169512,False,True,False,False,False,False,False,False,False,False,False,False,False
169513,checkpoint,55,True,False,0.9004184099666604,0.9004184099666604,1387.1612041225142,0.9566628993948374,1.0377401126238068,-0.07761223768851289,0.8764808331137042,1.158351841890378,0.8469652661190775,2.308050006552279,2.3080500065522793,,False,True,aeb_feasible,False,False,18.716259858394633,1.92823566851221,16.78802418988242,1.3493493073315879,0.024533623769665235,2.5468964419088733,5.023866007950556,0.5197495636732493,0.0634372368301095,0.0,9.211906829934758,0.003353436477482319,1,nan,nan,55,2.5468964419088733,0.5197495636732493,9.211906829934758,0.024533623769665235,0,nan,nan,nan,nan,0,nan,nan,nan,nan,m1680-spec-0017::L2_window_50_current_tiled,m1680-spec-0017,L2_window_50_current_tiled,T4,t4_actuator_delay_response|actuator_delay_step,mapping_window_unspecified,all_72_specs;mapping_window_unspecified;task_family_T4,t4_actuator_delay_response,t4_actuator_delay_response,runs/m1674_controller_family_one_seed_public_pilot/configs/L2_window_50_current_tiled_seed167400.json,runs/m1674_controller_family_one_seed_public_pilot/profile_runs/L2_window_50_current_tiled/seed_167400/checkpoint.pt,50,169513,False,True,False,False,False,False,False,False,False,False,False,False,False
169514,checkpoint,91,True,False,0.8109364619842278,0.8109364619842278,1518.3487863321661,1.0471370940221836,1.1035304909777546,-0.042421328750399834,1.048108351246315,0.7685716904553704,1.1712983158090313,3.404034241297495,3.4040342412974955,,False,True,aeb_feasible,False,False,19.402311845506937,1.6920329163021977,17.71027892920474,59.05973908570667,0.6490081218209524,2.3313298339030872,5.055206842006747,0.31515376194184547,0.015817716974150412,0.0,9.08418856034292,0.001316496985964477,1,nan,nan,91,2.3313298339030872,0.31515376194184547,9.08418856034292,0.6490081218209524,0,nan,nan,nan,nan,0,nan,nan,nan,nan,m1680-spec-0017::L3_online_gru,m1680-spec-0017,L3_online_gru,T4,t4_actuator_delay_response|actuator_delay_step,mapping_window_unspecified,all_72_specs;mapping_window_unspecified;task_family_T4,t4_actuator_delay_response,t4_actuator_delay_response,runs/m1674_controller_family_one_seed_public_pilot/configs/L3_online_gru_seed167400.json,runs/m1674_controller_family_one_seed_public_pilot/profile_runs/L3_online_gru/seed_167400/checkpoint.pt,1,169514,False,True,False,False,False,False,False,False,False,False,False,False,False
169515,checkpoint,89,True,False,0.7495313883887162,0.7495313883887162,1399.0428582725353,0.9648571436362313,1.1278509144329576,-0.05642002120270084,0.9737894923332527,0.827751903535979,0.7953429862560425,3.7102075581887677,3.7102075581887672,,False,True,aeb_feasible,False,False,18.686600579165752,1.7851437433922999,16.901456835773452,21.042576655432832,0.23643344556666104,2.4372786637644523,5.035820145270513,0.6274432227056636,0.034453133007770864,0.0,9.176667553515811,0.0008617257117293775,1,nan,nan,89,2.4372786637644523,0.6274432227056636,9.176667553515811,0.23643344556666104,0,nan,nan,nan,nan,0,nan,nan,nan,nan,m1680-spec-0017::L3_reset_control_corrected,m1680-spec-0017,L3_reset_control_corrected,T4,t4_actuator_delay_response|actuator_delay_step,mapping_window_unspecified,all_72_specs;mapping_window_unspecified;task_family_T4,t4_actuator_delay_response,t4_actuator_delay_response,runs/m1674_controller_family_one_seed_public_pilot/configs/L3_reset_control_corrected_seed167400.json,runs/m1674_controller_family_one_seed_public_pilot/profile_runs/L3_reset_control_corrected/seed_167400/checkpoint.pt,1,169515,False,True,False,False,False,False,False,False,False,False,False,False,False
169516,checkpoint,123,True,False,0.4579567415450997,0.4579567415450997,1351.3508837565669,0.9319661267286669,1.10518486688743,0.007056333462982511,1.1073835301653934,1.1833272748137151,0.7815314410988796,0.9299418071044371,0.929941807104437,,False,True,aeb_feasible,False,False,23.861370162399027,1.7104910529418418,22.150879109457186,-2.8332423091882766,-0.023034490318603874,2.3660576000537112,5.034618426235685,0.6802748154955431,0.018538793234660646,0.0,6.687770417100143,0.0012020909925922751,1,nan,nan,123,2.3660576000537112,0.6802748154955431,6.687770417100143,-0.023034490318603874,0,nan,nan,nan,nan,0,nan,nan,nan,nan,m1680-spec-0018::L0_current_masked,m1680-spec-0018,L0_current_masked,T4,t4_actuator_delay_response|capability_step_up,mapping_window_unspecified,all_72_specs;mapping_window_unspecified;task_family_T4,t4_actuator_delay_response,t4_actuator_delay_response,runs/m1674_controller_family_one_seed_public_pilot/configs/L0_current_masked_seed167400.json,runs/m1674_controller_family_one_seed_public_pilot/profile_runs/L0_current_masked/seed_167400/checkpoint.pt,1,169516,False,True,False,False,False,False,False,False,False,False,False,False,False
169517,checkpoint,79,True,False,0.8362811845134367,0.8362811845134367,1369.946201903651,0.9447904840714834,1.0350203805165332,0.020089217542170745,1.0882942090294558,1.063087660778952,0.75769770547897,2.73758075273179,2.73758075273179,,False,True,aeb_feasible,False,False,24.0219370678806,1.9056053098310741,22.116331758049526,-1.9463982366913741,-0.02463795236318195,2.6142812970857627,5.033865162590278,0.6526715477842423,0.016126535980205872,0.0,8.790892852988375,0.0018162966007366776,1,nan,nan,79,2.6142812970857627,0.6526715477842423,8.790892852988375,-0.02463795236318195,0,nan,nan,nan,nan,0,nan,nan,nan,nan,m1680-spec-0018::L1_one_step,m1680-spec-0018,L1_one_step,T4,t4_actuator_delay_response|capability_step_up,mapping_window_unspecified,all_72_specs;mapping_window_unspecified;task_family_T4,t4_actuator_delay_response,t4_actuator_delay_response,runs/m1674_controller_family_one_seed_public_pilot/configs/L1_one_step_seed167400.json,runs/m1674_controller_family_one_seed_public_pilot/profile_runs/L1_one_step/seed_167400/checkpoint.pt,1,169517,False,True,False,False,False,False,False,False,False,False,False,False,False
169518,checkpoint,66,True,False,0.9137562580427758,0.9137562580427758,1510.3330980065766,1.041609033107984,1.182528937385847,-0.11638546726065835,0.7703458563757102,0.7885590465039299,0.9472677071997502,1.9182145326052165,1.9182145326052165,,False,True,aeb_feasible,False,False,8.078305220129891,1.4942812842005797,6.584023935929312,12.447053695924955,0.18859172266552962,2.406535086711491,5.096087320682997,0.5244765716680084,0.04873424350046136,0.0,8.286154029582354,0.0025540911592543125,1,nan,nan,66,2.406535086711491,0.5244765716680084,8.286154029582354,0.18859172266552962,0,nan,nan,nan,nan,0,nan,nan,nan,nan,m1680-spec-0018::L2_window_100,m1680-spec-0018,L2_window_100,T4,t4_actuator_delay_response|capability_step_up,mapping_window_unspecified,all_72_specs;mapping_window_unspecified;task_family_T4,t4_actuator_delay_response,t4_actuator_delay_response,runs/m1674_controller_family_one_seed_public_pilot/configs/L2_window_100_seed167400.json,runs/m1674_controller_family_one_seed_public_pilot/profile_runs/L2_window_100/seed_167400/checkpoint.pt,100,169518,False,True,False,False,False,False,False,False,False,False,False,False,False
169519,checkpoint,61,True,False,0.6467123600312367,0.6467123600312367,1405.6756477553586,0.9694314812105921,0.9170214635985552,-0.09382662231622785,0.8962838911146846,0.8155126245255488,1.116023289929305,1.980633592288413,1.980633592288413,,False,True,aeb_feasible,False,False,16.429696281876893,2.0636536593713246,14.366042622505569,23.00542074866967,0.3771380450601585,2.149765460412902,5.025379611659044,0.4448672835301503,0.03714160163588644,0.0,10.09991385860324,0.0034843371249735355,1,nan,nan,61,2.149765460412902,0.4448672835301503,10.09991385860324,0.3771380450601585,0,nan,nan,nan,nan,0,nan,nan,nan,nan,m1680-spec-0018::L2_window_100_current_tiled,m1680-spec-0018,L2_window_100_current_tiled,T4,t4_actuator_delay_response|capability_step_up,mapping_window_unspecified,all_72_specs;mapping_window_unspecified;task_family_T4,t4_actuator_delay_response,t4_actuator_delay_response,runs/m1674_controller_family_one_seed_public_pilot/configs/L2_window_100_current_tiled_seed167400.json,runs/m1674_controller_family_one_seed_public_pilot/profile_runs/L2_window_100_current_tiled/seed_167400/checkpoint.pt,100,169519,False,True,False,False,False,False,False,False,False,False,False,False,False
169520,checkpoint,56,True,False,0.9426976947044026,0.9426976947044026,1257.4047754164635,0.8671757071837679,1.0271155997812405,0.08932333503969825,1.1401865730397227,0.7669538931217729,0.9280434930388564,1.1611978854759957,1.1611978854759957,,False,True,aeb_feasible,False,False,6.118257073108909,1.5911983383374957,4.527058734771414,14.920446063708004,0.26643653685192864,2.3003043433839023,5.179300140996819,0.4135961316335445,0.04322036967815532,0.0,10.566725642036454,0.003391311038285494,1,nan,nan,56,2.3003043433839023,0.4135961316335445,10.566725642036454,0.26643653685192864,0,nan,nan,nan,nan,0,nan,nan,nan,nan,m1680-spec-0018::L2_window_13,m1680-spec-0018,L2_window_13,T4,t4_actuator_delay_response|capability_step_up,mapping_window_unspecified,all_72_specs;mapping_window_unspecified;task_family_T4,t4_actuator_delay_response,t4_actuator_delay_response,runs/m1674_controller_family_one_seed_public_pilot/configs/L2_window_13_seed167400.json,runs/m1674_controller_family_one_seed_public_pilot/profile_runs/L2_window_13/seed_167400/checkpoint.pt,13,169520,False,True,False,False,False,False,False,False,False,False,False,False,False
169521,checkpoint,74,True,False,0.4732501719296214,0.4732501719296214,1572.0872775336193,1.0841981224369788,0.8985670580656689,-0.03495062886636324,0.8515510237861019,0.9389188092858509,0.813710669439444,1.1578200431441816,1.1578200431441816,,False,True,aeb_feasible,False,False,8.896322982208332,1.5165062996482748,7.379816682560057,4.918622026061319,0.06646786521704486,2.288593367754713,5.126670115576086,0.6147099935448451,0.047712661064596415,0.0,7.756683488630276,0.0029971569310873747,1,nan,nan,74,2.288593367754713,0.6147099935448451,7.756683488630276,0.06646786521704486,0,nan,nan,nan,nan,0,nan,nan,nan,nan,m1680-spec-0018::L2_window_13_current_tiled,m1680-spec-0018,L2_window_13_current_tiled,T4,t4_actuator_delay_response|capability_step_up,mapping_window_unspecified,all_72_specs;mapping_window_unspecified;task_family_T4,t4_actuator_delay_response,t4_actuator_delay_response,runs/m1674_controller_family_one_seed_public_pilot/configs/L2_window_13_current_tiled_seed167400.json,runs/m1674_controller_family_one_seed_public_pilot/profile_runs/L2_window_13_current_tiled/seed_167400/checkpoint.pt,13,169521,False,True,False,False,False,False,False,False,False,False,False,False,False
169522,checkpoint,74,True,False,0.8923682172436218,0.8923682172436218,1449.605501091705,0.9997279317873827,1.2364217963500712,0.07314144884776419,0.8287478760817566,1.1336053956478633,1.0324557787929536,2.1788571181437115,2.1788571181437115,,False,True,aeb_feasible,False,False,20.768004073797798,1.920592398405819,18.847411675391978,12.750755080884538,0.1723075010930343,2.37057064477081,5.038830734603938,0.49122443952187683,0.049353890784719405,0.0,7.241611993425404,0.002473754109814763,1,nan,nan,74,2.37057064477081,0.49122443952187683,7.241611993425404,0.1723075010930343,0,nan,nan,nan,nan,0,nan,nan,nan,nan,m1680-spec-0018::L2_window_25,m1680-spec-0018,L2_window_25,T4,t4_actuator_delay_response|capability_step_up,mapping_window_unspecified,all_72_specs;mapping_window_unspecified;task_family_T4,t4_actuator_delay_response,t4_actuator_delay_response,runs/m1674_controller_family_one_seed_public_pilot/configs/L2_window_25_seed167400.json,runs/m1674_controller_family_one_seed_public_pilot/profile_runs/L2_window_25/seed_167400/checkpoint.pt,25,169522,False,True,False,False,False,False,False,False,False,False,False,False,False
169523,checkpoint,60,True,False,1.0329833347188706,1.0329833347188706,1570.4907932534709,1.083097098795497,0.9807731501984331,-0.07874622208836768,1.0235136930999613,0.8636904714351198,1.0077089543295417,1.3592260802745642,1.3592260802745642,,False,True,aeb_feasible,False,False,29.283832173409873,2.0384483961466153,27.245383777263257,9.413610675614638,0.15689351126024398,2.4551814079606453,5.042817443299061,0.4795839453925114,0.06886614882028834,0.0,8.22011879415479,0.003582277102395892,1,nan,nan,60,2.4551814079606453,0.4795839453925114,8.22011879415479,0.15689351126024398,0,nan,nan,nan,nan,0,nan,nan,nan,nan,m1680-spec-0018::L2_window_25_current_tiled,m1680-spec-0018,L2_window_25_current_tiled,T4,t4_actuator_delay_response|capability_step_up,mapping_window_unspecified,all_72_specs;mapping_window_unspecified;task_family_T4,t4_actuator_delay_response,t4_actuator_delay_response,runs/m1674_controller_family_one_seed_public_pilot/configs/L2_window_25_current_tiled_seed167400.json,runs/m1674_controller_family_one_seed_public_pilot/profile_runs/L2_window_25_current_tiled/seed_167400/checkpoint.pt,25,169523,False,True,False,False,False,False,False,False,False,False,False,False,False
169524,checkpoint,79,True,False,0.6862812340673525,0.6862812340673525,1502.9369221786317,1.0365082221921598,0.8681911492405859,-0.11996123581574292,0.8123336188643775,0.8168731052730265,0.7590342337863593,2.388663754794019,2.388663754794019,,False,True,aeb_feasible,False,False,27.157533407662307,1.6574358800097837,25.50009752765252,28.261037656999182,0.3577346538860656,2.193631634318628,5.051215745837766,0.31366659672561187,0.11435328944674097,0.0,7.775078961526753,0.0026693393010646105,1,nan,nan,79,2.193631634318628,0.31366659672561187,7.775078961526753,0.3577346538860656,0,nan,nan,nan,nan,0,nan,nan,nan,nan,m1680-spec-0018::L2_window_50,m1680-spec-0018,L2_window_50,T4,t4_actuator_delay_response|capability_step_up,mapping_window_unspecified,all_72_specs;mapping_window_unspecified;task_family_T4,t4_actuator_delay_response,t4_actuator_delay_response,runs/m1674_controller_family_one_seed_public_pilot/configs/L2_window_50_seed167400.json,runs/m1674_controller_family_one_seed_public_pilot/profile_runs/L2_window_50/seed_167400/checkpoint.pt,50,169524,False,True,False,False,False,False,False,False,False,False,False,False,False
169525,checkpoint,75,True,False,0.8077328796300538,0.8077328796300538,1646.3337052413988,1.1354025553388958,0.8659730838025224,-0.024410890072932512,0.8402409334935605,1.0097832527248132,1.0080322979710816,2.578152860647185,2.578152860647185,,False,True,aeb_feasible,False,False,15.589937232152264,1.911234543688546,13.67870268846372,22.212243400793053,0.29616324534390737,2.2789382635270448,5.092344190523569,0.4214213505105219,0.047367750497612604,0.0,7.848277182682708,0.0028667934238910675,1,nan,nan,75,2.2789382635270448,0.4214213505105219,7.848277182682708,0.29616324534390737,0,nan,nan,nan,nan,0,nan,nan,nan,nan,m1680-spec-0018::L2_window_50_current_tiled,m1680-spec-0018,L2_window_50_current_tiled,T4,t4_actuator_delay_response|capability_step_up,mapping_window_unspecified,all_72_specs;mapping_window_unspecified;task_family_T4,t4_actuator_delay_response,t4_actuator_delay_response,runs/m1674_controller_family_one_seed_public_pilot/configs/L2_window_50_current_tiled_seed167400.json,runs/m1674_controller_family_one_seed_public_pilot/profile_runs/L2_window_50_current_tiled/seed_167400/checkpoint.pt,50,169525,False,True,False,False,False,False,False,False,False,False,False,False,False
169526,checkpoint,88,True,False,0.7381780814817842,0.7381780814817842,1247.232753168144,0.8601605194263062,0.8949056306376902,0.06513234952676994,0.8578870340971336,1.137139068332994,0.9844013685073622,1.8941480955894758,1.8941480955894758,,False,True,aeb_feasible,False,False,2.52024185611495,1.860861404554556,0.659380451560394,37.95091252206366,0.43126036956890523,2.335643311611653,5.09579897072431,0.46305411436873595,0.05211374085882685,0.0,9.31737780522808,0.0012794077629223466,1,nan,nan,88,2.335643311611653,0.46305411436873595,9.31737780522808,0.43126036956890523,0,nan,nan,nan,nan,0,nan,nan,nan,nan,m1680-spec-0018::L3_online_gru,m1680-spec-0018,L3_online_gru,T4,t4_actuator_delay_response|capability_step_up,mapping_window_unspecified,all_72_specs;mapping_window_unspecified;task_family_T4,t4_actuator_delay_response,t4_actuator_delay_response,runs/m1674_controller_family_one_seed_public_pilot/configs/L3_online_gru_seed167400.json,runs/m1674_controller_family_one_seed_public_pilot/profile_runs/L3_online_gru/seed_167400/checkpoint.pt,1,169526,False,True,False,False,False,False,False,False,False,False,False,False,False
169527,checkpoint,106,True,False,0.6287672139891053,0.6287672139891053,1233.9432388141825,0.8509953371132293,1.0623495803442706,0.08920991846097759,0.8755821767527991,1.086558120842772,0.912229204601551,3.079178111086548,3.079178111086548,,False,True,aeb_feasible,False,False,22.999459316563463,1.856191746557763,21.1432675700057,43.06070372403452,0.40623305400032567,2.1912327118769706,5.081082410941669,0.5638824778929039,0.05100501304249025,0.0,8.72565093805728,0.000795550353359431,1,nan,nan,106,2.1912327118769706,0.5638824778929039,8.72565093805728,0.40623305400032567,0,nan,nan,nan,nan,0,nan,nan,nan,nan,m1680-spec-0018::L3_reset_control_corrected,m1680-spec-0018,L3_reset_control_corrected,T4,t4_actuator_delay_response|capability_step_up,mapping_window_unspecified,all_72_specs;mapping_window_unspecified;task_family_T4,t4_actuator_delay_response,t4_actuator_delay_response,runs/m1674_controller_family_one_seed_public_pilot/configs/L3_reset_control_corrected_seed167400.json,runs/m1674_controller_family_one_seed_public_pilot/profile_runs/L3_reset_control_corrected/seed_167400/checkpoint.pt,1,169527,False,True,False,False,False,False,False,False,False,False,False,False,False
169528,checkpoint,79,True,False,0.5126292231081473,0.3852066650590444,1288.9395853254882,0.8889238519486126,1.0892307499124034,-0.029986673856246426,1.3837724096938766,0.7348093049223072,1.2613688031588506,1.6088690080219434,1.6088690080219434,24,True,True,aeb_feasible,False,False,8.360684346992603,1.7596334346579638,6.601050912334639,42.28130802926149,0.5352064307501454,2.3275663958650075,5.127940369504248,0.387706964173262,0.05686871432644711,0.0,8.392980514618708,0.0015152189880609512,1,nan,nan,79,2.3275663958650075,0.387706964173262,8.392980514618708,0.5352064307501454,0,nan,nan,nan,nan,0,nan,nan,nan,nan,m1680-spec-0019::L0_current_masked,m1680-spec-0019,L0_current_masked,T4,t4_capability_step_temporal|capability_step_down,mapping_window_unspecified,all_72_specs;mapping_window_unspecified;task_family_T4,t4_capability_step_temporal,t4_capability_step_temporal,runs/m1674_controller_family_one_seed_public_pilot/configs/L0_current_masked_seed167400.json,runs/m1674_controller_family_one_seed_public_pilot/profile_runs/L0_current_masked/seed_167400/checkpoint.pt,1,169528,False,True,False,False,False,False,False,False,False,False,False,False,False
169529,checkpoint,78,True,False,0.7784714774950984,0.8530625268061622,1361.8714043855757,0.9392216581969488,0.8619361635687467,0.10045747550359518,1.140590760601567,1.2932512744849172,1.0377245955448147,1.5166742035372525,1.5166742035372525,28,True,True,aeb_feasible,False,False,6.5014467995514655,1.8966558225088352,4.60479097704263,14.50211981817262,0.1859246130534951,2.339496520802758,5.036717944464009,0.5857282771429437,0.0773129389308103,0.0,10.646955672547008,0.0018083269242197275,1,nan,nan,78,2.339496520802758,0.5857282771429437,10.646955672547008,0.1859246130534951,0,nan,nan,nan,nan,0,nan,nan,nan,nan,m1680-spec-0019::L1_one_step,m1680-spec-0019,L1_one_step,T4,t4_capability_step_temporal|capability_step_down,mapping_window_unspecified,all_72_specs;mapping_window_unspecified;task_family_T4,t4_capability_step_temporal,t4_capability_step_temporal,runs/m1674_controller_family_one_seed_public_pilot/configs/L1_one_step_seed167400.json,runs/m1674_controller_family_one_seed_public_pilot/profile_runs/L1_one_step/seed_167400/checkpoint.pt,1,169529,False,True,False,False,False,False,False,False,False,False,False,False,False
169530,checkpoint,72,True,False,0.7760502656679185,0.7012685355029874,1391.441780207125,0.9596150208325,1.090919185092304,-0.11834807862566876,1.4458127304302302,0.934024996668727,0.7730983724532582,1.5661399837549248,1.5661399837549248,26,True,True,aeb_feasible,False,False,23.810551550132473,2.080733962523294,21.72981758760918,7.616738902381803,0.10578804031085837,2.3797108652013756,5.035062003706592,0.5441319632994976,0.06596075463367107,0.0,7.586602329083066,0.002610166557133198,1,nan,nan,72,2.3797108652013756,0.5441319632994976,7.586602329083066,0.10578804031085837,0,nan,nan,nan,nan,0,nan,nan,nan,nan,m1680-spec-0019::L2_window_100,m1680-spec-0019,L2_window_100,T4,t4_capability_step_temporal|capability_step_down,mapping_window_unspecified,all_72_specs;mapping_window_unspecified;task_family_T4,t4_capability_step_temporal,t4_capability_step_temporal,runs/m1674_controller_family_one_seed_public_pilot/configs/L2_window_100_seed167400.json,runs/m1674_controller_family_one_seed_public_pilot/profile_runs/L2_window_100/seed_167400/checkpoint.pt,100,169530,False,True,False,False,False,False,False,False,False,False,False,False,False
169531,checkpoint,47,True,False,0.9507541882703205,0.9508028111487581,1239.8343658177723,0.8550581833226016,0.9784599773515393,0.0039047486427854494,1.1176177720663647,0.8361059844052631,1.3136066298443665,1.8219479584240847,1.8219479584240847,25,True,True,aeb_feasible,False,False,28.89535043373158,2.024516176184913,26.870834257546665,16.187024729524445,0.3444047814792435,2.279544489026203,5.083266347807282,0.4039892530892033,0.0428424899842552,0.0,12.627470268378353,0.004428132902830839,1,nan,nan,47,2.279544489026203,0.4039892530892033,12.627470268378353,0.3444047814792435,0,nan,nan,nan,nan,0,nan,nan,nan,nan,m1680-spec-0019::L2_window_100_current_tiled,m1680-spec-0019,L2_window_100_current_tiled,T4,t4_capability_step_temporal|capability_step_down,mapping_window_unspecified,all_72_specs;mapping_window_unspecified;task_family_T4,t4_capability_step_temporal,t4_capability_step_temporal,runs/m1674_controller_family_one_seed_public_pilot/configs/L2_window_100_current_tiled_seed167400.json,runs/m1674_controller_family_one_seed_public_pilot/profile_runs/L2_window_100_current_tiled/seed_167400/checkpoint.pt,100,169531,False,True,False,False,False,False,False,False,False,False,False,False,False
169532,checkpoint,64,True,False,0.9749763168107282,0.49261410422108953,1309.2127914907542,0.9029053734418995,1.2336778432973174,-0.050037972519243024,0.8662376040272592,1.294745681892673,1.238164907168381,1.691143264252423,1.691143264252423,25,True,True,aeb_feasible,False,False,9.548621712469911,1.5175987366684303,8.03102297580148,14.435606807480506,0.2255563563668829,2.3399644129441057,5.0063218921510035,0.47502851930661616,0.046522895160916795,0.0,8.579390212055394,0.002516693901270628,1,nan,nan,64,2.3399644129441057,0.47502851930661616,8.579390212055394,0.2255563563668829,0,nan,nan,nan,nan,0,nan,nan,nan,nan,m1680-spec-0019::L2_window_13,m1680-spec-0019,L2_window_13,T4,t4_capability_step_temporal|capability_step_down,mapping_window_unspecified,all_72_specs;mapping_window_unspecified;task_family_T4,t4_capability_step_temporal,t4_capability_step_temporal,runs/m1674_controller_family_one_seed_public_pilot/configs/L2_window_13_seed167400.json,runs/m1674_controller_family_one_seed_public_pilot/profile_runs/L2_window_13/seed_167400/checkpoint.pt,13,169532,False,True,False,False,False,False,False,False,False,False,False,False,False
169533,checkpoint,53,True,False,0.8654279826892732,1.076721806602502,1509.4580124091876,1.0410055257994397,0.9151141319521485,-0.08311661144282567,1.0839733578783002,0.6948268178530055,0.5730474281978217,1.564318378810105,1.5643183788101047,27,True,True,aeb_feasible,False,False,9.015812651399086,1.7370654903924772,7.278747161006609,9.83907389096079,0.1856429036030338,2.421271987950866,5.095118202871564,0.36192547361664545,0.03875154576369889,0.0,10.443776814693802,0.003550899215042591,1,nan,nan,53,2.421271987950866,0.36192547361664545,10.443776814693802,0.1856429036030338,0,nan,nan,nan,nan,0,nan,nan,nan,nan,m1680-spec-0019::L2_window_13_current_tiled,m1680-spec-0019,L2_window_13_current_tiled,T4,t4_capability_step_temporal|capability_step_down,mapping_window_unspecified,all_72_specs;mapping_window_unspecified;task_family_T4,t4_capability_step_temporal,t4_capability_step_temporal,runs/m1674_controller_family_one_seed_public_pilot/configs/L2_window_13_current_tiled_seed167400.json,runs/m1674_controller_family_one_seed_public_pilot/profile_runs/L2_window_13_current_tiled/seed_167400/checkpoint.pt,13,169533,False,True,False,False,False,False,False,False,False,False,False,False,False
169534,checkpoint,73,True,False,0.29689444616973315,0.3513873399577882,1723.1552374931748,1.188382922409086,0.8807371726253806,0.04740735464083978,0.5086440187055461,0.8604440290863431,1.1768215570510459,1.2147004215840844,1.2147004215840844,27,True,True,aeb_feasible,False,False,11.150112471672342,1.879322638726634,9.270789832945708,32.65047784360638,0.44726681977542987,2.399737093013359,5.0254614514853415,0.2663619396361942,0.591495005260341,0.1506849315068493,7.7512312502158505,0.002843276597559452,1,nan,nan,73,2.399737093013359,0.2663619396361942,7.7512312502158505,0.44726681977542987,0,nan,nan,nan,nan,0,nan,nan,nan,nan,m1680-spec-0019::L2_window_25,m1680-spec-0019,L2_window_25,T4,t4_capability_step_temporal|capability_step_down,mapping_window_unspecified,all_72_specs;mapping_window_unspecified;task_family_T4,t4_capability_step_temporal,t4_capability_step_temporal,runs/m1674_controller_family_one_seed_public_pilot/configs/L2_window_25_seed167400.json,runs/m1674_controller_family_one_seed_public_pilot/profile_runs/L2_window_25/seed_167400/checkpoint.pt,25,169534,False,True,False,False,False,False,False,False,False,False,False,False,False
169535,checkpoint,67,True,False,0.6840870487369015,0.49145049602496466,1721.5836776982026,1.1872990880677259,1.046794509656222,0.029267887196844367,0.5444561428923294,1.2219670750313951,1.2414980265202686,1.974474555492086,1.974474555492086,26,True,True,aeb_feasible,False,False,20.876291799026333,1.8366215327387465,19.039670266287587,5.521367018478305,0.08240846296236276,2.3793222607913136,5.118895782644241,0.655951562850576,0.04785357785010421,0.0,8.59254376225447,0.0030326363630592823,1,nan,nan,67,2.3793222607913136,0.655951562850576,8.59254376225447,0.08240846296236276,0,nan,nan,nan,nan,0,nan,nan,nan,nan,m1680-spec-0019::L2_window_25_current_tiled,m1680-spec-0019,L2_window_25_current_tiled,T4,t4_capability_step_temporal|capability_step_down,mapping_window_unspecified,all_72_specs;mapping_window_unspecified;task_family_T4,t4_capability_step_temporal,t4_capability_step_temporal,runs/m1674_controller_family_one_seed_public_pilot/configs/L2_window_25_current_tiled_seed167400.json,runs/m1674_controller_family_one_seed_public_pilot/profile_runs/L2_window_25_current_tiled/seed_167400/checkpoint.pt,25,169535,False,True,False,False,False,False,False,False,False,False,False,False,False
169536,checkpoint,76,True,False,0.688649834704461,0.619545851844528,1670.6593070525216,1.1521788324500148,0.9090758714811285,0.11840817596314457,0.5690934277434423,0.9255702240991303,0.7372106220377259,1.9211862836122897,1.9211862836122895,28,True,True,aeb_feasible,False,False,17.258623438333103,1.5754715991599975,15.683151839173107,11.86361281832638,0.15610016866218923,2.195702843184126,5.011971362498862,0.563315312028137,0.0863410332729434,0.0,8.2343186656201,0.0025909184478223324,1,nan,nan,76,2.195702843184126,0.563315312028137,8.2343186656201,0.15610016866218923,0,nan,nan,nan,nan,0,nan,nan,nan,nan,m1680-spec-0019::L2_window_50,m1680-spec-0019,L2_window_50,T4,t4_capability_step_temporal|capability_step_down,mapping_window_unspecified,all_72_specs;mapping_window_unspecified;task_family_T4,t4_capability_step_temporal,t4_capability_step_temporal,runs/m1674_controller_family_one_seed_public_pilot/configs/L2_window_50_seed167400.json,runs/m1674_controller_family_one_seed_public_pilot/profile_runs/L2_window_50/seed_167400/checkpoint.pt,50,169536,False,True,False,False,False,False,False,False,False,False,False,False,False
169537,checkpoint,77,True,False,1.0139698078730635,0.5468996727423079,1547.2015691438075,1.0670355649267638,1.1765279798009276,-0.029760462407988353,0.6965926020285182,1.2033766742505887,1.2648251649606364,1.48376871011168,1.48376871011168,28,True,True,aeb_feasible,False,False,4.2392043722037505,2.0287321123809035,2.210472259822847,24.959111941462012,0.3241443109280781,2.2526890463789244,5.140916594800515,0.4904682079784243,0.10396992407925856,0.0,8.027105138546824,0.0027499450370669365,1,nan,nan,77,2.2526890463789244,0.4904682079784243,8.027105138546824,0.3241443109280781,0,nan,nan,nan,nan,0,nan,nan,nan,nan,m1680-spec-0019::L2_window_50_current_tiled,m1680-spec-0019,L2_window_50_current_tiled,T4,t4_capability_step_temporal|capability_step_down,mapping_window_unspecified,all_72_specs;mapping_window_unspecified;task_family_T4,t4_capability_step_temporal,t4_capability_step_temporal,runs/m1674_controller_family_one_seed_public_pilot/configs/L2_window_50_current_tiled_seed167400.json,runs/m1674_controller_family_one_seed_public_pilot/profile_runs/L2_window_50_current_tiled/seed_167400/checkpoint.pt,50,169537,False,True,False,False,False,False,False,False,False,False,False,False,False
169538,checkpoint,92,True,False,0.966444971999123,0.6834394768331381,1473.2334308705954,1.0160230557728245,1.183374876466115,0.044914687312460844,1.072731821328228,1.2245896222210524,1.2285541494524432,1.3933695586104924,1.3933695586104924,26,True,True,aeb_feasible,False,False,15.881506096181916,1.6476708698795557,14.23383522630236,57.55153971613199,0.6255602143057825,2.173373447365259,5.088513939732401,0.36770816164193293,0.03022663319112449,0.0,10.220179181423113,0.0012668848503381014,1,nan,nan,92,2.173373447365259,0.36770816164193293,10.220179181423113,0.6255602143057825,0,nan,nan,nan,nan,0,nan,nan,nan,nan,m1680-spec-0019::L3_online_gru,m1680-spec-0019,L3_online_gru,T4,t4_capability_step_temporal|capability_step_down,mapping_window_unspecified,all_72_specs;mapping_window_unspecified;task_family_T4,t4_capability_step_temporal,t4_capability_step_temporal,runs/m1674_controller_family_one_seed_public_pilot/configs/L3_online_gru_seed167400.json,runs/m1674_controller_family_one_seed_public_pilot/profile_runs/L3_online_gru/seed_167400/checkpoint.pt,1,169538,False,True,False,False,False,False,False,False,False,False,False,False,False
169539,checkpoint,80,False,True,0.5706896207836061,0.8118398793812095,1364.71955452676,0.9411858996736276,1.206129425570735,-0.09017635238982513,0.6121500401614103,0.6376148269734334,0.6668547107223861,1.3695613270507112,1.3695613270507112,30,True,True,aeb_feasible,False,True,4.683165921921938,1.5442713269768893,3.1388945949450484,64.41648980168145,0.8052061225210181,1.8493618953375999,4.254712337334613,0.3632584687897345,0.040569070306312655,0.0,11.164349963171556,0.0008777391049079597,1,nan,nan,80,1.8493618953375999,0.3632584687897345,11.164349963171556,0.8052061225210181,0,nan,nan,nan,nan,0,nan,nan,nan,nan,m1680-spec-0019::L3_reset_control_corrected,m1680-spec-0019,L3_reset_control_corrected,T4,t4_capability_step_temporal|capability_step_down,mapping_window_unspecified,all_72_specs;mapping_window_unspecified;task_family_T4,t4_capability_step_temporal,t4_capability_step_temporal,runs/m1674_controller_family_one_seed_public_pilot/configs/L3_reset_control_corrected_seed167400.json,runs/m1674_controller_family_one_seed_public_pilot/profile_runs/L3_reset_control_corrected/seed_167400/checkpoint.pt,1,169539,False,True,False,False,False,False,False,False,False,False,False,False,True
169540,checkpoint,107,True,False,0.35107120586937735,0.35107120586937735,1518.0320988666033,1.0469186888735196,0.9356733389338692,0.08382599379466038,1.0929507935518448,1.229004394480689,1.032567444860462,1.7018046502249347,1.7018046502249349,,False,True,aeb_feasible,False,False,15.479268275929385,1.6256940216953268,13.853574254234058,15.461970589624933,0.14450439803387788,2.3647261931192634,5.083102266637109,0.5570520096825384,0.039644095147581083,0.0,6.803638759501127,0.001112362020649016,1,nan,nan,107,2.3647261931192634,0.5570520096825384,6.803638759501127,0.14450439803387788,0,nan,nan,nan,nan,0,nan,nan,nan,nan,m1680-spec-0020::L0_current_masked,m1680-spec-0020,L0_current_masked,T4,t4_staged_warmup_capability|capability_step_up,mapping_window_unspecified,all_72_specs;mapping_window_unspecified;task_family_T4,t4_staged_warmup_capability,t4_staged_warmup_capability,runs/m1674_controller_family_one_seed_public_pilot/configs/L0_current_masked_seed167400.json,runs/m1674_controller_family_one_seed_public_pilot/profile_runs/L0_current_masked/seed_167400/checkpoint.pt,1,169540,False,True,False,False,False,False,False,False,False,False,False,False,False
169541,checkpoint,110,True,False,0.8965788358682545,0.8965788358682545,1536.038328140008,1.0593367780275917,1.2036689271387009,-0.11294800090291224,0.8765337970084337,0.8430102701416851,1.0890437042585224,1.808748462456729,1.8087484624567292,,False,True,aeb_feasible,False,False,3.3119146022162576,1.8123720932244192,1.4995425089918384,58.14485184900998,0.5285895622637271,2.026733730841409,5.086036205323474,0.46935125771400765,0.043385922252414465,0.0,8.298613934905523,0.001315881498157978,1,nan,nan,110,2.026733730841409,0.46935125771400765,8.298613934905523,0.5285895622637271,0,nan,nan,nan,nan,0,nan,nan,nan,nan,m1680-spec-0020::L1_one_step,m1680-spec-0020,L1_one_step,T4,t4_staged_warmup_capability|capability_step_up,mapping_window_unspecified,all_72_specs;mapping_window_unspecified;task_family_T4,t4_staged_warmup_capability,t4_staged_warmup_capability,runs/m1674_controller_family_one_seed_public_pilot/configs/L1_one_step_seed167400.json,runs/m1674_controller_family_one_seed_public_pilot/profile_runs/L1_one_step/seed_167400/checkpoint.pt,1,169541,False,True,False,False,False,False,False,False,False,False,False,False,False
169542,checkpoint,72,True,False,0.43013941797519933,0.43013941797519933,1311.6276394781287,0.9045707858469852,1.1755742611416338,0.016282919004506624,1.2030408490497408,1.0676961156045508,1.0178688103706386,2.0291251344560077,2.0291251344560077,,False,True,aeb_feasible,False,False,26.96513774634883,1.886043517718587,25.079094228630243,15.421106102968848,0.21418202920790066,2.360451352612772,5.042619361959439,0.5169216399307571,0.05769976649045893,0.0,7.699583506724723,0.0027564726769924164,1,nan,nan,72,2.360451352612772,0.5169216399307571,7.699583506724723,0.21418202920790066,0,nan,nan,nan,nan,0,nan,nan,nan,nan,m1680-spec-0020::L2_window_100,m1680-spec-0020,L2_window_100,T4,t4_staged_warmup_capability|capability_step_up,mapping_window_unspecified,all_72_specs;mapping_window_unspecified;task_family_T4,t4_staged_warmup_capability,t4_staged_warmup_capability,runs/m1674_controller_family_one_seed_public_pilot/configs/L2_window_100_seed167400.json,runs/m1674_controller_family_one_seed_public_pilot/profile_runs/L2_window_100/seed_167400/checkpoint.pt,100,169542,False,True,False,False,False,False,False,False,False,False,False,False,False
169543,checkpoint,55,True,False,0.9624890691590327,0.9624890691590327,1658.6507413409422,1.1438970629937533,1.156388330461607,-0.09607173586541773,1.0436123799826333,1.3369308502711517,0.8196629234235508,2.122720753060388,2.122720753060388,,False,True,aeb_feasible,False,False,17.701767184238197,2.02136316602279,15.680404018215405,-0.4883782598325701,-0.008879604724228548,2.3381571576500515,5.069043677240625,0.6585483845199447,0.0350079489860744,0.0,10.729633603874944,0.003709640586748719,1,nan,nan,55,2.3381571576500515,0.6585483845199447,10.729633603874944,-0.008879604724228548,0,nan,nan,nan,nan,0,nan,nan,nan,nan,m1680-spec-0020::L2_window_100_current_tiled,m1680-spec-0020,L2_window_100_current_tiled,T4,t4_staged_warmup_capability|capability_step_up,mapping_window_unspecified,all_72_specs;mapping_window_unspecified;task_family_T4,t4_staged_warmup_capability,t4_staged_warmup_capability,runs/m1674_controller_family_one_seed_public_pilot/configs/L2_window_100_current_tiled_seed167400.json,runs/m1674_controller_family_one_seed_public_pilot/profile_runs/L2_window_100_current_tiled/seed_167400/checkpoint.pt,100,169543,False,True,False,False,False,False,False,False,False,False,False,False,False
169544,checkpoint,80,True,False,0.3846521379054508,0.3846521379054508,1623.24369487719,1.119478410260131,0.8680775938521971,0.020842711479648113,0.8720959099491765,0.9934352459417239,1.0057549529105563,1.7061530022115878,1.706153002211588,,False,True,aeb_feasible,False,False,4.157179131503062,2.08810686286862,2.069072268634442,30.922900356061056,0.38653625445076323,2.1413531345506724,5.008412503140271,0.3305762468371401,0.04546613051259429,0.0,7.468479094211491,0.002285917056724429,1,nan,nan,80,2.1413531345506724,0.3305762468371401,7.468479094211491,0.38653625445076323,0,nan,nan,nan,nan,0,nan,nan,nan,nan,m1680-spec-0020::L2_window_13,m1680-spec-0020,L2_window_13,T4,t4_staged_warmup_capability|capability_step_up,mapping_window_unspecified,all_72_specs;mapping_window_unspecified;task_family_T4,t4_staged_warmup_capability,t4_staged_warmup_capability,runs/m1674_controller_family_one_seed_public_pilot/configs/L2_window_13_seed167400.json,runs/m1674_controller_family_one_seed_public_pilot/profile_runs/L2_window_13/seed_167400/checkpoint.pt,13,169544,False,True,False,False,False,False,False,False,False,False,False,False,False
169545,checkpoint,64,True,False,0.7157039043990625,0.7157039043990625,1615.5065800706047,1.11414246901421,0.9350972725822834,-0.05975682366800883,1.0062036053148988,1.1606686932440407,0.8359107140978544,1.7401682000715,1.7401682000715,,False,True,aeb_feasible,False,False,30.531315168781944,1.9152937260452076,28.616021442736738,1.8059120181573851,0.028217375283709142,2.52167868126919,5.103738578064792,0.5044366857927087,0.05317256112120081,0.0,8.002503616612866,0.0034121458884328604,1,nan,nan,64,2.52167868126919,0.5044366857927087,8.002503616612866,0.028217375283709142,0,nan,nan,nan,nan,0,nan,nan,nan,nan,m1680-spec-0020::L2_window_13_current_tiled,m1680-spec-0020,L2_window_13_current_tiled,T4,t4_staged_warmup_capability|capability_step_up,mapping_window_unspecified,all_72_specs;mapping_window_unspecified;task_family_T4,t4_staged_warmup_capability,t4_staged_warmup_capability,runs/m1674_controller_family_one_seed_public_pilot/configs/L2_window_13_current_tiled_seed167400.json,runs/m1674_controller_family_one_seed_public_pilot/profile_runs/L2_window_13_current_tiled/seed_167400/checkpoint.pt,13,169545,False,True,False,False,False,False,False,False,False,False,False,False,False
169546,checkpoint,74,True,False,0.7333559734253581,0.7333559734253581,1726.591865207107,1.19075301048766,1.0231114450169327,-0.04122461083313156,0.7251025051195501,1.1035549566458915,0.8936893904874719,1.0600229354813633,1.0600229354813633,,False,True,aeb_feasible,False,False,10.13417667308793,1.8367657094564436,8.297410963631487,3.931300240945371,0.053125678931694204,2.474827621865329,5.098470966876782,0.5410440323661511,0.049190731945921176,0.0,7.202661855206389,0.0024856734089553356,1,nan,nan,74,2.474827621865329,0.5410440323661511,7.202661855206389,0.053125678931694204,0,nan,nan,nan,nan,0,nan,nan,nan,nan,m1680-spec-0020::L2_window_25,m1680-spec-0020,L2_window_25,T4,t4_staged_warmup_capability|capability_step_up,mapping_window_unspecified,all_72_specs;mapping_window_unspecified;task_family_T4,t4_staged_warmup_capability,t4_staged_warmup_capability,runs/m1674_controller_family_one_seed_public_pilot/configs/L2_window_25_seed167400.json,runs/m1674_controller_family_one_seed_public_pilot/profile_runs/L2_window_25/seed_167400/checkpoint.pt,25,169546,False,True,False,False,False,False,False,False,False,False,False,False,False
169547,checkpoint,64,True,False,0.7393433004300323,0.7393433004300323,1352.0474831194203,0.9324465400823588,1.1576133577314711,0.047994471514825054,0.7972398922963324,0.8356325962166207,0.7925111724025131,2.0099531277411633,2.0099531277411633,,False,True,aeb_feasible,False,False,20.378106090199402,1.705804520807329,18.672301569392072,12.70498573978086,0.19851540218407593,2.421892738984489,5.088423616033847,0.42499055491546356,0.043550709171958524,0.0,8.47753928522347,0.003309146501123905,1,nan,nan,64,2.421892738984489,0.42499055491546356,8.47753928522347,0.19851540218407593,0,nan,nan,nan,nan,0,nan,nan,nan,nan,m1680-spec-0020::L2_window_25_current_tiled,m1680-spec-0020,L2_window_25_current_tiled,T4,t4_staged_warmup_capability|capability_step_up,mapping_window_unspecified,all_72_specs;mapping_window_unspecified;task_family_T4,t4_staged_warmup_capability,t4_staged_warmup_capability,runs/m1674_controller_family_one_seed_public_pilot/configs/L2_window_25_current_tiled_seed167400.json,runs/m1674_controller_family_one_seed_public_pilot/profile_runs/L2_window_25_current_tiled/seed_167400/checkpoint.pt,25,169547,False,True,False,False,False,False,False,False,False,False,False,False,False
169548,checkpoint,53,True,False,1.0188056889840365,1.0188056889840365,1241.4095600069609,0.8561445241427317,0.8623661720282733,-0.04530828825668887,0.7649021836463399,1.2763841293972826,0.8751654755735034,1.5777941821842807,1.5777941821842805,,False,True,aeb_feasible,False,False,24.53852659180775,1.5728057348669267,22.965720856940823,9.114815880307635,0.17197765811901197,2.4352758949425195,5.159688733786201,0.2946286010098608,0.036333220654353904,0.0,10.61076065085281,0.0035261670127511024,1,nan,nan,53,2.4352758949425195,0.2946286010098608,10.61076065085281,0.17197765811901197,0,nan,nan,nan,nan,0,nan,nan,nan,nan,m1680-spec-0020::L2_window_50,m1680-spec-0020,L2_window_50,T4,t4_staged_warmup_capability|capability_step_up,mapping_window_unspecified,all_72_specs;mapping_window_unspecified;task_family_T4,t4_staged_warmup_capability,t4_staged_warmup_capability,runs/m1674_controller_family_one_seed_public_pilot/configs/L2_window_50_seed167400.json,runs/m1674_controller_family_one_seed_public_pilot/profile_runs/L2_window_50/seed_167400/checkpoint.pt,50,169548,False,True,False,False,False,False,False,False,False,False,False,False,False
169549,checkpoint,66,True,False,0.5530062464275268,0.5530062464275268,1593.3102238358463,1.0988346371281699,1.1430600539634552,0.03135064511432262,1.1783935387106965,0.8547118208666575,0.992119464010231,1.7471215952936914,1.7471215952936914,,False,True,aeb_feasible,False,False,9.461146683155237,1.7096854560200971,7.75146122713514,14.367283229905997,0.21768610954403025,2.4427082161046925,5.128535778998415,0.4578140908968892,0.052991992138533166,0.0,7.917663893698553,0.003193936310708523,1,nan,nan,66,2.4427082161046925,0.4578140908968892,7.917663893698553,0.21768610954403025,0,nan,nan,nan,nan,0,nan,nan,nan,nan,m1680-spec-0020::L2_window_50_current_tiled,m1680-spec-0020,L2_window_50_current_tiled,T4,t4_staged_warmup_capability|capability_step_up,mapping_window_unspecified,all_72_specs;mapping_window_unspecified;task_family_T4,t4_staged_warmup_capability,t4_staged_warmup_capability,runs/m1674_controller_family_one_seed_public_pilot/configs/L2_window_50_current_tiled_seed167400.json,runs/m1674_controller_family_one_seed_public_pilot/profile_runs/L2_window_50_current_tiled/seed_167400/checkpoint.pt,50,169549,False,True,False,False,False,False,False,False,False,False,False,False,False
169550,checkpoint,110,True,False,0.6489330891097935,0.6489330891097935,1528.1275740443612,1.0538810855478353,1.1803529292206751,0.0027204405218030914,1.207493519615102,1.067359635541082,0.8616560233036282,1.0761306005400286,1.0761306005400286,,False,True,aeb_feasible,False,False,17.70277147498193,1.7847326066438067,15.918038868338122,63.83586834317204,0.5803260758470186,2.1616462053390024,5.08518806798104,0.335820184561666,0.04028309098263483,0.0,9.13329813575307,0.0011623643804341555,1,nan,nan,110,2.1616462053390024,0.335820184561666,9.13329813575307,0.5803260758470186,0,nan,nan,nan,nan,0,nan,nan,nan,nan,m1680-spec-0020::L3_online_gru,m1680-spec-0020,L3_online_gru,T4,t4_staged_warmup_capability|capability_step_up,mapping_window_unspecified,all_72_specs;mapping_window_unspecified;task_family_T4,t4_staged_warmup_capability,t4_staged_warmup_capability,runs/m1674_controller_family_one_seed_public_pilot/configs/L3_online_gru_seed167400.json,runs/m1674_controller_family_one_seed_public_pilot/profile_runs/L3_online_gru/seed_167400/checkpoint.pt,1,169550,False,True,False,False,False,False,False,False,False,False,False,False,False
169551,checkpoint,108,True,False,0.9009729635414283,0.9009729635414283,1499.6691615678983,1.0342545941847574,1.0188742467167138,-0.015316815726401867,0.8955352403240942,1.1657941210213685,1.0441380884349947,1.6553151526856251,1.6553151526856251,,False,True,aeb_feasible,False,False,21.845917082378502,1.9311452504113316,19.914771831967172,36.937899259567885,0.3420175857367397,2.183637947723111,5.085280471602658,0.6705040841959752,0.015192717320765388,0.0,8.317507415919513,0.0007223408319987357,1,nan,nan,108,2.183637947723111,0.6705040841959752,8.317507415919513,0.3420175857367397,0,nan,nan,nan,nan,0,nan,nan,nan,nan,m1680-spec-0020::L3_reset_control_corrected,m1680-spec-0020,L3_reset_control_corrected,T4,t4_staged_warmup_capability|capability_step_up,mapping_window_unspecified,all_72_specs;mapping_window_unspecified;task_family_T4,t4_staged_warmup_capability,t4_staged_warmup_capability,runs/m1674_controller_family_one_seed_public_pilot/configs/L3_reset_control_corrected_seed167400.json,runs/m1674_controller_family_one_seed_public_pilot/profile_runs/L3_reset_control_corrected/seed_167400/checkpoint.pt,1,169551,False,True,False,False,False,False,False,False,False,False,False,False,False
169552,checkpoint,88,True,False,0.5226570158342128,0.6224385044941008,1386.438603681404,0.9561645542630373,1.0321839229694816,0.11755650362215442,1.114361304606013,1.1738070958546372,1.1935548058983385,1.6779327828895703,1.6779327828895703,22,True,True,aeb_feasible,False,False,22.393251957543182,1.8331259800378752,20.560125977505308,36.40894537966281,0.41373801567798646,2.238663364647044,5.0343944670601495,0.34954886946670827,0.019780707087566723,0.0,8.458859289824266,0.0014779579360038042,1,nan,nan,88,2.238663364647044,0.34954886946670827,8.458859289824266,0.41373801567798646,0,nan,nan,nan,nan,0,nan,nan,nan,nan,m1680-spec-0021::L0_current_masked,m1680-spec-0021,L0_current_masked,T4,actuator_delay_step|capability_step_up,reveal_plus_4,all_72_specs;explicit_window_subset;task_family_T4,capability_step_up,t4_capability_step_temporal,runs/m1674_controller_family_one_seed_public_pilot/configs/L0_current_masked_seed167400.json,runs/m1674_controller_family_one_seed_public_pilot/profile_runs/L0_current_masked/seed_167400/checkpoint.pt,1,169552,False,True,False,False,False,False,False,False,False,False,False,False,False
169553,checkpoint,85,True,False,0.6202209953750477,0.43565290960801895,1525.099064513016,1.0517924582848386,1.1172030654181955,-0.05746973876587713,0.9863108178290414,0.9251571280511134,0.7705850820749771,1.5780446669292942,1.5780446669292945,25,True,True,aeb_feasible,True,False,1.38240421547772,1.490343038403849,-0.10793882292612889,13.13734133161973,0.15455695684258505,1.7295012240148555,3.7356167813683285,0.6413004414399363,0.01086091733895023,0.0,7.591146728764327,0.0014560671988874674,1,nan,nan,85,1.7295012240148555,0.6413004414399363,7.591146728764327,0.15455695684258505,0,nan,nan,nan,nan,0,nan,nan,nan,nan,m1680-spec-0021::L1_one_step,m1680-spec-0021,L1_one_step,T4,actuator_delay_step|capability_step_up,reveal_plus_4,all_72_specs;explicit_window_subset;task_family_T4,capability_step_up,t4_capability_step_temporal,runs/m1674_controller_family_one_seed_public_pilot/configs/L1_one_step_seed167400.json,runs/m1674_controller_family_one_seed_public_pilot/profile_runs/L1_one_step/seed_167400/checkpoint.pt,1,169553,False,True,False,False,False,False,False,False,False,False,False,False,False
169554,checkpoint,66,True,False,0.8151771548371557,1.0039191106142284,1386.1072171478052,0.9559360118260726,0.9488929686343803,-0.05840015304966917,0.5740433375945027,0.8009727224827675,0.5569641114970133,1.7180621981869573,1.718062198186957,27,True,True,aeb_feasible,False,False,8.099504032164916,1.5175638236964653,6.581940208468451,7.950719455006922,0.12046544628798367,2.2483784151625676,5.155507170674081,0.5437793833445013,0.08014873297696477,0.0,9.840881795689242,0.0027232328429818153,1,nan,nan,66,2.2483784151625676,0.5437793833445013,9.840881795689242,0.12046544628798367,0,nan,nan,nan,nan,0,nan,nan,nan,nan,m1680-spec-0021::L2_window_100,m1680-spec-0021,L2_window_100,T4,actuator_delay_step|capability_step_up,reveal_plus_4,all_72_specs;explicit_window_subset;task_family_T4,capability_step_up,t4_capability_step_temporal,runs/m1674_controller_family_one_seed_public_pilot/configs/L2_window_100_seed167400.json,runs/m1674_controller_family_one_seed_public_pilot/profile_runs/L2_window_100/seed_167400/checkpoint.pt,100,169554,False,True,False,False,False,False,False,False,False,False,False,False,False
169555,checkpoint,82,True,False,0.6802960934078472,0.6473663723190752,1322.9108602480605,0.9123523174124556,1.0821384911805043,0.05738845344052246,0.5132155367641339,0.8767838400906818,0.8352620881501721,1.530462970478798,1.5304629704787978,22,True,True,aeb_feasible,False,False,6.5115415622568005,1.7421635630830425,4.7693779991737575,29.476339021260433,0.35946754903976136,2.113178846807504,5.001739314000002,0.39881085666732596,0.06677283139281165,0.0,7.5806723314879525,0.002641400322318077,1,nan,nan,82,2.113178846807504,0.39881085666732596,7.5806723314879525,0.35946754903976136,0,nan,nan,nan,nan,0,nan,nan,nan,nan,m1680-spec-0021::L2_window_100_current_tiled,m1680-spec-0021,L2_window_100_current_tiled,T4,actuator_delay_step|capability_step_up,reveal_plus_4,all_72_specs;explicit_window_subset;task_family_T4,capability_step_up,t4_capability_step_temporal,runs/m1674_controller_family_one_seed_public_pilot/configs/L2_window_100_current_tiled_seed167400.json,runs/m1674_controller_family_one_seed_public_pilot/profile_runs/L2_window_100_current_tiled/seed_167400/checkpoint.pt,100,169555,False,True,False,False,False,False,False,False,False,False,False,False,False
169556,checkpoint,65,True,False,0.48914272203505205,0.6551756931517193,1640.6232123111556,1.131464284352521,0.9664222661667677,-0.01439375597358139,1.1703017648295695,1.085654489294405,0.9006056890898977,1.176117441572859,1.176117441572859,25,True,True,aeb_feasible,False,False,4.025056719768391,2.003807504278127,2.021249215490264,6.454423421575033,0.09929882187038512,2.213344664129447,5.0638168313797145,0.5793955588344447,0.04040138366428893,0.0,9.351724896996233,0.002663346938788891,1,nan,nan,65,2.213344664129447,0.5793955588344447,9.351724896996233,0.09929882187038512,0,nan,nan,nan,nan,0,nan,nan,nan,nan,m1680-spec-0021::L2_window_13,m1680-spec-0021,L2_window_13,T4,actuator_delay_step|capability_step_up,reveal_plus_4,all_72_specs;explicit_window_subset;task_family_T4,capability_step_up,t4_capability_step_temporal,runs/m1674_controller_family_one_seed_public_pilot/configs/L2_window_13_seed167400.json,runs/m1674_controller_family_one_seed_public_pilot/profile_runs/L2_window_13/seed_167400/checkpoint.pt,13,169556,False,True,False,False,False,False,False,False,False,False,False,False,False
169557,checkpoint,72,True,False,0.9172248130821157,0.3413170181893118,1637.5468433758442,1.1293426506040305,1.1082162385123169,0.08198142187525903,0.8154360323410808,0.5921763585915859,0.7115759117079838,1.4773282972512263,1.4773282972512263,23,True,True,aeb_feasible,False,False,25.600682847961046,1.7761021027822714,23.824580745178775,18.813930346747412,0.2613045881492696,2.3684021548233876,5.011276914020645,0.43555653157079316,0.05145513930159742,0.0,7.49008974222998,0.0029463223181664944,1,nan,nan,72,2.3684021548233876,0.43555653157079316,7.49008974222998,0.2613045881492696,0,nan,nan,nan,nan,0,nan,nan,nan,nan,m1680-spec-0021::L2_window_13_current_tiled,m1680-spec-0021,L2_window_13_current_tiled,T4,actuator_delay_step|capability_step_up,reveal_plus_4,all_72_specs;explicit_window_subset;task_family_T4,capability_step_up,t4_capability_step_temporal,runs/m1674_controller_family_one_seed_public_pilot/configs/L2_window_13_current_tiled_seed167400.json,runs/m1674_controller_family_one_seed_public_pilot/profile_runs/L2_window_13_current_tiled/seed_167400/checkpoint.pt,13,169557,False,True,False,False,False,False,False,False,False,False,False,False,False
169558,checkpoint,60,True,False,0.7003736768657214,0.8615547225246132,1597.7125146965825,1.1018706997907466,1.1578518801815605,-0.11868375778504703,0.892808793128149,0.968007518504784,0.9865450739744446,1.3093697536395161,1.3093697536395161,26,True,True,aeb_feasible,False,False,30.337984076326492,1.6980759047123872,28.639908171614106,0.5756236711357805,0.009593727852263008,2.4553969265018036,5.141701074236661,0.6347110916094156,0.07701011980325086,0.0,8.953172842543257,0.002999868942424655,1,nan,nan,60,2.4553969265018036,0.6347110916094156,8.953172842543257,0.009593727852263008,0,nan,nan,nan,nan,0,nan,nan,nan,nan,m1680-spec-0021::L2_window_25,m1680-spec-0021,L2_window_25,T4,actuator_delay_step|capability_step_up,reveal_plus_4,all_72_specs;explicit_window_subset;task_family_T4,capability_step_up,t4_capability_step_temporal,runs/m1674_controller_family_one_seed_public_pilot/configs/L2_window_25_seed167400.json,runs/m1674_controller_family_one_seed_public_pilot/profile_runs/L2_window_25/seed_167400/checkpoint.pt,25,169558,False,True,False,False,False,False,False,False,False,False,False,False,False
169559,checkpoint,82,True,False,0.5203453504289521,0.6595696759337564,1252.0367925979065,0.8634736500675217,1.0430315844008524,-0.05778255465699833,0.9539257254217068,1.172244730381422,0.7196202063018946,1.0131098574023834,1.0131098574023834,28,True,True,aeb_feasible,False,False,20.712093639576,1.4689468357263318,19.24314680384967,2.1492545276120176,0.026210421068439238,2.3147629608138303,5.003428377770682,0.5883547302610151,0.08665955567761699,0.0,6.960894303054359,0.0029621415305882692,1,nan,nan,82,2.3147629608138303,0.5883547302610151,6.960894303054359,0.026210421068439238,0,nan,nan,nan,nan,0,nan,nan,nan,nan,m1680-spec-0021::L2_window_25_current_tiled,m1680-spec-0021,L2_window_25_current_tiled,T4,actuator_delay_step|capability_step_up,reveal_plus_4,all_72_specs;explicit_window_subset;task_family_T4,capability_step_up,t4_capability_step_temporal,runs/m1674_controller_family_one_seed_public_pilot/configs/L2_window_25_current_tiled_seed167400.json,runs/m1674_controller_family_one_seed_public_pilot/profile_runs/L2_window_25_current_tiled/seed_167400/checkpoint.pt,25,169559,False,True,False,False,False,False,False,False,False,False,False,False,False
169560,checkpoint,82,True,False,0.5382427695383645,0.35623735522202254,1379.2792921994283,0.9512270980685712,0.9389166406683503,-0.057199177383988165,0.8406957150340932,0.5742080474748501,0.6156601255368123,1.8336575009310954,1.8336575009310956,27,True,True,aeb_feasible,False,False,27.783184492298876,2.0113741691600553,25.77181032313882,27.429028175727034,0.3345003436064272,2.2063665921853293,5.120252619746584,0.3729105717126756,0.06671607361843476,0.0,7.396343576567362,0.002568348776549101,1,nan,nan,82,2.2063665921853293,0.3729105717126756,7.396343576567362,0.3345003436064272,0,nan,nan,nan,nan,0,nan,nan,nan,nan,m1680-spec-0021::L2_window_50,m1680-spec-0021,L2_window_50,T4,actuator_delay_step|capability_step_up,reveal_plus_4,all_72_specs;explicit_window_subset;task_family_T4,capability_step_up,t4_capability_step_temporal,runs/m1674_controller_family_one_seed_public_pilot/configs/L2_window_50_seed167400.json,runs/m1674_controller_family_one_seed_public_pilot/profile_runs/L2_window_50/seed_167400/checkpoint.pt,50,169560,False,True,False,False,False,False,False,False,False,False,False,False,False
169561,checkpoint,69,True,False,0.5949939572859044,0.7939113003315366,1529.454256775446,1.05479603915548,0.9044998261015113,0.04630495547820024,0.7982135870177449,1.291981957836604,0.6750580364702996,1.8820893039993083,1.8820893039993083,23,True,True,aeb_feasible,False,False,24.78149391580285,1.9242919935898315,22.85720192221302,0.9371892515341185,0.013582452920784326,2.3109248976105876,5.10341912943106,0.5592228795115514,0.034132675154759644,0.0,8.593016255475451,0.0031207241117954254,1,nan,nan,69,2.3109248976105876,0.5592228795115514,8.593016255475451,0.013582452920784326,0,nan,nan,nan,nan,0,nan,nan,nan,nan,m1680-spec-0021::L2_window_50_current_tiled,m1680-spec-0021,L2_window_50_current_tiled,T4,actuator_delay_step|capability_step_up,reveal_plus_4,all_72_specs;explicit_window_subset;task_family_T4,capability_step_up,t4_capability_step_temporal,runs/m1674_controller_family_one_seed_public_pilot/configs/L2_window_50_current_tiled_seed167400.json,runs/m1674_controller_family_one_seed_public_pilot/profile_runs/L2_window_50_current_tiled/seed_167400/checkpoint.pt,50,169561,False,True,False,False,False,False,False,False,False,False,False,False,False
169562,checkpoint,117,True,False,0.741197924178163,0.5505335904791883,1448.3947278645076,0.9988929157686259,0.9668790237692353,0.1180675456551552,0.6050531241070223,1.2478646354645861,0.8967710656601826,1.6703619980902342,1.670361998090234,26,True,True,aeb_feasible,False,False,19.84834569995037,1.468450735468846,18.379894964481526,43.80864998687846,0.37443290587075606,2.2684077781346415,5.044371469844204,0.5555227333768544,0.022999329164815358,0.0,8.190451808786714,0.0010210287291556597,1,nan,nan,117,2.2684077781346415,0.5555227333768544,8.190451808786714,0.37443290587075606,0,nan,nan,nan,nan,0,nan,nan,nan,nan,m1680-spec-0021::L3_online_gru,m1680-spec-0021,L3_online_gru,T4,actuator_delay_step|capability_step_up,reveal_plus_4,all_72_specs;explicit_window_subset;task_family_T4,capability_step_up,t4_capability_step_temporal,runs/m1674_controller_family_one_seed_public_pilot/configs/L3_online_gru_seed167400.json,runs/m1674_controller_family_one_seed_public_pilot/profile_runs/L3_online_gru/seed_167400/checkpoint.pt,1,169562,False,True,False,False,False,False,False,False,False,False,False,False,False
169563,checkpoint,123,True,False,0.5520650935518077,0.6484667660728403,1660.2479913730076,1.1449986147400053,1.227029578592045,0.03349730342743329,1.3250771117503648,1.1938042247304397,1.1952346583387168,1.7184460503364982,1.7184460503364984,23,True,True,aeb_feasible,False,False,15.031128020435913,1.753177256933807,13.277950763502107,70.6215297968884,0.574158778836491,2.01338846060729,5.086207621044721,0.5997143804539473,0.06704449487019686,0.0,8.500561670318763,0.0006181373028084636,1,nan,nan,123,2.01338846060729,0.5997143804539473,8.500561670318763,0.574158778836491,0,nan,nan,nan,nan,0,nan,nan,nan,nan,m1680-spec-0021::L3_reset_control_corrected,m1680-spec-0021,L3_reset_control_corrected,T4,actuator_delay_step|capability_step_up,reveal_plus_4,all_72_specs;explicit_window_subset;task_family_T4,capability_step_up,t4_capability_step_temporal,runs/m1674_controller_family_one_seed_public_pilot/configs/L3_reset_control_corrected_seed167400.json,runs/m1674_controller_family_one_seed_public_pilot/profile_runs/L3_reset_control_corrected/seed_167400/checkpoint.pt,1,169563,False,True,False,False,False,False,False,False,False,False,False,False,False
169564,checkpoint,101,True,False,0.615330646450137,0.615330646450137,1530.899006795048,1.0557924184793435,1.0085692750739805,-0.004665795462202471,0.7791529646800343,0.834584510932395,0.8111390335909944,1.980207535841689,1.9802075358416893,,False,True,aeb_feasible,False,False,20.866714151523123,1.8595066390349229,19.0072075124882,40.29570772058778,0.3989674031741364,2.149944450363602,5.051795212282478,0.38150607811365794,0.0261994627924991,0.0,8.084002436008026,0.0014204797334969044,1,nan,nan,101,2.149944450363602,0.38150607811365794,8.084002436008026,0.3989674031741364,0,nan,nan,nan,nan,0,nan,nan,nan,nan,m1680-spec-0022::L0_current_masked,m1680-spec-0022,L0_current_masked,T4,actuator_delay_step|t4_capability_step_temporal,mapping_window_unspecified,all_72_specs;mapping_window_unspecified;task_family_T4,actuator_delay_step,t4_actuator_delay_response,runs/m1674_controller_family_one_seed_public_pilot/configs/L0_current_masked_seed167400.json,runs/m1674_controller_family_one_seed_public_pilot/profile_runs/L0_current_masked/seed_167400/checkpoint.pt,1,169564,False,True,False,False,False,False,False,False,False,False,False,False,False
169565,checkpoint,92,True,False,0.5274297192240169,0.5274297192240169,1413.987241426051,0.9751636147765869,0.8973806206383108,0.04200035987011641,1.0804132465523384,1.1683647193186992,1.1250150423293674,1.060898749775688,1.060898749775688,,False,True,aeb_feasible,False,False,17.95102282562227,1.6907109465537482,16.260311879068524,27.58614346216176,0.29984938545828,2.3033291895870134,5.001075889729737,0.46122078890065377,0.05892443738883542,0.0,7.864559318466569,0.001593434251844883,1,nan,nan,92,2.3033291895870134,0.46122078890065377,7.864559318466569,0.29984938545828,0,nan,nan,nan,nan,0,nan,nan,nan,nan,m1680-spec-0022::L1_one_step,m1680-spec-0022,L1_one_step,T4,actuator_delay_step|t4_capability_step_temporal,mapping_window_unspecified,all_72_specs;mapping_window_unspecified;task_family_T4,actuator_delay_step,t4_actuator_delay_response,runs/m1674_controller_family_one_seed_public_pilot/configs/L1_one_step_seed167400.json,runs/m1674_controller_family_one_seed_public_pilot/profile_runs/L1_one_step/seed_167400/checkpoint.pt,1,169565,False,True,False,False,False,False,False,False,False,False,False,False,False
169566,checkpoint,67,True,False,0.5914923090255348,0.5914923090255348,1270.2712507626024,0.8760491384569672,1.190577217365189,0.10046623508147445,1.0142047677610526,0.8763285733708417,1.0306186692653654,1.160456231284663,1.160456231284663,,False,True,aeb_feasible,False,False,22.061661650158463,1.5925222001378536,20.46913945002061,25.622601937859812,0.3824268945949226,2.1796708060432772,5.073624101005382,0.4355312035948506,0.09488082244659515,0.0,9.364878930592548,0.0030900908168405294,1,nan,nan,67,2.1796708060432772,0.4355312035948506,9.364878930592548,0.3824268945949226,0,nan,nan,nan,nan,0,nan,nan,nan,nan,m1680-spec-0022::L2_window_100,m1680-spec-0022,L2_window_100,T4,actuator_delay_step|t4_capability_step_temporal,mapping_window_unspecified,all_72_specs;mapping_window_unspecified;task_family_T4,actuator_delay_step,t4_actuator_delay_response,runs/m1674_controller_family_one_seed_public_pilot/configs/L2_window_100_seed167400.json,runs/m1674_controller_family_one_seed_public_pilot/profile_runs/L2_window_100/seed_167400/checkpoint.pt,100,169566,False,True,False,False,False,False,False,False,False,False,False,False,False
169567,checkpoint,66,True,False,0.628591182468567,0.628591182468567,1636.7782471415924,1.128812584235581,0.8835322951344285,-0.09821429794233727,1.060412193148407,1.0244433330650025,1.065633595171057,2.108508296789241,2.108508296789241,,False,True,aeb_feasible,False,False,28.016146473535645,1.551731349000846,26.4644151245348,11.559800021147012,0.1751484851688941,2.30590437351439,5.03022775785265,0.5244518947555528,0.08673767229599502,0.0,8.087676200498349,0.003154700854793191,1,nan,nan,66,2.30590437351439,0.5244518947555528,8.087676200498349,0.1751484851688941,0,nan,nan,nan,nan,0,nan,nan,nan,nan,m1680-spec-0022::L2_window_100_current_tiled,m1680-spec-0022,L2_window_100_current_tiled,T4,actuator_delay_step|t4_capability_step_temporal,mapping_window_unspecified,all_72_specs;mapping_window_unspecified;task_family_T4,actuator_delay_step,t4_actuator_delay_response,runs/m1674_controller_family_one_seed_public_pilot/configs/L2_window_100_current_tiled_seed167400.json,runs/m1674_controller_family_one_seed_public_pilot/profile_runs/L2_window_100_current_tiled/seed_167400/checkpoint.pt,100,169567,False,True,False,False,False,False,False,False,False,False,False,False,False
169568,checkpoint,60,True,False,0.7475338494848007,0.7475338494848007,1584.442028764857,1.0927186405274876,1.075061560426763,-0.006075934484405465,1.1790728105862256,0.904833350301792,0.9945059568234967,2.764505395684474,2.764505395684474,,False,True,aeb_feasible,False,False,10.84231501172197,1.849066173947263,8.993248837774708,19.91962082466485,0.33199368041108085,2.2676573061308902,5.0433529618797905,0.2966570252893722,0.03974950975214827,0.0,9.61674879543351,0.0028656215872615576,1,nan,nan,60,2.2676573061308902,0.2966570252893722,9.61674879543351,0.33199368041108085,0,nan,nan,nan,nan,0,nan,nan,nan,nan,m1680-spec-0022::L2_window_13,m1680-spec-0022,L2_window_13,T4,actuator_delay_step|t4_capability_step_temporal,mapping_window_unspecified,all_72_specs;mapping_window_unspecified;task_family_T4,actuator_delay_step,t4_actuator_delay_response,runs/m1674_controller_family_one_seed_public_pilot/configs/L2_window_13_seed167400.json,runs/m1674_controller_family_one_seed_public_pilot/profile_runs/L2_window_13/seed_167400/checkpoint.pt,13,169568,False,True,False,False,False,False,False,False,False,False,False,False,False
169569,checkpoint,64,True,False,0.9015265152379168,0.9015265152379168,1665.8047952954457,1.148830893307204,0.97070196880313,-0.0450731223587828,0.8753546915476329,1.0799883058612452,0.9240148022385569,1.7258753233447721,1.7258753233447721,,False,True,aeb_feasible,False,False,12.711394136238752,1.9013403695250921,10.81005376671366,8.303409790082542,0.12974077797003972,2.3009797237103715,5.00128766574576,0.557616345130326,0.0406770769858972,0.0,8.779471686835924,0.0032322295010089874,1,nan,nan,64,2.3009797237103715,0.557616345130326,8.779471686835924,0.12974077797003972,0,nan,nan,nan,nan,0,nan,nan,nan,nan,m1680-spec-0022::L2_window_13_current_tiled,m1680-spec-0022,L2_window_13_current_tiled,T4,actuator_delay_step|t4_capability_step_temporal,mapping_window_unspecified,all_72_specs;mapping_window_unspecified;task_family_T4,actuator_delay_step,t4_actuator_delay_response,runs/m1674_controller_family_one_seed_public_pilot/configs/L2_window_13_current_tiled_seed167400.json,runs/m1674_controller_family_one_seed_public_pilot/profile_runs/L2_window_13_current_tiled/seed_167400/checkpoint.pt,13,169569,False,True,False,False,False,False,False,False,False,False,False,False,False
169570,checkpoint,66,True,False,0.8741213649395827,0.8741213649395827,1538.6918705661724,1.0611668072870155,1.2090631977550887,0.055201381761981416,0.9648522946577099,0.9036619384895631,1.0002931510500417,2.2695782583127735,2.2695782583127735,,False,True,aeb_feasible,False,False,3.601689042023853,1.5228264295495086,2.0788626124743446,15.368156557028591,0.23285085692467564,2.3081756806298466,5.119610190109796,0.47594016965878055,0.039571827540511154,0.0,8.80983254339588,0.0026768920943140984,1,nan,nan,66,2.3081756806298466,0.47594016965878055,8.80983254339588,0.23285085692467564,0,nan,nan,nan,nan,0,nan,nan,nan,nan,m1680-spec-0022::L2_window_25,m1680-spec-0022,L2_window_25,T4,actuator_delay_step|t4_capability_step_temporal,mapping_window_unspecified,all_72_specs;mapping_window_unspecified;task_family_T4,actuator_delay_step,t4_actuator_delay_response,runs/m1674_controller_family_one_seed_public_pilot/configs/L2_window_25_seed167400.json,runs/m1674_controller_family_one_seed_public_pilot/profile_runs/L2_window_25/seed_167400/checkpoint.pt,25,169570,False,True,False,False,False,False,False,False,False,False,False,False,False
169571,checkpoint,69,True,False,0.4596003101054074,0.4596003101054074,1253.465992980477,0.8644593055037773,1.0250472248854479,-0.060298845703993464,0.8313099956460706,0.9408530197355479,0.969122526553279,2.6891681008995705,2.6891681008995705,,False,True,aeb_feasible,False,False,4.678777486320747,1.5946515754272035,3.084125910893544,20.813586878473647,0.3016461866445456,2.325428069448407,5.14709471132166,0.4316212796080851,0.051945132614300005,0.0,8.57531831353213,0.002826311392709613,1,nan,nan,69,2.325428069448407,0.4316212796080851,8.57531831353213,0.3016461866445456,0,nan,nan,nan,nan,0,nan,nan,nan,nan,m1680-spec-0022::L2_window_25_current_tiled,m1680-spec-0022,L2_window_25_current_tiled,T4,actuator_delay_step|t4_capability_step_temporal,mapping_window_unspecified,all_72_specs;mapping_window_unspecified;task_family_T4,actuator_delay_step,t4_actuator_delay_response,runs/m1674_controller_family_one_seed_public_pilot/configs/L2_window_25_current_tiled_seed167400.json,runs/m1674_controller_family_one_seed_public_pilot/profile_runs/L2_window_25_current_tiled/seed_167400/checkpoint.pt,25,169571,False,True,False,False,False,False,False,False,False,False,False,False,False
169572,checkpoint,71,True,False,0.9145302121539034,0.9145302121539034,1291.5254180031766,0.890707184829777,1.0300733823289707,-0.05764255081321057,1.141417036429768,1.112204487661992,0.948710147234595,3.603955364715113,3.6039553647151124,,False,True,aeb_feasible,False,False,29.92053138169572,1.9958206380295418,27.92471074366618,8.275636123192573,0.11655825525623342,2.345812451287856,5.014703978822567,0.5273741175832289,0.06011018852665725,0.0,7.498019888781598,0.0025899794418364763,1,nan,nan,71,2.345812451287856,0.5273741175832289,7.498019888781598,0.11655825525623342,0,nan,nan,nan,nan,0,nan,nan,nan,nan,m1680-spec-0022::L2_window_50,m1680-spec-0022,L2_window_50,T4,actuator_delay_step|t4_capability_step_temporal,mapping_window_unspecified,all_72_specs;mapping_window_unspecified;task_family_T4,actuator_delay_step,t4_actuator_delay_response,runs/m1674_controller_family_one_seed_public_pilot/configs/L2_window_50_seed167400.json,runs/m1674_controller_family_one_seed_public_pilot/profile_runs/L2_window_50/seed_167400/checkpoint.pt,50,169572,False,True,False,False,False,False,False,False,False,False,False,False,False
169573,checkpoint,65,True,False,0.6315130674500115,0.6315130674500115,1479.954077438793,1.020657984440547,0.9644798410704846,-0.005358419202899256,0.8336462639171857,0.8664938272703229,0.9198247228806932,1.6898883102679858,1.6898883102679858,,False,True,aeb_feasible,False,False,25.18294730991359,1.987343834331325,23.195603475582267,8.035649709602097,0.12362538014772458,2.283471680224011,5.120986683796136,0.6130580663001346,0.037354120174112354,0.0,8.9402235612341,0.0034326373133808374,1,nan,nan,65,2.283471680224011,0.6130580663001346,8.9402235612341,0.12362538014772458,0,nan,nan,nan,nan,0,nan,nan,nan,nan,m1680-spec-0022::L2_window_50_current_tiled,m1680-spec-0022,L2_window_50_current_tiled,T4,actuator_delay_step|t4_capability_step_temporal,mapping_window_unspecified,all_72_specs;mapping_window_unspecified;task_family_T4,actuator_delay_step,t4_actuator_delay_response,runs/m1674_controller_family_one_seed_public_pilot/configs/L2_window_50_current_tiled_seed167400.json,runs/m1674_controller_family_one_seed_public_pilot/profile_runs/L2_window_50_current_tiled/seed_167400/checkpoint.pt,50,169573,False,True,False,False,False,False,False,False,False,False,False,False,False
169574,checkpoint,89,True,False,0.5564607751066746,0.5564607751066746,1549.3188468298604,1.0684957564343864,0.9305621463723504,0.08958585033924771,0.7633683025025091,1.1171859009621616,0.9468754994781452,0.8926714202077182,0.8926714202077182,,False,True,aeb_feasible,False,False,25.830354301335177,1.8632665512975606,23.967087750037617,32.96156914726946,0.37035470951988153,2.401872104542041,5.001288690471643,0.4993987057746617,0.04877772969230982,0.0,8.756677826642298,0.0012076155981048942,1,nan,nan,89,2.401872104542041,0.4993987057746617,8.756677826642298,0.37035470951988153,0,nan,nan,nan,nan,0,nan,nan,nan,nan,m1680-spec-0022::L3_online_gru,m1680-spec-0022,L3_online_gru,T4,actuator_delay_step|t4_capability_step_temporal,mapping_window_unspecified,all_72_specs;mapping_window_unspecified;task_family_T4,actuator_delay_step,t4_actuator_delay_response,runs/m1674_controller_family_one_seed_public_pilot/configs/L3_online_gru_seed167400.json,runs/m1674_controller_family_one_seed_public_pilot/profile_runs/L3_online_gru/seed_167400/checkpoint.pt,1,169574,False,True,False,False,False,False,False,False,False,False,False,False,False
169575,checkpoint,89,True,False,0.4624922569033871,0.4624922569033871,1660.2216814962696,1.1449804699974273,1.2080517013827092,0.006564127846273582,1.040416179232769,0.9676306956578646,0.9191099326204102,1.406814402837423,1.406814402837423,,False,True,aeb_feasible,False,False,19.392247485837064,1.555679156954518,17.836568328882546,19.24694676732159,0.21625782884630998,2.5591887657798136,5.054158270287374,0.6249703608732351,0.01912697969089607,0.0,8.879271179538074,0.0007716093095950782,1,nan,nan,89,2.5591887657798136,0.6249703608732351,8.879271179538074,0.21625782884630998,0,nan,nan,nan,nan,0,nan,nan,nan,nan,m1680-spec-0022::L3_reset_control_corrected,m1680-spec-0022,L3_reset_control_corrected,T4,actuator_delay_step|t4_capability_step_temporal,mapping_window_unspecified,all_72_specs;mapping_window_unspecified;task_family_T4,actuator_delay_step,t4_actuator_delay_response,runs/m1674_controller_family_one_seed_public_pilot/configs/L3_reset_control_corrected_seed167400.json,runs/m1674_controller_family_one_seed_public_pilot/profile_runs/L3_reset_control_corrected/seed_167400/checkpoint.pt,1,169575,False,True,False,False,False,False,False,False,False,False,False,False,False
169576,checkpoint,69,True,False,0.6070186375834552,0.8265421486282534,1636.7900533797738,1.1288207264688095,0.9828072844471324,0.10284075694029804,0.8158557004736511,0.6279465386076803,0.9111655864811561,1.8361212981035098,1.8361212981035098,35,True,True,aeb_feasible,False,False,9.317052901732312,1.4857437105341422,7.83130919119817,12.939974016554732,0.18753585531238742,2.3178118338385323,5.000018948507403,0.6711498410041206,0.03202857547423644,0.0,10.337010852780242,0.001892867381684482,1,nan,nan,69,2.3178118338385323,0.6711498410041206,10.337010852780242,0.18753585531238742,0,nan,nan,nan,nan,0,nan,nan,nan,nan,m1680-spec-0023::L0_current_masked,m1680-spec-0023,L0_current_masked,T4,capability_step_down|t4_actuator_delay_response,mapping_window_unspecified,all_72_specs;mapping_window_unspecified;task_family_T4,capability_step_down,t4_capability_step_temporal,runs/m1674_controller_family_one_seed_public_pilot/configs/L0_current_masked_seed167400.json,runs/m1674_controller_family_one_seed_public_pilot/profile_runs/L0_current_masked/seed_167400/checkpoint.pt,1,169576,False,True,False,False,False,False,False,False,False,False,False,False,False
169577,checkpoint,89,True,False,0.48318714971691656,0.5757685428337854,1518.6725730818466,1.0473603952288597,0.907052920712115,-0.05860785645260247,1.429982565380428,0.6940041002962489,0.720049645603934,1.572998740353038,1.5729987403530379,30,True,True,aeb_feasible,False,False,11.800619248129722,1.7220554017443095,10.078563846385412,33.49609255565522,0.37636059051298,2.3348174127625048,5.034705463181016,0.34330195001184965,0.016567406170739735,0.0,8.335427591259279,0.0015612109564244747,1,nan,nan,89,2.3348174127625048,0.34330195001184965,8.335427591259279,0.37636059051298,0,nan,nan,nan,nan,0,nan,nan,nan,nan,m1680-spec-0023::L1_one_step,m1680-spec-0023,L1_one_step,T4,capability_step_down|t4_actuator_delay_response,mapping_window_unspecified,all_72_specs;mapping_window_unspecified;task_family_T4,capability_step_down,t4_capability_step_temporal,runs/m1674_controller_family_one_seed_public_pilot/configs/L1_one_step_seed167400.json,runs/m1674_controller_family_one_seed_public_pilot/profile_runs/L1_one_step/seed_167400/checkpoint.pt,1,169577,False,True,False,False,False,False,False,False,False,False,False,False,False
169578,checkpoint,71,True,False,0.4717522508649332,0.39380465766994377,1706.8499797090512,1.177137917040725,0.9867243963502146,-0.10652435289308348,0.7704381089576122,0.9762333661334308,1.2171390324973137,1.4322150479521154,1.4322150479521154,33,True,True,aeb_feasible,False,False,17.79304750002703,1.8961501338459978,15.896897366181031,30.2716046885309,0.42636062941592817,2.288516552304513,5.089681165878613,0.29061683827439233,0.059213953348259456,0.0,7.908222253673234,0.002479171846061945,1,nan,nan,71,2.288516552304513,0.29061683827439233,7.908222253673234,0.42636062941592817,0,nan,nan,nan,nan,0,nan,nan,nan,nan,m1680-spec-0023::L2_window_100,m1680-spec-0023,L2_window_100,T4,capability_step_down|t4_actuator_delay_response,mapping_window_unspecified,all_72_specs;mapping_window_unspecified;task_family_T4,capability_step_down,t4_capability_step_temporal,runs/m1674_controller_family_one_seed_public_pilot/configs/L2_window_100_seed167400.json,runs/m1674_controller_family_one_seed_public_pilot/profile_runs/L2_window_100/seed_167400/checkpoint.pt,100,169578,False,True,False,False,False,False,False,False,False,False,False,False,False
169579,checkpoint,59,True,False,1.0305097202018174,1.0620664945740637,1631.7614359941267,1.125352714478708,1.0997685027783508,-0.050604369992907294,1.285482145542404,1.175825606442577,0.8959769892763332,1.584651083964113,1.5846510839641132,31,True,True,aeb_feasible,False,False,5.593329605342362,1.5282429748751656,4.065086630467196,2.7328974530609553,0.04632029581459246,2.371495452641299,5.077618371999204,0.587516843140949,0.04546395310914789,0.0,9.52050781260897,0.003222390543669462,1,nan,nan,59,2.371495452641299,0.587516843140949,9.52050781260897,0.04632029581459246,0,nan,nan,nan,nan,0,nan,nan,nan,nan,m1680-spec-0023::L2_window_100_current_tiled,m1680-spec-0023,L2_window_100_current_tiled,T4,capability_step_down|t4_actuator_delay_response,mapping_window_unspecified,all_72_specs;mapping_window_unspecified;task_family_T4,capability_step_down,t4_capability_step_temporal,runs/m1674_controller_family_one_seed_public_pilot/configs/L2_window_100_current_tiled_seed167400.json,runs/m1674_controller_family_one_seed_public_pilot/profile_runs/L2_window_100_current_tiled/seed_167400/checkpoint.pt,100,169579,False,True,False,False,False,False,False,False,False,False,False,False,False
169580,checkpoint,79,True,False,1.0061435568701675,0.39170097244490665,1510.7094109411341,1.0418685592697476,1.2056450407108283,0.027377958692846427,1.1118226500069295,0.7847739464961043,0.7568392571785768,1.891237560938519,1.891237560938519,31,True,True,aeb_feasible,False,False,25.849079572260134,1.877789732832458,23.971289839427676,23.208861164862558,0.2937830527197792,2.1932149905616627,5.007723549047142,0.46440065760130467,0.1086116470238655,0.0,7.720838417930961,0.0025584998074918985,1,nan,nan,79,2.1932149905616627,0.46440065760130467,7.720838417930961,0.2937830527197792,0,nan,nan,nan,nan,0,nan,nan,nan,nan,m1680-spec-0023::L2_window_13,m1680-spec-0023,L2_window_13,T4,capability_step_down|t4_actuator_delay_response,mapping_window_unspecified,all_72_specs;mapping_window_unspecified;task_family_T4,capability_step_down,t4_capability_step_temporal,runs/m1674_controller_family_one_seed_public_pilot/configs/L2_window_13_seed167400.json,runs/m1674_controller_family_one_seed_public_pilot/profile_runs/L2_window_13/seed_167400/checkpoint.pt,13,169580,False,True,False,False,False,False,False,False,False,False,False,False,False
169581,checkpoint,57,True,False,0.7719608419184952,0.9426913834259443,1603.1759414336943,1.1056385802990996,0.9933296893581598,-0.021816215272730366,1.3435415298458904,1.1698181047786147,0.6356513683669229,1.40809800622583,1.40809800622583,36,True,True,aeb_feasible,False,False,31.531180465167463,1.7526021810271724,29.77857828414029,4.400067496256009,0.0771941666009826,2.5804971365121947,5.010054541676876,0.3677848806879465,0.04935925311152596,0.0,8.620094190778408,0.003481582971289754,1,nan,nan,57,2.5804971365121947,0.3677848806879465,8.620094190778408,0.0771941666009826,0,nan,nan,nan,nan,0,nan,nan,nan,nan,m1680-spec-0023::L2_window_13_current_tiled,m1680-spec-0023,L2_window_13_current_tiled,T4,capability_step_down|t4_actuator_delay_response,mapping_window_unspecified,all_72_specs;mapping_window_unspecified;task_family_T4,capability_step_down,t4_capability_step_temporal,runs/m1674_controller_family_one_seed_public_pilot/configs/L2_window_13_current_tiled_seed167400.json,runs/m1674_controller_family_one_seed_public_pilot/profile_runs/L2_window_13_current_tiled/seed_167400/checkpoint.pt,13,169581,False,True,False,False,False,False,False,False,False,False,False,False,False
169582,checkpoint,76,True,False,0.45203334624515207,0.34065335906347394,1475.6964569115191,1.0177216944217373,1.0494777440736152,-0.08629827631040166,0.6929318728301781,1.226012100692997,1.1682138793062906,1.129955341213263,1.129955341213263,35,True,True,aeb_feasible,False,False,25.67461041858429,1.99108818829741,23.68352223028688,16.631714719722247,0.21883835157529272,2.3474723324684907,5.121548806202277,0.4984153459551655,0.04455122397327862,0.0,7.366100167890697,0.0024056865368038416,1,nan,nan,76,2.3474723324684907,0.4984153459551655,7.366100167890697,0.21883835157529272,0,nan,nan,nan,nan,0,nan,nan,nan,nan,m1680-spec-0023::L2_window_25,m1680-spec-0023,L2_window_25,T4,capability_step_down|t4_actuator_delay_response,mapping_window_unspecified,all_72_specs;mapping_window_unspecified;task_family_T4,capability_step_down,t4_capability_step_temporal,runs/m1674_controller_family_one_seed_public_pilot/configs/L2_window_25_seed167400.json,runs/m1674_controller_family_one_seed_public_pilot/profile_runs/L2_window_25/seed_167400/checkpoint.pt,25,169582,False,True,False,False,False,False,False,False,False,False,False,False,False
169583,checkpoint,66,True,False,1.034899202105115,0.7005184581448559,1579.752161069706,1.0894842490135903,1.1771809773226665,0.09575673697592801,1.373489691069592,0.8479392735441394,0.7185149666189942,1.209721518722152,1.209721518722152,33,True,True,aeb_feasible,False,False,4.6458319207049374,1.7645821635886159,2.8812497571163216,3.855803111534338,0.058421259265671786,2.359417425412531,5.087932980797952,0.6129497252492305,0.04556332406549861,0.0,8.597681075616334,0.0031026769429445267,1,nan,nan,66,2.359417425412531,0.6129497252492305,8.597681075616334,0.058421259265671786,0,nan,nan,nan,nan,0,nan,nan,nan,nan,m1680-spec-0023::L2_window_25_current_tiled,m1680-spec-0023,L2_window_25_current_tiled,T4,capability_step_down|t4_actuator_delay_response,mapping_window_unspecified,all_72_specs;mapping_window_unspecified;task_family_T4,capability_step_down,t4_capability_step_temporal,runs/m1674_controller_family_one_seed_public_pilot/configs/L2_window_25_current_tiled_seed167400.json,runs/m1674_controller_family_one_seed_public_pilot/profile_runs/L2_window_25_current_tiled/seed_167400/checkpoint.pt,25,169583,False,True,False,False,False,False,False,False,False,False,False,False,False
169584,checkpoint,57,True,False,1.040941125841667,1.0884556504096756,1592.972847792413,1.0986019639947675,0.902325448214711,-0.005863799735452702,0.8003302819288441,1.2558732085936821,0.7077656046713892,1.214239722599532,1.214239722599532,32,True,True,aeb_feasible,False,False,29.856641348343704,1.9123818824613523,27.94425946588235,1.2035127610209004,0.021114258965278954,2.4317824422502934,5.076884070058753,0.5501713295591154,0.03462981756538409,0.0,9.871281755871458,0.0031413014512509108,1,nan,nan,57,2.4317824422502934,0.5501713295591154,9.871281755871458,0.021114258965278954,0,nan,nan,nan,nan,0,nan,nan,nan,nan,m1680-spec-0023::L2_window_50,m1680-spec-0023,L2_window_50,T4,capability_step_down|t4_actuator_delay_response,mapping_window_unspecified,all_72_specs;mapping_window_unspecified;task_family_T4,capability_step_down,t4_capability_step_temporal,runs/m1674_controller_family_one_seed_public_pilot/configs/L2_window_50_seed167400.json,runs/m1674_controller_family_one_seed_public_pilot/profile_runs/L2_window_50/seed_167400/checkpoint.pt,50,169584,False,True,False,False,False,False,False,False,False,False,False,False,False
169585,checkpoint,80,True,False,0.2847347114656483,0.57021928436358,1721.5942310945472,1.1873063662721015,0.9885391362336515,-0.011982239436306052,0.8431195682525552,1.2626749839508769,0.5568421501310077,1.5322009295160819,1.5322009295160819,30,True,True,aeb_feasible,False,False,16.00892297864721,1.6897351268854393,14.31918785176177,-10.601823659478043,-0.13252279574347553,2.5336922928752457,5.0204468827535855,0.6420661164098155,0.09441576601084566,0.0,6.662383406645326,0.002695021452382207,1,nan,nan,80,2.5336922928752457,0.6420661164098155,6.662383406645326,-0.13252279574347553,0,nan,nan,nan,nan,0,nan,nan,nan,nan,m1680-spec-0023::L2_window_50_current_tiled,m1680-spec-0023,L2_window_50_current_tiled,T4,capability_step_down|t4_actuator_delay_response,mapping_window_unspecified,all_72_specs;mapping_window_unspecified;task_family_T4,capability_step_down,t4_capability_step_temporal,runs/m1674_controller_family_one_seed_public_pilot/configs/L2_window_50_current_tiled_seed167400.json,runs/m1674_controller_family_one_seed_public_pilot/profile_runs/L2_window_50_current_tiled/seed_167400/checkpoint.pt,50,169585,False,True,False,False,False,False,False,False,False,False,False,False,False
169586,checkpoint,91,True,False,1.0191489734784085,0.5132747797282493,1377.1483523911813,0.9497574844077112,0.901953203774509,0.02301566177699721,0.7555877771836859,0.9813245605972563,1.2334457658439584,1.372781349339216,1.372781349339216,35,True,True,aeb_feasible,False,False,5.3593177656902,1.5008080092366536,3.8585097564535467,58.316020552115035,0.6408353906825828,2.1449365546592243,5.050088134841609,0.4800297546232394,0.07529901581475812,0.0,9.229936208822503,0.001100432826206088,1,nan,nan,91,2.1449365546592243,0.4800297546232394,9.229936208822503,0.6408353906825828,0,nan,nan,nan,nan,0,nan,nan,nan,nan,m1680-spec-0023::L3_online_gru,m1680-spec-0023,L3_online_gru,T4,capability_step_down|t4_actuator_delay_response,mapping_window_unspecified,all_72_specs;mapping_window_unspecified;task_family_T4,capability_step_down,t4_capability_step_temporal,runs/m1674_controller_family_one_seed_public_pilot/configs/L3_online_gru_seed167400.json,runs/m1674_controller_family_one_seed_public_pilot/profile_runs/L3_online_gru/seed_167400/checkpoint.pt,1,169586,False,True,False,False,False,False,False,False,False,False,False,False,False
169587,checkpoint,95,True,False,0.7067203555587929,0.6517619293091805,1305.828218238187,0.9005711849918531,0.9059887541207846,-0.05135228010022019,1.0226056504807262,0.6020054337412064,0.790277565224591,0.939477005404045,0.9394770054040449,35,True,True,aeb_feasible,False,False,14.32071103593636,2.096677764378169,12.224033271558191,36.48781839436128,0.38408229888801343,2.290626528376154,5.068789095160636,0.6612783975145432,0.0176358245418426,0.0,9.207498344299337,0.0007389414240606129,1,nan,nan,95,2.290626528376154,0.6612783975145432,9.207498344299337,0.38408229888801343,0,nan,nan,nan,nan,0,nan,nan,nan,nan,m1680-spec-0023::L3_reset_control_corrected,m1680-spec-0023,L3_reset_control_corrected,T4,capability_step_down|t4_actuator_delay_response,mapping_window_unspecified,all_72_specs;mapping_window_unspecified;task_family_T4,capability_step_down,t4_capability_step_temporal,runs/m1674_controller_family_one_seed_public_pilot/configs/L3_reset_control_corrected_seed167400.json,runs/m1674_controller_family_one_seed_public_pilot/profile_runs/L3_reset_control_corrected/seed_167400/checkpoint.pt,1,169587,False,True,False,False,False,False,False,False,False,False,False,False,False
169588,checkpoint,102,True,False,0.9862047689282312,0.9862047689282312,1566.489062727842,1.080337284639891,1.0396539552864832,-0.0010367406041227323,1.1345908104014644,1.157991618556117,1.1949123768850476,1.2151954543854977,1.2151954543854977,,False,True,aeb_feasible,False,False,9.822639115365861,2.061843188131571,7.760795927234291,39.79069326189071,0.3901048359008893,2.182894701896633,5.0028651166970945,0.4557360631115337,0.04467616621295988,0.0,7.586206835703265,0.001310475287027657,1,nan,nan,102,2.182894701896633,0.4557360631115337,7.586206835703265,0.3901048359008893,0,nan,nan,nan,nan,0,nan,nan,nan,nan,m1680-spec-0024::L0_current_masked,m1680-spec-0024,L0_current_masked,T4,t4_actuator_delay_response|actuator_delay_step,mapping_window_unspecified,all_72_specs;mapping_window_unspecified;task_family_T4,t4_actuator_delay_response,t4_actuator_delay_response,runs/m1674_controller_family_one_seed_public_pilot/configs/L0_current_masked_seed167400.json,runs/m1674_controller_family_one_seed_public_pilot/profile_runs/L0_current_masked/seed_167400/checkpoint.pt,1,169588,False,True,False,False,False,False,False,False,False,False,False,False,False
169589,checkpoint,88,True,False,0.4769995982679501,0.4769995982679501,1262.4722995701025,0.8706705514276568,0.8969200067567182,-0.05728655800626048,0.769517761609344,0.8234874562442689,1.192784309761902,0.8563135502798228,0.8563135502798228,,False,True,aeb_feasible,False,False,22.590678691355162,1.7867354711676797,20.80394322018748,50.10498912468066,0.5693748764168256,2.166236414864517,5.130990922034339,0.37065396931862166,0.07510539767778933,0.0,8.627890122419622,0.001779793994501233,1,nan,nan,88,2.166236414864517,0.37065396931862166,8.627890122419622,0.5693748764168256,0,nan,nan,nan,nan,0,nan,nan,nan,nan,m1680-spec-0024::L1_one_step,m1680-spec-0024,L1_one_step,T4,t4_actuator_delay_response|actuator_delay_step,mapping_window_unspecified,all_72_specs;mapping_window_unspecified;task_family_T4,t4_actuator_delay_response,t4_actuator_delay_response,runs/m1674_controller_family_one_seed_public_pilot/configs/L1_one_step_seed167400.json,runs/m1674_controller_family_one_seed_public_pilot/profile_runs/L1_one_step/seed_167400/checkpoint.pt,1,169589,False,True,False,False,False,False,False,False,False,False,False,False,False
169590,checkpoint,56,True,False,0.764006354410913,0.764006354410913,1411.8154066284048,0.9736657976747619,1.1054941067605828,-0.08686856406940335,0.8981372188893374,1.0738700290002685,0.8290273918871158,1.387975833278541,1.387975833278541,,False,True,aeb_feasible,False,False,26.928889263374636,1.7747172458915672,25.15417201748307,5.791631253723815,0.10342198667363955,2.5069320843377967,5.069179840722349,0.4468501339837106,0.042349744439175226,0.0,9.57797396805548,0.002918640850111842,1,nan,nan,56,2.5069320843377967,0.4468501339837106,9.57797396805548,0.10342198667363955,0,nan,nan,nan,nan,0,nan,nan,nan,nan,m1680-spec-0024::L2_window_100,m1680-spec-0024,L2_window_100,T4,t4_actuator_delay_response|actuator_delay_step,mapping_window_unspecified,all_72_specs;mapping_window_unspecified;task_family_T4,t4_actuator_delay_response,t4_actuator_delay_response,runs/m1674_controller_family_one_seed_public_pilot/configs/L2_window_100_seed167400.json,runs/m1674_controller_family_one_seed_public_pilot/profile_runs/L2_window_100/seed_167400/checkpoint.pt,100,169590,False,True,False,False,False,False,False,False,False,False,False,False,False
169591,checkpoint,50,True,False,1.0196018949220482,1.0196018949220482,1655.8300713763406,1.1419517733629936,1.1178689838037204,-0.058639165115623726,0.8023188848761399,0.7865858771722952,1.1839364973492394,2.4891592113065304,2.4891592113065304,,False,True,aeb_feasible,False,False,6.182062078906508,2.0096223527429875,4.172439726163521,16.515974179979114,0.3303194835995823,2.325862527262524,5.051029613104664,0.3947835998890632,0.040505166603289,0.0,12.485518584581484,0.003689335659146309,1,nan,nan,50,2.325862527262524,0.3947835998890632,12.485518584581484,0.3303194835995823,0,nan,nan,nan,nan,0,nan,nan,nan,nan,m1680-spec-0024::L2_window_100_current_tiled,m1680-spec-0024,L2_window_100_current_tiled,T4,t4_actuator_delay_response|actuator_delay_step,mapping_window_unspecified,all_72_specs;mapping_window_unspecified;task_family_T4,t4_actuator_delay_response,t4_actuator_delay_response,runs/m1674_controller_family_one_seed_public_pilot/configs/L2_window_100_current_tiled_seed167400.json,runs/m1674_controller_family_one_seed_public_pilot/profile_runs/L2_window_100_current_tiled/seed_167400/checkpoint.pt,100,169591,False,True,False,False,False,False,False,False,False,False,False,False,False
169592,checkpoint,65,True,False,1.0036589635547608,1.0036589635547608,1479.3975526103363,1.020274174214025,1.2409016322524424,-0.08228869776527303,0.8492841095144062,0.9346528494039552,1.1050082860241903,2.960963082678959,2.960963082678959,,False,True,aeb_feasible,False,False,28.10349750594977,1.7758226992178014,26.327674806731967,21.45978418111339,0.3301505258632829,2.299623194219043,5.057252910927069,0.34119498104291623,0.07254805001234506,0.0,8.677558092296243,0.0028804922476410866,1,nan,nan,65,2.299623194219043,0.34119498104291623,8.677558092296243,0.3301505258632829,0,nan,nan,nan,nan,0,nan,nan,nan,nan,m1680-spec-0024::L2_window_13,m1680-spec-0024,L2_window_13,T4,t4_actuator_delay_response|actuator_delay_step,mapping_window_unspecified,all_72_specs;mapping_window_unspecified;task_family_T4,t4_actuator_delay_response,t4_actuator_delay_response,runs/m1674_controller_family_one_seed_public_pilot/configs/L2_window_13_seed167400.json,runs/m1674_controller_family_one_seed_public_pilot/profile_runs/L2_window_13/seed_167400/checkpoint.pt,13,169592,False,True,False,False,False,False,False,False,False,False,False,False,False
169593,checkpoint,58,True,False,0.5667449651686087,0.5667449651686087,1645.3654889950208,1.1347348199965661,0.9661953308835176,-0.07848047611875941,0.9505882886992448,0.8955884698475551,1.0534099284867975,1.3224921880206946,1.3224921880206946,,False,True,aeb_feasible,False,False,8.071518765623605,1.603183836047683,6.468334929575922,10.999582767096015,0.18964797874303474,2.4875646737339023,5.060383252496372,0.5137334323772118,0.041202759100049134,0.0,9.325793825456815,0.0035640483256429434,1,nan,nan,58,2.4875646737339023,0.5137334323772118,9.325793825456815,0.18964797874303474,0,nan,nan,nan,nan,0,nan,nan,nan,nan,m1680-spec-0024::L2_window_13_current_tiled,m1680-spec-0024,L2_window_13_current_tiled,T4,t4_actuator_delay_response|actuator_delay_step,mapping_window_unspecified,all_72_specs;mapping_window_unspecified;task_family_T4,t4_actuator_delay_response,t4_actuator_delay_response,runs/m1674_controller_family_one_seed_public_pilot/configs/L2_window_13_current_tiled_seed167400.json,runs/m1674_controller_family_one_seed_public_pilot/profile_runs/L2_window_13_current_tiled/seed_167400/checkpoint.pt,13,169593,False,True,False,False,False,False,False,False,False,False,False,False,False
169594,checkpoint,79,True,False,0.6648635836495429,0.6648635836495429,1593.2059496255765,1.098762723879708,1.0061232974647374,-0.11035166832751786,1.1902994281365107,0.83073455381181,0.9357895182356363,3.008570808448777,3.0085708084487766,,False,True,aeb_feasible,False,False,5.437475711483534,1.9163201122732723,3.521155599210262,29.970887889261196,0.379378327712167,2.1468317550238747,5.132884644969451,0.36376834831291455,0.05799557669710596,0.0,8.064508919854365,0.002392405876889825,1,nan,nan,79,2.1468317550238747,0.36376834831291455,8.064508919854365,0.379378327712167,0,nan,nan,nan,nan,0,nan,nan,nan,nan,m1680-spec-0024::L2_window_25,m1680-spec-0024,L2_window_25,T4,t4_actuator_delay_response|actuator_delay_step,mapping_window_unspecified,all_72_specs;mapping_window_unspecified;task_family_T4,t4_actuator_delay_response,t4_actuator_delay_response,runs/m1674_controller_family_one_seed_public_pilot/configs/L2_window_25_seed167400.json,runs/m1674_controller_family_one_seed_public_pilot/profile_runs/L2_window_25/seed_167400/checkpoint.pt,25,169594,False,True,False,False,False,False,False,False,False,False,False,False,False
169595,checkpoint,70,True,False,0.5332785519502371,0.5332785519502371,1271.6880735123668,0.8770262575947357,0.9742092279813592,-0.051553534571138204,1.1979604472099394,0.9663162649484027,0.9555248232705661,3.019328976969251,3.019328976969251,,False,True,aeb_feasible,False,False,24.74876481075196,1.997695740004219,22.751069070747743,27.395061610681353,0.3913580230097336,2.2562740175101412,5.008412093859835,0.31150581280846995,0.05559307687176805,0.0,8.283228673278245,0.0030046349857002497,1,nan,nan,70,2.2562740175101412,0.31150581280846995,8.283228673278245,0.3913580230097336,0,nan,nan,nan,nan,0,nan,nan,nan,nan,m1680-spec-0024::L2_window_25_current_tiled,m1680-spec-0024,L2_window_25_current_tiled,T4,t4_actuator_delay_response|actuator_delay_step,mapping_window_unspecified,all_72_specs;mapping_window_unspecified;task_family_T4,t4_actuator_delay_response,t4_actuator_delay_response,runs/m1674_controller_family_one_seed_public_pilot/configs/L2_window_25_current_tiled_seed167400.json,runs/m1674_controller_family_one_seed_public_pilot/profile_runs/L2_window_25_current_tiled/seed_167400/checkpoint.pt,25,169595,False,True,False,False,False,False,False,False,False,False,False,False,False
169596,checkpoint,61,True,False,1.0348946229928473,1.0348946229928473,1253.1486006659295,0.8642404142523652,0.892678686400159,-0.04838916456064224,0.9719074985333523,1.0950982867640162,0.8861698018121587,2.3997905057837308,2.399790505783731,,False,True,aeb_feasible,False,False,2.9060406924500835,1.9387481661544026,0.9672925262956809,5.668642605067133,0.0929285672961825,2.2084551429949806,5.018584070753718,0.6384595811471095,0.06954419985746775,0.0,10.15853419265743,0.002955205738544464,1,nan,nan,61,2.2084551429949806,0.6384595811471095,10.15853419265743,0.0929285672961825,0,nan,nan,nan,nan,0,nan,nan,nan,nan,m1680-spec-0024::L2_window_50,m1680-spec-0024,L2_window_50,T4,t4_actuator_delay_response|actuator_delay_step,mapping_window_unspecified,all_72_specs;mapping_window_unspecified;task_family_T4,t4_actuator_delay_response,t4_actuator_delay_response,runs/m1674_controller_family_one_seed_public_pilot/configs/L2_window_50_seed167400.json,runs/m1674_controller_family_one_seed_public_pilot/profile_runs/L2_window_50/seed_167400/checkpoint.pt,50,169596,False,True,False,False,False,False,False,False,False,False,False,False,False
169597,checkpoint,67,True,False,0.60560540451299,0.60560540451299,1258.6184911475284,0.8680127525155368,1.1668040235906563,0.0739452398404441,0.9623485662126596,0.839497418867427,1.065117005578541,0.8037163544867254,0.8037163544867254,,False,True,aeb_feasible,False,False,29.158754022182727,1.794855703068297,27.36389831911443,25.92664761588789,0.3869648897893715,2.2476257379429163,5.054768383514787,0.38199175638625843,0.047622891865851856,0.0,8.07464452768165,0.0037086496595293283,1,nan,nan,67,2.2476257379429163,0.38199175638625843,8.07464452768165,0.3869648897893715,0,nan,nan,nan,nan,0,nan,nan,nan,nan,m1680-spec-0024::L2_window_50_current_tiled,m1680-spec-0024,L2_window_50_current_tiled,T4,t4_actuator_delay_response|actuator_delay_step,mapping_window_unspecified,all_72_specs;mapping_window_unspecified;task_family_T4,t4_actuator_delay_response,t4_actuator_delay_response,runs/m1674_controller_family_one_seed_public_pilot/configs/L2_window_50_current_tiled_seed167400.json,runs/m1674_controller_family_one_seed_public_pilot/profile_runs/L2_window_50_current_tiled/seed_167400/checkpoint.pt,50,169597,False,True,False,False,False,False,False,False,False,False,False,False,False
169598,checkpoint,101,True,False,0.5822402439609533,0.5822402439609533,1244.1009369786439,0.8580006461921682,0.9865216601616807,-0.05003143648875974,0.9822524662377301,1.1164242340659647,1.0771398395856815,2.1899266221941702,2.1899266221941702,,False,True,aeb_feasible,False,False,17.999149821299095,1.9850607070561548,16.014089114242942,50.720727263333515,0.5021854184488467,2.1281505037118817,5.081630862897043,0.617205753560326,0.021680025135078246,0.0,9.282666556224244,0.0012454602401703596,1,nan,nan,101,2.1281505037118817,0.617205753560326,9.282666556224244,0.5021854184488467,0,nan,nan,nan,nan,0,nan,nan,nan,nan,m1680-spec-0024::L3_online_gru,m1680-spec-0024,L3_online_gru,T4,t4_actuator_delay_response|actuator_delay_step,mapping_window_unspecified,all_72_specs;mapping_window_unspecified;task_family_T4,t4_actuator_delay_response,t4_actuator_delay_response,runs/m1674_controller_family_one_seed_public_pilot/configs/L3_online_gru_seed167400.json,runs/m1674_controller_family_one_seed_public_pilot/profile_runs/L3_online_gru/seed_167400/checkpoint.pt,1,169598,False,True,False,False,False,False,False,False,False,False,False,False,False
169599,checkpoint,101,True,False,0.5796157661515076,0.5796157661515076,1399.6256375997184,0.9652590604135989,1.1279044541366066,0.09446189485154477,0.9564844633403554,0.8348725014955584,1.0388225412766865,2.5281649339247654,2.5281649339247654,,False,True,aeb_feasible,False,False,23.157182747947704,1.6473285902898387,21.509854157657866,70.13526037666709,0.6944085185808623,2.171124630555327,5.031516983969098,0.32613996163249587,0.0355949297402166,0.0,8.861435106681851,0.0008345071692019701,1,nan,nan,101,2.171124630555327,0.32613996163249587,8.861435106681851,0.6944085185808623,0,nan,nan,nan,nan,0,nan,nan,nan,nan,m1680-spec-0024::L3_reset_control_corrected,m1680-spec-0024,L3_reset_control_corrected,T4,t4_actuator_delay_response|actuator_delay_step,mapping_window_unspecified,all_72_specs;mapping_window_unspecified;task_family_T4,t4_actuator_delay_response,t4_actuator_delay_response,runs/m1674_controller_family_one_seed_public_pilot/configs/L3_reset_control_corrected_seed167400.json,runs/m1674_controller_family_one_seed_public_pilot/profile_runs/L3_reset_control_corrected/seed_167400/checkpoint.pt,1,169599,False,True,False,False,False,False,False,False,False,False,False,False,False
169600,checkpoint,91,True,False,0.7023231287416696,0.7023231287416696,1623.5551580227911,1.1196932124295111,1.0109487127423358,0.007618548354405341,1.0188615213751047,0.9627687142947481,0.8933890219115915,2.0002393918365415,2.0002393918365415,,False,True,aeb_feasible,False,False,12.000825359030811,1.9068545023525458,10.093970856678265,32.25381723278449,0.3544375520086208,2.284075964320407,5.052163081788208,0.3619839246637492,0.02626820907421286,0.0,8.413887563897871,0.0014957130188122392,1,nan,nan,91,2.284075964320407,0.3619839246637492,8.413887563897871,0.3544375520086208,0,nan,nan,nan,nan,0,nan,nan,nan,nan,m1680-spec-0025::L0_current_masked,m1680-spec-0025,L0_current_masked,T4,t4_actuator_delay_response|capability_step_up,mapping_window_unspecified,all_72_specs;mapping_window_unspecified;task_family_T4,t4_actuator_delay_response,t4_actuator_delay_response,runs/m1674_controller_family_one_seed_public_pilot/configs/L0_current_masked_seed167400.json,runs/m1674_controller_family_one_seed_public_pilot/profile_runs/L0_current_masked/seed_167400/checkpoint.pt,1,169600,False,True,False,False,False,False,False,False,False,False,False,False,False
169601,checkpoint,92,True,False,0.5557428811639424,0.5557428811639424,1532.6363759743263,1.056990604120225,1.1903997694816046,0.0035101216736155294,1.1209291415026685,0.9265097439709432,1.0635818748464057,3.7444984248224555,3.744498424822456,,False,True,aeb_feasible,False,False,20.127156506763935,1.7727440932700336,18.3544124134939,35.12085453968821,0.38174841890965444,2.135343749090144,5.028238839203915,0.5332189209389524,0.05102724228280962,0.0,9.21877272720461,0.0017409714637324214,1,nan,nan,92,2.135343749090144,0.5332189209389524,9.21877272720461,0.38174841890965444,0,nan,nan,nan,nan,0,nan,nan,nan,nan,m1680-spec-0025::L1_one_step,m1680-spec-0025,L1_one_step,T4,t4_actuator_delay_response|capability_step_up,mapping_window_unspecified,all_72_specs;mapping_window_unspecified;task_family_T4,t4_actuator_delay_response,t4_actuator_delay_response,runs/m1674_controller_family_one_seed_public_pilot/configs/L1_one_step_seed167400.json,runs/m1674_controller_family_one_seed_public_pilot/profile_runs/L1_one_step/seed_167400/checkpoint.pt,1,169601,False,True,False,False,False,False,False,False,False,False,False,False,False
169602,checkpoint,78,True,False,0.8175565178145792,0.8175565178145792,1475.552798081444,1.0176226193665132,1.170600021481266,-0.10575232078528418,1.191954928988415,1.1700424782220227,0.779572577532823,3.053572755852114,3.053572755852114,,False,True,aeb_feasible,False,False,9.968100121526696,2.0181710320616757,7.94992908946502,2.6347956944249487,0.03377943197980703,2.4416854293607027,5.028928958541371,0.535667243567164,0.06707697418580395,0.0,6.790010941101939,0.002197118941694498,1,nan,nan,78,2.4416854293607027,0.535667243567164,6.790010941101939,0.03377943197980703,0,nan,nan,nan,nan,0,nan,nan,nan,nan,m1680-spec-0025::L2_window_100,m1680-spec-0025,L2_window_100,T4,t4_actuator_delay_response|capability_step_up,mapping_window_unspecified,all_72_specs;mapping_window_unspecified;task_family_T4,t4_actuator_delay_response,t4_actuator_delay_response,runs/m1674_controller_family_one_seed_public_pilot/configs/L2_window_100_seed167400.json,runs/m1674_controller_family_one_seed_public_pilot/profile_runs/L2_window_100/seed_167400/checkpoint.pt,100,169602,False,True,False,False,False,False,False,False,False,False,False,False,False
169603,checkpoint,79,True,False,0.45421383753033956,0.45421383753033956,1487.0699632057745,1.0255654918660513,0.8657143257381609,0.08769223862631548,1.0786278160740794,0.963358628539307,0.9211534490174055,3.1204605268946026,3.1204605268946026,,False,True,aeb_feasible,False,False,18.168257109937954,1.7973901541983994,16.370866955739555,20.71370135788839,0.26219875136567583,2.251265536829671,5.063320150917583,0.4967916950139374,0.08722045946381601,0.0,7.495078290802377,0.002659597434103489,1,nan,nan,79,2.251265536829671,0.4967916950139374,7.495078290802377,0.26219875136567583,0,nan,nan,nan,nan,0,nan,nan,nan,nan,m1680-spec-0025::L2_window_100_current_tiled,m1680-spec-0025,L2_window_100_current_tiled,T4,t4_actuator_delay_response|capability_step_up,mapping_window_unspecified,all_72_specs;mapping_window_unspecified;task_family_T4,t4_actuator_delay_response,t4_actuator_delay_response,runs/m1674_controller_family_one_seed_public_pilot/configs/L2_window_100_current_tiled_seed167400.json,runs/m1674_controller_family_one_seed_public_pilot/profile_runs/L2_window_100_current_tiled/seed_167400/checkpoint.pt,100,169603,False,True,False,False,False,False,False,False,False,False,False,False,False
169604,checkpoint,51,True,False,1.0469735128064164,1.0469735128064164,1408.0653667862118,0.9710795633008358,1.0978408802880408,0.056860018745865215,0.8419285149509264,0.8579563574752629,0.9799872042966321,2.7640256899043254,2.7640256899043254,,False,True,aeb_feasible,False,False,8.101318729578093,1.4998453673177425,6.60147336226035,13.70559143923925,0.26873708704390686,2.3271967278159815,5.176052928219853,0.40121988724106794,0.04875631303802259,0.0,12.603803295651774,0.0031635076738893986,1,nan,nan,51,2.3271967278159815,0.40121988724106794,12.603803295651774,0.26873708704390686,0,nan,nan,nan,nan,0,nan,nan,nan,nan,m1680-spec-0025::L2_window_13,m1680-spec-0025,L2_window_13,T4,t4_actuator_delay_response|capability_step_up,mapping_window_unspecified,all_72_specs;mapping_window_unspecified;task_family_T4,t4_actuator_delay_response,t4_actuator_delay_response,runs/m1674_controller_family_one_seed_public_pilot/configs/L2_window_13_seed167400.json,runs/m1674_controller_family_one_seed_public_pilot/profile_runs/L2_window_13/seed_167400/checkpoint.pt,13,169604,False,True,False,False,False,False,False,False,False,False,False,False,False
169605,checkpoint,67,True,False,0.7854142569555034,0.7854142569555034,1608.5775022469793,1.1093637946530892,1.1171507096940951,-0.058561612087146164,1.186553242704817,0.8008703726332554,0.9241243776528055,1.3256710642405096,1.3256710642405096,,False,True,aeb_feasible,False,False,24.5129866764601,1.4982985561357025,23.014688120324397,12.051159014162632,0.17986804498750197,2.2041210421639192,5.108784358405586,0.5886345985887311,0.049260303547453435,0.0,8.98201895277862,0.0035422365181148052,1,nan,nan,67,2.2041210421639192,0.5886345985887311,8.98201895277862,0.17986804498750197,0,nan,nan,nan,nan,0,nan,nan,nan,nan,m1680-spec-0025::L2_window_13_current_tiled,m1680-spec-0025,L2_window_13_current_tiled,T4,t4_actuator_delay_response|capability_step_up,mapping_window_unspecified,all_72_specs;mapping_window_unspecified;task_family_T4,t4_actuator_delay_response,t4_actuator_delay_response,runs/m1674_controller_family_one_seed_public_pilot/configs/L2_window_13_current_tiled_seed167400.json,runs/m1674_controller_family_one_seed_public_pilot/profile_runs/L2_window_13_current_tiled/seed_167400/checkpoint.pt,13,169605,False,True,False,False,False,False,False,False,False,False,False,False,False
169606,checkpoint,73,True,False,0.5940373113000854,0.5940373113000854,1568.2469546312163,1.0815496238835975,1.230981293956375,0.005027445057258273,0.8399615936360944,0.8346283177031937,0.7661295813799301,1.355359663564077,1.355359663564077,,False,True,aeb_feasible,False,False,29.97844801801695,1.7983091088392005,28.18013890917775,14.797042407597361,0.20269921106297756,2.428710277946104,5.097163146273029,0.40357568400493965,0.048017998097447785,0.0,7.44110292596518,0.002639858750626445,1,nan,nan,73,2.428710277946104,0.40357568400493965,7.44110292596518,0.20269921106297756,0,nan,nan,nan,nan,0,nan,nan,nan,nan,m1680-spec-0025::L2_window_25,m1680-spec-0025,L2_window_25,T4,t4_actuator_delay_response|capability_step_up,mapping_window_unspecified,all_72_specs;mapping_window_unspecified;task_family_T4,t4_actuator_delay_response,t4_actuator_delay_response,runs/m1674_controller_family_one_seed_public_pilot/configs/L2_window_25_seed167400.json,runs/m1674_controller_family_one_seed_public_pilot/profile_runs/L2_window_25/seed_167400/checkpoint.pt,25,169606,False,True,False,False,False,False,False,False,False,False,False,False,False
169607,checkpoint,58,True,False,0.9400669858024204,0.9400669858024204,1418.6360941370574,0.9783697200945224,0.8885461411610827,0.07098022563831585,1.1341308321499743,0.9306874620729509,0.833910149143918,1.0215356271526421,1.0215356271526421,,False,True,aeb_feasible,False,False,20.054284659216155,1.4995799572079727,18.55470470200818,3.3008410442546987,0.05691105248714998,2.597500490120476,5.06830695716879,0.4682755535286192,0.04796362580986322,0.0,8.229181639122764,0.0032874580938369036,1,nan,nan,58,2.597500490120476,0.4682755535286192,8.229181639122764,0.05691105248714998,0,nan,nan,nan,nan,0,nan,nan,nan,nan,m1680-spec-0025::L2_window_25_current_tiled,m1680-spec-0025,L2_window_25_current_tiled,T4,t4_actuator_delay_response|capability_step_up,mapping_window_unspecified,all_72_specs;mapping_window_unspecified;task_family_T4,t4_actuator_delay_response,t4_actuator_delay_response,runs/m1674_controller_family_one_seed_public_pilot/configs/L2_window_25_current_tiled_seed167400.json,runs/m1674_controller_family_one_seed_public_pilot/profile_runs/L2_window_25_current_tiled/seed_167400/checkpoint.pt,25,169607,False,True,False,False,False,False,False,False,False,False,False,False,False
169608,checkpoint,75,True,False,0.6429423893871973,0.6429423893871973,1574.7969103082678,1.086066834695357,1.0162680428289679,-0.09542570419146257,0.7554252665627312,0.9439812843509466,0.885387415449326,1.5876281332627888,1.5876281332627888,,False,True,aeb_feasible,False,False,6.027972105413865,2.0100953494632234,4.017876755950642,4.959980438319423,0.06613307251092565,2.356799882596824,5.026221506804237,0.6412951650157547,0.05277752955468283,0.0,7.215224739127375,0.0022717018146067858,1,nan,nan,75,2.356799882596824,0.6412951650157547,7.215224739127375,0.06613307251092565,0,nan,nan,nan,nan,0,nan,nan,nan,nan,m1680-spec-0025::L2_window_50,m1680-spec-0025,L2_window_50,T4,t4_actuator_delay_response|capability_step_up,mapping_window_unspecified,all_72_specs;mapping_window_unspecified;task_family_T4,t4_actuator_delay_response,t4_actuator_delay_response,runs/m1674_controller_family_one_seed_public_pilot/configs/L2_window_50_seed167400.json,runs/m1674_controller_family_one_seed_public_pilot/profile_runs/L2_window_50/seed_167400/checkpoint.pt,50,169608,False,True,False,False,False,False,False,False,False,False,False,False,False
169609,checkpoint,71,True,False,1.0488892544432744,1.0488892544432744,1344.134718513387,0.9269894610437152,0.8579642848870797,-0.08801632162859052,0.9382686285939522,0.9073193535690485,0.8493757580526243,3.703942792371238,3.7039427923712385,,False,True,aeb_feasible,False,False,9.085180742771232,1.978429083262188,7.106751659509044,19.2238645674609,0.27075865587973097,2.3802044740387367,5.121934790129938,0.32955844884081886,0.05531965825623065,0.0,7.842004461339937,0.0026098869275301695,1,nan,nan,71,2.3802044740387367,0.32955844884081886,7.842004461339937,0.27075865587973097,0,nan,nan,nan,nan,0,nan,nan,nan,nan,m1680-spec-0025::L2_window_50_current_tiled,m1680-spec-0025,L2_window_50_current_tiled,T4,t4_actuator_delay_response|capability_step_up,mapping_window_unspecified,all_72_specs;mapping_window_unspecified;task_family_T4,t4_actuator_delay_response,t4_actuator_delay_response,runs/m1674_controller_family_one_seed_public_pilot/configs/L2_window_50_current_tiled_seed167400.json,runs/m1674_controller_family_one_seed_public_pilot/profile_runs/L2_window_50_current_tiled/seed_167400/checkpoint.pt,50,169609,False,True,False,False,False,False,False,False,False,False,False,False,False
169610,checkpoint,74,True,False,0.9841335631157859,0.9841335631157859,1428.4379050217296,0.9851295896701584,1.0911589679669669,0.03895412950824628,0.9782454216191832,0.8947281350916181,1.1863979478507465,3.7477117011626286,3.747711701162628,,False,True,aeb_feasible,False,False,16.29059863751672,1.8329806850493129,14.457617952467407,24.542575274992775,0.3316564226350375,2.2288291331023364,5.023415694593851,0.6686110299002882,0.02528021540146325,0.0,11.53598388797767,0.0017038969090208411,1,nan,nan,74,2.2288291331023364,0.6686110299002882,11.53598388797767,0.3316564226350375,0,nan,nan,nan,nan,0,nan,nan,nan,nan,m1680-spec-0025::L3_online_gru,m1680-spec-0025,L3_online_gru,T4,t4_actuator_delay_response|capability_step_up,mapping_window_unspecified,all_72_specs;mapping_window_unspecified;task_family_T4,t4_actuator_delay_response,t4_actuator_delay_response,runs/m1674_controller_family_one_seed_public_pilot/configs/L3_online_gru_seed167400.json,runs/m1674_controller_family_one_seed_public_pilot/profile_runs/L3_online_gru/seed_167400/checkpoint.pt,1,169610,False,True,False,False,False,False,False,False,False,False,False,False,False
169611,checkpoint,86,False,True,1.0010301548439153,1.0010301548439153,1510.34142017519,1.0416147725346139,1.156902623462496,0.06602220262059344,1.0093325478712094,1.13497325594181,0.9881188514347367,2.222776059026849,2.222776059026849,,False,True,aeb_feasible,False,True,5.508874026834875,1.6007165177287943,3.908157509106081,56.22519880374839,0.6537813814389348,1.6973370306733908,4.157632684541497,0.6100766825521559,0.06320293152358852,0.0,10.791530833445865,0.0008896021172404289,1,nan,nan,86,1.6973370306733908,0.6100766825521559,10.791530833445865,0.6537813814389348,0,nan,nan,nan,nan,0,nan,nan,nan,nan,m1680-spec-0025::L3_reset_control_corrected,m1680-spec-0025,L3_reset_control_corrected,T4,t4_actuator_delay_response|capability_step_up,mapping_window_unspecified,all_72_specs;mapping_window_unspecified;task_family_T4,t4_actuator_delay_response,t4_actuator_delay_response,runs/m1674_controller_family_one_seed_public_pilot/configs/L3_reset_control_corrected_seed167400.json,runs/m1674_controller_family_one_seed_public_pilot/profile_runs/L3_reset_control_corrected/seed_167400/checkpoint.pt,1,169611,False,True,False,False,False,False,False,False,False,False,False,False,True
169612,checkpoint,108,True,False,0.8844764264125514,0.575099787452993,1332.1863773524203,0.9187492257602898,1.0696705032738538,-0.02434616076738072,1.1666805040010617,1.2281142170723702,0.8788323627737502,1.1695624428301876,1.1695624428301876,33,True,True,aeb_feasible,False,False,17.67305120475585,1.7403371649304202,15.93271403982543,-0.41763575478815973,-0.0038669977295199974,2.5602373001145446,5.017492348796722,0.5789724798525334,0.03608198491436616,0.0,6.5134775355719565,0.0011290285037830472,1,nan,nan,108,2.5602373001145446,0.5789724798525334,6.5134775355719565,-0.0038669977295199974,0,nan,nan,nan,nan,0,nan,nan,nan,nan,m1680-spec-0026::L0_current_masked,m1680-spec-0026,L0_current_masked,T4,t4_capability_step_temporal|capability_step_down,mapping_window_unspecified,all_72_specs;mapping_window_unspecified;task_family_T4,t4_capability_step_temporal,t4_capability_step_temporal,runs/m1674_controller_family_one_seed_public_pilot/configs/L0_current_masked_seed167400.json,runs/m1674_controller_family_one_seed_public_pilot/profile_runs/L0_current_masked/seed_167400/checkpoint.pt,1,169612,False,True,False,False,False,False,False,False,False,False,False,False,False
169613,checkpoint,83,False,True,0.9060758103923311,0.5757465085932847,1715.717724938915,1.1832536034061483,1.171818657058135,-0.09001730667428309,0.8066761163759089,0.5777538457994917,0.8253032374365106,1.7830827515667491,1.7830827515667491,33,True,True,aeb_feasible,False,True,1.9822324167272904,1.5395826376297288,0.44264977909756165,49.22922291454435,0.5931231676451126,1.9064444897637112,4.515962085399039,0.5687568655465164,0.04220355107725815,0.0,9.711213146829017,0.001726908260025084,1,nan,nan,83,1.9064444897637112,0.5687568655465164,9.711213146829017,0.5931231676451126,0,nan,nan,nan,nan,0,nan,nan,nan,nan,m1680-spec-0026::L1_one_step,m1680-spec-0026,L1_one_step,T4,t4_capability_step_temporal|capability_step_down,mapping_window_unspecified,all_72_specs;mapping_window_unspecified;task_family_T4,t4_capability_step_temporal,t4_capability_step_temporal,runs/m1674_controller_family_one_seed_public_pilot/configs/L1_one_step_seed167400.json,runs/m1674_controller_family_one_seed_public_pilot/profile_runs/L1_one_step/seed_167400/checkpoint.pt,1,169613,False,True,False,False,False,False,False,False,False,False,False,False,True
169614,checkpoint,51,True,False,0.585531798971404,1.0088595865838674,1321.0264112817824,0.911052697435712,1.1470569257039513,0.030506235878109633,1.432398388500118,0.908536074001115,1.177372933313135,1.2590167711938602,1.2590167711938602,35,True,True,aeb_feasible,False,False,5.077380277187599,1.9114752367256318,3.165905040461967,11.203665009363021,0.2196797060659416,2.4703236457561766,5.117221500522987,0.41531386791514197,0.059921142010128624,0.0,10.23035879200809,0.0028942024800926447,1,nan,nan,51,2.4703236457561766,0.41531386791514197,10.23035879200809,0.2196797060659416,0,nan,nan,nan,nan,0,nan,nan,nan,nan,m1680-spec-0026::L2_window_100,m1680-spec-0026,L2_window_100,T4,t4_capability_step_temporal|capability_step_down,mapping_window_unspecified,all_72_specs;mapping_window_unspecified;task_family_T4,t4_capability_step_temporal,t4_capability_step_temporal,runs/m1674_controller_family_one_seed_public_pilot/configs/L2_window_100_seed167400.json,runs/m1674_controller_family_one_seed_public_pilot/profile_runs/L2_window_100/seed_167400/checkpoint.pt,100,169614,False,True,False,False,False,False,False,False,False,False,False,False,False
169615,checkpoint,58,True,False,0.7862042958155361,0.9022021749112588,1431.0851533499872,0.9869552781724049,0.8775701214390546,0.05762027106638001,1.0640312145649942,1.1237995353621835,1.303553303171082,1.6562583855562516,1.6562583855562516,38,True,True,aeb_feasible,False,False,14.521004685368432,2.080151087922947,12.440853597445486,14.1064492747572,0.2432146426682276,2.3252714819589237,5.064077374935938,0.49967729820714873,0.03849259667179722,0.0,9.623814238865906,0.003333042608574033,1,nan,nan,58,2.3252714819589237,0.49967729820714873,9.623814238865906,0.2432146426682276,0,nan,nan,nan,nan,0,nan,nan,nan,nan,m1680-spec-0026::L2_window_100_current_tiled,m1680-spec-0026,L2_window_100_current_tiled,T4,t4_capability_step_temporal|capability_step_down,mapping_window_unspecified,all_72_specs;mapping_window_unspecified;task_family_T4,t4_capability_step_temporal,t4_capability_step_temporal,runs/m1674_controller_family_one_seed_public_pilot/configs/L2_window_100_current_tiled_seed167400.json,runs/m1674_controller_family_one_seed_public_pilot/profile_runs/L2_window_100_current_tiled/seed_167400/checkpoint.pt,100,169615,False,True,False,False,False,False,False,False,False,False,False,False,False
169616,checkpoint,65,True,False,0.8017618659171619,0.7785029419136037,1475.5775953241061,1.0176397209131767,1.1052343217856544,0.06036745885123107,0.5246650109655605,0.8298413018350719,1.2678816683587655,1.7798266121147495,1.7798266121147495,35,True,True,aeb_feasible,False,False,15.185522139823878,1.7897338034909978,13.39578833633288,20.39402860781722,0.31375428627411106,2.2498793127143673,5.120135660033522,0.5152993257753541,0.03212832004932714,0.0,9.141607474616992,0.0026407898403704166,1,nan,nan,65,2.2498793127143673,0.5152993257753541,9.141607474616992,0.31375428627411106,0,nan,nan,nan,nan,0,nan,nan,nan,nan,m1680-spec-0026::L2_window_13,m1680-spec-0026,L2_window_13,T4,t4_capability_step_temporal|capability_step_down,mapping_window_unspecified,all_72_specs;mapping_window_unspecified;task_family_T4,t4_capability_step_temporal,t4_capability_step_temporal,runs/m1674_controller_family_one_seed_public_pilot/configs/L2_window_13_seed167400.json,runs/m1674_controller_family_one_seed_public_pilot/profile_runs/L2_window_13/seed_167400/checkpoint.pt,13,169616,False,True,False,False,False,False,False,False,False,False,False,False,False
169617,checkpoint,82,True,False,0.994198292040427,0.9416291781182802,1429.8153126285072,0.9860795259506946,0.9971324812730057,-0.0058566390278800284,1.405410495365823,0.9976685671098249,0.7254819987501624,1.3261671125385839,1.3261671125385839,38,True,True,aeb_feasible,False,False,7.056500781894253,1.7217444456309967,5.334756336263256,6.222559593136691,0.07588487308703282,2.3076051184527135,5.09657663493169,0.5603514754230341,0.07931395402199115,0.0,7.000733996432841,0.002558853942900896,1,nan,nan,82,2.3076051184527135,0.5603514754230341,7.000733996432841,0.07588487308703282,0,nan,nan,nan,nan,0,nan,nan,nan,nan,m1680-spec-0026::L2_window_13_current_tiled,m1680-spec-0026,L2_window_13_current_tiled,T4,t4_capability_step_temporal|capability_step_down,mapping_window_unspecified,all_72_specs;mapping_window_unspecified;task_family_T4,t4_capability_step_temporal,t4_capability_step_temporal,runs/m1674_controller_family_one_seed_public_pilot/configs/L2_window_13_current_tiled_seed167400.json,runs/m1674_controller_family_one_seed_public_pilot/profile_runs/L2_window_13_current_tiled/seed_167400/checkpoint.pt,13,169617,False,True,False,False,False,False,False,False,False,False,False,False,False
169618,checkpoint,58,True,False,0.9808132853252703,1.0119288874627665,1578.8029765085716,1.0888296389714287,0.8867707769099457,-0.02901511054296324,0.7952184286688027,0.7534657522200355,0.8632147826337901,1.3050377341835713,1.3050377341835713,38,True,True,aeb_feasible,False,False,14.942463001032573,2.0150015910155226,12.92746141001705,3.7619704701559065,0.06486155983027425,2.5029434422324575,5.147896244321647,0.5461437294337734,0.03582525535853009,0.0,9.036363389067176,0.0027269215788692236,1,nan,nan,58,2.5029434422324575,0.5461437294337734,9.036363389067176,0.06486155983027425,0,nan,nan,nan,nan,0,nan,nan,nan,nan,m1680-spec-0026::L2_window_25,m1680-spec-0026,L2_window_25,T4,t4_capability_step_temporal|capability_step_down,mapping_window_unspecified,all_72_specs;mapping_window_unspecified;task_family_T4,t4_capability_step_temporal,t4_capability_step_temporal,runs/m1674_controller_family_one_seed_public_pilot/configs/L2_window_25_seed167400.json,runs/m1674_controller_family_one_seed_public_pilot/profile_runs/L2_window_25/seed_167400/checkpoint.pt,25,169618,False,True,False,False,False,False,False,False,False,False,False,False,False
169619,checkpoint,68,True,False,0.860538543374098,0.5632308669482347,1544.7098433604717,1.0653171333520495,1.2126400800027224,-0.03033053295158039,0.5737719295679959,0.9554890963750713,1.0962384135689347,1.9232818622689996,1.9232818622689996,34,True,True,aeb_feasible,False,False,9.4475285313276,1.6928047005239009,7.7547238308037,6.5999721681326005,0.09705841423724412,2.5087039242391356,5.03688725961247,0.6479102539731392,0.04299829834920667,0.0,7.879840072263145,0.002706969855353236,1,nan,nan,68,2.5087039242391356,0.6479102539731392,7.879840072263145,0.09705841423724412,0,nan,nan,nan,nan,0,nan,nan,nan,nan,m1680-spec-0026::L2_window_25_current_tiled,m1680-spec-0026,L2_window_25_current_tiled,T4,t4_capability_step_temporal|capability_step_down,mapping_window_unspecified,all_72_specs;mapping_window_unspecified;task_family_T4,t4_capability_step_temporal,t4_capability_step_temporal,runs/m1674_controller_family_one_seed_public_pilot/configs/L2_window_25_current_tiled_seed167400.json,runs/m1674_controller_family_one_seed_public_pilot/profile_runs/L2_window_25_current_tiled/seed_167400/checkpoint.pt,25,169619,False,True,False,False,False,False,False,False,False,False,False,False,False
169620,checkpoint,59,True,False,0.5379200680653937,0.7581523457315855,1544.396680914197,1.0651011592511703,1.0326331228175079,-0.04732712741946821,1.2523756103805739,1.0990066478755267,0.9993921505935214,1.7005420891384286,1.7005420891384286,35,True,True,aeb_feasible,False,False,26.00070669232841,1.738777206309337,24.261929486019074,11.936307569319593,0.20231029778507786,2.3898126319155573,5.13519048243451,0.33523248457972826,0.05164376424228213,0.0,9.240543350879355,0.002869256539270282,1,nan,nan,59,2.3898126319155573,0.33523248457972826,9.240543350879355,0.20231029778507786,0,nan,nan,nan,nan,0,nan,nan,nan,nan,m1680-spec-0026::L2_window_50,m1680-spec-0026,L2_window_50,T4,t4_capability_step_temporal|capability_step_down,mapping_window_unspecified,all_72_specs;mapping_window_unspecified;task_family_T4,t4_capability_step_temporal,t4_capability_step_temporal,runs/m1674_controller_family_one_seed_public_pilot/configs/L2_window_50_seed167400.json,runs/m1674_controller_family_one_seed_public_pilot/profile_runs/L2_window_50/seed_167400/checkpoint.pt,50,169620,False,True,False,False,False,False,False,False,False,False,False,False,False
169621,checkpoint,83,True,False,0.7742352450337934,0.34012005180585486,1598.426010961161,1.102362766180111,0.912959648204453,-0.011775073745442066,1.4279973078543335,1.2917436425679725,0.9462936839759652,1.3933182054843063,1.3933182054843063,37,True,True,aeb_feasible,False,False,12.561828682620167,1.6472116008483635,10.914617081771803,16.38219411177939,0.19737583267204087,2.310252605970592,5.080933091124525,0.408445052489934,0.06091892369677069,0.0,6.926005433100198,0.002554674632847309,1,nan,nan,83,2.310252605970592,0.408445052489934,6.926005433100198,0.19737583267204087,0,nan,nan,nan,nan,0,nan,nan,nan,nan,m1680-spec-0026::L2_window_50_current_tiled,m1680-spec-0026,L2_window_50_current_tiled,T4,t4_capability_step_temporal|capability_step_down,mapping_window_unspecified,all_72_specs;mapping_window_unspecified;task_family_T4,t4_capability_step_temporal,t4_capability_step_temporal,runs/m1674_controller_family_one_seed_public_pilot/configs/L2_window_50_current_tiled_seed167400.json,runs/m1674_controller_family_one_seed_public_pilot/profile_runs/L2_window_50_current_tiled/seed_167400/checkpoint.pt,50,169621,False,True,False,False,False,False,False,False,False,False,False,False,False
169622,checkpoint,77,True,False,0.8684029666019129,0.6638206828363075,1280.8851015559835,0.8833690355558507,0.8560510379493086,-0.06679248609888888,0.97863275984862,1.227260221763976,1.1739944644309384,1.3244850880532923,1.3244850880532923,35,True,True,aeb_feasible,True,False,1.724582237121361,1.8457176842832133,-0.1211354471618522,22.47697261878374,0.29190873530887973,2.358396883017492,4.831057307055243,0.33666989955112714,0.029227769817089702,0.0,9.715845874511615,0.0013678331160917878,1,nan,nan,77,2.358396883017492,0.33666989955112714,9.715845874511615,0.29190873530887973,0,nan,nan,nan,nan,0,nan,nan,nan,nan,m1680-spec-0026::L3_online_gru,m1680-spec-0026,L3_online_gru,T4,t4_capability_step_temporal|capability_step_down,mapping_window_unspecified,all_72_specs;mapping_window_unspecified;task_family_T4,t4_capability_step_temporal,t4_capability_step_temporal,runs/m1674_controller_family_one_seed_public_pilot/configs/L3_online_gru_seed167400.json,runs/m1674_controller_family_one_seed_public_pilot/profile_runs/L3_online_gru/seed_167400/checkpoint.pt,1,169622,False,True,False,False,False,False,False,False,False,False,False,False,False
169623,checkpoint,84,False,True,0.2971914529364854,0.8463588966781612,1294.2693648876993,0.8925995619915168,0.8846018892928301,0.11788998841294585,1.0547735733636636,1.0791891827552462,1.0154956404064557,1.6394077638725801,1.6394077638725801,35,True,True,aeb_feasible,False,True,2.7307756070506577,1.6700984032435398,1.060677203807118,87.05389833527465,1.0363559325627936,1.203275571453384,2.985039814858986,0.4267193923131815,0.06592697170367183,0.0,9.033680757269522,0.0008304396760649979,1,nan,nan,84,1.203275571453384,0.4267193923131815,9.033680757269522,1.0363559325627936,0,nan,nan,nan,nan,0,nan,nan,nan,nan,m1680-spec-0026::L3_reset_control_corrected,m1680-spec-0026,L3_reset_control_corrected,T4,t4_capability_step_temporal|capability_step_down,mapping_window_unspecified,all_72_specs;mapping_window_unspecified;task_family_T4,t4_capability_step_temporal,t4_capability_step_temporal,runs/m1674_controller_family_one_seed_public_pilot/configs/L3_reset_control_corrected_seed167400.json,runs/m1674_controller_family_one_seed_public_pilot/profile_runs/L3_reset_control_corrected/seed_167400/checkpoint.pt,1,169623,False,True,False,False,False,False,False,False,False,False,False,False,True
169624,checkpoint,89,True,False,0.4770126092772192,0.4770126092772192,1671.6549010114609,1.1528654489734214,1.167437836187495,-0.03541085783509712,1.0589570086935884,0.6547071759546741,0.8849875694838851,1.813373426286689,1.813373426286689,,False,True,aeb_feasible,False,False,26.73674497859115,1.8562306799644324,24.880514298626718,38.958414512001625,0.4377349945168722,2.2842041460814833,5.107497259175002,0.38297034763738114,0.04128393165071247,0.0,8.47774264179708,0.0016197510994970798,1,nan,nan,89,2.2842041460814833,0.38297034763738114,8.47774264179708,0.4377349945168722,0,nan,nan,nan,nan,0,nan,nan,nan,nan,m1680-spec-0027::L0_current_masked,m1680-spec-0027,L0_current_masked,T4,t4_staged_warmup_capability|capability_step_up,mapping_window_unspecified,all_72_specs;mapping_window_unspecified;task_family_T4,t4_staged_warmup_capability,t4_staged_warmup_capability,runs/m1674_controller_family_one_seed_public_pilot/configs/L0_current_masked_seed167400.json,runs/m1674_controller_family_one_seed_public_pilot/profile_runs/L0_current_masked/seed_167400/checkpoint.pt,1,169624,False,True,False,False,False,False,False,False,False,False,False,False,False
169625,checkpoint,103,True,False,0.30341390785566835,0.30341390785566835,1353.520400911757,0.9334623454563841,0.9861439895251413,0.013798102978926474,0.7155084643140404,0.6467290555805316,0.898745109571337,1.9183109112076053,1.9183109112076053,,False,True,aeb_feasible,False,False,21.298525705806696,1.8091691181191547,19.489356587687542,46.50849862577691,0.45153882160948455,2.305599616262233,5.09384461136775,0.5068548518486341,0.02486536281097895,0.0,7.517466273340607,0.001510131754912436,1,nan,nan,103,2.305599616262233,0.5068548518486341,7.517466273340607,0.45153882160948455,0,nan,nan,nan,nan,0,nan,nan,nan,nan,m1680-spec-0027::L1_one_step,m1680-spec-0027,L1_one_step,T4,t4_staged_warmup_capability|capability_step_up,mapping_window_unspecified,all_72_specs;mapping_window_unspecified;task_family_T4,t4_staged_warmup_capability,t4_staged_warmup_capability,runs/m1674_controller_family_one_seed_public_pilot/configs/L1_one_step_seed167400.json,runs/m1674_controller_family_one_seed_public_pilot/profile_runs/L1_one_step/seed_167400/checkpoint.pt,1,169625,False,True,False,False,False,False,False,False,False,False,False,False,False
169626,checkpoint,74,True,False,0.4300217904868352,0.4300217904868352,1728.8194536276535,1.192289278363899,1.173860770854393,-0.029527564931189465,0.9492897131577911,1.1508747919249247,1.1069517776465678,1.5710969232721492,1.5710969232721492,,False,True,aeb_feasible,False,False,18.79299417393281,1.8336059305372125,16.959388243395598,18.879878358640177,0.25513349133297536,2.2210493959171855,5.079395672138702,0.47218542442978806,0.04328777996509403,0.0,8.062583243421232,0.0026265725027769804,1,nan,nan,74,2.2210493959171855,0.47218542442978806,8.062583243421232,0.25513349133297536,0,nan,nan,nan,nan,0,nan,nan,nan,nan,m1680-spec-0027::L2_window_100,m1680-spec-0027,L2_window_100,T4,t4_staged_warmup_capability|capability_step_up,mapping_window_unspecified,all_72_specs;mapping_window_unspecified;task_family_T4,t4_staged_warmup_capability,t4_staged_warmup_capability,runs/m1674_controller_family_one_seed_public_pilot/configs/L2_window_100_seed167400.json,runs/m1674_controller_family_one_seed_public_pilot/profile_runs/L2_window_100/seed_167400/checkpoint.pt,100,169626,False,True,False,False,False,False,False,False,False,False,False,False,False
169627,checkpoint,76,True,False,0.4050835847000215,0.4050835847000215,1256.8848617118483,0.8668171460081713,1.0846333967105872,0.04529635410251376,1.2281300471637024,0.7021947643520771,1.123346248012432,1.1390748960150667,1.1390748960150667,,False,True,aeb_feasible,False,False,4.242035669885601,1.565740630767757,2.6762950391178437,38.03098550707698,0.5004077040404865,2.2361085981442437,5.13444664988419,0.32895558147343723,0.6466117216680959,0.18421052631578946,8.141200246543006,0.003913975786417723,1,nan,nan,76,2.2361085981442437,0.32895558147343723,8.141200246543006,0.5004077040404865,0,nan,nan,nan,nan,0,nan,nan,nan,nan,m1680-spec-0027::L2_window_100_current_tiled,m1680-spec-0027,L2_window_100_current_tiled,T4,t4_staged_warmup_capability|capability_step_up,mapping_window_unspecified,all_72_specs;mapping_window_unspecified;task_family_T4,t4_staged_warmup_capability,t4_staged_warmup_capability,runs/m1674_controller_family_one_seed_public_pilot/configs/L2_window_100_current_tiled_seed167400.json,runs/m1674_controller_family_one_seed_public_pilot/profile_runs/L2_window_100_current_tiled/seed_167400/checkpoint.pt,100,169627,False,True,False,False,False,False,False,False,False,False,False,False,False
169628,checkpoint,75,True,False,0.457290968770168,0.457290968770168,1349.913685596279,0.9309749555836407,1.095026089978926,0.0509176351763021,1.1879490044620482,0.7184479949072875,0.8741467114004687,0.9802483546094988,0.9802483546094988,,False,True,aeb_feasible,False,False,25.435492220087554,1.8676407955596313,23.567851424527923,25.238754385951182,0.33651672514601577,2.261839519111221,5.02616279618292,0.5015336702443408,0.10055308578808121,0.0,7.637052469114545,0.0028512889984995127,1,nan,nan,75,2.261839519111221,0.5015336702443408,7.637052469114545,0.33651672514601577,0,nan,nan,nan,nan,0,nan,nan,nan,nan,m1680-spec-0027::L2_window_13,m1680-spec-0027,L2_window_13,T4,t4_staged_warmup_capability|capability_step_up,mapping_window_unspecified,all_72_specs;mapping_window_unspecified;task_family_T4,t4_staged_warmup_capability,t4_staged_warmup_capability,runs/m1674_controller_family_one_seed_public_pilot/configs/L2_window_13_seed167400.json,runs/m1674_controller_family_one_seed_public_pilot/profile_runs/L2_window_13/seed_167400/checkpoint.pt,13,169628,False,True,False,False,False,False,False,False,False,False,False,False,False
169629,checkpoint,68,True,False,0.4599517821021767,0.4599517821021767,1269.3873896158088,0.8754395790453854,0.9321246880863646,-0.031488305725345445,0.700820714966504,0.8956892007306467,1.1150371944466686,2.0868438048374,2.0868438048374,,False,True,aeb_feasible,False,False,24.84862801772914,1.7868841920822556,23.061743825646886,29.905108384132994,0.4397810056490146,2.305053546205964,5.064628992445996,0.2800477802457581,0.1410412096656915,0.0,8.11530406456432,0.0031805511098355055,1,nan,nan,68,2.305053546205964,0.2800477802457581,8.11530406456432,0.4397810056490146,0,nan,nan,nan,nan,0,nan,nan,nan,nan,m1680-spec-0027::L2_window_13_current_tiled,m1680-spec-0027,L2_window_13_current_tiled,T4,t4_staged_warmup_capability|capability_step_up,mapping_window_unspecified,all_72_specs;mapping_window_unspecified;task_family_T4,t4_staged_warmup_capability,t4_staged_warmup_capability,runs/m1674_controller_family_one_seed_public_pilot/configs/L2_window_13_current_tiled_seed167400.json,runs/m1674_controller_family_one_seed_public_pilot/profile_runs/L2_window_13_current_tiled/seed_167400/checkpoint.pt,13,169629,False,True,False,False,False,False,False,False,False,False,False,False,False
169630,checkpoint,63,True,False,0.7658760889438196,0.7658760889438196,1637.3344252013987,1.1291961553113095,1.0785991599874505,0.08366772290446645,0.9516485798515847,1.1541322922750608,1.123693916360022,1.3915654562308608,1.3915654562308608,,False,True,aeb_feasible,False,False,8.10280078399984,1.8096786226844372,6.293122161315402,10.28468298628594,0.16324893629025303,2.3611903755740253,5.053282993398479,0.5193083922383355,0.051351271110188224,0.0,8.74102094431624,0.0028907270170748234,1,nan,nan,63,2.3611903755740253,0.5193083922383355,8.74102094431624,0.16324893629025303,0,nan,nan,nan,nan,0,nan,nan,nan,nan,m1680-spec-0027::L2_window_25,m1680-spec-0027,L2_window_25,T4,t4_staged_warmup_capability|capability_step_up,mapping_window_unspecified,all_72_specs;mapping_window_unspecified;task_family_T4,t4_staged_warmup_capability,t4_staged_warmup_capability,runs/m1674_controller_family_one_seed_public_pilot/configs/L2_window_25_seed167400.json,runs/m1674_controller_family_one_seed_public_pilot/profile_runs/L2_window_25/seed_167400/checkpoint.pt,25,169630,False,True,False,False,False,False,False,False,False,False,False,False,False
169631,checkpoint,69,True,False,0.7913328205329728,0.7913328205329728,1658.8444648069667,1.144030665384115,1.0378622995116735,0.10327530859701395,1.0755831359947479,0.8563821079136639,0.993988653958782,2.051583520847005,2.051583520847005,,False,True,aeb_feasible,False,False,18.4948335723313,2.0776334269727257,16.417200145358574,19.508290330116456,0.2827288453640066,2.3443466588420563,5.10073936757037,0.39939711651928134,0.045078158744811636,0.0,7.954514049969708,0.0030350463930517435,1,nan,nan,69,2.3443466588420563,0.39939711651928134,7.954514049969708,0.2827288453640066,0,nan,nan,nan,nan,0,nan,nan,nan,nan,m1680-spec-0027::L2_window_25_current_tiled,m1680-spec-0027,L2_window_25_current_tiled,T4,t4_staged_warmup_capability|capability_step_up,mapping_window_unspecified,all_72_specs;mapping_window_unspecified;task_family_T4,t4_staged_warmup_capability,t4_staged_warmup_capability,runs/m1674_controller_family_one_seed_public_pilot/configs/L2_window_25_current_tiled_seed167400.json,runs/m1674_controller_family_one_seed_public_pilot/profile_runs/L2_window_25_current_tiled/seed_167400/checkpoint.pt,25,169631,False,True,False,False,False,False,False,False,False,False,False,False,False
169632,checkpoint,74,True,False,0.36317698990209935,0.36317698990209935,1320.3917619675544,0.9106150082534858,0.9797475314068802,-0.10076442237389771,0.8860146549308673,0.7503202140573804,0.8057556307324028,1.4301194100478085,1.4301194100478085,,False,True,aeb_feasible,False,False,12.943033080465709,1.9218826876730075,11.021150392792702,21.5526112963274,0.2912515040044243,2.248050224929916,5.080984177028043,0.42577403273078135,0.05982712294671423,0.0,7.678294527777015,0.0023655714467167854,1,nan,nan,74,2.248050224929916,0.42577403273078135,7.678294527777015,0.2912515040044243,0,nan,nan,nan,nan,0,nan,nan,nan,nan,m1680-spec-0027::L2_window_50,m1680-spec-0027,L2_window_50,T4,t4_staged_warmup_capability|capability_step_up,mapping_window_unspecified,all_72_specs;mapping_window_unspecified;task_family_T4,t4_staged_warmup_capability,t4_staged_warmup_capability,runs/m1674_controller_family_one_seed_public_pilot/configs/L2_window_50_seed167400.json,runs/m1674_controller_family_one_seed_public_pilot/profile_runs/L2_window_50/seed_167400/checkpoint.pt,50,169632,False,True,False,False,False,False,False,False,False,False,False,False,False
169633,checkpoint,78,True,False,0.40286681313355116,0.40286681313355116,1327.3199668858338,0.9153930806109198,0.869315521617591,-0.09721407813596383,1.1389434967455079,1.0996257246248344,0.7687328439835115,1.2144784265947435,1.2144784265947435,,False,True,aeb_feasible,False,False,11.363958643837705,1.6099908615566867,9.753967782281018,3.4464233545032084,0.04418491480132319,2.4369299759755965,5.081394360136251,0.5352450333974966,0.06602250211011569,0.0,6.849703662495199,0.0026761251501739025,1,nan,nan,78,2.4369299759755965,0.5352450333974966,6.849703662495199,0.04418491480132319,0,nan,nan,nan,nan,0,nan,nan,nan,nan,m1680-spec-0027::L2_window_50_current_tiled,m1680-spec-0027,L2_window_50_current_tiled,T4,t4_staged_warmup_capability|capability_step_up,mapping_window_unspecified,all_72_specs;mapping_window_unspecified;task_family_T4,t4_staged_warmup_capability,t4_staged_warmup_capability,runs/m1674_controller_family_one_seed_public_pilot/configs/L2_window_50_current_tiled_seed167400.json,runs/m1674_controller_family_one_seed_public_pilot/profile_runs/L2_window_50_current_tiled/seed_167400/checkpoint.pt,50,169633,False,True,False,False,False,False,False,False,False,False,False,False,False
169634,checkpoint,89,True,False,0.7805284810585646,0.7805284810585646,1379.0253537443139,0.9510519680995267,1.059179212473941,-0.06686117982962458,0.9255869638494401,0.5291304811837673,0.950632704430967,2.1438535698926775,2.1438535698926775,,False,True,aeb_feasible,False,False,13.377692317910977,1.5723420564436519,11.805350261467325,51.33598867492904,0.5768088615160566,2.1737586503319326,5.026831322325663,0.5357499243616487,0.02059023617323364,0.0,9.92556139232873,0.0013651993358507752,1,nan,nan,89,2.1737586503319326,0.5357499243616487,9.92556139232873,0.5768088615160566,0,nan,nan,nan,nan,0,nan,nan,nan,nan,m1680-spec-0027::L3_online_gru,m1680-spec-0027,L3_online_gru,T4,t4_staged_warmup_capability|capability_step_up,mapping_window_unspecified,all_72_specs;mapping_window_unspecified;task_family_T4,t4_staged_warmup_capability,t4_staged_warmup_capability,runs/m1674_controller_family_one_seed_public_pilot/configs/L3_online_gru_seed167400.json,runs/m1674_controller_family_one_seed_public_pilot/profile_runs/L3_online_gru/seed_167400/checkpoint.pt,1,169634,False,True,False,False,False,False,False,False,False,False,False,False,False
169635,checkpoint,82,True,False,0.8049009997042302,0.8049009997042302,1305.5959652072625,0.9004110104877672,0.9456863647658017,0.1099482372124132,1.1367899800524999,0.5626799746862471,1.1455722960198527,1.1592808345352044,1.1592808345352044,,False,True,aeb_feasible,False,False,15.989500771146487,2.0751873798723914,13.914313391274096,38.992340065995286,0.4755163422682352,2.267580772276496,5.076981517169042,0.6685205657824596,0.031970915749024144,0.0,10.865076829446336,0.0009540774044580758,1,nan,nan,82,2.267580772276496,0.6685205657824596,10.865076829446336,0.4755163422682352,0,nan,nan,nan,nan,0,nan,nan,nan,nan,m1680-spec-0027::L3_reset_control_corrected,m1680-spec-0027,L3_reset_control_corrected,T4,t4_staged_warmup_capability|capability_step_up,mapping_window_unspecified,all_72_specs;mapping_window_unspecified;task_family_T4,t4_staged_warmup_capability,t4_staged_warmup_capability,runs/m1674_controller_family_one_seed_public_pilot/configs/L3_reset_control_corrected_seed167400.json,runs/m1674_controller_family_one_seed_public_pilot/profile_runs/L3_reset_control_corrected/seed_167400/checkpoint.pt,1,169635,False,True,False,False,False,False,False,False,False,False,False,False,False
169636,checkpoint,85,True,False,0.3024757091906043,0.8504143119184131,1684.498493149183,1.1617230987235745,1.1393141832200646,-0.1022819363941565,1.290421561977741,0.6876193094205164,0.7514884663657723,1.8927927460917622,1.892792746091762,17,True,True,aeb_feasible,False,False,16.579247044443385,1.7244189376891286,14.854828106754256,26.802336504566735,0.3153216059360792,2.257016838691199,5.071446556380721,0.5249948115897384,0.041296693913398734,0.0,9.345898542797254,0.001656619249843061,1,nan,nan,85,2.257016838691199,0.5249948115897384,9.345898542797254,0.3153216059360792,0,nan,nan,nan,nan,0,nan,nan,nan,nan,m1680-spec-0028::L0_current_masked,m1680-spec-0028,L0_current_masked,T4,actuator_delay_step|capability_step_up,reveal_plus_4,all_72_specs;explicit_window_subset;task_family_T4,capability_step_up,t4_capability_step_temporal,runs/m1674_controller_family_one_seed_public_pilot/configs/L0_current_masked_seed167400.json,runs/m1674_controller_family_one_seed_public_pilot/profile_runs/L0_current_masked/seed_167400/checkpoint.pt,1,169636,False,True,False,False,False,False,False,False,False,False,False,False,False
169637,checkpoint,93,True,False,0.6872644767028395,1.0446361897529661,1282.0518877884417,0.8841737157161667,1.1398862740969629,-0.10455928480390386,0.7677928584661273,1.2279567105803326,1.0334199807123963,1.4634536704081778,1.4634536704081778,16,True,True,aeb_feasible,False,False,6.6058751436164505,1.7294420341915817,4.876433109424869,23.58050145031919,0.2535537790356902,2.3533097384276065,5.002123381093178,0.468291932584401,0.008557951797245804,0.0,8.339725531590997,0.0013902004575356841,1,nan,nan,93,2.3533097384276065,0.468291932584401,8.339725531590997,0.2535537790356902,0,nan,nan,nan,nan,0,nan,nan,nan,nan,m1680-spec-0028::L1_one_step,m1680-spec-0028,L1_one_step,T4,actuator_delay_step|capability_step_up,reveal_plus_4,all_72_specs;explicit_window_subset;task_family_T4,capability_step_up,t4_capability_step_temporal,runs/m1674_controller_family_one_seed_public_pilot/configs/L1_one_step_seed167400.json,runs/m1674_controller_family_one_seed_public_pilot/profile_runs/L1_one_step/seed_167400/checkpoint.pt,1,169637,False,True,False,False,False,False,False,False,False,False,False,False,False
169638,checkpoint,84,True,False,0.5303680164647919,0.37398807077645224,1507.566665118732,1.0397011483577463,0.9171930879749113,-0.05436626035485581,1.243959909506278,1.1210824041426135,0.7852959918750931,1.7394236175671587,1.739423617567159,15,True,True,aeb_feasible,False,False,29.987915199950557,1.927787200736058,28.060127999214497,-0.9776467192410587,-0.011638651419536414,2.3458777691176125,5.0968006092816225,0.6361223503637954,0.07176243972514493,0.0,6.748355354981614,0.002537899650633335,1,nan,nan,84,2.3458777691176125,0.6361223503637954,6.748355354981614,-0.011638651419536414,0,nan,nan,nan,nan,0,nan,nan,nan,nan,m1680-spec-0028::L2_window_100,m1680-spec-0028,L2_window_100,T4,actuator_delay_step|capability_step_up,reveal_plus_4,all_72_specs;explicit_window_subset;task_family_T4,capability_step_up,t4_capability_step_temporal,runs/m1674_controller_family_one_seed_public_pilot/configs/L2_window_100_seed167400.json,runs/m1674_controller_family_one_seed_public_pilot/profile_runs/L2_window_100/seed_167400/checkpoint.pt,100,169638,False,True,False,False,False,False,False,False,False,False,False,False,False
169639,checkpoint,53,True,False,0.9182336688362903,0.9719771414060441,1622.873367338069,1.119223011957289,1.1608215167455898,0.07148842641430209,0.7704166182409475,0.8103070834962512,1.3200798218094623,1.5671819022947988,1.5671819022947986,19,True,True,aeb_feasible,False,False,10.439148502169548,1.5326258199765848,8.906522682192964,12.641988225414973,0.23852807972481083,2.2345705595870595,5.140701939748503,0.5595137738985646,0.08127567722384253,0.0,11.904991290998735,0.003892958629876375,1,nan,nan,53,2.2345705595870595,0.5595137738985646,11.904991290998735,0.23852807972481083,0,nan,nan,nan,nan,0,nan,nan,nan,nan,m1680-spec-0028::L2_window_100_current_tiled,m1680-spec-0028,L2_window_100_current_tiled,T4,actuator_delay_step|capability_step_up,reveal_plus_4,all_72_specs;explicit_window_subset;task_family_T4,capability_step_up,t4_capability_step_temporal,runs/m1674_controller_family_one_seed_public_pilot/configs/L2_window_100_current_tiled_seed167400.json,runs/m1674_controller_family_one_seed_public_pilot/profile_runs/L2_window_100_current_tiled/seed_167400/checkpoint.pt,100,169639,False,True,False,False,False,False,False,False,False,False,False,False,False
169640,checkpoint,72,True,False,0.8395925540010178,0.7510041909198999,1527.7796986938952,1.0536411715130312,0.9157085449301491,-0.08612268450839355,1.4245959703384092,0.6586596174636856,0.7463147184382544,1.9979795297792746,1.9979795297792746,18,True,True,aeb_feasible,False,False,24.36007897304112,1.653453112254105,22.706625860787014,23.32709797303682,0.32398747184773363,2.259763356302891,5.0292624466943,0.3607714630838657,0.06343399435237972,0.0,7.77419228901063,0.0027899674605578184,1,nan,nan,72,2.259763356302891,0.3607714630838657,7.77419228901063,0.32398747184773363,0,nan,nan,nan,nan,0,nan,nan,nan,nan,m1680-spec-0028::L2_window_13,m1680-spec-0028,L2_window_13,T4,actuator_delay_step|capability_step_up,reveal_plus_4,all_72_specs;explicit_window_subset;task_family_T4,capability_step_up,t4_capability_step_temporal,runs/m1674_controller_family_one_seed_public_pilot/configs/L2_window_13_seed167400.json,runs/m1674_controller_family_one_seed_public_pilot/profile_runs/L2_window_13/seed_167400/checkpoint.pt,13,169640,False,True,False,False,False,False,False,False,False,False,False,False,False
169641,checkpoint,59,True,False,1.0096477711624106,0.8802905513987176,1256.5866530233088,0.8666114848436612,1.1221793860623135,-0.010698171912298493,0.6100362788203579,0.6422047659126784,1.0833596529345915,1.8197829160222196,1.8197829160222194,17,True,True,aeb_feasible,False,False,25.526069547301383,1.979451783531006,23.546617763770378,13.892786969688146,0.23547096558793468,2.339104562680628,5.033468779635104,0.5683038813927387,0.03834402889223669,0.0,8.933898360732185,0.0034453014377504587,1,nan,nan,59,2.339104562680628,0.5683038813927387,8.933898360732185,0.23547096558793468,0,nan,nan,nan,nan,0,nan,nan,nan,nan,m1680-spec-0028::L2_window_13_current_tiled,m1680-spec-0028,L2_window_13_current_tiled,T4,actuator_delay_step|capability_step_up,reveal_plus_4,all_72_specs;explicit_window_subset;task_family_T4,capability_step_up,t4_capability_step_temporal,runs/m1674_controller_family_one_seed_public_pilot/configs/L2_window_13_current_tiled_seed167400.json,runs/m1674_controller_family_one_seed_public_pilot/profile_runs/L2_window_13_current_tiled/seed_167400/checkpoint.pt,13,169641,False,True,False,False,False,False,False,False,False,False,False,False,False
169642,checkpoint,68,True,False,0.7602479447051865,0.5788074949236901,1474.3936058790769,1.0168231764683289,0.9474826521791024,0.06133601790052179,1.0272427778500126,0.7938887132841348,1.1160676218723884,1.8230832652164393,1.8230832652164395,15,True,True,aeb_feasible,False,False,22.10411192985665,1.6153216608378596,20.48879026901879,18.44124816567666,0.2711948259658333,2.225869431216353,5.043942076886875,0.5768088910786505,0.047950158038103596,0.0,8.417086726275995,0.0029510394670069218,1,nan,nan,68,2.225869431216353,0.5768088910786505,8.417086726275995,0.2711948259658333,0,nan,nan,nan,nan,0,nan,nan,nan,nan,m1680-spec-0028::L2_window_25,m1680-spec-0028,L2_window_25,T4,actuator_delay_step|capability_step_up,reveal_plus_4,all_72_specs;explicit_window_subset;task_family_T4,capability_step_up,t4_capability_step_temporal,runs/m1674_controller_family_one_seed_public_pilot/configs/L2_window_25_seed167400.json,runs/m1674_controller_family_one_seed_public_pilot/profile_runs/L2_window_25/seed_167400/checkpoint.pt,25,169642,False,True,False,False,False,False,False,False,False,False,False,False,False
169643,checkpoint,70,True,False,0.3123051066491217,0.5067695229340852,1445.9670115214121,0.9972186286354566,1.0957407240356312,-0.08775163332167124,1.0172626839012135,0.5907048193494167,0.8405889217937136,1.0729593936735513,1.0729593936735513,18,True,True,aeb_feasible,False,False,19.23619132789813,1.7445829271680378,17.491608400730094,23.51842680193147,0.3359775257418781,2.4889712776812463,5.0249100756673,0.4119641482584691,0.5503109426631237,0.15714285714285714,8.579119908844344,0.004071296192705631,1,nan,nan,70,2.4889712776812463,0.4119641482584691,8.579119908844344,0.3359775257418781,0,nan,nan,nan,nan,0,nan,nan,nan,nan,m1680-spec-0028::L2_window_25_current_tiled,m1680-spec-0028,L2_window_25_current_tiled,T4,actuator_delay_step|capability_step_up,reveal_plus_4,all_72_specs;explicit_window_subset;task_family_T4,capability_step_up,t4_capability_step_temporal,runs/m1674_controller_family_one_seed_public_pilot/configs/L2_window_25_current_tiled_seed167400.json,runs/m1674_controller_family_one_seed_public_pilot/profile_runs/L2_window_25_current_tiled/seed_167400/checkpoint.pt,25,169643,False,True,False,False,False,False,False,False,False,False,False,False,False
169644,checkpoint,70,True,False,0.35853492651199204,0.42411476610114895,1353.0777020849412,0.933157035920649,0.9681757009992282,-0.11014502377754232,1.2897419334683606,1.2562600618478095,1.2242058954309667,1.5089050105792345,1.5089050105792345,20,True,True,aeb_feasible,False,False,14.021508297771454,2.0738536002975305,11.947654697473924,5.940924220661231,0.08487034600944617,2.3562424334929237,5.136041566195001,0.6582850741839927,0.055976675989396325,0.0,7.878638881574698,0.002611591015011072,1,nan,nan,70,2.3562424334929237,0.6582850741839927,7.878638881574698,0.08487034600944617,0,nan,nan,nan,nan,0,nan,nan,nan,nan,m1680-spec-0028::L2_window_50,m1680-spec-0028,L2_window_50,T4,actuator_delay_step|capability_step_up,reveal_plus_4,all_72_specs;explicit_window_subset;task_family_T4,capability_step_up,t4_capability_step_temporal,runs/m1674_controller_family_one_seed_public_pilot/configs/L2_window_50_seed167400.json,runs/m1674_controller_family_one_seed_public_pilot/profile_runs/L2_window_50/seed_167400/checkpoint.pt,50,169644,False,True,False,False,False,False,False,False,False,False,False,False,False
169645,checkpoint,79,True,False,0.8403612645706595,0.38333283210518826,1286.4101858586419,0.8871794385232012,0.8675372647800057,-0.04948240044312824,1.1954796903685934,0.8163094852931658,0.5923908046853525,1.4135474004431872,1.4135474004431872,15,True,True,aeb_feasible,False,False,21.17723086172353,1.9141930665390317,19.2630377951845,17.31219683582559,0.21914173209905807,2.4261931002364596,5.0611001580661075,0.2923800128358708,0.06801812327258631,0.0,6.8220538991205,0.002857172628864646,1,nan,nan,79,2.4261931002364596,0.2923800128358708,6.8220538991205,0.21914173209905807,0,nan,nan,nan,nan,0,nan,nan,nan,nan,m1680-spec-0028::L2_window_50_current_tiled,m1680-spec-0028,L2_window_50_current_tiled,T4,actuator_delay_step|capability_step_up,reveal_plus_4,all_72_specs;explicit_window_subset;task_family_T4,capability_step_up,t4_capability_step_temporal,runs/m1674_controller_family_one_seed_public_pilot/configs/L2_window_50_current_tiled_seed167400.json,runs/m1674_controller_family_one_seed_public_pilot/profile_runs/L2_window_50_current_tiled/seed_167400/checkpoint.pt,50,169645,False,True,False,False,False,False,False,False,False,False,False,False,False
169646,checkpoint,103,True,False,0.5266839039378504,0.6194624630996535,1281.5098928635803,0.883799926112814,1.0722325445517544,0.11802341191196941,1.1135828997524997,0.7690639453735774,1.3324192738821883,1.434752684969678,1.434752684969678,17,True,True,aeb_feasible,False,False,10.397922198325537,1.5994176961270228,8.798504502198513,42.15148926016219,0.40923775980739985,2.357950915556172,5.03441613004242,0.5282397864971706,1.5707962298431104,0.5922330097087378,10.294994518863323,0.0015981235774233937,1,nan,nan,103,2.357950915556172,0.5282397864971706,10.294994518863323,0.40923775980739985,0,nan,nan,nan,nan,0,nan,nan,nan,nan,m1680-spec-0028::L3_online_gru,m1680-spec-0028,L3_online_gru,T4,actuator_delay_step|capability_step_up,reveal_plus_4,all_72_specs;explicit_window_subset;task_family_T4,capability_step_up,t4_capability_step_temporal,runs/m1674_controller_family_one_seed_public_pilot/configs/L3_online_gru_seed167400.json,runs/m1674_controller_family_one_seed_public_pilot/profile_runs/L3_online_gru/seed_167400/checkpoint.pt,1,169646,False,True,False,False,False,False,False,False,False,False,False,False,False
169647,checkpoint,103,False,True,0.8261879943457257,0.44338281448692035,1558.7390912708488,1.0749924767385164,1.1056806503677075,-0.04641606242564866,0.6185065532639717,0.6553375441897862,0.5744707148096877,0.9253036099714084,0.9253036099714084,20,True,True,aeb_feasible,False,True,2.620422353379237,1.6560486626613145,0.9643736907179226,91.94588229259908,0.8926784688601852,1.2254872148783664,3.0435559154641894,0.4623768413191536,0.04032397805846067,0.0,7.467487189665854,0.000670294335577637,1,nan,nan,103,1.2254872148783664,0.4623768413191536,7.467487189665854,0.8926784688601852,0,nan,nan,nan,nan,0,nan,nan,nan,nan,m1680-spec-0028::L3_reset_control_corrected,m1680-spec-0028,L3_reset_control_corrected,T4,actuator_delay_step|capability_step_up,reveal_plus_4,all_72_specs;explicit_window_subset;task_family_T4,capability_step_up,t4_capability_step_temporal,runs/m1674_controller_family_one_seed_public_pilot/configs/L3_reset_control_corrected_seed167400.json,runs/m1674_controller_family_one_seed_public_pilot/profile_runs/L3_reset_control_corrected/seed_167400/checkpoint.pt,1,169647,False,True,False,False,False,False,False,False,False,False,False,False,True
169648,checkpoint,105,True,False,0.5691422817518969,0.5691422817518969,1680.6966826033133,1.1591011604160781,1.1899626123765608,0.06163419744558163,0.8075659894761876,0.9679737007577819,0.8192981529925918,1.651776614826391,1.651776614826391,,False,True,aeb_feasible,False,False,12.392902471293375,1.833863758386777,10.559038712906599,15.89789065359161,0.1514084824151582,2.2712647380399416,5.007357975198094,0.6331369202238039,0.04542925725229243,0.0,7.418376756797405,0.0012329352321103215,1,nan,nan,105,2.2712647380399416,0.6331369202238039,7.418376756797405,0.1514084824151582,0,nan,nan,nan,nan,0,nan,nan,nan,nan,m1680-spec-0029::L0_current_masked,m1680-spec-0029,L0_current_masked,T4,actuator_delay_step|t4_capability_step_temporal,mapping_window_unspecified,all_72_specs;mapping_window_unspecified;task_family_T4,actuator_delay_step,t4_actuator_delay_response,runs/m1674_controller_family_one_seed_public_pilot/configs/L0_current_masked_seed167400.json,runs/m1674_controller_family_one_seed_public_pilot/profile_runs/L0_current_masked/seed_167400/checkpoint.pt,1,169648,False,True,False,False,False,False,False,False,False,False,False,False,False
169649,checkpoint,74,True,False,0.8127052174027227,0.8127052174027227,1598.450273954141,1.102379499278718,0.8619429499959975,0.07550918889727476,1.191104677624032,0.752574971094183,1.1545780633588751,1.1744124186920875,1.1744124186920875,,False,True,aeb_feasible,False,False,27.654962114067196,1.575147075773106,26.07981503829409,19.787721998518606,0.2674016486286298,2.347330996816667,5.042539471933583,0.6134075573227509,0.012065653267016006,0.0,9.570897099392816,0.0021183325443416834,1,nan,nan,74,2.347330996816667,0.6134075573227509,9.570897099392816,0.2674016486286298,0,nan,nan,nan,nan,0,nan,nan,nan,nan,m1680-spec-0029::L1_one_step,m1680-spec-0029,L1_one_step,T4,actuator_delay_step|t4_capability_step_temporal,mapping_window_unspecified,all_72_specs;mapping_window_unspecified;task_family_T4,actuator_delay_step,t4_actuator_delay_response,runs/m1674_controller_family_one_seed_public_pilot/configs/L1_one_step_seed167400.json,runs/m1674_controller_family_one_seed_public_pilot/profile_runs/L1_one_step/seed_167400/checkpoint.pt,1,169649,False,True,False,False,False,False,False,False,False,False,False,False,False
169650,checkpoint,71,True,False,0.5528921759048618,0.5528921759048618,1405.8793790619484,0.9695719855599644,1.177380681644845,0.05468673102198962,0.907974747283265,0.9094986092599837,0.9342702233938542,3.4594514923459703,3.4594514923459703,,False,True,aeb_feasible,False,False,5.8127720315208204,1.8340342397930067,3.9787377917278137,15.23184716106028,0.2145330586064828,2.340905518147147,5.042366742124713,0.4740451458514135,0.047765849507061024,0.0,7.630879457355038,0.002332401927560568,1,nan,nan,71,2.340905518147147,0.4740451458514135,7.630879457355038,0.2145330586064828,0,nan,nan,nan,nan,0,nan,nan,nan,nan,m1680-spec-0029::L2_window_100,m1680-spec-0029,L2_window_100,T4,actuator_delay_step|t4_capability_step_temporal,mapping_window_unspecified,all_72_specs;mapping_window_unspecified;task_family_T4,actuator_delay_step,t4_actuator_delay_response,runs/m1674_controller_family_one_seed_public_pilot/configs/L2_window_100_seed167400.json,runs/m1674_controller_family_one_seed_public_pilot/profile_runs/L2_window_100/seed_167400/checkpoint.pt,100,169650,False,True,False,False,False,False,False,False,False,False,False,False,False
169651,checkpoint,71,True,False,0.8523252389086212,0.8523252389086212,1594.4441559291247,1.0996166592614653,1.2453667588538937,-0.0963823420858756,1.1480947910798132,0.8333357931822958,0.830434175792549,2.284021811686511,2.284021811686511,,False,True,aeb_feasible,False,False,12.873649782608373,1.9245227711952482,10.949127011413125,8.900127024666888,0.12535390175587166,2.3190820128512,5.036705626969908,0.5864446426265756,0.06178691772455985,0.0,7.63356889329996,0.0029505137354135513,1,nan,nan,71,2.3190820128512,0.5864446426265756,7.63356889329996,0.12535390175587166,0,nan,nan,nan,nan,0,nan,nan,nan,nan,m1680-spec-0029::L2_window_100_current_tiled,m1680-spec-0029,L2_window_100_current_tiled,T4,actuator_delay_step|t4_capability_step_temporal,mapping_window_unspecified,all_72_specs;mapping_window_unspecified;task_family_T4,actuator_delay_step,t4_actuator_delay_response,runs/m1674_controller_family_one_seed_public_pilot/configs/L2_window_100_current_tiled_seed167400.json,runs/m1674_controller_family_one_seed_public_pilot/profile_runs/L2_window_100_current_tiled/seed_167400/checkpoint.pt,100,169651,False,True,False,False,False,False,False,False,False,False,False,False,False
169652,checkpoint,71,True,False,0.6035112308808339,0.6035112308808339,1507.4169492788849,1.0395978960544034,1.1073011563238988,0.03800801987009628,1.1672604020999249,1.032225464880877,1.0804712456213892,2.2017998404075385,2.2017998404075385,,False,True,aeb_feasible,False,False,11.650978657001032,2.0144983172300797,9.636480339770952,17.432817239277572,0.24553263717292356,2.2682950347333675,5.077129675513454,0.5141030953185278,0.0538194917363893,0.0,8.168559650954263,0.0027066878974437714,1,nan,nan,71,2.2682950347333675,0.5141030953185278,8.168559650954263,0.24553263717292356,0,nan,nan,nan,nan,0,nan,nan,nan,nan,m1680-spec-0029::L2_window_13,m1680-spec-0029,L2_window_13,T4,actuator_delay_step|t4_capability_step_temporal,mapping_window_unspecified,all_72_specs;mapping_window_unspecified;task_family_T4,actuator_delay_step,t4_actuator_delay_response,runs/m1674_controller_family_one_seed_public_pilot/configs/L2_window_13_seed167400.json,runs/m1674_controller_family_one_seed_public_pilot/profile_runs/L2_window_13/seed_167400/checkpoint.pt,13,169652,False,True,False,False,False,False,False,False,False,False,False,False,False
169653,checkpoint,64,True,False,0.9771744962376179,0.9771744962376179,1402.1256368990992,0.9669831978614477,1.0358027442046556,-0.06654923070758079,0.8197112542109721,1.1831718789384076,0.805329282764735,2.9815222892797193,2.9815222892797193,,False,True,aeb_feasible,False,False,28.17051848241954,1.4854669083974552,26.685051574022083,4.018944647970463,0.06279601012453849,2.3196436291786657,5.105387335669409,0.6049365350890977,0.046576182177269373,0.0,9.508856368500892,0.0036783141549676657,1,nan,nan,64,2.3196436291786657,0.6049365350890977,9.508856368500892,0.06279601012453849,0,nan,nan,nan,nan,0,nan,nan,nan,nan,m1680-spec-0029::L2_window_13_current_tiled,m1680-spec-0029,L2_window_13_current_tiled,T4,actuator_delay_step|t4_capability_step_temporal,mapping_window_unspecified,all_72_specs;mapping_window_unspecified;task_family_T4,actuator_delay_step,t4_actuator_delay_response,runs/m1674_controller_family_one_seed_public_pilot/configs/L2_window_13_current_tiled_seed167400.json,runs/m1674_controller_family_one_seed_public_pilot/profile_runs/L2_window_13_current_tiled/seed_167400/checkpoint.pt,13,169653,False,True,False,False,False,False,False,False,False,False,False,False,False
169654,checkpoint,62,True,False,0.8252359591548849,0.8252359591548849,1601.2504816205853,1.104310676979714,0.9991517539827367,-0.03234749127508785,1.026070231882189,0.990345326646188,0.8676274994587476,1.6000916401255787,1.6000916401255785,,False,True,aeb_feasible,False,False,14.703699386160558,1.4886938252338822,13.215005560926675,12.178068477561037,0.19642045931550062,2.287710344284645,5.146174463558975,0.4594674888633689,0.04021035236642317,0.0,9.82775557804437,0.003286730730906129,1,nan,nan,62,2.287710344284645,0.4594674888633689,9.82775557804437,0.19642045931550062,0,nan,nan,nan,nan,0,nan,nan,nan,nan,m1680-spec-0029::L2_window_25,m1680-spec-0029,L2_window_25,T4,actuator_delay_step|t4_capability_step_temporal,mapping_window_unspecified,all_72_specs;mapping_window_unspecified;task_family_T4,actuator_delay_step,t4_actuator_delay_response,runs/m1674_controller_family_one_seed_public_pilot/configs/L2_window_25_seed167400.json,runs/m1674_controller_family_one_seed_public_pilot/profile_runs/L2_window_25/seed_167400/checkpoint.pt,25,169654,False,True,False,False,False,False,False,False,False,False,False,False,False
169655,checkpoint,74,True,False,0.6756893742580878,0.6756893742580878,1470.5272762568309,1.0141567422460902,1.046968495331923,-0.06717427501232631,1.0611189600758646,1.1641065321537092,0.768696672048161,3.933503991083902,3.9335039910839025,,False,True,aeb_feasible,False,False,7.816011879223045,1.5547323999653782,6.2612794792576665,15.952959773311584,0.21558053747718356,2.220637601058444,5.0667211434397075,0.4655418790225865,0.07023144597367299,0.0,8.600613729810217,0.002931558294221759,1,nan,nan,74,2.220637601058444,0.4655418790225865,8.600613729810217,0.21558053747718356,0,nan,nan,nan,nan,0,nan,nan,nan,nan,m1680-spec-0029::L2_window_25_current_tiled,m1680-spec-0029,L2_window_25_current_tiled,T4,actuator_delay_step|t4_capability_step_temporal,mapping_window_unspecified,all_72_specs;mapping_window_unspecified;task_family_T4,actuator_delay_step,t4_actuator_delay_response,runs/m1674_controller_family_one_seed_public_pilot/configs/L2_window_25_current_tiled_seed167400.json,runs/m1674_controller_family_one_seed_public_pilot/profile_runs/L2_window_25_current_tiled/seed_167400/checkpoint.pt,25,169655,False,True,False,False,False,False,False,False,False,False,False,False,False
169656,checkpoint,79,True,False,0.60242015726353,0.60242015726353,1306.6365304689755,0.9011286417027418,1.0889287822537563,-0.11411754756583115,1.104541570562337,1.1441696458260435,0.9583320559322096,0.8764217091980888,0.8764217091980887,,False,True,aeb_feasible,False,False,29.640235248262243,1.5121050843250012,28.128130163937243,21.133978057080935,0.267518709583303,2.3595986592434404,5.085747617448053,0.33747635991731645,0.07184508342189305,0.0,7.051097581833026,0.0028262927662581205,1,nan,nan,79,2.3595986592434404,0.33747635991731645,7.051097581833026,0.267518709583303,0,nan,nan,nan,nan,0,nan,nan,nan,nan,m1680-spec-0029::L2_window_50,m1680-spec-0029,L2_window_50,T4,actuator_delay_step|t4_capability_step_temporal,mapping_window_unspecified,all_72_specs;mapping_window_unspecified;task_family_T4,actuator_delay_step,t4_actuator_delay_response,runs/m1674_controller_family_one_seed_public_pilot/configs/L2_window_50_seed167400.json,runs/m1674_controller_family_one_seed_public_pilot/profile_runs/L2_window_50/seed_167400/checkpoint.pt,50,169656,False,True,False,False,False,False,False,False,False,False,False,False,False
169657,checkpoint,57,True,False,0.6968896072187603,0.6968896072187603,1232.669753678722,0.8501170715025669,0.9700407259112078,-0.06986882761148783,1.1600260261814892,0.9073740249056678,0.9660561120243454,1.2752459203214705,1.2752459203214705,,False,True,aeb_feasible,False,False,5.674210555382406,1.6206501449581094,4.053560410424296,6.944798983821491,0.12183857866353494,2.340411983861658,5.153056243928006,0.5959334572537346,0.05129721012609287,0.0,9.933140331743619,0.0037342000287026167,1,nan,nan,57,2.340411983861658,0.5959334572537346,9.933140331743619,0.12183857866353494,0,nan,nan,nan,nan,0,nan,nan,nan,nan,m1680-spec-0029::L2_window_50_current_tiled,m1680-spec-0029,L2_window_50_current_tiled,T4,actuator_delay_step|t4_capability_step_temporal,mapping_window_unspecified,all_72_specs;mapping_window_unspecified;task_family_T4,actuator_delay_step,t4_actuator_delay_response,runs/m1674_controller_family_one_seed_public_pilot/configs/L2_window_50_current_tiled_seed167400.json,runs/m1674_controller_family_one_seed_public_pilot/profile_runs/L2_window_50_current_tiled/seed_167400/checkpoint.pt,50,169657,False,True,False,False,False,False,False,False,False,False,False,False,False
169658,checkpoint,120,True,False,0.4511364383584212,0.4511364383584212,1321.0058409799733,0.9110385110206712,0.9370899937272944,0.07728544584309982,0.8735368135520405,0.7546109934242733,1.0951300271645978,1.0967188262170466,1.0967188262170466,,False,True,aeb_feasible,False,False,20.042772341468293,1.8499043267185047,18.192868014749788,25.428151764273718,0.211901264702281,2.4127406901483277,5.0044843044110365,0.5773158768986228,1.570796215061056,0.6,8.833298404072684,0.0014797974145039916,1,nan,nan,120,2.4127406901483277,0.5773158768986228,8.833298404072684,0.211901264702281,0,nan,nan,nan,nan,0,nan,nan,nan,nan,m1680-spec-0029::L3_online_gru,m1680-spec-0029,L3_online_gru,T4,actuator_delay_step|t4_capability_step_temporal,mapping_window_unspecified,all_72_specs;mapping_window_unspecified;task_family_T4,actuator_delay_step,t4_actuator_delay_response,runs/m1674_controller_family_one_seed_public_pilot/configs/L3_online_gru_seed167400.json,runs/m1674_controller_family_one_seed_public_pilot/profile_runs/L3_online_gru/seed_167400/checkpoint.pt,1,169658,False,True,False,False,False,False,False,False,False,False,False,False,False
169659,checkpoint,83,True,False,0.8388384336871649,0.8388384336871649,1250.7506101131903,0.8625866276642692,1.048673136590561,-0.02147573909017253,0.8549627413839949,0.7886606701224903,0.9508866615432547,3.7865541217565255,3.786554121756525,,False,True,aeb_feasible,False,False,5.399348357556009,1.5869976557217544,3.812350701834254,42.31257492119762,0.5097900592915376,2.312382548172566,5.0208516551664175,0.3912580834655687,0.020112080224802174,0.0,10.06673484855432,0.0009433148079551756,1,nan,nan,83,2.312382548172566,0.3912580834655687,10.06673484855432,0.5097900592915376,0,nan,nan,nan,nan,0,nan,nan,nan,nan,m1680-spec-0029::L3_reset_control_corrected,m1680-spec-0029,L3_reset_control_corrected,T4,actuator_delay_step|t4_capability_step_temporal,mapping_window_unspecified,all_72_specs;mapping_window_unspecified;task_family_T4,actuator_delay_step,t4_actuator_delay_response,runs/m1674_controller_family_one_seed_public_pilot/configs/L3_reset_control_corrected_seed167400.json,runs/m1674_controller_family_one_seed_public_pilot/profile_runs/L3_reset_control_corrected/seed_167400/checkpoint.pt,1,169659,False,True,False,False,False,False,False,False,False,False,False,False,False
169660,checkpoint,144,True,False,0.525880881319453,0.45129141041367493,1490.6135789183209,1.0280093647712558,1.0445855605451688,-0.003310476829813558,1.1481638379907873,1.21380784654933,0.6918750240316233,1.7546867300300812,1.7546867300300812,20,True,True,aeb_feasible,False,False,25.21610465076532,1.8527548319544471,23.363349818810875,15.327628261973352,0.1064418629303705,2.4527554845759254,5.003678902512892,0.33666893513194407,0.06206596564717734,0.0,5.8379119138307844,0.0008660959429107606,1,nan,nan,144,2.4527554845759254,0.33666893513194407,5.8379119138307844,0.1064418629303705,0,nan,nan,nan,nan,0,nan,nan,nan,nan,m1680-spec-0030::L0_current_masked,m1680-spec-0030,L0_current_masked,T4,capability_step_down|t4_actuator_delay_response,mapping_window_unspecified,all_72_specs;mapping_window_unspecified;task_family_T4,capability_step_down,t4_capability_step_temporal,runs/m1674_controller_family_one_seed_public_pilot/configs/L0_current_masked_seed167400.json,runs/m1674_controller_family_one_seed_public_pilot/profile_runs/L0_current_masked/seed_167400/checkpoint.pt,1,169660,False,True,False,False,False,False,False,False,False,False,False,False,False
169661,checkpoint,91,True,False,0.4177817389255931,0.5017882183937911,1333.998742524675,0.9199991327756379,1.23402726923886,0.022913209515927457,0.5161500732798193,0.5607535223823406,1.2303412718127764,1.8205043858076184,1.8205043858076184,15,True,True,aeb_feasible,False,False,16.913612561739722,2.055259983468129,14.858352578271592,57.69925228531713,0.6340577174210673,2.1328963507276675,5.0017356381695635,0.5208830759154609,0.039969344481292884,0.0,9.112288942542342,0.0015678851632401347,1,nan,nan,91,2.1328963507276675,0.5208830759154609,9.112288942542342,0.6340577174210673,0,nan,nan,nan,nan,0,nan,nan,nan,nan,m1680-spec-0030::L1_one_step,m1680-spec-0030,L1_one_step,T4,capability_step_down|t4_actuator_delay_response,mapping_window_unspecified,all_72_specs;mapping_window_unspecified;task_family_T4,capability_step_down,t4_capability_step_temporal,runs/m1674_controller_family_one_seed_public_pilot/configs/L1_one_step_seed167400.json,runs/m1674_controller_family_one_seed_public_pilot/profile_runs/L1_one_step/seed_167400/checkpoint.pt,1,169661,False,True,False,False,False,False,False,False,False,False,False,False,False
169662,checkpoint,65,True,False,0.5279760354921383,0.9581460668048241,1370.0971622678246,0.9448945946674653,0.8972336651067057,0.09276372073223249,0.5417193783156455,0.6801942962540326,0.6354744576911167,1.79410218787848,1.79410218787848,17,True,True,aeb_feasible,False,False,4.59619980275379,1.9607515228395234,2.6354482799142667,19.802745920651052,0.30465762954847775,2.2606413057909216,5.135283451850029,0.3218498220746463,0.07333390750328063,0.0,9.842496660519958,0.0027421778067946434,1,nan,nan,65,2.2606413057909216,0.3218498220746463,9.842496660519958,0.30465762954847775,0,nan,nan,nan,nan,0,nan,nan,nan,nan,m1680-spec-0030::L2_window_100,m1680-spec-0030,L2_window_100,T4,capability_step_down|t4_actuator_delay_response,mapping_window_unspecified,all_72_specs;mapping_window_unspecified;task_family_T4,capability_step_down,t4_capability_step_temporal,runs/m1674_controller_family_one_seed_public_pilot/configs/L2_window_100_seed167400.json,runs/m1674_controller_family_one_seed_public_pilot/profile_runs/L2_window_100/seed_167400/checkpoint.pt,100,169662,False,True,False,False,False,False,False,False,False,False,False,False,False
169663,checkpoint,73,True,False,0.702616383947909,0.3714570345063653,1637.8374431845075,1.1295430642651776,0.9002921814523986,0.11608478212586348,1.418066678535137,0.8895855577348952,0.8259342142920907,1.1695236057351293,1.1695236057351293,18,True,True,aeb_feasible,False,False,21.84582523726825,1.9968286803374435,19.848996556930807,19.923690694947314,0.27292726979379883,2.4265100132369914,5.063595117341386,0.3032130937302177,0.05476929154162297,0.0,7.222248340779106,0.0031206852290779352,1,nan,nan,73,2.4265100132369914,0.3032130937302177,7.222248340779106,0.27292726979379883,0,nan,nan,nan,nan,0,nan,nan,nan,nan,m1680-spec-0030::L2_window_100_current_tiled,m1680-spec-0030,L2_window_100_current_tiled,T4,capability_step_down|t4_actuator_delay_response,mapping_window_unspecified,all_72_specs;mapping_window_unspecified;task_family_T4,capability_step_down,t4_capability_step_temporal,runs/m1674_controller_family_one_seed_public_pilot/configs/L2_window_100_current_tiled_seed167400.json,runs/m1674_controller_family_one_seed_public_pilot/profile_runs/L2_window_100_current_tiled/seed_167400/checkpoint.pt,100,169663,False,True,False,False,False,False,False,False,False,False,False,False,False
169664,checkpoint,67,True,False,0.4402471613187048,0.5066456223900934,1263.847208856419,0.8716187647285648,0.9492699866457546,0.0995906502209698,0.905353687328585,1.1094892404512815,0.9314244620102982,1.231272864221552,1.231272864221552,16,True,True,aeb_feasible,False,False,10.6940383823027,1.6718017138047578,9.022236668497943,15.949278730532344,0.23804893627660215,2.441805217735215,5.113845354685164,0.30743121007036306,0.03943005394715897,0.0,8.31004516331031,0.0026641839649528265,1,nan,nan,67,2.441805217735215,0.30743121007036306,8.31004516331031,0.23804893627660215,0,nan,nan,nan,nan,0,nan,nan,nan,nan,m1680-spec-0030::L2_window_13,m1680-spec-0030,L2_window_13,T4,capability_step_down|t4_actuator_delay_response,mapping_window_unspecified,all_72_specs;mapping_window_unspecified;task_family_T4,capability_step_down,t4_capability_step_temporal,runs/m1674_controller_family_one_seed_public_pilot/configs/L2_window_13_seed167400.json,runs/m1674_controller_family_one_seed_public_pilot/profile_runs/L2_window_13/seed_167400/checkpoint.pt,13,169664,False,True,False,False,False,False,False,False,False,False,False,False,False
169665,checkpoint,63,True,False,0.7473801448999282,0.9172064724354252,1533.615677837559,1.0576659847155578,1.031220430250109,0.10181208348435189,0.6072577663271355,1.0092705825278236,1.1321590936683532,1.3157590598899787,1.3157590598899787,17,True,True,aeb_feasible,False,False,14.845388914803294,2.0952013545463375,12.750187560256958,9.117785321218317,0.14472675113044947,2.3547196316279932,5.116817497007446,0.6070250430703863,0.030128034603691657,0.0,9.218601924012884,0.0034834735561162233,1,nan,nan,63,2.3547196316279932,0.6070250430703863,9.218601924012884,0.14472675113044947,0,nan,nan,nan,nan,0,nan,nan,nan,nan,m1680-spec-0030::L2_window_13_current_tiled,m1680-spec-0030,L2_window_13_current_tiled,T4,capability_step_down|t4_actuator_delay_response,mapping_window_unspecified,all_72_specs;mapping_window_unspecified;task_family_T4,capability_step_down,t4_capability_step_temporal,runs/m1674_controller_family_one_seed_public_pilot/configs/L2_window_13_current_tiled_seed167400.json,runs/m1674_controller_family_one_seed_public_pilot/profile_runs/L2_window_13_current_tiled/seed_167400/checkpoint.pt,13,169665,False,True,False,False,False,False,False,False,False,False,False,False,False
169666,checkpoint,55,True,False,0.27950641426280176,0.7945558173277334,1234.11406396927,0.8511131475650139,1.2369127120193946,-0.023503199743208247,1.1928871669832515,0.5658902208218474,1.1594524359353215,1.8777380669242254,1.8777380669242254,19,True,True,aeb_feasible,False,False,2.942917880943664,1.6888843114880272,1.2540335694556366,24.640900378895285,0.4480163705253688,2.4773196848438626,5.062575173232418,0.22237078090281115,0.35193218689282857,0.01818181818181818,11.352408252366983,0.003125287126749754,1,nan,nan,55,2.4773196848438626,0.22237078090281115,11.352408252366983,0.4480163705253688,0,nan,nan,nan,nan,0,nan,nan,nan,nan,m1680-spec-0030::L2_window_25,m1680-spec-0030,L2_window_25,T4,capability_step_down|t4_actuator_delay_response,mapping_window_unspecified,all_72_specs;mapping_window_unspecified;task_family_T4,capability_step_down,t4_capability_step_temporal,runs/m1674_controller_family_one_seed_public_pilot/configs/L2_window_25_seed167400.json,runs/m1674_controller_family_one_seed_public_pilot/profile_runs/L2_window_25/seed_167400/checkpoint.pt,25,169666,False,True,False,False,False,False,False,False,False,False,False,False,False
169667,checkpoint,58,True,False,0.980588905303583,0.7542344223320119,1718.9933531002625,1.185512657310526,1.1758733532429853,-0.04192537441181243,0.6203735107901278,1.2958656871559628,0.732185380070153,1.2030963319251666,1.2030963319251666,18,True,True,aeb_feasible,False,False,16.931932050655575,1.5420204121005203,15.389911638555056,7.292552094645201,0.1257336568042276,2.4230674458328214,5.0420734820964945,0.4102857565578294,0.03339026831521164,0.0,9.631767247578496,0.003577645169571042,1,nan,nan,58,2.4230674458328214,0.4102857565578294,9.631767247578496,0.1257336568042276,0,nan,nan,nan,nan,0,nan,nan,nan,nan,m1680-spec-0030::L2_window_25_current_tiled,m1680-spec-0030,L2_window_25_current_tiled,T4,capability_step_down|t4_actuator_delay_response,mapping_window_unspecified,all_72_specs;mapping_window_unspecified;task_family_T4,capability_step_down,t4_capability_step_temporal,runs/m1674_controller_family_one_seed_public_pilot/configs/L2_window_25_current_tiled_seed167400.json,runs/m1674_controller_family_one_seed_public_pilot/profile_runs/L2_window_25_current_tiled/seed_167400/checkpoint.pt,25,169667,False,True,False,False,False,False,False,False,False,False,False,False,False
169668,checkpoint,72,True,False,0.911700174010782,0.33063033126461255,1688.0356703025634,1.1641625312431472,1.0536673545340904,0.018502592465566403,1.4000714855270884,0.8247942053147517,1.0649653747556211,1.165274977307018,1.165274977307018,18,True,True,aeb_feasible,False,False,14.091972985832337,1.5741459615376592,12.517827024294677,20.211117521900597,0.2807099655819527,2.24192116707695,5.0053067548456305,0.529288933901525,0.05669052929449156,0.0,7.671602167665245,0.002563060261309147,1,nan,nan,72,2.24192116707695,0.529288933901525,7.671602167665245,0.2807099655819527,0,nan,nan,nan,nan,0,nan,nan,nan,nan,m1680-spec-0030::L2_window_50,m1680-spec-0030,L2_window_50,T4,capability_step_down|t4_actuator_delay_response,mapping_window_unspecified,all_72_specs;mapping_window_unspecified;task_family_T4,capability_step_down,t4_capability_step_temporal,runs/m1674_controller_family_one_seed_public_pilot/configs/L2_window_50_seed167400.json,runs/m1674_controller_family_one_seed_public_pilot/profile_runs/L2_window_50/seed_167400/checkpoint.pt,50,169668,False,True,False,False,False,False,False,False,False,False,False,False,False
169669,checkpoint,68,True,False,1.0450205447429628,0.9573975969755049,1717.4072165881516,1.1844187700607942,1.1639295804693202,0.016512394255995266,0.7988897666135959,0.9053893393231818,0.757576448641371,1.7692379660709778,1.7692379660709778,15,True,True,aeb_feasible,False,False,5.4794996131149984,1.8718880446646917,3.6076115684503067,6.776527045084393,0.09965480948653518,2.6347419956590996,5.069248385005224,0.37648340925112195,0.05699488713204826,0.0,7.116450717910407,0.002592994598671794,1,nan,nan,68,2.6347419956590996,0.37648340925112195,7.116450717910407,0.09965480948653518,0,nan,nan,nan,nan,0,nan,nan,nan,nan,m1680-spec-0030::L2_window_50_current_tiled,m1680-spec-0030,L2_window_50_current_tiled,T4,capability_step_down|t4_actuator_delay_response,mapping_window_unspecified,all_72_specs;mapping_window_unspecified;task_family_T4,capability_step_down,t4_capability_step_temporal,runs/m1674_controller_family_one_seed_public_pilot/configs/L2_window_50_current_tiled_seed167400.json,runs/m1674_controller_family_one_seed_public_pilot/profile_runs/L2_window_50_current_tiled/seed_167400/checkpoint.pt,50,169669,False,True,False,False,False,False,False,False,False,False,False,False,False
169670,checkpoint,104,False,True,0.43067057423501376,0.34576139846194476,1648.0247373568159,1.1365687843840109,0.9703051291664655,-0.06657017986885871,1.428314476551498,1.047707537575526,0.9442841984503751,1.8469951848661479,1.8469951848661479,18,True,True,aeb_feasible,False,True,2.7671986138438527,1.7507662859039606,1.0164323279398921,84.49976917175997,0.812497780497692,1.754105157701465,4.12566869787311,0.47196713898332104,0.02045574746942837,0.0,7.994370052585909,0.00110605638474226,1,nan,nan,104,1.754105157701465,0.47196713898332104,7.994370052585909,0.812497780497692,0,nan,nan,nan,nan,0,nan,nan,nan,nan,m1680-spec-0030::L3_online_gru,m1680-spec-0030,L3_online_gru,T4,capability_step_down|t4_actuator_delay_response,mapping_window_unspecified,all_72_specs;mapping_window_unspecified;task_family_T4,capability_step_down,t4_capability_step_temporal,runs/m1674_controller_family_one_seed_public_pilot/configs/L3_online_gru_seed167400.json,runs/m1674_controller_family_one_seed_public_pilot/profile_runs/L3_online_gru/seed_167400/checkpoint.pt,1,169670,False,True,False,False,False,False,False,False,False,False,False,False,True
169671,checkpoint,135,False,True,0.6179903070979815,0.6531801042587979,1656.688670063015,1.1425439103882862,1.0891536964580395,0.08245216866410554,1.2366876772469269,1.0150680752894587,0.5769615672151964,1.0085315481807617,1.0085315481807617,14,True,True,aeb_feasible,False,True,6.298738067020205,1.801476416625062,4.497261650395142,68.5784404800729,0.50798844800054,1.7990930433407843,4.241385044365533,0.5634051712759972,0.07473629482315683,0.0,7.025344065268764,0.0005558529519475996,1,nan,nan,135,1.7990930433407843,0.5634051712759972,7.025344065268764,0.50798844800054,0,nan,nan,nan,nan,0,nan,nan,nan,nan,m1680-spec-0030::L3_reset_control_corrected,m1680-spec-0030,L3_reset_control_corrected,T4,capability_step_down|t4_actuator_delay_response,mapping_window_unspecified,all_72_specs;mapping_window_unspecified;task_family_T4,capability_step_down,t4_capability_step_temporal,runs/m1674_controller_family_one_seed_public_pilot/configs/L3_reset_control_corrected_seed167400.json,runs/m1674_controller_family_one_seed_public_pilot/profile_runs/L3_reset_control_corrected/seed_167400/checkpoint.pt,1,169671,False,True,False,False,False,False,False,False,False,False,False,False,True
169672,checkpoint,90,True,False,0.8012250884402089,0.8012250884402089,1685.0637282236594,1.1621129160163168,1.0889688653014626,-0.06517836048747805,1.0853867192069813,1.1667063746929545,0.9824175569748083,1.9551844648194714,1.9551844648194716,,False,True,aeb_feasible,False,False,6.204755945247872,1.5828252664979403,4.621930678749932,0.8269009056202834,0.009187787840225371,2.4700087441179965,5.049133232049346,0.6803007386594614,0.0048371767302769,0.0,7.6447798189908704,0.0012949020601809025,1,nan,nan,90,2.4700087441179965,0.6803007386594614,7.6447798189908704,0.009187787840225371,0,nan,nan,nan,nan,0,nan,nan,nan,nan,m1680-spec-0031::L0_current_masked,m1680-spec-0031,L0_current_masked,T4,t4_actuator_delay_response|actuator_delay_step,mapping_window_unspecified,all_72_specs;mapping_window_unspecified;task_family_T4,t4_actuator_delay_response,t4_actuator_delay_response,runs/m1674_controller_family_one_seed_public_pilot/configs/L0_current_masked_seed167400.json,runs/m1674_controller_family_one_seed_public_pilot/profile_runs/L0_current_masked/seed_167400/checkpoint.pt,1,169672,False,True,False,False,False,False,False,False,False,False,False,False,False
169673,checkpoint,78,True,False,0.5813535022751409,0.5813535022751409,1692.6988234322553,1.1673784989187967,0.8838915554083198,-0.09405786283919215,0.881275285988899,0.7799737540550947,1.092227589348372,3.9470437192937413,3.9470437192937413,,False,True,aeb_feasible,False,False,3.887500386274076,2.0008730253930365,1.8866273608810396,30.397832916930362,0.3897158066273123,2.3300660613146595,5.073462561552773,0.3905435412385732,0.04168896871045698,0.0,9.20572938028664,0.0017643795581534505,1,nan,nan,78,2.3300660613146595,0.3905435412385732,9.20572938028664,0.3897158066273123,0,nan,nan,nan,nan,0,nan,nan,nan,nan,m1680-spec-0031::L1_one_step,m1680-spec-0031,L1_one_step,T4,t4_actuator_delay_response|actuator_delay_step,mapping_window_unspecified,all_72_specs;mapping_window_unspecified;task_family_T4,t4_actuator_delay_response,t4_actuator_delay_response,runs/m1674_controller_family_one_seed_public_pilot/configs/L1_one_step_seed167400.json,runs/m1674_controller_family_one_seed_public_pilot/profile_runs/L1_one_step/seed_167400/checkpoint.pt,1,169673,False,True,False,False,False,False,False,False,False,False,False,False,False
169674,checkpoint,67,True,False,0.9914335530319776,0.9914335530319776,1575.4901571413254,1.0865449359595347,1.1724421419784408,-0.0727670382169392,0.8837610248872061,0.9553982213167946,0.7596743179835531,3.346542436959941,3.3465424369599415,,False,True,aeb_feasible,False,False,5.159701960825308,1.7260187527778874,3.433683208047421,-0.435537488480338,-0.006500559529557284,2.342571208361588,5.075400829181444,0.6510855192601888,0.04876554265813784,0.0,8.359624447242677,0.0026568397879600525,1,nan,nan,67,2.342571208361588,0.6510855192601888,8.359624447242677,-0.006500559529557284,0,nan,nan,nan,nan,0,nan,nan,nan,nan,m1680-spec-0031::L2_window_100,m1680-spec-0031,L2_window_100,T4,t4_actuator_delay_response|actuator_delay_step,mapping_window_unspecified,all_72_specs;mapping_window_unspecified;task_family_T4,t4_actuator_delay_response,t4_actuator_delay_response,runs/m1674_controller_family_one_seed_public_pilot/configs/L2_window_100_seed167400.json,runs/m1674_controller_family_one_seed_public_pilot/profile_runs/L2_window_100/seed_167400/checkpoint.pt,100,169674,False,True,False,False,False,False,False,False,False,False,False,False,False
169675,checkpoint,63,True,False,0.637319949906372,0.637319949906372,1274.5936997772478,0.8790301377774122,1.1545447219656195,0.040735986408185765,0.8454314496399007,0.8340564235976352,0.7539917017667348,1.256539334657694,1.256539334657694,,False,True,aeb_feasible,False,False,28.460082404817253,1.6863995785161303,26.773682826301123,15.652144219995229,0.24844673365071793,2.3470597753037645,5.070013952187352,0.35655714382112946,0.04528976483638449,0.0,8.795418423529354,0.0037734138313680887,1,nan,nan,63,2.3470597753037645,0.35655714382112946,8.795418423529354,0.24844673365071793,0,nan,nan,nan,nan,0,nan,nan,nan,nan,m1680-spec-0031::L2_window_100_current_tiled,m1680-spec-0031,L2_window_100_current_tiled,T4,t4_actuator_delay_response|actuator_delay_step,mapping_window_unspecified,all_72_specs;mapping_window_unspecified;task_family_T4,t4_actuator_delay_response,t4_actuator_delay_response,runs/m1674_controller_family_one_seed_public_pilot/configs/L2_window_100_current_tiled_seed167400.json,runs/m1674_controller_family_one_seed_public_pilot/profile_runs/L2_window_100_current_tiled/seed_167400/checkpoint.pt,100,169675,False,True,False,False,False,False,False,False,False,False,False,False,False
169676,checkpoint,71,True,False,0.6334122144777098,0.6334122144777098,1597.4998778187123,1.1017240536680775,1.2231461491967368,0.07270567335157008,1.0484421566797575,0.8751197244225789,1.0382775849919725,2.1397145293296855,2.1397145293296855,,False,True,aeb_feasible,False,False,29.08456484695748,2.004343643685864,27.080221203271616,18.75824927325223,0.264200693989468,2.255004931657625,5.102623244475254,0.49283305632049207,0.0478083092336099,0.0,8.114545240013001,0.002998121315613389,1,nan,nan,71,2.255004931657625,0.49283305632049207,8.114545240013001,0.264200693989468,0,nan,nan,nan,nan,0,nan,nan,nan,nan,m1680-spec-0031::L2_window_13,m1680-spec-0031,L2_window_13,T4,t4_actuator_delay_response|actuator_delay_step,mapping_window_unspecified,all_72_specs;mapping_window_unspecified;task_family_T4,t4_actuator_delay_response,t4_actuator_delay_response,runs/m1674_controller_family_one_seed_public_pilot/configs/L2_window_13_seed167400.json,runs/m1674_controller_family_one_seed_public_pilot/profile_runs/L2_window_13/seed_167400/checkpoint.pt,13,169676,False,True,False,False,False,False,False,False,False,False,False,False,False
169677,checkpoint,62,True,False,0.6971857237108152,0.6971857237108152,1621.17460505046,1.118051451758938,1.0153735449159085,0.043933352826558636,0.9553106424637365,1.1342722994321606,0.7667109213142974,0.7533610902573007,0.7533610902573007,,False,True,aeb_feasible,False,False,11.35419500928988,1.5347876838491818,9.819407325440698,-0.9300399294982626,-0.015000644024165526,2.565133104563361,5.098488065260032,0.5465457010522965,0.04381610417173003,0.0,8.361700348761115,0.0038948364090174437,1,nan,nan,62,2.565133104563361,0.5465457010522965,8.361700348761115,-0.015000644024165526,0,nan,nan,nan,nan,0,nan,nan,nan,nan,m1680-spec-0031::L2_window_13_current_tiled,m1680-spec-0031,L2_window_13_current_tiled,T4,t4_actuator_delay_response|actuator_delay_step,mapping_window_unspecified,all_72_specs;mapping_window_unspecified;task_family_T4,t4_actuator_delay_response,t4_actuator_delay_response,runs/m1674_controller_family_one_seed_public_pilot/configs/L2_window_13_current_tiled_seed167400.json,runs/m1674_controller_family_one_seed_public_pilot/profile_runs/L2_window_13_current_tiled/seed_167400/checkpoint.pt,13,169677,False,True,False,False,False,False,False,False,False,False,False,False,False
169678,checkpoint,63,True,False,0.7899584785697292,0.7899584785697292,1387.3767405815727,0.9568115452286708,1.102828971307778,-0.04523198698654607,0.9215753493151349,0.8206625856582246,1.1974866451201036,1.29261210747575,1.29261210747575,,False,True,aeb_feasible,False,False,18.597435966398525,1.868241023679582,16.729194942718944,13.203060680565939,0.2095723917550149,2.220488617406914,5.051366299655655,0.6265626015283001,0.0515696771648464,0.0,8.822871198661668,0.0030463289003819227,1,nan,nan,63,2.220488617406914,0.6265626015283001,8.822871198661668,0.2095723917550149,0,nan,nan,nan,nan,0,nan,nan,nan,nan,m1680-spec-0031::L2_window_25,m1680-spec-0031,L2_window_25,T4,t4_actuator_delay_response|actuator_delay_step,mapping_window_unspecified,all_72_specs;mapping_window_unspecified;task_family_T4,t4_actuator_delay_response,t4_actuator_delay_response,runs/m1674_controller_family_one_seed_public_pilot/configs/L2_window_25_seed167400.json,runs/m1674_controller_family_one_seed_public_pilot/profile_runs/L2_window_25/seed_167400/checkpoint.pt,25,169678,False,True,False,False,False,False,False,False,False,False,False,False,False
169679,checkpoint,53,True,False,0.9661705903157347,0.9661705903157347,1708.264350215484,1.1781133449761958,0.8806742337229626,0.1051212312799783,1.0968105743985106,0.7929892296045408,0.9629216662056285,1.6726693033160793,1.6726693033160793,,False,True,aeb_feasible,False,False,14.09166695591112,1.691369688645231,12.400297267265888,13.585791133713581,0.2563356817681808,2.229479495211453,5.124025273337125,0.47584050291887586,0.12197496263465706,0.0,12.1712290881406,0.004474323708564043,1,nan,nan,53,2.229479495211453,0.47584050291887586,12.1712290881406,0.2563356817681808,0,nan,nan,nan,nan,0,nan,nan,nan,nan,m1680-spec-0031::L2_window_25_current_tiled,m1680-spec-0031,L2_window_25_current_tiled,T4,t4_actuator_delay_response|actuator_delay_step,mapping_window_unspecified,all_72_specs;mapping_window_unspecified;task_family_T4,t4_actuator_delay_response,t4_actuator_delay_response,runs/m1674_controller_family_one_seed_public_pilot/configs/L2_window_25_current_tiled_seed167400.json,runs/m1674_controller_family_one_seed_public_pilot/profile_runs/L2_window_25_current_tiled/seed_167400/checkpoint.pt,25,169679,False,True,False,False,False,False,False,False,False,False,False,False,False
169680,checkpoint,67,True,False,0.4749340745647713,0.4749340745647713,1563.8407937069119,1.0785108922116633,1.1236535958743923,0.07881859346788378,1.0909260338122442,0.8148918939395611,1.0350618392577007,3.3070545695966507,3.3070545695966507,,False,True,aeb_feasible,False,False,13.696050918601388,1.7474231138816299,11.94862780471976,16.54143476296338,0.2468870860143788,2.373713657339203,5.09083040561244,0.49205409448678333,0.04168003035503292,0.0,8.296310205533619,0.00278411409817636,1,nan,nan,67,2.373713657339203,0.49205409448678333,8.296310205533619,0.2468870860143788,0,nan,nan,nan,nan,0,nan,nan,nan,nan,m1680-spec-0031::L2_window_50,m1680-spec-0031,L2_window_50,T4,t4_actuator_delay_response|actuator_delay_step,mapping_window_unspecified,all_72_specs;mapping_window_unspecified;task_family_T4,t4_actuator_delay_response,t4_actuator_delay_response,runs/m1674_controller_family_one_seed_public_pilot/configs/L2_window_50_seed167400.json,runs/m1674_controller_family_one_seed_public_pilot/profile_runs/L2_window_50/seed_167400/checkpoint.pt,50,169680,False,True,False,False,False,False,False,False,False,False,False,False,False
169681,checkpoint,69,True,False,0.7192660012362666,0.7192660012362666,1496.783926067073,1.0322647765979813,1.1773531412836729,-0.046931412294913155,1.0859013209996924,1.0869122925025105,0.9704956043640371,2.1185248248136546,2.1185248248136546,,False,True,aeb_feasible,False,False,9.457600973316572,1.8186157141800434,7.638985259136528,21.856995915612902,0.31676805674801306,2.220410909691153,5.128775308566368,0.37540592663127165,0.09768704119766417,0.0,9.128103435026322,0.003386775031685829,1,nan,nan,69,2.220410909691153,0.37540592663127165,9.128103435026322,0.31676805674801306,0,nan,nan,nan,nan,0,nan,nan,nan,nan,m1680-spec-0031::L2_window_50_current_tiled,m1680-spec-0031,L2_window_50_current_tiled,T4,t4_actuator_delay_response|actuator_delay_step,mapping_window_unspecified,all_72_specs;mapping_window_unspecified;task_family_T4,t4_actuator_delay_response,t4_actuator_delay_response,runs/m1674_controller_family_one_seed_public_pilot/configs/L2_window_50_current_tiled_seed167400.json,runs/m1674_controller_family_one_seed_public_pilot/profile_runs/L2_window_50_current_tiled/seed_167400/checkpoint.pt,50,169681,False,True,False,False,False,False,False,False,False,False,False,False,False
169682,checkpoint,102,True,False,0.6264482142286061,0.6264482142286061,1717.7976033512468,1.1846880023112047,0.9095445877053542,-0.005886427698438945,0.7899268344775661,0.9755388445094993,1.0192336651723943,0.8041998917782283,0.8041998917782283,,False,True,aeb_feasible,False,False,11.823683085032878,1.7820415257887188,10.041641559244159,35.531057930137976,0.34834370519743113,2.3358700089712507,5.0740610329633355,0.6740880986695791,0.026769365520162017,0.0,8.281631446143393,0.0010123811662197113,1,nan,nan,102,2.3358700089712507,0.6740880986695791,8.281631446143393,0.34834370519743113,0,nan,nan,nan,nan,0,nan,nan,nan,nan,m1680-spec-0031::L3_online_gru,m1680-spec-0031,L3_online_gru,T4,t4_actuator_delay_response|actuator_delay_step,mapping_window_unspecified,all_72_specs;mapping_window_unspecified;task_family_T4,t4_actuator_delay_response,t4_actuator_delay_response,runs/m1674_controller_family_one_seed_public_pilot/configs/L3_online_gru_seed167400.json,runs/m1674_controller_family_one_seed_public_pilot/profile_runs/L3_online_gru/seed_167400/checkpoint.pt,1,169682,False,True,False,False,False,False,False,False,False,False,False,False,False
169683,checkpoint,76,True,False,0.9823586821044663,0.9823586821044663,1285.2087359555292,0.8863508523831236,1.1134211831704934,0.05882522920290678,0.8244603098499164,1.1127556290844387,0.9941743494148898,4.0138543755260345,4.0138543755260345,,False,True,aeb_feasible,True,False,1.7599493594711113,1.8824730142685757,-0.12252365479746441,15.593964670410188,0.20518374566329195,2.264891931169347,4.935299759152041,0.33410482991450846,0.01065752759403014,0.0,10.493563183038583,0.0009910783264786005,1,nan,nan,76,2.264891931169347,0.33410482991450846,10.493563183038583,0.20518374566329195,0,nan,nan,nan,nan,0,nan,nan,nan,nan,m1680-spec-0031::L3_reset_control_corrected,m1680-spec-0031,L3_reset_control_corrected,T4,t4_actuator_delay_response|actuator_delay_step,mapping_window_unspecified,all_72_specs;mapping_window_unspecified;task_family_T4,t4_actuator_delay_response,t4_actuator_delay_response,runs/m1674_controller_family_one_seed_public_pilot/configs/L3_reset_control_corrected_seed167400.json,runs/m1674_controller_family_one_seed_public_pilot/profile_runs/L3_reset_control_corrected/seed_167400/checkpoint.pt,1,169683,False,True,False,False,False,False,False,False,False,False,False,False,False
169684,checkpoint,88,True,False,0.49820998158002117,0.49820998158002117,1293.6420577202011,0.8921669363587594,1.1298298366214685,-0.05437303105180091,0.8936314820661737,0.8143253665148923,1.075704809330229,3.472128953045373,3.472128953045373,,False,True,aeb_feasible,False,False,1.8903101946664886,1.754537496448806,0.13577269821768256,31.179874946434,0.35431676075493185,2.2850372731887685,5.100480698578291,0.5492259229739923,0.023198622643319167,0.0,8.483365589698478,0.0014650864759460092,1,nan,nan,88,2.2850372731887685,0.5492259229739923,8.483365589698478,0.35431676075493185,0,nan,nan,nan,nan,0,nan,nan,nan,nan,m1680-spec-0032::L0_current_masked,m1680-spec-0032,L0_current_masked,T4,t4_actuator_delay_response|capability_step_up,mapping_window_unspecified,all_72_specs;mapping_window_unspecified;task_family_T4,t4_actuator_delay_response,t4_actuator_delay_response,runs/m1674_controller_family_one_seed_public_pilot/configs/L0_current_masked_seed167400.json,runs/m1674_controller_family_one_seed_public_pilot/profile_runs/L0_current_masked/seed_167400/checkpoint.pt,1,169684,False,True,False,False,False,False,False,False,False,False,False,False,False
169685,checkpoint,106,True,False,0.8339033981824586,0.8339033981824586,1278.3531129229425,0.8816228364985811,0.9360705072623106,0.0898427819283889,1.0698625408411253,1.0328275357667303,0.7516227668621087,2.935964691584802,2.935964691584802,,False,True,aeb_feasible,False,False,26.107878975770284,1.5661075540202463,24.54177142175004,10.751577129211238,0.10142997291708715,2.470200507053201,5.03190256896908,0.522255742104778,0.04007535592327288,0.0,6.899685625973626,0.0013993396423757076,1,nan,nan,106,2.470200507053201,0.522255742104778,6.899685625973626,0.10142997291708715,0,nan,nan,nan,nan,0,nan,nan,nan,nan,m1680-spec-0032::L1_one_step,m1680-spec-0032,L1_one_step,T4,t4_actuator_delay_response|capability_step_up,mapping_window_unspecified,all_72_specs;mapping_window_unspecified;task_family_T4,t4_actuator_delay_response,t4_actuator_delay_response,runs/m1674_controller_family_one_seed_public_pilot/configs/L1_one_step_seed167400.json,runs/m1674_controller_family_one_seed_public_pilot/profile_runs/L1_one_step/seed_167400/checkpoint.pt,1,169685,False,True,False,False,False,False,False,False,False,False,False,False,False
169686,checkpoint,53,True,False,1.029345749747058,1.029345749747058,1458.4801951648342,1.0058484104585064,1.1452502289956965,0.07780988518927479,0.9818634550901919,0.8200490682396346,1.057675793608897,2.849303774871305,2.849303774871305,,False,True,aeb_feasible,False,False,3.717609936822115,1.7486032014215565,1.9690067354005585,17.316795979716492,0.3267319996172923,2.3235517828154806,5.011909453180053,0.3658045277330346,0.040812884519785715,0.0,11.319138099094259,0.0035296189598739147,1,nan,nan,53,2.3235517828154806,0.3658045277330346,11.319138099094259,0.3267319996172923,0,nan,nan,nan,nan,0,nan,nan,nan,nan,m1680-spec-0032::L2_window_100,m1680-spec-0032,L2_window_100,T4,t4_actuator_delay_response|capability_step_up,mapping_window_unspecified,all_72_specs;mapping_window_unspecified;task_family_T4,t4_actuator_delay_response,t4_actuator_delay_response,runs/m1674_controller_family_one_seed_public_pilot/configs/L2_window_100_seed167400.json,runs/m1674_controller_family_one_seed_public_pilot/profile_runs/L2_window_100/seed_167400/checkpoint.pt,100,169686,False,True,False,False,False,False,False,False,False,False,False,False,False
169687,checkpoint,58,True,False,0.7562614014408624,0.7562614014408624,1404.5110314958454,0.9686282975833417,1.239790534835429,0.10722203374316308,1.1075390505723988,0.8881993403368668,0.7555879776056961,2.1735351848863997,2.1735351848863997,,False,True,aeb_feasible,False,False,20.008367637102864,1.4963179462433052,18.51204969085956,14.643996396423058,0.2524826964900527,2.2763084089334025,5.132698822805544,0.32494207546484816,0.05198444792539062,0.0,10.364394468653266,0.0035638087429106236,1,nan,nan,58,2.2763084089334025,0.32494207546484816,10.364394468653266,0.2524826964900527,0,nan,nan,nan,nan,0,nan,nan,nan,nan,m1680-spec-0032::L2_window_100_current_tiled,m1680-spec-0032,L2_window_100_current_tiled,T4,t4_actuator_delay_response|capability_step_up,mapping_window_unspecified,all_72_specs;mapping_window_unspecified;task_family_T4,t4_actuator_delay_response,t4_actuator_delay_response,runs/m1674_controller_family_one_seed_public_pilot/configs/L2_window_100_current_tiled_seed167400.json,runs/m1674_controller_family_one_seed_public_pilot/profile_runs/L2_window_100_current_tiled/seed_167400/checkpoint.pt,100,169687,False,True,False,False,False,False,False,False,False,False,False,False,False
169688,checkpoint,61,True,False,0.9404891605953667,0.9404891605953667,1459.7111619200725,1.0066973530483259,0.9713942644239529,0.01911004081713763,0.7624788830561984,1.0617133058899724,1.116402327812978,3.087444357704031,3.087444357704031,,False,True,aeb_feasible,False,False,14.382305758823948,2.0877249692986943,12.294580789525254,7.47240896262355,0.12249850758399262,2.4274665333528818,5.085300439030171,0.5239629153689799,0.05717262551126088,0.0,8.655319254832083,0.0027737130876630545,1,nan,nan,61,2.4274665333528818,0.5239629153689799,8.655319254832083,0.12249850758399262,0,nan,nan,nan,nan,0,nan,nan,nan,nan,m1680-spec-0032::L2_window_13,m1680-spec-0032,L2_window_13,T4,t4_actuator_delay_response|capability_step_up,mapping_window_unspecified,all_72_specs;mapping_window_unspecified;task_family_T4,t4_actuator_delay_response,t4_actuator_delay_response,runs/m1674_controller_family_one_seed_public_pilot/configs/L2_window_13_seed167400.json,runs/m1674_controller_family_one_seed_public_pilot/profile_runs/L2_window_13/seed_167400/checkpoint.pt,13,169688,False,True,False,False,False,False,False,False,False,False,False,False,False
169689,checkpoint,50,True,False,0.9794603557679604,0.9794603557679604,1396.9943897427513,0.9634444067191388,1.1178291790940889,0.08423149570882149,0.75024786084211,0.7713835675561133,0.7611129401253759,1.9980701582404727,1.9980701582404727,,False,True,aeb_feasible,False,False,29.558488467953282,1.9209628380426813,27.637525629910602,5.166893345314866,0.10333786690629733,2.4934626467514454,5.046829459370947,0.5198065011049643,0.031184691773570875,0.0,11.017553100557196,0.004250777419656515,1,nan,nan,50,2.4934626467514454,0.5198065011049643,11.017553100557196,0.10333786690629733,0,nan,nan,nan,nan,0,nan,nan,nan,nan,m1680-spec-0032::L2_window_13_current_tiled,m1680-spec-0032,L2_window_13_current_tiled,T4,t4_actuator_delay_response|capability_step_up,mapping_window_unspecified,all_72_specs;mapping_window_unspecified;task_family_T4,t4_actuator_delay_response,t4_actuator_delay_response,runs/m1674_controller_family_one_seed_public_pilot/configs/L2_window_13_current_tiled_seed167400.json,runs/m1674_controller_family_one_seed_public_pilot/profile_runs/L2_window_13_current_tiled/seed_167400/checkpoint.pt,13,169689,False,True,False,False,False,False,False,False,False,False,False,False,False
169690,checkpoint,58,True,False,0.8750775504767099,0.8750775504767099,1682.9786017786769,1.1606748977783978,1.0780915413557568,0.07550291562742295,0.815062488447167,0.7613163343129182,0.9416094191274564,1.127900928615273,1.127900928615273,,False,True,aeb_feasible,False,False,25.410143907002386,1.9186890805139938,23.491454826488393,11.296900911165102,0.1947741536407776,2.381274607065037,5.0028978885696525,0.4977848610013443,0.04182104015108463,0.0,9.294910765943198,0.0034703670535236597,1,nan,nan,58,2.381274607065037,0.4977848610013443,9.294910765943198,0.1947741536407776,0,nan,nan,nan,nan,0,nan,nan,nan,nan,m1680-spec-0032::L2_window_25,m1680-spec-0032,L2_window_25,T4,t4_actuator_delay_response|capability_step_up,mapping_window_unspecified,all_72_specs;mapping_window_unspecified;task_family_T4,t4_actuator_delay_response,t4_actuator_delay_response,runs/m1674_controller_family_one_seed_public_pilot/configs/L2_window_25_seed167400.json,runs/m1674_controller_family_one_seed_public_pilot/profile_runs/L2_window_25/seed_167400/checkpoint.pt,25,169690,False,True,False,False,False,False,False,False,False,False,False,False,False
169691,checkpoint,67,True,False,1.0459412607975325,1.0459412607975325,1271.1664095001872,0.876666489310474,0.9505836108462535,-0.05988991600830351,1.1423873296128448,0.8947675570793031,0.8207845850856467,1.7560698570363584,1.7560698570363587,,False,True,aeb_feasible,False,False,21.251482736182602,1.8206611799130963,19.430821556269507,21.38430098654353,0.3191686714409482,2.2240561565971784,5.053487105997053,0.31153489861527,0.06162897784446085,0.0,8.662703123707153,0.0036269950214773417,1,nan,nan,67,2.2240561565971784,0.31153489861527,8.662703123707153,0.3191686714409482,0,nan,nan,nan,nan,0,nan,nan,nan,nan,m1680-spec-0032::L2_window_25_current_tiled,m1680-spec-0032,L2_window_25_current_tiled,T4,t4_actuator_delay_response|capability_step_up,mapping_window_unspecified,all_72_specs;mapping_window_unspecified;task_family_T4,t4_actuator_delay_response,t4_actuator_delay_response,runs/m1674_controller_family_one_seed_public_pilot/configs/L2_window_25_current_tiled_seed167400.json,runs/m1674_controller_family_one_seed_public_pilot/profile_runs/L2_window_25_current_tiled/seed_167400/checkpoint.pt,25,169691,False,True,False,False,False,False,False,False,False,False,False,False,False
169692,checkpoint,58,True,False,0.9135530932469292,0.9135530932469292,1689.4808597942508,1.1651592136512074,1.154548607898867,0.06939781638069342,1.1722956651888619,1.1722842509354199,0.794282278006488,3.2894881174098103,3.2894881174098103,,False,True,aeb_feasible,False,False,5.12527125377155,2.0744073418562032,3.050863911915347,4.213909117028422,0.07265360546600727,2.4563495828327184,5.058162841893925,0.541934260794732,0.0446489584242023,0.0,9.789211655305156,0.002830947283655405,1,nan,nan,58,2.4563495828327184,0.541934260794732,9.789211655305156,0.07265360546600727,0,nan,nan,nan,nan,0,nan,nan,nan,nan,m1680-spec-0032::L2_window_50,m1680-spec-0032,L2_window_50,T4,t4_actuator_delay_response|capability_step_up,mapping_window_unspecified,all_72_specs;mapping_window_unspecified;task_family_T4,t4_actuator_delay_response,t4_actuator_delay_response,runs/m1674_controller_family_one_seed_public_pilot/configs/L2_window_50_seed167400.json,runs/m1674_controller_family_one_seed_public_pilot/profile_runs/L2_window_50/seed_167400/checkpoint.pt,50,169692,False,True,False,False,False,False,False,False,False,False,False,False,False
169693,checkpoint,65,True,False,0.7642823922542998,0.7642823922542998,1459.5348735254283,1.006575774845123,0.9847461491274712,-0.08389845489943015,1.173291801084892,0.8925574772417219,0.8408730524676103,1.0187196771592957,1.0187196771592957,,False,True,aeb_feasible,False,False,17.555287948294207,1.7508305173342134,15.804457430959994,13.622246172619125,0.20957301804029424,2.3309645572654536,5.136810950674597,0.3930746439184261,0.05978150915868754,0.0,8.461663025979748,0.0036753774620592594,1,nan,nan,65,2.3309645572654536,0.3930746439184261,8.461663025979748,0.20957301804029424,0,nan,nan,nan,nan,0,nan,nan,nan,nan,m1680-spec-0032::L2_window_50_current_tiled,m1680-spec-0032,L2_window_50_current_tiled,T4,t4_actuator_delay_response|capability_step_up,mapping_window_unspecified,all_72_specs;mapping_window_unspecified;task_family_T4,t4_actuator_delay_response,t4_actuator_delay_response,runs/m1674_controller_family_one_seed_public_pilot/configs/L2_window_50_current_tiled_seed167400.json,runs/m1674_controller_family_one_seed_public_pilot/profile_runs/L2_window_50_current_tiled/seed_167400/checkpoint.pt,50,169693,False,True,False,False,False,False,False,False,False,False,False,False,False
169694,checkpoint,95,True,False,0.5617241449598278,0.5617241449598278,1322.91189517315,0.9123530311538965,1.0365194370839088,0.07432057192956698,0.841986575380701,0.9297084025989806,0.8874164978226143,1.519590961184438,1.519590961184438,,False,True,aeb_feasible,False,False,10.035780729902886,1.7900625493541094,8.245718180548776,53.49440195335165,0.5630989679300173,2.276619408410266,5.063905399408711,0.36779804925691384,0.03823961237880839,0.0,9.74756028487266,0.0012514691334217787,1,nan,nan,95,2.276619408410266,0.36779804925691384,9.74756028487266,0.5630989679300173,0,nan,nan,nan,nan,0,nan,nan,nan,nan,m1680-spec-0032::L3_online_gru,m1680-spec-0032,L3_online_gru,T4,t4_actuator_delay_response|capability_step_up,mapping_window_unspecified,all_72_specs;mapping_window_unspecified;task_family_T4,t4_actuator_delay_response,t4_actuator_delay_response,runs/m1674_controller_family_one_seed_public_pilot/configs/L3_online_gru_seed167400.json,runs/m1674_controller_family_one_seed_public_pilot/profile_runs/L3_online_gru/seed_167400/checkpoint.pt,1,169694,False,True,False,False,False,False,False,False,False,False,False,False,False
169695,checkpoint,105,True,False,0.5134398238315986,0.5134398238315986,1632.555846192783,1.1259005835812297,0.8621275841248629,0.11876067026429049,1.1974718476489459,0.8708133225606282,0.8375703954226923,2.4107236771189857,2.4107236771189857,,False,True,aeb_feasible,False,False,13.227670375729126,2.041750389289407,11.18591998643972,52.307756040954885,0.4981691051519513,2.263900871473372,5.009156688756221,0.39330117294777667,0.03707089287599976,0.0,7.791321984952383,0.0006708222208544612,1,nan,nan,105,2.263900871473372,0.39330117294777667,7.791321984952383,0.4981691051519513,0,nan,nan,nan,nan,0,nan,nan,nan,nan,m1680-spec-0032::L3_reset_control_corrected,m1680-spec-0032,L3_reset_control_corrected,T4,t4_actuator_delay_response|capability_step_up,mapping_window_unspecified,all_72_specs;mapping_window_unspecified;task_family_T4,t4_actuator_delay_response,t4_actuator_delay_response,runs/m1674_controller_family_one_seed_public_pilot/configs/L3_reset_control_corrected_seed167400.json,runs/m1674_controller_family_one_seed_public_pilot/profile_runs/L3_reset_control_corrected/seed_167400/checkpoint.pt,1,169695,False,True,False,False,False,False,False,False,False,False,False,False,False
169696,checkpoint,92,True,False,0.41995534951774294,0.72927409376216,1437.2234035586935,0.9911885541784092,1.0682775626979977,-0.08550768184831048,1.3378290840026565,1.1574308813516065,0.9713575147843252,1.4289357318915454,1.4289357318915454,18,True,True,aeb_feasible,False,False,3.9714787502750153,1.6001448826236953,2.37133386765132,32.67927642203322,0.35520952632644803,2.303530489831154,5.067192491946532,0.3378990077275694,0.029395094349949292,0.0,8.770227791647178,0.00152034021448344,1,nan,nan,92,2.303530489831154,0.3378990077275694,8.770227791647178,0.35520952632644803,0,nan,nan,nan,nan,0,nan,nan,nan,nan,m1680-spec-0033::L0_current_masked,m1680-spec-0033,L0_current_masked,T4,t4_capability_step_temporal|capability_step_down,mapping_window_unspecified,all_72_specs;mapping_window_unspecified;task_family_T4,t4_capability_step_temporal,t4_capability_step_temporal,runs/m1674_controller_family_one_seed_public_pilot/configs/L0_current_masked_seed167400.json,runs/m1674_controller_family_one_seed_public_pilot/profile_runs/L0_current_masked/seed_167400/checkpoint.pt,1,169696,False,True,False,False,False,False,False,False,False,False,False,False,False
169697,checkpoint,93,True,False,0.5305720091451702,0.587593178203363,1679.2810701619212,1.1581248759737388,1.1159984010310848,-0.09934706520463088,0.7018996512279913,1.2409447126567317,1.3172995582317313,1.0413162569164556,1.0413162569164556,21,True,True,aeb_feasible,False,False,22.390195533931156,1.9855960891677298,20.404599444763427,42.41011343877075,0.45602272514807257,2.2219366382443537,5.008397966190444,0.37839778046239086,0.04767853706105463,0.0,8.695066131981338,0.0014916517538949847,1,nan,nan,93,2.2219366382443537,0.37839778046239086,8.695066131981338,0.45602272514807257,0,nan,nan,nan,nan,0,nan,nan,nan,nan,m1680-spec-0033::L1_one_step,m1680-spec-0033,L1_one_step,T4,t4_capability_step_temporal|capability_step_down,mapping_window_unspecified,all_72_specs;mapping_window_unspecified;task_family_T4,t4_capability_step_temporal,t4_capability_step_temporal,runs/m1674_controller_family_one_seed_public_pilot/configs/L1_one_step_seed167400.json,runs/m1674_controller_family_one_seed_public_pilot/profile_runs/L1_one_step/seed_167400/checkpoint.pt,1,169697,False,True,False,False,False,False,False,False,False,False,False,False,False
169698,checkpoint,77,True,False,0.3369611752784543,0.4249902289919135,1648.0442007712895,1.1365822074284755,1.0518733874895316,0.05535431826787307,0.5645904782030732,1.12554338914903,0.7577791596479453,1.2245939925497233,1.2245939925497233,21,True,True,aeb_feasible,False,False,13.43332499256248,2.0622756557182154,11.371049336844264,15.316925038442648,0.19892110439535907,2.4612346807817067,5.051128850605824,0.3005882738533874,0.03153985495914405,0.0,7.357992330177501,0.002381364582106471,1,nan,nan,77,2.4612346807817067,0.3005882738533874,7.357992330177501,0.19892110439535907,0,nan,nan,nan,nan,0,nan,nan,nan,nan,m1680-spec-0033::L2_window_100,m1680-spec-0033,L2_window_100,T4,t4_capability_step_temporal|capability_step_down,mapping_window_unspecified,all_72_specs;mapping_window_unspecified;task_family_T4,t4_capability_step_temporal,t4_capability_step_temporal,runs/m1674_controller_family_one_seed_public_pilot/configs/L2_window_100_seed167400.json,runs/m1674_controller_family_one_seed_public_pilot/profile_runs/L2_window_100/seed_167400/checkpoint.pt,100,169698,False,True,False,False,False,False,False,False,False,False,False,False,False
169699,checkpoint,59,True,False,0.6697220576935474,0.9190851591107598,1721.1907094702015,1.1870280754966906,1.2111149385560296,-0.06987195819985637,0.6199859615600914,1.1044841531600342,1.342557572776792,1.3749524222363894,1.3749524222363894,22,True,True,aeb_feasible,False,False,23.076568690147518,1.6078485234363384,21.46872016671118,18.36515745876386,0.31127385523328577,2.4449794562852647,5.0375529384401645,0.40028069601990873,0.050817905236446345,0.0,9.53467425687632,0.0037059346213936806,1,nan,nan,59,2.4449794562852647,0.40028069601990873,9.53467425687632,0.31127385523328577,0,nan,nan,nan,nan,0,nan,nan,nan,nan,m1680-spec-0033::L2_window_100_current_tiled,m1680-spec-0033,L2_window_100_current_tiled,T4,t4_capability_step_temporal|capability_step_down,mapping_window_unspecified,all_72_specs;mapping_window_unspecified;task_family_T4,t4_capability_step_temporal,t4_capability_step_temporal,runs/m1674_controller_family_one_seed_public_pilot/configs/L2_window_100_current_tiled_seed167400.json,runs/m1674_controller_family_one_seed_public_pilot/profile_runs/L2_window_100_current_tiled/seed_167400/checkpoint.pt,100,169699,False,True,False,False,False,False,False,False,False,False,False,False,False
169700,checkpoint,55,True,False,0.6785146147597245,1.005971388694252,1289.942968835037,0.8896158405758875,1.1427258192811536,-0.040764026641483486,0.6815273701119969,0.7252159836637434,1.0924807238070489,1.023359352074052,1.023359352074052,21,True,True,aeb_feasible,False,False,8.181457271283582,1.8999654421415337,6.281491829142048,21.108570099398175,0.3837921836254214,2.286916539794713,5.005377106875876,0.3739028437048991,0.05215389205146585,0.0,10.37000245266694,0.0031117515172809362,1,nan,nan,55,2.286916539794713,0.3739028437048991,10.37000245266694,0.3837921836254214,0,nan,nan,nan,nan,0,nan,nan,nan,nan,m1680-spec-0033::L2_window_13,m1680-spec-0033,L2_window_13,T4,t4_capability_step_temporal|capability_step_down,mapping_window_unspecified,all_72_specs;mapping_window_unspecified;task_family_T4,t4_capability_step_temporal,t4_capability_step_temporal,runs/m1674_controller_family_one_seed_public_pilot/configs/L2_window_13_seed167400.json,runs/m1674_controller_family_one_seed_public_pilot/profile_runs/L2_window_13/seed_167400/checkpoint.pt,13,169700,False,True,False,False,False,False,False,False,False,False,False,False,False
169701,checkpoint,64,True,False,0.31427164767514676,0.860461699707793,1376.7658149020995,0.9494936654497238,0.8653587528395028,0.06265088110925143,0.6915681359881922,0.6042504056194707,0.9371266784695516,1.453720736009019,1.453720736009019,20,True,True,aeb_feasible,False,False,17.17428290595731,1.8426228080119684,15.33166009794534,12.230346663484507,0.19109916661694543,2.5296098094604917,5.116835579170985,0.512729012653384,0.5501600363592067,0.15625,8.677426004099232,0.0038438246119767427,1,nan,nan,64,2.5296098094604917,0.512729012653384,8.677426004099232,0.19109916661694543,0,nan,nan,nan,nan,0,nan,nan,nan,nan,m1680-spec-0033::L2_window_13_current_tiled,m1680-spec-0033,L2_window_13_current_tiled,T4,t4_capability_step_temporal|capability_step_down,mapping_window_unspecified,all_72_specs;mapping_window_unspecified;task_family_T4,t4_capability_step_temporal,t4_capability_step_temporal,runs/m1674_controller_family_one_seed_public_pilot/configs/L2_window_13_current_tiled_seed167400.json,runs/m1674_controller_family_one_seed_public_pilot/profile_runs/L2_window_13_current_tiled/seed_167400/checkpoint.pt,13,169701,False,True,False,False,False,False,False,False,False,False,False,False,False
169702,checkpoint,71,True,False,0.4350369902863339,0.49277227613244756,1377.864802425379,0.9502515878795716,0.9726527697515803,-0.058908574620473386,1.1911521407828363,0.8226544297267154,0.9772396586864689,1.8097145718962522,1.8097145718962524,17,True,True,aeb_feasible,False,False,4.870164967906662,1.5220843793030365,3.348080588603626,14.398479298632251,0.2027954830793275,2.2572526726394693,5.062608939241969,0.6329144003241375,0.052359018245984455,0.0,8.171409274575282,0.002543079201132059,1,nan,nan,71,2.2572526726394693,0.6329144003241375,8.171409274575282,0.2027954830793275,0,nan,nan,nan,nan,0,nan,nan,nan,nan,m1680-spec-0033::L2_window_25,m1680-spec-0033,L2_window_25,T4,t4_capability_step_temporal|capability_step_down,mapping_window_unspecified,all_72_specs;mapping_window_unspecified;task_family_T4,t4_capability_step_temporal,t4_capability_step_temporal,runs/m1674_controller_family_one_seed_public_pilot/configs/L2_window_25_seed167400.json,runs/m1674_controller_family_one_seed_public_pilot/profile_runs/L2_window_25/seed_167400/checkpoint.pt,25,169702,False,True,False,False,False,False,False,False,False,False,False,False,False
169703,checkpoint,72,True,False,1.02464046082998,0.35265563863672184,1393.865912965354,0.9612868365278303,0.8634111800879836,-0.09692840432334338,0.726463758640878,0.6647402774782878,1.181237569789798,0.9730002753267718,0.9730002753267719,16,True,True,aeb_feasible,False,False,22.429483928736655,1.4706997863958993,20.958784142340754,32.42991010780555,0.4504154181639659,2.083627660737279,5.008978461085352,0.561341404288907,0.10065120990677828,0.0,8.528623187589671,0.003624866483733058,1,nan,nan,72,2.083627660737279,0.561341404288907,8.528623187589671,0.4504154181639659,0,nan,nan,nan,nan,0,nan,nan,nan,nan,m1680-spec-0033::L2_window_25_current_tiled,m1680-spec-0033,L2_window_25_current_tiled,T4,t4_capability_step_temporal|capability_step_down,mapping_window_unspecified,all_72_specs;mapping_window_unspecified;task_family_T4,t4_capability_step_temporal,t4_capability_step_temporal,runs/m1674_controller_family_one_seed_public_pilot/configs/L2_window_25_current_tiled_seed167400.json,runs/m1674_controller_family_one_seed_public_pilot/profile_runs/L2_window_25_current_tiled/seed_167400/checkpoint.pt,25,169703,False,True,False,False,False,False,False,False,False,False,False,False,False
169704,checkpoint,64,True,False,0.44226026521535583,1.0126379536266434,1641.33490555261,1.1319551072776621,1.2334104198009364,0.09586693428521254,1.1799418715017125,0.7440973607040487,0.8565129745433777,1.6458682088461474,1.6458682088461474,17,True,True,aeb_feasible,False,False,25.478259395284585,1.7499641558994576,23.728295239385126,9.702506041435328,0.151601656897427,2.2514512811382823,5.043635862762539,0.5830835631697783,0.040570633273963826,0.0,8.935045946485666,0.003044160781428218,1,nan,nan,64,2.2514512811382823,0.5830835631697783,8.935045946485666,0.151601656897427,0,nan,nan,nan,nan,0,nan,nan,nan,nan,m1680-spec-0033::L2_window_50,m1680-spec-0033,L2_window_50,T4,t4_capability_step_temporal|capability_step_down,mapping_window_unspecified,all_72_specs;mapping_window_unspecified;task_family_T4,t4_capability_step_temporal,t4_capability_step_temporal,runs/m1674_controller_family_one_seed_public_pilot/configs/L2_window_50_seed167400.json,runs/m1674_controller_family_one_seed_public_pilot/profile_runs/L2_window_50/seed_167400/checkpoint.pt,50,169704,False,True,False,False,False,False,False,False,False,False,False,False,False
169705,checkpoint,67,True,False,0.8064040162183561,0.797420405507909,1305.8255872544348,0.9005693705202998,0.9849455693488034,-0.10876245122329231,1.0733472941848614,0.7334814836607076,0.6869151671030131,1.5145305944496883,1.5145305944496883,21,True,True,aeb_feasible,False,False,22.147011072119046,1.7464556949680528,20.400555377150994,12.944666629835709,0.1932039795497867,2.3829964203427916,5.126730105645116,0.467391895540187,0.06237780282925753,0.0,8.406069883167662,0.0033771884627640247,1,nan,nan,67,2.3829964203427916,0.467391895540187,8.406069883167662,0.1932039795497867,0,nan,nan,nan,nan,0,nan,nan,nan,nan,m1680-spec-0033::L2_window_50_current_tiled,m1680-spec-0033,L2_window_50_current_tiled,T4,t4_capability_step_temporal|capability_step_down,mapping_window_unspecified,all_72_specs;mapping_window_unspecified;task_family_T4,t4_capability_step_temporal,t4_capability_step_temporal,runs/m1674_controller_family_one_seed_public_pilot/configs/L2_window_50_current_tiled_seed167400.json,runs/m1674_controller_family_one_seed_public_pilot/profile_runs/L2_window_50_current_tiled/seed_167400/checkpoint.pt,50,169705,False,True,False,False,False,False,False,False,False,False,False,False,False
169706,checkpoint,99,True,False,0.5917228656181877,1.0497995721796325,1247.9109603819297,0.8606282485392619,0.9802865955769371,0.09868342845516387,0.8467126823936384,0.6558293153248168,0.6756676264143899,1.4873277616931213,1.4873277616931213,17,True,True,aeb_feasible,False,False,18.60550651553162,2.0234653303537105,16.582041185177907,53.77380334248233,0.5431697307321448,2.282814010055723,5.0049482408661845,0.3873146146741108,0.0148847035340179,0.0,8.828214808336476,0.0011453548213467002,1,nan,nan,99,2.282814010055723,0.3873146146741108,8.828214808336476,0.5431697307321448,0,nan,nan,nan,nan,0,nan,nan,nan,nan,m1680-spec-0033::L3_online_gru,m1680-spec-0033,L3_online_gru,T4,t4_capability_step_temporal|capability_step_down,mapping_window_unspecified,all_72_specs;mapping_window_unspecified;task_family_T4,t4_capability_step_temporal,t4_capability_step_temporal,runs/m1674_controller_family_one_seed_public_pilot/configs/L3_online_gru_seed167400.json,runs/m1674_controller_family_one_seed_public_pilot/profile_runs/L3_online_gru/seed_167400/checkpoint.pt,1,169706,False,True,False,False,False,False,False,False,False,False,False,False,False
169707,checkpoint,99,True,False,0.6948113095688316,0.8163318642320252,1264.7409909269254,0.8722351661565003,0.9063153110947542,0.0635373567802131,1.0034886613163905,1.2087560726665223,1.2967474017861575,1.0829855008139795,1.0829855008139795,20,True,True,aeb_feasible,False,False,5.50038062969992,1.980806567722281,3.5195740619776386,72.3612733084831,0.7309219526109405,2.1164887137965858,5.0960966717552125,0.36799863579950526,0.0404236957770277,0.0,9.661558238467489,0.0007691325736232102,1,nan,nan,99,2.1164887137965858,0.36799863579950526,9.661558238467489,0.7309219526109405,0,nan,nan,nan,nan,0,nan,nan,nan,nan,m1680-spec-0033::L3_reset_control_corrected,m1680-spec-0033,L3_reset_control_corrected,T4,t4_capability_step_temporal|capability_step_down,mapping_window_unspecified,all_72_specs;mapping_window_unspecified;task_family_T4,t4_capability_step_temporal,t4_capability_step_temporal,runs/m1674_controller_family_one_seed_public_pilot/configs/L3_reset_control_corrected_seed167400.json,runs/m1674_controller_family_one_seed_public_pilot/profile_runs/L3_reset_control_corrected/seed_167400/checkpoint.pt,1,169707,False,True,False,False,False,False,False,False,False,False,False,False,False
169708,checkpoint,98,True,False,0.36900033525758325,0.36900033525758325,1280.8634583756364,0.8833541092245768,0.8515222812855173,-0.054577809025422086,0.7007255834706895,1.213875797260504,1.105879396466056,1.3796689138622205,1.3796689138622205,,False,True,aeb_feasible,False,False,10.07946063758401,1.479135899842734,8.600324737741275,23.124075626111743,0.23595995536848718,2.4071777385937128,5.088150402953211,0.425928931356335,0.060900744450599315,0.0,7.104212830204624,0.0012377717066556215,1,nan,nan,98,2.4071777385937128,0.425928931356335,7.104212830204624,0.23595995536848718,0,nan,nan,nan,nan,0,nan,nan,nan,nan,m1680-spec-0034::L0_current_masked,m1680-spec-0034,L0_current_masked,T4,t4_staged_warmup_capability|capability_step_up,mapping_window_unspecified,all_72_specs;mapping_window_unspecified;task_family_T4,t4_staged_warmup_capability,t4_staged_warmup_capability,runs/m1674_controller_family_one_seed_public_pilot/configs/L0_current_masked_seed167400.json,runs/m1674_controller_family_one_seed_public_pilot/profile_runs/L0_current_masked/seed_167400/checkpoint.pt,1,169708,False,True,False,False,False,False,False,False,False,False,False,False,False
169709,checkpoint,61,True,False,0.9481245911760436,0.9481245911760436,1624.261059450147,1.1201800410001015,1.0428009344250047,0.08257408711136915,1.1267797605834828,0.5755113661589468,0.8743261163187623,1.164615307383659,1.164615307383659,,False,True,aeb_feasible,False,False,6.751628671265231,1.7201627264711523,5.031465944794078,12.651531679359096,0.20740215867801795,2.4224778889887157,5.083708850501193,0.5959409617866185,0.013150318532189915,0.0,12.260400519545367,0.0024832249619066715,1,nan,nan,61,2.4224778889887157,0.5959409617866185,12.260400519545367,0.20740215867801795,0,nan,nan,nan,nan,0,nan,nan,nan,nan,m1680-spec-0034::L1_one_step,m1680-spec-0034,L1_one_step,T4,t4_staged_warmup_capability|capability_step_up,mapping_window_unspecified,all_72_specs;mapping_window_unspecified;task_family_T4,t4_staged_warmup_capability,t4_staged_warmup_capability,runs/m1674_controller_family_one_seed_public_pilot/configs/L1_one_step_seed167400.json,runs/m1674_controller_family_one_seed_public_pilot/profile_runs/L1_one_step/seed_167400/checkpoint.pt,1,169709,False,True,False,False,False,False,False,False,False,False,False,False,False
169710,checkpoint,77,True,False,0.6590993949838337,0.6590993949838337,1680.2872132045181,1.158818767727254,1.1023994856883506,-0.0215149618122783,1.0704209277796526,1.2346751604217967,0.8454926800129632,1.2571552515134121,1.2571552515134121,,False,True,aeb_feasible,False,False,30.86945639117439,1.9372399775164024,28.932216413657986,11.658891259461903,0.15141417220080394,2.4568581831054828,5.097007972754117,0.3280470837145474,0.05983895744870944,0.0,6.92773341655591,0.002653710311278701,1,nan,nan,77,2.4568581831054828,0.3280470837145474,6.92773341655591,0.15141417220080394,0,nan,nan,nan,nan,0,nan,nan,nan,nan,m1680-spec-0034::L2_window_100,m1680-spec-0034,L2_window_100,T4,t4_staged_warmup_capability|capability_step_up,mapping_window_unspecified,all_72_specs;mapping_window_unspecified;task_family_T4,t4_staged_warmup_capability,t4_staged_warmup_capability,runs/m1674_controller_family_one_seed_public_pilot/configs/L2_window_100_seed167400.json,runs/m1674_controller_family_one_seed_public_pilot/profile_runs/L2_window_100/seed_167400/checkpoint.pt,100,169710,False,True,False,False,False,False,False,False,False,False,False,False,False
169711,checkpoint,46,True,False,0.9057405765960818,0.9057405765960818,1271.0248440328696,0.8765688579537032,0.9445382663541592,-0.10981448217891066,0.7594959403746587,0.793506984766533,0.9836416197176884,1.2452895440114395,1.2452895440114395,,False,True,aeb_feasible,False,False,20.643563538943926,1.9480863885626478,18.69547715038128,-0.06721574589751222,-0.0014612118673372222,2.6449892535445696,5.156418619031186,0.6312028270864648,0.03589756652428893,0.0,11.605150196773929,0.00453344127163291,1,nan,nan,46,2.6449892535445696,0.6312028270864648,11.605150196773929,-0.0014612118673372222,0,nan,nan,nan,nan,0,nan,nan,nan,nan,m1680-spec-0034::L2_window_100_current_tiled,m1680-spec-0034,L2_window_100_current_tiled,T4,t4_staged_warmup_capability|capability_step_up,mapping_window_unspecified,all_72_specs;mapping_window_unspecified;task_family_T4,t4_staged_warmup_capability,t4_staged_warmup_capability,runs/m1674_controller_family_one_seed_public_pilot/configs/L2_window_100_current_tiled_seed167400.json,runs/m1674_controller_family_one_seed_public_pilot/profile_runs/L2_window_100_current_tiled/seed_167400/checkpoint.pt,100,169711,False,True,False,False,False,False,False,False,False,False,False,False,False
169712,checkpoint,63,True,False,1.0267583284783506,1.0267583284783506,1700.7239582305324,1.1729130746417464,1.0537168750859687,-0.09126767687961501,1.0624520812132392,0.5104478372990838,0.8930017466856878,1.8106404224598254,1.8106404224598251,,False,True,aeb_feasible,False,False,14.188116006120886,1.5844079047138464,12.60370810140704,22.264497429372394,0.3534047211011491,2.3780997159247845,5.057110409756103,0.32591068505301396,0.05224533931780213,0.0,8.696798103443811,0.0029668074566870928,1,nan,nan,63,2.3780997159247845,0.32591068505301396,8.696798103443811,0.3534047211011491,0,nan,nan,nan,nan,0,nan,nan,nan,nan,m1680-spec-0034::L2_window_13,m1680-spec-0034,L2_window_13,T4,t4_staged_warmup_capability|capability_step_up,mapping_window_unspecified,all_72_specs;mapping_window_unspecified;task_family_T4,t4_staged_warmup_capability,t4_staged_warmup_capability,runs/m1674_controller_family_one_seed_public_pilot/configs/L2_window_13_seed167400.json,runs/m1674_controller_family_one_seed_public_pilot/profile_runs/L2_window_13/seed_167400/checkpoint.pt,13,169712,False,True,False,False,False,False,False,False,False,False,False,False,False
169713,checkpoint,66,True,False,0.5295548498764104,0.5295548498764104,1371.150077652646,0.9456207432087214,1.2103504332101758,0.09042992559886187,1.0863271966069319,0.7226955832022319,0.8897461506004924,1.5671871412414893,1.5671871412414895,,False,True,aeb_feasible,False,False,21.89022064584013,1.9513895363871931,19.938831109452938,9.368976666918492,0.14195419192300746,2.295453579203992,5.1105484060727875,0.6463435130902179,0.04670635310936711,0.0,8.599698094434016,0.003510716138407588,1,nan,nan,66,2.295453579203992,0.6463435130902179,8.599698094434016,0.14195419192300746,0,nan,nan,nan,nan,0,nan,nan,nan,nan,m1680-spec-0034::L2_window_13_current_tiled,m1680-spec-0034,L2_window_13_current_tiled,T4,t4_staged_warmup_capability|capability_step_up,mapping_window_unspecified,all_72_specs;mapping_window_unspecified;task_family_T4,t4_staged_warmup_capability,t4_staged_warmup_capability,runs/m1674_controller_family_one_seed_public_pilot/configs/L2_window_13_current_tiled_seed167400.json,runs/m1674_controller_family_one_seed_public_pilot/profile_runs/L2_window_13_current_tiled/seed_167400/checkpoint.pt,13,169713,False,True,False,False,False,False,False,False,False,False,False,False,False
169714,checkpoint,74,True,False,0.36843051820496653,0.36843051820496653,1648.9088814322959,1.1371785389188247,1.1478856083872975,-0.008850984065595924,1.101679447480097,1.2175543171728684,1.149894727668556,1.4502337842891704,1.4502337842891704,,False,True,aeb_feasible,False,False,15.071219531324765,1.4583333242147516,13.612886207110012,23.253209870278965,0.3142325658145806,2.3002050429428285,5.0262757729949,0.3850725308769971,0.08089375339227124,0.0,7.558893205220146,0.0027069984935224056,1,nan,nan,74,2.3002050429428285,0.3850725308769971,7.558893205220146,0.3142325658145806,0,nan,nan,nan,nan,0,nan,nan,nan,nan,m1680-spec-0034::L2_window_25,m1680-spec-0034,L2_window_25,T4,t4_staged_warmup_capability|capability_step_up,mapping_window_unspecified,all_72_specs;mapping_window_unspecified;task_family_T4,t4_staged_warmup_capability,t4_staged_warmup_capability,runs/m1674_controller_family_one_seed_public_pilot/configs/L2_window_25_seed167400.json,runs/m1674_controller_family_one_seed_public_pilot/profile_runs/L2_window_25/seed_167400/checkpoint.pt,25,169714,False,True,False,False,False,False,False,False,False,False,False,False,False
169715,checkpoint,68,True,False,0.45679631616917127,0.45679631616917127,1556.9269612903947,1.0737427319244102,1.1925244146888383,-0.009850661295199625,0.9953540781252661,0.6730312583160598,0.8681776772344646,1.852212630190657,1.852212630190657,,False,True,aeb_feasible,False,False,11.167840157588062,2.0921498486513928,9.075690308936668,12.71753598176045,0.18702258796706545,2.3610600163923112,5.0099099721273745,0.5967479909053233,0.049597018849990834,0.0,7.8756754314539705,0.0029363601934164762,1,nan,nan,68,2.3610600163923112,0.5967479909053233,7.8756754314539705,0.18702258796706545,0,nan,nan,nan,nan,0,nan,nan,nan,nan,m1680-spec-0034::L2_window_25_current_tiled,m1680-spec-0034,L2_window_25_current_tiled,T4,t4_staged_warmup_capability|capability_step_up,mapping_window_unspecified,all_72_specs;mapping_window_unspecified;task_family_T4,t4_staged_warmup_capability,t4_staged_warmup_capability,runs/m1674_controller_family_one_seed_public_pilot/configs/L2_window_25_current_tiled_seed167400.json,runs/m1674_controller_family_one_seed_public_pilot/profile_runs/L2_window_25_current_tiled/seed_167400/checkpoint.pt,25,169715,False,True,False,False,False,False,False,False,False,False,False,False,False
169716,checkpoint,58,True,False,0.8037258858031818,0.8037258858031818,1711.2076177518716,1.1801431846564632,0.9281894320431866,0.047718820849888655,0.8098594915254981,0.5071159158430463,0.989563386350571,2.073026579422969,2.073026579422969,,False,True,aeb_feasible,False,False,4.598147872634499,1.7583802440984302,2.8397676285360687,19.439731732509127,0.33516778849153667,2.252512675868682,5.098893775202367,0.39400072035060474,0.04425174150261974,0.0,10.30511732461835,0.0032366300001740456,1,nan,nan,58,2.252512675868682,0.39400072035060474,10.30511732461835,0.33516778849153667,0,nan,nan,nan,nan,0,nan,nan,nan,nan,m1680-spec-0034::L2_window_50,m1680-spec-0034,L2_window_50,T4,t4_staged_warmup_capability|capability_step_up,mapping_window_unspecified,all_72_specs;mapping_window_unspecified;task_family_T4,t4_staged_warmup_capability,t4_staged_warmup_capability,runs/m1674_controller_family_one_seed_public_pilot/configs/L2_window_50_seed167400.json,runs/m1674_controller_family_one_seed_public_pilot/profile_runs/L2_window_50/seed_167400/checkpoint.pt,50,169716,False,True,False,False,False,False,False,False,False,False,False,False,False
169717,checkpoint,60,True,False,0.9913959188537476,0.9913959188537476,1419.1415767063886,0.9787183287630267,0.9472889802945619,0.06113982103736304,0.9077550575459457,1.0139188712230456,0.9719758377309148,1.3239650130064715,1.3239650130064715,,False,True,aeb_feasible,False,False,22.696117930259394,1.6634587852593778,21.032659145000018,6.111496558921155,0.10185827598201926,2.3573127941967287,5.0406467329145705,0.5919783365023961,0.04222222522303157,0.0,9.081281344003441,0.0038351397961378098,1,nan,nan,60,2.3573127941967287,0.5919783365023961,9.081281344003441,0.10185827598201926,0,nan,nan,nan,nan,0,nan,nan,nan,nan,m1680-spec-0034::L2_window_50_current_tiled,m1680-spec-0034,L2_window_50_current_tiled,T4,t4_staged_warmup_capability|capability_step_up,mapping_window_unspecified,all_72_specs;mapping_window_unspecified;task_family_T4,t4_staged_warmup_capability,t4_staged_warmup_capability,runs/m1674_controller_family_one_seed_public_pilot/configs/L2_window_50_current_tiled_seed167400.json,runs/m1674_controller_family_one_seed_public_pilot/profile_runs/L2_window_50_current_tiled/seed_167400/checkpoint.pt,50,169717,False,True,False,False,False,False,False,False,False,False,False,False,False
169718,checkpoint,71,True,False,0.8014632492590005,0.8014632492590005,1487.6694007543617,1.0259788970719737,1.1797911506416479,0.07924092397008864,0.8831449775003826,0.9498711026188131,1.0870752791033498,1.3407182287334645,1.3407182287334645,,False,True,aeb_feasible,False,False,4.092729676612675,1.4932427634382917,2.599486913174383,27.96640038152172,0.3938929631200242,2.3250367886031547,5.0235389067796845,0.543756952805468,0.027677449335818827,0.0,11.867717744685532,0.0015913787065073848,1,nan,nan,71,2.3250367886031547,0.543756952805468,11.867717744685532,0.3938929631200242,0,nan,nan,nan,nan,0,nan,nan,nan,nan,m1680-spec-0034::L3_online_gru,m1680-spec-0034,L3_online_gru,T4,t4_staged_warmup_capability|capability_step_up,mapping_window_unspecified,all_72_specs;mapping_window_unspecified;task_family_T4,t4_staged_warmup_capability,t4_staged_warmup_capability,runs/m1674_controller_family_one_seed_public_pilot/configs/L3_online_gru_seed167400.json,runs/m1674_controller_family_one_seed_public_pilot/profile_runs/L3_online_gru/seed_167400/checkpoint.pt,1,169718,False,True,False,False,False,False,False,False,False,False,False,False,False
169719,checkpoint,80,True,False,0.5301492912498533,0.5301492912498533,1283.4156742158182,0.8851142580798746,1.054313856057373,-0.006094657910290291,0.9324495418969202,0.4616468476304175,0.8074004668075272,2.0284645104512578,2.0284645104512578,,False,True,aeb_feasible,False,False,21.50356088825638,1.963231768258904,19.540329119997477,43.32407170855272,0.541550896356909,2.4955668154831923,5.026240548004683,0.30962178380477867,0.025605907691038824,0.0,9.926809939249758,0.000926468288525939,1,nan,nan,80,2.4955668154831923,0.30962178380477867,9.926809939249758,0.541550896356909,0,nan,nan,nan,nan,0,nan,nan,nan,nan,m1680-spec-0034::L3_reset_control_corrected,m1680-spec-0034,L3_reset_control_corrected,T4,t4_staged_warmup_capability|capability_step_up,mapping_window_unspecified,all_72_specs;mapping_window_unspecified;task_family_T4,t4_staged_warmup_capability,t4_staged_warmup_capability,runs/m1674_controller_family_one_seed_public_pilot/configs/L3_reset_control_corrected_seed167400.json,runs/m1674_controller_family_one_seed_public_pilot/profile_runs/L3_reset_control_corrected/seed_167400/checkpoint.pt,1,169719,False,True,False,False,False,False,False,False,False,False,False,False,False
169720,checkpoint,104,True,False,0.7998129656010796,0.3670421817714795,1564.8139703180743,1.0791820484952237,1.1033684527271321,0.028319235883578653,1.2278041393243533,1.1740800805183857,0.9559399110145361,1.315751607255899,1.315751607255899,26,True,True,aeb_feasible,True,False,1.6051451526377445,1.653040980515557,-0.04789582787781255,8.264471998466767,0.07946607690833431,2.475309641676101,4.777062065432929,0.3686770195110412,0.051557152755341076,0.0,7.022092974687605,0.001134496764279902,1,nan,nan,104,2.475309641676101,0.3686770195110412,7.022092974687605,0.07946607690833431,0,nan,nan,nan,nan,0,nan,nan,nan,nan,m1680-spec-0035::L0_current_masked,m1680-spec-0035,L0_current_masked,T4,actuator_delay_step|capability_step_up,reveal_plus_4,all_72_specs;explicit_window_subset;task_family_T4,capability_step_up,t4_capability_step_temporal,runs/m1674_controller_family_one_seed_public_pilot/configs/L0_current_masked_seed167400.json,runs/m1674_controller_family_one_seed_public_pilot/profile_runs/L0_current_masked/seed_167400/checkpoint.pt,1,169720,False,True,False,False,False,False,False,False,False,False,False,False,False
169721,checkpoint,84,True,False,0.7526457640239587,0.748712407115732,1707.228274052893,1.1773988096916503,0.917314196756685,-0.007804904435250393,0.7789496377210033,1.0291652394304829,0.5700962429141565,1.6935926123921627,1.6935926123921627,25,True,True,aeb_feasible,False,False,21.61806591111715,1.8022885079014066,19.815777403215744,14.789875023402546,0.1760699407547922,2.3402531369902606,5.093445030075323,0.5292293476399489,0.056004434917143506,0.0,9.491237431798831,0.0015951680252328515,1,nan,nan,84,2.3402531369902606,0.5292293476399489,9.491237431798831,0.1760699407547922,0,nan,nan,nan,nan,0,nan,nan,nan,nan,m1680-spec-0035::L1_one_step,m1680-spec-0035,L1_one_step,T4,actuator_delay_step|capability_step_up,reveal_plus_4,all_72_specs;explicit_window_subset;task_family_T4,capability_step_up,t4_capability_step_temporal,runs/m1674_controller_family_one_seed_public_pilot/configs/L1_one_step_seed167400.json,runs/m1674_controller_family_one_seed_public_pilot/profile_runs/L1_one_step/seed_167400/checkpoint.pt,1,169721,False,True,False,False,False,False,False,False,False,False,False,False,False
169722,checkpoint,75,True,False,1.048310513833617,0.8636252500991741,1730.3973695927327,1.19337749627085,1.0949344850389848,0.029067496160536388,0.762973682276203,1.0701971977256346,0.6880694752179118,1.547283632547202,1.547283632547202,23,True,True,aeb_feasible,False,False,29.233317692161595,1.5713916334778903,27.661926058683704,6.735950494663418,0.0898126732621789,2.4301821767339913,5.104823484180653,0.4560297952942573,0.04304889039789455,0.0,7.406742525757889,0.0026066130958497524,1,nan,nan,75,2.4301821767339913,0.4560297952942573,7.406742525757889,0.0898126732621789,0,nan,nan,nan,nan,0,nan,nan,nan,nan,m1680-spec-0035::L2_window_100,m1680-spec-0035,L2_window_100,T4,actuator_delay_step|capability_step_up,reveal_plus_4,all_72_specs;explicit_window_subset;task_family_T4,capability_step_up,t4_capability_step_temporal,runs/m1674_controller_family_one_seed_public_pilot/configs/L2_window_100_seed167400.json,runs/m1674_controller_family_one_seed_public_pilot/profile_runs/L2_window_100/seed_167400/checkpoint.pt,100,169722,False,True,False,False,False,False,False,False,False,False,False,False,False
169723,checkpoint,59,True,False,0.5982010743865926,1.0614782335420472,1702.8043164062624,1.174347804418112,0.9916885041767315,-0.0040283713935849175,0.6426328300039588,0.7131548672772536,1.1967408920363671,1.5206662995573303,1.5206662995573303,25,True,True,aeb_feasible,False,False,14.155343758988387,1.5482038415840864,12.6071399174043,24.796978685264623,0.42028777432651904,2.2588905851933125,5.056572183885873,0.3777623235361823,0.09690431627976621,0.0,10.653009682350403,0.003744151210412383,1,nan,nan,59,2.2588905851933125,0.3777623235361823,10.653009682350403,0.42028777432651904,0,nan,nan,nan,nan,0,nan,nan,nan,nan,m1680-spec-0035::L2_window_100_current_tiled,m1680-spec-0035,L2_window_100_current_tiled,T4,actuator_delay_step|capability_step_up,reveal_plus_4,all_72_specs;explicit_window_subset;task_family_T4,capability_step_up,t4_capability_step_temporal,runs/m1674_controller_family_one_seed_public_pilot/configs/L2_window_100_current_tiled_seed167400.json,runs/m1674_controller_family_one_seed_public_pilot/profile_runs/L2_window_100_current_tiled/seed_167400/checkpoint.pt,100,169723,False,True,False,False,False,False,False,False,False,False,False,False,False
169724,checkpoint,79,True,False,0.4840620229989859,0.331753345563771,1585.1898831370636,1.093234402163492,0.9235138010079805,-0.09580013757032035,0.7282470317151597,1.010320981667438,1.232975092317712,1.3511461838928953,1.3511461838928953,26,True,True,aeb_feasible,False,False,10.148850499079307,1.7910479386749323,8.357802560404375,26.724942424205395,0.3382904104329797,2.1782905213499437,5.116955117351608,0.5710842339142161,0.08146392095999362,0.0,7.796206271125663,0.002445737598463893,1,nan,nan,79,2.1782905213499437,0.5710842339142161,7.796206271125663,0.3382904104329797,0,nan,nan,nan,nan,0,nan,nan,nan,nan,m1680-spec-0035::L2_window_13,m1680-spec-0035,L2_window_13,T4,actuator_delay_step|capability_step_up,reveal_plus_4,all_72_specs;explicit_window_subset;task_family_T4,capability_step_up,t4_capability_step_temporal,runs/m1674_controller_family_one_seed_public_pilot/configs/L2_window_13_seed167400.json,runs/m1674_controller_family_one_seed_public_pilot/profile_runs/L2_window_13/seed_167400/checkpoint.pt,13,169724,False,True,False,False,False,False,False,False,False,False,False,False,False
169725,checkpoint,71,True,False,0.3437856660169184,0.388920709428805,1650.8044833847666,1.1384858506101838,1.1725631704625366,0.10740535245528626,1.2372875018955982,0.8519141433646719,0.8892121882268097,1.8674401408246624,1.8674401408246624,23,True,True,aeb_feasible,False,False,12.312887799551056,1.5449882621671551,10.7678995373839,21.461259533556802,0.3022712610360113,2.303422945914439,5.007854945068306,0.39460104106358074,0.04189059344337486,0.0,7.74206577243702,0.0027671658899635077,1,nan,nan,71,2.303422945914439,0.39460104106358074,7.74206577243702,0.3022712610360113,0,nan,nan,nan,nan,0,nan,nan,nan,nan,m1680-spec-0035::L2_window_13_current_tiled,m1680-spec-0035,L2_window_13_current_tiled,T4,actuator_delay_step|capability_step_up,reveal_plus_4,all_72_specs;explicit_window_subset;task_family_T4,capability_step_up,t4_capability_step_temporal,runs/m1674_controller_family_one_seed_public_pilot/configs/L2_window_13_current_tiled_seed167400.json,runs/m1674_controller_family_one_seed_public_pilot/profile_runs/L2_window_13_current_tiled/seed_167400/checkpoint.pt,13,169725,False,True,False,False,False,False,False,False,False,False,False,False,False
169726,checkpoint,74,True,False,0.5558365502784397,0.538613919061889,1316.8503468905656,0.9081726530279762,1.1996558944614386,0.004646690555301092,0.5333039646065928,0.6739051097102964,1.3084077056438217,1.6757651083671172,1.6757651083671172,28,True,True,aeb_feasible,False,False,21.009080601958356,2.0899729598611834,18.919107642097174,42.489188881353364,0.5741782281263969,2.1508485722289215,5.087083683897347,0.3481231566889379,0.48795130356976274,0.0945945945945946,8.518860443409038,0.0032935128547251225,1,nan,nan,74,2.1508485722289215,0.3481231566889379,8.518860443409038,0.5741782281263969,0,nan,nan,nan,nan,0,nan,nan,nan,nan,m1680-spec-0035::L2_window_25,m1680-spec-0035,L2_window_25,T4,actuator_delay_step|capability_step_up,reveal_plus_4,all_72_specs;explicit_window_subset;task_family_T4,capability_step_up,t4_capability_step_temporal,runs/m1674_controller_family_one_seed_public_pilot/configs/L2_window_25_seed167400.json,runs/m1674_controller_family_one_seed_public_pilot/profile_runs/L2_window_25/seed_167400/checkpoint.pt,25,169726,False,True,False,False,False,False,False,False,False,False,False,False,False
169727,checkpoint,83,True,False,0.4902019656424079,0.48444589146029454,1488.4834822963808,1.0265403326181937,0.9413367372955824,0.08821409166597127,0.5941870888628655,1.2157618066213267,0.8743041425441711,1.999531641704705,1.999531641704705,24,True,True,aeb_feasible,False,False,16.83717186845713,2.0884282649770216,14.748743603480108,9.26220273084661,0.11159280398610373,2.2617596702008242,5.03948738651485,0.5076433318229328,0.038224905710338486,0.0,6.915803696143568,0.0024793522898107767,1,nan,nan,83,2.2617596702008242,0.5076433318229328,6.915803696143568,0.11159280398610373,0,nan,nan,nan,nan,0,nan,nan,nan,nan,m1680-spec-0035::L2_window_25_current_tiled,m1680-spec-0035,L2_window_25_current_tiled,T4,actuator_delay_step|capability_step_up,reveal_plus_4,all_72_specs;explicit_window_subset;task_family_T4,capability_step_up,t4_capability_step_temporal,runs/m1674_controller_family_one_seed_public_pilot/configs/L2_window_25_current_tiled_seed167400.json,runs/m1674_controller_family_one_seed_public_pilot/profile_runs/L2_window_25_current_tiled/seed_167400/checkpoint.pt,25,169727,False,True,False,False,False,False,False,False,False,False,False,False,False
169728,checkpoint,71,True,False,0.8843163212255782,0.41092680832148903,1297.3698342936352,0.8947378167542311,1.1844946289574112,-0.027382114689404657,0.5452798279005868,1.142819730316686,1.0847901760433287,1.1244579680270794,1.1244579680270794,24,True,True,aeb_feasible,False,False,7.575051470338351,1.9838105809849238,5.591240889353427,22.96953870642849,0.3235146296680069,2.361639758804552,5.086949840155352,0.3101265803459946,0.038528207186181336,0.0,8.06647490096661,0.0023681747261434793,1,nan,nan,71,2.361639758804552,0.3101265803459946,8.06647490096661,0.3235146296680069,0,nan,nan,nan,nan,0,nan,nan,nan,nan,m1680-spec-0035::L2_window_50,m1680-spec-0035,L2_window_50,T4,actuator_delay_step|capability_step_up,reveal_plus_4,all_72_specs;explicit_window_subset;task_family_T4,capability_step_up,t4_capability_step_temporal,runs/m1674_controller_family_one_seed_public_pilot/configs/L2_window_50_seed167400.json,runs/m1674_controller_family_one_seed_public_pilot/profile_runs/L2_window_50/seed_167400/checkpoint.pt,50,169728,False,True,False,False,False,False,False,False,False,False,False,False,False
169729,checkpoint,58,True,False,0.5471392087352136,0.9542168503322237,1329.5550617234576,0.9169345253265224,1.2052492881436225,0.11659696597157354,1.0824558669020172,0.8908130964817323,1.1121671109556175,1.8325470973624525,1.8325470973624525,28,True,True,aeb_feasible,False,False,19.861509700152286,1.5186690392515483,18.342840660900738,18.812583497628932,0.324354887890154,2.2123298732379815,5.0482752770694646,0.49014545174983104,0.08198845282516633,0.0,10.904652262110627,0.003906429745256901,1,nan,nan,58,2.2123298732379815,0.49014545174983104,10.904652262110627,0.324354887890154,0,nan,nan,nan,nan,0,nan,nan,nan,nan,m1680-spec-0035::L2_window_50_current_tiled,m1680-spec-0035,L2_window_50_current_tiled,T4,actuator_delay_step|capability_step_up,reveal_plus_4,all_72_specs;explicit_window_subset;task_family_T4,capability_step_up,t4_capability_step_temporal,runs/m1674_controller_family_one_seed_public_pilot/configs/L2_window_50_current_tiled_seed167400.json,runs/m1674_controller_family_one_seed_public_pilot/profile_runs/L2_window_50_current_tiled/seed_167400/checkpoint.pt,50,169729,False,True,False,False,False,False,False,False,False,False,False,False,False
169730,checkpoint,78,True,False,0.38403393731892554,0.9370011288831879,1251.056009301132,0.8627972477938841,1.1459396216697095,0.05408800196275876,1.206233722511304,0.9206748733978175,0.6769644736870691,1.556410226032313,1.556410226032313,22,True,True,aeb_feasible,False,False,10.503844811147406,1.6659612990979684,8.837883512049437,27.12417652749175,0.34774585291656085,2.387619036819212,5.089005538591341,0.4537071948424065,0.013195503800667514,0.0,11.022489206431194,0.0015497850254178047,1,nan,nan,78,2.387619036819212,0.4537071948424065,11.022489206431194,0.34774585291656085,0,nan,nan,nan,nan,0,nan,nan,nan,nan,m1680-spec-0035::L3_online_gru,m1680-spec-0035,L3_online_gru,T4,actuator_delay_step|capability_step_up,reveal_plus_4,all_72_specs;explicit_window_subset;task_family_T4,capability_step_up,t4_capability_step_temporal,runs/m1674_controller_family_one_seed_public_pilot/configs/L3_online_gru_seed167400.json,runs/m1674_controller_family_one_seed_public_pilot/profile_runs/L3_online_gru/seed_167400/checkpoint.pt,1,169730,False,True,False,False,False,False,False,False,False,False,False,False,False
169731,checkpoint,93,True,False,0.8117802585515429,0.8156943599376794,1378.0304477614277,0.950365826042364,0.8823453487852008,-0.022471894248129454,1.0886670974870025,1.1220717462585328,1.1386793796412151,1.7780691340903272,1.7780691340903272,23,True,True,aeb_feasible,False,False,11.490352115654163,1.6687349957354825,9.821617119918681,40.79894248841551,0.43869830632704854,2.2669460164910658,5.037914184732557,0.5771859318571607,0.01680383901363884,0.0,9.341049289943793,0.0007505979156121612,1,nan,nan,93,2.2669460164910658,0.5771859318571607,9.341049289943793,0.43869830632704854,0,nan,nan,nan,nan,0,nan,nan,nan,nan,m1680-spec-0035::L3_reset_control_corrected,m1680-spec-0035,L3_reset_control_corrected,T4,actuator_delay_step|capability_step_up,reveal_plus_4,all_72_specs;explicit_window_subset;task_family_T4,capability_step_up,t4_capability_step_temporal,runs/m1674_controller_family_one_seed_public_pilot/configs/L3_reset_control_corrected_seed167400.json,runs/m1674_controller_family_one_seed_public_pilot/profile_runs/L3_reset_control_corrected/seed_167400/checkpoint.pt,1,169731,False,True,False,False,False,False,False,False,False,False,False,False,False
169732,checkpoint,87,True,False,0.5017781974130067,0.5017781974130067,1338.5625884103488,0.9231466126967922,1.1051593019089776,-0.09543528369719945,0.784102892853677,0.7880353151247603,1.0300490832313125,1.8886261203740833,1.8886261203740835,,False,True,aeb_feasible,False,False,3.265539879652516,2.1888224207461455,1.0767174589063706,42.929182673486196,0.493438881304439,2.1626146125940764,5.093111564979665,0.41978992254041314,0.0180786685364384,0.0,9.345148198024793,0.0016327004414051771,1,nan,nan,87,2.1626146125940764,0.41978992254041314,9.345148198024793,0.493438881304439,0,nan,nan,nan,nan,0,nan,nan,nan,nan,m1680-spec-0036::L0_current_masked,m1680-spec-0036,L0_current_masked,T5,actuator_delay_step|t5_near_boundary_warmup,reveal_plus_4,all_72_specs;explicit_window_subset;task_family_T5,t5_near_boundary_warmup,t5_near_boundary_warmup,runs/m1674_controller_family_one_seed_public_pilot/configs/L0_current_masked_seed167400.json,runs/m1674_controller_family_one_seed_public_pilot/profile_runs/L0_current_masked/seed_167400/checkpoint.pt,1,169732,False,True,False,False,False,False,False,False,False,False,False,False,False
169733,checkpoint,80,True,False,0.7744885640169702,0.7744885640169702,1437.5604124787733,0.9914209741232919,1.2440289935748623,-0.08726886349737173,1.2022322191671124,0.6197566885699175,0.8676348762173643,1.7996124111537097,1.7996124111537097,,False,True,aeb_feasible,True,False,1.6646551868763486,1.708072597722186,-0.04341741084583739,15.93299222950207,0.19916240286877587,2.2326386203852815,5.0781872318388785,0.38369283136202,0.023664096168105806,0.0,9.817565137621079,0.0018289104336872697,1,nan,nan,80,2.2326386203852815,0.38369283136202,9.817565137621079,0.19916240286877587,0,nan,nan,nan,nan,0,nan,nan,nan,nan,m1680-spec-0036::L1_one_step,m1680-spec-0036,L1_one_step,T5,actuator_delay_step|t5_near_boundary_warmup,reveal_plus_4,all_72_specs;explicit_window_subset;task_family_T5,t5_near_boundary_warmup,t5_near_boundary_warmup,runs/m1674_controller_family_one_seed_public_pilot/configs/L1_one_step_seed167400.json,runs/m1674_controller_family_one_seed_public_pilot/profile_runs/L1_one_step/seed_167400/checkpoint.pt,1,169733,False,True,False,False,False,False,False,False,False,False,False,False,False
169734,checkpoint,55,True,False,0.7883420518267954,0.7883420518267954,1327.1466514511003,0.9152735527248967,1.1269097087939297,0.027796563311281997,1.1880211039967579,0.825676348059618,1.105449541146422,1.0875106795850449,1.0875106795850449,,False,True,aeb_feasible,False,False,11.743469915094309,2.079647253306541,9.663822661787767,18.744219343370542,0.3408039880612826,2.3496426190056585,5.049727819163969,0.3710728766446018,0.044162326845979795,0.0,10.119605794478911,0.0031569828279316425,1,nan,nan,55,2.3496426190056585,0.3710728766446018,10.119605794478911,0.3408039880612826,0,nan,nan,nan,nan,0,nan,nan,nan,nan,m1680-spec-0036::L2_window_100,m1680-spec-0036,L2_window_100,T5,actuator_delay_step|t5_near_boundary_warmup,reveal_plus_4,all_72_specs;explicit_window_subset;task_family_T5,t5_near_boundary_warmup,t5_near_boundary_warmup,runs/m1674_controller_family_one_seed_public_pilot/configs/L2_window_100_seed167400.json,runs/m1674_controller_family_one_seed_public_pilot/profile_runs/L2_window_100/seed_167400/checkpoint.pt,100,169734,False,True,False,False,False,False,False,False,False,False,False,False,False
169735,checkpoint,90,True,False,0.2859903968987124,0.2859903968987124,1527.0829163208875,1.0531606319454396,0.8859036689411489,0.09603515772247784,0.9643617550666679,0.7192093705859607,1.0372616632332086,1.68858391974887,1.68858391974887,,False,True,aeb_feasible,False,False,13.12644025272631,2.1689836411754153,10.957456611550894,31.49110930165462,0.3499012144628291,2.130739099261587,5.066461793783695,0.4126552383269001,1.1989275065985858,0.36666666666666664,7.300172865648221,0.004293407779186964,1,nan,nan,90,2.130739099261587,0.4126552383269001,7.300172865648221,0.3499012144628291,0,nan,nan,nan,nan,0,nan,nan,nan,nan,m1680-spec-0036::L2_window_100_current_tiled,m1680-spec-0036,L2_window_100_current_tiled,T5,actuator_delay_step|t5_near_boundary_warmup,reveal_plus_4,all_72_specs;explicit_window_subset;task_family_T5,t5_near_boundary_warmup,t5_near_boundary_warmup,runs/m1674_controller_family_one_seed_public_pilot/configs/L2_window_100_current_tiled_seed167400.json,runs/m1674_controller_family_one_seed_public_pilot/profile_runs/L2_window_100_current_tiled/seed_167400/checkpoint.pt,100,169735,False,True,False,False,False,False,False,False,False,False,False,False,False
169736,checkpoint,62,True,False,0.6343479930726119,0.6343479930726119,1662.1025476729926,1.1462776190848225,0.8942915071824878,0.11839425283083305,0.7637104895434619,1.337100828731762,1.0189797035557093,1.8655578843299792,1.8655578843299794,,False,True,aeb_feasible,False,False,17.527281745690008,2.1502308570383954,15.377050888651613,-0.3073845891153373,-0.004957815953473182,2.2668369687309333,5.012421072481619,0.6661529256775532,0.030867590329613285,0.0,9.345135718409896,0.0028694316279143095,1,nan,nan,62,2.2668369687309333,0.6661529256775532,9.345135718409896,-0.004957815953473182,0,nan,nan,nan,nan,0,nan,nan,nan,nan,m1680-spec-0036::L2_window_13,m1680-spec-0036,L2_window_13,T5,actuator_delay_step|t5_near_boundary_warmup,reveal_plus_4,all_72_specs;explicit_window_subset;task_family_T5,t5_near_boundary_warmup,t5_near_boundary_warmup,runs/m1674_controller_family_one_seed_public_pilot/configs/L2_window_13_seed167400.json,runs/m1674_controller_family_one_seed_public_pilot/profile_runs/L2_window_13/seed_167400/checkpoint.pt,13,169736,False,True,False,False,False,False,False,False,False,False,False,False,False
169737,checkpoint,84,True,False,0.2868040616348794,0.2868040616348794,1668.8224899009315,1.1509120620006423,0.9803790188574031,-0.047148698108733456,1.124175210826851,0.6384649377319657,0.7623651851896945,2.0506418507198974,2.0506418507198974,,False,True,aeb_feasible,False,False,3.8877966835168185,1.765496792237108,2.1222998912797104,28.255403015260544,0.3363738454197684,2.1687737631120068,5.0303310168660005,0.45768476270661007,0.10311979380271565,0.0,6.9950447371005255,0.002496216678991914,1,nan,nan,84,2.1687737631120068,0.45768476270661007,6.9950447371005255,0.3363738454197684,0,nan,nan,nan,nan,0,nan,nan,nan,nan,m1680-spec-0036::L2_window_13_current_tiled,m1680-spec-0036,L2_window_13_current_tiled,T5,actuator_delay_step|t5_near_boundary_warmup,reveal_plus_4,all_72_specs;explicit_window_subset;task_family_T5,t5_near_boundary_warmup,t5_near_boundary_warmup,runs/m1674_controller_family_one_seed_public_pilot/configs/L2_window_13_current_tiled_seed167400.json,runs/m1674_controller_family_one_seed_public_pilot/profile_runs/L2_window_13_current_tiled/seed_167400/checkpoint.pt,13,169737,False,True,False,False,False,False,False,False,False,False,False,False,False
169738,checkpoint,72,True,False,0.36398961852816847,0.36398961852816847,1386.3562616119468,0.9561077666289288,1.1213120938051533,0.10424004390264985,0.8930011000879177,0.7434553406075162,0.9422992632137657,1.8198615616202103,1.8198615616202105,,False,True,aeb_feasible,False,False,6.003325568073501,1.7995639492750704,4.203761618798431,24.40761863431524,0.33899470325437836,2.300441136417581,5.133238167146679,0.4096024928283467,0.09775874937220962,0.0,7.971096016421626,0.0024719606153666973,1,nan,nan,72,2.300441136417581,0.4096024928283467,7.971096016421626,0.33899470325437836,0,nan,nan,nan,nan,0,nan,nan,nan,nan,m1680-spec-0036::L2_window_25,m1680-spec-0036,L2_window_25,T5,actuator_delay_step|t5_near_boundary_warmup,reveal_plus_4,all_72_specs;explicit_window_subset;task_family_T5,t5_near_boundary_warmup,t5_near_boundary_warmup,runs/m1674_controller_family_one_seed_public_pilot/configs/L2_window_25_seed167400.json,runs/m1674_controller_family_one_seed_public_pilot/profile_runs/L2_window_25/seed_167400/checkpoint.pt,25,169738,False,True,False,False,False,False,False,False,False,False,False,False,False
169739,checkpoint,48,True,False,0.986957405574317,0.986957405574317,1565.4257876575484,1.0796039914879645,1.20122858046949,-0.05168814679262512,1.079104766462562,0.4630747168358685,1.0595579125547003,1.1887903250698355,1.1887903250698355,,False,True,aeb_feasible,False,False,9.186116284999503,1.557115306691747,7.629000978307756,13.459496653803688,0.28040618028757686,2.3036304517438673,5.163298027965123,0.4366003591741627,0.03201798393232262,0.0,12.446678920059705,0.004312220495194197,1,nan,nan,48,2.3036304517438673,0.4366003591741627,12.446678920059705,0.28040618028757686,0,nan,nan,nan,nan,0,nan,nan,nan,nan,m1680-spec-0036::L2_window_25_current_tiled,m1680-spec-0036,L2_window_25_current_tiled,T5,actuator_delay_step|t5_near_boundary_warmup,reveal_plus_4,all_72_specs;explicit_window_subset;task_family_T5,t5_near_boundary_warmup,t5_near_boundary_warmup,runs/m1674_controller_family_one_seed_public_pilot/configs/L2_window_25_current_tiled_seed167400.json,runs/m1674_controller_family_one_seed_public_pilot/profile_runs/L2_window_25_current_tiled/seed_167400/checkpoint.pt,25,169739,False,True,False,False,False,False,False,False,False,False,False,False,False
169740,checkpoint,69,True,False,0.30782287445266376,0.30782287445266376,1612.6080172444033,1.112143460168554,1.0817399662065192,0.08598543561554717,0.7441847451097263,0.7967315627605254,0.8751350361660793,1.452158828848844,1.452158828848844,,False,True,aeb_feasible,False,False,8.758482507921238,1.9219807692666802,6.836501738654558,14.479049486219104,0.20984129690172615,2.5920271594872313,5.053205782214661,0.37627798314322364,0.03620384752739144,0.0,7.1165863116565875,0.0022849361412227154,1,nan,nan,69,2.5920271594872313,0.37627798314322364,7.1165863116565875,0.20984129690172615,0,nan,nan,nan,nan,0,nan,nan,nan,nan,m1680-spec-0036::L2_window_50,m1680-spec-0036,L2_window_50,T5,actuator_delay_step|t5_near_boundary_warmup,reveal_plus_4,all_72_specs;explicit_window_subset;task_family_T5,t5_near_boundary_warmup,t5_near_boundary_warmup,runs/m1674_controller_family_one_seed_public_pilot/configs/L2_window_50_seed167400.json,runs/m1674_controller_family_one_seed_public_pilot/profile_runs/L2_window_50/seed_167400/checkpoint.pt,50,169740,False,True,False,False,False,False,False,False,False,False,False,False,False
169741,checkpoint,50,True,False,0.9274138323376433,0.9274138323376433,1449.4982440794845,0.9996539614341272,1.0208766299176135,-0.02118243582281476,1.0415018181487599,1.2302582599473533,1.0085105287695504,1.7524980893973394,1.7524980893973394,,False,True,aeb_feasible,False,False,13.61241487605107,1.7151408117786722,11.897274064272397,0.918037207448271,0.01836074414896542,2.5165320177369437,5.0452563368201915,0.6060632638917265,0.0453174789383283,0.0,10.936610907710099,0.003961825277656317,1,nan,nan,50,2.5165320177369437,0.6060632638917265,10.936610907710099,0.01836074414896542,0,nan,nan,nan,nan,0,nan,nan,nan,nan,m1680-spec-0036::L2_window_50_current_tiled,m1680-spec-0036,L2_window_50_current_tiled,T5,actuator_delay_step|t5_near_boundary_warmup,reveal_plus_4,all_72_specs;explicit_window_subset;task_family_T5,t5_near_boundary_warmup,t5_near_boundary_warmup,runs/m1674_controller_family_one_seed_public_pilot/configs/L2_window_50_current_tiled_seed167400.json,runs/m1674_controller_family_one_seed_public_pilot/profile_runs/L2_window_50_current_tiled/seed_167400/checkpoint.pt,50,169741,False,True,False,False,False,False,False,False,False,False,False,False,False
169742,checkpoint,84,True,False,0.5920021801221027,0.5920021801221027,1718.7757241379122,1.1853625683709739,1.1714200106074093,0.04545789037290748,0.8281756542074477,0.7987192492405452,0.9373884569304718,1.0526061263887156,1.0526061263887156,,False,True,aeb_feasible,False,False,12.233729722875976,1.691640331389194,10.542089391486783,28.18090636875349,0.3354869805803987,2.329615044119689,5.034743089227124,0.636319559259212,0.03803037112115907,0.0,10.085246918133599,0.0012932218378409743,1,nan,nan,84,2.329615044119689,0.636319559259212,10.085246918133599,0.3354869805803987,0,nan,nan,nan,nan,0,nan,nan,nan,nan,m1680-spec-0036::L3_online_gru,m1680-spec-0036,L3_online_gru,T5,actuator_delay_step|t5_near_boundary_warmup,reveal_plus_4,all_72_specs;explicit_window_subset;task_family_T5,t5_near_boundary_warmup,t5_near_boundary_warmup,runs/m1674_controller_family_one_seed_public_pilot/configs/L3_online_gru_seed167400.json,runs/m1674_controller_family_one_seed_public_pilot/profile_runs/L3_online_gru/seed_167400/checkpoint.pt,1,169742,False,True,False,False,False,False,False,False,False,False,False,False,False
169743,checkpoint,73,False,True,0.9933665972568101,0.9933665972568101,1425.473607743585,0.9830852467197139,1.166014714635783,-0.11659920413639302,1.0313083647036807,1.1162801294872398,0.9278026818336891,2.027675045702437,2.027675045702437,,False,True,aeb_feasible,False,True,4.385272903835947,1.8344294062060005,2.5508434976299466,59.65693300997778,0.8172182604106545,1.766374309944718,3.8976236839608838,0.36626862179418385,0.07215657352248951,0.0,11.698561815692333,0.0010004580253735185,1,nan,nan,73,1.766374309944718,0.36626862179418385,11.698561815692333,0.8172182604106545,0,nan,nan,nan,nan,0,nan,nan,nan,nan,m1680-spec-0036::L3_reset_control_corrected,m1680-spec-0036,L3_reset_control_corrected,T5,actuator_delay_step|t5_near_boundary_warmup,reveal_plus_4,all_72_specs;explicit_window_subset;task_family_T5,t5_near_boundary_warmup,t5_near_boundary_warmup,runs/m1674_controller_family_one_seed_public_pilot/configs/L3_reset_control_corrected_seed167400.json,runs/m1674_controller_family_one_seed_public_pilot/profile_runs/L3_reset_control_corrected/seed_167400/checkpoint.pt,1,169743,False,True,False,False,False,False,False,False,False,False,False,False,True
169744,checkpoint,68,True,False,0.930817719413063,0.930817719413063,1628.5022092583192,1.1231049719022892,0.9196499226820066,0.008448195123821778,1.0289165546320322,1.2461387717499082,1.0309781003194665,2.165012277881785,2.165012277881785,,False,True,aeb_feasible,False,False,7.561805105446744,1.8904779694760454,5.671327135970699,10.9114185591232,0.16046203763416472,2.4164688679054405,5.077289627776317,0.5753746585608984,0.020699505438909718,0.0,11.329526422922608,0.0020355673041194677,1,nan,nan,68,2.4164688679054405,0.5753746585608984,11.329526422922608,0.16046203763416472,0,nan,nan,nan,nan,0,nan,nan,nan,nan,m1680-spec-0037::L0_current_masked,m1680-spec-0037,L0_current_masked,T5,brake_fade_or_loss_proxy|late_reveal_boundary,mapping_window_unspecified,all_72_specs;mapping_window_unspecified;task_family_T5,brake_fade_or_loss_proxy,t5_near_boundary_warmup,runs/m1674_controller_family_one_seed_public_pilot/configs/L0_current_masked_seed167400.json,runs/m1674_controller_family_one_seed_public_pilot/profile_runs/L0_current_masked/seed_167400/checkpoint.pt,1,169744,False,True,False,False,False,False,False,False,False,False,False,False,False
169745,checkpoint,70,True,False,0.7122676545162376,0.7122676545162376,1593.0597156891374,1.0986618728890603,1.0187907483614467,-0.03825091999602326,1.062450742916249,0.8928246751452714,1.0602284224960163,1.206627493632637,1.206627493632637,,False,True,aeb_feasible,True,False,1.6649927772363151,1.69789539751135,-0.03290262027503488,22.34225113061442,0.31917501615163457,1.4893468735412705,3.4928177380984735,0.5518922096872576,0.03965294207048024,0.0,9.395602337436175,0.0018778041703626513,1,nan,nan,70,1.4893468735412705,0.5518922096872576,9.395602337436175,0.31917501615163457,0,nan,nan,nan,nan,0,nan,nan,nan,nan,m1680-spec-0037::L1_one_step,m1680-spec-0037,L1_one_step,T5,brake_fade_or_loss_proxy|late_reveal_boundary,mapping_window_unspecified,all_72_specs;mapping_window_unspecified;task_family_T5,brake_fade_or_loss_proxy,t5_near_boundary_warmup,runs/m1674_controller_family_one_seed_public_pilot/configs/L1_one_step_seed167400.json,runs/m1674_controller_family_one_seed_public_pilot/profile_runs/L1_one_step/seed_167400/checkpoint.pt,1,169745,False,True,False,False,False,False,False,False,False,False,False,False,False
169746,checkpoint,78,True,False,0.30986134292753353,0.30986134292753353,1414.181442612653,0.9752975466294158,1.0034178265367588,0.07613596674253498,0.8595581051986212,0.8882225463252285,0.8461809145559428,1.6797179613536284,1.6797179613536284,,False,True,aeb_feasible,False,False,10.252362736399629,1.609050872925805,8.643311863473825,18.715123163199546,0.23993747645127625,2.3563352775550808,5.099683280988511,0.4243420552905749,0.045808193669142135,0.0,7.024451957725619,0.0022791321389377117,1,nan,nan,78,2.3563352775550808,0.4243420552905749,7.024451957725619,0.23993747645127625,0,nan,nan,nan,nan,0,nan,nan,nan,nan,m1680-spec-0037::L2_window_100,m1680-spec-0037,L2_window_100,T5,brake_fade_or_loss_proxy|late_reveal_boundary,mapping_window_unspecified,all_72_specs;mapping_window_unspecified;task_family_T5,brake_fade_or_loss_proxy,t5_near_boundary_warmup,runs/m1674_controller_family_one_seed_public_pilot/configs/L2_window_100_seed167400.json,runs/m1674_controller_family_one_seed_public_pilot/profile_runs/L2_window_100/seed_167400/checkpoint.pt,100,169746,False,True,False,False,False,False,False,False,False,False,False,False,False
169747,checkpoint,59,True,False,0.5771652517441723,0.5771652517441723,1250.8213732074887,0.8626354297982681,0.9420093207466071,0.11347764787252901,1.088197094402705,0.8427780683606905,0.903847279568425,1.4324144029746084,1.4324144029746084,,False,True,aeb_feasible,False,False,4.329133061733435,2.2347518150808967,2.094381246652538,14.297273125083331,0.2423266631370056,2.258059175248338,5.007051303717017,0.4798393507552787,0.03987801424962004,0.0,9.43693544424297,0.003635336644947529,1,nan,nan,59,2.258059175248338,0.4798393507552787,9.43693544424297,0.2423266631370056,0,nan,nan,nan,nan,0,nan,nan,nan,nan,m1680-spec-0037::L2_window_100_current_tiled,m1680-spec-0037,L2_window_100_current_tiled,T5,brake_fade_or_loss_proxy|late_reveal_boundary,mapping_window_unspecified,all_72_specs;mapping_window_unspecified;task_family_T5,brake_fade_or_loss_proxy,t5_near_boundary_warmup,runs/m1674_controller_family_one_seed_public_pilot/configs/L2_window_100_current_tiled_seed167400.json,runs/m1674_controller_family_one_seed_public_pilot/profile_runs/L2_window_100_current_tiled/seed_167400/checkpoint.pt,100,169747,False,True,False,False,False,False,False,False,False,False,False,False,False
169748,checkpoint,58,True,False,0.7675738336407377,0.7675738336407377,1490.2276835377033,1.0277432300260023,0.9522299858115754,0.03904009281502385,1.0007578023839565,0.6751235608769383,0.9188876550543348,2.153183976062197,2.153183976062197,,False,True,aeb_feasible,False,False,8.6924377091631,1.9570184380444662,6.735419271118634,17.794716084330215,0.3068054497298313,2.1387218807561204,5.017727262449171,0.4557377617532388,0.06180076941049877,0.0,10.751068815792534,0.003366249380633235,1,nan,nan,58,2.1387218807561204,0.4557377617532388,10.751068815792534,0.3068054497298313,0,nan,nan,nan,nan,0,nan,nan,nan,nan,m1680-spec-0037::L2_window_13,m1680-spec-0037,L2_window_13,T5,brake_fade_or_loss_proxy|late_reveal_boundary,mapping_window_unspecified,all_72_specs;mapping_window_unspecified;task_family_T5,brake_fade_or_loss_proxy,t5_near_boundary_warmup,runs/m1674_controller_family_one_seed_public_pilot/configs/L2_window_13_seed167400.json,runs/m1674_controller_family_one_seed_public_pilot/profile_runs/L2_window_13/seed_167400/checkpoint.pt,13,169748,False,True,False,False,False,False,False,False,False,False,False,False,False
169749,checkpoint,52,True,False,0.6068074732242486,0.6068074732242486,1425.8652663862076,0.9833553561284191,1.032320430073796,0.10467131118626938,0.8365659308718665,0.4649833330544929,0.9730890513996571,1.3342766534995145,1.3342766534995145,,False,True,aeb_feasible,False,False,14.211652356094667,2.17683072683949,12.034821629255177,8.930378217082204,0.17173804263619624,2.629872850498718,5.042502821588027,0.546773261686134,0.09327606039228808,0.0,10.125023714122834,0.004284908529371023,1,nan,nan,52,2.629872850498718,0.546773261686134,10.125023714122834,0.17173804263619624,0,nan,nan,nan,nan,0,nan,nan,nan,nan,m1680-spec-0037::L2_window_13_current_tiled,m1680-spec-0037,L2_window_13_current_tiled,T5,brake_fade_or_loss_proxy|late_reveal_boundary,mapping_window_unspecified,all_72_specs;mapping_window_unspecified;task_family_T5,brake_fade_or_loss_proxy,t5_near_boundary_warmup,runs/m1674_controller_family_one_seed_public_pilot/configs/L2_window_13_current_tiled_seed167400.json,runs/m1674_controller_family_one_seed_public_pilot/profile_runs/L2_window_13_current_tiled/seed_167400/checkpoint.pt,13,169749,False,True,False,False,False,False,False,False,False,False,False,False,False
169750,checkpoint,59,True,False,0.8327599924638628,0.8327599924638628,1734.1722238805705,1.195980844055566,0.9715487525231166,-0.007565226899742372,0.7287835823809345,1.3106117926559753,0.9135089997322796,2.141189360393276,2.141189360393276,,False,True,aeb_feasible,False,False,15.790721781461516,2.128136329528258,13.662585451933257,12.630183290863814,0.2140709032349799,2.3689227779619904,5.00925865119919,0.3049263983697662,0.03604180943129176,0.0,9.431622080089491,0.00299062579870224,1,nan,nan,59,2.3689227779619904,0.3049263983697662,9.431622080089491,0.2140709032349799,0,nan,nan,nan,nan,0,nan,nan,nan,nan,m1680-spec-0037::L2_window_25,m1680-spec-0037,L2_window_25,T5,brake_fade_or_loss_proxy|late_reveal_boundary,mapping_window_unspecified,all_72_specs;mapping_window_unspecified;task_family_T5,brake_fade_or_loss_proxy,t5_near_boundary_warmup,runs/m1674_controller_family_one_seed_public_pilot/configs/L2_window_25_seed167400.json,runs/m1674_controller_family_one_seed_public_pilot/profile_runs/L2_window_25/seed_167400/checkpoint.pt,25,169750,False,True,False,False,False,False,False,False,False,False,False,False,False
169751,checkpoint,63,True,False,0.5082946798400069,0.5082946798400069,1504.7964417829069,1.037790649505453,0.8529407393761942,-0.1133114709932681,0.9845809935793448,0.4929099573341115,1.0202973251978187,1.147740451149742,1.147740451149742,,False,True,aeb_feasible,False,False,15.63271461188233,1.8851178651880582,13.74759674669427,21.127292373826535,0.3353538472035958,2.2960805793348817,5.083818892734733,0.4219260116255625,0.8355071550688342,0.25396825396825395,9.538805460755357,0.005297602154314518,1,nan,nan,63,2.2960805793348817,0.4219260116255625,9.538805460755357,0.3353538472035958,0,nan,nan,nan,nan,0,nan,nan,nan,nan,m1680-spec-0037::L2_window_25_current_tiled,m1680-spec-0037,L2_window_25_current_tiled,T5,brake_fade_or_loss_proxy|late_reveal_boundary,mapping_window_unspecified,all_72_specs;mapping_window_unspecified;task_family_T5,brake_fade_or_loss_proxy,t5_near_boundary_warmup,runs/m1674_controller_family_one_seed_public_pilot/configs/L2_window_25_current_tiled_seed167400.json,runs/m1674_controller_family_one_seed_public_pilot/profile_runs/L2_window_25_current_tiled/seed_167400/checkpoint.pt,25,169751,False,True,False,False,False,False,False,False,False,False,False,False,False
169752,checkpoint,62,True,False,0.7156970573270669,0.7156970573270669,1409.3937056590437,0.9719956590752026,1.0384906727196577,-0.022648158565793386,1.037816288032447,1.2804796988872942,0.951496616547623,1.4276662123424062,1.4276662123424062,,False,True,aeb_feasible,False,False,11.336757253345022,1.7482855180086783,9.588471735336343,4.497196321454807,0.07253542453959366,2.2450568517641387,5.020657684183821,0.6024296122122138,0.044799929171641426,0.0,9.548302966142481,0.002986177569255233,1,nan,nan,62,2.2450568517641387,0.6024296122122138,9.548302966142481,0.07253542453959366,0,nan,nan,nan,nan,0,nan,nan,nan,nan,m1680-spec-0037::L2_window_50,m1680-spec-0037,L2_window_50,T5,brake_fade_or_loss_proxy|late_reveal_boundary,mapping_window_unspecified,all_72_specs;mapping_window_unspecified;task_family_T5,brake_fade_or_loss_proxy,t5_near_boundary_warmup,runs/m1674_controller_family_one_seed_public_pilot/configs/L2_window_50_seed167400.json,runs/m1674_controller_family_one_seed_public_pilot/profile_runs/L2_window_50/seed_167400/checkpoint.pt,50,169752,False,True,False,False,False,False,False,False,False,False,False,False,False
169753,checkpoint,68,True,False,0.3981235084575905,0.3981235084575905,1582.5134637805654,1.0913885957107348,1.0811659118151156,-0.05448138921720713,1.0903687941346227,1.2432077510719661,1.069655641869455,1.1816970809438792,1.1816970809438792,,False,True,aeb_feasible,False,False,16.569556449829296,1.621334118081391,14.948222331747905,13.232421654382268,0.19459443609385688,2.4359486345654906,5.085459677854235,0.42842728579713496,0.051624223627692103,0.0,7.842001322607035,0.0031829727813601494,1,nan,nan,68,2.4359486345654906,0.42842728579713496,7.842001322607035,0.19459443609385688,0,nan,nan,nan,nan,0,nan,nan,nan,nan,m1680-spec-0037::L2_window_50_current_tiled,m1680-spec-0037,L2_window_50_current_tiled,T5,brake_fade_or_loss_proxy|late_reveal_boundary,mapping_window_unspecified,all_72_specs;mapping_window_unspecified;task_family_T5,brake_fade_or_loss_proxy,t5_near_boundary_warmup,runs/m1674_controller_family_one_seed_public_pilot/configs/L2_window_50_current_tiled_seed167400.json,runs/m1674_controller_family_one_seed_public_pilot/profile_runs/L2_window_50_current_tiled/seed_167400/checkpoint.pt,50,169753,False,True,False,False,False,False,False,False,False,False,False,False,False
169754,checkpoint,106,False,True,0.6975492111160314,0.6975492111160314,1618.7260780127172,1.1163628124225635,1.128496294020863,0.05544050277399304,0.9145703678212642,1.0443053626917607,0.8017466602588585,1.0422776055641791,1.0422776055641791,,False,True,aeb_feasible,False,True,7.062184171067308,1.9831713748935833,5.079012796173725,65.4777706784835,0.6177148177215424,1.998686304619459,4.877441551407866,0.46442140836154333,0.07204816915494285,0.0,9.538157798377988,0.0012014108942821622,1,nan,nan,106,1.998686304619459,0.46442140836154333,9.538157798377988,0.6177148177215424,0,nan,nan,nan,nan,0,nan,nan,nan,nan,m1680-spec-0037::L3_online_gru,m1680-spec-0037,L3_online_gru,T5,brake_fade_or_loss_proxy|late_reveal_boundary,mapping_window_unspecified,all_72_specs;mapping_window_unspecified;task_family_T5,brake_fade_or_loss_proxy,t5_near_boundary_warmup,runs/m1674_controller_family_one_seed_public_pilot/configs/L3_online_gru_seed167400.json,runs/m1674_controller_family_one_seed_public_pilot/profile_runs/L3_online_gru/seed_167400/checkpoint.pt,1,169754,False,True,False,False,False,False,False,False,False,False,False,False,True
169755,checkpoint,87,True,False,0.6133035201364024,0.6133035201364024,1727.7316168005275,1.1915390460693294,1.1277045874971883,-0.10047206312304513,0.7513426086770212,0.5373085489086697,0.8000258227425989,1.1193883797318487,1.1193883797318487,,False,True,aeb_feasible,False,False,9.771885798859335,1.6358236709730098,8.136062127886326,32.56884453351372,0.37435453486797376,2.361859985033983,5.06984806833017,0.5841623766230932,0.009802510642192449,0.0,10.031459611019349,0.0008629363728687167,1,nan,nan,87,2.361859985033983,0.5841623766230932,10.031459611019349,0.37435453486797376,0,nan,nan,nan,nan,0,nan,nan,nan,nan,m1680-spec-0037::L3_reset_control_corrected,m1680-spec-0037,L3_reset_control_corrected,T5,brake_fade_or_loss_proxy|late_reveal_boundary,mapping_window_unspecified,all_72_specs;mapping_window_unspecified;task_family_T5,brake_fade_or_loss_proxy,t5_near_boundary_warmup,runs/m1674_controller_family_one_seed_public_pilot/configs/L3_reset_control_corrected_seed167400.json,runs/m1674_controller_family_one_seed_public_pilot/profile_runs/L3_reset_control_corrected/seed_167400/checkpoint.pt,1,169755,False,True,False,False,False,False,False,False,False,False,False,False,False
169756,checkpoint,85,True,False,0.9383289545100573,0.9383289545100573,1492.4085370900157,1.0292472669586314,1.0879716416664262,-0.04360582148132175,0.9008444302469062,1.2524809570393658,0.7999750108141882,1.9136167956282106,1.9136167956282109,,False,True,aeb_feasible,False,False,2.8074326444281175,1.8706495957872753,0.9367830486408422,12.39984852442689,0.14588057087561046,2.398218007851459,5.060068433890354,0.4950817323129652,0.035363028636491135,0.0,8.655845249547331,0.001458361279219389,1,nan,nan,85,2.398218007851459,0.4950817323129652,8.655845249547331,0.14588057087561046,0,nan,nan,nan,nan,0,nan,nan,nan,nan,m1680-spec-0038::L0_current_masked,m1680-spec-0038,L0_current_masked,T5,capability_step_down|t5_near_boundary_warmup,decision_minus_24,all_72_specs;explicit_window_subset;task_family_T5,t5_near_boundary_warmup,t5_near_boundary_warmup,runs/m1674_controller_family_one_seed_public_pilot/configs/L0_current_masked_seed167400.json,runs/m1674_controller_family_one_seed_public_pilot/profile_runs/L0_current_masked/seed_167400/checkpoint.pt,1,169756,False,True,False,False,False,False,False,False,False,False,False,False,False
169757,checkpoint,95,True,False,0.3495471693141154,0.3495471693141154,1334.0791242723558,0.9200545684636936,1.2082475652970803,0.041734634936924975,1.0287485011026725,0.5962248928496463,0.8236324172695472,1.7371625830852935,1.7371625830852937,,False,True,aeb_feasible,False,False,13.173617263202154,2.005515584878636,11.168101678323517,30.61131396071998,0.32222435748126294,2.3315591871546513,5.099022048329864,0.5995855537874011,0.014479275188660443,0.0,7.897682935741711,0.0014650668017566204,1,nan,nan,95,2.3315591871546513,0.5995855537874011,7.897682935741711,0.32222435748126294,0,nan,nan,nan,nan,0,nan,nan,nan,nan,m1680-spec-0038::L1_one_step,m1680-spec-0038,L1_one_step,T5,capability_step_down|t5_near_boundary_warmup,decision_minus_24,all_72_specs;explicit_window_subset;task_family_T5,t5_near_boundary_warmup,t5_near_boundary_warmup,runs/m1674_controller_family_one_seed_public_pilot/configs/L1_one_step_seed167400.json,runs/m1674_controller_family_one_seed_public_pilot/profile_runs/L1_one_step/seed_167400/checkpoint.pt,1,169757,False,True,False,False,False,False,False,False,False,False,False,False,False
169758,checkpoint,80,True,False,0.3637667992275411,0.3637667992275411,1359.340431193868,0.9374761594440468,1.1863750018196069,0.04647562971475305,0.8857102487381723,0.4880497054586105,0.9435401199695248,1.7927917504483024,1.7927917504483022,,False,True,aeb_feasible,False,False,8.868097299950529,2.077276460832066,6.790820839118463,35.53940327181147,0.4442425408976434,2.203010462804284,5.135342473211203,0.5045692980029308,0.4913766653878466,0.1,8.387464021448203,0.0027602913323789835,1,nan,nan,80,2.203010462804284,0.5045692980029308,8.387464021448203,0.4442425408976434,0,nan,nan,nan,nan,0,nan,nan,nan,nan,m1680-spec-0038::L2_window_100,m1680-spec-0038,L2_window_100,T5,capability_step_down|t5_near_boundary_warmup,decision_minus_24,all_72_specs;explicit_window_subset;task_family_T5,t5_near_boundary_warmup,t5_near_boundary_warmup,runs/m1674_controller_family_one_seed_public_pilot/configs/L2_window_100_seed167400.json,runs/m1674_controller_family_one_seed_public_pilot/profile_runs/L2_window_100/seed_167400/checkpoint.pt,100,169758,False,True,False,False,False,False,False,False,False,False,False,False,False
169759,checkpoint,63,True,False,0.5069530522656813,0.5069530522656813,1694.707768002309,1.1687639779326269,0.8607379225593735,0.014131445026402956,0.9428770964857176,1.1882243439609117,0.9082621581819252,2.141780403874987,2.141780403874987,,False,True,aeb_feasible,False,False,14.59774784906979,1.817986232928407,12.779761616141384,1.0687759172406253,0.016964697099057544,2.401371238239559,5.040826194006694,0.6097285019168613,0.035235856359750135,0.0,8.598314748418503,0.003110930323600769,1,nan,nan,63,2.401371238239559,0.6097285019168613,8.598314748418503,0.016964697099057544,0,nan,nan,nan,nan,0,nan,nan,nan,nan,m1680-spec-0038::L2_window_100_current_tiled,m1680-spec-0038,L2_window_100_current_tiled,T5,capability_step_down|t5_near_boundary_warmup,decision_minus_24,all_72_specs;explicit_window_subset;task_family_T5,t5_near_boundary_warmup,t5_near_boundary_warmup,runs/m1674_controller_family_one_seed_public_pilot/configs/L2_window_100_current_tiled_seed167400.json,runs/m1674_controller_family_one_seed_public_pilot/profile_runs/L2_window_100_current_tiled/seed_167400/checkpoint.pt,100,169759,False,True,False,False,False,False,False,False,False,False,False,False,False
169760,checkpoint,63,True,False,0.4459367855035472,0.4459367855035472,1436.3038043784125,0.990554347847181,1.1119060149399798,0.004021019186619901,1.0500704529728524,0.5200251636072454,0.8979638685514246,1.6318759692208995,1.6318759692208993,,False,True,aeb_feasible,False,False,16.668747530804982,1.5676121714676188,15.101135359337363,20.789408007892728,0.32999060329988456,2.489133522208186,5.106980553571791,0.4013503140271509,0.1477306631452285,0.0,8.860262141944675,0.0030351197347044945,1,nan,nan,63,2.489133522208186,0.4013503140271509,8.860262141944675,0.32999060329988456,0,nan,nan,nan,nan,0,nan,nan,nan,nan,m1680-spec-0038::L2_window_13,m1680-spec-0038,L2_window_13,T5,capability_step_down|t5_near_boundary_warmup,decision_minus_24,all_72_specs;explicit_window_subset;task_family_T5,t5_near_boundary_warmup,t5_near_boundary_warmup,runs/m1674_controller_family_one_seed_public_pilot/configs/L2_window_13_seed167400.json,runs/m1674_controller_family_one_seed_public_pilot/profile_runs/L2_window_13/seed_167400/checkpoint.pt,13,169760,False,True,False,False,False,False,False,False,False,False,False,False,False
169761,checkpoint,59,True,False,0.7130388922207129,0.7130388922207129,1444.2877314826344,0.9960605044707823,0.8727329633044248,-0.0060737847329699335,0.8656801963183656,1.034939293266268,0.7889407258118512,1.717992987336154,1.717992987336154,,False,True,aeb_feasible,False,False,7.241105165626127,2.213845787251261,5.0272593783748665,3.8651746898558765,0.06551143542128604,2.392287138067135,5.129827231496453,0.5647877105148719,0.04307854873395644,0.0,9.817159167476898,0.0032857267651706934,1,nan,nan,59,2.392287138067135,0.5647877105148719,9.817159167476898,0.06551143542128604,0,nan,nan,nan,nan,0,nan,nan,nan,nan,m1680-spec-0038::L2_window_13_current_tiled,m1680-spec-0038,L2_window_13_current_tiled,T5,capability_step_down|t5_near_boundary_warmup,decision_minus_24,all_72_specs;explicit_window_subset;task_family_T5,t5_near_boundary_warmup,t5_near_boundary_warmup,runs/m1674_controller_family_one_seed_public_pilot/configs/L2_window_13_current_tiled_seed167400.json,runs/m1674_controller_family_one_seed_public_pilot/profile_runs/L2_window_13_current_tiled/seed_167400/checkpoint.pt,13,169761,False,True,False,False,False,False,False,False,False,False,False,False,False
169762,checkpoint,77,True,False,0.361093627131894,0.361093627131894,1479.05543036917,1.0200382278408069,1.0912139108738446,-0.10226552888981888,1.1117574189912305,1.1885552239475576,0.8291886244448883,1.3087844851286228,1.3087844851286228,,False,True,aeb_feasible,False,False,4.738188405414968,1.7841783943611085,2.95401001105386,5.24818422206481,0.06815823665019234,2.4568703955368223,5.054774419635187,0.5077139355473149,0.06261512580966416,0.0,6.982220656644617,0.0022239265963435173,1,nan,nan,77,2.4568703955368223,0.5077139355473149,6.982220656644617,0.06815823665019234,0,nan,nan,nan,nan,0,nan,nan,nan,nan,m1680-spec-0038::L2_window_25,m1680-spec-0038,L2_window_25,T5,capability_step_down|t5_near_boundary_warmup,decision_minus_24,all_72_specs;explicit_window_subset;task_family_T5,t5_near_boundary_warmup,t5_near_boundary_warmup,runs/m1674_controller_family_one_seed_public_pilot/configs/L2_window_25_seed167400.json,runs/m1674_controller_family_one_seed_public_pilot/profile_runs/L2_window_25/seed_167400/checkpoint.pt,25,169762,False,True,False,False,False,False,False,False,False,False,False,False,False
169763,checkpoint,52,True,False,0.9566391166881145,0.9566391166881145,1529.9441910236708,1.0551339248439109,1.195989962492881,0.07718396742652822,1.0685420974502908,0.9372909150453395,0.9570612077964697,1.4243161739837351,1.4243161739837351,,False,True,aeb_feasible,False,False,19.187731980738803,1.952891377133926,17.234840603604876,9.022693186796218,0.17351333051531187,2.5249230085583587,5.116684816722088,0.39164031307880215,0.0350793891008678,0.0,10.230578646412228,0.0038598577957600355,1,nan,nan,52,2.5249230085583587,0.39164031307880215,10.230578646412228,0.17351333051531187,0,nan,nan,nan,nan,0,nan,nan,nan,nan,m1680-spec-0038::L2_window_25_current_tiled,m1680-spec-0038,L2_window_25_current_tiled,T5,capability_step_down|t5_near_boundary_warmup,decision_minus_24,all_72_specs;explicit_window_subset;task_family_T5,t5_near_boundary_warmup,t5_near_boundary_warmup,runs/m1674_controller_family_one_seed_public_pilot/configs/L2_window_25_current_tiled_seed167400.json,runs/m1674_controller_family_one_seed_public_pilot/profile_runs/L2_window_25_current_tiled/seed_167400/checkpoint.pt,25,169763,False,True,False,False,False,False,False,False,False,False,False,False,False
169764,checkpoint,50,True,False,0.9646049297853218,0.9646049297853218,1464.7805245861157,1.0101934652318039,1.1628317279291676,0.04958855273560414,1.0876306075466293,0.955089608026592,1.0973823927739048,1.4422448497800056,1.4422448497800056,,False,True,aeb_feasible,False,False,13.405903918579346,2.1871133549815465,11.2187905635978,2.803878006704295,0.0560775601340859,2.4996127944060396,5.027759315587513,0.5804778829958858,0.04264151366504198,0.0,10.063279992293428,0.0030456872191280127,1,nan,nan,50,2.4996127944060396,0.5804778829958858,10.063279992293428,0.0560775601340859,0,nan,nan,nan,nan,0,nan,nan,nan,nan,m1680-spec-0038::L2_window_50,m1680-spec-0038,L2_window_50,T5,capability_step_down|t5_near_boundary_warmup,decision_minus_24,all_72_specs;explicit_window_subset;task_family_T5,t5_near_boundary_warmup,t5_near_boundary_warmup,runs/m1674_controller_family_one_seed_public_pilot/configs/L2_window_50_seed167400.json,runs/m1674_controller_family_one_seed_public_pilot/profile_runs/L2_window_50/seed_167400/checkpoint.pt,50,169764,False,True,False,False,False,False,False,False,False,False,False,False,False
169765,checkpoint,53,True,False,1.0363756261102237,1.0363756261102237,1640.212963706691,1.1311813542804765,0.9585209829531232,-0.08695215747714746,0.7620701439135028,0.7390968299978373,0.7886600631410287,1.7999069919929607,1.7999069919929607,,False,True,aeb_feasible,False,False,8.293099174870987,1.6114654777146566,6.681633697156331,6.5190163486168275,0.12300030846446844,2.385941842922657,5.032712577291875,0.5733027631247154,0.03669796538875714,0.0,10.940130892966309,0.0037720962427556515,1,nan,nan,53,2.385941842922657,0.5733027631247154,10.940130892966309,0.12300030846446844,0,nan,nan,nan,nan,0,nan,nan,nan,nan,m1680-spec-0038::L2_window_50_current_tiled,m1680-spec-0038,L2_window_50_current_tiled,T5,capability_step_down|t5_near_boundary_warmup,decision_minus_24,all_72_specs;explicit_window_subset;task_family_T5,t5_near_boundary_warmup,t5_near_boundary_warmup,runs/m1674_controller_family_one_seed_public_pilot/configs/L2_window_50_current_tiled_seed167400.json,runs/m1674_controller_family_one_seed_public_pilot/profile_runs/L2_window_50_current_tiled/seed_167400/checkpoint.pt,50,169765,False,True,False,False,False,False,False,False,False,False,False,False,False
169766,checkpoint,72,True,False,0.9143051048465665,0.9143051048465665,1634.5858936631766,1.1273006163194321,0.9759948029292962,0.08350352385094828,0.990790066458479,0.643782661927214,0.9510372470922406,2.135301037396153,2.135301037396153,,False,True,aeb_feasible,False,False,8.805009565152302,1.8570806330037217,6.94792893214858,24.22599951473456,0.33647221548242445,2.475861174168219,5.055101704979158,0.5283448773446775,0.010055929440666288,0.0,11.248369173723395,0.00161883351393044,1,nan,nan,72,2.475861174168219,0.5283448773446775,11.248369173723395,0.33647221548242445,0,nan,nan,nan,nan,0,nan,nan,nan,nan,m1680-spec-0038::L3_online_gru,m1680-spec-0038,L3_online_gru,T5,capability_step_down|t5_near_boundary_warmup,decision_minus_24,all_72_specs;explicit_window_subset;task_family_T5,t5_near_boundary_warmup,t5_near_boundary_warmup,runs/m1674_controller_family_one_seed_public_pilot/configs/L3_online_gru_seed167400.json,runs/m1674_controller_family_one_seed_public_pilot/profile_runs/L3_online_gru/seed_167400/checkpoint.pt,1,169766,False,True,False,False,False,False,False,False,False,False,False,False,False
169767,checkpoint,104,True,False,0.5194310045417758,0.5194310045417758,1664.0310515690676,1.1476076217717708,0.8657444230412087,0.0505556065614674,1.1990933070685283,1.3172894232866366,0.941838633117548,2.149594317240509,2.149594317240509,,False,True,aeb_feasible,False,False,8.086262380030668,2.144036259259329,5.942226120771339,41.93106737366031,0.40318334013134915,2.2402904504371115,5.008121326407096,0.4636047895109772,0.04629200738096424,0.0,8.986697868089148,0.0007199168321676552,1,nan,nan,104,2.2402904504371115,0.4636047895109772,8.986697868089148,0.40318334013134915,0,nan,nan,nan,nan,0,nan,nan,nan,nan,m1680-spec-0038::L3_reset_control_corrected,m1680-spec-0038,L3_reset_control_corrected,T5,capability_step_down|t5_near_boundary_warmup,decision_minus_24,all_72_specs;explicit_window_subset;task_family_T5,t5_near_boundary_warmup,t5_near_boundary_warmup,runs/m1674_controller_family_one_seed_public_pilot/configs/L3_reset_control_corrected_seed167400.json,runs/m1674_controller_family_one_seed_public_pilot/profile_runs/L3_reset_control_corrected/seed_167400/checkpoint.pt,1,169767,False,True,False,False,False,False,False,False,False,False,False,False,False
169768,checkpoint,85,True,False,0.5176038449503895,0.5176038449503895,1672.4741801982327,1.1534304691022295,1.0755258748594778,-0.05103888593280237,0.9757513050997797,0.9753101042906334,1.2156985241969256,2.7631177759999255,2.7631177759999255,,False,True,aeb_feasible,False,False,4.502810578588129,2.0610713239154053,2.4417392546727235,27.240686949830234,0.32047866999800273,2.2316465224623583,5.019125809793678,0.6082351433845465,0.039167923990810004,0.0,9.316428380803062,0.0016170786693692207,1,nan,nan,85,2.2316465224623583,0.6082351433845465,9.316428380803062,0.32047866999800273,0,nan,nan,nan,nan,0,nan,nan,nan,nan,m1680-spec-0039::L0_current_masked,m1680-spec-0039,L0_current_masked,T5,curved_boundary_obstacle|drive_loss_proxy,mapping_window_unspecified,all_72_specs;mapping_window_unspecified;task_family_T5,curved_boundary_obstacle,t5_boundary_axis_retarget,runs/m1674_controller_family_one_seed_public_pilot/configs/L0_current_masked_seed167400.json,runs/m1674_controller_family_one_seed_public_pilot/profile_runs/L0_current_masked/seed_167400/checkpoint.pt,1,169768,False,True,False,False,False,False,False,False,False,False,False,False,False
169769,checkpoint,55,True,False,0.7635181919902779,0.7635181919902779,1739.613512888562,1.1997334571645255,0.8591054459967835,-0.0310325230244044,1.1912800102388523,1.0379057099508624,1.076541861529041,1.6430952628530662,1.6430952628530664,,False,True,aeb_feasible,True,False,1.8966048359421814,2.0770704544222696,-0.18046561848008813,16.52805598708787,0.3005101088561431,1.6177009600795598,3.2670789849774557,0.37681227774205334,0.008648239495416423,0.0,9.538928382308843,0.002138267271220684,1,nan,nan,55,1.6177009600795598,0.37681227774205334,9.538928382308843,0.3005101088561431,0,nan,nan,nan,nan,0,nan,nan,nan,nan,m1680-spec-0039::L1_one_step,m1680-spec-0039,L1_one_step,T5,curved_boundary_obstacle|drive_loss_proxy,mapping_window_unspecified,all_72_specs;mapping_window_unspecified;task_family_T5,curved_boundary_obstacle,t5_boundary_axis_retarget,runs/m1674_controller_family_one_seed_public_pilot/configs/L1_one_step_seed167400.json,runs/m1674_controller_family_one_seed_public_pilot/profile_runs/L1_one_step/seed_167400/checkpoint.pt,1,169769,False,True,False,False,False,False,False,False,False,False,False,False,False
169770,checkpoint,68,True,False,0.36761285612559397,0.36761285612559397,1513.7933461357593,1.0439954111281098,1.2166963003190405,0.020659528163796015,0.6197289605373208,0.7827628146596857,1.0442893951440682,1.9922131654351434,1.9922131654351434,,False,True,aeb_feasible,False,False,16.900370145290385,2.2526120875813973,14.647758057708987,20.146575335127856,0.2962731666930567,2.479531096748432,5.028864094045506,0.4590968579204831,0.08065255596327525,0.0,8.011326810538172,0.0024133683182299137,1,nan,nan,68,2.479531096748432,0.4590968579204831,8.011326810538172,0.2962731666930567,0,nan,nan,nan,nan,0,nan,nan,nan,nan,m1680-spec-0039::L2_window_100,m1680-spec-0039,L2_window_100,T5,curved_boundary_obstacle|drive_loss_proxy,mapping_window_unspecified,all_72_specs;mapping_window_unspecified;task_family_T5,curved_boundary_obstacle,t5_boundary_axis_retarget,runs/m1674_controller_family_one_seed_public_pilot/configs/L2_window_100_seed167400.json,runs/m1674_controller_family_one_seed_public_pilot/profile_runs/L2_window_100/seed_167400/checkpoint.pt,100,169770,False,True,False,False,False,False,False,False,False,False,False,False,False
169771,checkpoint,68,True,False,0.4319314961277849,0.4319314961277849,1258.2504071127462,0.8677589014570664,0.9170290813395557,0.058030989663532484,0.7538171977219255,0.8887779990692808,0.9360399250463326,1.2699020704210082,1.2699020704210082,,False,True,aeb_feasible,False,False,21.886323383695174,2.3302836226969066,19.556039760998267,13.614926911719198,0.20021951340763527,2.308058487768423,5.086391997186183,0.5825026506334122,0.036826046594349675,0.0,8.489217691860672,0.0031402986496686935,1,nan,nan,68,2.308058487768423,0.5825026506334122,8.489217691860672,0.20021951340763527,0,nan,nan,nan,nan,0,nan,nan,nan,nan,m1680-spec-0039::L2_window_100_current_tiled,m1680-spec-0039,L2_window_100_current_tiled,T5,curved_boundary_obstacle|drive_loss_proxy,mapping_window_unspecified,all_72_specs;mapping_window_unspecified;task_family_T5,curved_boundary_obstacle,t5_boundary_axis_retarget,runs/m1674_controller_family_one_seed_public_pilot/configs/L2_window_100_current_tiled_seed167400.json,runs/m1674_controller_family_one_seed_public_pilot/profile_runs/L2_window_100_current_tiled/seed_167400/checkpoint.pt,100,169771,False,True,False,False,False,False,False,False,False,False,False,False,False
169772,checkpoint,61,True,False,0.660841350199256,0.660841350199256,1544.2511485738096,1.0650007921198688,1.200420670201859,0.09100130246237059,0.8664717718665029,0.5986741124154296,0.8944338049915145,0.8526861975639315,0.8526861975639314,,False,True,aeb_feasible,False,False,12.29940211517965,1.6607956172426974,10.638606497936951,11.625391197594343,0.1905801835671204,2.2676664660994286,5.084361695202183,0.6203175825989047,0.06385065496406334,0.0,9.929016158015092,0.002997275674715638,1,nan,nan,61,2.2676664660994286,0.6203175825989047,9.929016158015092,0.1905801835671204,0,nan,nan,nan,nan,0,nan,nan,nan,nan,m1680-spec-0039::L2_window_13,m1680-spec-0039,L2_window_13,T5,curved_boundary_obstacle|drive_loss_proxy,mapping_window_unspecified,all_72_specs;mapping_window_unspecified;task_family_T5,curved_boundary_obstacle,t5_boundary_axis_retarget,runs/m1674_controller_family_one_seed_public_pilot/configs/L2_window_13_seed167400.json,runs/m1674_controller_family_one_seed_public_pilot/profile_runs/L2_window_13/seed_167400/checkpoint.pt,13,169772,False,True,False,False,False,False,False,False,False,False,False,False,False
169773,checkpoint,66,True,False,0.6218121414429065,0.6218121414429065,1552.0822526003442,1.0704015535174787,1.125243159545032,0.004558530130698291,0.513211977408017,1.180435705199398,0.725922637326775,2.9401528855106784,2.9401528855106784,,False,True,aeb_feasible,False,False,10.119463099815327,1.9545420309107304,8.164921068904597,10.214054843453592,0.15475840671899382,2.364991473274896,5.061527881026393,0.4258593884232718,0.03510475474034511,0.0,8.868387389995846,0.0026415905449539423,1,nan,nan,66,2.364991473274896,0.4258593884232718,8.868387389995846,0.15475840671899382,0,nan,nan,nan,nan,0,nan,nan,nan,nan,m1680-spec-0039::L2_window_13_current_tiled,m1680-spec-0039,L2_window_13_current_tiled,T5,curved_boundary_obstacle|drive_loss_proxy,mapping_window_unspecified,all_72_specs;mapping_window_unspecified;task_family_T5,curved_boundary_obstacle,t5_boundary_axis_retarget,runs/m1674_controller_family_one_seed_public_pilot/configs/L2_window_13_current_tiled_seed167400.json,runs/m1674_controller_family_one_seed_public_pilot/profile_runs/L2_window_13_current_tiled/seed_167400/checkpoint.pt,13,169773,False,True,False,False,False,False,False,False,False,False,False,False,False
169774,checkpoint,68,True,False,0.5236838426164131,0.5236838426164131,1449.6010239324646,0.9997248440913549,1.149594284079301,0.1080730235784122,1.3146241261247718,0.739187246337163,0.8311116593551344,3.0888242983441394,3.0888242983441394,,False,True,aeb_feasible,False,False,8.34006825021617,1.8179005585916796,6.522167691624491,6.015169179830278,0.08845837029162174,2.197379212324564,5.123487898743182,0.6688604702903848,0.038115083520012694,0.0,9.104991471875381,0.0024845197331160307,1,nan,nan,68,2.197379212324564,0.6688604702903848,9.104991471875381,0.08845837029162174,0,nan,nan,nan,nan,0,nan,nan,nan,nan,m1680-spec-0039::L2_window_25,m1680-spec-0039,L2_window_25,T5,curved_boundary_obstacle|drive_loss_proxy,mapping_window_unspecified,all_72_specs;mapping_window_unspecified;task_family_T5,curved_boundary_obstacle,t5_boundary_axis_retarget,runs/m1674_controller_family_one_seed_public_pilot/configs/L2_window_25_seed167400.json,runs/m1674_controller_family_one_seed_public_pilot/profile_runs/L2_window_25/seed_167400/checkpoint.pt,25,169774,False,True,False,False,False,False,False,False,False,False,False,False,False
169775,checkpoint,57,True,False,0.994993681730437,0.994993681730437,1695.856118344913,1.169555943686147,0.9232574739908009,0.030991917792373425,0.983370909569597,0.8008560482481395,1.1443926537996738,2.0020903233981224,2.0020903233981224,,False,True,aeb_feasible,False,False,9.034447228791915,1.6226067186098394,7.411840510182076,16.97490797248012,0.29780540302596703,2.375451720653814,5.1616058383598045,0.38794722136916304,0.05043181038695392,0.0,10.286083049469195,0.0033687851391732693,1,nan,nan,57,2.375451720653814,0.38794722136916304,10.286083049469195,0.29780540302596703,0,nan,nan,nan,nan,0,nan,nan,nan,nan,m1680-spec-0039::L2_window_25_current_tiled,m1680-spec-0039,L2_window_25_current_tiled,T5,curved_boundary_obstacle|drive_loss_proxy,mapping_window_unspecified,all_72_specs;mapping_window_unspecified;task_family_T5,curved_boundary_obstacle,t5_boundary_axis_retarget,runs/m1674_controller_family_one_seed_public_pilot/configs/L2_window_25_current_tiled_seed167400.json,runs/m1674_controller_family_one_seed_public_pilot/profile_runs/L2_window_25_current_tiled/seed_167400/checkpoint.pt,25,169775,False,True,False,False,False,False,False,False,False,False,False,False,False
169776,checkpoint,69,True,False,0.6539190598535611,0.6539190598535611,1546.1262114970013,1.0662939389634492,1.1172283883223304,0.08906208894928547,0.8268464109836616,1.2154131568123518,1.0104971459430927,2.0193654322477252,2.0193654322477252,,False,True,aeb_feasible,False,False,16.88347663319225,1.9419482305784657,14.941528402613784,8.055627676410264,0.11674822719435166,2.215340006650074,5.132323989941096,0.6074741672754999,0.06755414746250725,0.0,9.406993874237257,0.002744299126788974,1,nan,nan,69,2.215340006650074,0.6074741672754999,9.406993874237257,0.11674822719435166,0,nan,nan,nan,nan,0,nan,nan,nan,nan,m1680-spec-0039::L2_window_50,m1680-spec-0039,L2_window_50,T5,curved_boundary_obstacle|drive_loss_proxy,mapping_window_unspecified,all_72_specs;mapping_window_unspecified;task_family_T5,curved_boundary_obstacle,t5_boundary_axis_retarget,runs/m1674_controller_family_one_seed_public_pilot/configs/L2_window_50_seed167400.json,runs/m1674_controller_family_one_seed_public_pilot/profile_runs/L2_window_50/seed_167400/checkpoint.pt,50,169776,False,True,False,False,False,False,False,False,False,False,False,False,False
169777,checkpoint,62,True,False,0.659827098533098,0.659827098533098,1691.0630652725308,1.1662503898431247,0.8924921955744846,0.03145481334729627,0.8337947910443728,0.8437839441789727,1.0451266598573001,1.8872529113008076,1.8872529113008076,,False,True,aeb_feasible,False,False,9.056202137303899,1.5899579741926568,7.4662441631112415,18.410190835349738,0.2969385618604796,2.250921799398176,5.097455640411681,0.40840268928882884,0.027558733644126757,0.0,9.539133145585527,0.003078562906011939,1,nan,nan,62,2.250921799398176,0.40840268928882884,9.539133145585527,0.2969385618604796,0,nan,nan,nan,nan,0,nan,nan,nan,nan,m1680-spec-0039::L2_window_50_current_tiled,m1680-spec-0039,L2_window_50_current_tiled,T5,curved_boundary_obstacle|drive_loss_proxy,mapping_window_unspecified,all_72_specs;mapping_window_unspecified;task_family_T5,curved_boundary_obstacle,t5_boundary_axis_retarget,runs/m1674_controller_family_one_seed_public_pilot/configs/L2_window_50_current_tiled_seed167400.json,runs/m1674_controller_family_one_seed_public_pilot/profile_runs/L2_window_50_current_tiled/seed_167400/checkpoint.pt,50,169777,False,True,False,False,False,False,False,False,False,False,False,False,False
169778,checkpoint,87,True,False,0.6546061788238896,0.6546061788238896,1279.6569691035038,0.8825220476575888,0.8752803932179932,-0.02752258681035391,0.7869437690987215,1.0832298507266653,1.0944542125006347,1.8210429236371364,1.8210429236371364,,False,True,aeb_feasible,False,False,6.757463788393622,1.711289283987952,5.04617450440567,51.77439024158822,0.5951079338113588,2.0950785225024795,5.1019742838255695,0.435755331515955,0.010660909275200563,0.0,11.076216972897058,0.0013891715789213777,1,nan,nan,87,2.0950785225024795,0.435755331515955,11.076216972897058,0.5951079338113588,0,nan,nan,nan,nan,0,nan,nan,nan,nan,m1680-spec-0039::L3_online_gru,m1680-spec-0039,L3_online_gru,T5,curved_boundary_obstacle|drive_loss_proxy,mapping_window_unspecified,all_72_specs;mapping_window_unspecified;task_family_T5,curved_boundary_obstacle,t5_boundary_axis_retarget,runs/m1674_controller_family_one_seed_public_pilot/configs/L3_online_gru_seed167400.json,runs/m1674_controller_family_one_seed_public_pilot/profile_runs/L3_online_gru/seed_167400/checkpoint.pt,1,169778,False,True,False,False,False,False,False,False,False,False,False,False,False
169779,checkpoint,82,True,False,0.8003445573335448,0.8003445573335448,1530.0529140576507,1.0552089062466556,1.0143631678853835,0.1159944245411828,1.1408994297168722,0.7500457506429012,1.1528483876837385,2.1318559865608946,2.1318559865608946,,False,True,aeb_feasible,False,False,3.0562844970085474,1.79076124650246,1.2655232505060874,34.80019792499085,0.4243926576218396,2.2086274408815076,5.024967296818609,0.6387351625752792,0.014266866590247448,0.0,10.909381998512828,0.0009084163466468453,1,nan,nan,82,2.2086274408815076,0.6387351625752792,10.909381998512828,0.4243926576218396,0,nan,nan,nan,nan,0,nan,nan,nan,nan,m1680-spec-0039::L3_reset_control_corrected,m1680-spec-0039,L3_reset_control_corrected,T5,curved_boundary_obstacle|drive_loss_proxy,mapping_window_unspecified,all_72_specs;mapping_window_unspecified;task_family_T5,curved_boundary_obstacle,t5_boundary_axis_retarget,runs/m1674_controller_family_one_seed_public_pilot/configs/L3_reset_control_corrected_seed167400.json,runs/m1674_controller_family_one_seed_public_pilot/profile_runs/L3_reset_control_corrected/seed_167400/checkpoint.pt,1,169779,False,True,False,False,False,False,False,False,False,False,False,False,False
169780,checkpoint,98,True,False,0.34351423002917786,0.34351423002917786,1528.98142305417,1.0544699469339103,1.0284899184770582,0.013035779457070351,1.401770439236182,0.8426151388816142,0.9883512876131885,2.948255901609394,2.948255901609394,,False,True,aeb_feasible,False,False,17.39517070582894,2.039229205245676,15.355941500583263,46.96809597439717,0.47926628545303235,2.1832470081545305,5.032271950977563,0.35836190851617994,0.008400937716883064,0.0,7.6190160879865605,0.0012994447024539113,1,nan,nan,98,2.1832470081545305,0.35836190851617994,7.6190160879865605,0.47926628545303235,0,nan,nan,nan,nan,0,nan,nan,nan,nan,m1680-spec-0040::L0_current_masked,m1680-spec-0040,L0_current_masked,T5,curved_boundary_obstacle|t5_boundary_axis_retarget,decision_minus_32,all_72_specs;explicit_window_subset;task_family_T5,t5_boundary_axis_retarget,t5_boundary_axis_retarget,runs/m1674_controller_family_one_seed_public_pilot/configs/L0_current_masked_seed167400.json,runs/m1674_controller_family_one_seed_public_pilot/profile_runs/L0_current_masked/seed_167400/checkpoint.pt,1,169780,False,True,False,False,False,False,False,False,False,False,False,False,False
169781,checkpoint,90,True,False,0.6127907444525678,0.6127907444525678,1581.804111497424,1.0908993872396027,1.1723788961720174,-0.10428031162227036,0.8534981491405147,1.2406036346363125,1.0814370276971774,1.0213657661986595,1.0213657661986595,,False,True,aeb_feasible,False,False,15.438874214400833,1.9326971702073767,13.506177044193457,14.926893796801753,0.16585437552001947,2.2741020340237097,5.052653465060175,0.6398043529968384,0.035003559614418464,0.0,8.94176447106916,0.0015599497128278017,1,nan,nan,90,2.2741020340237097,0.6398043529968384,8.94176447106916,0.16585437552001947,0,nan,nan,nan,nan,0,nan,nan,nan,nan,m1680-spec-0040::L1_one_step,m1680-spec-0040,L1_one_step,T5,curved_boundary_obstacle|t5_boundary_axis_retarget,decision_minus_32,all_72_specs;explicit_window_subset;task_family_T5,t5_boundary_axis_retarget,t5_boundary_axis_retarget,runs/m1674_controller_family_one_seed_public_pilot/configs/L1_one_step_seed167400.json,runs/m1674_controller_family_one_seed_public_pilot/profile_runs/L1_one_step/seed_167400/checkpoint.pt,1,169781,False,True,False,False,False,False,False,False,False,False,False,False,False
169782,checkpoint,71,True,False,0.7061826075140463,0.7061826075140463,1615.4750763688544,1.114120742323348,1.127966878408913,0.032563321300665304,0.9837586914147207,1.0072383915458694,0.772909623670457,1.2118090362161922,1.2118090362161922,,False,True,aeb_feasible,False,False,11.332954350364046,2.05195818458368,9.280996165780365,19.51120520024882,0.274805707045758,2.1844585432380663,5.094057413115966,0.32345846481213436,0.038017074120674545,0.0,9.049850586432349,0.002550340723246336,1,nan,nan,71,2.1844585432380663,0.32345846481213436,9.049850586432349,0.274805707045758,0,nan,nan,nan,nan,0,nan,nan,nan,nan,m1680-spec-0040::L2_window_100,m1680-spec-0040,L2_window_100,T5,curved_boundary_obstacle|t5_boundary_axis_retarget,decision_minus_32,all_72_specs;explicit_window_subset;task_family_T5,t5_boundary_axis_retarget,t5_boundary_axis_retarget,runs/m1674_controller_family_one_seed_public_pilot/configs/L2_window_100_seed167400.json,runs/m1674_controller_family_one_seed_public_pilot/profile_runs/L2_window_100/seed_167400/checkpoint.pt,100,169782,False,True,False,False,False,False,False,False,False,False,False,False,False
169783,checkpoint,49,True,False,1.0102037298424948,1.0102037298424948,1529.9012544820762,1.0551043134359146,0.8899117736001403,-0.056023751894232365,1.3239161478393795,0.8612013159768802,1.2093229592285746,1.8415315393042373,1.8415315393042375,,False,True,aeb_feasible,False,False,13.894908839834514,1.6764792649098776,12.218429574924636,14.60460875524667,0.29805323990299326,2.3730470109793287,5.023468435788516,0.40153281777796634,0.03645379179618085,0.0,11.47959076154722,0.0031237208750098944,1,nan,nan,49,2.3730470109793287,0.40153281777796634,11.47959076154722,0.29805323990299326,0,nan,nan,nan,nan,0,nan,nan,nan,nan,m1680-spec-0040::L2_window_100_current_tiled,m1680-spec-0040,L2_window_100_current_tiled,T5,curved_boundary_obstacle|t5_boundary_axis_retarget,decision_minus_32,all_72_specs;explicit_window_subset;task_family_T5,t5_boundary_axis_retarget,t5_boundary_axis_retarget,runs/m1674_controller_family_one_seed_public_pilot/configs/L2_window_100_current_tiled_seed167400.json,runs/m1674_controller_family_one_seed_public_pilot/profile_runs/L2_window_100_current_tiled/seed_167400/checkpoint.pt,100,169783,False,True,False,False,False,False,False,False,False,False,False,False,False
169784,checkpoint,64,True,False,0.8292123244137781,0.8292123244137781,1491.885363813493,1.028886457802409,1.0786304948200258,0.028154105647852923,0.6104609975792652,1.1145241477218366,0.8775227335311495,0.863885195495409,0.8638851954954089,,False,True,aeb_feasible,False,False,19.618732205967852,2.1402750625631333,17.478457143404718,12.348477642225312,0.1929449631597705,2.331244969118251,5.058036432336689,0.370945216629296,0.03812639092215784,0.0,8.893095082546584,0.0026608440093696117,1,nan,nan,64,2.331244969118251,0.370945216629296,8.893095082546584,0.1929449631597705,0,nan,nan,nan,nan,0,nan,nan,nan,nan,m1680-spec-0040::L2_window_13,m1680-spec-0040,L2_window_13,T5,curved_boundary_obstacle|t5_boundary_axis_retarget,decision_minus_32,all_72_specs;explicit_window_subset;task_family_T5,t5_boundary_axis_retarget,t5_boundary_axis_retarget,runs/m1674_controller_family_one_seed_public_pilot/configs/L2_window_13_seed167400.json,runs/m1674_controller_family_one_seed_public_pilot/profile_runs/L2_window_13/seed_167400/checkpoint.pt,13,169784,False,True,False,False,False,False,False,False,False,False,False,False,False
169785,checkpoint,60,True,False,0.7193714699268673,0.7193714699268673,1434.2901455180047,0.989165617598624,0.9583667087552759,-0.054603020277156356,0.5225916949319018,1.0220521014861457,0.8806194098517103,1.2046978743837249,1.2046978743837249,,False,True,aeb_feasible,False,False,23.119851330017454,1.875231228476684,21.244620101540768,7.584275400155885,0.1264045900025981,2.4400513955568433,5.15054583790479,0.4800590417548816,0.04979309539571224,0.0,9.440694849122831,0.0032599233090877533,1,nan,nan,60,2.4400513955568433,0.4800590417548816,9.440694849122831,0.1264045900025981,0,nan,nan,nan,nan,0,nan,nan,nan,nan,m1680-spec-0040::L2_window_13_current_tiled,m1680-spec-0040,L2_window_13_current_tiled,T5,curved_boundary_obstacle|t5_boundary_axis_retarget,decision_minus_32,all_72_specs;explicit_window_subset;task_family_T5,t5_boundary_axis_retarget,t5_boundary_axis_retarget,runs/m1674_controller_family_one_seed_public_pilot/configs/L2_window_13_current_tiled_seed167400.json,runs/m1674_controller_family_one_seed_public_pilot/profile_runs/L2_window_13_current_tiled/seed_167400/checkpoint.pt,13,169785,False,True,False,False,False,False,False,False,False,False,False,False,False
169786,checkpoint,58,True,False,0.8049010446650953,0.8049010446650953,1544.2113030187083,1.0649733124266954,1.042877271273304,-0.00756072762266724,0.6323741330597247,0.7454203417654531,0.7477168398702841,1.6986585093803988,1.6986585093803988,,False,True,aeb_feasible,False,False,2.3425855287925006,1.9186801151494444,0.42390541364305623,15.148613329436394,0.2611829884385585,2.305312584237109,5.176160009231332,0.36132335314857406,0.031062630505749138,0.0,10.920704615857082,0.0026481556706130505,1,nan,nan,58,2.305312584237109,0.36132335314857406,10.920704615857082,0.2611829884385585,0,nan,nan,nan,nan,0,nan,nan,nan,nan,m1680-spec-0040::L2_window_25,m1680-spec-0040,L2_window_25,T5,curved_boundary_obstacle|t5_boundary_axis_retarget,decision_minus_32,all_72_specs;explicit_window_subset;task_family_T5,t5_boundary_axis_retarget,t5_boundary_axis_retarget,runs/m1674_controller_family_one_seed_public_pilot/configs/L2_window_25_seed167400.json,runs/m1674_controller_family_one_seed_public_pilot/profile_runs/L2_window_25/seed_167400/checkpoint.pt,25,169786,False,True,False,False,False,False,False,False,False,False,False,False,False
169787,checkpoint,61,True,False,0.9294051539174568,0.9294051539174568,1574.3755162955592,1.0857762181348685,0.8800241267250247,-0.08537548832621411,0.7613230167807089,0.8201422587203506,1.1427974789022062,2.6985046645861117,2.6985046645861117,,False,True,aeb_feasible,False,False,7.740376366021308,1.8490816330319442,5.891294732989364,20.84553051004647,0.34173000836141754,2.2059166309415947,5.105326653140025,0.44268397287367456,0.054981572390908395,0.0,10.42161232273504,0.003084376687183976,1,nan,nan,61,2.2059166309415947,0.44268397287367456,10.42161232273504,0.34173000836141754,0,nan,nan,nan,nan,0,nan,nan,nan,nan,m1680-spec-0040::L2_window_25_current_tiled,m1680-spec-0040,L2_window_25_current_tiled,T5,curved_boundary_obstacle|t5_boundary_axis_retarget,decision_minus_32,all_72_specs;explicit_window_subset;task_family_T5,t5_boundary_axis_retarget,t5_boundary_axis_retarget,runs/m1674_controller_family_one_seed_public_pilot/configs/L2_window_25_current_tiled_seed167400.json,runs/m1674_controller_family_one_seed_public_pilot/profile_runs/L2_window_25_current_tiled/seed_167400/checkpoint.pt,25,169787,False,True,False,False,False,False,False,False,False,False,False,False,False
169788,checkpoint,74,True,False,0.3623649237272323,0.3623649237272323,1460.045071813326,1.0069276357333283,0.9757534231544969,0.0391591962120017,0.9424938723378515,0.7617834164594752,1.0842649589278224,3.095019000055431,3.095019000055431,,False,True,aeb_feasible,False,False,16.785398431071705,1.9862827251104989,14.799115705961206,28.15075153044337,0.3804155612222077,2.234299652458292,5.023950369227514,0.4722289560956471,0.32379422400934377,0.0,8.057637986165346,0.002577683888375759,1,nan,nan,74,2.234299652458292,0.4722289560956471,8.057637986165346,0.3804155612222077,0,nan,nan,nan,nan,0,nan,nan,nan,nan,m1680-spec-0040::L2_window_50,m1680-spec-0040,L2_window_50,T5,curved_boundary_obstacle|t5_boundary_axis_retarget,decision_minus_32,all_72_specs;explicit_window_subset;task_family_T5,t5_boundary_axis_retarget,t5_boundary_axis_retarget,runs/m1674_controller_family_one_seed_public_pilot/configs/L2_window_50_seed167400.json,runs/m1674_controller_family_one_seed_public_pilot/profile_runs/L2_window_50/seed_167400/checkpoint.pt,50,169788,False,True,False,False,False,False,False,False,False,False,False,False,False
169789,checkpoint,61,True,False,0.6191245977495929,0.6191245977495929,1573.3366315333271,1.0850597458850533,1.1892715583343842,-0.06604040761731267,0.8048863567423945,1.026035307234394,0.8616687055379606,2.17029372326885,2.17029372326885,,False,True,aeb_feasible,False,False,21.06194428343581,1.5928189936454533,19.469125289790355,4.46978234447546,0.07327512040123706,2.441297931850741,5.116372822221962,0.5502249038470063,0.036085126435798316,0.0,9.141969082323222,0.0029558150563389063,1,nan,nan,61,2.441297931850741,0.5502249038470063,9.141969082323222,0.07327512040123706,0,nan,nan,nan,nan,0,nan,nan,nan,nan,m1680-spec-0040::L2_window_50_current_tiled,m1680-spec-0040,L2_window_50_current_tiled,T5,curved_boundary_obstacle|t5_boundary_axis_retarget,decision_minus_32,all_72_specs;explicit_window_subset;task_family_T5,t5_boundary_axis_retarget,t5_boundary_axis_retarget,runs/m1674_controller_family_one_seed_public_pilot/configs/L2_window_50_current_tiled_seed167400.json,runs/m1674_controller_family_one_seed_public_pilot/profile_runs/L2_window_50_current_tiled/seed_167400/checkpoint.pt,50,169789,False,True,False,False,False,False,False,False,False,False,False,False,False
169790,checkpoint,67,True,False,0.8091386787082082,0.8091386787082082,1344.6071811888542,0.9273152973716235,0.8848135912781755,-0.07144547809757307,1.0732210648503289,0.7088916864148989,1.0404926647903516,1.8513459433799575,1.8513459433799573,,False,True,aeb_feasible,False,False,18.078342800093154,1.742598069458064,16.33574473063509,29.916942620027374,0.4465215316421996,2.427581526905531,5.071110478973704,0.44697408369164204,0.05215468481762437,0.0,11.893800818806927,0.0016138708451762795,1,nan,nan,67,2.427581526905531,0.44697408369164204,11.893800818806927,0.4465215316421996,0,nan,nan,nan,nan,0,nan,nan,nan,nan,m1680-spec-0040::L3_online_gru,m1680-spec-0040,L3_online_gru,T5,curved_boundary_obstacle|t5_boundary_axis_retarget,decision_minus_32,all_72_specs;explicit_window_subset;task_family_T5,t5_boundary_axis_retarget,t5_boundary_axis_retarget,runs/m1674_controller_family_one_seed_public_pilot/configs/L3_online_gru_seed167400.json,runs/m1674_controller_family_one_seed_public_pilot/profile_runs/L3_online_gru/seed_167400/checkpoint.pt,1,169790,False,True,False,False,False,False,False,False,False,False,False,False,False
169791,checkpoint,86,False,True,0.7214964904548327,0.7214964904548327,1382.7872861520207,0.9536464042427729,1.2249122044409395,0.05432714906325797,0.846668435344749,1.2136601101337656,0.8008102808278951,2.0445296168878784,2.0445296168878784,,False,True,aeb_feasible,False,True,3.1939207533840888,1.6669571289275829,1.526963624456506,73.40022366316056,0.8534909728274483,1.440109055054059,3.381851984293643,0.36071212301574096,0.05778304310772597,0.0,9.331598618807812,0.0007969072903506458,1,nan,nan,86,1.440109055054059,0.36071212301574096,9.331598618807812,0.8534909728274483,0,nan,nan,nan,nan,0,nan,nan,nan,nan,m1680-spec-0040::L3_reset_control_corrected,m1680-spec-0040,L3_reset_control_corrected,T5,curved_boundary_obstacle|t5_boundary_axis_retarget,decision_minus_32,all_72_specs;explicit_window_subset;task_family_T5,t5_boundary_axis_retarget,t5_boundary_axis_retarget,runs/m1674_controller_family_one_seed_public_pilot/configs/L3_reset_control_corrected_seed167400.json,runs/m1674_controller_family_one_seed_public_pilot/profile_runs/L3_reset_control_corrected/seed_167400/checkpoint.pt,1,169791,False,True,False,False,False,False,False,False,False,False,False,False,True
169792,checkpoint,87,True,False,0.5548817651467421,0.5548817651467421,1559.4437786884027,1.0754784680609675,0.8538093438244349,-0.11985919202580075,1.0112619358323733,1.0445549030918513,0.9248667399305636,1.972339391365536,1.9723393913655363,,False,True,aeb_feasible,False,False,8.51884143940041,1.5605256214871779,6.958315817913231,18.622193955648406,0.21404820638676328,2.410911365215344,5.09477198289283,0.5163689779236865,0.045186691911153404,0.0,8.922610135706593,0.0015791526529937983,1,nan,nan,87,2.410911365215344,0.5163689779236865,8.922610135706593,0.21404820638676328,0,nan,nan,nan,nan,0,nan,nan,nan,nan,m1680-spec-0041::L0_current_masked,m1680-spec-0041,L0_current_masked,T5,drive_loss_proxy|curved_boundary_obstacle,mapping_window_unspecified,all_72_specs;mapping_window_unspecified;task_family_T5,drive_loss_proxy,t5_near_boundary_warmup,runs/m1674_controller_family_one_seed_public_pilot/configs/L0_current_masked_seed167400.json,runs/m1674_controller_family_one_seed_public_pilot/profile_runs/L0_current_masked/seed_167400/checkpoint.pt,1,169792,False,True,False,False,False,False,False,False,False,False,False,False,False
169793,checkpoint,86,True,False,0.5636175823781084,0.5636175823781084,1600.4798651791887,1.1037792173649577,1.150691201124285,0.07554273859316019,0.8105103358234916,1.1115104763937458,1.0517417857020892,1.4280518882396211,1.4280518882396211,,False,True,aeb_feasible,False,False,12.45740629836176,1.6470834856056027,10.810322812756159,12.16435435148972,0.14144598083127582,2.281908156656273,5.014773773241483,0.6833818015614672,0.02542431793580171,0.0,9.12146389580696,0.0016456382581964135,1,nan,nan,86,2.281908156656273,0.6833818015614672,9.12146389580696,0.14144598083127582,0,nan,nan,nan,nan,0,nan,nan,nan,nan,m1680-spec-0041::L1_one_step,m1680-spec-0041,L1_one_step,T5,drive_loss_proxy|curved_boundary_obstacle,mapping_window_unspecified,all_72_specs;mapping_window_unspecified;task_family_T5,drive_loss_proxy,t5_near_boundary_warmup,runs/m1674_controller_family_one_seed_public_pilot/configs/L1_one_step_seed167400.json,runs/m1674_controller_family_one_seed_public_pilot/profile_runs/L1_one_step/seed_167400/checkpoint.pt,1,169793,False,True,False,False,False,False,False,False,False,False,False,False,False
169794,checkpoint,59,True,False,0.6269845202030064,0.6269845202030064,1581.9735681651227,1.0910162539069812,1.0724964794677676,-0.04465154242657987,1.135195232561172,0.7639626413903322,0.9689306728119229,2.0448606246063283,2.0448606246063283,,False,True,aeb_feasible,False,False,13.384170051917126,2.0697158332455508,11.314454218671575,17.074733929599752,0.2894022699932161,2.425265891362704,5.1590127417209715,0.3200031416525033,0.04875839261291628,0.0,9.419122975844259,0.0027802542317658663,1,nan,nan,59,2.425265891362704,0.3200031416525033,9.419122975844259,0.2894022699932161,0,nan,nan,nan,nan,0,nan,nan,nan,nan,m1680-spec-0041::L2_window_100,m1680-spec-0041,L2_window_100,T5,drive_loss_proxy|curved_boundary_obstacle,mapping_window_unspecified,all_72_specs;mapping_window_unspecified;task_family_T5,drive_loss_proxy,t5_near_boundary_warmup,runs/m1674_controller_family_one_seed_public_pilot/configs/L2_window_100_seed167400.json,runs/m1674_controller_family_one_seed_public_pilot/profile_runs/L2_window_100/seed_167400/checkpoint.pt,100,169794,False,True,False,False,False,False,False,False,False,False,False,False,False
169795,checkpoint,73,True,False,0.43987278135482677,0.43987278135482677,1650.7232528091215,1.138429829523532,1.1147151145053886,-0.028716931492047237,1.0655774648187262,0.8337887325280466,1.066254010551824,1.2656119659093392,1.2656119659093392,,False,True,aeb_feasible,False,False,2.5579610867548963,2.0352050922589804,0.5227559944959159,29.125829922010364,0.3989839715343886,2.1389986118291584,5.123197442131808,0.3806978514805737,0.09721125527877594,0.0,8.77163855308778,0.0030074801761657,1,nan,nan,73,2.1389986118291584,0.3806978514805737,8.77163855308778,0.3989839715343886,0,nan,nan,nan,nan,0,nan,nan,nan,nan,m1680-spec-0041::L2_window_100_current_tiled,m1680-spec-0041,L2_window_100_current_tiled,T5,drive_loss_proxy|curved_boundary_obstacle,mapping_window_unspecified,all_72_specs;mapping_window_unspecified;task_family_T5,drive_loss_proxy,t5_near_boundary_warmup,runs/m1674_controller_family_one_seed_public_pilot/configs/L2_window_100_current_tiled_seed167400.json,runs/m1674_controller_family_one_seed_public_pilot/profile_runs/L2_window_100_current_tiled/seed_167400/checkpoint.pt,100,169795,False,True,False,False,False,False,False,False,False,False,False,False,False
169796,checkpoint,56,True,False,0.7587262017468597,0.7587262017468597,1661.7298279328625,1.146020570988181,1.0535759788345993,0.015018615228645782,0.7847049100465873,0.7569249442959143,1.0420044613662562,1.7444525234304789,1.7444525234304789,,False,True,aeb_feasible,False,False,10.437602403714944,1.840101336060925,8.597501067654019,19.693327956387026,0.3516665706497683,2.366602528275631,5.025399577847605,0.3068698604514407,0.03633176593468461,0.0,10.366260099181934,0.0028950816486030817,1,nan,nan,56,2.366602528275631,0.3068698604514407,10.366260099181934,0.3516665706497683,0,nan,nan,nan,nan,0,nan,nan,nan,nan,m1680-spec-0041::L2_window_13,m1680-spec-0041,L2_window_13,T5,drive_loss_proxy|curved_boundary_obstacle,mapping_window_unspecified,all_72_specs;mapping_window_unspecified;task_family_T5,drive_loss_proxy,t5_near_boundary_warmup,runs/m1674_controller_family_one_seed_public_pilot/configs/L2_window_13_seed167400.json,runs/m1674_controller_family_one_seed_public_pilot/profile_runs/L2_window_13/seed_167400/checkpoint.pt,13,169796,False,True,False,False,False,False,False,False,False,False,False,False,False
169797,checkpoint,60,True,False,0.9164498259893784,0.9164498259893784,1360.1106609424955,0.9380073523741349,1.1181247582570137,0.10166638894391267,0.8770335458295562,1.1259816392908994,1.0331232837196054,1.0283061427700648,1.0283061427700648,,False,True,aeb_feasible,False,False,17.108008482712222,2.098407635126276,15.009600847585947,16.059437505769964,0.2676572917628327,2.3087428705865896,5.062196635955356,0.38608005684901114,0.03819265094624871,0.0,9.642043870826614,0.003714552614837885,1,nan,nan,60,2.3087428705865896,0.38608005684901114,9.642043870826614,0.2676572917628327,0,nan,nan,nan,nan,0,nan,nan,nan,nan,m1680-spec-0041::L2_window_13_current_tiled,m1680-spec-0041,L2_window_13_current_tiled,T5,drive_loss_proxy|curved_boundary_obstacle,mapping_window_unspecified,all_72_specs;mapping_window_unspecified;task_family_T5,drive_loss_proxy,t5_near_boundary_warmup,runs/m1674_controller_family_one_seed_public_pilot/configs/L2_window_13_current_tiled_seed167400.json,runs/m1674_controller_family_one_seed_public_pilot/profile_runs/L2_window_13_current_tiled/seed_167400/checkpoint.pt,13,169797,False,True,False,False,False,False,False,False,False,False,False,False,False
169798,checkpoint,47,True,False,0.9525632942720855,0.9525632942720855,1468.1742568975476,1.0125339702741707,1.20651523755007,0.09524665721352177,1.1761969819715097,0.5226232115996842,0.9523085899472858,1.0186492335619006,1.0186492335619006,,False,True,aeb_feasible,False,False,16.761310640470963,1.9196577380194455,14.841652902451518,7.016042453515668,0.14927749901097168,2.3464927969902014,5.039330845674339,0.6029457205695923,0.031228774795488804,0.0,12.232195933582869,0.003618367947638035,1,nan,nan,47,2.3464927969902014,0.6029457205695923,12.232195933582869,0.14927749901097168,0,nan,nan,nan,nan,0,nan,nan,nan,nan,m1680-spec-0041::L2_window_25,m1680-spec-0041,L2_window_25,T5,drive_loss_proxy|curved_boundary_obstacle,mapping_window_unspecified,all_72_specs;mapping_window_unspecified;task_family_T5,drive_loss_proxy,t5_near_boundary_warmup,runs/m1674_controller_family_one_seed_public_pilot/configs/L2_window_25_seed167400.json,runs/m1674_controller_family_one_seed_public_pilot/profile_runs/L2_window_25/seed_167400/checkpoint.pt,25,169798,False,True,False,False,False,False,False,False,False,False,False,False,False
169799,checkpoint,55,True,False,0.7076347778402299,0.7076347778402299,1609.9066370920357,1.1102804393738177,0.9224169629829932,-0.11012333112149086,1.2234581945329488,0.7136378826582419,1.1319524212972776,1.8526693851199334,1.8526693851199334,,False,True,aeb_feasible,False,False,10.489809562057415,2.2073515940219695,8.282457968035445,20.952888922640515,0.38096161677528206,2.3004225949630484,5.035183916532798,0.3406320190373783,0.04023534326278574,0.0,10.306428195433533,0.0035915810149163008,1,nan,nan,55,2.3004225949630484,0.3406320190373783,10.306428195433533,0.38096161677528206,0,nan,nan,nan,nan,0,nan,nan,nan,nan,m1680-spec-0041::L2_window_25_current_tiled,m1680-spec-0041,L2_window_25_current_tiled,T5,drive_loss_proxy|curved_boundary_obstacle,mapping_window_unspecified,all_72_specs;mapping_window_unspecified;task_family_T5,drive_loss_proxy,t5_near_boundary_warmup,runs/m1674_controller_family_one_seed_public_pilot/configs/L2_window_25_current_tiled_seed167400.json,runs/m1674_controller_family_one_seed_public_pilot/profile_runs/L2_window_25_current_tiled/seed_167400/checkpoint.pt,25,169799,False,True,False,False,False,False,False,False,False,False,False,False,False
169800,checkpoint,70,True,False,0.37281397224147284,0.37281397224147284,1599.7974008727908,1.1033085523260626,1.162276108497577,0.05203147812334685,1.1605464649006094,0.839870613756341,0.9148934524675291,1.0269070134985954,1.0269070134985954,,False,True,aeb_feasible,False,False,6.5992396384443985,2.21172940184882,4.3875102365955785,12.598325086166911,0.1799760726595273,2.4510670634547345,5.057281654269406,0.5480855043694367,0.043595100402938916,0.0,7.814056724815604,0.002476181136444211,1,nan,nan,70,2.4510670634547345,0.5480855043694367,7.814056724815604,0.1799760726595273,0,nan,nan,nan,nan,0,nan,nan,nan,nan,m1680-spec-0041::L2_window_50,m1680-spec-0041,L2_window_50,T5,drive_loss_proxy|curved_boundary_obstacle,mapping_window_unspecified,all_72_specs;mapping_window_unspecified;task_family_T5,drive_loss_proxy,t5_near_boundary_warmup,runs/m1674_controller_family_one_seed_public_pilot/configs/L2_window_50_seed167400.json,runs/m1674_controller_family_one_seed_public_pilot/profile_runs/L2_window_50/seed_167400/checkpoint.pt,50,169800,False,True,False,False,False,False,False,False,False,False,False,False,False
169801,checkpoint,59,True,False,0.8356770022060996,0.8356770022060996,1469.5694279135168,1.0134961571817358,1.094842677409546,0.0414169795958903,0.9662813107044779,1.1033370176873067,0.9165020223073888,1.1466542267715127,1.1466542267715127,,False,True,aeb_feasible,False,False,15.4264792991451,1.612707806028428,13.813771493116672,13.482334873747103,0.22851415040249326,2.3909525280280133,5.022153866201496,0.35996199305604076,0.04020622598592523,0.0,9.327676157924909,0.0033544544130563736,1,nan,nan,59,2.3909525280280133,0.35996199305604076,9.327676157924909,0.22851415040249326,0,nan,nan,nan,nan,0,nan,nan,nan,nan,m1680-spec-0041::L2_window_50_current_tiled,m1680-spec-0041,L2_window_50_current_tiled,T5,drive_loss_proxy|curved_boundary_obstacle,mapping_window_unspecified,all_72_specs;mapping_window_unspecified;task_family_T5,drive_loss_proxy,t5_near_boundary_warmup,runs/m1674_controller_family_one_seed_public_pilot/configs/L2_window_50_current_tiled_seed167400.json,runs/m1674_controller_family_one_seed_public_pilot/profile_runs/L2_window_50_current_tiled/seed_167400/checkpoint.pt,50,169801,False,True,False,False,False,False,False,False,False,False,False,False,False
169802,checkpoint,142,False,True,0.33300308304113546,0.33300308304113546,1538.069263528506,1.0607374231231077,0.986191092673961,-0.006628435455385606,0.8750726446160422,0.5126143173435032,1.1386075957278505,1.5300806244993264,1.5300806244993264,,False,True,aeb_feasible,False,True,9.307057967634803,1.7354299891736797,7.571627978461123,-15.72746987990513,-0.11075683014017697,2.081707637697372,4.295172250654911,0.7076951363085551,1.5707961925597524,0.6971830985915493,7.233180075187254,0.0015144339995458722,1,nan,nan,142,2.081707637697372,0.7076951363085551,7.233180075187254,-0.11075683014017697,0,nan,nan,nan,nan,0,nan,nan,nan,nan,m1680-spec-0041::L3_online_gru,m1680-spec-0041,L3_online_gru,T5,drive_loss_proxy|curved_boundary_obstacle,mapping_window_unspecified,all_72_specs;mapping_window_unspecified;task_family_T5,drive_loss_proxy,t5_near_boundary_warmup,runs/m1674_controller_family_one_seed_public_pilot/configs/L3_online_gru_seed167400.json,runs/m1674_controller_family_one_seed_public_pilot/profile_runs/L3_online_gru/seed_167400/checkpoint.pt,1,169802,False,True,False,False,False,False,False,False,False,False,False,False,True
169803,checkpoint,71,True,False,1.0160737062427372,1.0160737062427372,1515.306123219691,1.0450387056687525,0.8569626993012006,0.0013004016095385929,1.1338681116729534,0.6249415726387777,0.8054605301454312,1.3685783849982545,1.3685783849982545,,False,True,aeb_feasible,False,False,7.395327825474151,2.0037484245830792,5.391579400891072,22.724649438872536,0.32006548505454274,2.1672112929390606,5.011342799989979,0.6538105526772044,0.031028699412637296,0.0,12.96685409836657,0.0014105307636782527,1,nan,nan,71,2.1672112929390606,0.6538105526772044,12.96685409836657,0.32006548505454274,0,nan,nan,nan,nan,0,nan,nan,nan,nan,m1680-spec-0041::L3_reset_control_corrected,m1680-spec-0041,L3_reset_control_corrected,T5,drive_loss_proxy|curved_boundary_obstacle,mapping_window_unspecified,all_72_specs;mapping_window_unspecified;task_family_T5,drive_loss_proxy,t5_near_boundary_warmup,runs/m1674_controller_family_one_seed_public_pilot/configs/L3_reset_control_corrected_seed167400.json,runs/m1674_controller_family_one_seed_public_pilot/profile_runs/L3_reset_control_corrected/seed_167400/checkpoint.pt,1,169803,False,True,False,False,False,False,False,False,False,False,False,False,False
169804,checkpoint,65,True,False,1.0312675008830732,1.0312675008830732,1395.0567098575211,0.9621080757638076,0.8991568511135094,-0.010751320881561943,1.094545535362041,0.6781152722552605,1.0176126622778885,2.935440289750999,2.935440289750999,,False,True,aeb_feasible,False,False,5.424080858206828,1.5693967816217724,3.854684076585056,32.29002361883319,0.4967695941358952,2.1609455405333766,5.0961909186604615,0.31129212746375046,0.05357238257707403,0.0,12.510446669506374,0.0024263598024845123,1,nan,nan,65,2.1609455405333766,0.31129212746375046,12.510446669506374,0.4967695941358952,0,nan,nan,nan,nan,0,nan,nan,nan,nan,m1680-spec-0042::L0_current_masked,m1680-spec-0042,L0_current_masked,T5,t5_boundary_axis_retarget|drive_loss_proxy,mapping_window_unspecified,all_72_specs;mapping_window_unspecified;task_family_T5,t5_boundary_axis_retarget,t5_boundary_axis_retarget,runs/m1674_controller_family_one_seed_public_pilot/configs/L0_current_masked_seed167400.json,runs/m1674_controller_family_one_seed_public_pilot/profile_runs/L0_current_masked/seed_167400/checkpoint.pt,1,169804,False,True,False,False,False,False,False,False,False,False,False,False,False
169805,checkpoint,81,True,False,0.5331611535731391,0.5331611535731391,1376.1648038741919,0.9490791750856495,0.8737944544421613,-0.05470610871948445,1.2797556114021873,0.6998601512546198,0.9241393842412431,2.99296593446304,2.99296593446304,,False,True,aeb_feasible,False,False,18.165942993414383,2.3176472787201137,15.84829571469427,21.58206399986725,0.26644523456626235,2.3578991025894105,5.106665122477331,0.6000783227351609,0.03891580144769007,0.0,9.417674119589275,0.0018171733245253563,1,nan,nan,81,2.3578991025894105,0.6000783227351609,9.417674119589275,0.26644523456626235,0,nan,nan,nan,nan,0,nan,nan,nan,nan,m1680-spec-0042::L1_one_step,m1680-spec-0042,L1_one_step,T5,t5_boundary_axis_retarget|drive_loss_proxy,mapping_window_unspecified,all_72_specs;mapping_window_unspecified;task_family_T5,t5_boundary_axis_retarget,t5_boundary_axis_retarget,runs/m1674_controller_family_one_seed_public_pilot/configs/L1_one_step_seed167400.json,runs/m1674_controller_family_one_seed_public_pilot/profile_runs/L1_one_step/seed_167400/checkpoint.pt,1,169805,False,True,False,False,False,False,False,False,False,False,False,False,False
169806,checkpoint,56,True,False,0.8044845018790421,0.8044845018790421,1367.764886896351,0.9432861288940352,1.0854407939207162,0.08428322236169872,0.5509511140117276,0.5683712037264103,1.0073334848332929,1.0128615735021136,1.0128615735021136,,False,True,aeb_feasible,False,False,5.293250436452955,2.1630950655611096,3.1301553708918455,15.42587572080416,0.2754620664429314,2.5274622484116445,5.154762610605847,0.4069164875245134,0.03822017106309479,0.0,9.89243549943775,0.0023731107357889414,1,nan,nan,56,2.5274622484116445,0.4069164875245134,9.89243549943775,0.2754620664429314,0,nan,nan,nan,nan,0,nan,nan,nan,nan,m1680-spec-0042::L2_window_100,m1680-spec-0042,L2_window_100,T5,t5_boundary_axis_retarget|drive_loss_proxy,mapping_window_unspecified,all_72_specs;mapping_window_unspecified;task_family_T5,t5_boundary_axis_retarget,t5_boundary_axis_retarget,runs/m1674_controller_family_one_seed_public_pilot/configs/L2_window_100_seed167400.json,runs/m1674_controller_family_one_seed_public_pilot/profile_runs/L2_window_100/seed_167400/checkpoint.pt,100,169806,False,True,False,False,False,False,False,False,False,False,False,False,False
169807,checkpoint,60,True,False,0.9794395821563808,0.9794395821563808,1649.9783292125583,1.1379160891121092,1.1873952378810135,-0.07276004940692893,1.189846759472895,0.6207779539058291,0.874589708674704,2.926650668784064,2.926650668784064,,False,True,aeb_feasible,False,False,17.79932222964386,1.8125820374388908,15.98674019220497,8.063593714359525,0.13439322857265876,2.34995271713801,5.166662287597067,0.6167598650335774,0.03880839317321875,0.0,10.126672475118424,0.0031771899666637182,1,nan,nan,60,2.34995271713801,0.6167598650335774,10.126672475118424,0.13439322857265876,0,nan,nan,nan,nan,0,nan,nan,nan,nan,m1680-spec-0042::L2_window_100_current_tiled,m1680-spec-0042,L2_window_100_current_tiled,T5,t5_boundary_axis_retarget|drive_loss_proxy,mapping_window_unspecified,all_72_specs;mapping_window_unspecified;task_family_T5,t5_boundary_axis_retarget,t5_boundary_axis_retarget,runs/m1674_controller_family_one_seed_public_pilot/configs/L2_window_100_current_tiled_seed167400.json,runs/m1674_controller_family_one_seed_public_pilot/profile_runs/L2_window_100_current_tiled/seed_167400/checkpoint.pt,100,169807,False,True,False,False,False,False,False,False,False,False,False,False,False
169808,checkpoint,58,True,False,0.8874066468669426,0.8874066468669426,1414.396904103156,0.9754461407607973,1.1832581943112266,-0.03221457182610599,1.3017436718434516,0.6951129449746904,0.7879404654565189,2.907604090321226,2.907604090321226,,False,True,aeb_feasible,False,False,11.640115316535248,2.083135075911283,9.556980240623965,13.645372669989266,0.23526504603429768,2.3524074979880085,5.1608865491430755,0.43308432550946896,0.057063464555807054,0.0,10.321213151047042,0.0026914740446954966,1,nan,nan,58,2.3524074979880085,0.43308432550946896,10.321213151047042,0.23526504603429768,0,nan,nan,nan,nan,0,nan,nan,nan,nan,m1680-spec-0042::L2_window_13,m1680-spec-0042,L2_window_13,T5,t5_boundary_axis_retarget|drive_loss_proxy,mapping_window_unspecified,all_72_specs;mapping_window_unspecified;task_family_T5,t5_boundary_axis_retarget,t5_boundary_axis_retarget,runs/m1674_controller_family_one_seed_public_pilot/configs/L2_window_13_seed167400.json,runs/m1674_controller_family_one_seed_public_pilot/profile_runs/L2_window_13/seed_167400/checkpoint.pt,13,169808,False,True,False,False,False,False,False,False,False,False,False,False,False
169809,checkpoint,61,True,False,0.6803643244376909,0.6803643244376909,1513.4115973672695,1.0437321361153582,1.1082663914470194,-0.09075235682724614,1.080940098865693,0.6645568172042926,0.8656223478035091,2.671640483117897,2.671640483117897,,False,True,aeb_feasible,False,False,15.096017458562606,1.6641362609001211,13.431881197662484,22.162319119337173,0.3633167068743799,2.1586442553005023,5.039019598964135,0.3881880261165192,0.03629830190833432,0.0,10.390714907459488,0.0031511527486145496,1,nan,nan,61,2.1586442553005023,0.3881880261165192,10.390714907459488,0.3633167068743799,0,nan,nan,nan,nan,0,nan,nan,nan,nan,m1680-spec-0042::L2_window_13_current_tiled,m1680-spec-0042,L2_window_13_current_tiled,T5,t5_boundary_axis_retarget|drive_loss_proxy,mapping_window_unspecified,all_72_specs;mapping_window_unspecified;task_family_T5,t5_boundary_axis_retarget,t5_boundary_axis_retarget,runs/m1674_controller_family_one_seed_public_pilot/configs/L2_window_13_current_tiled_seed167400.json,runs/m1674_controller_family_one_seed_public_pilot/profile_runs/L2_window_13_current_tiled/seed_167400/checkpoint.pt,13,169809,False,True,False,False,False,False,False,False,False,False,False,False,False
169810,checkpoint,70,True,False,0.36140850205452013,0.36140850205452013,1531.644306373043,1.0563064181883055,1.2443065247635143,0.03811767553737533,1.2950877014798667,1.1218817414752214,1.0292379596868024,2.2197920604830923,2.2197920604830923,,False,True,aeb_feasible,False,False,15.192045549443273,1.5955988615738048,13.596446687869468,14.5834383507839,0.20833483358262717,2.55701384956756,5.039220175654705,0.375866164478673,0.048631450064705734,0.0,7.473862198774921,0.0022084491793066263,1,nan,nan,70,2.55701384956756,0.375866164478673,7.473862198774921,0.20833483358262717,0,nan,nan,nan,nan,0,nan,nan,nan,nan,m1680-spec-0042::L2_window_25,m1680-spec-0042,L2_window_25,T5,t5_boundary_axis_retarget|drive_loss_proxy,mapping_window_unspecified,all_72_specs;mapping_window_unspecified;task_family_T5,t5_boundary_axis_retarget,t5_boundary_axis_retarget,runs/m1674_controller_family_one_seed_public_pilot/configs/L2_window_25_seed167400.json,runs/m1674_controller_family_one_seed_public_pilot/profile_runs/L2_window_25/seed_167400/checkpoint.pt,25,169810,False,True,False,False,False,False,False,False,False,False,False,False,False
169811,checkpoint,64,True,False,0.6455905465975693,0.6455905465975693,1538.3953681711512,1.060962322876656,0.8563069000951894,-0.04230330596044962,0.7255137807205335,0.9955332368711522,0.7083578876108616,1.0391563678297953,1.0391563678297953,,False,True,aeb_feasible,False,False,20.55684800243022,1.9712041638174522,18.585643838612768,-1.522700014429787,-0.023792187725465423,2.374625878557511,5.125692876203161,0.6642132825339893,0.05164428385931678,0.0,9.197594719010162,0.0033288488630205393,1,nan,nan,64,2.374625878557511,0.6642132825339893,9.197594719010162,-0.023792187725465423,0,nan,nan,nan,nan,0,nan,nan,nan,nan,m1680-spec-0042::L2_window_25_current_tiled,m1680-spec-0042,L2_window_25_current_tiled,T5,t5_boundary_axis_retarget|drive_loss_proxy,mapping_window_unspecified,all_72_specs;mapping_window_unspecified;task_family_T5,t5_boundary_axis_retarget,t5_boundary_axis_retarget,runs/m1674_controller_family_one_seed_public_pilot/configs/L2_window_25_current_tiled_seed167400.json,runs/m1674_controller_family_one_seed_public_pilot/profile_runs/L2_window_25_current_tiled/seed_167400/checkpoint.pt,25,169811,False,True,False,False,False,False,False,False,False,False,False,False,False
169812,checkpoint,59,True,False,0.9999587875523099,0.9999587875523099,1398.7112699414863,0.9646284620286113,0.9576626429571369,0.05809746745510691,1.2196285366838095,0.6060772612718406,1.1077011719897236,3.170577214722633,3.1705772147226337,,False,True,aeb_feasible,False,False,7.70645201213225,1.9486865428851274,5.757765469247123,25.468307327449313,0.4316662258889714,2.1757217672491898,5.072124994782605,0.3413722995401917,0.06059383101956228,0.0,10.642337779809512,0.002828419441357255,1,nan,nan,59,2.1757217672491898,0.3413722995401917,10.642337779809512,0.4316662258889714,0,nan,nan,nan,nan,0,nan,nan,nan,nan,m1680-spec-0042::L2_window_50,m1680-spec-0042,L2_window_50,T5,t5_boundary_axis_retarget|drive_loss_proxy,mapping_window_unspecified,all_72_specs;mapping_window_unspecified;task_family_T5,t5_boundary_axis_retarget,t5_boundary_axis_retarget,runs/m1674_controller_family_one_seed_public_pilot/configs/L2_window_50_seed167400.json,runs/m1674_controller_family_one_seed_public_pilot/profile_runs/L2_window_50/seed_167400/checkpoint.pt,50,169812,False,True,False,False,False,False,False,False,False,False,False,False,False
169813,checkpoint,59,True,False,0.7479809343383912,0.7479809343383912,1371.7441910975267,0.946030476618984,1.247426853458707,0.03563745914649452,1.152323306332452,0.790773412542186,0.7460281596566438,1.1278189289441913,1.1278189289441913,,False,True,aeb_feasible,False,False,13.547242834559478,2.1898471389113254,11.357395695648153,11.940897990044146,0.20238810152617195,2.4337467382049938,5.051907678274489,0.4076488376514496,0.04474126312199105,0.0,9.175951567096872,0.003261798759922385,1,nan,nan,59,2.4337467382049938,0.4076488376514496,9.175951567096872,0.20238810152617195,0,nan,nan,nan,nan,0,nan,nan,nan,nan,m1680-spec-0042::L2_window_50_current_tiled,m1680-spec-0042,L2_window_50_current_tiled,T5,t5_boundary_axis_retarget|drive_loss_proxy,mapping_window_unspecified,all_72_specs;mapping_window_unspecified;task_family_T5,t5_boundary_axis_retarget,t5_boundary_axis_retarget,runs/m1674_controller_family_one_seed_public_pilot/configs/L2_window_50_current_tiled_seed167400.json,runs/m1674_controller_family_one_seed_public_pilot/profile_runs/L2_window_50_current_tiled/seed_167400/checkpoint.pt,50,169813,False,True,False,False,False,False,False,False,False,False,False,False,False
169814,checkpoint,70,True,False,0.9008889142036165,0.9008889142036165,1446.692850831573,0.9977192074700503,1.0308010448484257,-0.06239981222172153,1.116454959529805,0.9121497182555097,1.184571881778753,3.139343849870427,3.1393438498704267,,False,True,aeb_feasible,False,False,7.998062876878144,2.0301243883477325,5.967938488530412,31.075006623667903,0.4439286660523986,2.2914225431364894,5.086749320245019,0.4943546018541909,0.015151578277599966,0.0,12.226454502001653,0.0018107648938894272,1,nan,nan,70,2.2914225431364894,0.4943546018541909,12.226454502001653,0.4439286660523986,0,nan,nan,nan,nan,0,nan,nan,nan,nan,m1680-spec-0042::L3_online_gru,m1680-spec-0042,L3_online_gru,T5,t5_boundary_axis_retarget|drive_loss_proxy,mapping_window_unspecified,all_72_specs;mapping_window_unspecified;task_family_T5,t5_boundary_axis_retarget,t5_boundary_axis_retarget,runs/m1674_controller_family_one_seed_public_pilot/configs/L3_online_gru_seed167400.json,runs/m1674_controller_family_one_seed_public_pilot/profile_runs/L3_online_gru/seed_167400/checkpoint.pt,1,169814,False,True,False,False,False,False,False,False,False,False,False,False,False
169815,checkpoint,82,False,True,0.35364614633091374,0.35364614633091374,1320.9426080078067,0.9109949020743494,1.0448604781959736,0.024483457311083257,1.409882078255645,0.8143808001586332,1.0921378092634328,1.2347002603097914,1.2347002603097914,,False,True,aeb_feasible,False,True,2.46543429642875,1.7184045721989398,0.7470297242298103,105.06405051909846,1.2812689087694933,0.8928399682231111,1.8903221145856008,0.3719826115060171,1.1567184454098247,0.4268292682926829,8.10850854971853,0.0010110129369422793,1,nan,nan,82,0.8928399682231111,0.3719826115060171,8.10850854971853,1.2812689087694933,0,nan,nan,nan,nan,0,nan,nan,nan,nan,m1680-spec-0042::L3_reset_control_corrected,m1680-spec-0042,L3_reset_control_corrected,T5,t5_boundary_axis_retarget|drive_loss_proxy,mapping_window_unspecified,all_72_specs;mapping_window_unspecified;task_family_T5,t5_boundary_axis_retarget,t5_boundary_axis_retarget,runs/m1674_controller_family_one_seed_public_pilot/configs/L3_reset_control_corrected_seed167400.json,runs/m1674_controller_family_one_seed_public_pilot/profile_runs/L3_reset_control_corrected/seed_167400/checkpoint.pt,1,169815,False,True,False,False,False,False,False,False,False,False,False,False,True
169816,checkpoint,62,True,False,0.39384245223734493,0.39384245223734493,1351.3169375994598,0.9319427155858344,0.9623401916579306,0.026443514634708842,0.7367425077675251,0.5393512085986024,1.0848459171885314,1.4229013651433715,1.4229013651433715,,False,True,aeb_feasible,True,False,2.0032482704427315,2.092002552279137,-0.08875428183640555,32.42466897291779,0.5229785318212548,1.142270857924367,2.58481131655347,0.6100069977161761,0.03600036326814968,0.0,8.622699516947439,0.0017776533495634794,1,nan,nan,62,1.142270857924367,0.6100069977161761,8.622699516947439,0.5229785318212548,0,nan,nan,nan,nan,0,nan,nan,nan,nan,m1680-spec-0043::L0_current_masked,m1680-spec-0043,L0_current_masked,T5,t5_near_boundary_warmup|t5_boundary_axis_retarget,mapping_window_unspecified,all_72_specs;mapping_window_unspecified;task_family_T5,t5_near_boundary_warmup,t5_near_boundary_warmup,runs/m1674_controller_family_one_seed_public_pilot/configs/L0_current_masked_seed167400.json,runs/m1674_controller_family_one_seed_public_pilot/profile_runs/L0_current_masked/seed_167400/checkpoint.pt,1,169816,False,True,False,False,False,False,False,False,False,False,False,False,False
169817,checkpoint,90,True,False,0.8176084584440826,0.8176084584440826,1346.9924594499955,0.9289603168620659,0.8735628217027643,0.00855353914098167,1.002510572383972,1.1285727241260761,0.8771708431432197,1.6983058176185,1.6983058176185,,False,True,aeb_feasible,False,False,9.117643528312431,2.0916971237222994,7.025946404590131,19.701918521432162,0.2189102057936907,2.331492444633443,5.085862720299126,0.5120073837863143,0.04303531652480876,0.0,9.02186025393949,0.0016502677462995052,1,nan,nan,90,2.331492444633443,0.5120073837863143,9.02186025393949,0.2189102057936907,0,nan,nan,nan,nan,0,nan,nan,nan,nan,m1680-spec-0043::L1_one_step,m1680-spec-0043,L1_one_step,T5,t5_near_boundary_warmup|t5_boundary_axis_retarget,mapping_window_unspecified,all_72_specs;mapping_window_unspecified;task_family_T5,t5_near_boundary_warmup,t5_near_boundary_warmup,runs/m1674_controller_family_one_seed_public_pilot/configs/L1_one_step_seed167400.json,runs/m1674_controller_family_one_seed_public_pilot/profile_runs/L1_one_step/seed_167400/checkpoint.pt,1,169817,False,True,False,False,False,False,False,False,False,False,False,False,False
169818,checkpoint,65,True,False,0.4198541121664099,0.4198541121664099,1470.0406385503466,1.0138211300347217,0.8678561405918327,-0.03584060599718453,0.9002887957554359,0.8950045682889789,1.0388110985495351,2.040219360549169,2.040219360549169,,False,True,aeb_feasible,False,False,5.044624775950729,1.6920171583269896,3.3526076176237396,15.832366913590185,0.24357487559369514,2.383466827209861,5.102859266255834,0.456249687614711,0.05845531300374356,0.0,8.35055067290205,0.002562337089329958,1,nan,nan,65,2.383466827209861,0.456249687614711,8.35055067290205,0.24357487559369514,0,nan,nan,nan,nan,0,nan,nan,nan,nan,m1680-spec-0043::L2_window_100,m1680-spec-0043,L2_window_100,T5,t5_near_boundary_warmup|t5_boundary_axis_retarget,mapping_window_unspecified,all_72_specs;mapping_window_unspecified;task_family_T5,t5_near_boundary_warmup,t5_near_boundary_warmup,runs/m1674_controller_family_one_seed_public_pilot/configs/L2_window_100_seed167400.json,runs/m1674_controller_family_one_seed_public_pilot/profile_runs/L2_window_100/seed_167400/checkpoint.pt,100,169818,False,True,False,False,False,False,False,False,False,False,False,False,False
169819,checkpoint,75,True,False,0.3650789765163246,0.3650789765163246,1593.3092599483632,1.0988339723781815,0.8781961917976105,-0.021440404190918638,0.974706840382356,1.214545551293457,1.114475213883958,1.513490939514527,1.513490939514527,,False,True,aeb_feasible,False,False,10.234353865242523,1.8602065860965054,8.374147279146019,14.579163573718047,0.19438884764957395,2.2435662023701695,5.102252864160427,0.5123581507937247,0.04418345208413946,0.0,7.653133321739008,0.002620851155370474,1,nan,nan,75,2.2435662023701695,0.5123581507937247,7.653133321739008,0.19438884764957395,0,nan,nan,nan,nan,0,nan,nan,nan,nan,m1680-spec-0043::L2_window_100_current_tiled,m1680-spec-0043,L2_window_100_current_tiled,T5,t5_near_boundary_warmup|t5_boundary_axis_retarget,mapping_window_unspecified,all_72_specs;mapping_window_unspecified;task_family_T5,t5_near_boundary_warmup,t5_near_boundary_warmup,runs/m1674_controller_family_one_seed_public_pilot/configs/L2_window_100_current_tiled_seed167400.json,runs/m1674_controller_family_one_seed_public_pilot/profile_runs/L2_window_100_current_tiled/seed_167400/checkpoint.pt,100,169819,False,True,False,False,False,False,False,False,False,False,False,False,False
169820,checkpoint,79,True,False,0.33174108427552285,0.33174108427552285,1299.6224712482046,0.8962913594815205,1.121423421950359,-0.11167683751704338,1.020396626945043,0.919451637131764,1.0812209572069933,1.9031616810164684,1.9031616810164682,,False,True,aeb_feasible,False,False,2.771017837988207,1.8773794780122954,0.8936383599759115,39.134098538828525,0.4953683359345383,2.2228077089230043,5.075757754547325,0.2640673274553844,0.3591482837410582,0.012658227848101266,7.684899138094152,0.0024228214751929045,1,nan,nan,79,2.2228077089230043,0.2640673274553844,7.684899138094152,0.4953683359345383,0,nan,nan,nan,nan,0,nan,nan,nan,nan,m1680-spec-0043::L2_window_13,m1680-spec-0043,L2_window_13,T5,t5_near_boundary_warmup|t5_boundary_axis_retarget,mapping_window_unspecified,all_72_specs;mapping_window_unspecified;task_family_T5,t5_near_boundary_warmup,t5_near_boundary_warmup,runs/m1674_controller_family_one_seed_public_pilot/configs/L2_window_13_seed167400.json,runs/m1674_controller_family_one_seed_public_pilot/profile_runs/L2_window_13/seed_167400/checkpoint.pt,13,169820,False,True,False,False,False,False,False,False,False,False,False,False,False
169821,checkpoint,57,True,False,0.9361711728261991,0.9361711728261991,1587.686205025582,1.0949560034659187,1.1598622330349881,-0.07503011925185032,1.2248002805522877,0.9569623280619961,0.7960320638593492,2.0401800141626167,2.0401800141626167,,False,True,aeb_feasible,False,False,12.251639203793141,1.571930719363654,10.679708484429487,8.470220064269332,0.14860035200472513,2.29850396338763,5.068725626760443,0.5135414551313753,0.04151623793811614,0.0,10.285528063152192,0.0032371929846704006,1,nan,nan,57,2.29850396338763,0.5135414551313753,10.285528063152192,0.14860035200472513,0,nan,nan,nan,nan,0,nan,nan,nan,nan,m1680-spec-0043::L2_window_13_current_tiled,m1680-spec-0043,L2_window_13_current_tiled,T5,t5_near_boundary_warmup|t5_boundary_axis_retarget,mapping_window_unspecified,all_72_specs;mapping_window_unspecified;task_family_T5,t5_near_boundary_warmup,t5_near_boundary_warmup,runs/m1674_controller_family_one_seed_public_pilot/configs/L2_window_13_current_tiled_seed167400.json,runs/m1674_controller_family_one_seed_public_pilot/profile_runs/L2_window_13_current_tiled/seed_167400/checkpoint.pt,13,169821,False,True,False,False,False,False,False,False,False,False,False,False,False
169822,checkpoint,66,True,False,0.7215052748553183,0.7215052748553183,1511.8110064269065,1.0426282802944182,1.0767875239235842,0.028412460918162186,1.207691404213807,0.9401189083672323,0.8761353374245102,1.5128838752531868,1.5128838752531868,,False,True,aeb_feasible,False,False,5.699384943670424,2.1246203840273155,3.5747645596431084,6.618317567234229,0.10027753889748832,2.2466532306172313,5.097506199405142,0.6239298458634479,0.04440310072268739,0.0,9.109677682261607,0.0027637281455099583,1,nan,nan,66,2.2466532306172313,0.6239298458634479,9.109677682261607,0.10027753889748832,0,nan,nan,nan,nan,0,nan,nan,nan,nan,m1680-spec-0043::L2_window_25,m1680-spec-0043,L2_window_25,T5,t5_near_boundary_warmup|t5_boundary_axis_retarget,mapping_window_unspecified,all_72_specs;mapping_window_unspecified;task_family_T5,t5_near_boundary_warmup,t5_near_boundary_warmup,runs/m1674_controller_family_one_seed_public_pilot/configs/L2_window_25_seed167400.json,runs/m1674_controller_family_one_seed_public_pilot/profile_runs/L2_window_25/seed_167400/checkpoint.pt,25,169822,False,True,False,False,False,False,False,False,False,False,False,False,False
169823,checkpoint,54,True,False,0.6188741582153869,0.6188741582153869,1261.9538316573185,0.8703129873498748,1.1191804717968927,-0.082055594463192,1.1919475890535343,0.5273663806766845,0.9696268032150628,1.9797243511516212,1.979724351151621,,False,True,aeb_feasible,False,False,9.994163425150932,1.6807760491427177,8.313387376008214,9.052518747735787,0.16763923606918124,2.3352192209177542,5.009521127792041,0.6557094717071257,0.07069258777298669,0.0,10.201621187899127,0.003527306951582432,1,nan,nan,54,2.3352192209177542,0.6557094717071257,10.201621187899127,0.16763923606918124,0,nan,nan,nan,nan,0,nan,nan,nan,nan,m1680-spec-0043::L2_window_25_current_tiled,m1680-spec-0043,L2_window_25_current_tiled,T5,t5_near_boundary_warmup|t5_boundary_axis_retarget,mapping_window_unspecified,all_72_specs;mapping_window_unspecified;task_family_T5,t5_near_boundary_warmup,t5_near_boundary_warmup,runs/m1674_controller_family_one_seed_public_pilot/configs/L2_window_25_current_tiled_seed167400.json,runs/m1674_controller_family_one_seed_public_pilot/profile_runs/L2_window_25_current_tiled/seed_167400/checkpoint.pt,25,169823,False,True,False,False,False,False,False,False,False,False,False,False,False
169824,checkpoint,70,True,False,0.43134333455916984,0.43134333455916984,1288.491045717885,0.8886145142881966,0.8571454441404144,-0.018325639306990826,0.7169651696840702,1.2201195582604323,1.1220563456677617,0.9277548278820995,0.9277548278820996,,False,True,aeb_feasible,False,False,9.239790578057177,2.12265256802801,7.117138010029167,23.37973396187598,0.3339961994553712,2.3223579427603958,5.0314833791344675,0.35258029955764447,0.08334867067467797,0.0,8.249536956768553,0.0026545445434749126,1,nan,nan,70,2.3223579427603958,0.35258029955764447,8.249536956768553,0.3339961994553712,0,nan,nan,nan,nan,0,nan,nan,nan,nan,m1680-spec-0043::L2_window_50,m1680-spec-0043,L2_window_50,T5,t5_near_boundary_warmup|t5_boundary_axis_retarget,mapping_window_unspecified,all_72_specs;mapping_window_unspecified;task_family_T5,t5_near_boundary_warmup,t5_near_boundary_warmup,runs/m1674_controller_family_one_seed_public_pilot/configs/L2_window_50_seed167400.json,runs/m1674_controller_family_one_seed_public_pilot/profile_runs/L2_window_50/seed_167400/checkpoint.pt,50,169824,False,True,False,False,False,False,False,False,False,False,False,False,False
169825,checkpoint,75,True,False,0.32038254591933407,0.32038254591933407,1731.4074342199883,1.1940740925655091,0.9166012563989566,0.003024597372040194,0.7274462189657755,0.6295256676842559,1.0157918631803078,2.034795100224737,2.034795100224737,,False,True,aeb_feasible,False,False,7.784742062845214,1.68080162600423,6.103940436840984,27.851276458481095,0.3713503527797479,2.334355838138081,5.006018653273063,0.38833399977550875,0.734879762116122,0.21333333333333335,7.607381888262688,0.0034609127324074507,1,nan,nan,75,2.334355838138081,0.38833399977550875,7.607381888262688,0.3713503527797479,0,nan,nan,nan,nan,0,nan,nan,nan,nan,m1680-spec-0043::L2_window_50_current_tiled,m1680-spec-0043,L2_window_50_current_tiled,T5,t5_near_boundary_warmup|t5_boundary_axis_retarget,mapping_window_unspecified,all_72_specs;mapping_window_unspecified;task_family_T5,t5_near_boundary_warmup,t5_near_boundary_warmup,runs/m1674_controller_family_one_seed_public_pilot/configs/L2_window_50_current_tiled_seed167400.json,runs/m1674_controller_family_one_seed_public_pilot/profile_runs/L2_window_50_current_tiled/seed_167400/checkpoint.pt,50,169825,False,True,False,False,False,False,False,False,False,False,False,False,False
169826,checkpoint,63,True,False,0.6203940061032827,0.6203940061032827,1387.1877694687423,0.9566812203232705,1.164454969596408,-0.036765104680204885,1.0987838200455573,1.2555590782514778,0.7726241515244804,2.0207347023003583,2.0207347023003583,,False,True,aeb_feasible,True,False,2.1857027450141997,2.2287544671223167,-0.04305172210811703,25.67022959521935,0.40746396182887856,1.4677933256067834,3.0770611985571854,0.34365377661205504,0.07256517292506287,0.0,9.286331646991005,0.0017811869038268924,1,nan,nan,63,1.4677933256067834,0.34365377661205504,9.286331646991005,0.40746396182887856,0,nan,nan,nan,nan,0,nan,nan,nan,nan,m1680-spec-0043::L3_online_gru,m1680-spec-0043,L3_online_gru,T5,t5_near_boundary_warmup|t5_boundary_axis_retarget,mapping_window_unspecified,all_72_specs;mapping_window_unspecified;task_family_T5,t5_near_boundary_warmup,t5_near_boundary_warmup,runs/m1674_controller_family_one_seed_public_pilot/configs/L3_online_gru_seed167400.json,runs/m1674_controller_family_one_seed_public_pilot/profile_runs/L3_online_gru/seed_167400/checkpoint.pt,1,169826,False,True,False,False,False,False,False,False,False,False,False,False,False
169827,checkpoint,104,False,True,0.6129176744726257,0.6129176744726257,1446.536297383344,0.99761123957472,0.8998248057892524,0.035450208277790995,0.9884888272379895,1.1278553886333218,0.8932056969061779,1.3287566082973452,1.3287566082973452,,False,True,aeb_feasible,False,True,9.097475670604382,1.7478242173783116,7.349651453226071,74.45183200052975,0.7158830000050938,1.4982587847019402,3.903794851468543,0.595389545706023,0.06214964923664921,0.0,9.54926223890442,0.0007307690684683621,1,nan,nan,104,1.4982587847019402,0.595389545706023,9.54926223890442,0.7158830000050938,0,nan,nan,nan,nan,0,nan,nan,nan,nan,m1680-spec-0043::L3_reset_control_corrected,m1680-spec-0043,L3_reset_control_corrected,T5,t5_near_boundary_warmup|t5_boundary_axis_retarget,mapping_window_unspecified,all_72_specs;mapping_window_unspecified;task_family_T5,t5_near_boundary_warmup,t5_near_boundary_warmup,runs/m1674_controller_family_one_seed_public_pilot/configs/L3_reset_control_corrected_seed167400.json,runs/m1674_controller_family_one_seed_public_pilot/profile_runs/L3_reset_control_corrected/seed_167400/checkpoint.pt,1,169827,False,True,False,False,False,False,False,False,False,False,False,False,True
169828,checkpoint,91,True,False,0.3498765228843179,0.3498765228843179,1344.4102275472646,0.9271794672739756,1.0482359695943746,0.11471615498811416,0.7801451060686839,1.0924348616063608,0.967506711029527,1.909725026636175,1.9097250266361747,,False,True,aeb_feasible,True,False,1.953626414745397,2.0097893759093757,-0.056162961163978675,36.04099714508377,0.3960549136822393,1.4226446000720534,3.1853781657010956,0.5140933577867772,0.03846437291080971,0.0,7.107105504136391,0.0012743707047775388,1,nan,nan,91,1.4226446000720534,0.5140933577867772,7.107105504136391,0.3960549136822393,0,nan,nan,nan,nan,0,nan,nan,nan,nan,m1680-spec-0044::L0_current_masked,m1680-spec-0044,L0_current_masked,T5,actuator_delay_step|t5_near_boundary_warmup,reveal_plus_4,all_72_specs;explicit_window_subset;task_family_T5,t5_near_boundary_warmup,t5_near_boundary_warmup,runs/m1674_controller_family_one_seed_public_pilot/configs/L0_current_masked_seed167400.json,runs/m1674_controller_family_one_seed_public_pilot/profile_runs/L0_current_masked/seed_167400/checkpoint.pt,1,169828,False,True,False,False,False,False,False,False,False,False,False,False,False
169829,checkpoint,59,True,False,1.044247454726757,1.044247454726757,1430.7907123461407,0.9867522154111316,1.175417076186263,0.07192740642451168,0.86564732881964,1.0493977784500919,0.9105958974258406,2.1336463989080583,2.1336463989080583,,False,True,aeb_feasible,True,False,2.0500281293175817,2.056270956084149,-0.006242826766567067,13.178410917335452,0.2233628969039907,1.4386522124229073,3.270272084955664,0.5583718700214944,0.01588971559207189,0.0,10.61497268683729,0.0021477111149579287,1,nan,nan,59,1.4386522124229073,0.5583718700214944,10.61497268683729,0.2233628969039907,0,nan,nan,nan,nan,0,nan,nan,nan,nan,m1680-spec-0044::L1_one_step,m1680-spec-0044,L1_one_step,T5,actuator_delay_step|t5_near_boundary_warmup,reveal_plus_4,all_72_specs;explicit_window_subset;task_family_T5,t5_near_boundary_warmup,t5_near_boundary_warmup,runs/m1674_controller_family_one_seed_public_pilot/configs/L1_one_step_seed167400.json,runs/m1674_controller_family_one_seed_public_pilot/profile_runs/L1_one_step/seed_167400/checkpoint.pt,1,169829,False,True,False,False,False,False,False,False,False,False,False,False,False
169830,checkpoint,59,True,False,0.9187204222875798,0.9187204222875798,1692.0849525208548,1.166955139669555,0.9922009846937224,-0.0538003381758172,0.7968797313779599,1.1685919362336061,0.9754806461086892,1.1320530781533829,1.1320530781533829,,False,True,aeb_feasible,False,False,14.3292693429878,1.553705618568058,12.775563724419742,2.0073320296109576,0.034022576773067074,2.287173440565688,5.002642780186317,0.6648949815258176,0.046490483387390105,0.0,9.924827426662656,0.002778006950393319,1,nan,nan,59,2.287173440565688,0.6648949815258176,9.924827426662656,0.034022576773067074,0,nan,nan,nan,nan,0,nan,nan,nan,nan,m1680-spec-0044::L2_window_100,m1680-spec-0044,L2_window_100,T5,actuator_delay_step|t5_near_boundary_warmup,reveal_plus_4,all_72_specs;explicit_window_subset;task_family_T5,t5_near_boundary_warmup,t5_near_boundary_warmup,runs/m1674_controller_family_one_seed_public_pilot/configs/L2_window_100_seed167400.json,runs/m1674_controller_family_one_seed_public_pilot/profile_runs/L2_window_100/seed_167400/checkpoint.pt,100,169830,False,True,False,False,False,False,False,False,False,False,False,False,False
169831,checkpoint,61,True,False,0.7838162354457945,0.7838162354457945,1358.7770028077998,0.9370875881433102,0.978428749169245,0.029965368676017734,0.7273917186068184,0.7035362185387389,0.9279086013530677,1.779565802949722,1.7795658029497223,,False,True,aeb_feasible,False,False,14.71737091619721,1.9365531832533045,12.780817732943905,17.17308752973067,0.2815260250775519,2.341995977900347,5.156469416314124,0.4391335646165321,0.03315318837601362,0.0,9.612497474543257,0.0030785962007939816,1,nan,nan,61,2.341995977900347,0.4391335646165321,9.612497474543257,0.2815260250775519,0,nan,nan,nan,nan,0,nan,nan,nan,nan,m1680-spec-0044::L2_window_100_current_tiled,m1680-spec-0044,L2_window_100_current_tiled,T5,actuator_delay_step|t5_near_boundary_warmup,reveal_plus_4,all_72_specs;explicit_window_subset;task_family_T5,t5_near_boundary_warmup,t5_near_boundary_warmup,runs/m1674_controller_family_one_seed_public_pilot/configs/L2_window_100_current_tiled_seed167400.json,runs/m1674_controller_family_one_seed_public_pilot/profile_runs/L2_window_100_current_tiled/seed_167400/checkpoint.pt,100,169831,False,True,False,False,False,False,False,False,False,False,False,False,False
169832,checkpoint,73,True,False,0.45261135154429677,0.45261135154429677,1288.7564792360083,0.8887975718869023,1.1938061194620255,-0.06720726136395605,1.1103510936232386,1.113703707787908,1.0108296174914393,1.9114488875981648,1.9114488875981648,,False,True,aeb_feasible,False,False,14.696307511856208,2.200768163703919,12.495539348152288,20.638167605988112,0.28271462473956316,2.2666215319039384,5.124156396600132,0.42918154661871905,0.05287339309024014,0.0,8.351331146589146,0.002510618418455124,1,nan,nan,73,2.2666215319039384,0.42918154661871905,8.351331146589146,0.28271462473956316,0,nan,nan,nan,nan,0,nan,nan,nan,nan,m1680-spec-0044::L2_window_13,m1680-spec-0044,L2_window_13,T5,actuator_delay_step|t5_near_boundary_warmup,reveal_plus_4,all_72_specs;explicit_window_subset;task_family_T5,t5_near_boundary_warmup,t5_near_boundary_warmup,runs/m1674_controller_family_one_seed_public_pilot/configs/L2_window_13_seed167400.json,runs/m1674_controller_family_one_seed_public_pilot/profile_runs/L2_window_13/seed_167400/checkpoint.pt,13,169832,False,True,False,False,False,False,False,False,False,False,False,False,False
169833,checkpoint,54,True,False,0.882174617148362,0.882174617148362,1553.1085838310664,1.0711093681593562,1.1571495431660561,0.09634034895563959,0.719808272738601,0.5281658552900133,1.1254025624094157,1.2517441131618237,1.2517441131618237,,False,True,aeb_feasible,False,False,8.868345418253448,1.9268634944578449,6.941481923795603,12.188025817614308,0.22570418180767238,2.288187948413246,5.057983282878048,0.5985749035628866,0.049307101491319054,0.0,10.869328128694063,0.0035875109024345875,1,nan,nan,54,2.288187948413246,0.5985749035628866,10.869328128694063,0.22570418180767238,0,nan,nan,nan,nan,0,nan,nan,nan,nan,m1680-spec-0044::L2_window_13_current_tiled,m1680-spec-0044,L2_window_13_current_tiled,T5,actuator_delay_step|t5_near_boundary_warmup,reveal_plus_4,all_72_specs;explicit_window_subset;task_family_T5,t5_near_boundary_warmup,t5_near_boundary_warmup,runs/m1674_controller_family_one_seed_public_pilot/configs/L2_window_13_current_tiled_seed167400.json,runs/m1674_controller_family_one_seed_public_pilot/profile_runs/L2_window_13_current_tiled/seed_167400/checkpoint.pt,13,169833,False,True,False,False,False,False,False,False,False,False,False,False,False
169834,checkpoint,78,True,False,0.38101765142746963,0.38101765142746963,1269.7553914087916,0.8756933733853736,0.8734004276991043,-0.09713166311890098,1.0550724075082252,0.9807670653271823,0.7895252361066555,1.042310593559672,1.0423105935596717,,False,True,aeb_feasible,False,False,14.132530064627355,1.6928507229433487,12.439679341684005,9.852832108976436,0.12631836037149277,2.241951341213866,5.047378049186641,0.5499847060421238,0.05961295227546608,0.0,7.448529358301364,0.0023811364080756903,1,nan,nan,78,2.241951341213866,0.5499847060421238,7.448529358301364,0.12631836037149277,0,nan,nan,nan,nan,0,nan,nan,nan,nan,m1680-spec-0044::L2_window_25,m1680-spec-0044,L2_window_25,T5,actuator_delay_step|t5_near_boundary_warmup,reveal_plus_4,all_72_specs;explicit_window_subset;task_family_T5,t5_near_boundary_warmup,t5_near_boundary_warmup,runs/m1674_controller_family_one_seed_public_pilot/configs/L2_window_25_seed167400.json,runs/m1674_controller_family_one_seed_public_pilot/profile_runs/L2_window_25/seed_167400/checkpoint.pt,25,169834,False,True,False,False,False,False,False,False,False,False,False,False,False
169835,checkpoint,63,True,False,0.778699047948874,0.778699047948874,1553.793862016354,1.0715819738043821,1.1461483923350544,-0.0728241323068406,0.7541919312119101,1.1499077969662945,1.141672205616189,0.9662516944460463,0.9662516944460462,,False,True,aeb_feasible,False,False,13.478350745497162,1.6008500684595859,11.877500677037576,21.71417757522988,0.3446694853211092,2.2898912321100693,5.1487606884818575,0.2927490776175349,0.0426614208596404,0.0,9.588943749290449,0.0035995033103972673,1,nan,nan,63,2.2898912321100693,0.2927490776175349,9.588943749290449,0.3446694853211092,0,nan,nan,nan,nan,0,nan,nan,nan,nan,m1680-spec-0044::L2_window_25_current_tiled,m1680-spec-0044,L2_window_25_current_tiled,T5,actuator_delay_step|t5_near_boundary_warmup,reveal_plus_4,all_72_specs;explicit_window_subset;task_family_T5,t5_near_boundary_warmup,t5_near_boundary_warmup,runs/m1674_controller_family_one_seed_public_pilot/configs/L2_window_25_current_tiled_seed167400.json,runs/m1674_controller_family_one_seed_public_pilot/profile_runs/L2_window_25_current_tiled/seed_167400/checkpoint.pt,25,169835,False,True,False,False,False,False,False,False,False,False,False,False,False
169836,checkpoint,55,True,False,0.8654516987765086,0.8654516987765086,1468.1277416325809,1.0125018907810903,1.1643466979651347,0.058169187605774164,0.7359073679056161,0.94194449863282,1.0700763457798923,1.2288399273433963,1.2288399273433965,,False,True,aeb_feasible,False,False,7.246012911696072,1.8130747250657167,5.432938186630356,9.12230668272252,0.16586012150404583,2.540951077703967,5.102987115581691,0.47934907723989356,0.03807803831615173,0.0,10.110298836413113,0.0029932514298707247,1,nan,nan,55,2.540951077703967,0.47934907723989356,10.110298836413113,0.16586012150404583,0,nan,nan,nan,nan,0,nan,nan,nan,nan,m1680-spec-0044::L2_window_50,m1680-spec-0044,L2_window_50,T5,actuator_delay_step|t5_near_boundary_warmup,reveal_plus_4,all_72_specs;explicit_window_subset;task_family_T5,t5_near_boundary_warmup,t5_near_boundary_warmup,runs/m1674_controller_family_one_seed_public_pilot/configs/L2_window_50_seed167400.json,runs/m1674_controller_family_one_seed_public_pilot/profile_runs/L2_window_50/seed_167400/checkpoint.pt,50,169836,False,True,False,False,False,False,False,False,False,False,False,False,False
169837,checkpoint,58,True,False,0.6941390626747317,0.6941390626747317,1672.3644777206264,1.1533548122211217,0.9348509289313652,-0.06847628652015936,0.7521838670375083,1.0269671589962845,1.0916363125839226,1.9057454712168274,1.9057454712168274,,False,True,aeb_feasible,False,False,13.214535121579972,1.9333664088954894,11.281168712684483,5.225782046260762,0.09009969045277176,2.4364400049049832,5.111704383140527,0.6084834526122345,0.03289182909317237,0.0,9.72460557183543,0.0033247109968215227,1,nan,nan,58,2.4364400049049832,0.6084834526122345,9.72460557183543,0.09009969045277176,0,nan,nan,nan,nan,0,nan,nan,nan,nan,m1680-spec-0044::L2_window_50_current_tiled,m1680-spec-0044,L2_window_50_current_tiled,T5,actuator_delay_step|t5_near_boundary_warmup,reveal_plus_4,all_72_specs;explicit_window_subset;task_family_T5,t5_near_boundary_warmup,t5_near_boundary_warmup,runs/m1674_controller_family_one_seed_public_pilot/configs/L2_window_50_current_tiled_seed167400.json,runs/m1674_controller_family_one_seed_public_pilot/profile_runs/L2_window_50_current_tiled/seed_167400/checkpoint.pt,50,169837,False,True,False,False,False,False,False,False,False,False,False,False,False
169838,checkpoint,82,False,True,0.5183266617932357,0.5183266617932357,1510.5842866080022,1.0417822666262084,0.8989149792505148,-0.040527152638281994,0.7922113030443143,0.8681181878970192,0.9490975863328096,1.6917776931149684,1.6917776931149684,,False,True,aeb_feasible,False,True,2.8467565888079323,2.1935453107721847,0.6532112780357475,64.98582464640343,0.7925100566634564,1.7211250675103058,3.7623858204846705,0.5712940934564308,0.06239841515512964,0.0,9.658658789267593,0.0013645780272781849,1,nan,nan,82,1.7211250675103058,0.5712940934564308,9.658658789267593,0.7925100566634564,0,nan,nan,nan,nan,0,nan,nan,nan,nan,m1680-spec-0044::L3_online_gru,m1680-spec-0044,L3_online_gru,T5,actuator_delay_step|t5_near_boundary_warmup,reveal_plus_4,all_72_specs;explicit_window_subset;task_family_T5,t5_near_boundary_warmup,t5_near_boundary_warmup,runs/m1674_controller_family_one_seed_public_pilot/configs/L3_online_gru_seed167400.json,runs/m1674_controller_family_one_seed_public_pilot/profile_runs/L3_online_gru/seed_167400/checkpoint.pt,1,169838,False,True,False,False,False,False,False,False,False,False,False,False,True
169839,checkpoint,76,True,False,0.6100765796141201,0.6100765796141201,1651.629071111598,1.139054531801102,1.0579705743753536,-0.07835975549402185,0.8693851229248122,0.9203520504328833,0.992673029127291,1.1099499225677765,1.1099499225677765,,False,True,aeb_feasible,False,False,5.008383426511352,2.007853300980169,3.0005301255311827,31.657096910858716,0.41654074882708836,2.4719799616946863,5.084554843660907,0.3821393094958974,0.052683474570137785,0.0,10.175318976855722,0.000848352734465152,1,nan,nan,76,2.4719799616946863,0.3821393094958974,10.175318976855722,0.41654074882708836,0,nan,nan,nan,nan,0,nan,nan,nan,nan,m1680-spec-0044::L3_reset_control_corrected,m1680-spec-0044,L3_reset_control_corrected,T5,actuator_delay_step|t5_near_boundary_warmup,reveal_plus_4,all_72_specs;explicit_window_subset;task_family_T5,t5_near_boundary_warmup,t5_near_boundary_warmup,runs/m1674_controller_family_one_seed_public_pilot/configs/L3_reset_control_corrected_seed167400.json,runs/m1674_controller_family_one_seed_public_pilot/profile_runs/L3_reset_control_corrected/seed_167400/checkpoint.pt,1,169839,False,True,False,False,False,False,False,False,False,False,False,False,False
169840,checkpoint,82,True,False,0.3445110498051851,0.3445110498051851,1442.5635689766434,0.9948714268804437,0.9201358405347808,0.02599254628787917,0.8584220123957352,0.7613337389428874,0.9499474546708779,1.6074955586068786,1.6074955586068784,,False,True,aeb_feasible,False,False,4.4746873994203105,2.057036167639977,2.4176512317803334,26.532826172938172,0.3235710508894899,2.531978417029682,5.043531375776002,0.39222408742188286,0.08443093700598477,0.0,7.65715367239605,0.0014664118643850088,1,nan,nan,82,2.531978417029682,0.39222408742188286,7.65715367239605,0.3235710508894899,0,nan,nan,nan,nan,0,nan,nan,nan,nan,m1680-spec-0045::L0_current_masked,m1680-spec-0045,L0_current_masked,T5,brake_fade_or_loss_proxy|late_reveal_boundary,mapping_window_unspecified,all_72_specs;mapping_window_unspecified;task_family_T5,brake_fade_or_loss_proxy,t5_near_boundary_warmup,runs/m1674_controller_family_one_seed_public_pilot/configs/L0_current_masked_seed167400.json,runs/m1674_controller_family_one_seed_public_pilot/profile_runs/L0_current_masked/seed_167400/checkpoint.pt,1,169840,False,True,False,False,False,False,False,False,False,False,False,False,False
169841,checkpoint,76,True,False,0.9833371603968257,0.9833371603968257,1624.912775277277,1.1206295001912254,0.8833993117742253,-0.08443626834433582,0.9004747658082871,0.6856609354122014,0.9952979414819041,1.7923784065351769,1.792378406535177,,False,True,aeb_feasible,False,False,2.187558526011562,1.6001548199551086,0.5874037060564534,32.08977008036746,0.4222338168469402,2.231843230550069,5.0580160268212815,0.44506858082937906,0.00591881866978472,0.0,10.674129852712573,0.0019052098505198956,1,nan,nan,76,2.231843230550069,0.44506858082937906,10.674129852712573,0.4222338168469402,0,nan,nan,nan,nan,0,nan,nan,nan,nan,m1680-spec-0045::L1_one_step,m1680-spec-0045,L1_one_step,T5,brake_fade_or_loss_proxy|late_reveal_boundary,mapping_window_unspecified,all_72_specs;mapping_window_unspecified;task_family_T5,brake_fade_or_loss_proxy,t5_near_boundary_warmup,runs/m1674_controller_family_one_seed_public_pilot/configs/L1_one_step_seed167400.json,runs/m1674_controller_family_one_seed_public_pilot/profile_runs/L1_one_step/seed_167400/checkpoint.pt,1,169841,False,True,False,False,False,False,False,False,False,False,False,False,False
169842,checkpoint,56,True,False,0.8040509866630725,0.8040509866630725,1530.2028664429902,1.0553123216848208,0.9042468295572792,-0.11704043559366872,0.8595041157741693,1.2628184829291844,0.8095833001374139,1.418946041081012,1.418946041081012,,False,True,aeb_feasible,False,False,6.8334545678244565,1.7495392708572166,5.083915296967239,0.22296188732296773,0.003981462273624424,2.3965586561359746,5.036832049238566,0.646868123347352,0.060565371021131145,0.0,10.46260969876476,0.003284480655565858,1,nan,nan,56,2.3965586561359746,0.646868123347352,10.46260969876476,0.003981462273624424,0,nan,nan,nan,nan,0,nan,nan,nan,nan,m1680-spec-0045::L2_window_100,m1680-spec-0045,L2_window_100,T5,brake_fade_or_loss_proxy|late_reveal_boundary,mapping_window_unspecified,all_72_specs;mapping_window_unspecified;task_family_T5,brake_fade_or_loss_proxy,t5_near_boundary_warmup,runs/m1674_controller_family_one_seed_public_pilot/configs/L2_window_100_seed167400.json,runs/m1674_controller_family_one_seed_public_pilot/profile_runs/L2_window_100/seed_167400/checkpoint.pt,100,169842,False,True,False,False,False,False,False,False,False,False,False,False,False
169843,checkpoint,77,True,False,0.33732084845754134,0.33732084845754134,1566.9968327423628,1.080687470856802,1.1437306812908745,-0.04321411414488474,0.8414144843867759,1.12853662880034,1.0609740002709884,1.8646546485024968,1.8646546485024968,,False,True,aeb_feasible,False,False,6.706382351631036,2.2187889223559627,4.487593429275073,13.478586420085051,0.17504657688422146,2.306570509784453,5.083228622195964,0.5886163588221872,0.047905825361542365,0.0,7.396113433051212,0.0026348561514168978,1,nan,nan,77,2.306570509784453,0.5886163588221872,7.396113433051212,0.17504657688422146,0,nan,nan,nan,nan,0,nan,nan,nan,nan,m1680-spec-0045::L2_window_100_current_tiled,m1680-spec-0045,L2_window_100_current_tiled,T5,brake_fade_or_loss_proxy|late_reveal_boundary,mapping_window_unspecified,all_72_specs;mapping_window_unspecified;task_family_T5,brake_fade_or_loss_proxy,t5_near_boundary_warmup,runs/m1674_controller_family_one_seed_public_pilot/configs/L2_window_100_current_tiled_seed167400.json,runs/m1674_controller_family_one_seed_public_pilot/profile_runs/L2_window_100_current_tiled/seed_167400/checkpoint.pt,100,169843,False,True,False,False,False,False,False,False,False,False,False,False,False
169844,checkpoint,70,True,False,0.3591763586289629,0.3591763586289629,1682.8682340925552,1.1605987821327968,1.188368654296251,-0.018012759189419025,1.0044118252203436,0.6923303608965695,0.7609132281771757,2.03627999662818,2.03627999662818,,False,True,aeb_feasible,False,False,19.241925811953475,1.9032311618912074,17.33869465006227,16.908776835240083,0.24155395478914404,2.4816470832113255,5.0946122141022805,0.37183913281936337,0.04679147936718132,0.0,7.562468118661735,0.0025869242381304502,1,nan,nan,70,2.4816470832113255,0.37183913281936337,7.562468118661735,0.24155395478914404,0,nan,nan,nan,nan,0,nan,nan,nan,nan,m1680-spec-0045::L2_window_13,m1680-spec-0045,L2_window_13,T5,brake_fade_or_loss_proxy|late_reveal_boundary,mapping_window_unspecified,all_72_specs;mapping_window_unspecified;task_family_T5,brake_fade_or_loss_proxy,t5_near_boundary_warmup,runs/m1674_controller_family_one_seed_public_pilot/configs/L2_window_13_seed167400.json,runs/m1674_controller_family_one_seed_public_pilot/profile_runs/L2_window_13/seed_167400/checkpoint.pt,13,169844,False,True,False,False,False,False,False,False,False,False,False,False,False
169845,checkpoint,67,True,False,0.400121480413535,0.400121480413535,1563.8665161723468,1.0785286318429979,0.9176062619613399,-0.1130241731094539,0.9582882433990362,0.8448006071497134,1.0592609621120062,1.0304598680709287,1.0304598680709287,,False,True,aeb_feasible,False,False,19.15504877291741,1.8337271381611149,17.321321634756295,19.58509940711124,0.29231491652404834,2.3070615651700495,5.009403604638209,0.5175292164738494,0.27040589942532445,0.0,8.35849126153747,0.0038318056613206863,1,nan,nan,67,2.3070615651700495,0.5175292164738494,8.35849126153747,0.29231491652404834,0,nan,nan,nan,nan,0,nan,nan,nan,nan,m1680-spec-0045::L2_window_13_current_tiled,m1680-spec-0045,L2_window_13_current_tiled,T5,brake_fade_or_loss_proxy|late_reveal_boundary,mapping_window_unspecified,all_72_specs;mapping_window_unspecified;task_family_T5,brake_fade_or_loss_proxy,t5_near_boundary_warmup,runs/m1674_controller_family_one_seed_public_pilot/configs/L2_window_13_current_tiled_seed167400.json,runs/m1674_controller_family_one_seed_public_pilot/profile_runs/L2_window_13_current_tiled/seed_167400/checkpoint.pt,13,169845,False,True,False,False,False,False,False,False,False,False,False,False,False
169846,checkpoint,59,True,False,0.6847239008954428,0.6847239008954428,1235.9050328449275,0.8523482985137432,1.1538986928067785,0.035258181888082385,1.156862845237382,0.9555917495629431,0.8797201376795736,1.9854277235917688,1.9854277235917688,,False,True,aeb_feasible,False,False,6.000938907486225,1.8165911117871274,4.184347795699098,4.159893428422125,0.0705066682783411,2.4180556828844995,5.1508125380764795,0.5990330961448143,0.04524710417571253,0.0,9.7278656007277,0.0029390843119472265,1,nan,nan,59,2.4180556828844995,0.5990330961448143,9.7278656007277,0.0705066682783411,0,nan,nan,nan,nan,0,nan,nan,nan,nan,m1680-spec-0045::L2_window_25,m1680-spec-0045,L2_window_25,T5,brake_fade_or_loss_proxy|late_reveal_boundary,mapping_window_unspecified,all_72_specs;mapping_window_unspecified;task_family_T5,brake_fade_or_loss_proxy,t5_near_boundary_warmup,runs/m1674_controller_family_one_seed_public_pilot/configs/L2_window_25_seed167400.json,runs/m1674_controller_family_one_seed_public_pilot/profile_runs/L2_window_25/seed_167400/checkpoint.pt,25,169846,False,True,False,False,False,False,False,False,False,False,False,False,False
169847,checkpoint,65,True,False,0.4680836795245714,0.4680836795245714,1737.213939291441,1.1980785788216834,1.0682878591694718,0.10575644644888449,0.7091925286277894,0.5200228591387097,0.8306365562015263,1.7555591195857503,1.7555591195857503,,False,True,aeb_feasible,False,False,13.75767664212852,2.034446509198989,11.72323013292953,14.008668297450686,0.21551797380693363,2.404510654224845,5.106574733334753,0.5401759300342773,0.043196483237644134,0.0,8.870215346724297,0.003380741458386183,1,nan,nan,65,2.404510654224845,0.5401759300342773,8.870215346724297,0.21551797380693363,0,nan,nan,nan,nan,0,nan,nan,nan,nan,m1680-spec-0045::L2_window_25_current_tiled,m1680-spec-0045,L2_window_25_current_tiled,T5,brake_fade_or_loss_proxy|late_reveal_boundary,mapping_window_unspecified,all_72_specs;mapping_window_unspecified;task_family_T5,brake_fade_or_loss_proxy,t5_near_boundary_warmup,runs/m1674_controller_family_one_seed_public_pilot/configs/L2_window_25_current_tiled_seed167400.json,runs/m1674_controller_family_one_seed_public_pilot/profile_runs/L2_window_25_current_tiled/seed_167400/checkpoint.pt,25,169847,False,True,False,False,False,False,False,False,False,False,False,False,False
169848,checkpoint,79,True,False,0.31544134446421096,0.31544134446421096,1431.5916252034453,0.9873045691058244,1.223232314448513,0.0013732199930407418,0.7784404230589452,0.821457544263871,0.8623725258572129,1.9612507493364117,1.9612507493364117,,False,True,aeb_feasible,False,False,17.51453611181379,1.8307434307583956,15.683792681055394,12.722673068308701,0.16104649453555317,2.2335446807860504,5.048745458493791,0.623902395610997,0.046002150415084,0.0,7.216081003777471,0.00240282597951591,1,nan,nan,79,2.2335446807860504,0.623902395610997,7.216081003777471,0.16104649453555317,0,nan,nan,nan,nan,0,nan,nan,nan,nan,m1680-spec-0045::L2_window_50,m1680-spec-0045,L2_window_50,T5,brake_fade_or_loss_proxy|late_reveal_boundary,mapping_window_unspecified,all_72_specs;mapping_window_unspecified;task_family_T5,brake_fade_or_loss_proxy,t5_near_boundary_warmup,runs/m1674_controller_family_one_seed_public_pilot/configs/L2_window_50_seed167400.json,runs/m1674_controller_family_one_seed_public_pilot/profile_runs/L2_window_50/seed_167400/checkpoint.pt,50,169848,False,True,False,False,False,False,False,False,False,False,False,False,False
169849,checkpoint,75,True,False,0.2845361929042009,0.2845361929042009,1583.02986744495,1.091744736168931,1.1073220658958698,-0.10509513437020845,0.97026486792964,0.9874680002773597,1.1481567324842334,1.4520186616464317,1.4520186616464317,,False,True,aeb_feasible,False,False,7.837961890916808,1.6806261008095555,6.157335790107252,15.355610531406988,0.20474147375209317,2.6536956677001315,5.103815159620108,0.47544685517086493,0.5491513389015701,0.14666666666666667,7.090473119467775,0.0033872127532958984,1,nan,nan,75,2.6536956677001315,0.47544685517086493,7.090473119467775,0.20474147375209317,0,nan,nan,nan,nan,0,nan,nan,nan,nan,m1680-spec-0045::L2_window_50_current_tiled,m1680-spec-0045,L2_window_50_current_tiled,T5,brake_fade_or_loss_proxy|late_reveal_boundary,mapping_window_unspecified,all_72_specs;mapping_window_unspecified;task_family_T5,brake_fade_or_loss_proxy,t5_near_boundary_warmup,runs/m1674_controller_family_one_seed_public_pilot/configs/L2_window_50_current_tiled_seed167400.json,runs/m1674_controller_family_one_seed_public_pilot/profile_runs/L2_window_50_current_tiled/seed_167400/checkpoint.pt,50,169849,False,True,False,False,False,False,False,False,False,False,False,False,False
169850,checkpoint,98,True,False,0.4191595683991098,0.4191595683991098,1584.4300326250998,1.092710367327655,0.9648320294479384,-0.11637863079570132,1.0112621525483267,0.897914482346105,0.850206832515693,1.899681855952594,1.899681855952594,,False,True,aeb_feasible,False,False,12.212834742317972,1.5560968003197821,10.65673794199819,41.419614321076004,0.42264912572526536,2.2321423157156617,5.097908201313167,0.5455244283355546,0.021135431460606646,0.0,8.68523376336141,0.0012071466771885753,1,nan,nan,98,2.2321423157156617,0.5455244283355546,8.68523376336141,0.42264912572526536,0,nan,nan,nan,nan,0,nan,nan,nan,nan,m1680-spec-0045::L3_online_gru,m1680-spec-0045,L3_online_gru,T5,brake_fade_or_loss_proxy|late_reveal_boundary,mapping_window_unspecified,all_72_specs;mapping_window_unspecified;task_family_T5,brake_fade_or_loss_proxy,t5_near_boundary_warmup,runs/m1674_controller_family_one_seed_public_pilot/configs/L3_online_gru_seed167400.json,runs/m1674_controller_family_one_seed_public_pilot/profile_runs/L3_online_gru/seed_167400/checkpoint.pt,1,169850,False,True,False,False,False,False,False,False,False,False,False,False,False
169851,checkpoint,66,True,False,0.9521786692338562,0.9521786692338562,1501.894897506168,1.0357895844870124,1.0746274314661581,-0.061481212496880655,0.9531736809057072,1.1055702788422768,0.8268941532137705,1.7702553375755932,1.7702553375755932,,False,True,aeb_feasible,True,False,2.173106062158685,2.2148281814261734,-0.04172211926748837,35.24729038560338,0.5340498543273239,1.0683083779722629,2.5063657392979017,0.3990483632502188,0.012867522567473047,0.0,9.600370673354385,0.0010185363935306668,1,nan,nan,66,1.0683083779722629,0.3990483632502188,9.600370673354385,0.5340498543273239,0,nan,nan,nan,nan,0,nan,nan,nan,nan,m1680-spec-0045::L3_reset_control_corrected,m1680-spec-0045,L3_reset_control_corrected,T5,brake_fade_or_loss_proxy|late_reveal_boundary,mapping_window_unspecified,all_72_specs;mapping_window_unspecified;task_family_T5,brake_fade_or_loss_proxy,t5_near_boundary_warmup,runs/m1674_controller_family_one_seed_public_pilot/configs/L3_reset_control_corrected_seed167400.json,runs/m1674_controller_family_one_seed_public_pilot/profile_runs/L3_reset_control_corrected/seed_167400/checkpoint.pt,1,169851,False,True,False,False,False,False,False,False,False,False,False,False,False
169852,checkpoint,91,True,False,0.337557038903275,0.337557038903275,1363.4429571962967,0.940305487721584,1.1690673790848625,0.10623641662612338,1.1108354779709027,1.2031232504867457,0.8487697839993382,1.790666904067932,1.7906669040679322,,False,True,aeb_feasible,True,False,1.559946115049619,1.571044783945671,-0.011098668896051933,46.76702481730423,0.5139233496407059,1.2307713240827125,2.6260721296030454,0.34191205167442407,0.04443660964626374,0.0,6.419931557932687,0.0011408922728151083,1,nan,nan,91,1.2307713240827125,0.34191205167442407,6.419931557932687,0.5139233496407059,0,nan,nan,nan,nan,0,nan,nan,nan,nan,m1680-spec-0046::L0_current_masked,m1680-spec-0046,L0_current_masked,T5,capability_step_down|t5_near_boundary_warmup,decision_minus_24,all_72_specs;explicit_window_subset;task_family_T5,t5_near_boundary_warmup,t5_near_boundary_warmup,runs/m1674_controller_family_one_seed_public_pilot/configs/L0_current_masked_seed167400.json,runs/m1674_controller_family_one_seed_public_pilot/profile_runs/L0_current_masked/seed_167400/checkpoint.pt,1,169852,False,True,False,False,False,False,False,False,False,False,False,False,False
169853,checkpoint,76,True,False,0.3449759180034387,0.3449759180034387,1236.140514488878,0.852510699647502,1.0894063013834883,0.08258409849541137,1.0759372810423573,1.157285845105135,1.1186526290300864,1.5025998028906895,1.5025998028906895,,False,True,aeb_feasible,True,False,2.1639730334073026,2.184229847700557,-0.020256814293254433,35.74605474105897,0.4703428255402496,1.2673850715610204,2.658144864482349,0.4748585899002493,0.05009659493900082,0.0,7.233202084519071,0.0015254917088896036,1,nan,nan,76,1.2673850715610204,0.4748585899002493,7.233202084519071,0.4703428255402496,0,nan,nan,nan,nan,0,nan,nan,nan,nan,m1680-spec-0046::L1_one_step,m1680-spec-0046,L1_one_step,T5,capability_step_down|t5_near_boundary_warmup,decision_minus_24,all_72_specs;explicit_window_subset;task_family_T5,t5_near_boundary_warmup,t5_near_boundary_warmup,runs/m1674_controller_family_one_seed_public_pilot/configs/L1_one_step_seed167400.json,runs/m1674_controller_family_one_seed_public_pilot/profile_runs/L1_one_step/seed_167400/checkpoint.pt,1,169853,False,True,False,False,False,False,False,False,False,False,False,False,False
169854,checkpoint,80,True,False,0.3531054780493257,0.3531054780493257,1601.8983967517463,1.1047575150012043,0.8929796440063325,0.047485353103098316,0.9572314272517775,1.004007798978207,0.8292040236684637,1.9022439107672144,1.9022439107672144,,False,True,aeb_feasible,False,False,3.4306070133777644,1.7650052461905146,1.6656017671872498,5.0505479971279055,0.06313184996409882,2.2614148022965246,5.04510522159886,0.6371462289549701,0.05707082644006092,0.0,7.224200215962428,0.0022790348157286644,1,nan,nan,80,2.2614148022965246,0.6371462289549701,7.224200215962428,0.06313184996409882,0,nan,nan,nan,nan,0,nan,nan,nan,nan,m1680-spec-0046::L2_window_100,m1680-spec-0046,L2_window_100,T5,capability_step_down|t5_near_boundary_warmup,decision_minus_24,all_72_specs;explicit_window_subset;task_family_T5,t5_near_boundary_warmup,t5_near_boundary_warmup,runs/m1674_controller_family_one_seed_public_pilot/configs/L2_window_100_seed167400.json,runs/m1674_controller_family_one_seed_public_pilot/profile_runs/L2_window_100/seed_167400/checkpoint.pt,100,169854,False,True,False,False,False,False,False,False,False,False,False,False,False
169855,checkpoint,57,True,False,0.8882930743053329,0.8882930743053329,1594.627628780212,1.0997431922622152,1.1522741064818622,-0.06511330181936636,1.1349599336060687,1.1397850004595587,0.8388655681460848,1.4034005814005817,1.4034005814005817,,False,True,aeb_feasible,False,False,2.7987112997979002,1.5994706156660408,1.1992406841318595,0.6091296984736907,0.010686485938134925,2.3622315925162747,5.161555038738673,0.6194361561885379,0.041562920205659826,0.0,10.27906289016387,0.0038127084262669086,1,nan,nan,57,2.3622315925162747,0.6194361561885379,10.27906289016387,0.010686485938134925,0,nan,nan,nan,nan,0,nan,nan,nan,nan,m1680-spec-0046::L2_window_100_current_tiled,m1680-spec-0046,L2_window_100_current_tiled,T5,capability_step_down|t5_near_boundary_warmup,decision_minus_24,all_72_specs;explicit_window_subset;task_family_T5,t5_near_boundary_warmup,t5_near_boundary_warmup,runs/m1674_controller_family_one_seed_public_pilot/configs/L2_window_100_current_tiled_seed167400.json,runs/m1674_controller_family_one_seed_public_pilot/profile_runs/L2_window_100_current_tiled/seed_167400/checkpoint.pt,100,169855,False,True,False,False,False,False,False,False,False,False,False,False,False
169856,checkpoint,51,True,False,0.9709413413069699,0.9709413413069699,1363.7581734616847,0.9405228782494377,1.0709722899313698,0.11452249152396643,1.1699289224194336,0.8819203664612347,1.0872641028136512,1.1246171473767523,1.1246171473767523,,False,True,aeb_feasible,False,False,9.014257773673645,1.6445907748691249,7.3696669988045205,8.939341917562503,0.175281214069853,2.3035036104557225,5.193974753746769,0.5405421003825255,0.046252599935759,0.0,11.926972165010739,0.0036563905887305737,1,nan,nan,51,2.3035036104557225,0.5405421003825255,11.926972165010739,0.175281214069853,0,nan,nan,nan,nan,0,nan,nan,nan,nan,m1680-spec-0046::L2_window_13,m1680-spec-0046,L2_window_13,T5,capability_step_down|t5_near_boundary_warmup,decision_minus_24,all_72_specs;explicit_window_subset;task_family_T5,t5_near_boundary_warmup,t5_near_boundary_warmup,runs/m1674_controller_family_one_seed_public_pilot/configs/L2_window_13_seed167400.json,runs/m1674_controller_family_one_seed_public_pilot/profile_runs/L2_window_13/seed_167400/checkpoint.pt,13,169856,False,True,False,False,False,False,False,False,False,False,False,False,False
169857,checkpoint,55,True,False,0.8743889372226361,0.8743889372226361,1462.2268441608628,1.0084323063178364,0.9690230220350261,0.02745264198301478,1.1330477082845913,0.6777824170579174,1.086966774162048,2.112769116728278,2.112769116728278,,False,True,aeb_feasible,False,False,2.7142098194361575,2.1531367006400237,0.5610731187961338,17.039591083747695,0.3098107469772308,2.2968645125404694,5.098259327157461,0.41984447516663176,0.037520473641449156,0.0,10.36776890533283,0.0035225856117904186,1,nan,nan,55,2.2968645125404694,0.41984447516663176,10.36776890533283,0.3098107469772308,0,nan,nan,nan,nan,0,nan,nan,nan,nan,m1680-spec-0046::L2_window_13_current_tiled,m1680-spec-0046,L2_window_13_current_tiled,T5,capability_step_down|t5_near_boundary_warmup,decision_minus_24,all_72_specs;explicit_window_subset;task_family_T5,t5_near_boundary_warmup,t5_near_boundary_warmup,runs/m1674_controller_family_one_seed_public_pilot/configs/L2_window_13_current_tiled_seed167400.json,runs/m1674_controller_family_one_seed_public_pilot/profile_runs/L2_window_13_current_tiled/seed_167400/checkpoint.pt,13,169857,False,True,False,False,False,False,False,False,False,False,False,False,False
169858,checkpoint,51,True,False,1.0043844292067305,1.0043844292067305,1252.4554489020231,0.8637623785531194,0.9657534463876899,0.10901815973555173,0.7014619937649729,0.9965809632024173,0.9471994957482894,1.7090204590863909,1.7090204590863907,,False,True,aeb_feasible,False,False,10.851198514449344,1.798755952107066,9.052442562342279,8.245095007504093,0.16166852955890376,2.3209972594031267,5.079409420421083,0.5423394233141231,0.05554800104357113,0.0,12.17302482740994,0.0034596342593431473,1,nan,nan,51,2.3209972594031267,0.5423394233141231,12.17302482740994,0.16166852955890376,0,nan,nan,nan,nan,0,nan,nan,nan,nan,m1680-spec-0046::L2_window_25,m1680-spec-0046,L2_window_25,T5,capability_step_down|t5_near_boundary_warmup,decision_minus_24,all_72_specs;explicit_window_subset;task_family_T5,t5_near_boundary_warmup,t5_near_boundary_warmup,runs/m1674_controller_family_one_seed_public_pilot/configs/L2_window_25_seed167400.json,runs/m1674_controller_family_one_seed_public_pilot/profile_runs/L2_window_25/seed_167400/checkpoint.pt,25,169858,False,True,False,False,False,False,False,False,False,False,False,False,False
169859,checkpoint,69,True,False,0.4154127899200822,0.4154127899200822,1487.3767765810387,1.025777087297268,0.9970868524284546,-0.001466132469736925,1.1553660361084759,1.1091475435777436,0.8207190224188481,1.3505829827597426,1.3505829827597426,,False,True,aeb_feasible,False,False,3.067521074042804,1.8433229385843133,1.2241981354584908,10.479529278183453,0.1518772359157022,2.471559568254747,5.112383014772938,0.3693902825158061,0.053601388428215026,0.0,7.72230767309424,0.0031044483184814453,1,nan,nan,69,2.471559568254747,0.3693902825158061,7.72230767309424,0.1518772359157022,0,nan,nan,nan,nan,0,nan,nan,nan,nan,m1680-spec-0046::L2_window_25_current_tiled,m1680-spec-0046,L2_window_25_current_tiled,T5,capability_step_down|t5_near_boundary_warmup,decision_minus_24,all_72_specs;explicit_window_subset;task_family_T5,t5_near_boundary_warmup,t5_near_boundary_warmup,runs/m1674_controller_family_one_seed_public_pilot/configs/L2_window_25_current_tiled_seed167400.json,runs/m1674_controller_family_one_seed_public_pilot/profile_runs/L2_window_25_current_tiled/seed_167400/checkpoint.pt,25,169859,False,True,False,False,False,False,False,False,False,False,False,False,False
169860,checkpoint,69,True,False,0.419784691554308,0.419784691554308,1516.5678413647133,1.0459088561135954,0.9919146573947414,-0.09423207688519053,1.0514080755219664,0.8071843111711351,0.8998189006816546,1.1674967337471103,1.1674967337471105,,False,True,aeb_feasible,False,False,17.146662398591708,2.043321146251226,15.103341252340481,9.672937863341488,0.14018750526581866,2.237713038409023,5.029246456637647,0.656236027404052,0.05066848083521458,0.0,8.30099692952043,0.0028411915991455317,1,nan,nan,69,2.237713038409023,0.656236027404052,8.30099692952043,0.14018750526581866,0,nan,nan,nan,nan,0,nan,nan,nan,nan,m1680-spec-0046::L2_window_50,m1680-spec-0046,L2_window_50,T5,capability_step_down|t5_near_boundary_warmup,decision_minus_24,all_72_specs;explicit_window_subset;task_family_T5,t5_near_boundary_warmup,t5_near_boundary_warmup,runs/m1674_controller_family_one_seed_public_pilot/configs/L2_window_50_seed167400.json,runs/m1674_controller_family_one_seed_public_pilot/profile_runs/L2_window_50/seed_167400/checkpoint.pt,50,169860,False,True,False,False,False,False,False,False,False,False,False,False,False
169861,checkpoint,70,True,False,0.3935249238436771,0.3935249238436771,1543.239849905327,1.0643033447622945,1.0866201989737756,0.05036253140100988,1.1016847340951479,0.7732696872503877,1.0142424621837187,1.614985862730056,1.6149858627300557,,False,True,aeb_feasible,False,False,3.4914648772806287,1.782580098165574,1.7088847791150548,25.33643825872398,0.36194911798177115,2.260105307608416,5.079565720518001,0.4277300728632712,0.15520508039302733,0.0,8.315517609398006,0.0031391512602567673,1,nan,nan,70,2.260105307608416,0.4277300728632712,8.315517609398006,0.36194911798177115,0,nan,nan,nan,nan,0,nan,nan,nan,nan,m1680-spec-0046::L2_window_50_current_tiled,m1680-spec-0046,L2_window_50_current_tiled,T5,capability_step_down|t5_near_boundary_warmup,decision_minus_24,all_72_specs;explicit_window_subset;task_family_T5,t5_near_boundary_warmup,t5_near_boundary_warmup,runs/m1674_controller_family_one_seed_public_pilot/configs/L2_window_50_current_tiled_seed167400.json,runs/m1674_controller_family_one_seed_public_pilot/profile_runs/L2_window_50_current_tiled/seed_167400/checkpoint.pt,50,169861,False,True,False,False,False,False,False,False,False,False,False,False,False
169862,checkpoint,96,False,True,0.3630532212020582,0.3630532212020582,1503.2966630736598,1.0367563193611447,1.0741068422146023,-0.06514222682980053,0.9624671697321228,0.9587453984057379,0.8598136067842101,1.0528958937714952,1.0528958937714952,,False,True,aeb_feasible,False,True,3.833359191865673,1.6398658550788934,2.1934933367867795,97.07347285333054,1.01118200888886,1.2395431506939483,2.8922586675989628,0.46288077144990497,0.04135161947948641,0.0,8.093700591350364,0.0011052453191950917,1,nan,nan,96,1.2395431506939483,0.46288077144990497,8.093700591350364,1.01118200888886,0,nan,nan,nan,nan,0,nan,nan,nan,nan,m1680-spec-0046::L3_online_gru,m1680-spec-0046,L3_online_gru,T5,capability_step_down|t5_near_boundary_warmup,decision_minus_24,all_72_specs;explicit_window_subset;task_family_T5,t5_near_boundary_warmup,t5_near_boundary_warmup,runs/m1674_controller_family_one_seed_public_pilot/configs/L3_online_gru_seed167400.json,runs/m1674_controller_family_one_seed_public_pilot/profile_runs/L3_online_gru/seed_167400/checkpoint.pt,1,169862,False,True,False,False,False,False,False,False,False,False,False,False,True
169863,checkpoint,126,False,True,0.30505664276034994,0.30505664276034994,1538.8159271907714,1.0612523635798423,1.0720237900553944,-0.06490561450661914,1.2188979351380542,0.9035734147233032,1.0666294993361292,2.1936345850522736,2.1936345850522736,,False,True,aeb_feasible,False,True,6.880179355870188,2.0122826020530145,4.867896753817173,112.00787996770843,0.8889514283151463,1.8013471829735244,3.9565660591657164,0.47178287611689007,1.5707961932209147,0.4523809523809524,7.648796056681811,0.0008345091482624412,1,nan,nan,126,1.8013471829735244,0.47178287611689007,7.648796056681811,0.8889514283151463,0,nan,nan,nan,nan,0,nan,nan,nan,nan,m1680-spec-0046::L3_reset_control_corrected,m1680-spec-0046,L3_reset_control_corrected,T5,capability_step_down|t5_near_boundary_warmup,decision_minus_24,all_72_specs;explicit_window_subset;task_family_T5,t5_near_boundary_warmup,t5_near_boundary_warmup,runs/m1674_controller_family_one_seed_public_pilot/configs/L3_reset_control_corrected_seed167400.json,runs/m1674_controller_family_one_seed_public_pilot/profile_runs/L3_reset_control_corrected/seed_167400/checkpoint.pt,1,169863,False,True,False,False,False,False,False,False,False,False,False,False,True
169864,checkpoint,90,True,False,0.6764154687288859,0.6764154687288859,1695.4165298071964,1.1692527791773768,1.057716929610852,0.010594597649814075,0.9900610776715685,1.1849977822993605,0.7551958938908442,1.8070298154066748,1.8070298154066746,,False,True,aeb_feasible,False,False,17.40783113256346,1.6256879294957776,15.782143203067681,9.523445047025438,0.10581605607806042,2.4115545192448473,5.0036443555128045,0.5948918360650898,0.04933697461469011,0.0,8.550415828978588,0.0014256318099796772,1,nan,nan,90,2.4115545192448473,0.5948918360650898,8.550415828978588,0.10581605607806042,0,nan,nan,nan,nan,0,nan,nan,nan,nan,m1680-spec-0047::L0_current_masked,m1680-spec-0047,L0_current_masked,T5,curved_boundary_obstacle|drive_loss_proxy,mapping_window_unspecified,all_72_specs;mapping_window_unspecified;task_family_T5,curved_boundary_obstacle,t5_boundary_axis_retarget,runs/m1674_controller_family_one_seed_public_pilot/configs/L0_current_masked_seed167400.json,runs/m1674_controller_family_one_seed_public_pilot/profile_runs/L0_current_masked/seed_167400/checkpoint.pt,1,169864,False,True,False,False,False,False,False,False,False,False,False,False,False
169865,checkpoint,85,True,False,0.614308861627006,0.614308861627006,1371.3936740304096,0.9457887407106272,1.0299465165158979,0.09345582965559585,0.522184243976723,0.6962739978232165,0.7204025204666753,2.555516713370954,2.555516713370954,,False,True,aeb_feasible,False,False,15.769750628240887,2.2940664705970133,13.475684157643874,20.100830289934848,0.23648035635217468,2.209620141737269,5.044612173293753,0.6212553390304962,0.01773835265486521,0.0,9.53378286972078,0.0016487406101077795,1,nan,nan,85,2.209620141737269,0.6212553390304962,9.53378286972078,0.23648035635217468,0,nan,nan,nan,nan,0,nan,nan,nan,nan,m1680-spec-0047::L1_one_step,m1680-spec-0047,L1_one_step,T5,curved_boundary_obstacle|drive_loss_proxy,mapping_window_unspecified,all_72_specs;mapping_window_unspecified;task_family_T5,curved_boundary_obstacle,t5_boundary_axis_retarget,runs/m1674_controller_family_one_seed_public_pilot/configs/L1_one_step_seed167400.json,runs/m1674_controller_family_one_seed_public_pilot/profile_runs/L1_one_step/seed_167400/checkpoint.pt,1,169865,False,True,False,False,False,False,False,False,False,False,False,False,False
169866,checkpoint,59,True,False,1.0089257872094088,1.0089257872094088,1612.8936165348,1.1123404251964137,1.1412411020603817,0.04712652799881201,0.7758555531623479,0.6366019826904541,0.9782604753859526,1.958694673079959,1.9586946730799593,,False,True,aeb_feasible,False,False,12.609118044140782,2.1249448566480313,10.48417318749275,21.4855220985349,0.3641613915005915,2.1910925229619425,5.018466783537075,0.4039536201281267,0.06006446515894107,0.0,10.628190338431889,0.0030362128745764494,1,nan,nan,59,2.1910925229619425,0.4039536201281267,10.628190338431889,0.3641613915005915,0,nan,nan,nan,nan,0,nan,nan,nan,nan,m1680-spec-0047::L2_window_100,m1680-spec-0047,L2_window_100,T5,curved_boundary_obstacle|drive_loss_proxy,mapping_window_unspecified,all_72_specs;mapping_window_unspecified;task_family_T5,curved_boundary_obstacle,t5_boundary_axis_retarget,runs/m1674_controller_family_one_seed_public_pilot/configs/L2_window_100_seed167400.json,runs/m1674_controller_family_one_seed_public_pilot/profile_runs/L2_window_100/seed_167400/checkpoint.pt,100,169866,False,True,False,False,False,False,False,False,False,False,False,False,False
169867,checkpoint,66,True,False,1.0117873143141507,1.0117873143141507,1727.5128397291967,1.1913881653304805,1.0119660766944811,-0.024961739441890618,0.555201629433169,1.0190292006504744,0.7499749198560405,1.4583246349800736,1.4583246349800736,,False,True,aeb_feasible,False,False,3.631426959172825,1.9597884029667263,1.6716385562060987,-0.4768827949648564,-0.007225496893406916,2.403296497387941,5.11130377408649,0.6511052242046897,0.07305684857849598,0.0,8.895935098285523,0.002944736508652568,1,nan,nan,66,2.403296497387941,0.6511052242046897,8.895935098285523,-0.007225496893406916,0,nan,nan,nan,nan,0,nan,nan,nan,nan,m1680-spec-0047::L2_window_100_current_tiled,m1680-spec-0047,L2_window_100_current_tiled,T5,curved_boundary_obstacle|drive_loss_proxy,mapping_window_unspecified,all_72_specs;mapping_window_unspecified;task_family_T5,curved_boundary_obstacle,t5_boundary_axis_retarget,runs/m1674_controller_family_one_seed_public_pilot/configs/L2_window_100_current_tiled_seed167400.json,runs/m1674_controller_family_one_seed_public_pilot/profile_runs/L2_window_100_current_tiled/seed_167400/checkpoint.pt,100,169867,False,True,False,False,False,False,False,False,False,False,False,False,False
169868,checkpoint,53,True,False,0.8320946676906478,0.8320946676906478,1539.2592447675493,1.0615580998396892,1.1875623843413325,0.10940135958516128,0.6339325570616723,1.078721003593126,0.8534951187422373,1.5620881254610302,1.5620881254610302,,False,True,aeb_feasible,False,False,4.38671765336336,2.2794920916062367,2.107225561757123,5.7116750822100055,0.10776745438132086,2.5557536369440346,5.1177797494973305,0.4124910410746632,0.04543908782290712,0.0,10.409841420451295,0.002759531605988741,1,nan,nan,53,2.5557536369440346,0.4124910410746632,10.409841420451295,0.10776745438132086,0,nan,nan,nan,nan,0,nan,nan,nan,nan,m1680-spec-0047::L2_window_13,m1680-spec-0047,L2_window_13,T5,curved_boundary_obstacle|drive_loss_proxy,mapping_window_unspecified,all_72_specs;mapping_window_unspecified;task_family_T5,curved_boundary_obstacle,t5_boundary_axis_retarget,runs/m1674_controller_family_one_seed_public_pilot/configs/L2_window_13_seed167400.json,runs/m1674_controller_family_one_seed_public_pilot/profile_runs/L2_window_13/seed_167400/checkpoint.pt,13,169868,False,True,False,False,False,False,False,False,False,False,False,False,False
169869,checkpoint,52,True,False,0.868575189362653,0.868575189362653,1271.1368782511938,0.8766461229318578,1.1630278962212894,0.11712915652192524,1.2832765553137855,1.211414844097921,1.049470597429134,1.2227042431388913,1.2227042431388913,,False,True,aeb_feasible,False,False,13.556216873194105,1.6112715171000418,11.944945356094063,14.043203758409586,0.2700616107386459,2.3407008569808854,5.094037250937223,0.32715494005060386,0.04223237100840513,0.0,11.361598447001676,0.003946115728467703,1,nan,nan,52,2.3407008569808854,0.32715494005060386,11.361598447001676,0.2700616107386459,0,nan,nan,nan,nan,0,nan,nan,nan,nan,m1680-spec-0047::L2_window_13_current_tiled,m1680-spec-0047,L2_window_13_current_tiled,T5,curved_boundary_obstacle|drive_loss_proxy,mapping_window_unspecified,all_72_specs;mapping_window_unspecified;task_family_T5,curved_boundary_obstacle,t5_boundary_axis_retarget,runs/m1674_controller_family_one_seed_public_pilot/configs/L2_window_13_current_tiled_seed167400.json,runs/m1674_controller_family_one_seed_public_pilot/profile_runs/L2_window_13_current_tiled/seed_167400/checkpoint.pt,13,169869,False,True,False,False,False,False,False,False,False,False,False,False,False
169870,checkpoint,57,True,False,0.8169687997348407,0.8169687997348407,1602.8257944051575,1.1053970995897637,1.1523503393532608,-0.10543826742296014,1.2698854463505214,0.902121856948186,1.2321360419971854,1.4425565607794781,1.4425565607794781,,False,True,aeb_feasible,False,False,7.438050824639939,1.7340554284389982,5.703995396200941,18.769582239929473,0.32929091648999076,2.3032492171797707,5.1399352537204415,0.3834999225555431,0.044965310085331126,0.0,10.254947242109619,0.0029712128452956676,1,nan,nan,57,2.3032492171797707,0.3834999225555431,10.254947242109619,0.32929091648999076,0,nan,nan,nan,nan,0,nan,nan,nan,nan,m1680-spec-0047::L2_window_25,m1680-spec-0047,L2_window_25,T5,curved_boundary_obstacle|drive_loss_proxy,mapping_window_unspecified,all_72_specs;mapping_window_unspecified;task_family_T5,curved_boundary_obstacle,t5_boundary_axis_retarget,runs/m1674_controller_family_one_seed_public_pilot/configs/L2_window_25_seed167400.json,runs/m1674_controller_family_one_seed_public_pilot/profile_runs/L2_window_25/seed_167400/checkpoint.pt,25,169870,False,True,False,False,False,False,False,False,False,False,False,False,False
169871,checkpoint,62,True,False,0.7125667773455444,0.7125667773455444,1476.3773533946282,1.0181912782031919,0.965289590129896,-0.0796067344641358,1.386549963400605,0.6806606171600929,0.917381439192897,1.6302460646512889,1.6302460646512889,,False,True,aeb_feasible,False,False,4.837059743307099,1.8992410597736757,2.9378186835334237,17.834550977903884,0.2876540480307078,2.2659929828067287,5.143709762226333,0.4959668495733622,0.058915049877857076,0.0,9.79887957590183,0.0033374710474163294,1,nan,nan,62,2.2659929828067287,0.4959668495733622,9.79887957590183,0.2876540480307078,0,nan,nan,nan,nan,0,nan,nan,nan,nan,m1680-spec-0047::L2_window_25_current_tiled,m1680-spec-0047,L2_window_25_current_tiled,T5,curved_boundary_obstacle|drive_loss_proxy,mapping_window_unspecified,all_72_specs;mapping_window_unspecified;task_family_T5,curved_boundary_obstacle,t5_boundary_axis_retarget,runs/m1674_controller_family_one_seed_public_pilot/configs/L2_window_25_current_tiled_seed167400.json,runs/m1674_controller_family_one_seed_public_pilot/profile_runs/L2_window_25_current_tiled/seed_167400/checkpoint.pt,25,169871,False,True,False,False,False,False,False,False,False,False,False,False,False
169872,checkpoint,55,True,False,1.0325541536440013,1.0325541536440013,1688.5646255750319,1.1645273279827806,0.9031558726647656,-0.07149351406108262,0.7644585608050665,1.2211789928829866,1.2164039843755008,1.726632802108296,1.726632802108296,,False,True,aeb_feasible,False,False,8.089275323708746,1.6418764342494208,6.4473988894593255,4.988999572499271,0.09070908313635039,2.4632053130315246,5.092447608622084,0.5500258789307936,0.056654809536699685,0.0,10.009582190940733,0.0028406952042132616,1,nan,nan,55,2.4632053130315246,0.5500258789307936,10.009582190940733,0.09070908313635039,0,nan,nan,nan,nan,0,nan,nan,nan,nan,m1680-spec-0047::L2_window_50,m1680-spec-0047,L2_window_50,T5,curved_boundary_obstacle|drive_loss_proxy,mapping_window_unspecified,all_72_specs;mapping_window_unspecified;task_family_T5,curved_boundary_obstacle,t5_boundary_axis_retarget,runs/m1674_controller_family_one_seed_public_pilot/configs/L2_window_50_seed167400.json,runs/m1674_controller_family_one_seed_public_pilot/profile_runs/L2_window_50/seed_167400/checkpoint.pt,50,169872,False,True,False,False,False,False,False,False,False,False,False,False,False
169873,checkpoint,61,True,False,0.5021845853980824,0.5021845853980824,1580.888628218857,1.0902680194612808,0.948450853038329,0.08798466581332165,1.050043047193685,0.7464570604501055,1.24984699345316,1.1994969888654659,1.1994969888654659,,False,True,aeb_feasible,False,False,12.942151067376193,2.0015330084012417,10.940618058974952,28.968522094664134,0.4748938048305596,2.296105632328805,5.095891930840562,0.249768759078713,0.3526744775617864,0.01639344262295082,9.596133979179092,0.0038700506556779146,1,nan,nan,61,2.296105632328805,0.249768759078713,9.596133979179092,0.4748938048305596,0,nan,nan,nan,nan,0,nan,nan,nan,nan,m1680-spec-0047::L2_window_50_current_tiled,m1680-spec-0047,L2_window_50_current_tiled,T5,curved_boundary_obstacle|drive_loss_proxy,mapping_window_unspecified,all_72_specs;mapping_window_unspecified;task_family_T5,curved_boundary_obstacle,t5_boundary_axis_retarget,runs/m1674_controller_family_one_seed_public_pilot/configs/L2_window_50_current_tiled_seed167400.json,runs/m1674_controller_family_one_seed_public_pilot/profile_runs/L2_window_50_current_tiled/seed_167400/checkpoint.pt,50,169873,False,True,False,False,False,False,False,False,False,False,False,False,False
169874,checkpoint,87,True,False,0.6449799699233512,0.6449799699233512,1399.036579816433,0.9648528136665055,1.0581735889806316,0.099490739591928,1.143612452517727,0.9527520127291876,0.9002639345499734,0.8907694136313274,0.8907694136313273,,False,True,aeb_feasible,False,False,8.384812892511944,1.6622438155808885,6.722569076931055,47.42971735560473,0.5451691650069509,2.2452219069043275,5.1063013388774365,0.35065759687954606,0.043833721999138944,0.0,10.362110531025008,0.0012481475714594126,1,nan,nan,87,2.2452219069043275,0.35065759687954606,10.362110531025008,0.5451691650069509,0,nan,nan,nan,nan,0,nan,nan,nan,nan,m1680-spec-0047::L3_online_gru,m1680-spec-0047,L3_online_gru,T5,curved_boundary_obstacle|drive_loss_proxy,mapping_window_unspecified,all_72_specs;mapping_window_unspecified;task_family_T5,curved_boundary_obstacle,t5_boundary_axis_retarget,runs/m1674_controller_family_one_seed_public_pilot/configs/L3_online_gru_seed167400.json,runs/m1674_controller_family_one_seed_public_pilot/profile_runs/L3_online_gru/seed_167400/checkpoint.pt,1,169874,False,True,False,False,False,False,False,False,False,False,False,False,False
169875,checkpoint,96,True,False,0.5309503641220626,0.5309503641220626,1319.646741072162,0.9101012007394221,1.0243482947537548,0.010153504784033096,1.3016966963168803,1.2033780842565713,0.9262408805280296,1.6455066194304155,1.6455066194304158,,False,True,aeb_feasible,False,False,14.597026691386537,1.8750794883266275,12.721947203059909,43.77648700870881,0.45600507300738347,2.312869464753635,5.079601584933787,0.378144095263892,0.01727116981307795,0.0,9.333583287583878,0.000740548362955451,1,nan,nan,96,2.312869464753635,0.378144095263892,9.333583287583878,0.45600507300738347,0,nan,nan,nan,nan,0,nan,nan,nan,nan,m1680-spec-0047::L3_reset_control_corrected,m1680-spec-0047,L3_reset_control_corrected,T5,curved_boundary_obstacle|drive_loss_proxy,mapping_window_unspecified,all_72_specs;mapping_window_unspecified;task_family_T5,curved_boundary_obstacle,t5_boundary_axis_retarget,runs/m1674_controller_family_one_seed_public_pilot/configs/L3_reset_control_corrected_seed167400.json,runs/m1674_controller_family_one_seed_public_pilot/profile_runs/L3_reset_control_corrected/seed_167400/checkpoint.pt,1,169875,False,True,False,False,False,False,False,False,False,False,False,False,False
169876,checkpoint,71,True,False,0.7042478112085118,0.7042478112085118,1730.8668962599268,1.1937013077654668,0.9108927060237203,0.0290024664538977,1.0690454973040189,0.5558874322121609,1.1844978609047718,1.552377188458902,1.552377188458902,,False,True,aeb_feasible,False,False,2.936256785229024,1.8185933269255496,1.1176634583034741,34.65186672271314,0.48805446088328364,2.2224902787077196,5.094714678156375,0.44241088674905077,0.03397787965281728,0.0,11.24204429290094,0.00211594020947814,1,nan,nan,71,2.2224902787077196,0.44241088674905077,11.24204429290094,0.48805446088328364,0,nan,nan,nan,nan,0,nan,nan,nan,nan,m1680-spec-0048::L0_current_masked,m1680-spec-0048,L0_current_masked,T5,curved_boundary_obstacle|t5_boundary_axis_retarget,decision_minus_32,all_72_specs;explicit_window_subset;task_family_T5,t5_boundary_axis_retarget,t5_boundary_axis_retarget,runs/m1674_controller_family_one_seed_public_pilot/configs/L0_current_masked_seed167400.json,runs/m1674_controller_family_one_seed_public_pilot/profile_runs/L0_current_masked/seed_167400/checkpoint.pt,1,169876,False,True,False,False,False,False,False,False,False,False,False,False,False
169877,checkpoint,87,True,False,0.4043876582766632,0.4043876582766632,1266.3910693522923,0.873373151277443,1.2434333203727208,-0.06548434135939418,0.6680085140616958,0.833163530490552,1.0841053712646391,0.8214593132174824,0.8214593132174824,,False,True,aeb_feasible,False,False,8.938508772021518,1.6203426426761762,7.318166129345341,26.566169017258854,0.30535826456619375,2.374179943506558,5.08643844052088,0.6366817086247164,0.03644565349219975,0.0,8.60463903058662,0.0015427040634676814,1,nan,nan,87,2.374179943506558,0.6366817086247164,8.60463903058662,0.30535826456619375,0,nan,nan,nan,nan,0,nan,nan,nan,nan,m1680-spec-0048::L1_one_step,m1680-spec-0048,L1_one_step,T5,curved_boundary_obstacle|t5_boundary_axis_retarget,decision_minus_32,all_72_specs;explicit_window_subset;task_family_T5,t5_boundary_axis_retarget,t5_boundary_axis_retarget,runs/m1674_controller_family_one_seed_public_pilot/configs/L1_one_step_seed167400.json,runs/m1674_controller_family_one_seed_public_pilot/profile_runs/L1_one_step/seed_167400/checkpoint.pt,1,169877,False,True,False,False,False,False,False,False,False,False,False,False,False
169878,checkpoint,56,True,False,0.7747226532260728,0.7747226532260728,1705.3209742935535,1.1760834305472783,1.003298858635303,0.0777649702459482,0.9132524275037978,1.1872346496764399,0.9769701527645163,2.758747049553375,2.758747049553375,,False,True,aeb_feasible,True,False,1.8344784893092312,1.8917086374152365,-0.05723014810600535,1.9453295668865955,0.034738027980117776,1.7321055576519004,4.114851133972525,0.518462112696431,0.03315564938138359,0.0,10.603085003546283,0.0028396989218890667,1,nan,nan,56,1.7321055576519004,0.518462112696431,10.603085003546283,0.034738027980117776,0,nan,nan,nan,nan,0,nan,nan,nan,nan,m1680-spec-0048::L2_window_100,m1680-spec-0048,L2_window_100,T5,curved_boundary_obstacle|t5_boundary_axis_retarget,decision_minus_32,all_72_specs;explicit_window_subset;task_family_T5,t5_boundary_axis_retarget,t5_boundary_axis_retarget,runs/m1674_controller_family_one_seed_public_pilot/configs/L2_window_100_seed167400.json,runs/m1674_controller_family_one_seed_public_pilot/profile_runs/L2_window_100/seed_167400/checkpoint.pt,100,169878,False,True,False,False,False,False,False,False,False,False,False,False,False
169879,checkpoint,61,True,False,0.6254003069030991,0.6254003069030991,1251.4523139750847,0.8630705613621275,1.1431188482385821,0.09337140044055792,0.7783936851199823,0.672427691654969,1.161852958343889,1.9346477556920856,1.9346477556920858,,False,True,aeb_feasible,False,False,15.223907917451262,2.299148989062889,12.924758928388373,17.115349587862752,0.28057950144037297,2.228438960608307,5.167465899505114,0.5976530745105136,0.12641507353832193,0.0,10.128378536816799,0.0034226614516228437,1,nan,nan,61,2.228438960608307,0.5976530745105136,10.128378536816799,0.28057950144037297,0,nan,nan,nan,nan,0,nan,nan,nan,nan,m1680-spec-0048::L2_window_100_current_tiled,m1680-spec-0048,L2_window_100_current_tiled,T5,curved_boundary_obstacle|t5_boundary_axis_retarget,decision_minus_32,all_72_specs;explicit_window_subset;task_family_T5,t5_boundary_axis_retarget,t5_boundary_axis_retarget,runs/m1674_controller_family_one_seed_public_pilot/configs/L2_window_100_current_tiled_seed167400.json,runs/m1674_controller_family_one_seed_public_pilot/profile_runs/L2_window_100_current_tiled/seed_167400/checkpoint.pt,100,169879,False,True,False,False,False,False,False,False,False,False,False,False,False
169880,checkpoint,95,True,False,0.32234936279588,0.32234936279588,1375.1216207602965,0.9483597384553769,1.0642510674237757,0.04913499155943302,1.0110610065924912,1.1696073539067795,0.7291670218201086,2.3019652978963867,2.3019652978963867,,False,True,aeb_feasible,False,False,10.217879244319558,2.1302916403902166,8.087587603929341,12.138386232139341,0.12777248665409832,2.2717839639725086,5.060537751327292,0.4105126531784269,0.05682001941685621,0.0,6.269303985591095,0.0018472668016329408,1,nan,nan,95,2.2717839639725086,0.4105126531784269,6.269303985591095,0.12777248665409832,0,nan,nan,nan,nan,0,nan,nan,nan,nan,m1680-spec-0048::L2_window_13,m1680-spec-0048,L2_window_13,T5,curved_boundary_obstacle|t5_boundary_axis_retarget,decision_minus_32,all_72_specs;explicit_window_subset;task_family_T5,t5_boundary_axis_retarget,t5_boundary_axis_retarget,runs/m1674_controller_family_one_seed_public_pilot/configs/L2_window_13_seed167400.json,runs/m1674_controller_family_one_seed_public_pilot/profile_runs/L2_window_13/seed_167400/checkpoint.pt,13,169880,False,True,False,False,False,False,False,False,False,False,False,False,False
169881,checkpoint,61,True,False,0.5439830356206146,0.5439830356206146,1731.123935821564,1.1938785764286648,0.9808838845097652,-0.09883288447556882,1.1476823499782387,0.6336428201811521,1.1969641243548486,1.9589014656721822,1.9589014656721822,,False,True,aeb_feasible,False,False,3.0109902702793483,2.2269513260085763,0.784038944270772,25.218296180442884,0.41341469148267024,2.2793043400346904,5.053652397209682,0.39876790033385134,0.26480266363668387,0.0,9.808472180437075,0.00342792016454041,1,nan,nan,61,2.2793043400346904,0.39876790033385134,9.808472180437075,0.41341469148267024,0,nan,nan,nan,nan,0,nan,nan,nan,nan,m1680-spec-0048::L2_window_13_current_tiled,m1680-spec-0048,L2_window_13_current_tiled,T5,curved_boundary_obstacle|t5_boundary_axis_retarget,decision_minus_32,all_72_specs;explicit_window_subset;task_family_T5,t5_boundary_axis_retarget,t5_boundary_axis_retarget,runs/m1674_controller_family_one_seed_public_pilot/configs/L2_window_13_current_tiled_seed167400.json,runs/m1674_controller_family_one_seed_public_pilot/profile_runs/L2_window_13_current_tiled/seed_167400/checkpoint.pt,13,169881,False,True,False,False,False,False,False,False,False,False,False,False,False
169882,checkpoint,52,True,False,1.0309060849112441,1.0309060849112441,1431.364244151971,0.9871477545875662,1.0164014786464144,-0.11391655406921486,1.100642121352475,0.6687120726696378,1.1051583025738168,1.9855614876893004,1.9855614876893002,,False,True,aeb_feasible,False,False,3.0535796133397364,1.917732033690426,1.1358475796493104,12.536929068225207,0.2410947897735617,2.3182009174903806,5.032536823087426,0.5088160022884247,0.04104950373121322,0.0,10.692220713651706,0.0029182506259530783,1,nan,nan,52,2.3182009174903806,0.5088160022884247,10.692220713651706,0.2410947897735617,0,nan,nan,nan,nan,0,nan,nan,nan,nan,m1680-spec-0048::L2_window_25,m1680-spec-0048,L2_window_25,T5,curved_boundary_obstacle|t5_boundary_axis_retarget,decision_minus_32,all_72_specs;explicit_window_subset;task_family_T5,t5_boundary_axis_retarget,t5_boundary_axis_retarget,runs/m1674_controller_family_one_seed_public_pilot/configs/L2_window_25_seed167400.json,runs/m1674_controller_family_one_seed_public_pilot/profile_runs/L2_window_25/seed_167400/checkpoint.pt,25,169882,False,True,False,False,False,False,False,False,False,False,False,False,False
169883,checkpoint,84,True,False,0.34344628338309424,0.34344628338309424,1398.9057143173993,0.9647625615982064,1.1661236183322878,-0.03855418405036515,1.444453151035877,1.1836777839237156,0.8584204129154572,1.339892045974957,1.3398920459749568,,False,True,aeb_feasible,False,False,18.636590144006465,2.0795894861948283,16.55700065781164,9.68827300215384,0.11533658335897429,2.241422331604536,5.003255636692547,0.5675074875166211,0.08534629009217322,0.0,6.932682938061956,0.0026559566613286734,1,nan,nan,84,2.241422331604536,0.5675074875166211,6.932682938061956,0.11533658335897429,0,nan,nan,nan,nan,0,nan,nan,nan,nan,m1680-spec-0048::L2_window_25_current_tiled,m1680-spec-0048,L2_window_25_current_tiled,T5,curved_boundary_obstacle|t5_boundary_axis_retarget,decision_minus_32,all_72_specs;explicit_window_subset;task_family_T5,t5_boundary_axis_retarget,t5_boundary_axis_retarget,runs/m1674_controller_family_one_seed_public_pilot/configs/L2_window_25_current_tiled_seed167400.json,runs/m1674_controller_family_one_seed_public_pilot/profile_runs/L2_window_25_current_tiled/seed_167400/checkpoint.pt,25,169883,False,True,False,False,False,False,False,False,False,False,False,False,False
169884,checkpoint,83,True,False,0.33675627899894556,0.33675627899894556,1664.7080724295906,1.1480745327100625,1.0616442480184813,0.021255449632256562,1.159813856304956,1.0801701325772228,0.9213220786003895,1.9896512785806701,1.9896512785806701,,False,True,aeb_feasible,False,False,21.30088182043536,1.927163505547778,19.373718314887583,17.995796485563567,0.21681682512727188,2.2724920472483805,5.023027653948024,0.5017700399840848,0.05137107502146877,0.0,7.105937811574619,0.0023868600837886333,1,nan,nan,83,2.2724920472483805,0.5017700399840848,7.105937811574619,0.21681682512727188,0,nan,nan,nan,nan,0,nan,nan,nan,nan,m1680-spec-0048::L2_window_50,m1680-spec-0048,L2_window_50,T5,curved_boundary_obstacle|t5_boundary_axis_retarget,decision_minus_32,all_72_specs;explicit_window_subset;task_family_T5,t5_boundary_axis_retarget,t5_boundary_axis_retarget,runs/m1674_controller_family_one_seed_public_pilot/configs/L2_window_50_seed167400.json,runs/m1674_controller_family_one_seed_public_pilot/profile_runs/L2_window_50/seed_167400/checkpoint.pt,50,169884,False,True,False,False,False,False,False,False,False,False,False,False,False
169885,checkpoint,69,True,False,0.4670957557208491,0.4670957557208491,1375.8316548186951,0.9488494171163415,1.0788288537030324,-0.116051707120435,0.7145265188437038,1.2451045950778938,1.006711022621785,1.9666712085954277,1.9666712085954277,,False,True,aeb_feasible,False,False,18.678144524839446,1.9370516732559167,16.74109285158353,17.922780632181187,0.2597504439446549,2.393328269030186,5.05715364298851,0.35211325922132103,0.049166506643676944,0.0,8.328412983175511,0.0029186876490712166,1,nan,nan,69,2.393328269030186,0.35211325922132103,8.328412983175511,0.2597504439446549,0,nan,nan,nan,nan,0,nan,nan,nan,nan,m1680-spec-0048::L2_window_50_current_tiled,m1680-spec-0048,L2_window_50_current_tiled,T5,curved_boundary_obstacle|t5_boundary_axis_retarget,decision_minus_32,all_72_specs;explicit_window_subset;task_family_T5,t5_boundary_axis_retarget,t5_boundary_axis_retarget,runs/m1674_controller_family_one_seed_public_pilot/configs/L2_window_50_current_tiled_seed167400.json,runs/m1674_controller_family_one_seed_public_pilot/profile_runs/L2_window_50_current_tiled/seed_167400/checkpoint.pt,50,169885,False,True,False,False,False,False,False,False,False,False,False,False,False
169886,checkpoint,79,True,False,0.8979691818048368,0.8979691818048368,1482.799242087523,1.0226201669569124,1.2076842822624778,0.045191563656342026,0.6932661783699794,1.1171942957893495,1.2304459085706978,1.7694609400076504,1.7694609400076502,,False,True,aeb_feasible,False,False,5.0734011329211075,1.9676828969006719,3.1057182360204356,45.85699440634726,0.5804682836246489,2.1774301596062373,5.0674142019956285,0.391912660950308,0.04526588396676491,0.0,12.128019863388511,0.0015315100317820907,1,nan,nan,79,2.1774301596062373,0.391912660950308,12.128019863388511,0.5804682836246489,0,nan,nan,nan,nan,0,nan,nan,nan,nan,m1680-spec-0048::L3_online_gru,m1680-spec-0048,L3_online_gru,T5,curved_boundary_obstacle|t5_boundary_axis_retarget,decision_minus_32,all_72_specs;explicit_window_subset;task_family_T5,t5_boundary_axis_retarget,t5_boundary_axis_retarget,runs/m1674_controller_family_one_seed_public_pilot/configs/L3_online_gru_seed167400.json,runs/m1674_controller_family_one_seed_public_pilot/profile_runs/L3_online_gru/seed_167400/checkpoint.pt,1,169886,False,True,False,False,False,False,False,False,False,False,False,False,False
169887,checkpoint,82,True,False,0.6914909116508299,0.6914909116508299,1479.7789041764781,1.0205371752941228,1.235604493485799,0.03241251109508969,0.8368265808750474,0.5872550140099249,0.8643287772060713,3.1429518851828977,3.1429518851828977,,False,True,aeb_feasible,False,False,8.130893703077254,2.0977102531541085,6.033183449923145,29.41325240019732,0.3586982000024063,2.2292364931983815,5.125153100282773,0.6177653840017501,0.013253220187853115,0.0,10.702583975615967,0.0009022069862112403,1,nan,nan,82,2.2292364931983815,0.6177653840017501,10.702583975615967,0.3586982000024063,0,nan,nan,nan,nan,0,nan,nan,nan,nan,m1680-spec-0048::L3_reset_control_corrected,m1680-spec-0048,L3_reset_control_corrected,T5,curved_boundary_obstacle|t5_boundary_axis_retarget,decision_minus_32,all_72_specs;explicit_window_subset;task_family_T5,t5_boundary_axis_retarget,t5_boundary_axis_retarget,runs/m1674_controller_family_one_seed_public_pilot/configs/L3_reset_control_corrected_seed167400.json,runs/m1674_controller_family_one_seed_public_pilot/profile_runs/L3_reset_control_corrected/seed_167400/checkpoint.pt,1,169887,False,True,False,False,False,False,False,False,False,False,False,False,False
169888,checkpoint,62,True,False,0.916212129319041,0.916212129319041,1485.502128051149,1.0244842262421716,0.8824672082769606,0.07240868532405909,0.9996671932393546,1.2237936630560595,0.9523775034212391,1.4036554548877829,1.4036554548877829,,False,True,aeb_feasible,True,False,2.014053870338636,2.126914063445281,-0.11286019310664486,17.055467290934743,0.2750881821118507,1.4289481639601445,3.1975209882186526,0.5266402159695874,0.027700248747791423,0.0,10.59240900922923,0.00207541580311954,1,nan,nan,62,1.4289481639601445,0.5266402159695874,10.59240900922923,0.2750881821118507,0,nan,nan,nan,nan,0,nan,nan,nan,nan,m1680-spec-0049::L0_current_masked,m1680-spec-0049,L0_current_masked,T5,drive_loss_proxy|curved_boundary_obstacle,mapping_window_unspecified,all_72_specs;mapping_window_unspecified;task_family_T5,drive_loss_proxy,t5_near_boundary_warmup,runs/m1674_controller_family_one_seed_public_pilot/configs/L0_current_masked_seed167400.json,runs/m1674_controller_family_one_seed_public_pilot/profile_runs/L0_current_masked/seed_167400/checkpoint.pt,1,169888,False,True,False,False,False,False,False,False,False,False,False,False,False
169889,checkpoint,88,True,False,0.5271267882358512,0.5271267882358512,1361.1501529244765,0.9387242433961906,1.2138924642328575,0.012681680837137721,0.7155519008385747,1.0289681339012988,1.0119669906472553,1.8817006424937543,1.8817006424937543,,False,True,aeb_feasible,False,False,5.942680244670444,2.201902089637903,3.740778155032541,14.071767205966239,0.15990644552234362,2.283664295033745,5.048107167201792,0.6720830342216243,0.03419204925273397,0.0,8.96088941381102,0.0015138474991545081,1,nan,nan,88,2.283664295033745,0.6720830342216243,8.96088941381102,0.15990644552234362,0,nan,nan,nan,nan,0,nan,nan,nan,nan,m1680-spec-0049::L1_one_step,m1680-spec-0049,L1_one_step,T5,drive_loss_proxy|curved_boundary_obstacle,mapping_window_unspecified,all_72_specs;mapping_window_unspecified;task_family_T5,drive_loss_proxy,t5_near_boundary_warmup,runs/m1674_controller_family_one_seed_public_pilot/configs/L1_one_step_seed167400.json,runs/m1674_controller_family_one_seed_public_pilot/profile_runs/L1_one_step/seed_167400/checkpoint.pt,1,169889,False,True,False,False,False,False,False,False,False,False,False,False,False
169890,checkpoint,60,True,False,0.5587439080129025,0.5587439080129025,1692.495375041626,1.16723818968388,1.0514306673761682,0.023044167466411025,1.209650690856867,0.4880652506203753,0.8709810990317501,1.3688222452963354,1.3688222452963354,,False,True,aeb_feasible,False,False,18.278352370039368,2.224470447221154,16.053881922818213,15.590336454496995,0.25983894090828324,2.3286180127881693,5.144528083317802,0.48675887132587936,0.059932631066501735,0.0,9.68517288156316,0.0034504886716604233,1,nan,nan,60,2.3286180127881693,0.48675887132587936,9.68517288156316,0.25983894090828324,0,nan,nan,nan,nan,0,nan,nan,nan,nan,m1680-spec-0049::L2_window_100,m1680-spec-0049,L2_window_100,T5,drive_loss_proxy|curved_boundary_obstacle,mapping_window_unspecified,all_72_specs;mapping_window_unspecified;task_family_T5,drive_loss_proxy,t5_near_boundary_warmup,runs/m1674_controller_family_one_seed_public_pilot/configs/L2_window_100_seed167400.json,runs/m1674_controller_family_one_seed_public_pilot/profile_runs/L2_window_100/seed_167400/checkpoint.pt,100,169890,False,True,False,False,False,False,False,False,False,False,False,False,False
169891,checkpoint,52,True,False,0.7973099708067829,0.7973099708067829,1538.0524731221788,1.060725843532537,0.9184736411611746,0.00030213980808579954,1.1076963122704764,0.745948784982393,0.7817771993555052,1.7503750399506983,1.7503750399506985,,False,True,aeb_feasible,False,False,19.162745239470905,1.9959263832452367,17.166818856225667,4.258447854452142,0.0818932279702335,2.344095736712673,5.04174743185165,0.6074767524061354,0.05005860690776834,0.0,10.863257137467608,0.004123791586607695,1,nan,nan,52,2.344095736712673,0.6074767524061354,10.863257137467608,0.0818932279702335,0,nan,nan,nan,nan,0,nan,nan,nan,nan,m1680-spec-0049::L2_window_100_current_tiled,m1680-spec-0049,L2_window_100_current_tiled,T5,drive_loss_proxy|curved_boundary_obstacle,mapping_window_unspecified,all_72_specs;mapping_window_unspecified;task_family_T5,drive_loss_proxy,t5_near_boundary_warmup,runs/m1674_controller_family_one_seed_public_pilot/configs/L2_window_100_current_tiled_seed167400.json,runs/m1674_controller_family_one_seed_public_pilot/profile_runs/L2_window_100_current_tiled/seed_167400/checkpoint.pt,100,169891,False,True,False,False,False,False,False,False,False,False,False,False,False
169892,checkpoint,54,True,False,0.919474447357979,0.919474447357979,1583.1420536428373,1.0918221059605775,0.8651068459582475,-0.0934830599085632,1.174083083885381,0.6762192717534612,0.7761940315759276,1.551684064445766,1.551684064445766,,False,True,aeb_feasible,True,False,2.1150673315044655,2.122469174142943,-0.007401842638477429,-8.570070483771843,-0.15870500895873785,2.354945466243368,5.115012506852153,0.47243907581840505,0.05157269978696987,0.0,11.014109046599684,0.0034045653883367777,1,nan,nan,54,2.354945466243368,0.47243907581840505,11.014109046599684,-0.15870500895873785,0,nan,nan,nan,nan,0,nan,nan,nan,nan,m1680-spec-0049::L2_window_13,m1680-spec-0049,L2_window_13,T5,drive_loss_proxy|curved_boundary_obstacle,mapping_window_unspecified,all_72_specs;mapping_window_unspecified;task_family_T5,drive_loss_proxy,t5_near_boundary_warmup,runs/m1674_controller_family_one_seed_public_pilot/configs/L2_window_13_seed167400.json,runs/m1674_controller_family_one_seed_public_pilot/profile_runs/L2_window_13/seed_167400/checkpoint.pt,13,169892,False,True,False,False,False,False,False,False,False,False,False,False,False
169893,checkpoint,55,True,False,0.9710102559111522,0.9710102559111522,1243.089028689118,0.8573027784062883,1.0912376508338335,-0.013771477843434576,1.1289266125644635,1.0491049922891553,0.9857540793185086,1.9645754893113185,1.9645754893113185,,False,True,aeb_feasible,False,False,12.68772700323095,2.0215486877609976,10.666178315469953,17.237354896355416,0.3134064526610076,2.2714414525500484,5.089294172212359,0.3566737157525862,0.06578241804070944,0.0,11.146437500265229,0.003936797846108675,1,nan,nan,55,2.2714414525500484,0.3566737157525862,11.146437500265229,0.3134064526610076,0,nan,nan,nan,nan,0,nan,nan,nan,nan,m1680-spec-0049::L2_window_13_current_tiled,m1680-spec-0049,L2_window_13_current_tiled,T5,drive_loss_proxy|curved_boundary_obstacle,mapping_window_unspecified,all_72_specs;mapping_window_unspecified;task_family_T5,drive_loss_proxy,t5_near_boundary_warmup,runs/m1674_controller_family_one_seed_public_pilot/configs/L2_window_13_current_tiled_seed167400.json,runs/m1674_controller_family_one_seed_public_pilot/profile_runs/L2_window_13_current_tiled/seed_167400/checkpoint.pt,13,169893,False,True,False,False,False,False,False,False,False,False,False,False,False
169894,checkpoint,46,True,False,0.980225310003536,0.980225310003536,1326.5057527396139,0.9148315536135267,1.0992626592165256,-0.09905379943448755,0.9302168102330957,0.6579562967674928,1.1277846979942379,1.8974265717685976,1.8974265717685976,,False,True,aeb_feasible,False,False,8.154817296618633,2.137298294515831,6.0175190021028016,8.34243415762828,0.18135726429626695,2.4300711194721742,5.058495276467184,0.5660572827971201,0.04935495744363431,0.0,12.528636550570434,0.0037960470654070377,1,nan,nan,46,2.4300711194721742,0.5660572827971201,12.528636550570434,0.18135726429626695,0,nan,nan,nan,nan,0,nan,nan,nan,nan,m1680-spec-0049::L2_window_25,m1680-spec-0049,L2_window_25,T5,drive_loss_proxy|curved_boundary_obstacle,mapping_window_unspecified,all_72_specs;mapping_window_unspecified;task_family_T5,drive_loss_proxy,t5_near_boundary_warmup,runs/m1674_controller_family_one_seed_public_pilot/configs/L2_window_25_seed167400.json,runs/m1674_controller_family_one_seed_public_pilot/profile_runs/L2_window_25/seed_167400/checkpoint.pt,25,169894,False,True,False,False,False,False,False,False,False,False,False,False,False
169895,checkpoint,55,True,False,0.8812492952258167,0.8812492952258167,1590.919688952272,1.0971859923808773,0.8740897595878215,0.11021843894405903,0.9457565367273278,0.5664963008758898,0.8034729336104851,1.5997758947453005,1.5997758947453005,,False,True,aeb_feasible,False,False,2.852375126076271,1.7249246399012619,1.1274504861750092,17.716302436746027,0.3221145897590187,2.2462818202266543,5.115874919966416,0.36548798818740647,0.06734093872261317,0.0,11.342158811236043,0.004102437756955624,1,nan,nan,55,2.2462818202266543,0.36548798818740647,11.342158811236043,0.3221145897590187,0,nan,nan,nan,nan,0,nan,nan,nan,nan,m1680-spec-0049::L2_window_25_current_tiled,m1680-spec-0049,L2_window_25_current_tiled,T5,drive_loss_proxy|curved_boundary_obstacle,mapping_window_unspecified,all_72_specs;mapping_window_unspecified;task_family_T5,drive_loss_proxy,t5_near_boundary_warmup,runs/m1674_controller_family_one_seed_public_pilot/configs/L2_window_25_current_tiled_seed167400.json,runs/m1674_controller_family_one_seed_public_pilot/profile_runs/L2_window_25_current_tiled/seed_167400/checkpoint.pt,25,169895,False,True,False,False,False,False,False,False,False,False,False,False,False
169896,checkpoint,72,True,False,0.40677217978618385,0.40677217978618385,1602.2539051200065,1.1050026931862114,0.8844983746646492,-0.028524449852200373,1.0597051365043193,0.8550596566276267,0.9129055153150782,1.3355177985647473,1.3355177985647473,,False,True,aeb_feasible,False,False,9.022142571766375,1.5774297985142591,7.444712773252116,11.73862839901239,0.16303650554183874,2.2288118997995414,5.053771797826553,0.614642480525635,0.05505915811706733,0.0,8.09162068029486,0.0027169573586434126,1,nan,nan,72,2.2288118997995414,0.614642480525635,8.09162068029486,0.16303650554183874,0,nan,nan,nan,nan,0,nan,nan,nan,nan,m1680-spec-0049::L2_window_50,m1680-spec-0049,L2_window_50,T5,drive_loss_proxy|curved_boundary_obstacle,mapping_window_unspecified,all_72_specs;mapping_window_unspecified;task_family_T5,drive_loss_proxy,t5_near_boundary_warmup,runs/m1674_controller_family_one_seed_public_pilot/configs/L2_window_50_seed167400.json,runs/m1674_controller_family_one_seed_public_pilot/profile_runs/L2_window_50/seed_167400/checkpoint.pt,50,169896,False,True,False,False,False,False,False,False,False,False,False,False,False
169897,checkpoint,55,True,False,0.9469765173216252,0.9469765173216252,1607.0341928964135,1.108299443376837,1.0481055700763233,0.05863068252596171,0.9754793649182442,1.1845910070044432,1.0377983572599125,1.7608418653649203,1.76084186536492,,False,True,aeb_feasible,False,False,17.734412064735743,2.059125372861534,15.67528669187421,7.54676026179842,0.13721382294178947,2.2872612393809013,5.068419048623721,0.5168896540944102,0.03249584009018971,0.0,10.479931513322,0.0039469278417527676,1,nan,nan,55,2.2872612393809013,0.5168896540944102,10.479931513322,0.13721382294178947,0,nan,nan,nan,nan,0,nan,nan,nan,nan,m1680-spec-0049::L2_window_50_current_tiled,m1680-spec-0049,L2_window_50_current_tiled,T5,drive_loss_proxy|curved_boundary_obstacle,mapping_window_unspecified,all_72_specs;mapping_window_unspecified;task_family_T5,drive_loss_proxy,t5_near_boundary_warmup,runs/m1674_controller_family_one_seed_public_pilot/configs/L2_window_50_current_tiled_seed167400.json,runs/m1674_controller_family_one_seed_public_pilot/profile_runs/L2_window_50_current_tiled/seed_167400/checkpoint.pt,50,169897,False,True,False,False,False,False,False,False,False,False,False,False,False
169898,checkpoint,71,False,True,0.8632948342484037,0.8632948342484037,1435.8376130385475,0.9902328365783086,1.0293580495612136,0.020094568647081257,0.9686617025034474,0.7022487717898804,1.1445736064463223,1.4011248921638755,1.4011248921638755,,False,True,aeb_feasible,False,True,4.551076516978609,1.8421366091332603,2.708939907845349,69.47335767784814,0.9784979954626499,1.6233929923536645,4.078357181331015,0.36844544686219066,0.05220724462967555,0.0,12.75180899859259,0.0016659704269841313,1,nan,nan,71,1.6233929923536645,0.36844544686219066,12.75180899859259,0.9784979954626499,0,nan,nan,nan,nan,0,nan,nan,nan,nan,m1680-spec-0049::L3_online_gru,m1680-spec-0049,L3_online_gru,T5,drive_loss_proxy|curved_boundary_obstacle,mapping_window_unspecified,all_72_specs;mapping_window_unspecified;task_family_T5,drive_loss_proxy,t5_near_boundary_warmup,runs/m1674_controller_family_one_seed_public_pilot/configs/L3_online_gru_seed167400.json,runs/m1674_controller_family_one_seed_public_pilot/profile_runs/L3_online_gru/seed_167400/checkpoint.pt,1,169898,False,True,False,False,False,False,False,False,False,False,False,False,True
169899,checkpoint,82,True,False,0.7103303439936002,0.7103303439936002,1347.1771497637376,0.9290876894922329,1.2103865535146545,-0.09489023324648516,1.0251731688210226,0.5534894945376567,0.8261640120924765,1.0104522886133611,1.0104522886133611,,False,True,aeb_feasible,False,False,9.252402790810423,2.085257785803913,7.16714500500651,42.246158160465065,0.5151970507373789,2.3415087822077334,5.005452444129247,0.4477340922507597,0.017032854796620086,0.0,10.40405980467701,0.0008617514395155013,1,nan,nan,82,2.3415087822077334,0.4477340922507597,10.40405980467701,0.5151970507373789,0,nan,nan,nan,nan,0,nan,nan,nan,nan,m1680-spec-0049::L3_reset_control_corrected,m1680-spec-0049,L3_reset_control_corrected,T5,drive_loss_proxy|curved_boundary_obstacle,mapping_window_unspecified,all_72_specs;mapping_window_unspecified;task_family_T5,drive_loss_proxy,t5_near_boundary_warmup,runs/m1674_controller_family_one_seed_public_pilot/configs/L3_reset_control_corrected_seed167400.json,runs/m1674_controller_family_one_seed_public_pilot/profile_runs/L3_reset_control_corrected/seed_167400/checkpoint.pt,1,169899,False,True,False,False,False,False,False,False,False,False,False,False,False
169900,checkpoint,176,True,False,0.303589511000861,0.303589511000861,1408.3118964361875,0.9712495837490948,1.1856610129875427,0.029997256897782654,0.857570621158425,1.2299155564588062,0.7991991092723449,1.071358619530291,1.071358619530291,,False,True,aeb_feasible,False,False,9.306111063979069,1.7560237044618026,7.550087359517266,14.071165395303538,0.07994980338240647,2.4735342430276788,5.029839199004911,0.32158819874013495,0.06033749792031323,0.0,5.007640752242006,0.0006536574801430106,1,nan,nan,176,2.4735342430276788,0.32158819874013495,5.007640752242006,0.07994980338240647,0,nan,nan,nan,nan,0,nan,nan,nan,nan,m1680-spec-0050::L0_current_masked,m1680-spec-0050,L0_current_masked,T5,t5_boundary_axis_retarget|drive_loss_proxy,mapping_window_unspecified,all_72_specs;mapping_window_unspecified;task_family_T5,t5_boundary_axis_retarget,t5_boundary_axis_retarget,runs/m1674_controller_family_one_seed_public_pilot/configs/L0_current_masked_seed167400.json,runs/m1674_controller_family_one_seed_public_pilot/profile_runs/L0_current_masked/seed_167400/checkpoint.pt,1,169900,False,True,False,False,False,False,False,False,False,False,False,False,False
169901,checkpoint,76,True,False,0.552787988325801,0.552787988325801,1717.5057420972048,1.1844867186877275,1.1928641571035627,0.1119754599827576,0.8092550135259293,0.9266187823309214,0.8647439001146624,1.7773863923351938,1.7773863923351938,,False,True,aeb_feasible,True,False,1.765755970796725,1.8094464536249495,-0.04369048282822452,22.143642409291267,0.2913637159117272,1.7173231911411702,3.9199503722946893,0.43636609513636987,0.01517508007648117,0.0,9.023004961651411,0.0016907076351344585,1,nan,nan,76,1.7173231911411702,0.43636609513636987,9.023004961651411,0.2913637159117272,0,nan,nan,nan,nan,0,nan,nan,nan,nan,m1680-spec-0050::L1_one_step,m1680-spec-0050,L1_one_step,T5,t5_boundary_axis_retarget|drive_loss_proxy,mapping_window_unspecified,all_72_specs;mapping_window_unspecified;task_family_T5,t5_boundary_axis_retarget,t5_boundary_axis_retarget,runs/m1674_controller_family_one_seed_public_pilot/configs/L1_one_step_seed167400.json,runs/m1674_controller_family_one_seed_public_pilot/profile_runs/L1_one_step/seed_167400/checkpoint.pt,1,169901,False,True,False,False,False,False,False,False,False,False,False,False,False
169902,checkpoint,51,True,False,0.8671565077682439,0.8671565077682439,1465.4149367482908,1.0106309908608901,1.117243682410164,-0.04382965156312135,1.1356904209105108,0.7367004810147446,1.0520923319846904,2.1239971510755793,2.1239971510755793,,False,True,aeb_feasible,False,False,22.898931206127383,2.009092598451917,20.889838607675465,16.37472667503532,0.3210730720595161,2.4178167828118142,5.048199179162744,0.3095221659600053,0.0363874050064508,0.0,10.883940031705118,0.003243300598114729,1,nan,nan,51,2.4178167828118142,0.3095221659600053,10.883940031705118,0.3210730720595161,0,nan,nan,nan,nan,0,nan,nan,nan,nan,m1680-spec-0050::L2_window_100,m1680-spec-0050,L2_window_100,T5,t5_boundary_axis_retarget|drive_loss_proxy,mapping_window_unspecified,all_72_specs;mapping_window_unspecified;task_family_T5,t5_boundary_axis_retarget,t5_boundary_axis_retarget,runs/m1674_controller_family_one_seed_public_pilot/configs/L2_window_100_seed167400.json,runs/m1674_controller_family_one_seed_public_pilot/profile_runs/L2_window_100/seed_167400/checkpoint.pt,100,169902,False,True,False,False,False,False,False,False,False,False,False,False,False
169903,checkpoint,57,True,False,0.7524378115735565,0.7524378115735565,1459.606363502338,1.0066250782774744,1.137224575196623,-0.02631280465055008,1.0188654853592203,0.883611104823593,0.7309262690127912,2.028386997893141,2.028386997893141,,False,True,aeb_feasible,False,False,3.9431018132534104,2.322140425441307,1.6209613878121032,2.334507982942136,0.04095628040249361,2.3282397256640532,5.038650393133654,0.6385047768972072,0.03707228676675655,0.0,10.100671899989145,0.003139995038509369,1,nan,nan,57,2.3282397256640532,0.6385047768972072,10.100671899989145,0.04095628040249361,0,nan,nan,nan,nan,0,nan,nan,nan,nan,m1680-spec-0050::L2_window_100_current_tiled,m1680-spec-0050,L2_window_100_current_tiled,T5,t5_boundary_axis_retarget|drive_loss_proxy,mapping_window_unspecified,all_72_specs;mapping_window_unspecified;task_family_T5,t5_boundary_axis_retarget,t5_boundary_axis_retarget,runs/m1674_controller_family_one_seed_public_pilot/configs/L2_window_100_current_tiled_seed167400.json,runs/m1674_controller_family_one_seed_public_pilot/profile_runs/L2_window_100_current_tiled/seed_167400/checkpoint.pt,100,169903,False,True,False,False,False,False,False,False,False,False,False,False,False
169904,checkpoint,67,True,False,0.5171603026478298,0.5171603026478298,1726.9574993668275,1.1910051719771224,1.1243459112954366,-0.028668551578079127,0.9495303715897204,0.7076910640010678,0.9018558330226646,3.1235599246176964,3.1235599246176964,,False,True,aeb_feasible,False,False,15.686131057626566,1.6052758078215257,14.08085524980504,12.499555598439148,0.1865605313199873,2.3679331689391327,5.141399107383872,0.5755713060828701,0.08365164382252431,0.0,9.104086406935803,0.0026699828449636698,1,nan,nan,67,2.3679331689391327,0.5755713060828701,9.104086406935803,0.1865605313199873,0,nan,nan,nan,nan,0,nan,nan,nan,nan,m1680-spec-0050::L2_window_13,m1680-spec-0050,L2_window_13,T5,t5_boundary_axis_retarget|drive_loss_proxy,mapping_window_unspecified,all_72_specs;mapping_window_unspecified;task_family_T5,t5_boundary_axis_retarget,t5_boundary_axis_retarget,runs/m1674_controller_family_one_seed_public_pilot/configs/L2_window_13_seed167400.json,runs/m1674_controller_family_one_seed_public_pilot/profile_runs/L2_window_13/seed_167400/checkpoint.pt,13,169904,False,True,False,False,False,False,False,False,False,False,False,False,False
169905,checkpoint,58,True,False,0.8567050536501477,0.8567050536501477,1507.5094449080657,1.0396616861434935,0.9890278036485556,-0.1089623498308665,1.3731850724331984,0.5609313945706558,0.9836097169251924,1.7872590367372596,1.7872590367372594,,False,True,aeb_feasible,False,False,12.085876841368897,1.9233168041568627,10.162560037212035,20.97995349573458,0.36172333613335483,2.152380592428362,5.086508572792312,0.44287683290739904,0.043514646988648265,0.0,10.938863508448296,0.003637913381680846,1,nan,nan,58,2.152380592428362,0.44287683290739904,10.938863508448296,0.36172333613335483,0,nan,nan,nan,nan,0,nan,nan,nan,nan,m1680-spec-0050::L2_window_13_current_tiled,m1680-spec-0050,L2_window_13_current_tiled,T5,t5_boundary_axis_retarget|drive_loss_proxy,mapping_window_unspecified,all_72_specs;mapping_window_unspecified;task_family_T5,t5_boundary_axis_retarget,t5_boundary_axis_retarget,runs/m1674_controller_family_one_seed_public_pilot/configs/L2_window_13_current_tiled_seed167400.json,runs/m1674_controller_family_one_seed_public_pilot/profile_runs/L2_window_13_current_tiled/seed_167400/checkpoint.pt,13,169905,False,True,False,False,False,False,False,False,False,False,False,False,False
169906,checkpoint,56,True,False,1.0326884173336404,1.0326884173336404,1253.2944112739683,0.8643409732923919,0.9478012440191456,-0.001675809747264445,1.4315551234839536,0.7611484529033565,0.775313288931629,1.8557249489046617,1.8557249489046617,,False,True,aeb_feasible,False,False,14.700034737453754,2.1367904982093493,12.563244239244405,16.555870004684557,0.29564053579793853,2.281501421614534,5.129682319074689,0.3171639699405841,0.045824036296903244,0.0,10.681614443173151,0.0031216805800795555,1,nan,nan,56,2.281501421614534,0.3171639699405841,10.681614443173151,0.29564053579793853,0,nan,nan,nan,nan,0,nan,nan,nan,nan,m1680-spec-0050::L2_window_25,m1680-spec-0050,L2_window_25,T5,t5_boundary_axis_retarget|drive_loss_proxy,mapping_window_unspecified,all_72_specs;mapping_window_unspecified;task_family_T5,t5_boundary_axis_retarget,t5_boundary_axis_retarget,runs/m1674_controller_family_one_seed_public_pilot/configs/L2_window_25_seed167400.json,runs/m1674_controller_family_one_seed_public_pilot/profile_runs/L2_window_25/seed_167400/checkpoint.pt,25,169906,False,True,False,False,False,False,False,False,False,False,False,False,False
169907,checkpoint,48,True,False,0.9336950156842301,0.9336950156842301,1521.9096066279112,1.0495928321571801,1.1798988648911461,-0.09994007574942598,1.321846835747312,0.6933518448460473,0.9705791893724321,2.0961611192039915,2.096161119203991,,False,True,aeb_feasible,False,False,12.670846886616658,1.8803328804391244,10.790514006177535,7.347728301046057,0.1530776729384595,2.5058830931940186,5.102149548200824,0.5265747534400641,0.046233039994883325,0.0,11.746130010398653,0.0038364967331290245,1,nan,nan,48,2.5058830931940186,0.5265747534400641,11.746130010398653,0.1530776729384595,0,nan,nan,nan,nan,0,nan,nan,nan,nan,m1680-spec-0050::L2_window_25_current_tiled,m1680-spec-0050,L2_window_25_current_tiled,T5,t5_boundary_axis_retarget|drive_loss_proxy,mapping_window_unspecified,all_72_specs;mapping_window_unspecified;task_family_T5,t5_boundary_axis_retarget,t5_boundary_axis_retarget,runs/m1674_controller_family_one_seed_public_pilot/configs/L2_window_25_current_tiled_seed167400.json,runs/m1674_controller_family_one_seed_public_pilot/profile_runs/L2_window_25_current_tiled/seed_167400/checkpoint.pt,25,169907,False,True,False,False,False,False,False,False,False,False,False,False,False
169908,checkpoint,50,True,False,0.8869870336219874,0.8869870336219874,1630.3776343173677,1.1243983684947363,1.0911749648673972,-0.1109661366807333,1.1405057268958,1.235941318271606,1.1285813937982274,1.3950549981298503,1.3950549981298503,,False,True,aeb_feasible,False,False,12.441877118200223,2.162450280309466,10.279426837890757,8.861894648894497,0.17723789297788994,2.5138790277074206,5.11094666833004,0.3783014562586066,0.04043425476548241,0.0,10.955104269695838,0.0031215527560561895,1,nan,nan,50,2.5138790277074206,0.3783014562586066,10.955104269695838,0.17723789297788994,0,nan,nan,nan,nan,0,nan,nan,nan,nan,m1680-spec-0050::L2_window_50,m1680-spec-0050,L2_window_50,T5,t5_boundary_axis_retarget|drive_loss_proxy,mapping_window_unspecified,all_72_specs;mapping_window_unspecified;task_family_T5,t5_boundary_axis_retarget,t5_boundary_axis_retarget,runs/m1674_controller_family_one_seed_public_pilot/configs/L2_window_50_seed167400.json,runs/m1674_controller_family_one_seed_public_pilot/profile_runs/L2_window_50/seed_167400/checkpoint.pt,50,169908,False,True,False,False,False,False,False,False,False,False,False,False,False
169909,checkpoint,61,True,False,0.9902682668842944,0.9902682668842944,1582.9239519895157,1.0916716910272521,0.9895721789441991,0.10650949113460295,0.8763292490230419,1.206121810883904,0.7397953338714467,1.3008785080472367,1.3008785080472367,,False,True,aeb_feasible,False,False,10.922841122434852,1.8599337236120639,9.062907398822787,9.349585663623778,0.15327189612497996,2.3858240397394197,5.118934630054209,0.3917277074417747,0.041708752366527276,0.0,9.515356435675166,0.003362754825502634,1,nan,nan,61,2.3858240397394197,0.3917277074417747,9.515356435675166,0.15327189612497996,0,nan,nan,nan,nan,0,nan,nan,nan,nan,m1680-spec-0050::L2_window_50_current_tiled,m1680-spec-0050,L2_window_50_current_tiled,T5,t5_boundary_axis_retarget|drive_loss_proxy,mapping_window_unspecified,all_72_specs;mapping_window_unspecified;task_family_T5,t5_boundary_axis_retarget,t5_boundary_axis_retarget,runs/m1674_controller_family_one_seed_public_pilot/configs/L2_window_50_current_tiled_seed167400.json,runs/m1674_controller_family_one_seed_public_pilot/profile_runs/L2_window_50_current_tiled/seed_167400/checkpoint.pt,50,169909,False,True,False,False,False,False,False,False,False,False,False,False,False
169910,checkpoint,70,True,False,0.4141186117596126,0.4141186117596126,1674.8639634361436,1.1550785954732026,0.9196224806456051,0.06382900784581724,1.2613103566767982,0.6664109533564466,0.8334063766181158,2.9488906548644027,2.948890654864403,,False,True,aeb_feasible,True,False,2.0901055529031205,2.0908590402374214,-0.0007534873343009174,36.86401752590762,0.5266288217986803,1.0787525325975305,2.197646948524401,0.6142474648247462,0.04460658836420896,0.0,8.462949750533502,0.001598077011294663,1,nan,nan,70,1.0787525325975305,0.6142474648247462,8.462949750533502,0.5266288217986803,0,nan,nan,nan,nan,0,nan,nan,nan,nan,m1680-spec-0050::L3_online_gru,m1680-spec-0050,L3_online_gru,T5,t5_boundary_axis_retarget|drive_loss_proxy,mapping_window_unspecified,all_72_specs;mapping_window_unspecified;task_family_T5,t5_boundary_axis_retarget,t5_boundary_axis_retarget,runs/m1674_controller_family_one_seed_public_pilot/configs/L3_online_gru_seed167400.json,runs/m1674_controller_family_one_seed_public_pilot/profile_runs/L3_online_gru/seed_167400/checkpoint.pt,1,169910,False,True,False,False,False,False,False,False,False,False,False,False,False
169911,checkpoint,95,True,False,0.5697420585014006,0.5697420585014006,1329.6552907437635,0.9170036487888025,0.8753982807021009,-0.06053503800733773,0.8347890667686628,1.1675718216331425,0.8574524320675093,2.769139737029359,2.769139737029359,,False,True,aeb_feasible,False,False,9.871248768976905,2.0676672102177363,7.803581558759168,43.426664490582766,0.45712278411139756,2.2076584411971987,5.016549619596692,0.37938021591446525,0.016111494257800615,0.0,9.411878710302021,0.0007829396636225283,1,nan,nan,95,2.2076584411971987,0.37938021591446525,9.411878710302021,0.45712278411139756,0,nan,nan,nan,nan,0,nan,nan,nan,nan,m1680-spec-0050::L3_reset_control_corrected,m1680-spec-0050,L3_reset_control_corrected,T5,t5_boundary_axis_retarget|drive_loss_proxy,mapping_window_unspecified,all_72_specs;mapping_window_unspecified;task_family_T5,t5_boundary_axis_retarget,t5_boundary_axis_retarget,runs/m1674_controller_family_one_seed_public_pilot/configs/L3_reset_control_corrected_seed167400.json,runs/m1674_controller_family_one_seed_public_pilot/profile_runs/L3_reset_control_corrected/seed_167400/checkpoint.pt,1,169911,False,True,False,False,False,False,False,False,False,False,False,False,False
169912,checkpoint,82,True,False,0.4257254847841369,0.4257254847841369,1617.1024627675745,1.115243077770741,1.0819970098670013,0.04079980324360033,1.1701053149478173,0.6448184847688421,0.8991427654529042,1.2771563710837524,1.2771563710837524,,False,True,aeb_feasible,False,False,12.51967192066429,2.089109554335618,10.430562366328672,20.328559631215953,0.2479092637953165,2.4802636770519384,5.054728009910868,0.5762505923675538,0.04521666800454899,0.0,8.53410162564868,0.001505692838691175,1,nan,nan,82,2.4802636770519384,0.5762505923675538,8.53410162564868,0.2479092637953165,0,nan,nan,nan,nan,0,nan,nan,nan,nan,m1680-spec-0051::L0_current_masked,m1680-spec-0051,L0_current_masked,T5,actuator_delay_step|t5_near_boundary_warmup,reveal_plus_4,all_72_specs;explicit_window_subset;task_family_T5,t5_near_boundary_warmup,t5_near_boundary_warmup,runs/m1674_controller_family_one_seed_public_pilot/configs/L0_current_masked_seed167400.json,runs/m1674_controller_family_one_seed_public_pilot/profile_runs/L0_current_masked/seed_167400/checkpoint.pt,1,169912,False,True,False,False,False,False,False,False,False,False,False,False,False
169913,checkpoint,73,True,False,0.4787143670323904,0.4787143670323904,1247.4499923972855,0.8603103395843349,1.1603712499288394,-0.024654058009695667,1.0824833781483654,1.1323751503000745,1.1178096992187916,1.4896846063759341,1.4896846063759341,,False,True,aeb_feasible,True,False,2.12863407744839,2.2336263684316764,-0.10499229098328655,32.34879527862684,0.4431341818989978,1.205255407834396,2.778034632849348,0.517498491850405,0.04639721512766305,0.0,8.550107328323794,0.00175757915712893,1,nan,nan,73,1.205255407834396,0.517498491850405,8.550107328323794,0.4431341818989978,0,nan,nan,nan,nan,0,nan,nan,nan,nan,m1680-spec-0051::L1_one_step,m1680-spec-0051,L1_one_step,T5,actuator_delay_step|t5_near_boundary_warmup,reveal_plus_4,all_72_specs;explicit_window_subset;task_family_T5,t5_near_boundary_warmup,t5_near_boundary_warmup,runs/m1674_controller_family_one_seed_public_pilot/configs/L1_one_step_seed167400.json,runs/m1674_controller_family_one_seed_public_pilot/profile_runs/L1_one_step/seed_167400/checkpoint.pt,1,169913,False,True,False,False,False,False,False,False,False,False,False,False,False
169914,checkpoint,72,True,False,0.41769263704631837,0.41769263704631837,1531.764540397392,1.056389338205098,0.878654852883323,0.029707388608468,0.7170130563674537,1.2130189356019088,1.1222006376050713,1.068243670503032,1.068243670503032,,False,True,aeb_feasible,False,False,3.0255886755119934,2.056403177807048,0.9691854977049452,19.90390225857753,0.27644308692468794,2.2494582921521586,5.1090965058229365,0.38029016008698835,0.0673427037023258,0.0,8.114913191699609,0.002619114937260747,1,nan,nan,72,2.2494582921521586,0.38029016008698835,8.114913191699609,0.27644308692468794,0,nan,nan,nan,nan,0,nan,nan,nan,nan,m1680-spec-0051::L2_window_100,m1680-spec-0051,L2_window_100,T5,actuator_delay_step|t5_near_boundary_warmup,reveal_plus_4,all_72_specs;explicit_window_subset;task_family_T5,t5_near_boundary_warmup,t5_near_boundary_warmup,runs/m1674_controller_family_one_seed_public_pilot/configs/L2_window_100_seed167400.json,runs/m1674_controller_family_one_seed_public_pilot/profile_runs/L2_window_100/seed_167400/checkpoint.pt,100,169914,False,True,False,False,False,False,False,False,False,False,False,False,False
169915,checkpoint,49,True,False,0.9702424370610415,0.9702424370610415,1332.884504686316,0.9192306928871145,0.988543864304017,-0.06111591497166913,0.8379115376016393,0.6901311706233707,0.8083496258755032,1.0802937705151894,1.0802937705151894,,False,True,aeb_feasible,False,False,9.127201576225136,1.674004741880946,7.45319683434419,11.348925882603751,0.23161073229803575,2.4372352793984056,5.085595190817443,0.38689035674938627,0.038049326671456725,0.0,11.356218800795174,0.004354537930339575,1,nan,nan,49,2.4372352793984056,0.38689035674938627,11.356218800795174,0.23161073229803575,0,nan,nan,nan,nan,0,nan,nan,nan,nan,m1680-spec-0051::L2_window_100_current_tiled,m1680-spec-0051,L2_window_100_current_tiled,T5,actuator_delay_step|t5_near_boundary_warmup,reveal_plus_4,all_72_specs;explicit_window_subset;task_family_T5,t5_near_boundary_warmup,t5_near_boundary_warmup,runs/m1674_controller_family_one_seed_public_pilot/configs/L2_window_100_current_tiled_seed167400.json,runs/m1674_controller_family_one_seed_public_pilot/profile_runs/L2_window_100_current_tiled/seed_167400/checkpoint.pt,100,169915,False,True,False,False,False,False,False,False,False,False,False,False,False
169916,checkpoint,80,True,False,0.2954944682884213,0.2954944682884213,1435.16258377774,0.9897672991570622,1.24855417977012,-0.010952250530089636,1.20219889594188,0.9013926702687738,0.9829794901765312,1.9776168412943806,1.9776168412943806,,False,True,aeb_feasible,False,False,4.10122598612624,1.9115712137588288,2.189654772367411,16.301466559765995,0.20376833199707495,2.2526395593632698,5.007907062077621,0.640063919208014,0.07380616808636238,0.0,7.118298905853569,0.00217348407022655,1,nan,nan,80,2.2526395593632698,0.640063919208014,7.118298905853569,0.20376833199707495,0,nan,nan,nan,nan,0,nan,nan,nan,nan,m1680-spec-0051::L2_window_13,m1680-spec-0051,L2_window_13,T5,actuator_delay_step|t5_near_boundary_warmup,reveal_plus_4,all_72_specs;explicit_window_subset;task_family_T5,t5_near_boundary_warmup,t5_near_boundary_warmup,runs/m1674_controller_family_one_seed_public_pilot/configs/L2_window_13_seed167400.json,runs/m1674_controller_family_one_seed_public_pilot/profile_runs/L2_window_13/seed_167400/checkpoint.pt,13,169916,False,True,False,False,False,False,False,False,False,False,False,False,False
169917,checkpoint,60,True,False,0.6877386303183808,0.6877386303183808,1387.8791515431585,0.9571580355470058,1.1596641577913054,0.06996522056372845,1.0666208138240783,0.8057512339225047,0.8613105802049871,1.2456760730079994,1.2456760730079994,,False,True,aeb_feasible,False,False,5.508493379839488,1.696265579017836,3.8122278008216526,6.140756492980776,0.1023459415496796,2.2139454480195697,5.088215756928214,0.6352372820850712,0.039025605495886254,0.0,9.948851263524936,0.003749073715880513,1,nan,nan,60,2.2139454480195697,0.6352372820850712,9.948851263524936,0.1023459415496796,0,nan,nan,nan,nan,0,nan,nan,nan,nan,m1680-spec-0051::L2_window_13_current_tiled,m1680-spec-0051,L2_window_13_current_tiled,T5,actuator_delay_step|t5_near_boundary_warmup,reveal_plus_4,all_72_specs;explicit_window_subset;task_family_T5,t5_near_boundary_warmup,t5_near_boundary_warmup,runs/m1674_controller_family_one_seed_public_pilot/configs/L2_window_13_current_tiled_seed167400.json,runs/m1674_controller_family_one_seed_public_pilot/profile_runs/L2_window_13_current_tiled/seed_167400/checkpoint.pt,13,169917,False,True,False,False,False,False,False,False,False,False,False,False,False
169918,checkpoint,72,True,False,0.7185341475731832,0.7185341475731832,1420.5305500699844,0.9796762414275755,0.9898757544307275,0.010317384096448778,0.9896173455185102,1.27663247572815,0.8395923100723385,1.5478530755906865,1.5478530755906865,,False,True,aeb_feasible,False,False,15.74265674130089,1.5503742750671017,14.192282466233788,14.696221444452057,0.2041141867285008,2.2249294849636416,5.134493381861766,0.38737360523831504,0.045869244319888834,0.0,8.844678160834665,0.002880586078390479,1,nan,nan,72,2.2249294849636416,0.38737360523831504,8.844678160834665,0.2041141867285008,0,nan,nan,nan,nan,0,nan,nan,nan,nan,m1680-spec-0051::L2_window_25,m1680-spec-0051,L2_window_25,T5,actuator_delay_step|t5_near_boundary_warmup,reveal_plus_4,all_72_specs;explicit_window_subset;task_family_T5,t5_near_boundary_warmup,t5_near_boundary_warmup,runs/m1674_controller_family_one_seed_public_pilot/configs/L2_window_25_seed167400.json,runs/m1674_controller_family_one_seed_public_pilot/profile_runs/L2_window_25/seed_167400/checkpoint.pt,25,169918,False,True,False,False,False,False,False,False,False,False,False,False,False
169919,checkpoint,57,True,False,0.6136362867209764,0.6136362867209764,1245.998605880869,0.8593093833661166,1.1816180105646588,-0.016401290337917374,1.2445374893084988,0.955101883135307,0.8042008667579388,1.8126330944376496,1.8126330944376496,,False,True,aeb_feasible,False,False,19.924367099344465,2.011811505320558,17.912555594023907,3.7544814882471305,0.06586809628503737,2.416964360380882,5.094459250264844,0.5401166318979981,0.06779633081190747,0.0,9.368801666576518,0.003432343015447259,1,nan,nan,57,2.416964360380882,0.5401166318979981,9.368801666576518,0.06586809628503737,0,nan,nan,nan,nan,0,nan,nan,nan,nan,m1680-spec-0051::L2_window_25_current_tiled,m1680-spec-0051,L2_window_25_current_tiled,T5,actuator_delay_step|t5_near_boundary_warmup,reveal_plus_4,all_72_specs;explicit_window_subset;task_family_T5,t5_near_boundary_warmup,t5_near_boundary_warmup,runs/m1674_controller_family_one_seed_public_pilot/configs/L2_window_25_current_tiled_seed167400.json,runs/m1674_controller_family_one_seed_public_pilot/profile_runs/L2_window_25_current_tiled/seed_167400/checkpoint.pt,25,169919,False,True,False,False,False,False,False,False,False,False,False,False,False
169920,checkpoint,65,True,False,0.4849476836464862,0.4849476836464862,1575.851284633957,1.086793989402729,1.1205078201926217,0.06087730042878925,0.9369965141843837,1.2177719857339122,0.8946435053915285,1.801011456178017,1.801011456178017,,False,True,aeb_feasible,False,False,12.92726388145097,2.0320517438096894,10.89521213764128,12.868747212642834,0.1979807263483513,2.4058430070531047,5.018543778893864,0.3132405796025547,0.042235115639904494,0.0,8.26027374188785,0.002638190519064665,1,nan,nan,65,2.4058430070531047,0.3132405796025547,8.26027374188785,0.1979807263483513,0,nan,nan,nan,nan,0,nan,nan,nan,nan,m1680-spec-0051::L2_window_50,m1680-spec-0051,L2_window_50,T5,actuator_delay_step|t5_near_boundary_warmup,reveal_plus_4,all_72_specs;explicit_window_subset;task_family_T5,t5_near_boundary_warmup,t5_near_boundary_warmup,runs/m1674_controller_family_one_seed_public_pilot/configs/L2_window_50_seed167400.json,runs/m1674_controller_family_one_seed_public_pilot/profile_runs/L2_window_50/seed_167400/checkpoint.pt,50,169920,False,True,False,False,False,False,False,False,False,False,False,False,False
169921,checkpoint,59,True,False,0.6824347246104632,0.6824347246104632,1674.5901844521175,1.1548897823807707,1.1626568740330123,0.0951007361438283,0.7336189894982088,0.6047340716918431,1.1247569664597419,1.0392773921934584,1.0392773921934584,,False,True,aeb_feasible,False,False,6.248137959810272,2.21673720782658,4.031400751983692,23.59442041628256,0.3999054307844502,2.286157019221479,5.169721098628894,0.32987880784463863,0.04480288397013934,0.0,10.235267904813375,0.0040309191681444645,1,nan,nan,59,2.286157019221479,0.32987880784463863,10.235267904813375,0.3999054307844502,0,nan,nan,nan,nan,0,nan,nan,nan,nan,m1680-spec-0051::L2_window_50_current_tiled,m1680-spec-0051,L2_window_50_current_tiled,T5,actuator_delay_step|t5_near_boundary_warmup,reveal_plus_4,all_72_specs;explicit_window_subset;task_family_T5,t5_near_boundary_warmup,t5_near_boundary_warmup,runs/m1674_controller_family_one_seed_public_pilot/configs/L2_window_50_current_tiled_seed167400.json,runs/m1674_controller_family_one_seed_public_pilot/profile_runs/L2_window_50_current_tiled/seed_167400/checkpoint.pt,50,169921,False,True,False,False,False,False,False,False,False,False,False,False,False
169922,checkpoint,71,True,False,0.9922600631100422,0.9922600631100422,1377.0293675221574,0.9496754258773499,1.1821372171663735,0.04602638343243237,0.8960571454518217,0.9481647972697054,1.1018088594489348,1.3452601546066367,1.3452601546066367,,False,True,aeb_feasible,False,False,11.824676760705776,1.8544976593342164,9.97017910137156,31.072567250854387,0.4376417922655548,2.3365943886482263,5.136010731925612,0.48213580288890684,0.012607461524229483,0.0,12.274609072601107,0.0016572424210608006,1,nan,nan,71,2.3365943886482263,0.48213580288890684,12.274609072601107,0.4376417922655548,0,nan,nan,nan,nan,0,nan,nan,nan,nan,m1680-spec-0051::L3_online_gru,m1680-spec-0051,L3_online_gru,T5,actuator_delay_step|t5_near_boundary_warmup,reveal_plus_4,all_72_specs;explicit_window_subset;task_family_T5,t5_near_boundary_warmup,t5_near_boundary_warmup,runs/m1674_controller_family_one_seed_public_pilot/configs/L3_online_gru_seed167400.json,runs/m1674_controller_family_one_seed_public_pilot/profile_runs/L3_online_gru/seed_167400/checkpoint.pt,1,169922,False,True,False,False,False,False,False,False,False,False,False,False,False
169923,checkpoint,77,True,False,0.5252608990946417,0.5252608990946417,1472.7475239796554,1.015687947572176,1.199125400173653,-0.03429805903670924,1.0450409337078017,0.6075948789485991,1.05156887681916,1.2505469192561387,1.2505469192561387,,False,True,aeb_feasible,False,False,13.934467761389183,2.080277572237226,11.854190189151957,41.62603966376771,0.540597917711269,2.32930026602298,5.07066226034139,0.4612270154429617,0.05796365342897654,0.0,10.282385030609648,0.0008713910938240588,1,nan,nan,77,2.32930026602298,0.4612270154429617,10.282385030609648,0.540597917711269,0,nan,nan,nan,nan,0,nan,nan,nan,nan,m1680-spec-0051::L3_reset_control_corrected,m1680-spec-0051,L3_reset_control_corrected,T5,actuator_delay_step|t5_near_boundary_warmup,reveal_plus_4,all_72_specs;explicit_window_subset;task_family_T5,t5_near_boundary_warmup,t5_near_boundary_warmup,runs/m1674_controller_family_one_seed_public_pilot/configs/L3_reset_control_corrected_seed167400.json,runs/m1674_controller_family_one_seed_public_pilot/profile_runs/L3_reset_control_corrected/seed_167400/checkpoint.pt,1,169923,False,True,False,False,False,False,False,False,False,False,False,False,False
169924,checkpoint,57,True,False,0.8370057195071509,0.8370057195071509,1397.9481795176018,0.9641021927707599,1.0485161412715693,-0.05194486787885655,1.1485118364387858,0.6730411512257747,0.8241113422871553,1.9912519839903489,1.991251983990349,,False,True,aeb_feasible,True,False,1.570570271405763,1.6878973782464077,-0.11732710684064473,21.615803641971837,0.3792246252977515,1.3084723947278818,2.967676695277735,0.4331610517684443,0.04018273345279536,0.0,9.720423282184337,0.002145052421838045,1,nan,nan,57,1.3084723947278818,0.4331610517684443,9.720423282184337,0.3792246252977515,0,nan,nan,nan,nan,0,nan,nan,nan,nan,m1680-spec-0052::L0_current_masked,m1680-spec-0052,L0_current_masked,T5,capability_step_down|t5_near_boundary_warmup,decision_minus_24,all_72_specs;explicit_window_subset;task_family_T5,t5_near_boundary_warmup,t5_near_boundary_warmup,runs/m1674_controller_family_one_seed_public_pilot/configs/L0_current_masked_seed167400.json,runs/m1674_controller_family_one_seed_public_pilot/profile_runs/L0_current_masked/seed_167400/checkpoint.pt,1,169924,False,True,False,False,False,False,False,False,False,False,False,False,False
169925,checkpoint,107,True,False,0.32616968440947564,0.32616968440947564,1414.5273805407703,0.9755361245108761,0.8688846545096726,0.08411728792012862,0.8202175495263043,0.8387412747336418,0.7916200579148067,1.6792462220674822,1.6792462220674822,,False,True,aeb_feasible,False,False,9.620023264820858,2.1890134190133206,7.431009845807537,24.221027479143316,0.22636474279573193,2.3563922478651755,5.020163190814809,0.5412825529388138,0.03463842120354726,0.0,6.986915902108929,0.0012487653875723481,1,nan,nan,107,2.3563922478651755,0.5412825529388138,6.986915902108929,0.22636474279573193,0,nan,nan,nan,nan,0,nan,nan,nan,nan,m1680-spec-0052::L1_one_step,m1680-spec-0052,L1_one_step,T5,capability_step_down|t5_near_boundary_warmup,decision_minus_24,all_72_specs;explicit_window_subset;task_family_T5,t5_near_boundary_warmup,t5_near_boundary_warmup,runs/m1674_controller_family_one_seed_public_pilot/configs/L1_one_step_seed167400.json,runs/m1674_controller_family_one_seed_public_pilot/profile_runs/L1_one_step/seed_167400/checkpoint.pt,1,169925,False,True,False,False,False,False,False,False,False,False,False,False,False
169926,checkpoint,54,True,False,0.6170735215485856,0.6170735215485856,1518.9992864622548,1.047585714801555,1.1797674790190058,-0.11198530158269127,0.876009696936457,1.23913806755264,1.0938765923858516,0.974189543172907,0.974189543172907,,False,True,aeb_feasible,False,False,15.075249391010496,1.737251942416188,13.337997448594308,9.196872901272194,0.17031246113467025,2.620003398597909,5.0867491271444365,0.33901409653481607,0.08043121373821352,0.0,9.62694987600242,0.0029715350829064846,1,nan,nan,54,2.620003398597909,0.33901409653481607,9.62694987600242,0.17031246113467025,0,nan,nan,nan,nan,0,nan,nan,nan,nan,m1680-spec-0052::L2_window_100,m1680-spec-0052,L2_window_100,T5,capability_step_down|t5_near_boundary_warmup,decision_minus_24,all_72_specs;explicit_window_subset;task_family_T5,t5_near_boundary_warmup,t5_near_boundary_warmup,runs/m1674_controller_family_one_seed_public_pilot/configs/L2_window_100_seed167400.json,runs/m1674_controller_family_one_seed_public_pilot/profile_runs/L2_window_100/seed_167400/checkpoint.pt,100,169926,False,True,False,False,False,False,False,False,False,False,False,False,False
169927,checkpoint,75,True,False,0.3084623205810114,0.3084623205810114,1266.6537472194045,0.8735543084271755,1.1112419364009853,-0.059071050862904206,1.0666749781025264,0.5270387822671389,0.9113993983057098,1.3611617502695337,1.3611617502695337,,False,True,aeb_feasible,False,False,8.68658392215733,1.7305233885928901,6.9560605335644405,19.01561035146408,0.2535414713528544,2.4447250224630013,5.0930410367459515,0.5885206735815852,0.3713913250738534,0.02666666666666667,7.575470076439259,0.003029388841241598,1,nan,nan,75,2.4447250224630013,0.5885206735815852,7.575470076439259,0.2535414713528544,0,nan,nan,nan,nan,0,nan,nan,nan,nan,m1680-spec-0052::L2_window_100_current_tiled,m1680-spec-0052,L2_window_100_current_tiled,T5,capability_step_down|t5_near_boundary_warmup,decision_minus_24,all_72_specs;explicit_window_subset;task_family_T5,t5_near_boundary_warmup,t5_near_boundary_warmup,runs/m1674_controller_family_one_seed_public_pilot/configs/L2_window_100_current_tiled_seed167400.json,runs/m1674_controller_family_one_seed_public_pilot/profile_runs/L2_window_100_current_tiled/seed_167400/checkpoint.pt,100,169927,False,True,False,False,False,False,False,False,False,False,False,False,False
169928,checkpoint,66,True,False,0.5107371825948608,0.5107371825948608,1608.410004028556,1.1092482786403834,1.0618790554029993,-0.04705002492971233,0.7911500049370694,0.7824098068435409,1.0433473411178307,1.9755541464125246,1.9755541464125246,,False,True,aeb_feasible,False,False,12.460036197030004,1.8545729589047282,10.605463238125274,10.54770891472824,0.15981377143527636,2.1907855687236406,5.050069520936823,0.6778409219106828,0.03876411742711743,0.0,9.240843411268118,0.0027393517084419727,1,nan,nan,66,2.1907855687236406,0.6778409219106828,9.240843411268118,0.15981377143527636,0,nan,nan,nan,nan,0,nan,nan,nan,nan,m1680-spec-0052::L2_window_13,m1680-spec-0052,L2_window_13,T5,capability_step_down|t5_near_boundary_warmup,decision_minus_24,all_72_specs;explicit_window_subset;task_family_T5,t5_near_boundary_warmup,t5_near_boundary_warmup,runs/m1674_controller_family_one_seed_public_pilot/configs/L2_window_13_seed167400.json,runs/m1674_controller_family_one_seed_public_pilot/profile_runs/L2_window_13/seed_167400/checkpoint.pt,13,169928,False,True,False,False,False,False,False,False,False,False,False,False,False
169929,checkpoint,69,True,False,0.6508207111104993,0.6508207111104993,1510.9721891047925,1.0420497855895121,1.2162720371229812,0.024407827739257426,0.8798279217486877,1.2705929017331075,0.9729079433716192,2.1447062986194294,2.1447062986194294,,False,True,aeb_feasible,False,False,12.04713806194467,1.5665328075686928,10.480605254375977,1.5039119742352627,0.021795825713554533,2.2166262389618243,5.125837686377739,0.6533336135566246,0.04497544745507097,0.0,9.036750920470746,0.0030769002623856068,1,nan,nan,69,2.2166262389618243,0.6533336135566246,9.036750920470746,0.021795825713554533,0,nan,nan,nan,nan,0,nan,nan,nan,nan,m1680-spec-0052::L2_window_13_current_tiled,m1680-spec-0052,L2_window_13_current_tiled,T5,capability_step_down|t5_near_boundary_warmup,decision_minus_24,all_72_specs;explicit_window_subset;task_family_T5,t5_near_boundary_warmup,t5_near_boundary_warmup,runs/m1674_controller_family_one_seed_public_pilot/configs/L2_window_13_current_tiled_seed167400.json,runs/m1674_controller_family_one_seed_public_pilot/profile_runs/L2_window_13_current_tiled/seed_167400/checkpoint.pt,13,169929,False,True,False,False,False,False,False,False,False,False,False,False,False
169930,checkpoint,58,True,False,0.5935286785895615,0.5935286785895615,1236.6941823622415,0.8528925395601665,1.2323684497334735,0.06863006118636439,0.9497060673574665,0.4804870113483566,0.8652022190663533,1.8213312106808441,1.8213312106808444,,False,True,aeb_feasible,False,False,5.3646775294404545,1.773717383897115,3.5909601455433395,10.017959559117335,0.17272344067443682,2.3140990199882716,5.119543567516338,0.6252715311476827,0.03534310489000413,0.0,9.888040535515659,0.0029806613456457853,1,nan,nan,58,2.3140990199882716,0.6252715311476827,9.888040535515659,0.17272344067443682,0,nan,nan,nan,nan,0,nan,nan,nan,nan,m1680-spec-0052::L2_window_25,m1680-spec-0052,L2_window_25,T5,capability_step_down|t5_near_boundary_warmup,decision_minus_24,all_72_specs;explicit_window_subset;task_family_T5,t5_near_boundary_warmup,t5_near_boundary_warmup,runs/m1674_controller_family_one_seed_public_pilot/configs/L2_window_25_seed167400.json,runs/m1674_controller_family_one_seed_public_pilot/profile_runs/L2_window_25/seed_167400/checkpoint.pt,25,169930,False,True,False,False,False,False,False,False,False,False,False,False,False
169931,checkpoint,63,True,False,0.7331591655568568,0.7331591655568568,1651.0253427501925,1.1386381674139259,1.076515623463491,0.11136426661179044,1.1168211984557528,1.1075063920681116,1.1192223127603227,1.9866928650103213,1.9866928650103213,,False,True,aeb_feasible,False,False,5.44021878635835,1.5578680867532513,3.8823506996050985,22.867734433689535,0.3629799116458656,2.2486647168861134,5.040667713335331,0.3166697905451333,0.06719143333411758,0.0,9.559119832861521,0.0033844925928860903,1,nan,nan,63,2.2486647168861134,0.3166697905451333,9.559119832861521,0.3629799116458656,0,nan,nan,nan,nan,0,nan,nan,nan,nan,m1680-spec-0052::L2_window_25_current_tiled,m1680-spec-0052,L2_window_25_current_tiled,T5,capability_step_down|t5_near_boundary_warmup,decision_minus_24,all_72_specs;explicit_window_subset;task_family_T5,t5_near_boundary_warmup,t5_near_boundary_warmup,runs/m1674_controller_family_one_seed_public_pilot/configs/L2_window_25_current_tiled_seed167400.json,runs/m1674_controller_family_one_seed_public_pilot/profile_runs/L2_window_25_current_tiled/seed_167400/checkpoint.pt,25,169931,False,True,False,False,False,False,False,False,False,False,False,False,False
169932,checkpoint,61,True,False,0.9299029447144789,0.9299029447144789,1401.2613997855922,0.9663871722659256,1.0261669017264226,-0.03645815535124575,0.7988545313563051,1.0602603390306355,0.992000504935364,1.9839372678743437,1.9839372678743437,,False,True,aeb_feasible,False,False,5.881196592700455,1.9680598356253318,3.913136757075123,3.4336018545282694,0.05628855499226671,2.312426474868053,5.087884250036311,0.6599002092961745,0.044546186313435834,0.0,9.669531749151723,0.00278738746419549,1,nan,nan,61,2.312426474868053,0.6599002092961745,9.669531749151723,0.05628855499226671,0,nan,nan,nan,nan,0,nan,nan,nan,nan,m1680-spec-0052::L2_window_50,m1680-spec-0052,L2_window_50,T5,capability_step_down|t5_near_boundary_warmup,decision_minus_24,all_72_specs;explicit_window_subset;task_family_T5,t5_near_boundary_warmup,t5_near_boundary_warmup,runs/m1674_controller_family_one_seed_public_pilot/configs/L2_window_50_seed167400.json,runs/m1674_controller_family_one_seed_public_pilot/profile_runs/L2_window_50/seed_167400/checkpoint.pt,50,169932,False,True,False,False,False,False,False,False,False,False,False,False,False
169933,checkpoint,58,True,False,1.0045021560680545,1.0045021560680545,1677.5810949299082,1.1569524792620056,1.236200766819496,0.01433577729054436,0.7944434294563034,0.5958552443458617,0.8302252544132143,1.7349122541563236,1.7349122541563236,,False,True,aeb_feasible,False,False,8.31951199731657,1.6758443614449572,6.643667635871612,8.830618557888874,0.1522520441015323,2.394688169838446,5.13447980381417,0.5343742553546496,0.033426727243554,0.0,9.731525970323844,0.003431626595556736,1,nan,nan,58,2.394688169838446,0.5343742553546496,9.731525970323844,0.1522520441015323,0,nan,nan,nan,nan,0,nan,nan,nan,nan,m1680-spec-0052::L2_window_50_current_tiled,m1680-spec-0052,L2_window_50_current_tiled,T5,capability_step_down|t5_near_boundary_warmup,decision_minus_24,all_72_specs;explicit_window_subset;task_family_T5,t5_near_boundary_warmup,t5_near_boundary_warmup,runs/m1674_controller_family_one_seed_public_pilot/configs/L2_window_50_current_tiled_seed167400.json,runs/m1674_controller_family_one_seed_public_pilot/profile_runs/L2_window_50_current_tiled/seed_167400/checkpoint.pt,50,169933,False,True,False,False,False,False,False,False,False,False,False,False,False
169934,checkpoint,112,True,False,0.3771509973147732,0.3771509973147732,1521.7567285618588,1.0494873990081786,1.0760212778031857,0.05537611122738628,0.9522237006234349,1.2757819068317655,1.0546380036341028,1.3512331536408282,1.3512331536408282,,False,True,aeb_feasible,False,False,3.9544139421999844,1.597401830776453,2.3570121114235314,67.76848673327808,0.6050757744042686,2.0843153684806133,5.015542651971668,0.42348116460359103,0.015081019808947186,0.0,8.404480640769902,0.0010730689391493797,1,nan,nan,112,2.0843153684806133,0.42348116460359103,8.404480640769902,0.6050757744042686,0,nan,nan,nan,nan,0,nan,nan,nan,nan,m1680-spec-0052::L3_online_gru,m1680-spec-0052,L3_online_gru,T5,capability_step_down|t5_near_boundary_warmup,decision_minus_24,all_72_specs;explicit_window_subset;task_family_T5,t5_near_boundary_warmup,t5_near_boundary_warmup,runs/m1674_controller_family_one_seed_public_pilot/configs/L3_online_gru_seed167400.json,runs/m1674_controller_family_one_seed_public_pilot/profile_runs/L3_online_gru/seed_167400/checkpoint.pt,1,169934,False,True,False,False,False,False,False,False,False,False,False,False,False
169935,checkpoint,52,True,False,0.7550947108772066,0.7550947108772066,1504.9800161806206,1.037917252538359,1.0700704102739247,0.1123529178146514,0.7816706955317273,1.0859332869151432,0.9976177849793205,1.1595292989967434,1.1595292989967434,,False,True,aeb_feasible,True,False,1.965755538514985,1.99109414459951,-0.025338606084525095,18.038807749639997,0.3469001490315384,0.7442535000562457,1.7668309584271,0.6778142314727741,0.013163630136448114,0.0,10.245682404150957,0.0010997970821335912,1,nan,nan,52,0.7442535000562457,0.6778142314727741,10.245682404150957,0.3469001490315384,0,nan,nan,nan,nan,0,nan,nan,nan,nan,m1680-spec-0052::L3_reset_control_corrected,m1680-spec-0052,L3_reset_control_corrected,T5,capability_step_down|t5_near_boundary_warmup,decision_minus_24,all_72_specs;explicit_window_subset;task_family_T5,t5_near_boundary_warmup,t5_near_boundary_warmup,runs/m1674_controller_family_one_seed_public_pilot/configs/L3_reset_control_corrected_seed167400.json,runs/m1674_controller_family_one_seed_public_pilot/profile_runs/L3_reset_control_corrected/seed_167400/checkpoint.pt,1,169935,False,True,False,False,False,False,False,False,False,False,False,False,False
169936,checkpoint,73,True,False,0.6649233662571818,0.6649233662571818,1504.6503108994848,1.0376898695858516,1.1482934868877417,-0.0008857800432475749,0.9151277731785494,0.7518658256126028,0.9553217365482962,2.5714800778415636,2.5714800778415636,,False,True,aeb_feasible,False,False,13.368508612564675,2.333557978338259,11.034950634226416,27.9337507367074,0.3826541196809233,2.311134417756456,5.125354628967653,0.39263908650822443,0.01700619469960271,0.0,10.161789791147177,0.0018334490014240146,1,nan,nan,73,2.311134417756456,0.39263908650822443,10.161789791147177,0.3826541196809233,0,nan,nan,nan,nan,0,nan,nan,nan,nan,m1680-spec-0053::L0_current_masked,m1680-spec-0053,L0_current_masked,T5,curved_boundary_obstacle|t5_boundary_axis_retarget,decision_minus_32,all_72_specs;explicit_window_subset;task_family_T5,t5_boundary_axis_retarget,t5_boundary_axis_retarget,runs/m1674_controller_family_one_seed_public_pilot/configs/L0_current_masked_seed167400.json,runs/m1674_controller_family_one_seed_public_pilot/profile_runs/L0_current_masked/seed_167400/checkpoint.pt,1,169936,False,True,False,False,False,False,False,False,False,False,False,False,False
169937,checkpoint,66,True,False,0.9249492094484038,0.9249492094484038,1660.720339303202,1.1453243719332429,1.037724981315291,-0.05507582729359761,1.175791202189811,0.6454317172768643,1.1113519441471214,1.7274445542457668,1.7274445542457668,,False,True,aeb_feasible,False,False,7.264796945089026,2.2656457898902964,4.99915115519873,19.560931117459525,0.2963777442039322,2.2516194890619357,5.127419455148132,0.5746412273283649,0.01788109688374073,0.0,11.206194037269087,0.0021942455787211657,1,nan,nan,66,2.2516194890619357,0.5746412273283649,11.206194037269087,0.2963777442039322,0,nan,nan,nan,nan,0,nan,nan,nan,nan,m1680-spec-0053::L1_one_step,m1680-spec-0053,L1_one_step,T5,curved_boundary_obstacle|t5_boundary_axis_retarget,decision_minus_32,all_72_specs;explicit_window_subset;task_family_T5,t5_boundary_axis_retarget,t5_boundary_axis_retarget,runs/m1674_controller_family_one_seed_public_pilot/configs/L1_one_step_seed167400.json,runs/m1674_controller_family_one_seed_public_pilot/profile_runs/L1_one_step/seed_167400/checkpoint.pt,1,169937,False,True,False,False,False,False,False,False,False,False,False,False,False
169938,checkpoint,52,True,False,0.8296199104115936,0.8296199104115936,1677.8166477043037,1.157114929451244,0.9752387696317167,0.10078650664924726,1.032599862508973,0.9329745684203804,1.0911024885168976,1.0226315879411778,1.0226315879411778,,False,True,aeb_feasible,False,False,8.858222703536383,1.729043958728569,7.129178744807813,13.282202168367823,0.2554269647763043,2.4175831703439625,5.085151747994772,0.36216929493754474,0.035528233291896694,0.0,10.81938823434338,0.0031067209783941507,1,nan,nan,52,2.4175831703439625,0.36216929493754474,10.81938823434338,0.2554269647763043,0,nan,nan,nan,nan,0,nan,nan,nan,nan,m1680-spec-0053::L2_window_100,m1680-spec-0053,L2_window_100,T5,curved_boundary_obstacle|t5_boundary_axis_retarget,decision_minus_32,all_72_specs;explicit_window_subset;task_family_T5,t5_boundary_axis_retarget,t5_boundary_axis_retarget,runs/m1674_controller_family_one_seed_public_pilot/configs/L2_window_100_seed167400.json,runs/m1674_controller_family_one_seed_public_pilot/profile_runs/L2_window_100/seed_167400/checkpoint.pt,100,169938,False,True,False,False,False,False,False,False,False,False,False,False,False
169939,checkpoint,69,True,False,0.5462096507491637,0.5462096507491637,1719.525127166561,1.1858793980459041,1.1206628913433798,0.03577402465684676,0.5420935141618852,1.0456136624496866,0.7831113922415972,2.2231204052295745,2.2231204052295745,,False,True,aeb_feasible,False,False,8.305165827546114,1.7506567866747726,6.554509040871341,-0.678152275168213,-0.00982829384301758,2.280363722262918,5.10775565140154,0.6768778336801488,0.044335451670247515,0.0,8.862110414544583,0.002656445372849703,1,nan,nan,69,2.280363722262918,0.6768778336801488,8.862110414544583,-0.00982829384301758,0,nan,nan,nan,nan,0,nan,nan,nan,nan,m1680-spec-0053::L2_window_100_current_tiled,m1680-spec-0053,L2_window_100_current_tiled,T5,curved_boundary_obstacle|t5_boundary_axis_retarget,decision_minus_32,all_72_specs;explicit_window_subset;task_family_T5,t5_boundary_axis_retarget,t5_boundary_axis_retarget,runs/m1674_controller_family_one_seed_public_pilot/configs/L2_window_100_current_tiled_seed167400.json,runs/m1674_controller_family_one_seed_public_pilot/profile_runs/L2_window_100_current_tiled/seed_167400/checkpoint.pt,100,169939,False,True,False,False,False,False,False,False,False,False,False,False,False
169940,checkpoint,58,True,False,0.9277376315633221,0.9277376315633221,1576.3144152301425,1.0871133898138914,1.007613158370881,0.09576854712106297,1.138414225656848,1.0824338771054205,0.9399991561436798,2.22796673585625,2.22796673585625,,False,True,aeb_feasible,False,False,7.550380327798097,1.7313974469250875,5.818982880873009,13.380155196587264,0.23069233097564248,2.292885260410377,5.103789597645402,0.3725154307306161,0.030991075471876305,0.0,10.229014741054394,0.002776084002107382,1,nan,nan,58,2.292885260410377,0.3725154307306161,10.229014741054394,0.23069233097564248,0,nan,nan,nan,nan,0,nan,nan,nan,nan,m1680-spec-0053::L2_window_13,m1680-spec-0053,L2_window_13,T5,curved_boundary_obstacle|t5_boundary_axis_retarget,decision_minus_32,all_72_specs;explicit_window_subset;task_family_T5,t5_boundary_axis_retarget,t5_boundary_axis_retarget,runs/m1674_controller_family_one_seed_public_pilot/configs/L2_window_13_seed167400.json,runs/m1674_controller_family_one_seed_public_pilot/profile_runs/L2_window_13/seed_167400/checkpoint.pt,13,169940,False,True,False,False,False,False,False,False,False,False,False,False,False
169941,checkpoint,53,True,False,1.0362456354946041,1.0362456354946041,1397.71548421352,0.9639417132507035,1.2209274457881836,0.0946473156118588,1.2530188415245327,0.7737908887465802,0.8357910248481364,1.0683446868110056,1.0683446868110056,,False,True,aeb_feasible,False,False,3.4942761886585263,2.0721239190721024,1.422152269586424,18.535777485786195,0.3497316506752112,2.266960758433286,5.0186834810292,0.3441740754312998,0.10373320899880334,0.0,11.769953259492903,0.004002996254712343,1,nan,nan,53,2.266960758433286,0.3441740754312998,11.769953259492903,0.3497316506752112,0,nan,nan,nan,nan,0,nan,nan,nan,nan,m1680-spec-0053::L2_window_13_current_tiled,m1680-spec-0053,L2_window_13_current_tiled,T5,curved_boundary_obstacle|t5_boundary_axis_retarget,decision_minus_32,all_72_specs;explicit_window_subset;task_family_T5,t5_boundary_axis_retarget,t5_boundary_axis_retarget,runs/m1674_controller_family_one_seed_public_pilot/configs/L2_window_13_current_tiled_seed167400.json,runs/m1674_controller_family_one_seed_public_pilot/profile_runs/L2_window_13_current_tiled/seed_167400/checkpoint.pt,13,169941,False,True,False,False,False,False,False,False,False,False,False,False,False
169942,checkpoint,63,True,False,0.7656549392124337,0.7656549392124337,1382.1998229206722,0.9532412571866705,1.1479187656517174,0.07253540593292307,1.0431388964719759,0.7509022089640335,0.7843054631988163,2.708738736205001,2.708738736205001,,False,True,aeb_feasible,False,False,17.705930735253272,1.9188572596422482,15.787073475611024,8.927884425023175,0.14171245119084405,2.2386344078856464,5.163173781350952,0.5764796655942894,0.03405255741043829,0.0,9.934435379285649,0.0027891353238373995,1,nan,nan,63,2.2386344078856464,0.5764796655942894,9.934435379285649,0.14171245119084405,0,nan,nan,nan,nan,0,nan,nan,nan,nan,m1680-spec-0053::L2_window_25,m1680-spec-0053,L2_window_25,T5,curved_boundary_obstacle|t5_boundary_axis_retarget,decision_minus_32,all_72_specs;explicit_window_subset;task_family_T5,t5_boundary_axis_retarget,t5_boundary_axis_retarget,runs/m1674_controller_family_one_seed_public_pilot/configs/L2_window_25_seed167400.json,runs/m1674_controller_family_one_seed_public_pilot/profile_runs/L2_window_25/seed_167400/checkpoint.pt,25,169942,False,True,False,False,False,False,False,False,False,False,False,False,False
169943,checkpoint,70,True,False,0.537422113038571,0.537422113038571,1368.8551174074253,0.9440380120051208,0.9747134056418967,-0.10785264004919481,0.528050513603135,1.0177710764266545,1.1012683854412124,2.2861030557966218,2.2861030557966218,,False,True,aeb_feasible,False,False,7.905618717257997,1.7357126437134087,6.169906073544588,14.283350138827055,0.2040478591261008,2.197763795598382,5.083753621268183,0.6683153687885026,0.07688749814477967,0.0,9.418316686074718,0.002872362034395337,1,nan,nan,70,2.197763795598382,0.6683153687885026,9.418316686074718,0.2040478591261008,0,nan,nan,nan,nan,0,nan,nan,nan,nan,m1680-spec-0053::L2_window_25_current_tiled,m1680-spec-0053,L2_window_25_current_tiled,T5,curved_boundary_obstacle|t5_boundary_axis_retarget,decision_minus_32,all_72_specs;explicit_window_subset;task_family_T5,t5_boundary_axis_retarget,t5_boundary_axis_retarget,runs/m1674_controller_family_one_seed_public_pilot/configs/L2_window_25_current_tiled_seed167400.json,runs/m1674_controller_family_one_seed_public_pilot/profile_runs/L2_window_25_current_tiled/seed_167400/checkpoint.pt,25,169943,False,True,False,False,False,False,False,False,False,False,False,False,False
169944,checkpoint,61,True,False,0.756163986439679,0.756163986439679,1646.9052538045366,1.1357967267617495,1.0644332167196406,0.07427028593592411,1.4516558087645919,1.0850163059033777,0.7932926510481276,1.4069441266319718,1.4069441266319718,,False,True,aeb_feasible,False,False,14.876374229952418,1.95572738855715,12.920646841395268,12.686997106118014,0.20798355911668875,2.3769324056452623,5.022147704018334,0.3120543037393723,0.04424063643167917,0.0,8.871754265023652,0.002658386016264558,1,nan,nan,61,2.3769324056452623,0.3120543037393723,8.871754265023652,0.20798355911668875,0,nan,nan,nan,nan,0,nan,nan,nan,nan,m1680-spec-0053::L2_window_50,m1680-spec-0053,L2_window_50,T5,curved_boundary_obstacle|t5_boundary_axis_retarget,decision_minus_32,all_72_specs;explicit_window_subset;task_family_T5,t5_boundary_axis_retarget,t5_boundary_axis_retarget,runs/m1674_controller_family_one_seed_public_pilot/configs/L2_window_50_seed167400.json,runs/m1674_controller_family_one_seed_public_pilot/profile_runs/L2_window_50/seed_167400/checkpoint.pt,50,169944,False,True,False,False,False,False,False,False,False,False,False,False,False
169945,checkpoint,60,True,False,0.6864792795536796,0.6864792795536796,1479.6087498939935,1.020419827513099,1.0664132385494716,-0.11467069837940547,1.187798665450732,1.2124167480924275,1.0036054208404472,2.5045273773081425,2.5045273773081425,,False,True,aeb_feasible,False,False,8.411596748099566,2.256953664300147,6.154643083799419,17.554540001482163,0.29257566669136936,2.2917419822652003,5.011864042796262,0.34382136967638566,0.04395098496559466,0.0,9.852916877860782,0.0030578146688640118,1,nan,nan,60,2.2917419822652003,0.34382136967638566,9.852916877860782,0.29257566669136936,0,nan,nan,nan,nan,0,nan,nan,nan,nan,m1680-spec-0053::L2_window_50_current_tiled,m1680-spec-0053,L2_window_50_current_tiled,T5,curved_boundary_obstacle|t5_boundary_axis_retarget,decision_minus_32,all_72_specs;explicit_window_subset;task_family_T5,t5_boundary_axis_retarget,t5_boundary_axis_retarget,runs/m1674_controller_family_one_seed_public_pilot/configs/L2_window_50_current_tiled_seed167400.json,runs/m1674_controller_family_one_seed_public_pilot/profile_runs/L2_window_50_current_tiled/seed_167400/checkpoint.pt,50,169945,False,True,False,False,False,False,False,False,False,False,False,False,False
169946,checkpoint,96,False,True,0.7089293745029384,0.7089293745029384,1468.6843960512163,1.0128857903801491,1.128362019104203,0.005159384025894331,1.3074245463608272,0.9640696011147833,0.7238815291720442,0.8307482083331007,0.8307482083331007,,False,True,aeb_feasible,False,True,5.422517732939419,1.9366794968279222,3.4858382361114972,72.20480172392384,0.7521333512908733,1.8460773150191851,4.467286763278931,0.336656318218936,0.0662056582216228,0.0,9.95731898384056,0.001259980839677155,1,nan,nan,96,1.8460773150191851,0.336656318218936,9.95731898384056,0.7521333512908733,0,nan,nan,nan,nan,0,nan,nan,nan,nan,m1680-spec-0053::L3_online_gru,m1680-spec-0053,L3_online_gru,T5,curved_boundary_obstacle|t5_boundary_axis_retarget,decision_minus_32,all_72_specs;explicit_window_subset;task_family_T5,t5_boundary_axis_retarget,t5_boundary_axis_retarget,runs/m1674_controller_family_one_seed_public_pilot/configs/L3_online_gru_seed167400.json,runs/m1674_controller_family_one_seed_public_pilot/profile_runs/L3_online_gru/seed_167400/checkpoint.pt,1,169946,False,True,False,False,False,False,False,False,False,False,False,False,True
169947,checkpoint,69,False,True,0.6243595626398748,0.6243595626398748,1535.3080057162053,1.0588331073904864,1.0498965788111951,-0.06490904256323327,1.3279271062541316,0.9609275874756944,1.0109196095849158,3.1022201770592837,3.1022201770592837,,False,True,aeb_feasible,False,True,2.884513332593126,2.0687004213731637,0.8158129112199624,71.40932104880346,1.0349176963594704,0.7041407827888878,1.8450658682554426,0.5542198294738704,0.062337400321356366,0.0,9.75852120391952,0.0009706933051347733,1,nan,nan,69,0.7041407827888878,0.5542198294738704,9.75852120391952,1.0349176963594704,0,nan,nan,nan,nan,0,nan,nan,nan,nan,m1680-spec-0053::L3_reset_control_corrected,m1680-spec-0053,L3_reset_control_corrected,T5,curved_boundary_obstacle|t5_boundary_axis_retarget,decision_minus_32,all_72_specs;explicit_window_subset;task_family_T5,t5_boundary_axis_retarget,t5_boundary_axis_retarget,runs/m1674_controller_family_one_seed_public_pilot/configs/L3_reset_control_corrected_seed167400.json,runs/m1674_controller_family_one_seed_public_pilot/profile_runs/L3_reset_control_corrected/seed_167400/checkpoint.pt,1,169947,False,True,False,False,False,False,False,False,False,False,False,False,True
169948,checkpoint,111,True,False,0.5358071298283362,0.5358071298283362,1550.2196350092518,1.0691169896615529,1.2223005624561512,-0.011089349413534899,1.1973345366812238,1.3374771733982604,0.8114417169595345,1.788678326944311,1.7886783269443107,,False,True,aeb_feasible,False,False,3.657294680824239,1.7588885168529842,1.8984061639712548,16.82116470871594,0.1515420244028463,2.256438624517331,5.021362433233026,0.5520418397902739,0.0369030852515238,0.0,7.7855044908328255,0.001210286864079535,1,nan,nan,111,2.256438624517331,0.5520418397902739,7.7855044908328255,0.1515420244028463,0,nan,nan,nan,nan,0,nan,nan,nan,nan,m1680-spec-0054::L0_current_masked,m1680-spec-0054,L0_current_masked,T5,actuator_delay_step|t5_near_boundary_warmup,reveal_plus_4,all_72_specs;explicit_window_subset;task_family_T5,t5_near_boundary_warmup,t5_near_boundary_warmup,runs/m1674_controller_family_one_seed_public_pilot/configs/L0_current_masked_seed167400.json,runs/m1674_controller_family_one_seed_public_pilot/profile_runs/L0_current_masked/seed_167400/checkpoint.pt,1,169948,False,True,False,False,False,False,False,False,False,False,False,False,False
169949,checkpoint,74,True,False,0.7252533125434474,0.7252533125434474,1325.5166423838489,0.9141494085405855,0.9077191945270414,0.06404060128466749,0.932401084871763,0.7937118804458334,0.8115253252273906,1.8463596291765374,1.8463596291765374,,False,True,aeb_feasible,False,False,3.5296771308499064,1.563454073926449,1.9662230569234573,26.940047087617952,0.3640546903732156,2.3686475731314776,5.060779716466456,0.3389631567592836,0.019958501451118552,0.0,10.35226774042536,0.001852175104431808,1,nan,nan,74,2.3686475731314776,0.3389631567592836,10.35226774042536,0.3640546903732156,0,nan,nan,nan,nan,0,nan,nan,nan,nan,m1680-spec-0054::L1_one_step,m1680-spec-0054,L1_one_step,T5,actuator_delay_step|t5_near_boundary_warmup,reveal_plus_4,all_72_specs;explicit_window_subset;task_family_T5,t5_near_boundary_warmup,t5_near_boundary_warmup,runs/m1674_controller_family_one_seed_public_pilot/configs/L1_one_step_seed167400.json,runs/m1674_controller_family_one_seed_public_pilot/profile_runs/L1_one_step/seed_167400/checkpoint.pt,1,169949,False,True,False,False,False,False,False,False,False,False,False,False,False
169950,checkpoint,54,True,False,0.7107752667941776,0.7107752667941776,1646.0429625940317,1.1352020431682976,1.0505892598004607,-0.04813697149447882,0.9402326868979035,0.72185818537419,1.112358050357125,2.0707011595872076,2.0707011595872076,,False,True,aeb_feasible,False,False,9.507231218914754,1.769285808071158,7.737945410843595,12.135727357285496,0.22473569180158326,2.2787972931197173,5.064476872627587,0.5163265575490322,0.04337131799098081,0.0,10.682399356229196,0.002901605563238263,1,nan,nan,54,2.2787972931197173,0.5163265575490322,10.682399356229196,0.22473569180158326,0,nan,nan,nan,nan,0,nan,nan,nan,nan,m1680-spec-0054::L2_window_100,m1680-spec-0054,L2_window_100,T5,actuator_delay_step|t5_near_boundary_warmup,reveal_plus_4,all_72_specs;explicit_window_subset;task_family_T5,t5_near_boundary_warmup,t5_near_boundary_warmup,runs/m1674_controller_family_one_seed_public_pilot/configs/L2_window_100_seed167400.json,runs/m1674_controller_family_one_seed_public_pilot/profile_runs/L2_window_100/seed_167400/checkpoint.pt,100,169950,False,True,False,False,False,False,False,False,False,False,False,False,False
169951,checkpoint,49,True,False,0.9638624898074177,0.9638624898074177,1517.2152323247967,1.0463553326377908,1.2021110935374864,-0.07544153931203423,0.8458516463250493,0.5606297565363224,0.9968638369759792,1.84594641838317,1.8459464183831702,,False,True,aeb_feasible,False,False,11.388221021236452,1.866706966391515,9.521514054844937,3.772577861806166,0.07699138493481972,2.380575766799596,5.193787666493968,0.6611247672594586,0.04212571543050216,0.0,12.279592751897848,0.00377961085177958,1,nan,nan,49,2.380575766799596,0.6611247672594586,12.279592751897848,0.07699138493481972,0,nan,nan,nan,nan,0,nan,nan,nan,nan,m1680-spec-0054::L2_window_100_current_tiled,m1680-spec-0054,L2_window_100_current_tiled,T5,actuator_delay_step|t5_near_boundary_warmup,reveal_plus_4,all_72_specs;explicit_window_subset;task_family_T5,t5_near_boundary_warmup,t5_near_boundary_warmup,runs/m1674_controller_family_one_seed_public_pilot/configs/L2_window_100_current_tiled_seed167400.json,runs/m1674_controller_family_one_seed_public_pilot/profile_runs/L2_window_100_current_tiled/seed_167400/checkpoint.pt,100,169951,False,True,False,False,False,False,False,False,False,False,False,False,False
169952,checkpoint,69,True,False,0.42746407919649415,0.42746407919649415,1657.4506867225439,1.1430694391189957,1.0002851491344786,-0.043064208063418485,0.8101281954333965,0.8807221494848977,0.9351309941743056,1.6847409642221518,1.684740964222152,,False,True,aeb_feasible,False,False,11.437124386903626,2.209962930980122,9.227161455923504,16.67357480056712,0.24164601160242202,2.2798836031817507,5.017007786101644,0.49554660718174165,0.037438425967972866,0.0,8.251287294254215,0.0026089907623827457,1,nan,nan,69,2.2798836031817507,0.49554660718174165,8.251287294254215,0.24164601160242202,0,nan,nan,nan,nan,0,nan,nan,nan,nan,m1680-spec-0054::L2_window_13,m1680-spec-0054,L2_window_13,T5,actuator_delay_step|t5_near_boundary_warmup,reveal_plus_4,all_72_specs;explicit_window_subset;task_family_T5,t5_near_boundary_warmup,t5_near_boundary_warmup,runs/m1674_controller_family_one_seed_public_pilot/configs/L2_window_13_seed167400.json,runs/m1674_controller_family_one_seed_public_pilot/profile_runs/L2_window_13/seed_167400/checkpoint.pt,13,169952,False,True,False,False,False,False,False,False,False,False,False,False,False
169953,checkpoint,73,True,False,0.28330579510536086,0.28330579510536086,1611.8831547628536,1.1116435550088646,0.9965554678287217,0.10974840535892261,0.9966617675016713,0.5851393715578344,0.7996440145582177,1.6016170861845849,1.6016170861845846,,False,True,aeb_feasible,False,False,15.534676131324558,1.9764986281733883,13.55817750315117,25.458613642740872,0.34874813209234073,2.4247537245647703,5.026994714662919,0.3322864663681423,0.176765341571077,0.0,7.0660255127960205,0.0028222776018083096,1,nan,nan,73,2.4247537245647703,0.3322864663681423,7.0660255127960205,0.34874813209234073,0,nan,nan,nan,nan,0,nan,nan,nan,nan,m1680-spec-0054::L2_window_13_current_tiled,m1680-spec-0054,L2_window_13_current_tiled,T5,actuator_delay_step|t5_near_boundary_warmup,reveal_plus_4,all_72_specs;explicit_window_subset;task_family_T5,t5_near_boundary_warmup,t5_near_boundary_warmup,runs/m1674_controller_family_one_seed_public_pilot/configs/L2_window_13_current_tiled_seed167400.json,runs/m1674_controller_family_one_seed_public_pilot/profile_runs/L2_window_13_current_tiled/seed_167400/checkpoint.pt,13,169953,False,True,False,False,False,False,False,False,False,False,False,False,False
169954,checkpoint,66,True,False,0.6205622159467625,0.6205622159467625,1346.2867831613548,0.9284736435595551,1.248213963640736,0.046055827849410313,0.9850601537632466,1.2095445579022637,0.9706116858078929,1.314290635661207,1.314290635661207,,False,True,aeb_feasible,False,False,2.899376125323508,1.5816772249525135,1.3176989003709947,2.6201258006241566,0.039698875767032675,2.254147896463853,5.123120008371899,0.6290994245977306,0.04882151835524998,0.0,9.147598695700042,0.0026811333373188972,1,nan,nan,66,2.254147896463853,0.6290994245977306,9.147598695700042,0.039698875767032675,0,nan,nan,nan,nan,0,nan,nan,nan,nan,m1680-spec-0054::L2_window_25,m1680-spec-0054,L2_window_25,T5,actuator_delay_step|t5_near_boundary_warmup,reveal_plus_4,all_72_specs;explicit_window_subset;task_family_T5,t5_near_boundary_warmup,t5_near_boundary_warmup,runs/m1674_controller_family_one_seed_public_pilot/configs/L2_window_25_seed167400.json,runs/m1674_controller_family_one_seed_public_pilot/profile_runs/L2_window_25/seed_167400/checkpoint.pt,25,169954,False,True,False,False,False,False,False,False,False,False,False,False,False
169955,checkpoint,61,True,False,0.6065195474740721,0.6065195474740721,1467.3138527746025,1.0119405881204155,0.9607362178160199,0.04702798132669339,0.7089366432690232,1.2753478007276262,0.9155825620540946,1.0584327699457832,1.0584327699457832,,False,True,aeb_feasible,False,False,11.01598702154637,2.0795207134725993,8.936466308073772,0.1878799267678395,0.0030799987994727784,2.437870117024639,5.117594897195751,0.5784720976056766,0.05231106142596289,0.0,9.060845473927987,0.003420427907258272,1,nan,nan,61,2.437870117024639,0.5784720976056766,9.060845473927987,0.0030799987994727784,0,nan,nan,nan,nan,0,nan,nan,nan,nan,m1680-spec-0054::L2_window_25_current_tiled,m1680-spec-0054,L2_window_25_current_tiled,T5,actuator_delay_step|t5_near_boundary_warmup,reveal_plus_4,all_72_specs;explicit_window_subset;task_family_T5,t5_near_boundary_warmup,t5_near_boundary_warmup,runs/m1674_controller_family_one_seed_public_pilot/configs/L2_window_25_current_tiled_seed167400.json,runs/m1674_controller_family_one_seed_public_pilot/profile_runs/L2_window_25_current_tiled/seed_167400/checkpoint.pt,25,169955,False,True,False,False,False,False,False,False,False,False,False,False,False
169956,checkpoint,50,True,False,0.8543508345969767,0.8543508345969767,1348.5177646468069,0.9300122514805564,0.8998528100878783,0.1046315771632591,0.816757587365982,1.2490553080963125,1.0105560299074425,1.7868771964873644,1.7868771964873642,,False,True,aeb_feasible,False,False,7.235503801701495,2.208951308079817,5.026552493621677,6.16156085189585,0.12323121703791699,2.4788732401702487,5.0569618186139,0.3793665247386574,0.07179904426548492,0.0,10.398247635230511,0.0031036038417369127,1,nan,nan,50,2.4788732401702487,0.3793665247386574,10.398247635230511,0.12323121703791699,0,nan,nan,nan,nan,0,nan,nan,nan,nan,m1680-spec-0054::L2_window_50,m1680-spec-0054,L2_window_50,T5,actuator_delay_step|t5_near_boundary_warmup,reveal_plus_4,all_72_specs;explicit_window_subset;task_family_T5,t5_near_boundary_warmup,t5_near_boundary_warmup,runs/m1674_controller_family_one_seed_public_pilot/configs/L2_window_50_seed167400.json,runs/m1674_controller_family_one_seed_public_pilot/profile_runs/L2_window_50/seed_167400/checkpoint.pt,50,169956,False,True,False,False,False,False,False,False,False,False,False,False,False
169957,checkpoint,58,True,False,0.9759743498685709,0.9759743498685709,1416.0540990732081,0.9765890338435919,1.160123804537601,0.09327447691015833,0.8440774508188622,1.3397133734015316,0.9969895365073124,0.9769786505994777,0.9769786505994777,,False,True,aeb_feasible,False,False,2.4301581427120595,1.5576049566663548,0.8725531860457048,1.254869731021293,0.0216356850176085,2.3312238737642756,5.164505188805947,0.6495900544376715,0.07335071637118068,0.0,10.775339487033357,0.0040178727358579636,1,nan,nan,58,2.3312238737642756,0.6495900544376715,10.775339487033357,0.0216356850176085,0,nan,nan,nan,nan,0,nan,nan,nan,nan,m1680-spec-0054::L2_window_50_current_tiled,m1680-spec-0054,L2_window_50_current_tiled,T5,actuator_delay_step|t5_near_boundary_warmup,reveal_plus_4,all_72_specs;explicit_window_subset;task_family_T5,t5_near_boundary_warmup,t5_near_boundary_warmup,runs/m1674_controller_family_one_seed_public_pilot/configs/L2_window_50_current_tiled_seed167400.json,runs/m1674_controller_family_one_seed_public_pilot/profile_runs/L2_window_50_current_tiled/seed_167400/checkpoint.pt,50,169957,False,True,False,False,False,False,False,False,False,False,False,False,False
169958,checkpoint,117,True,False,0.281018738105141,0.281018738105141,1258.5622408364716,0.8679739591975666,0.8830272688929749,0.10663632184623206,1.0486689550561548,1.1750580947877491,1.0182209259161867,1.379485571277604,1.379485571277604,,False,True,aeb_feasible,False,False,4.068047417614875,2.0405801615102255,2.0274672561046496,77.19274492397861,0.6597670506322958,2.1171803015699,5.04893592550723,0.46763922219755594,0.044180658116104284,0.0,7.726533032951222,0.0009347576415166259,1,nan,nan,117,2.1171803015699,0.46763922219755594,7.726533032951222,0.6597670506322958,0,nan,nan,nan,nan,0,nan,nan,nan,nan,m1680-spec-0054::L3_online_gru,m1680-spec-0054,L3_online_gru,T5,actuator_delay_step|t5_near_boundary_warmup,reveal_plus_4,all_72_specs;explicit_window_subset;task_family_T5,t5_near_boundary_warmup,t5_near_boundary_warmup,runs/m1674_controller_family_one_seed_public_pilot/configs/L3_online_gru_seed167400.json,runs/m1674_controller_family_one_seed_public_pilot/profile_runs/L3_online_gru/seed_167400/checkpoint.pt,1,169958,False,True,False,False,False,False,False,False,False,False,False,False,False
169959,checkpoint,77,True,False,0.9136291403207948,0.9136291403207948,1600.7586834945462,1.1039715058583077,1.1139687483975604,-0.04264631814567976,0.9685561798895754,0.525703564053258,0.8543909257499338,1.5054953127686508,1.5054953127686508,,False,True,aeb_feasible,False,False,11.061868250228919,1.7902807675142336,9.271587482714686,33.726179336250425,0.4380023290422133,2.32790225834597,5.084589563067482,0.4745101244970976,0.019759979385454377,0.0,10.865261572618357,0.000932949420530349,1,nan,nan,77,2.32790225834597,0.4745101244970976,10.865261572618357,0.4380023290422133,0,nan,nan,nan,nan,0,nan,nan,nan,nan,m1680-spec-0054::L3_reset_control_corrected,m1680-spec-0054,L3_reset_control_corrected,T5,actuator_delay_step|t5_near_boundary_warmup,reveal_plus_4,all_72_specs;explicit_window_subset;task_family_T5,t5_near_boundary_warmup,t5_near_boundary_warmup,runs/m1674_controller_family_one_seed_public_pilot/configs/L3_reset_control_corrected_seed167400.json,runs/m1674_controller_family_one_seed_public_pilot/profile_runs/L3_reset_control_corrected/seed_167400/checkpoint.pt,1,169959,False,True,False,False,False,False,False,False,False,False,False,False,False
169960,checkpoint,71,True,False,0.7687057607279186,0.7687057607279186,1568.548188565097,1.0817573714242048,1.0203166157806758,0.043817696757864955,0.9782051050831408,0.5439867204701647,0.8810751332910111,1.0157104981736726,1.0157104981736726,,False,True,aeb_feasible,False,False,7.955697725416534,2.0973358927506425,5.858361832665891,28.830692415933544,0.4060660903652612,2.411909304287997,5.081626046242214,0.34822761361218557,0.010234470764051595,0.0,10.085848408788245,0.0018944793846458197,1,nan,nan,71,2.411909304287997,0.34822761361218557,10.085848408788245,0.4060660903652612,0,nan,nan,nan,nan,0,nan,nan,nan,nan,m1680-spec-0055::L0_current_masked,m1680-spec-0055,L0_current_masked,T5,capability_step_down|t5_near_boundary_warmup,decision_minus_24,all_72_specs;explicit_window_subset;task_family_T5,t5_near_boundary_warmup,t5_near_boundary_warmup,runs/m1674_controller_family_one_seed_public_pilot/configs/L0_current_masked_seed167400.json,runs/m1674_controller_family_one_seed_public_pilot/profile_runs/L0_current_masked/seed_167400/checkpoint.pt,1,169960,False,True,False,False,False,False,False,False,False,False,False,False,False
169961,checkpoint,92,True,False,0.3658194473853306,0.3658194473853306,1382.2404134929639,0.9532692506848026,1.2170077776552501,-0.039329943198457507,1.0653092986220274,0.5263353715262596,0.9968060734509777,1.7942744691502142,1.794274469150214,,False,True,aeb_feasible,False,False,9.883971255722514,1.7632747504704274,8.120696505252086,40.78754061404403,0.44334283276134817,2.216524591727133,5.015903059203758,0.6499021624798522,0.026134174065778525,0.0,8.580980992674958,0.0015888008056208491,1,nan,nan,92,2.216524591727133,0.6499021624798522,8.580980992674958,0.44334283276134817,0,nan,nan,nan,nan,0,nan,nan,nan,nan,m1680-spec-0055::L1_one_step,m1680-spec-0055,L1_one_step,T5,capability_step_down|t5_near_boundary_warmup,decision_minus_24,all_72_specs;explicit_window_subset;task_family_T5,t5_near_boundary_warmup,t5_near_boundary_warmup,runs/m1674_controller_family_one_seed_public_pilot/configs/L1_one_step_seed167400.json,runs/m1674_controller_family_one_seed_public_pilot/profile_runs/L1_one_step/seed_167400/checkpoint.pt,1,169961,False,True,False,False,False,False,False,False,False,False,False,False,False
169962,checkpoint,60,True,False,0.7158551332530212,0.7158551332530212,1491.3915911177294,1.028545924908779,0.9800919824814786,-0.10522136492190648,1.1156508716461404,0.7726172074895181,0.9519065112623852,1.391838768370358,1.391838768370358,,False,True,aeb_feasible,False,False,15.648613048592939,2.205665087578581,13.442947961014358,24.376500514398327,0.40627500857330545,2.2323840981870564,5.102536833020544,0.2915721868699056,0.07282649842744998,0.0,10.399378391329009,0.0031945270020514727,1,nan,nan,60,2.2323840981870564,0.2915721868699056,10.399378391329009,0.40627500857330545,0,nan,nan,nan,nan,0,nan,nan,nan,nan,m1680-spec-0055::L2_window_100,m1680-spec-0055,L2_window_100,T5,capability_step_down|t5_near_boundary_warmup,decision_minus_24,all_72_specs;explicit_window_subset;task_family_T5,t5_near_boundary_warmup,t5_near_boundary_warmup,runs/m1674_controller_family_one_seed_public_pilot/configs/L2_window_100_seed167400.json,runs/m1674_controller_family_one_seed_public_pilot/profile_runs/L2_window_100/seed_167400/checkpoint.pt,100,169962,False,True,False,False,False,False,False,False,False,False,False,False,False
169963,checkpoint,71,True,False,0.4702386053979345,0.4702386053979345,1585.3432704543707,1.0933401865202557,1.0942413103788033,-0.020053532028795118,0.9634805238987159,1.241978186872259,0.7558365337353936,1.4810214404912507,1.4810214404912507,,False,True,aeb_feasible,False,False,17.191289547116305,1.675341402002857,15.515948145113448,14.069507027282388,0.19816207080679418,2.388708047990922,5.070358589120595,0.31158781757794596,0.04706066345133568,0.0,7.898681114369416,0.003031569067388773,1,nan,nan,71,2.388708047990922,0.31158781757794596,7.898681114369416,0.19816207080679418,0,nan,nan,nan,nan,0,nan,nan,nan,nan,m1680-spec-0055::L2_window_100_current_tiled,m1680-spec-0055,L2_window_100_current_tiled,T5,capability_step_down|t5_near_boundary_warmup,decision_minus_24,all_72_specs;explicit_window_subset;task_family_T5,t5_near_boundary_warmup,t5_near_boundary_warmup,runs/m1674_controller_family_one_seed_public_pilot/configs/L2_window_100_current_tiled_seed167400.json,runs/m1674_controller_family_one_seed_public_pilot/profile_runs/L2_window_100_current_tiled/seed_167400/checkpoint.pt,100,169963,False,True,False,False,False,False,False,False,False,False,False,False,False
169964,checkpoint,61,True,False,0.5041214568629808,0.5041214568629808,1548.3291756170597,1.0678132245634895,1.023861267398292,0.06298596616100216,0.9088249260790551,0.7235989958865121,0.8329719767728975,1.3067291831418568,1.3067291831418568,,False,True,aeb_feasible,False,False,7.6817372363861045,2.24568083815398,5.436056398232124,4.780495614593652,0.07836878056710904,2.4205202391088054,5.070711729801541,0.6254313088736367,0.033277413332106286,0.0,8.957032979788096,0.00279836799018085,1,nan,nan,61,2.4205202391088054,0.6254313088736367,8.957032979788096,0.07836878056710904,0,nan,nan,nan,nan,0,nan,nan,nan,nan,m1680-spec-0055::L2_window_13,m1680-spec-0055,L2_window_13,T5,capability_step_down|t5_near_boundary_warmup,decision_minus_24,all_72_specs;explicit_window_subset;task_family_T5,t5_near_boundary_warmup,t5_near_boundary_warmup,runs/m1674_controller_family_one_seed_public_pilot/configs/L2_window_13_seed167400.json,runs/m1674_controller_family_one_seed_public_pilot/profile_runs/L2_window_13/seed_167400/checkpoint.pt,13,169964,False,True,False,False,False,False,False,False,False,False,False,False,False
169965,checkpoint,53,True,False,1.0370500832160907,1.0370500832160907,1237.377834513681,0.8533640238025385,1.0015440052069857,-0.05660023450268237,0.9641243855889912,0.7463497887933482,0.7632725720994428,1.4114138177925541,1.4114138177925541,,False,True,aeb_feasible,False,False,4.410726368732939,2.1455358932183417,2.265190475514597,12.665703096482979,0.23897553012232034,2.3512719472276715,5.1512373488051715,0.3946898948571521,0.04550822128498225,0.0,11.09152052919474,0.0038501599337905645,1,nan,nan,53,2.3512719472276715,0.3946898948571521,11.09152052919474,0.23897553012232034,0,nan,nan,nan,nan,0,nan,nan,nan,nan,m1680-spec-0055::L2_window_13_current_tiled,m1680-spec-0055,L2_window_13_current_tiled,T5,capability_step_down|t5_near_boundary_warmup,decision_minus_24,all_72_specs;explicit_window_subset;task_family_T5,t5_near_boundary_warmup,t5_near_boundary_warmup,runs/m1674_controller_family_one_seed_public_pilot/configs/L2_window_13_current_tiled_seed167400.json,runs/m1674_controller_family_one_seed_public_pilot/profile_runs/L2_window_13_current_tiled/seed_167400/checkpoint.pt,13,169965,False,True,False,False,False,False,False,False,False,False,False,False,False
169966,checkpoint,63,True,False,0.8702923482046273,0.8702923482046273,1313.960849626713,0.9061798962942849,1.2216833466956034,0.05210704967906521,1.0052629724927535,1.2226975593917049,0.8050038029451235,0.9444322716615282,0.9444322716615282,,False,True,aeb_feasible,False,False,2.641742237318968,1.555458473559666,1.086283763759302,8.537106624104167,0.1355096289540344,2.17712675197109,5.008409773698659,0.5682534197010107,0.08928896407796773,0.0,10.173998943570068,0.0031347391195595264,1,nan,nan,63,2.17712675197109,0.5682534197010107,10.173998943570068,0.1355096289540344,0,nan,nan,nan,nan,0,nan,nan,nan,nan,m1680-spec-0055::L2_window_25,m1680-spec-0055,L2_window_25,T5,capability_step_down|t5_near_boundary_warmup,decision_minus_24,all_72_specs;explicit_window_subset;task_family_T5,t5_near_boundary_warmup,t5_near_boundary_warmup,runs/m1674_controller_family_one_seed_public_pilot/configs/L2_window_25_seed167400.json,runs/m1674_controller_family_one_seed_public_pilot/profile_runs/L2_window_25/seed_167400/checkpoint.pt,25,169966,False,True,False,False,False,False,False,False,False,False,False,False,False
169967,checkpoint,55,True,False,0.9950155749684821,0.9950155749684821,1282.7191294380304,0.8846338823710554,1.1678154056709442,-0.015391574602143798,0.9309738346694939,1.0668145344958688,1.004902972131759,2.067765442507921,2.067765442507921,,False,True,aeb_feasible,False,False,8.348102142664587,1.7368785273998473,6.6112236152647395,13.08309582367029,0.237874469521278,2.4863326213521213,5.140240596423222,0.31281867682926173,0.04036592163203918,0.0,9.986191200848896,0.00341962743550539,1,nan,nan,55,2.4863326213521213,0.31281867682926173,9.986191200848896,0.237874469521278,0,nan,nan,nan,nan,0,nan,nan,nan,nan,m1680-spec-0055::L2_window_25_current_tiled,m1680-spec-0055,L2_window_25_current_tiled,T5,capability_step_down|t5_near_boundary_warmup,decision_minus_24,all_72_specs;explicit_window_subset;task_family_T5,t5_near_boundary_warmup,t5_near_boundary_warmup,runs/m1674_controller_family_one_seed_public_pilot/configs/L2_window_25_current_tiled_seed167400.json,runs/m1674_controller_family_one_seed_public_pilot/profile_runs/L2_window_25_current_tiled/seed_167400/checkpoint.pt,25,169967,False,True,False,False,False,False,False,False,False,False,False,False,False
169968,checkpoint,74,True,False,0.31551429894686206,0.31551429894686206,1578.65965059785,1.0887307935157586,1.1096808638549915,-0.08767967618123085,1.0381671421546241,0.9456450750159456,0.9394198556854072,1.8344446940199322,1.8344446940199322,,False,True,aeb_feasible,False,False,12.396310699078755,2.0376866244705183,10.358624074608237,22.117342226560478,0.29888300306162807,2.365258944980909,5.0204080377350095,0.3504117727360774,0.053556563770757515,0.0,7.122542533016562,0.002278599888086319,1,nan,nan,74,2.365258944980909,0.3504117727360774,7.122542533016562,0.29888300306162807,0,nan,nan,nan,nan,0,nan,nan,nan,nan,m1680-spec-0055::L2_window_50,m1680-spec-0055,L2_window_50,T5,capability_step_down|t5_near_boundary_warmup,decision_minus_24,all_72_specs;explicit_window_subset;task_family_T5,t5_near_boundary_warmup,t5_near_boundary_warmup,runs/m1674_controller_family_one_seed_public_pilot/configs/L2_window_50_seed167400.json,runs/m1674_controller_family_one_seed_public_pilot/profile_runs/L2_window_50/seed_167400/checkpoint.pt,50,169968,False,True,False,False,False,False,False,False,False,False,False,False,False
169969,checkpoint,59,True,False,0.7666130087737248,0.7666130087737248,1376.8295261704566,0.9495376042554873,1.1054771659437528,0.05022796840526911,0.7784511842924173,1.3469608045540336,1.014158504527174,2.116909421848743,2.116909421848743,,False,True,aeb_feasible,False,False,7.4210593924147155,2.0590574174511764,5.362001974963539,15.439069960987368,0.2616791518811418,2.344297365491565,5.078835052502111,0.339897444996257,0.07622609244914529,0.0,10.415854183441702,0.0034243364352732897,1,nan,nan,59,2.344297365491565,0.339897444996257,10.415854183441702,0.2616791518811418,0,nan,nan,nan,nan,0,nan,nan,nan,nan,m1680-spec-0055::L2_window_50_current_tiled,m1680-spec-0055,L2_window_50_current_tiled,T5,capability_step_down|t5_near_boundary_warmup,decision_minus_24,all_72_specs;explicit_window_subset;task_family_T5,t5_near_boundary_warmup,t5_near_boundary_warmup,runs/m1674_controller_family_one_seed_public_pilot/configs/L2_window_50_current_tiled_seed167400.json,runs/m1674_controller_family_one_seed_public_pilot/profile_runs/L2_window_50_current_tiled/seed_167400/checkpoint.pt,50,169969,False,True,False,False,False,False,False,False,False,False,False,False,False
169970,checkpoint,57,True,False,0.6591522479750935,0.6591522479750935,1411.6532135586497,0.9735539403852757,1.2090212068344997,-0.11934585501519424,1.1833900163340996,0.8968024414465227,0.9712524298341308,1.3969230329683997,1.3969230329683997,,False,True,aeb_feasible,True,False,1.6528219428876159,1.74117026498965,-0.08834832210203425,36.49657965767053,0.6402908711872023,0.862064258033799,2.081079699892083,0.3697584090579867,0.025014220598109052,0.0,10.151468881155264,0.0018142230110242963,1,nan,nan,57,0.862064258033799,0.3697584090579867,10.151468881155264,0.6402908711872023,0,nan,nan,nan,nan,0,nan,nan,nan,nan,m1680-spec-0055::L3_online_gru,m1680-spec-0055,L3_online_gru,T5,capability_step_down|t5_near_boundary_warmup,decision_minus_24,all_72_specs;explicit_window_subset;task_family_T5,t5_near_boundary_warmup,t5_near_boundary_warmup,runs/m1674_controller_family_one_seed_public_pilot/configs/L3_online_gru_seed167400.json,runs/m1674_controller_family_one_seed_public_pilot/profile_runs/L3_online_gru/seed_167400/checkpoint.pt,1,169970,False,True,False,False,False,False,False,False,False,False,False,False,False
169971,checkpoint,97,True,False,0.541508059528423,0.541508059528423,1714.0040459992802,1.1820717558615725,1.0699091958636275,0.10586716104718485,0.7493175505810181,1.2853150661833341,0.9716130024617431,2.1784949118789796,2.1784949118789796,,False,True,aeb_feasible,False,False,7.333391810064259,1.5558749995759724,5.777516810488287,38.47053864688497,0.39660349120499966,2.3077693489131224,5.088959674115895,0.43268252784321387,0.03881670059353151,0.0,9.261580482294242,0.0007639245013706386,1,nan,nan,97,2.3077693489131224,0.43268252784321387,9.261580482294242,0.39660349120499966,0,nan,nan,nan,nan,0,nan,nan,nan,nan,m1680-spec-0055::L3_reset_control_corrected,m1680-spec-0055,L3_reset_control_corrected,T5,capability_step_down|t5_near_boundary_warmup,decision_minus_24,all_72_specs;explicit_window_subset;task_family_T5,t5_near_boundary_warmup,t5_near_boundary_warmup,runs/m1674_controller_family_one_seed_public_pilot/configs/L3_reset_control_corrected_seed167400.json,runs/m1674_controller_family_one_seed_public_pilot/profile_runs/L3_reset_control_corrected/seed_167400/checkpoint.pt,1,169971,False,True,False,False,False,False,False,False,False,False,False,False,False
169972,checkpoint,86,True,False,0.38888786039116163,0.38888786039116163,1488.6156606472232,1.0266314901015332,1.1451926874513765,-0.11231298377850041,0.6096384711706662,0.5737635516592862,1.1519919317320375,2.0137400378317656,2.0137400378317656,,False,True,aeb_feasible,False,False,2.9382734348711943,2.0663780513016947,0.8718953835694996,43.21308407176876,0.502477721764753,2.197831019107877,5.088980357055508,0.5577592325074956,0.027184523029260214,0.0,8.822299499130184,0.0015009978087618947,1,nan,nan,86,2.197831019107877,0.5577592325074956,8.822299499130184,0.502477721764753,0,nan,nan,nan,nan,0,nan,nan,nan,nan,m1680-spec-0056::L0_current_masked,m1680-spec-0056,L0_current_masked,T5,curved_boundary_obstacle|t5_boundary_axis_retarget,decision_minus_32,all_72_specs;explicit_window_subset;task_family_T5,t5_boundary_axis_retarget,t5_boundary_axis_retarget,runs/m1674_controller_family_one_seed_public_pilot/configs/L0_current_masked_seed167400.json,runs/m1674_controller_family_one_seed_public_pilot/profile_runs/L0_current_masked/seed_167400/checkpoint.pt,1,169972,False,True,False,False,False,False,False,False,False,False,False,False,False
169973,checkpoint,110,True,False,0.3539700871687284,0.3539700871687284,1428.7309508056676,0.9853316902108052,1.168108625650944,-0.08312744289140284,1.27153359525202,1.1426034886442054,0.8915114381998945,1.1666430100182041,1.1666430100182041,,False,True,aeb_feasible,False,False,11.891828780928899,2.2031991592645332,9.688629621664365,28.08997939283847,0.25536344902580427,2.394173601438358,5.040303962127254,0.3767216271552338,0.016023753946716242,0.0,6.785794610239649,0.0011946454178541899,1,nan,nan,110,2.394173601438358,0.3767216271552338,6.785794610239649,0.25536344902580427,0,nan,nan,nan,nan,0,nan,nan,nan,nan,m1680-spec-0056::L1_one_step,m1680-spec-0056,L1_one_step,T5,curved_boundary_obstacle|t5_boundary_axis_retarget,decision_minus_32,all_72_specs;explicit_window_subset;task_family_T5,t5_boundary_axis_retarget,t5_boundary_axis_retarget,runs/m1674_controller_family_one_seed_public_pilot/configs/L1_one_step_seed167400.json,runs/m1674_controller_family_one_seed_public_pilot/profile_runs/L1_one_step/seed_167400/checkpoint.pt,1,169973,False,True,False,False,False,False,False,False,False,False,False,False,False
169974,checkpoint,60,True,False,0.7187370911930393,0.7187370911930393,1455.7104383703402,1.0039382333588553,1.1554066714871198,-0.005543437378199956,1.1045636479111587,0.9829789307729141,0.7452068164858308,2.892904939309294,2.892904939309294,,False,True,aeb_feasible,False,False,5.570219579273126,1.709245535304655,3.860974043968471,14.95586602768407,0.2492644337947345,2.368603930050078,5.112702921943555,0.3066376590981047,0.04784697800610918,0.0,9.88978870077612,0.0026193223893642426,1,nan,nan,60,2.368603930050078,0.3066376590981047,9.88978870077612,0.2492644337947345,0,nan,nan,nan,nan,0,nan,nan,nan,nan,m1680-spec-0056::L2_window_100,m1680-spec-0056,L2_window_100,T5,curved_boundary_obstacle|t5_boundary_axis_retarget,decision_minus_32,all_72_specs;explicit_window_subset;task_family_T5,t5_boundary_axis_retarget,t5_boundary_axis_retarget,runs/m1674_controller_family_one_seed_public_pilot/configs/L2_window_100_seed167400.json,runs/m1674_controller_family_one_seed_public_pilot/profile_runs/L2_window_100/seed_167400/checkpoint.pt,100,169974,False,True,False,False,False,False,False,False,False,False,False,False,False
169975,checkpoint,59,True,False,0.9152616043900159,0.9152616043900159,1594.7568853240014,1.0998323347062078,0.8701745828613558,-0.10818152941331483,0.5192945309855045,0.6915530347480308,1.0999317305550755,2.6813043915099417,2.6813043915099417,,False,True,aeb_feasible,False,False,2.217390393051511,2.2129601013694558,0.00443029168205511,25.290945437771796,0.4286600921656237,2.252204970810797,5.088915112631241,0.30295255916634944,0.06041172477287876,0.0,10.94989511521564,0.0031016566790640354,1,nan,nan,59,2.252204970810797,0.30295255916634944,10.94989511521564,0.4286600921656237,0,nan,nan,nan,nan,0,nan,nan,nan,nan,m1680-spec-0056::L2_window_100_current_tiled,m1680-spec-0056,L2_window_100_current_tiled,T5,curved_boundary_obstacle|t5_boundary_axis_retarget,decision_minus_32,all_72_specs;explicit_window_subset;task_family_T5,t5_boundary_axis_retarget,t5_boundary_axis_retarget,runs/m1674_controller_family_one_seed_public_pilot/configs/L2_window_100_current_tiled_seed167400.json,runs/m1674_controller_family_one_seed_public_pilot/profile_runs/L2_window_100_current_tiled/seed_167400/checkpoint.pt,100,169975,False,True,False,False,False,False,False,False,False,False,False,False,False
169976,checkpoint,59,True,False,0.9895260181045591,0.9895260181045591,1601.2062846830802,1.1042801963331588,1.0327501060849735,-0.07975543190430501,1.4867629071875044,0.8855757264792592,0.7775213866554209,1.8176426682421796,1.8176426682421796,,False,True,aeb_feasible,False,False,8.01016729298248,2.3491772671096927,5.660990025872787,10.545273864700118,0.1787334553339003,2.4322209932188756,5.053794939972555,0.4491539217135465,0.050790391240574516,0.0,9.543983034564071,0.002741741482168436,1,nan,nan,59,2.4322209932188756,0.4491539217135465,9.543983034564071,0.1787334553339003,0,nan,nan,nan,nan,0,nan,nan,nan,nan,m1680-spec-0056::L2_window_13,m1680-spec-0056,L2_window_13,T5,curved_boundary_obstacle|t5_boundary_axis_retarget,decision_minus_32,all_72_specs;explicit_window_subset;task_family_T5,t5_boundary_axis_retarget,t5_boundary_axis_retarget,runs/m1674_controller_family_one_seed_public_pilot/configs/L2_window_13_seed167400.json,runs/m1674_controller_family_one_seed_public_pilot/profile_runs/L2_window_13/seed_167400/checkpoint.pt,13,169976,False,True,False,False,False,False,False,False,False,False,False,False,False
169977,checkpoint,68,True,False,0.5153625236127833,0.5153625236127833,1331.5370399790963,0.9183014068821354,0.9737831787016216,-0.028570925155168903,0.5081802394635891,0.7598955412260886,0.8422386486079414,1.8937264966607739,1.893726496660774,,False,True,aeb_feasible,False,False,12.10856311399779,2.1573023381743113,9.951260775823478,19.970930076557895,0.2936901481846749,2.2352471084422656,5.1215108538160585,0.46087613611043166,0.03541241825132764,0.0,9.150188334150018,0.002859201282262802,1,nan,nan,68,2.2352471084422656,0.46087613611043166,9.150188334150018,0.2936901481846749,0,nan,nan,nan,nan,0,nan,nan,nan,nan,m1680-spec-0056::L2_window_13_current_tiled,m1680-spec-0056,L2_window_13_current_tiled,T5,curved_boundary_obstacle|t5_boundary_axis_retarget,decision_minus_32,all_72_specs;explicit_window_subset;task_family_T5,t5_boundary_axis_retarget,t5_boundary_axis_retarget,runs/m1674_controller_family_one_seed_public_pilot/configs/L2_window_13_current_tiled_seed167400.json,runs/m1674_controller_family_one_seed_public_pilot/profile_runs/L2_window_13_current_tiled/seed_167400/checkpoint.pt,13,169977,False,True,False,False,False,False,False,False,False,False,False,False,False
169978,checkpoint,67,True,False,0.6247499073168782,0.6247499073168782,1263.8176986688457,0.871598412875066,0.9270486633909177,0.07230861124274401,0.7828792756812426,1.1964967404057174,0.9134941027192044,2.964164113914925,2.964164113914925,,False,True,aeb_feasible,False,False,5.894259144201359,2.003109902846486,3.8911492413548734,0.5067530760241978,0.007563478746629818,2.2748617310663453,5.090075372578088,0.6599564421910872,0.03263136797619087,0.0,8.994052892398011,0.002368268556892872,1,nan,nan,67,2.2748617310663453,0.6599564421910872,8.994052892398011,0.007563478746629818,0,nan,nan,nan,nan,0,nan,nan,nan,nan,m1680-spec-0056::L2_window_25,m1680-spec-0056,L2_window_25,T5,curved_boundary_obstacle|t5_boundary_axis_retarget,decision_minus_32,all_72_specs;explicit_window_subset;task_family_T5,t5_boundary_axis_retarget,t5_boundary_axis_retarget,runs/m1674_controller_family_one_seed_public_pilot/configs/L2_window_25_seed167400.json,runs/m1674_controller_family_one_seed_public_pilot/profile_runs/L2_window_25/seed_167400/checkpoint.pt,25,169978,False,True,False,False,False,False,False,False,False,False,False,False,False
169979,checkpoint,48,True,False,1.04760510901548,1.04760510901548,1703.1278139688764,1.174570906185432,1.0662986909388268,0.027569614312468627,1.232847884309451,0.9912137671267194,1.2029025020888255,2.8079979788387632,2.8079979788387632,,False,True,aeb_feasible,False,False,8.716695123262959,1.7861092810327748,6.930585842230184,0.535700126439655,0.011160419300826147,2.419708919819118,5.10825602115867,0.6722003365380061,0.0452856877988377,0.0,11.716850780238325,0.002894338220357895,1,nan,nan,48,2.419708919819118,0.6722003365380061,11.716850780238325,0.011160419300826147,0,nan,nan,nan,nan,0,nan,nan,nan,nan,m1680-spec-0056::L2_window_25_current_tiled,m1680-spec-0056,L2_window_25_current_tiled,T5,curved_boundary_obstacle|t5_boundary_axis_retarget,decision_minus_32,all_72_specs;explicit_window_subset;task_family_T5,t5_boundary_axis_retarget,t5_boundary_axis_retarget,runs/m1674_controller_family_one_seed_public_pilot/configs/L2_window_25_current_tiled_seed167400.json,runs/m1674_controller_family_one_seed_public_pilot/profile_runs/L2_window_25_current_tiled/seed_167400/checkpoint.pt,25,169979,False,True,False,False,False,False,False,False,False,False,False,False,False
169980,checkpoint,59,True,False,0.8040312948942956,0.8040312948942956,1385.464201632961,0.955492552850318,1.1488967629630922,0.052428542209888684,0.6249236392096289,0.7976203724285886,0.8947713926131668,2.5175340589766453,2.5175340589766453,,False,True,aeb_feasible,False,False,2.6728152760492256,1.7386636554771058,0.9341516205721199,7.829660243881249,0.13270610582849574,2.225530501214874,5.160247621435968,0.6268531030457998,0.042349906905641,0.0,11.158997254933025,0.002740041119977832,1,nan,nan,59,2.225530501214874,0.6268531030457998,11.158997254933025,0.13270610582849574,0,nan,nan,nan,nan,0,nan,nan,nan,nan,m1680-spec-0056::L2_window_50,m1680-spec-0056,L2_window_50,T5,curved_boundary_obstacle|t5_boundary_axis_retarget,decision_minus_32,all_72_specs;explicit_window_subset;task_family_T5,t5_boundary_axis_retarget,t5_boundary_axis_retarget,runs/m1674_controller_family_one_seed_public_pilot/configs/L2_window_50_seed167400.json,runs/m1674_controller_family_one_seed_public_pilot/profile_runs/L2_window_50/seed_167400/checkpoint.pt,50,169980,False,True,False,False,False,False,False,False,False,False,False,False,False
169981,checkpoint,79,True,False,0.31193442470421606,0.31193442470421606,1704.6050606094361,1.175589696972025,0.9549837841153164,0.0549795925839871,0.9005336911980902,1.067272465212592,0.7342261166365973,1.2136074187239203,1.2136074187239203,,False,True,aeb_feasible,False,False,15.808908430627563,2.1489694436686713,13.659938986958892,11.798886278696159,0.14935299086957163,2.4785965228518525,5.059033412574106,0.32804590285830515,0.04581217400443266,0.0,6.565808802048186,0.002454803790897131,1,nan,nan,79,2.4785965228518525,0.32804590285830515,6.565808802048186,0.14935299086957163,0,nan,nan,nan,nan,0,nan,nan,nan,nan,m1680-spec-0056::L2_window_50_current_tiled,m1680-spec-0056,L2_window_50_current_tiled,T5,curved_boundary_obstacle|t5_boundary_axis_retarget,decision_minus_32,all_72_specs;explicit_window_subset;task_family_T5,t5_boundary_axis_retarget,t5_boundary_axis_retarget,runs/m1674_controller_family_one_seed_public_pilot/configs/L2_window_50_current_tiled_seed167400.json,runs/m1674_controller_family_one_seed_public_pilot/profile_runs/L2_window_50_current_tiled/seed_167400/checkpoint.pt,50,169981,False,True,False,False,False,False,False,False,False,False,False,False,False
169982,checkpoint,64,True,False,1.0169446105793765,1.0169446105793765,1536.46792910825,1.0596330545574137,1.0228151889418324,-0.04181163143661237,1.2686606818667394,0.7597204434654253,0.7195366141212856,2.573900251090611,2.573900251090611,,False,True,aeb_feasible,True,False,1.6302161630003673,1.7103676502952587,-0.08015148729489141,12.970178980707102,0.20265904657354847,1.7568686767873214,3.694403047070157,0.5918228136061152,0.024369692076583925,0.0,10.431938790602564,0.001791211194358766,1,nan,nan,64,1.7568686767873214,0.5918228136061152,10.431938790602564,0.20265904657354847,0,nan,nan,nan,nan,0,nan,nan,nan,nan,m1680-spec-0056::L3_online_gru,m1680-spec-0056,L3_online_gru,T5,curved_boundary_obstacle|t5_boundary_axis_retarget,decision_minus_32,all_72_specs;explicit_window_subset;task_family_T5,t5_boundary_axis_retarget,t5_boundary_axis_retarget,runs/m1674_controller_family_one_seed_public_pilot/configs/L3_online_gru_seed167400.json,runs/m1674_controller_family_one_seed_public_pilot/profile_runs/L3_online_gru/seed_167400/checkpoint.pt,1,169982,False,True,False,False,False,False,False,False,False,False,False,False,False
169983,checkpoint,109,True,False,0.5999198146475618,0.5999198146475618,1408.892346569716,0.971649894186011,0.9007597121600684,-0.052793187818173104,1.2556751103093644,1.2464137388261887,0.805309964062612,1.1841914654990926,1.1841914654990926,,False,True,aeb_feasible,False,False,6.978610938743742,2.109774046956672,4.86883689178707,35.05815832450119,0.32163448004129536,2.184709007978237,5.024597863465626,0.5598011082472751,0.02888863815784793,0.0,8.99836102111726,0.000707761850208044,1,nan,nan,109,2.184709007978237,0.5598011082472751,8.99836102111726,0.32163448004129536,0,nan,nan,nan,nan,0,nan,nan,nan,nan,m1680-spec-0056::L3_reset_control_corrected,m1680-spec-0056,L3_reset_control_corrected,T5,curved_boundary_obstacle|t5_boundary_axis_retarget,decision_minus_32,all_72_specs;explicit_window_subset;task_family_T5,t5_boundary_axis_retarget,t5_boundary_axis_retarget,runs/m1674_controller_family_one_seed_public_pilot/configs/L3_reset_control_corrected_seed167400.json,runs/m1674_controller_family_one_seed_public_pilot/profile_runs/L3_reset_control_corrected/seed_167400/checkpoint.pt,1,169983,False,True,False,False,False,False,False,False,False,False,False,False,False
169984,checkpoint,81,True,False,0.92885553188572,0.92885553188572,1265.704492752517,0.8728996501741496,1.0496516804222098,-0.0351741613146046,1.0407058277674308,1.0533398845829416,0.8280306751999456,1.9753932647952253,1.9753932647952253,,False,True,aeb_feasible,False,False,10.986250189139707,2.0484867249014096,8.937763464238298,19.027861923725283,0.2349118756015467,2.349563982934525,5.068298907113103,0.4610133283971173,0.008161836505176316,0.0,9.300734698077912,0.0016244429862126708,1,nan,nan,81,2.349563982934525,0.4610133283971173,9.300734698077912,0.2349118756015467,0,nan,nan,nan,nan,0,nan,nan,nan,nan,m1680-spec-0057::L0_current_masked,m1680-spec-0057,L0_current_masked,T5,actuator_delay_step|t5_near_boundary_warmup,reveal_plus_4,all_72_specs;explicit_window_subset;task_family_T5,t5_near_boundary_warmup,t5_near_boundary_warmup,runs/m1674_controller_family_one_seed_public_pilot/configs/L0_current_masked_seed167400.json,runs/m1674_controller_family_one_seed_public_pilot/profile_runs/L0_current_masked/seed_167400/checkpoint.pt,1,169984,False,True,False,False,False,False,False,False,False,False,False,False,False
169985,checkpoint,74,True,False,0.42789463773007724,0.42789463773007724,1506.1867482682078,1.0387494815642813,0.9308811848660075,0.010002802429703861,0.8332993062063735,0.8280259435046781,0.8765155653169192,1.423441029477373,1.423441029477373,,False,True,aeb_feasible,True,False,2.087047085671253,2.249757107381738,-0.1627100217104851,17.708658713718556,0.23930619883403453,1.509818414188128,3.333139431215553,0.6550931190251776,0.06690003533883808,0.0,8.163888620569958,0.001767379930242896,1,nan,nan,74,1.509818414188128,0.6550931190251776,8.163888620569958,0.23930619883403453,0,nan,nan,nan,nan,0,nan,nan,nan,nan,m1680-spec-0057::L1_one_step,m1680-spec-0057,L1_one_step,T5,actuator_delay_step|t5_near_boundary_warmup,reveal_plus_4,all_72_specs;explicit_window_subset;task_family_T5,t5_near_boundary_warmup,t5_near_boundary_warmup,runs/m1674_controller_family_one_seed_public_pilot/configs/L1_one_step_seed167400.json,runs/m1674_controller_family_one_seed_public_pilot/profile_runs/L1_one_step/seed_167400/checkpoint.pt,1,169985,False,True,False,False,False,False,False,False,False,False,False,False,False
169986,checkpoint,51,True,False,0.9973630962830101,0.9973630962830101,1265.9658082500746,0.8730798677586721,1.0928199932753389,0.08753049001823388,0.9313329046506834,1.112850694861036,0.8844364765974457,1.9836796997301962,1.9836796997301964,,False,True,aeb_feasible,False,False,6.4425047442792645,2.205553264903024,4.23695147937624,-4.452911125519716,-0.08731198285332777,2.5854654227606733,5.04124527761401,0.6531720516646622,0.034836019041480835,0.0,10.056205034117152,0.002901245141401887,1,nan,nan,51,2.5854654227606733,0.6531720516646622,10.056205034117152,-0.08731198285332777,0,nan,nan,nan,nan,0,nan,nan,nan,nan,m1680-spec-0057::L2_window_100,m1680-spec-0057,L2_window_100,T5,actuator_delay_step|t5_near_boundary_warmup,reveal_plus_4,all_72_specs;explicit_window_subset;task_family_T5,t5_near_boundary_warmup,t5_near_boundary_warmup,runs/m1674_controller_family_one_seed_public_pilot/configs/L2_window_100_seed167400.json,runs/m1674_controller_family_one_seed_public_pilot/profile_runs/L2_window_100/seed_167400/checkpoint.pt,100,169986,False,True,False,False,False,False,False,False,False,False,False,False,False
169987,checkpoint,54,True,False,0.9230243450719245,0.9230243450719245,1653.2752096552215,1.1401897997622217,0.9343996444857416,0.00459088940070429,1.0674234784945031,0.6393564809579431,1.0137425558879938,1.6230042693218303,1.6230042693218303,,False,True,aeb_feasible,False,False,6.803107682950775,1.6052769483600628,5.1978307345907115,13.482878188814963,0.2496829294224993,2.298401906160582,5.04348181852998,0.5068741889163609,0.03459932253677188,0.0,10.700505324251989,0.0038088555447757244,1,nan,nan,54,2.298401906160582,0.5068741889163609,10.700505324251989,0.2496829294224993,0,nan,nan,nan,nan,0,nan,nan,nan,nan,m1680-spec-0057::L2_window_100_current_tiled,m1680-spec-0057,L2_window_100_current_tiled,T5,actuator_delay_step|t5_near_boundary_warmup,reveal_plus_4,all_72_specs;explicit_window_subset;task_family_T5,t5_near_boundary_warmup,t5_near_boundary_warmup,runs/m1674_controller_family_one_seed_public_pilot/configs/L2_window_100_current_tiled_seed167400.json,runs/m1674_controller_family_one_seed_public_pilot/profile_runs/L2_window_100_current_tiled/seed_167400/checkpoint.pt,100,169987,False,True,False,False,False,False,False,False,False,False,False,False,False
169988,checkpoint,57,True,False,0.653026373596566,0.653026373596566,1357.0081240880063,0.9358676717848319,0.8678112567577128,0.099481800145925,0.9998755778695434,0.9488722492763774,0.9963550150682368,1.2834394991827254,1.2834394991827254,,False,True,aeb_feasible,False,False,2.7839773874178335,2.2491906231270606,0.5347867642907729,4.8845372571460945,0.08569363609028235,2.4467885437600128,5.092873395695673,0.6008189470956852,0.03637540517769181,0.0,9.592585442140232,0.0030428532045334578,1,nan,nan,57,2.4467885437600128,0.6008189470956852,9.592585442140232,0.08569363609028235,0,nan,nan,nan,nan,0,nan,nan,nan,nan,m1680-spec-0057::L2_window_13,m1680-spec-0057,L2_window_13,T5,actuator_delay_step|t5_near_boundary_warmup,reveal_plus_4,all_72_specs;explicit_window_subset;task_family_T5,t5_near_boundary_warmup,t5_near_boundary_warmup,runs/m1674_controller_family_one_seed_public_pilot/configs/L2_window_13_seed167400.json,runs/m1674_controller_family_one_seed_public_pilot/profile_runs/L2_window_13/seed_167400/checkpoint.pt,13,169988,False,True,False,False,False,False,False,False,False,False,False,False,False
169989,checkpoint,76,True,False,0.31033598303582377,0.31033598303582377,1497.860604964788,1.0330073137688194,0.9659724335897178,-0.012909524451636845,0.7617106093232064,0.5590947260906262,1.0461608401458329,1.2453346399924918,1.2453346399924918,,False,True,aeb_feasible,False,False,18.56679365522515,1.954447969638288,16.612345685586863,27.281700185762602,0.35896973928635,2.3921099385332587,5.1117307877804805,0.3978374838722732,0.6809919865821812,0.21052631578947367,7.592973249674882,0.003650989616289735,1,nan,nan,76,2.3921099385332587,0.3978374838722732,7.592973249674882,0.35896973928635,0,nan,nan,nan,nan,0,nan,nan,nan,nan,m1680-spec-0057::L2_window_13_current_tiled,m1680-spec-0057,L2_window_13_current_tiled,T5,actuator_delay_step|t5_near_boundary_warmup,reveal_plus_4,all_72_specs;explicit_window_subset;task_family_T5,t5_near_boundary_warmup,t5_near_boundary_warmup,runs/m1674_controller_family_one_seed_public_pilot/configs/L2_window_13_current_tiled_seed167400.json,runs/m1674_controller_family_one_seed_public_pilot/profile_runs/L2_window_13_current_tiled/seed_167400/checkpoint.pt,13,169989,False,True,False,False,False,False,False,False,False,False,False,False,False
169990,checkpoint,59,True,False,0.6775014691852506,0.6775014691852506,1357.156888045294,0.9359702676174441,0.9707110029427405,0.06587916287842899,1.1136846089747676,1.0516254724732756,1.1278542744863893,1.1112634532979435,1.1112634532979435,,False,True,aeb_feasible,False,False,11.97150837265904,1.5910687903463585,10.38043958231268,13.519460904801893,0.22914340516613377,2.310931485636831,5.0235205094186774,0.5359837165120109,0.06568452589024053,0.0,9.832241443684378,0.0033052638173103333,1,nan,nan,59,2.310931485636831,0.5359837165120109,9.832241443684378,0.22914340516613377,0,nan,nan,nan,nan,0,nan,nan,nan,nan,m1680-spec-0057::L2_window_25,m1680-spec-0057,L2_window_25,T5,actuator_delay_step|t5_near_boundary_warmup,reveal_plus_4,all_72_specs;explicit_window_subset;task_family_T5,t5_near_boundary_warmup,t5_near_boundary_warmup,runs/m1674_controller_family_one_seed_public_pilot/configs/L2_window_25_seed167400.json,runs/m1674_controller_family_one_seed_public_pilot/profile_runs/L2_window_25/seed_167400/checkpoint.pt,25,169990,False,True,False,False,False,False,False,False,False,False,False,False,False
169991,checkpoint,57,True,False,0.8062812692850192,0.8062812692850192,1238.775413025826,0.8543278710522938,0.9870928317187156,-0.052231029377613813,0.9213995531873354,0.8294893549501328,0.8001160720885584,0.9027052522894798,0.90270525228948,,False,True,aeb_feasible,False,False,19.179611647220515,1.7906755799152667,17.38893606730525,14.912738525482343,0.2616269916751288,2.418284862308883,5.111662190519983,0.29703382684014995,0.04541869947531021,0.0,9.566742868762427,0.003997169900685549,1,nan,nan,57,2.418284862308883,0.29703382684014995,9.566742868762427,0.2616269916751288,0,nan,nan,nan,nan,0,nan,nan,nan,nan,m1680-spec-0057::L2_window_25_current_tiled,m1680-spec-0057,L2_window_25_current_tiled,T5,actuator_delay_step|t5_near_boundary_warmup,reveal_plus_4,all_72_specs;explicit_window_subset;task_family_T5,t5_near_boundary_warmup,t5_near_boundary_warmup,runs/m1674_controller_family_one_seed_public_pilot/configs/L2_window_25_current_tiled_seed167400.json,runs/m1674_controller_family_one_seed_public_pilot/profile_runs/L2_window_25_current_tiled/seed_167400/checkpoint.pt,25,169991,False,True,False,False,False,False,False,False,False,False,False,False,False
169992,checkpoint,73,True,False,0.4544994230518624,0.4544994230518624,1620.901110426223,1.1178628347767057,0.8636844683288888,-0.023176756030498957,0.9459757980291946,1.2047060412236492,0.7981586497622148,1.0333337554808022,1.0333337554808022,,False,True,aeb_feasible,False,False,13.837151190666622,2.0517070609534507,11.785444129713172,-0.5207704759063723,-0.00713384213570373,2.2856223221925216,5.00124462818242,0.6476554298890984,0.04653192721148244,0.0,7.79379943281969,0.0025095082819461823,1,nan,nan,73,2.2856223221925216,0.6476554298890984,7.79379943281969,-0.00713384213570373,0,nan,nan,nan,nan,0,nan,nan,nan,nan,m1680-spec-0057::L2_window_50,m1680-spec-0057,L2_window_50,T5,actuator_delay_step|t5_near_boundary_warmup,reveal_plus_4,all_72_specs;explicit_window_subset;task_family_T5,t5_near_boundary_warmup,t5_near_boundary_warmup,runs/m1674_controller_family_one_seed_public_pilot/configs/L2_window_50_seed167400.json,runs/m1674_controller_family_one_seed_public_pilot/profile_runs/L2_window_50/seed_167400/checkpoint.pt,50,169992,False,True,False,False,False,False,False,False,False,False,False,False,False
169993,checkpoint,64,True,False,0.44135705332910335,0.44135705332910335,1620.0893471472757,1.117302998032604,0.8714585882455886,0.09606608850756926,0.8399895697779627,0.9958588227979327,1.0595407617763015,1.564675748812192,1.564675748812192,,False,True,aeb_feasible,False,False,10.597492185831879,1.593166158875499,9.00432602695638,11.840649332592942,0.18501014582176473,2.385626607812148,5.050777093982298,0.5313966643807694,0.03248420211854843,0.0,8.497752170406258,0.0032919852528721094,1,nan,nan,64,2.385626607812148,0.5313966643807694,8.497752170406258,0.18501014582176473,0,nan,nan,nan,nan,0,nan,nan,nan,nan,m1680-spec-0057::L2_window_50_current_tiled,m1680-spec-0057,L2_window_50_current_tiled,T5,actuator_delay_step|t5_near_boundary_warmup,reveal_plus_4,all_72_specs;explicit_window_subset;task_family_T5,t5_near_boundary_warmup,t5_near_boundary_warmup,runs/m1674_controller_family_one_seed_public_pilot/configs/L2_window_50_current_tiled_seed167400.json,runs/m1674_controller_family_one_seed_public_pilot/profile_runs/L2_window_50_current_tiled/seed_167400/checkpoint.pt,50,169993,False,True,False,False,False,False,False,False,False,False,False,False,False
169994,checkpoint,100,True,False,0.7851051516372695,0.7851051516372695,1683.877990762283,1.1612951660429538,0.9087065175592764,0.08308254106177393,0.7983423579874024,1.2882452697171303,1.0666865898973479,1.4422481462973713,1.4422481462973713,,False,True,aeb_feasible,False,False,6.73211158033064,1.9848210547962668,4.747290525534373,36.12553242297916,0.3612553242297916,2.1286671281659437,5.01765212431113,0.6543324564028729,0.06164214702344265,0.0,9.858681888067343,0.0012381385313346982,1,nan,nan,100,2.1286671281659437,0.6543324564028729,9.858681888067343,0.3612553242297916,0,nan,nan,nan,nan,0,nan,nan,nan,nan,m1680-spec-0057::L3_online_gru,m1680-spec-0057,L3_online_gru,T5,actuator_delay_step|t5_near_boundary_warmup,reveal_plus_4,all_72_specs;explicit_window_subset;task_family_T5,t5_near_boundary_warmup,t5_near_boundary_warmup,runs/m1674_controller_family_one_seed_public_pilot/configs/L3_online_gru_seed167400.json,runs/m1674_controller_family_one_seed_public_pilot/profile_runs/L3_online_gru/seed_167400/checkpoint.pt,1,169994,False,True,False,False,False,False,False,False,False,False,False,False,False
169995,checkpoint,87,True,False,0.6951886923174249,0.6951886923174249,1311.0556765473325,0.9041763286533328,0.905268782706612,-0.015995451713124664,1.006991786604337,0.9926187497791605,1.054505263433595,1.3017935240046326,1.3017935240046326,,False,True,aeb_feasible,False,False,3.42754218323729,2.203341789963857,1.224200393273433,52.202856781342106,0.6000328365671507,2.1431184591461903,5.056497384354508,0.3882013220199208,0.027449908302220487,0.0,10.504911949072278,0.0008443449041806161,1,nan,nan,87,2.1431184591461903,0.3882013220199208,10.504911949072278,0.6000328365671507,0,nan,nan,nan,nan,0,nan,nan,nan,nan,m1680-spec-0057::L3_reset_control_corrected,m1680-spec-0057,L3_reset_control_corrected,T5,actuator_delay_step|t5_near_boundary_warmup,reveal_plus_4,all_72_specs;explicit_window_subset;task_family_T5,t5_near_boundary_warmup,t5_near_boundary_warmup,runs/m1674_controller_family_one_seed_public_pilot/configs/L3_reset_control_corrected_seed167400.json,runs/m1674_controller_family_one_seed_public_pilot/profile_runs/L3_reset_control_corrected/seed_167400/checkpoint.pt,1,169995,False,True,False,False,False,False,False,False,False,False,False,False,False
169996,checkpoint,71,True,False,0.8055045123263498,0.8055045123263498,1265.7884374062273,0.8729575430387775,1.2421224097821153,-0.00492188769532742,1.0856518666135884,1.2067402989247569,1.0941455179028403,1.8002826723535494,1.8002826723535492,,False,True,aeb_feasible,False,False,5.377530737279511,1.905811199529496,3.4717195377500154,8.30093311612658,0.11691455093136027,2.327889751274038,5.109981006436694,0.643900897927326,0.018409922088847373,0.0,10.48652906636263,0.001930567785166204,1,nan,nan,71,2.327889751274038,0.643900897927326,10.48652906636263,0.11691455093136027,0,nan,nan,nan,nan,0,nan,nan,nan,nan,m1680-spec-0058::L0_current_masked,m1680-spec-0058,L0_current_masked,T5,capability_step_down|t5_near_boundary_warmup,decision_minus_24,all_72_specs;explicit_window_subset;task_family_T5,t5_near_boundary_warmup,t5_near_boundary_warmup,runs/m1674_controller_family_one_seed_public_pilot/configs/L0_current_masked_seed167400.json,runs/m1674_controller_family_one_seed_public_pilot/profile_runs/L0_current_masked/seed_167400/checkpoint.pt,1,169996,False,True,False,False,False,False,False,False,False,False,False,False,False
169997,checkpoint,54,True,False,0.9819670517297493,0.9819670517297493,1566.575374497795,1.0803968099984793,1.1743727835835929,0.01624599636873114,0.7321015676603024,0.5600503286352387,0.8185250326808677,2.0616052073450017,2.0616052073450017,,False,True,aeb_feasible,True,False,2.05204057900792,2.053412153781316,-0.0013715747733957784,3.753215243901362,0.06950398599817337,2.131460429815957,4.458369956908289,0.41661217923667343,0.07492387078780223,0.0,11.955528494073441,0.002815843792632222,1,nan,nan,54,2.131460429815957,0.41661217923667343,11.955528494073441,0.06950398599817337,0,nan,nan,nan,nan,0,nan,nan,nan,nan,m1680-spec-0058::L1_one_step,m1680-spec-0058,L1_one_step,T5,capability_step_down|t5_near_boundary_warmup,decision_minus_24,all_72_specs;explicit_window_subset;task_family_T5,t5_near_boundary_warmup,t5_near_boundary_warmup,runs/m1674_controller_family_one_seed_public_pilot/configs/L1_one_step_seed167400.json,runs/m1674_controller_family_one_seed_public_pilot/profile_runs/L1_one_step/seed_167400/checkpoint.pt,1,169997,False,True,False,False,False,False,False,False,False,False,False,False,False
169998,checkpoint,49,True,False,1.0181758153778042,1.0181758153778042,1536.3113074358355,1.059525039610921,1.1364393254335756,-0.018720149158138355,1.0511955016975139,0.5495810396828512,0.8934478131150034,1.8899591525522854,1.8899591525522854,,False,True,aeb_feasible,False,False,16.96744833118573,1.9358488089353996,15.031599522250328,7.889309845529841,0.16100632337816,2.3415992556778313,5.055369109259242,0.5778426439446231,0.038328364591930356,0.0,11.99337977633088,0.0032081848476082087,1,nan,nan,49,2.3415992556778313,0.5778426439446231,11.99337977633088,0.16100632337816,0,nan,nan,nan,nan,0,nan,nan,nan,nan,m1680-spec-0058::L2_window_100,m1680-spec-0058,L2_window_100,T5,capability_step_down|t5_near_boundary_warmup,decision_minus_24,all_72_specs;explicit_window_subset;task_family_T5,t5_near_boundary_warmup,t5_near_boundary_warmup,runs/m1674_controller_family_one_seed_public_pilot/configs/L2_window_100_seed167400.json,runs/m1674_controller_family_one_seed_public_pilot/profile_runs/L2_window_100/seed_167400/checkpoint.pt,100,169998,False,True,False,False,False,False,False,False,False,False,False,False,False
169999,checkpoint,57,True,False,0.7146904381473191,0.7146904381473191,1375.3029970099244,0.9484848255240858,1.2079565467698286,-0.08670718811476119,0.8260717486153557,0.8416528387310026,1.1469978405402825,1.2744935286749044,1.2744935286749044,,False,True,aeb_feasible,False,False,10.390070478367658,1.8478641748011544,8.542206303566504,19.539035219200006,0.34279009156491236,2.3850377430944474,5.154447582982893,0.3979313800507455,0.04481059734847809,0.0,10.329341602180635,0.0036037820391356945,1,nan,nan,57,2.3850377430944474,0.3979313800507455,10.329341602180635,0.34279009156491236,0,nan,nan,nan,nan,0,nan,nan,nan,nan,m1680-spec-0058::L2_window_100_current_tiled,m1680-spec-0058,L2_window_100_current_tiled,T5,capability_step_down|t5_near_boundary_warmup,decision_minus_24,all_72_specs;explicit_window_subset;task_family_T5,t5_near_boundary_warmup,t5_near_boundary_warmup,runs/m1674_controller_family_one_seed_public_pilot/configs/L2_window_100_current_tiled_seed167400.json,runs/m1674_controller_family_one_seed_public_pilot/profile_runs/L2_window_100_current_tiled/seed_167400/checkpoint.pt,100,169999,False,True,False,False,False,False,False,False,False,False,False,False,False
170000,checkpoint,52,True,False,0.8255208354277805,0.8255208354277805,1679.3041306860025,1.15814077978345,1.1338383564308436,0.04379505611559842,1.0433120853505655,0.7826774056176677,0.9967824681529698,1.7275277168222019,1.7275277168222019,,False,True,aeb_feasible,False,False,3.37712707814637,1.8387228733542846,1.5384042047920854,15.316093236848719,0.29454025455478305,2.3620849646674555,5.060465308424536,0.3445977397949749,0.04736022222800485,0.0,11.08994688781775,0.0032306553330272436,1,nan,nan,52,2.3620849646674555,0.3445977397949749,11.08994688781775,0.29454025455478305,0,nan,nan,nan,nan,0,nan,nan,nan,nan,m1680-spec-0058::L2_window_13,m1680-spec-0058,L2_window_13,T5,capability_step_down|t5_near_boundary_warmup,decision_minus_24,all_72_specs;explicit_window_subset;task_family_T5,t5_near_boundary_warmup,t5_near_boundary_warmup,runs/m1674_controller_family_one_seed_public_pilot/configs/L2_window_13_seed167400.json,runs/m1674_controller_family_one_seed_public_pilot/profile_runs/L2_window_13/seed_167400/checkpoint.pt,13,170000,False,True,False,False,False,False,False,False,False,False,False,False,False
170001,checkpoint,59,True,False,0.7459809337292653,0.7459809337292653,1579.0376555940993,1.0889914866166202,1.1463701147584473,-0.06403811940979653,0.8448806137197702,0.8325639067605296,0.8333206546610255,0.9515514224163936,0.9515514224163937,,False,True,aeb_feasible,False,False,12.857066304668738,2.0814808694950506,10.775585435173687,15.670873404777307,0.2656080238097849,2.2752059123223325,5.1719623395221035,0.3738386301034241,0.0403899123230816,0.0,10.484332187787988,0.003668923396617174,1,nan,nan,59,2.2752059123223325,0.3738386301034241,10.484332187787988,0.2656080238097849,0,nan,nan,nan,nan,0,nan,nan,nan,nan,m1680-spec-0058::L2_window_13_current_tiled,m1680-spec-0058,L2_window_13_current_tiled,T5,capability_step_down|t5_near_boundary_warmup,decision_minus_24,all_72_specs;explicit_window_subset;task_family_T5,t5_near_boundary_warmup,t5_near_boundary_warmup,runs/m1674_controller_family_one_seed_public_pilot/configs/L2_window_13_current_tiled_seed167400.json,runs/m1674_controller_family_one_seed_public_pilot/profile_runs/L2_window_13_current_tiled/seed_167400/checkpoint.pt,13,170001,False,True,False,False,False,False,False,False,False,False,False,False,False
170002,checkpoint,57,True,False,0.7875824952935951,0.7875824952935951,1483.281983800837,1.0229530922764394,1.085584461735151,0.009778374257760625,1.1544931381153822,0.870424739791107,0.7771183248901719,2.0429525050898176,2.0429525050898176,,False,True,aeb_feasible,False,False,18.15903427313579,2.2219593662755925,15.937074906860198,12.267113520388898,0.21521251790155962,2.4178584776048475,5.07581679543242,0.38060073991771953,0.03916830466258647,0.0,9.912828599685946,0.0028460088651627302,1,nan,nan,57,2.4178584776048475,0.38060073991771953,9.912828599685946,0.21521251790155962,0,nan,nan,nan,nan,0,nan,nan,nan,nan,m1680-spec-0058::L2_window_25,m1680-spec-0058,L2_window_25,T5,capability_step_down|t5_near_boundary_warmup,decision_minus_24,all_72_specs;explicit_window_subset;task_family_T5,t5_near_boundary_warmup,t5_near_boundary_warmup,runs/m1674_controller_family_one_seed_public_pilot/configs/L2_window_25_seed167400.json,runs/m1674_controller_family_one_seed_public_pilot/profile_runs/L2_window_25/seed_167400/checkpoint.pt,25,170002,False,True,False,False,False,False,False,False,False,False,False,False,False
170003,checkpoint,55,True,False,1.009099817636017,1.009099817636017,1443.705552837001,0.9956590019565524,0.9259180066419174,0.05891902274951599,0.8919534873387671,0.8354099316028254,1.108419563205106,1.8125865010496884,1.8125865010496887,,False,True,aeb_feasible,False,False,12.045183549583113,1.6926710618258212,10.352512487757291,12.280175285409669,0.2232759142801758,2.3978016692825124,5.130329228358143,0.4854508614948681,0.055341697923043345,0.0,10.28111832658515,0.0035794589202851057,1,nan,nan,55,2.3978016692825124,0.4854508614948681,10.28111832658515,0.2232759142801758,0,nan,nan,nan,nan,0,nan,nan,nan,nan,m1680-spec-0058::L2_window_25_current_tiled,m1680-spec-0058,L2_window_25_current_tiled,T5,capability_step_down|t5_near_boundary_warmup,decision_minus_24,all_72_specs;explicit_window_subset;task_family_T5,t5_near_boundary_warmup,t5_near_boundary_warmup,runs/m1674_controller_family_one_seed_public_pilot/configs/L2_window_25_current_tiled_seed167400.json,runs/m1674_controller_family_one_seed_public_pilot/profile_runs/L2_window_25_current_tiled/seed_167400/checkpoint.pt,25,170003,False,True,False,False,False,False,False,False,False,False,False,False,False
170004,checkpoint,63,True,False,0.49054532324706857,0.49054532324706857,1702.2680846405642,1.1739779894072857,1.0511843051277625,0.06440258810146005,1.0843413266405924,0.7744829408488796,1.0819249041092167,1.1751977778578606,1.1751977778578606,,False,True,aeb_feasible,False,False,4.922635286832803,1.9771852666515959,2.9454500201812075,19.119835201706643,0.30348944764613717,2.315430106588504,5.155216080599747,0.4235048697647976,0.05145442631480038,0.0,9.164976098378894,0.0029364540241658688,1,nan,nan,63,2.315430106588504,0.4235048697647976,9.164976098378894,0.30348944764613717,0,nan,nan,nan,nan,0,nan,nan,nan,nan,m1680-spec-0058::L2_window_50,m1680-spec-0058,L2_window_50,T5,capability_step_down|t5_near_boundary_warmup,decision_minus_24,all_72_specs;explicit_window_subset;task_family_T5,t5_near_boundary_warmup,t5_near_boundary_warmup,runs/m1674_controller_family_one_seed_public_pilot/configs/L2_window_50_seed167400.json,runs/m1674_controller_family_one_seed_public_pilot/profile_runs/L2_window_50/seed_167400/checkpoint.pt,50,170004,False,True,False,False,False,False,False,False,False,False,False,False,False
170005,checkpoint,65,True,False,0.9539929197376055,0.9539929197376055,1687.77460667114,1.163982487359407,1.1579125152108107,0.012976876231004741,1.0494924512189217,1.329299075239976,0.9184338656390703,1.1018342724368477,1.1018342724368477,,False,True,aeb_feasible,False,False,8.113888543617803,1.6254448206964656,6.488443722921337,6.605074669162919,0.10161653337173722,2.320071304884468,5.121981373232604,0.4909007339262832,0.053293745609749615,0.0,8.922994931083187,0.00325101800262928,1,nan,nan,65,2.320071304884468,0.4909007339262832,8.922994931083187,0.10161653337173722,0,nan,nan,nan,nan,0,nan,nan,nan,nan,m1680-spec-0058::L2_window_50_current_tiled,m1680-spec-0058,L2_window_50_current_tiled,T5,capability_step_down|t5_near_boundary_warmup,decision_minus_24,all_72_specs;explicit_window_subset;task_family_T5,t5_near_boundary_warmup,t5_near_boundary_warmup,runs/m1674_controller_family_one_seed_public_pilot/configs/L2_window_50_current_tiled_seed167400.json,runs/m1674_controller_family_one_seed_public_pilot/profile_runs/L2_window_50_current_tiled/seed_167400/checkpoint.pt,50,170005,False,True,False,False,False,False,False,False,False,False,False,False,False
170006,checkpoint,88,True,False,0.5953801622230724,0.5953801622230724,1638.3746128297505,1.129913526089483,0.9389071130192727,0.07275609243232184,0.7689340487623322,1.0954973697711543,0.8751146840653676,2.1541563484122364,2.1541563484122364,,False,True,aeb_feasible,False,False,12.439669590653248,1.9807899351977567,10.45887965545549,39.28179197160302,0.4463839996773071,2.3297313513700404,5.032771020848813,0.36190554783632245,0.02565027515986988,0.0,9.73610337400391,0.0013715437380596995,1,nan,nan,88,2.3297313513700404,0.36190554783632245,9.73610337400391,0.4463839996773071,0,nan,nan,nan,nan,0,nan,nan,nan,nan,m1680-spec-0058::L3_online_gru,m1680-spec-0058,L3_online_gru,T5,capability_step_down|t5_near_boundary_warmup,decision_minus_24,all_72_specs;explicit_window_subset;task_family_T5,t5_near_boundary_warmup,t5_near_boundary_warmup,runs/m1674_controller_family_one_seed_public_pilot/configs/L3_online_gru_seed167400.json,runs/m1674_controller_family_one_seed_public_pilot/profile_runs/L3_online_gru/seed_167400/checkpoint.pt,1,170006,False,True,False,False,False,False,False,False,False,False,False,False,False
170007,checkpoint,97,True,False,0.4799842561679071,0.4799842561679071,1452.0572395402198,1.0014187858898067,1.1333735581175661,-0.05794077379504303,1.1046384328636494,0.9015331712355055,0.9619388341379111,2.1762241753481226,2.1762241753481226,,False,True,aeb_feasible,False,False,4.35328915607818,1.6554070832970653,2.6978820727811144,42.07210202496862,0.43373301056668684,2.198917268963384,5.05206825738734,0.6128955100292762,0.03209045848545918,0.0,9.430092985531763,0.0007697713444940746,1,nan,nan,97,2.198917268963384,0.6128955100292762,9.430092985531763,0.43373301056668684,0,nan,nan,nan,nan,0,nan,nan,nan,nan,m1680-spec-0058::L3_reset_control_corrected,m1680-spec-0058,L3_reset_control_corrected,T5,capability_step_down|t5_near_boundary_warmup,decision_minus_24,all_72_specs;explicit_window_subset;task_family_T5,t5_near_boundary_warmup,t5_near_boundary_warmup,runs/m1674_controller_family_one_seed_public_pilot/configs/L3_reset_control_corrected_seed167400.json,runs/m1674_controller_family_one_seed_public_pilot/profile_runs/L3_reset_control_corrected/seed_167400/checkpoint.pt,1,170007,False,True,False,False,False,False,False,False,False,False,False,False,False
170008,checkpoint,67,True,False,0.8927125360428936,0.8927125360428936,1474.5437697300472,1.01692673774486,1.197513952787656,-0.024436165448348923,0.7412912556257738,1.0361399449238937,0.8021272952514767,2.5441600419218378,2.5441600419218378,,False,True,aeb_feasible,False,False,10.057814256207212,2.1601512243994114,7.8976630318078005,8.52037644673544,0.12716979771246925,2.3583210582932717,5.066604379619058,0.6091118817153317,0.03442269362669449,0.0,10.80610671828542,0.0020120560657233,1,nan,nan,67,2.3583210582932717,0.6091118817153317,10.80610671828542,0.12716979771246925,0,nan,nan,nan,nan,0,nan,nan,nan,nan,m1680-spec-0059::L0_current_masked,m1680-spec-0059,L0_current_masked,T5,curved_boundary_obstacle|t5_boundary_axis_retarget,decision_minus_32,all_72_specs;explicit_window_subset;task_family_T5,t5_boundary_axis_retarget,t5_boundary_axis_retarget,runs/m1674_controller_family_one_seed_public_pilot/configs/L0_current_masked_seed167400.json,runs/m1674_controller_family_one_seed_public_pilot/profile_runs/L0_current_masked/seed_167400/checkpoint.pt,1,170008,False,True,False,False,False,False,False,False,False,False,False,False,False
170009,checkpoint,87,True,False,0.3778076719134669,0.3778076719134669,1576.19945860538,1.0870341093830207,0.9838039929415264,-0.11650014747030757,0.5313704735166809,0.5933578190525923,0.8373243688983438,2.569672832660147,2.569672832660147,,False,True,aeb_feasible,False,False,5.132188658559423,1.776244305450028,3.355944353109395,31.317186343717733,0.35996765912319234,2.3911775604204624,5.086219392570449,0.45993309113336606,0.05487397075811488,0.0,8.032198623635002,0.0015428466722369194,1,nan,nan,87,2.3911775604204624,0.45993309113336606,8.032198623635002,0.35996765912319234,0,nan,nan,nan,nan,0,nan,nan,nan,nan,m1680-spec-0059::L1_one_step,m1680-spec-0059,L1_one_step,T5,curved_boundary_obstacle|t5_boundary_axis_retarget,decision_minus_32,all_72_specs;explicit_window_subset;task_family_T5,t5_boundary_axis_retarget,t5_boundary_axis_retarget,runs/m1674_controller_family_one_seed_public_pilot/configs/L1_one_step_seed167400.json,runs/m1674_controller_family_one_seed_public_pilot/profile_runs/L1_one_step/seed_167400/checkpoint.pt,1,170009,False,True,False,False,False,False,False,False,False,False,False,False,False
170010,checkpoint,55,True,False,0.6383619074563178,0.6383619074563178,1379.331867875787,0.9512633571557152,1.1039909287081477,0.012875324789271003,1.100167273783427,1.1466705637715844,0.8776643998592256,3.095638819057698,3.095638819057698,,False,True,aeb_feasible,True,False,2.1668301743621217,2.2335921026495487,-0.066761928287427,8.334703983110444,0.15154007242018988,1.5765360749952009,3.503725663791883,0.5124886622671728,0.06595931521671596,0.0,9.418933164301675,0.0023419782519340515,1,nan,nan,55,1.5765360749952009,0.5124886622671728,9.418933164301675,0.15154007242018988,0,nan,nan,nan,nan,0,nan,nan,nan,nan,m1680-spec-0059::L2_window_100,m1680-spec-0059,L2_window_100,T5,curved_boundary_obstacle|t5_boundary_axis_retarget,decision_minus_32,all_72_specs;explicit_window_subset;task_family_T5,t5_boundary_axis_retarget,t5_boundary_axis_retarget,runs/m1674_controller_family_one_seed_public_pilot/configs/L2_window_100_seed167400.json,runs/m1674_controller_family_one_seed_public_pilot/profile_runs/L2_window_100/seed_167400/checkpoint.pt,100,170010,False,True,False,False,False,False,False,False,False,False,False,False,False
170011,checkpoint,63,True,False,0.6584387923055623,0.6584387923055623,1368.0688734651276,0.9434957748035363,1.219598753284202,-0.006121225588610946,1.0634814579431238,0.8485502094190255,0.8649985819514155,1.1482035917669133,1.1482035917669133,,False,True,aeb_feasible,False,False,17.155708172154522,1.5815418643059223,15.5741663078486,23.087397022712096,0.3664666194081285,2.250757034924311,5.0223328054041545,0.3004436958433839,0.09649741212016014,0.0,9.292368359140308,0.003283170284703374,1,nan,nan,63,2.250757034924311,0.3004436958433839,9.292368359140308,0.3664666194081285,0,nan,nan,nan,nan,0,nan,nan,nan,nan,m1680-spec-0059::L2_window_100_current_tiled,m1680-spec-0059,L2_window_100_current_tiled,T5,curved_boundary_obstacle|t5_boundary_axis_retarget,decision_minus_32,all_72_specs;explicit_window_subset;task_family_T5,t5_boundary_axis_retarget,t5_boundary_axis_retarget,runs/m1674_controller_family_one_seed_public_pilot/configs/L2_window_100_current_tiled_seed167400.json,runs/m1674_controller_family_one_seed_public_pilot/profile_runs/L2_window_100_current_tiled/seed_167400/checkpoint.pt,100,170011,False,True,False,False,False,False,False,False,False,False,False,False,False
170012,checkpoint,61,True,False,0.6055652016063036,0.6055652016063036,1576.0216557496155,1.0869114867238727,1.0488181299649675,0.01608020137149513,1.055727109486989,0.9457221476026773,1.0011171047765952,2.0261786169726683,2.0261786169726683,,False,True,aeb_feasible,False,False,10.283660746397484,1.8853451444249045,8.398315601972579,14.141839285054349,0.2318334309025303,2.3455412410161025,5.12276715471042,0.45956634954912134,0.04359914307135183,0.0,9.68676333355948,0.0026629874482750893,1,nan,nan,61,2.3455412410161025,0.45956634954912134,9.68676333355948,0.2318334309025303,0,nan,nan,nan,nan,0,nan,nan,nan,nan,m1680-spec-0059::L2_window_13,m1680-spec-0059,L2_window_13,T5,curved_boundary_obstacle|t5_boundary_axis_retarget,decision_minus_32,all_72_specs;explicit_window_subset;task_family_T5,t5_boundary_axis_retarget,t5_boundary_axis_retarget,runs/m1674_controller_family_one_seed_public_pilot/configs/L2_window_13_seed167400.json,runs/m1674_controller_family_one_seed_public_pilot/profile_runs/L2_window_13/seed_167400/checkpoint.pt,13,170012,False,True,False,False,False,False,False,False,False,False,False,False,False
170013,checkpoint,81,True,False,0.32275797119450733,0.32275797119450733,1428.0764970994376,0.9848803428271983,1.0869078912306713,0.06694914563969734,0.7057843283696221,0.7317908510840442,0.836099563617545,1.9414245626160809,1.941424562616081,,False,True,aeb_feasible,False,False,18.46990304503578,2.3026012203577277,16.167301824678056,15.221129119840748,0.18791517431902158,2.223612019602847,5.096105233094118,0.662287860218414,0.05074857082631963,0.0,7.4555030482244105,0.002546214032918215,1,nan,nan,81,2.223612019602847,0.662287860218414,7.4555030482244105,0.18791517431902158,0,nan,nan,nan,nan,0,nan,nan,nan,nan,m1680-spec-0059::L2_window_13_current_tiled,m1680-spec-0059,L2_window_13_current_tiled,T5,curved_boundary_obstacle|t5_boundary_axis_retarget,decision_minus_32,all_72_specs;explicit_window_subset;task_family_T5,t5_boundary_axis_retarget,t5_boundary_axis_retarget,runs/m1674_controller_family_one_seed_public_pilot/configs/L2_window_13_current_tiled_seed167400.json,runs/m1674_controller_family_one_seed_public_pilot/profile_runs/L2_window_13_current_tiled/seed_167400/checkpoint.pt,13,170013,False,True,False,False,False,False,False,False,False,False,False,False,False
170014,checkpoint,66,True,False,0.6818168558719323,0.6818168558719323,1458.390677080717,1.0057866738487704,1.1167536248982641,0.006292699096170695,1.1764363978706442,1.2454841110250086,0.843192969210288,2.660235617352761,2.660235617352761,,False,True,aeb_feasible,False,False,7.837363188452654,1.600780040962727,6.236583147489927,20.577342819037813,0.31177792150057293,2.1695847831112247,5.002605409069798,0.2966610917413399,0.07366687260458263,0.0,9.666915401907357,0.0025721793062984943,1,nan,nan,66,2.1695847831112247,0.2966610917413399,9.666915401907357,0.31177792150057293,0,nan,nan,nan,nan,0,nan,nan,nan,nan,m1680-spec-0059::L2_window_25,m1680-spec-0059,L2_window_25,T5,curved_boundary_obstacle|t5_boundary_axis_retarget,decision_minus_32,all_72_specs;explicit_window_subset;task_family_T5,t5_boundary_axis_retarget,t5_boundary_axis_retarget,runs/m1674_controller_family_one_seed_public_pilot/configs/L2_window_25_seed167400.json,runs/m1674_controller_family_one_seed_public_pilot/profile_runs/L2_window_25/seed_167400/checkpoint.pt,25,170014,False,True,False,False,False,False,False,False,False,False,False,False,False
170015,checkpoint,57,True,False,0.8714323792856407,0.8714323792856407,1733.395702384744,1.1954453119894786,1.2186944614937454,0.0705819958879681,0.7391182500409488,1.1460571488450129,0.867210931479645,1.4393636727521066,1.4393636727521066,,False,True,aeb_feasible,False,False,4.279438184677616,1.8708967653386739,2.4085414193389423,4.779716509883084,0.08385467561198393,2.3427713446669265,5.103634764999132,0.5981339531253347,0.0711664033949761,0.0,11.063956237399827,0.0033648479729890823,1,nan,nan,57,2.3427713446669265,0.5981339531253347,11.063956237399827,0.08385467561198393,0,nan,nan,nan,nan,0,nan,nan,nan,nan,m1680-spec-0059::L2_window_25_current_tiled,m1680-spec-0059,L2_window_25_current_tiled,T5,curved_boundary_obstacle|t5_boundary_axis_retarget,decision_minus_32,all_72_specs;explicit_window_subset;task_family_T5,t5_boundary_axis_retarget,t5_boundary_axis_retarget,runs/m1674_controller_family_one_seed_public_pilot/configs/L2_window_25_current_tiled_seed167400.json,runs/m1674_controller_family_one_seed_public_pilot/profile_runs/L2_window_25_current_tiled/seed_167400/checkpoint.pt,25,170015,False,True,False,False,False,False,False,False,False,False,False,False,False
170016,checkpoint,64,True,False,0.8761500436267315,0.8761500436267315,1735.4584166085178,1.1968678735231157,0.9048981980503026,-0.08800230876130466,0.9438804053597541,1.205415733698459,1.2126555756542508,2.4065036709062095,2.4065036709062095,,False,True,aeb_feasible,False,False,17.657977122922716,1.9990261038281525,15.658951019094564,13.266278729174173,0.20728560514334646,2.269492944164441,5.0586305274484396,0.549870858620664,0.10052947239233766,0.0,9.632366027626446,0.0026919047813862562,1,nan,nan,64,2.269492944164441,0.549870858620664,9.632366027626446,0.20728560514334646,0,nan,nan,nan,nan,0,nan,nan,nan,nan,m1680-spec-0059::L2_window_50,m1680-spec-0059,L2_window_50,T5,curved_boundary_obstacle|t5_boundary_axis_retarget,decision_minus_32,all_72_specs;explicit_window_subset;task_family_T5,t5_boundary_axis_retarget,t5_boundary_axis_retarget,runs/m1674_controller_family_one_seed_public_pilot/configs/L2_window_50_seed167400.json,runs/m1674_controller_family_one_seed_public_pilot/profile_runs/L2_window_50/seed_167400/checkpoint.pt,50,170016,False,True,False,False,False,False,False,False,False,False,False,False,False
170017,checkpoint,86,True,False,0.33917602466114305,0.33917602466114305,1408.558426143815,0.9714196042371138,1.2068154696232114,-0.04904417990006671,0.5742763059267085,1.004279415613337,0.8059060106961377,2.0733756282192903,2.0733756282192903,,False,True,aeb_feasible,False,False,19.94005225574267,1.5692741511142194,18.370778104628453,16.25390420384508,0.18899888609122187,2.2424095693322905,5.009688532190058,0.5477659563780849,0.06961284509942425,0.0,7.0712566144466384,0.002414888935163617,1,nan,nan,86,2.2424095693322905,0.5477659563780849,7.0712566144466384,0.18899888609122187,0,nan,nan,nan,nan,0,nan,nan,nan,nan,m1680-spec-0059::L2_window_50_current_tiled,m1680-spec-0059,L2_window_50_current_tiled,T5,curved_boundary_obstacle|t5_boundary_axis_retarget,decision_minus_32,all_72_specs;explicit_window_subset;task_family_T5,t5_boundary_axis_retarget,t5_boundary_axis_retarget,runs/m1674_controller_family_one_seed_public_pilot/configs/L2_window_50_current_tiled_seed167400.json,runs/m1674_controller_family_one_seed_public_pilot/profile_runs/L2_window_50_current_tiled/seed_167400/checkpoint.pt,50,170017,False,True,False,False,False,False,False,False,False,False,False,False,False
170018,checkpoint,71,True,False,0.7662477503150322,0.7662477503150322,1683.4850335338078,1.1610241610577985,0.9943334644303232,0.006418471481419719,1.4234620537041034,1.026387929235271,1.20625616443335,0.8049438586381068,0.8049438586381068,,False,True,aeb_feasible,False,False,4.141117493500237,1.8832632813585741,2.2578542121416625,29.115759357365967,0.4100811177093798,2.3422977117409385,5.015510659435737,0.5317305035081321,0.050451023904990074,0.0,11.444278984327763,0.001445275847800076,1,nan,nan,71,2.3422977117409385,0.5317305035081321,11.444278984327763,0.4100811177093798,0,nan,nan,nan,nan,0,nan,nan,nan,nan,m1680-spec-0059::L3_online_gru,m1680-spec-0059,L3_online_gru,T5,curved_boundary_obstacle|t5_boundary_axis_retarget,decision_minus_32,all_72_specs;explicit_window_subset;task_family_T5,t5_boundary_axis_retarget,t5_boundary_axis_retarget,runs/m1674_controller_family_one_seed_public_pilot/configs/L3_online_gru_seed167400.json,runs/m1674_controller_family_one_seed_public_pilot/profile_runs/L3_online_gru/seed_167400/checkpoint.pt,1,170018,False,True,False,False,False,False,False,False,False,False,False,False,False
170019,checkpoint,89,True,False,0.5840659209906602,0.5840659209906602,1637.326487355294,1.1291906809346854,0.8957839820619835,-0.04455903803118799,1.0552259616117512,0.97313772021471,0.812931059991397,1.989897721510918,1.989897721510918,,False,True,aeb_feasible,False,False,9.485342133364243,2.194844081163875,7.290498052200368,33.0750527832577,0.37162980655345734,2.365486177034336,5.006658545962775,0.4605451640089296,0.024064500348644904,0.0,9.414342907252058,0.0007811354589648545,1,nan,nan,89,2.365486177034336,0.4605451640089296,9.414342907252058,0.37162980655345734,0,nan,nan,nan,nan,0,nan,nan,nan,nan,m1680-spec-0059::L3_reset_control_corrected,m1680-spec-0059,L3_reset_control_corrected,T5,curved_boundary_obstacle|t5_boundary_axis_retarget,decision_minus_32,all_72_specs;explicit_window_subset;task_family_T5,t5_boundary_axis_retarget,t5_boundary_axis_retarget,runs/m1674_controller_family_one_seed_public_pilot/configs/L3_reset_control_corrected_seed167400.json,runs/m1674_controller_family_one_seed_public_pilot/profile_runs/L3_reset_control_corrected/seed_167400/checkpoint.pt,1,170019,False,True,False,False,False,False,False,False,False,False,False,False,False
170020,checkpoint,42,True,False,0.9965672366105695,0.9965672366105695,1736.0047401046627,1.1972446483480432,1.0608534434712353,-0.10482774279294516,0.7573380853175856,0.5260781215296263,1.0904937511282946,1.4426861348958808,1.4426861348958808,,False,True,aeb_feasible,True,False,1.9849080016753815,1.9958115721683716,-0.010903570492990067,11.609284196384998,0.2764115284853571,0.8617685650987473,1.998329505297221,0.6389749639486952,0.03365183285542867,0.0,12.43924896204517,0.0030746906995773315,1,nan,nan,42,0.8617685650987473,0.6389749639486952,12.43924896204517,0.2764115284853571,0,nan,nan,nan,nan,0,nan,nan,nan,nan,m1680-spec-0060::L0_current_masked,m1680-spec-0060,L0_current_masked,T5,actuator_delay_step|t5_near_boundary_warmup,reveal_plus_4,all_72_specs;explicit_window_subset;task_family_T5,t5_near_boundary_warmup,t5_near_boundary_warmup,runs/m1674_controller_family_one_seed_public_pilot/configs/L0_current_masked_seed167400.json,runs/m1674_controller_family_one_seed_public_pilot/profile_runs/L0_current_masked/seed_167400/checkpoint.pt,1,170020,False,True,False,False,False,False,False,False,False,False,False,False,False
170021,checkpoint,99,True,False,0.3780914025231306,0.3780914025231306,1626.3709321560164,1.121635125624839,1.0974139745540568,0.047027987947019234,0.8467276584285199,1.0394008108869341,0.8798077023444786,1.9776074561911114,1.9776074561911117,,False,True,aeb_feasible,False,False,7.601399761083403,1.974343722301915,5.627056038781488,23.060661606874625,0.23293597582701642,2.4159332131233335,5.06754834869901,0.4379315028759886,0.0454127241195813,0.0,7.318818069386977,0.0012893059756606817,1,nan,nan,99,2.4159332131233335,0.4379315028759886,7.318818069386977,0.23293597582701642,0,nan,nan,nan,nan,0,nan,nan,nan,nan,m1680-spec-0060::L1_one_step,m1680-spec-0060,L1_one_step,T5,actuator_delay_step|t5_near_boundary_warmup,reveal_plus_4,all_72_specs;explicit_window_subset;task_family_T5,t5_near_boundary_warmup,t5_near_boundary_warmup,runs/m1674_controller_family_one_seed_public_pilot/configs/L1_one_step_seed167400.json,runs/m1674_controller_family_one_seed_public_pilot/profile_runs/L1_one_step/seed_167400/checkpoint.pt,1,170021,False,True,False,False,False,False,False,False,False,False,False,False,False
170022,checkpoint,55,True,False,0.8088118899709544,0.8088118899709544,1338.9994763644822,0.9234479147341257,1.202658428947912,0.07816240595152779,1.0930181437693944,0.9402879285686969,0.9929113428429142,1.5022006865264352,1.502200686526435,,False,True,aeb_feasible,False,False,4.528092261303843,1.765230766127622,2.7628614951762205,6.848306956589003,0.12451467193798187,2.317757420457355,5.029319955912509,0.6014538393819181,0.0612227828237023,0.0,10.318151031379736,0.003098163055256009,1,nan,nan,55,2.317757420457355,0.6014538393819181,10.318151031379736,0.12451467193798187,0,nan,nan,nan,nan,0,nan,nan,nan,nan,m1680-spec-0060::L2_window_100,m1680-spec-0060,L2_window_100,T5,actuator_delay_step|t5_near_boundary_warmup,reveal_plus_4,all_72_specs;explicit_window_subset;task_family_T5,t5_near_boundary_warmup,t5_near_boundary_warmup,runs/m1674_controller_family_one_seed_public_pilot/configs/L2_window_100_seed167400.json,runs/m1674_controller_family_one_seed_public_pilot/profile_runs/L2_window_100/seed_167400/checkpoint.pt,100,170022,False,True,False,False,False,False,False,False,False,False,False,False,False
170023,checkpoint,68,True,False,0.47754560983287986,0.47754560983287986,1612.130261472081,1.1118139734290213,1.2206534476829698,-0.012277924149629804,1.0344340393108435,1.1096091868318378,1.0807791874572221,1.9209975446533147,1.9209975446533147,,False,True,aeb_feasible,False,False,15.084003776194258,1.7740251145910881,13.30997866160317,17.461766184224693,0.2567906791797749,2.3379299954649566,5.081258892903396,0.48134601729579435,0.08083271690754411,0.0,8.707305484201806,0.0030224083457142115,1,nan,nan,68,2.3379299954649566,0.48134601729579435,8.707305484201806,0.2567906791797749,0,nan,nan,nan,nan,0,nan,nan,nan,nan,m1680-spec-0060::L2_window_100_current_tiled,m1680-spec-0060,L2_window_100_current_tiled,T5,actuator_delay_step|t5_near_boundary_warmup,reveal_plus_4,all_72_specs;explicit_window_subset;task_family_T5,t5_near_boundary_warmup,t5_near_boundary_warmup,runs/m1674_controller_family_one_seed_public_pilot/configs/L2_window_100_current_tiled_seed167400.json,runs/m1674_controller_family_one_seed_public_pilot/profile_runs/L2_window_100_current_tiled/seed_167400/checkpoint.pt,100,170023,False,True,False,False,False,False,False,False,False,False,False,False,False
170024,checkpoint,65,True,False,0.7626874456389746,0.7626874456389746,1250.419497309732,0.8623582740067117,0.8811831093757452,-0.01583867061064348,0.9933412229252855,1.3365808932728003,0.8387076379973837,2.1013790908997656,2.1013790908997656,,False,True,aeb_feasible,False,False,11.954379028703807,2.0544899174247573,9.89988911127905,-2.182811898702145,-0.03358172151849454,2.368338918199785,5.069646323878384,0.6284348741460684,0.050691790528157685,0.0,8.66842280042172,0.0025670588947832584,1,nan,nan,65,2.368338918199785,0.6284348741460684,8.66842280042172,-0.03358172151849454,0,nan,nan,nan,nan,0,nan,nan,nan,nan,m1680-spec-0060::L2_window_13,m1680-spec-0060,L2_window_13,T5,actuator_delay_step|t5_near_boundary_warmup,reveal_plus_4,all_72_specs;explicit_window_subset;task_family_T5,t5_near_boundary_warmup,t5_near_boundary_warmup,runs/m1674_controller_family_one_seed_public_pilot/configs/L2_window_13_seed167400.json,runs/m1674_controller_family_one_seed_public_pilot/profile_runs/L2_window_13/seed_167400/checkpoint.pt,13,170024,False,True,False,False,False,False,False,False,False,False,False,False,False
170025,checkpoint,55,True,False,0.8844408214913319,0.8844408214913319,1537.798971222312,1.0605510146360773,1.0823341268802136,0.07972106804518964,1.0908246278860625,1.169764351107245,0.9145108178227122,1.5575974150373062,1.5575974150373062,,False,True,aeb_feasible,False,False,4.392843115703122,2.173735881841636,2.219107233861486,0.430203235760767,0.007821877013832128,2.3164856822277025,5.113466040126102,0.6738728751357946,0.03362030911788914,0.0,11.098036729542171,0.003606951329857111,1,nan,nan,55,2.3164856822277025,0.6738728751357946,11.098036729542171,0.007821877013832128,0,nan,nan,nan,nan,0,nan,nan,nan,nan,m1680-spec-0060::L2_window_13_current_tiled,m1680-spec-0060,L2_window_13_current_tiled,T5,actuator_delay_step|t5_near_boundary_warmup,reveal_plus_4,all_72_specs;explicit_window_subset;task_family_T5,t5_near_boundary_warmup,t5_near_boundary_warmup,runs/m1674_controller_family_one_seed_public_pilot/configs/L2_window_13_current_tiled_seed167400.json,runs/m1674_controller_family_one_seed_public_pilot/profile_runs/L2_window_13_current_tiled/seed_167400/checkpoint.pt,13,170025,False,True,False,False,False,False,False,False,False,False,False,False,False
170026,checkpoint,65,True,False,0.5181641705384838,0.5181641705384838,1591.42632486154,1.0975353964562344,1.0700628149780143,-0.057500368784285216,1.094888056248979,0.8705382796958447,0.9166134026443747,1.6261219443826116,1.6261219443826114,,False,True,aeb_feasible,False,False,17.6273913709622,1.8277580114001302,15.79963335956207,10.703640325015929,0.1646713896156297,2.2120647796424646,5.013576483204378,0.5945314574084686,0.04193411790934214,0.0,9.026990215487162,0.0027819781098514795,1,nan,nan,65,2.2120647796424646,0.5945314574084686,9.026990215487162,0.1646713896156297,0,nan,nan,nan,nan,0,nan,nan,nan,nan,m1680-spec-0060::L2_window_25,m1680-spec-0060,L2_window_25,T5,actuator_delay_step|t5_near_boundary_warmup,reveal_plus_4,all_72_specs;explicit_window_subset;task_family_T5,t5_near_boundary_warmup,t5_near_boundary_warmup,runs/m1674_controller_family_one_seed_public_pilot/configs/L2_window_25_seed167400.json,runs/m1674_controller_family_one_seed_public_pilot/profile_runs/L2_window_25/seed_167400/checkpoint.pt,25,170026,False,True,False,False,False,False,False,False,False,False,False,False,False
170027,checkpoint,73,True,False,0.49080805997821153,0.49080805997821153,1289.9545726304866,0.889623843193439,1.1810892437718667,-0.06639228353439042,1.17137081771281,0.6656908594854525,0.9844547123714649,2.133819413027124,2.133819413027124,,False,True,aeb_feasible,False,False,13.93806452984805,2.1329902508831773,11.805074278964874,41.75343321011052,0.5719648384946647,2.143668575644176,5.155810549476389,0.2595081575025816,0.2344144251330924,0.0,9.391744368323193,0.003235164564102888,1,nan,nan,73,2.143668575644176,0.2595081575025816,9.391744368323193,0.5719648384946647,0,nan,nan,nan,nan,0,nan,nan,nan,nan,m1680-spec-0060::L2_window_25_current_tiled,m1680-spec-0060,L2_window_25_current_tiled,T5,actuator_delay_step|t5_near_boundary_warmup,reveal_plus_4,all_72_specs;explicit_window_subset;task_family_T5,t5_near_boundary_warmup,t5_near_boundary_warmup,runs/m1674_controller_family_one_seed_public_pilot/configs/L2_window_25_current_tiled_seed167400.json,runs/m1674_controller_family_one_seed_public_pilot/profile_runs/L2_window_25_current_tiled/seed_167400/checkpoint.pt,25,170027,False,True,False,False,False,False,False,False,False,False,False,False,False
170028,checkpoint,43,True,False,0.9639535681033206,0.9639535681033206,1647.8412234838909,1.1364422230923386,1.0133609532204435,-0.11345271569206883,1.1863277937901155,0.8609508632970977,1.0949360976249998,1.879448957724915,1.879448957724915,,False,True,aeb_feasible,False,False,17.68080584249482,2.1940389746139304,15.48676686788089,5.547507255352844,0.12901179663611265,2.6103075787607692,5.018915756577506,0.45199034290452234,0.03845922438798339,0.0,11.959360965829683,0.003238015342503786,1,nan,nan,43,2.6103075787607692,0.45199034290452234,11.959360965829683,0.12901179663611265,0,nan,nan,nan,nan,0,nan,nan,nan,nan,m1680-spec-0060::L2_window_50,m1680-spec-0060,L2_window_50,T5,actuator_delay_step|t5_near_boundary_warmup,reveal_plus_4,all_72_specs;explicit_window_subset;task_family_T5,t5_near_boundary_warmup,t5_near_boundary_warmup,runs/m1674_controller_family_one_seed_public_pilot/configs/L2_window_50_seed167400.json,runs/m1674_controller_family_one_seed_public_pilot/profile_runs/L2_window_50/seed_167400/checkpoint.pt,50,170028,False,True,False,False,False,False,False,False,False,False,False,False,False
170029,checkpoint,73,True,False,0.3614035393395088,0.3614035393395088,1415.4306355653812,0.9761590590106077,1.229202928506944,0.07493093067239265,1.1201812876498494,1.2704382024398237,1.1075564289641013,2.130836905157494,2.130836905157494,,False,True,aeb_feasible,False,False,3.796591227794717,1.847680316320883,1.948910911473834,8.644633519094796,0.11841963724787392,2.4572531597820846,5.103319028284805,0.5642944876357565,0.047506652077196856,0.0,7.51439280025174,0.00254418863914907,1,nan,nan,73,2.4572531597820846,0.5642944876357565,7.51439280025174,0.11841963724787392,0,nan,nan,nan,nan,0,nan,nan,nan,nan,m1680-spec-0060::L2_window_50_current_tiled,m1680-spec-0060,L2_window_50_current_tiled,T5,actuator_delay_step|t5_near_boundary_warmup,reveal_plus_4,all_72_specs;explicit_window_subset;task_family_T5,t5_near_boundary_warmup,t5_near_boundary_warmup,runs/m1674_controller_family_one_seed_public_pilot/configs/L2_window_50_current_tiled_seed167400.json,runs/m1674_controller_family_one_seed_public_pilot/profile_runs/L2_window_50_current_tiled/seed_167400/checkpoint.pt,50,170029,False,True,False,False,False,False,False,False,False,False,False,False,False
170030,checkpoint,70,True,False,1.042180029557843,1.042180029557843,1716.164792085395,1.1835619255761345,1.1489383669533415,-0.06505957993553224,1.1053750366359745,0.5063998156547856,1.0906420496165476,1.8725760592396141,1.872576059239614,,False,True,aeb_feasible,False,False,6.2788938345265874,1.9698279421990992,4.309065892327489,29.778949119385942,0.4254135588483706,2.2629147604768267,5.101700138141677,0.54939106982889,0.015785992079114613,0.0,12.118337797712359,0.001953077269718051,1,nan,nan,70,2.2629147604768267,0.54939106982889,12.118337797712359,0.4254135588483706,0,nan,nan,nan,nan,0,nan,nan,nan,nan,m1680-spec-0060::L3_online_gru,m1680-spec-0060,L3_online_gru,T5,actuator_delay_step|t5_near_boundary_warmup,reveal_plus_4,all_72_specs;explicit_window_subset;task_family_T5,t5_near_boundary_warmup,t5_near_boundary_warmup,runs/m1674_controller_family_one_seed_public_pilot/configs/L3_online_gru_seed167400.json,runs/m1674_controller_family_one_seed_public_pilot/profile_runs/L3_online_gru/seed_167400/checkpoint.pt,1,170030,False,True,False,False,False,False,False,False,False,False,False,False,False
170031,checkpoint,93,True,False,0.467139280059098,0.467139280059098,1328.8473389436415,0.9164464406507873,0.8976259403002592,0.02436184158709409,1.1217751078639593,1.286261238271486,0.99965748167976,1.386659892918745,1.386659892918745,,False,True,aeb_feasible,False,False,4.955124802143759,1.615529703428126,3.339595098715633,30.710505436692657,0.3302204885665877,2.342572015118605,5.042158135957685,0.5523221498667458,0.055543801831371795,0.0,8.847747570580058,0.0007138875662349164,1,nan,nan,93,2.342572015118605,0.5523221498667458,8.847747570580058,0.3302204885665877,0,nan,nan,nan,nan,0,nan,nan,nan,nan,m1680-spec-0060::L3_reset_control_corrected,m1680-spec-0060,L3_reset_control_corrected,T5,actuator_delay_step|t5_near_boundary_warmup,reveal_plus_4,all_72_specs;explicit_window_subset;task_family_T5,t5_near_boundary_warmup,t5_near_boundary_warmup,runs/m1674_controller_family_one_seed_public_pilot/configs/L3_reset_control_corrected_seed167400.json,runs/m1674_controller_family_one_seed_public_pilot/profile_runs/L3_reset_control_corrected/seed_167400/checkpoint.pt,1,170031,False,True,False,False,False,False,False,False,False,False,False,False,False
170032,checkpoint,84,True,False,1.0102780765302133,1.0102780765302133,1653.0920787522687,1.1400635025877714,1.2286101456612553,-0.017342845569381815,1.1524321447126944,1.1189570883499995,0.9753438361483671,1.028150752116406,1.028150752116406,,False,True,aeb_feasible,False,False,13.74052452280052,2.0322107469309265,11.708313775869593,21.950396225272097,0.2613142407770488,2.322375411042879,5.033864506681244,0.4750891071599446,0.03753656803160736,0.0,8.957159736438948,0.001618306851014495,1,nan,nan,84,2.322375411042879,0.4750891071599446,8.957159736438948,0.2613142407770488,0,nan,nan,nan,nan,0,nan,nan,nan,nan,m1680-spec-0061::L0_current_masked,m1680-spec-0061,L0_current_masked,T5,capability_step_down|t5_near_boundary_warmup,decision_minus_24,all_72_specs;explicit_window_subset;task_family_T5,t5_near_boundary_warmup,t5_near_boundary_warmup,runs/m1674_controller_family_one_seed_public_pilot/configs/L0_current_masked_seed167400.json,runs/m1674_controller_family_one_seed_public_pilot/profile_runs/L0_current_masked/seed_167400/checkpoint.pt,1,170032,False,True,False,False,False,False,False,False,False,False,False,False,False
170033,checkpoint,83,True,False,0.6975881594655313,0.6975881594655313,1645.062971158579,1.1345261870059167,0.8838511761319122,0.049038929760259586,0.7120332778847831,0.5266445408240801,1.073463219282077,1.5653335764790002,1.5653335764790002,,False,True,aeb_feasible,False,False,4.509982105455043,2.2460444030602202,2.2639377023948226,48.51676083780844,0.5845392872025114,2.105096542254336,5.137877401803735,0.3309345241759387,0.012904858305572833,0.0,10.167134944969405,0.0018042854499071836,1,nan,nan,83,2.105096542254336,0.3309345241759387,10.167134944969405,0.5845392872025114,0,nan,nan,nan,nan,0,nan,nan,nan,nan,m1680-spec-0061::L1_one_step,m1680-spec-0061,L1_one_step,T5,capability_step_down|t5_near_boundary_warmup,decision_minus_24,all_72_specs;explicit_window_subset;task_family_T5,t5_near_boundary_warmup,t5_near_boundary_warmup,runs/m1674_controller_family_one_seed_public_pilot/configs/L1_one_step_seed167400.json,runs/m1674_controller_family_one_seed_public_pilot/profile_runs/L1_one_step/seed_167400/checkpoint.pt,1,170033,False,True,False,False,False,False,False,False,False,False,False,False,False
170034,checkpoint,63,True,False,0.6995649766569676,0.6995649766569676,1396.5343778105541,0.9631271571107269,1.1152673060210498,-0.05648234858366297,0.9129557117013626,1.3180241178735677,0.8223391175123941,1.2278922130534797,1.2278922130534797,,False,True,aeb_feasible,False,False,9.758126002909389,2.2491001673705178,7.509025835538871,10.56480674787414,0.16769534520435142,2.501528742914359,5.13139695408249,0.3091599153438785,0.07088330483294959,0.0,8.89526959884526,0.0026640992145985365,1,nan,nan,63,2.501528742914359,0.3091599153438785,8.89526959884526,0.16769534520435142,0,nan,nan,nan,nan,0,nan,nan,nan,nan,m1680-spec-0061::L2_window_100,m1680-spec-0061,L2_window_100,T5,capability_step_down|t5_near_boundary_warmup,decision_minus_24,all_72_specs;explicit_window_subset;task_family_T5,t5_near_boundary_warmup,t5_near_boundary_warmup,runs/m1674_controller_family_one_seed_public_pilot/configs/L2_window_100_seed167400.json,runs/m1674_controller_family_one_seed_public_pilot/profile_runs/L2_window_100/seed_167400/checkpoint.pt,100,170034,False,True,False,False,False,False,False,False,False,False,False,False,False
170035,checkpoint,52,True,False,0.955430948145042,0.955430948145042,1564.0315840582525,1.0786424717643122,0.9261099714428347,0.09469969212322105,1.1586137747985292,1.1861786931863658,0.7984842845424328,1.7421132003383395,1.7421132003383397,,False,True,aeb_feasible,False,False,13.609793021626448,1.9300001879315327,11.679792833694915,3.329543588678308,0.06402968439765977,2.380893905541807,5.0476504795736865,0.5790184355784861,0.03791912969998384,0.0,11.22313039304434,0.0038426637183874846,1,nan,nan,52,2.380893905541807,0.5790184355784861,11.22313039304434,0.06402968439765977,0,nan,nan,nan,nan,0,nan,nan,nan,nan,m1680-spec-0061::L2_window_100_current_tiled,m1680-spec-0061,L2_window_100_current_tiled,T5,capability_step_down|t5_near_boundary_warmup,decision_minus_24,all_72_specs;explicit_window_subset;task_family_T5,t5_near_boundary_warmup,t5_near_boundary_warmup,runs/m1674_controller_family_one_seed_public_pilot/configs/L2_window_100_current_tiled_seed167400.json,runs/m1674_controller_family_one_seed_public_pilot/profile_runs/L2_window_100_current_tiled/seed_167400/checkpoint.pt,100,170035,False,True,False,False,False,False,False,False,False,False,False,False,False
170036,checkpoint,66,True,False,0.8576082787565611,0.8576082787565611,1424.9618007058325,0.98273227634885,1.0981000130201506,0.05677279752258135,1.1112439245218662,1.1703886657481073,0.8112440032206856,1.0232101852783555,1.0232101852783555,,False,True,aeb_feasible,False,False,8.145647890852702,1.8098130605791116,6.3358348302735905,11.776714355755932,0.178435065996302,2.3439292631333464,5.131385896501431,0.33629383778398997,0.04676791604414752,0.0,8.686605925791868,0.0026816190220415592,1,nan,nan,66,2.3439292631333464,0.33629383778398997,8.686605925791868,0.178435065996302,0,nan,nan,nan,nan,0,nan,nan,nan,nan,m1680-spec-0061::L2_window_13,m1680-spec-0061,L2_window_13,T5,capability_step_down|t5_near_boundary_warmup,decision_minus_24,all_72_specs;explicit_window_subset;task_family_T5,t5_near_boundary_warmup,t5_near_boundary_warmup,runs/m1674_controller_family_one_seed_public_pilot/configs/L2_window_13_seed167400.json,runs/m1674_controller_family_one_seed_public_pilot/profile_runs/L2_window_13/seed_167400/checkpoint.pt,13,170036,False,True,False,False,False,False,False,False,False,False,False,False,False
170037,checkpoint,60,True,False,0.7193725344500044,0.7193725344500044,1476.2863399609732,1.0181285103179125,1.0144683477514456,0.05272054885458166,0.8572312911217502,1.0708295799086338,0.9914501646101447,2.149674440097045,2.149674440097045,,False,True,aeb_feasible,False,False,15.922002144802788,1.8064680715550057,14.115534073247781,11.745145511981885,0.1957524251996981,2.2600933321846464,5.030542012170059,0.5064270522797527,0.03056816020479141,0.0,9.771804291511838,0.003054221160709858,1,nan,nan,60,2.2600933321846464,0.5064270522797527,9.771804291511838,0.1957524251996981,0,nan,nan,nan,nan,0,nan,nan,nan,nan,m1680-spec-0061::L2_window_13_current_tiled,m1680-spec-0061,L2_window_13_current_tiled,T5,capability_step_down|t5_near_boundary_warmup,decision_minus_24,all_72_specs;explicit_window_subset;task_family_T5,t5_near_boundary_warmup,t5_near_boundary_warmup,runs/m1674_controller_family_one_seed_public_pilot/configs/L2_window_13_current_tiled_seed167400.json,runs/m1674_controller_family_one_seed_public_pilot/profile_runs/L2_window_13_current_tiled/seed_167400/checkpoint.pt,13,170037,False,True,False,False,False,False,False,False,False,False,False,False,False
170038,checkpoint,61,True,False,0.6102222371398179,0.6102222371398179,1492.752563816422,1.0294845267699462,1.0677258711390105,0.002470516534715861,0.8741505195999553,0.8275286629588923,1.0748695590694644,0.9434442638458426,0.9434442638458426,,False,True,aeb_feasible,False,False,6.51493530427023,1.6416465095083597,4.87328879476187,12.993948523371225,0.21301554956346272,2.2956095323704453,5.152190714314827,0.5689125071388734,0.043267902822848155,0.0,9.771781368172176,0.0029281217139214277,1,nan,nan,61,2.2956095323704453,0.5689125071388734,9.771781368172176,0.21301554956346272,0,nan,nan,nan,nan,0,nan,nan,nan,nan,m1680-spec-0061::L2_window_25,m1680-spec-0061,L2_window_25,T5,capability_step_down|t5_near_boundary_warmup,decision_minus_24,all_72_specs;explicit_window_subset;task_family_T5,t5_near_boundary_warmup,t5_near_boundary_warmup,runs/m1674_controller_family_one_seed_public_pilot/configs/L2_window_25_seed167400.json,runs/m1674_controller_family_one_seed_public_pilot/profile_runs/L2_window_25/seed_167400/checkpoint.pt,25,170038,False,True,False,False,False,False,False,False,False,False,False,False,False
170039,checkpoint,58,True,False,0.6007597918119671,0.6007597918119671,1270.6957092813768,0.876341868469915,0.9780673059960265,0.09528034538057017,0.8362574788254591,0.7380174061830571,0.8676645734621895,0.984921243795866,0.984921243795866,,False,True,aeb_feasible,False,False,14.046771671005999,1.9101851558788714,12.136586515127128,20.2061987140061,0.348382736448381,2.3175217255478566,5.065258463030261,0.32342447655588547,0.05632967063241008,0.0,9.914736583771932,0.0036539826542139053,1,nan,nan,58,2.3175217255478566,0.32342447655588547,9.914736583771932,0.348382736448381,0,nan,nan,nan,nan,0,nan,nan,nan,nan,m1680-spec-0061::L2_window_25_current_tiled,m1680-spec-0061,L2_window_25_current_tiled,T5,capability_step_down|t5_near_boundary_warmup,decision_minus_24,all_72_specs;explicit_window_subset;task_family_T5,t5_near_boundary_warmup,t5_near_boundary_warmup,runs/m1674_controller_family_one_seed_public_pilot/configs/L2_window_25_current_tiled_seed167400.json,runs/m1674_controller_family_one_seed_public_pilot/profile_runs/L2_window_25_current_tiled/seed_167400/checkpoint.pt,25,170039,False,True,False,False,False,False,False,False,False,False,False,False,False
170040,checkpoint,75,True,False,0.31026659474100066,0.31026659474100066,1635.6013372579166,1.128000922246839,0.8680527019726151,-0.10371719790583311,0.7986430938945178,0.8561634323447287,0.9935730271901456,1.1789804491105582,1.1789804491105582,,False,True,aeb_feasible,False,False,9.676471152052423,1.8992738111661964,7.777197340886227,15.50341076370501,0.2067121435160668,2.320776702226775,5.080069586629364,0.5698176182110111,0.14446336249638095,0.0,7.318657027304252,0.0024202519562095404,1,nan,nan,75,2.320776702226775,0.5698176182110111,7.318657027304252,0.2067121435160668,0,nan,nan,nan,nan,0,nan,nan,nan,nan,m1680-spec-0061::L2_window_50,m1680-spec-0061,L2_window_50,T5,capability_step_down|t5_near_boundary_warmup,decision_minus_24,all_72_specs;explicit_window_subset;task_family_T5,t5_near_boundary_warmup,t5_near_boundary_warmup,runs/m1674_controller_family_one_seed_public_pilot/configs/L2_window_50_seed167400.json,runs/m1674_controller_family_one_seed_public_pilot/profile_runs/L2_window_50/seed_167400/checkpoint.pt,50,170040,False,True,False,False,False,False,False,False,False,False,False,False,False
170041,checkpoint,71,True,False,0.3850245633912051,0.3850245633912051,1645.7779702003063,1.1350192897933147,1.049684147554767,0.0647869597183739,1.171411904951989,0.8362257054761033,0.9389230896776685,2.04844407934057,2.04844407934057,,False,True,aeb_feasible,False,False,6.761752346362328,1.8664684055455179,4.89528394081681,8.461396030934207,0.11917459198498882,2.265008308616586,5.083409826968147,0.6471657272758228,0.04965289446825556,0.0,7.980109555003623,0.002670125337317586,1,nan,nan,71,2.265008308616586,0.6471657272758228,7.980109555003623,0.11917459198498882,0,nan,nan,nan,nan,0,nan,nan,nan,nan,m1680-spec-0061::L2_window_50_current_tiled,m1680-spec-0061,L2_window_50_current_tiled,T5,capability_step_down|t5_near_boundary_warmup,decision_minus_24,all_72_specs;explicit_window_subset;task_family_T5,t5_near_boundary_warmup,t5_near_boundary_warmup,runs/m1674_controller_family_one_seed_public_pilot/configs/L2_window_50_current_tiled_seed167400.json,runs/m1674_controller_family_one_seed_public_pilot/profile_runs/L2_window_50_current_tiled/seed_167400/checkpoint.pt,50,170041,False,True,False,False,False,False,False,False,False,False,False,False,False
170042,checkpoint,76,True,False,0.8349112841009326,0.8349112841009326,1397.9864442803782,0.9641285822623298,0.9438614405977412,0.06474916149198773,0.7999512333928684,0.6883582802410226,0.9362653699171868,1.740251944450842,1.7402519444508422,,False,True,aeb_feasible,False,False,3.670191190621079,1.946800848881356,1.723390341739723,36.55551606122404,0.48099363238452686,2.3521885226023564,5.050976159298923,0.4357046518184093,0.0325210570637453,0.0,11.003816631182879,0.0014617368578910828,1,nan,nan,76,2.3521885226023564,0.4357046518184093,11.003816631182879,0.48099363238452686,0,nan,nan,nan,nan,0,nan,nan,nan,nan,m1680-spec-0061::L3_online_gru,m1680-spec-0061,L3_online_gru,T5,capability_step_down|t5_near_boundary_warmup,decision_minus_24,all_72_specs;explicit_window_subset;task_family_T5,t5_near_boundary_warmup,t5_near_boundary_warmup,runs/m1674_controller_family_one_seed_public_pilot/configs/L3_online_gru_seed167400.json,runs/m1674_controller_family_one_seed_public_pilot/profile_runs/L3_online_gru/seed_167400/checkpoint.pt,1,170042,False,True,False,False,False,False,False,False,False,False,False,False,False
170043,checkpoint,61,True,False,0.5266954612589446,0.5266954612589446,1635.4856086851769,1.127921109438053,0.9931898085132379,-0.09667586124167848,1.1284964923608272,0.7943120677822109,1.0574333283880781,1.9870527714297221,1.9870527714297221,,False,True,aeb_feasible,True,False,2.1780176287263746,2.2315510674317633,-0.053533438705388736,42.126113599327255,0.6905920262184796,1.008508284703313,2.138282969132657,0.3539704270393078,0.026528388182321064,0.0,9.603589108524034,0.0009793544886633754,1,nan,nan,61,1.008508284703313,0.3539704270393078,9.603589108524034,0.6905920262184796,0,nan,nan,nan,nan,0,nan,nan,nan,nan,m1680-spec-0061::L3_reset_control_corrected,m1680-spec-0061,L3_reset_control_corrected,T5,capability_step_down|t5_near_boundary_warmup,decision_minus_24,all_72_specs;explicit_window_subset;task_family_T5,t5_near_boundary_warmup,t5_near_boundary_warmup,runs/m1674_controller_family_one_seed_public_pilot/configs/L3_reset_control_corrected_seed167400.json,runs/m1674_controller_family_one_seed_public_pilot/profile_runs/L3_reset_control_corrected/seed_167400/checkpoint.pt,1,170043,False,True,False,False,False,False,False,False,False,False,False,False,False
170044,checkpoint,77,True,False,0.6865853579584174,0.6865853579584174,1642.445611935852,1.1327211116798979,0.9878105780751566,0.02580626491369853,0.7022069493787488,0.7284728888831938,0.8764421966302907,2.443733937209432,2.443733937209432,,False,True,aeb_feasible,False,False,16.213229662870653,2.20011633058528,14.013113332285373,22.665372386901367,0.2943554855441736,2.1908361765442295,5.05219353221943,0.573806410841621,0.011210847406800463,0.0,10.083489066400658,0.0017899090889841318,1,nan,nan,77,2.1908361765442295,0.573806410841621,10.083489066400658,0.2943554855441736,0,nan,nan,nan,nan,0,nan,nan,nan,nan,m1680-spec-0062::L0_current_masked,m1680-spec-0062,L0_current_masked,T5,curved_boundary_obstacle|t5_boundary_axis_retarget,decision_minus_32,all_72_specs;explicit_window_subset;task_family_T5,t5_boundary_axis_retarget,t5_boundary_axis_retarget,runs/m1674_controller_family_one_seed_public_pilot/configs/L0_current_masked_seed167400.json,runs/m1674_controller_family_one_seed_public_pilot/profile_runs/L0_current_masked/seed_167400/checkpoint.pt,1,170044,False,True,False,False,False,False,False,False,False,False,False,False,False
170045,checkpoint,78,True,False,0.9073115815966293,0.9073115815966293,1334.5679505123048,0.9203916900084861,1.242312755862686,0.04907091923424556,0.895722207991573,0.94975193196659,0.9485884577362597,1.3017959876236764,1.3017959876236764,,False,True,aeb_feasible,False,False,15.781275377196604,1.8465049608386181,13.934770416357985,16.878485281676635,0.21639083694457226,2.1563194434541217,5.027287486302605,0.6720872655808611,0.06727565473180172,0.0,10.819734326004948,0.0018546102801337838,1,nan,nan,78,2.1563194434541217,0.6720872655808611,10.819734326004948,0.21639083694457226,0,nan,nan,nan,nan,0,nan,nan,nan,nan,m1680-spec-0062::L1_one_step,m1680-spec-0062,L1_one_step,T5,curved_boundary_obstacle|t5_boundary_axis_retarget,decision_minus_32,all_72_specs;explicit_window_subset;task_family_T5,t5_boundary_axis_retarget,t5_boundary_axis_retarget,runs/m1674_controller_family_one_seed_public_pilot/configs/L1_one_step_seed167400.json,runs/m1674_controller_family_one_seed_public_pilot/profile_runs/L1_one_step/seed_167400/checkpoint.pt,1,170045,False,True,False,False,False,False,False,False,False,False,False,False,False
170046,checkpoint,61,True,False,0.5788472405775198,0.5788472405775198,1314.3283519556119,0.906433346176284,1.0969780895810173,0.0031171241480045797,1.3095447186626086,0.815970335729055,1.0964085029865687,1.5960282621791921,1.5960282621791921,,False,True,aeb_feasible,False,False,11.09232762832793,2.1904748179608466,8.901852810367082,18.6218013996288,0.3052754327808,2.227030364521598,5.129191227554717,0.48335547081177,0.04229568709251108,0.0,9.89343381356952,0.0026598237454891205,1,nan,nan,61,2.227030364521598,0.48335547081177,9.89343381356952,0.3052754327808,0,nan,nan,nan,nan,0,nan,nan,nan,nan,m1680-spec-0062::L2_window_100,m1680-spec-0062,L2_window_100,T5,curved_boundary_obstacle|t5_boundary_axis_retarget,decision_minus_32,all_72_specs;explicit_window_subset;task_family_T5,t5_boundary_axis_retarget,t5_boundary_axis_retarget,runs/m1674_controller_family_one_seed_public_pilot/configs/L2_window_100_seed167400.json,runs/m1674_controller_family_one_seed_public_pilot/profile_runs/L2_window_100/seed_167400/checkpoint.pt,100,170046,False,True,False,False,False,False,False,False,False,False,False,False,False
170047,checkpoint,59,True,False,0.6217035595941334,0.6217035595941334,1315.2374262025378,0.9070602939327846,1.0226710049308925,0.008305374905486662,0.6925683969968123,0.5592990167511193,0.8429040889404087,1.103058789895731,1.103058789895731,,False,True,aeb_feasible,False,False,15.91485636723881,1.897552235132458,14.017304132106352,16.245389664999053,0.27534558754235683,2.29591616486924,5.055274771739718,0.5337492373081864,0.04551000406713367,0.0,10.183302352065018,0.0034294798970222473,1,nan,nan,59,2.29591616486924,0.5337492373081864,10.183302352065018,0.27534558754235683,0,nan,nan,nan,nan,0,nan,nan,nan,nan,m1680-spec-0062::L2_window_100_current_tiled,m1680-spec-0062,L2_window_100_current_tiled,T5,curved_boundary_obstacle|t5_boundary_axis_retarget,decision_minus_32,all_72_specs;explicit_window_subset;task_family_T5,t5_boundary_axis_retarget,t5_boundary_axis_retarget,runs/m1674_controller_family_one_seed_public_pilot/configs/L2_window_100_current_tiled_seed167400.json,runs/m1674_controller_family_one_seed_public_pilot/profile_runs/L2_window_100_current_tiled/seed_167400/checkpoint.pt,100,170047,False,True,False,False,False,False,False,False,False,False,False,False,False
170048,checkpoint,66,True,False,0.7957389101250767,0.7957389101250767,1468.2926035807284,1.0126155886763644,1.2076002277330704,0.024156843040373577,1.2691739069087804,1.1859151264464718,0.7861082434492219,2.8011827879544375,2.8011827879544375,,False,True,aeb_feasible,False,False,14.009416691420043,1.7325818828780892,12.276834808541954,0.44313134261944853,0.0067141112518098265,2.3108204813337574,5.124288565276029,0.644827628628484,0.04415533695640899,0.0,9.195491350756933,0.002546434523537755,1,nan,nan,66,2.3108204813337574,0.644827628628484,9.195491350756933,0.0067141112518098265,0,nan,nan,nan,nan,0,nan,nan,nan,nan,m1680-spec-0062::L2_window_13,m1680-spec-0062,L2_window_13,T5,curved_boundary_obstacle|t5_boundary_axis_retarget,decision_minus_32,all_72_specs;explicit_window_subset;task_family_T5,t5_boundary_axis_retarget,t5_boundary_axis_retarget,runs/m1674_controller_family_one_seed_public_pilot/configs/L2_window_13_seed167400.json,runs/m1674_controller_family_one_seed_public_pilot/profile_runs/L2_window_13/seed_167400/checkpoint.pt,13,170048,False,True,False,False,False,False,False,False,False,False,False,False,False
170049,checkpoint,68,True,False,0.43320552234573034,0.43320552234573034,1518.4405715694784,1.0472003941858472,0.9127900641191791,0.06053856735777674,1.464959879779931,0.8684466862193423,0.8096425278824915,1.249010618007794,1.249010618007794,,False,True,aeb_feasible,False,False,10.93952220512268,1.5659291119169185,9.373593093205761,18.046110856240098,0.26538398318000145,2.324380680407322,5.015195951750584,0.4041972034899577,0.04674959579297367,0.0,8.205366232172846,0.0029024856630712748,1,nan,nan,68,2.324380680407322,0.4041972034899577,8.205366232172846,0.26538398318000145,0,nan,nan,nan,nan,0,nan,nan,nan,nan,m1680-spec-0062::L2_window_13_current_tiled,m1680-spec-0062,L2_window_13_current_tiled,T5,curved_boundary_obstacle|t5_boundary_axis_retarget,decision_minus_32,all_72_specs;explicit_window_subset;task_family_T5,t5_boundary_axis_retarget,t5_boundary_axis_retarget,runs/m1674_controller_family_one_seed_public_pilot/configs/L2_window_13_current_tiled_seed167400.json,runs/m1674_controller_family_one_seed_public_pilot/profile_runs/L2_window_13_current_tiled/seed_167400/checkpoint.pt,13,170049,False,True,False,False,False,False,False,False,False,False,False,False,False
170050,checkpoint,53,True,False,0.8896942973844895,0.8896942973844895,1371.5709021770747,0.9459109670186722,1.0924054152340763,-0.011659616684031038,1.1629903077674135,1.092921446268199,0.9091556662059959,2.209891618705911,2.209891618705911,,False,True,aeb_feasible,False,False,6.42914289135822,1.8853347005563084,4.5438081908019115,0.08024261458307302,0.0015140115959070381,2.3715978661654864,5.0858571117562015,0.6392683294791864,0.037345747388200304,0.0,10.672910769588105,0.0024121690075844526,1,nan,nan,53,2.3715978661654864,0.6392683294791864,10.672910769588105,0.0015140115959070381,0,nan,nan,nan,nan,0,nan,nan,nan,nan,m1680-spec-0062::L2_window_25,m1680-spec-0062,L2_window_25,T5,curved_boundary_obstacle|t5_boundary_axis_retarget,decision_minus_32,all_72_specs;explicit_window_subset;task_family_T5,t5_boundary_axis_retarget,t5_boundary_axis_retarget,runs/m1674_controller_family_one_seed_public_pilot/configs/L2_window_25_seed167400.json,runs/m1674_controller_family_one_seed_public_pilot/profile_runs/L2_window_25/seed_167400/checkpoint.pt,25,170050,False,True,False,False,False,False,False,False,False,False,False,False,False
170051,checkpoint,60,True,False,0.8312509345304511,0.8312509345304511,1400.9457210988396,0.966169462826786,1.0876199372845952,-0.009445097961663595,0.7714874626586046,0.8221611768438262,0.7647761134123499,2.5750073452395927,2.5750073452395927,,False,True,aeb_feasible,False,False,17.83864867957868,1.6790765908463596,16.159572088732318,14.818164072272914,0.24696940120454858,2.4572252290322716,5.145633248208242,0.30066381536053777,0.03319313476146019,0.0,9.498933455824265,0.002990898210555315,1,nan,nan,60,2.4572252290322716,0.30066381536053777,9.498933455824265,0.24696940120454858,0,nan,nan,nan,nan,0,nan,nan,nan,nan,m1680-spec-0062::L2_window_25_current_tiled,m1680-spec-0062,L2_window_25_current_tiled,T5,curved_boundary_obstacle|t5_boundary_axis_retarget,decision_minus_32,all_72_specs;explicit_window_subset;task_family_T5,t5_boundary_axis_retarget,t5_boundary_axis_retarget,runs/m1674_controller_family_one_seed_public_pilot/configs/L2_window_25_current_tiled_seed167400.json,runs/m1674_controller_family_one_seed_public_pilot/profile_runs/L2_window_25_current_tiled/seed_167400/checkpoint.pt,25,170051,False,True,False,False,False,False,False,False,False,False,False,False,False
170052,checkpoint,51,True,False,1.001854294363762,1.001854294363762,1532.3396470333971,1.0567859634713084,1.1008007531522028,-0.09621698561632352,1.1048046968345788,1.1564994969684186,1.185455107046844,2.0212423650071227,2.0212423650071227,,False,True,aeb_feasible,False,False,14.68553294861016,1.5611428936133014,13.124390054996859,10.107275910054128,0.19818188058929662,2.396085103328571,5.010614030632354,0.47670121627081075,0.03727534684653544,0.0,11.041219860057438,0.002579525811597705,1,nan,nan,51,2.396085103328571,0.47670121627081075,11.041219860057438,0.19818188058929662,0,nan,nan,nan,nan,0,nan,nan,nan,nan,m1680-spec-0062::L2_window_50,m1680-spec-0062,L2_window_50,T5,curved_boundary_obstacle|t5_boundary_axis_retarget,decision_minus_32,all_72_specs;explicit_window_subset;task_family_T5,t5_boundary_axis_retarget,t5_boundary_axis_retarget,runs/m1674_controller_family_one_seed_public_pilot/configs/L2_window_50_seed167400.json,runs/m1674_controller_family_one_seed_public_pilot/profile_runs/L2_window_50/seed_167400/checkpoint.pt,50,170052,False,True,False,False,False,False,False,False,False,False,False,False,False
170053,checkpoint,64,True,False,0.5267359431241734,0.5267359431241734,1738.900691146573,1.199241855963154,0.9206201226794183,0.053446024703157846,0.6015791683557611,0.7473479668447512,1.058074418146269,1.8158491183266774,1.8158491183266776,,False,True,aeb_feasible,False,False,19.629466516739452,1.99859331674197,17.63087319999748,8.280807101034835,0.1293876109536693,2.245749973887379,5.102493835564122,0.6783882166900836,0.03349930499091788,0.0,9.432715330882063,0.003014496061950922,1,nan,nan,64,2.245749973887379,0.6783882166900836,9.432715330882063,0.1293876109536693,0,nan,nan,nan,nan,0,nan,nan,nan,nan,m1680-spec-0062::L2_window_50_current_tiled,m1680-spec-0062,L2_window_50_current_tiled,T5,curved_boundary_obstacle|t5_boundary_axis_retarget,decision_minus_32,all_72_specs;explicit_window_subset;task_family_T5,t5_boundary_axis_retarget,t5_boundary_axis_retarget,runs/m1674_controller_family_one_seed_public_pilot/configs/L2_window_50_current_tiled_seed167400.json,runs/m1674_controller_family_one_seed_public_pilot/profile_runs/L2_window_50_current_tiled/seed_167400/checkpoint.pt,50,170053,False,True,False,False,False,False,False,False,False,False,False,False,False
170054,checkpoint,84,False,True,0.8435113082261894,0.8435113082261894,1414.4793710349481,0.9755030145068608,0.9281054028121367,0.006913641054177688,1.3636035322735154,1.154169323574858,1.1256805353277954,1.7307611949411308,1.7307611949411306,,False,True,aeb_feasible,False,True,6.469991184600693,1.999196460313537,4.470794724287156,71.09972650345114,0.8464253155172754,1.7699486258380726,4.453048765091914,0.37801697476565693,0.04325465406261182,0.0,11.65834332964487,0.0015412976499646902,1,nan,nan,84,1.7699486258380726,0.37801697476565693,11.65834332964487,0.8464253155172754,0,nan,nan,nan,nan,0,nan,nan,nan,nan,m1680-spec-0062::L3_online_gru,m1680-spec-0062,L3_online_gru,T5,curved_boundary_obstacle|t5_boundary_axis_retarget,decision_minus_32,all_72_specs;explicit_window_subset;task_family_T5,t5_boundary_axis_retarget,t5_boundary_axis_retarget,runs/m1674_controller_family_one_seed_public_pilot/configs/L3_online_gru_seed167400.json,runs/m1674_controller_family_one_seed_public_pilot/profile_runs/L3_online_gru/seed_167400/checkpoint.pt,1,170054,False,True,False,False,False,False,False,False,False,False,False,False,True
170055,checkpoint,104,True,False,0.3572135038674291,0.3572135038674291,1385.5336483472636,0.9555404471360438,1.162101984928821,-0.10782707227715704,0.5195702437469147,0.808492292716701,0.8074682885388297,2.033121489016981,2.033121489016981,,False,True,aeb_feasible,False,False,15.281573486142596,2.3077631317230933,12.973810354419502,50.56117548759953,0.48616514891922624,2.2599655727823893,5.084042441385833,0.4984479944365789,0.013606689270960653,0.0,8.14230071847106,0.0006563954520970583,1,nan,nan,104,2.2599655727823893,0.4984479944365789,8.14230071847106,0.48616514891922624,0,nan,nan,nan,nan,0,nan,nan,nan,nan,m1680-spec-0062::L3_reset_control_corrected,m1680-spec-0062,L3_reset_control_corrected,T5,curved_boundary_obstacle|t5_boundary_axis_retarget,decision_minus_32,all_72_specs;explicit_window_subset;task_family_T5,t5_boundary_axis_retarget,t5_boundary_axis_retarget,runs/m1674_controller_family_one_seed_public_pilot/configs/L3_reset_control_corrected_seed167400.json,runs/m1674_controller_family_one_seed_public_pilot/profile_runs/L3_reset_control_corrected/seed_167400/checkpoint.pt,1,170055,False,True,False,False,False,False,False,False,False,False,False,False,False
170056,checkpoint,83,False,True,0.8852341943537608,0.8852341943537608,1737.3946424801784,1.1982032017104678,1.112536425899144,0.01997004761926391,1.0763245644724004,1.0153890437086945,1.0565633561372927,1.5048038108192294,1.5048038108192294,,False,True,aeb_feasible,False,True,2.7517593647183713,2.110414725972653,0.6413446387457182,42.492317916369906,0.5119556375466253,1.7672886251385722,4.244412967178405,0.6761883740275265,0.076597096767902,0.0,9.922551019519897,0.0017278502928093076,1,nan,nan,83,1.7672886251385722,0.6761883740275265,9.922551019519897,0.5119556375466253,0,nan,nan,nan,nan,0,nan,nan,nan,nan,m1680-spec-0063::L0_current_masked,m1680-spec-0063,L0_current_masked,T5,actuator_delay_step|t5_near_boundary_warmup,reveal_plus_4,all_72_specs;explicit_window_subset;task_family_T5,t5_near_boundary_warmup,t5_near_boundary_warmup,runs/m1674_controller_family_one_seed_public_pilot/configs/L0_current_masked_seed167400.json,runs/m1674_controller_family_one_seed_public_pilot/profile_runs/L0_current_masked/seed_167400/checkpoint.pt,1,170056,False,True,False,False,False,False,False,False,False,False,False,False,True
170057,checkpoint,64,True,False,0.9151123645398774,0.9151123645398774,1508.034756454596,1.0400239699686868,0.9302141685786067,0.023171121767774805,1.1248021991740447,0.7506513017489533,0.8410580613390032,1.0067913425555395,1.0067913425555395,,False,True,aeb_feasible,False,False,2.2732361045058056,1.7314857497878502,0.5417503547179554,19.83857630687565,0.30997775479493206,2.428035319884309,5.001325392713348,0.35684914289558173,0.01390570606854739,0.0,10.36841137825984,0.002060964237898588,1,nan,nan,64,2.428035319884309,0.35684914289558173,10.36841137825984,0.30997775479493206,0,nan,nan,nan,nan,0,nan,nan,nan,nan,m1680-spec-0063::L1_one_step,m1680-spec-0063,L1_one_step,T5,actuator_delay_step|t5_near_boundary_warmup,reveal_plus_4,all_72_specs;explicit_window_subset;task_family_T5,t5_near_boundary_warmup,t5_near_boundary_warmup,runs/m1674_controller_family_one_seed_public_pilot/configs/L1_one_step_seed167400.json,runs/m1674_controller_family_one_seed_public_pilot/profile_runs/L1_one_step/seed_167400/checkpoint.pt,1,170057,False,True,False,False,False,False,False,False,False,False,False,False,False
170058,checkpoint,78,True,False,0.5964774898755885,0.5964774898755885,1392.6023548894598,0.9604154171651447,1.0941075650799057,0.013202062515570878,0.8786810473330136,1.1989596154896607,0.9078035735541172,1.182133043134168,1.182133043134168,,False,True,aeb_feasible,False,False,11.310434057107756,1.6085729239550766,9.70186113315268,14.659607961187628,0.1879436918100978,2.090706939205897,5.071073026941278,0.5767942777580273,0.15129169410438512,0.0,9.028912926917632,0.0026766087394207716,1,nan,nan,78,2.090706939205897,0.5767942777580273,9.028912926917632,0.1879436918100978,0,nan,nan,nan,nan,0,nan,nan,nan,nan,m1680-spec-0063::L2_window_100,m1680-spec-0063,L2_window_100,T5,actuator_delay_step|t5_near_boundary_warmup,reveal_plus_4,all_72_specs;explicit_window_subset;task_family_T5,t5_near_boundary_warmup,t5_near_boundary_warmup,runs/m1674_controller_family_one_seed_public_pilot/configs/L2_window_100_seed167400.json,runs/m1674_controller_family_one_seed_public_pilot/profile_runs/L2_window_100/seed_167400/checkpoint.pt,100,170058,False,True,False,False,False,False,False,False,False,False,False,False,False
170059,checkpoint,60,True,False,0.6120411083459638,0.6120411083459638,1268.190565125744,0.8746141828453406,1.2164395031951518,-0.09881899868587651,0.7578378393584824,1.3369263370942048,0.9414126598115098,1.3663593010693258,1.3663593010693258,,False,True,aeb_feasible,False,False,16.57075567992733,1.7516833450928633,14.819072334834468,6.876834389513575,0.11461390649189292,2.449010838126816,5.020048454224707,0.47079659009451397,0.04166889707887219,0.0,9.19587569885519,0.0031652895268052816,1,nan,nan,60,2.449010838126816,0.47079659009451397,9.19587569885519,0.11461390649189292,0,nan,nan,nan,nan,0,nan,nan,nan,nan,m1680-spec-0063::L2_window_100_current_tiled,m1680-spec-0063,L2_window_100_current_tiled,T5,actuator_delay_step|t5_near_boundary_warmup,reveal_plus_4,all_72_specs;explicit_window_subset;task_family_T5,t5_near_boundary_warmup,t5_near_boundary_warmup,runs/m1674_controller_family_one_seed_public_pilot/configs/L2_window_100_current_tiled_seed167400.json,runs/m1674_controller_family_one_seed_public_pilot/profile_runs/L2_window_100_current_tiled/seed_167400/checkpoint.pt,100,170059,False,True,False,False,False,False,False,False,False,False,False,False,False
170060,checkpoint,82,True,False,0.3692185168226207,0.3692185168226207,1413.0229296944822,0.9744985722030911,1.1017330327155266,-0.08293615182474245,0.8122699647873095,1.047126805496607,0.8088940933467703,1.3952094762285256,1.3952094762285256,,False,True,aeb_feasible,False,False,11.914673162674976,1.8617784871553953,10.052894675519582,12.375965798558958,0.15092641217754826,2.2773780081839807,5.0317014857698155,0.5227259945095261,0.053715148589262504,0.0,7.210420315257354,0.0021752766333520412,1,nan,nan,82,2.2773780081839807,0.5227259945095261,7.210420315257354,0.15092641217754826,0,nan,nan,nan,nan,0,nan,nan,nan,nan,m1680-spec-0063::L2_window_13,m1680-spec-0063,L2_window_13,T5,actuator_delay_step|t5_near_boundary_warmup,reveal_plus_4,all_72_specs;explicit_window_subset;task_family_T5,t5_near_boundary_warmup,t5_near_boundary_warmup,runs/m1674_controller_family_one_seed_public_pilot/configs/L2_window_13_seed167400.json,runs/m1674_controller_family_one_seed_public_pilot/profile_runs/L2_window_13/seed_167400/checkpoint.pt,13,170060,False,True,False,False,False,False,False,False,False,False,False,False,False
170061,checkpoint,77,True,False,0.3024951650061381,0.3024951650061381,1637.566938470261,1.1293565092898352,1.068910888674397,0.07364434111000984,0.7707118303924204,1.3159491953404858,1.0435534516450744,1.077459496357755,1.077459496357755,,False,True,aeb_feasible,False,False,11.10526879194167,2.057327994923815,9.047940797017855,17.42017205705981,0.22623600074103647,2.50131413947579,5.02636369215012,0.2865072400640694,0.048271809169358276,0.0,6.706823467846287,0.0026298044249415398,1,nan,nan,77,2.50131413947579,0.2865072400640694,6.706823467846287,0.22623600074103647,0,nan,nan,nan,nan,0,nan,nan,nan,nan,m1680-spec-0063::L2_window_13_current_tiled,m1680-spec-0063,L2_window_13_current_tiled,T5,actuator_delay_step|t5_near_boundary_warmup,reveal_plus_4,all_72_specs;explicit_window_subset;task_family_T5,t5_near_boundary_warmup,t5_near_boundary_warmup,runs/m1674_controller_family_one_seed_public_pilot/configs/L2_window_13_current_tiled_seed167400.json,runs/m1674_controller_family_one_seed_public_pilot/profile_runs/L2_window_13_current_tiled/seed_167400/checkpoint.pt,13,170061,False,True,False,False,False,False,False,False,False,False,False,False,False
170062,checkpoint,54,True,False,0.8917009693030289,0.8917009693030289,1523.258889539174,1.0505233720959821,1.0943656267350812,-0.05497980706286998,1.1551331797854574,1.1648309205018348,1.0148739329304517,1.1118274664997116,1.1118274664997114,,False,True,aeb_feasible,False,False,10.56919020689991,1.9108844785558468,8.658305728344063,13.546049345785182,0.25085276566268855,2.447902383732795,5.035238263934691,0.29437684971448685,0.05791026809109093,0.0,10.113169218836443,0.003139555687084794,1,nan,nan,54,2.447902383732795,0.29437684971448685,10.113169218836443,0.25085276566268855,0,nan,nan,nan,nan,0,nan,nan,nan,nan,m1680-spec-0063::L2_window_25,m1680-spec-0063,L2_window_25,T5,actuator_delay_step|t5_near_boundary_warmup,reveal_plus_4,all_72_specs;explicit_window_subset;task_family_T5,t5_near_boundary_warmup,t5_near_boundary_warmup,runs/m1674_controller_family_one_seed_public_pilot/configs/L2_window_25_seed167400.json,runs/m1674_controller_family_one_seed_public_pilot/profile_runs/L2_window_25/seed_167400/checkpoint.pt,25,170062,False,True,False,False,False,False,False,False,False,False,False,False,False
170063,checkpoint,55,True,False,0.7564371307128055,0.7564371307128055,1449.0398842493894,0.9993378512064754,1.1930186098415203,-0.052211891186032755,0.9806612795581928,1.0930439735771713,1.085169638970159,1.2450861635419583,1.2450861635419583,,False,True,aeb_feasible,False,False,13.529503938601628,1.6998223732865765,11.829681565315052,10.886606183741577,0.19793829424984685,2.388381323066524,5.04866778029076,0.48947512930061504,0.04924308743140778,0.0,10.17133178995531,0.003583591664209962,1,nan,nan,55,2.388381323066524,0.48947512930061504,10.17133178995531,0.19793829424984685,0,nan,nan,nan,nan,0,nan,nan,nan,nan,m1680-spec-0063::L2_window_25_current_tiled,m1680-spec-0063,L2_window_25_current_tiled,T5,actuator_delay_step|t5_near_boundary_warmup,reveal_plus_4,all_72_specs;explicit_window_subset;task_family_T5,t5_near_boundary_warmup,t5_near_boundary_warmup,runs/m1674_controller_family_one_seed_public_pilot/configs/L2_window_25_current_tiled_seed167400.json,runs/m1674_controller_family_one_seed_public_pilot/profile_runs/L2_window_25_current_tiled/seed_167400/checkpoint.pt,25,170063,False,True,False,False,False,False,False,False,False,False,False,False,False
170064,checkpoint,51,True,False,0.906427284149854,0.906427284149854,1610.6748466612833,1.1108102390767471,0.9409805305067351,0.030999268426348037,0.8083589507933062,0.5341545309693342,1.0276563614985164,1.3953870672865527,1.3953870672865527,,False,True,aeb_feasible,False,False,6.1164069473574845,1.982082885279528,4.134324062077956,14.10490093248181,0.2765666849506237,2.3379191981705794,5.197668717412618,0.4100807435120677,0.02623218960043732,0.0,11.863576539740675,0.0032131019979715347,1,nan,nan,51,2.3379191981705794,0.4100807435120677,11.863576539740675,0.2765666849506237,0,nan,nan,nan,nan,0,nan,nan,nan,nan,m1680-spec-0063::L2_window_50,m1680-spec-0063,L2_window_50,T5,actuator_delay_step|t5_near_boundary_warmup,reveal_plus_4,all_72_specs;explicit_window_subset;task_family_T5,t5_near_boundary_warmup,t5_near_boundary_warmup,runs/m1674_controller_family_one_seed_public_pilot/configs/L2_window_50_seed167400.json,runs/m1674_controller_family_one_seed_public_pilot/profile_runs/L2_window_50/seed_167400/checkpoint.pt,50,170064,False,True,False,False,False,False,False,False,False,False,False,False,False
170065,checkpoint,69,True,False,0.44673692668162485,0.44673692668162485,1715.8222004950044,1.183325655513796,1.1562466407969858,-0.04504200345263376,1.126627136285117,0.6072659120646368,0.7559780679271246,1.0815801662601365,1.0815801662601365,,False,True,aeb_feasible,False,False,8.419282674226972,1.5789537954626809,6.840328878764291,15.122798992411894,0.21917099989002745,2.3297853977295984,5.079856339604017,0.5676357948379821,0.08591533433205456,0.0,8.558161214237613,0.003278246382251382,1,nan,nan,69,2.3297853977295984,0.5676357948379821,8.558161214237613,0.21917099989002745,0,nan,nan,nan,nan,0,nan,nan,nan,nan,m1680-spec-0063::L2_window_50_current_tiled,m1680-spec-0063,L2_window_50_current_tiled,T5,actuator_delay_step|t5_near_boundary_warmup,reveal_plus_4,all_72_specs;explicit_window_subset;task_family_T5,t5_near_boundary_warmup,t5_near_boundary_warmup,runs/m1674_controller_family_one_seed_public_pilot/configs/L2_window_50_current_tiled_seed167400.json,runs/m1674_controller_family_one_seed_public_pilot/profile_runs/L2_window_50_current_tiled/seed_167400/checkpoint.pt,50,170065,False,True,False,False,False,False,False,False,False,False,False,False,False
170066,checkpoint,109,True,False,0.3836670293976044,0.3836670293976044,1722.116992980148,1.187666891710447,1.1565500966123263,0.08980489872087438,1.0374843693566524,1.2294717497940097,1.0091337032933207,1.1465312883479224,1.1465312883479224,,False,True,aeb_feasible,False,False,11.029181695686514,1.7712630470772521,9.257918648609262,50.92673423162702,0.4672177452442846,2.2144900770560514,5.036420439601724,0.5218809564538229,0.014644774242855287,0.0,8.305867734338273,0.0010893733706325293,1,nan,nan,109,2.2144900770560514,0.5218809564538229,8.305867734338273,0.4672177452442846,0,nan,nan,nan,nan,0,nan,nan,nan,nan,m1680-spec-0063::L3_online_gru,m1680-spec-0063,L3_online_gru,T5,actuator_delay_step|t5_near_boundary_warmup,reveal_plus_4,all_72_specs;explicit_window_subset;task_family_T5,t5_near_boundary_warmup,t5_near_boundary_warmup,runs/m1674_controller_family_one_seed_public_pilot/configs/L3_online_gru_seed167400.json,runs/m1674_controller_family_one_seed_public_pilot/profile_runs/L3_online_gru/seed_167400/checkpoint.pt,1,170066,False,True,False,False,False,False,False,False,False,False,False,False,False
170067,checkpoint,76,True,False,0.9227062477930497,0.9227062477930497,1588.7025391490927,1.0956569235510984,1.0557226598039575,0.09607911656747081,0.8288124835791657,1.1739662905924155,1.0393877160429723,1.9658810186297462,1.9658810186297462,,False,True,aeb_feasible,False,False,6.9527609779461,2.054929206648331,4.897831771297769,32.97617127419599,0.43389699044994723,2.2744974886340197,5.0347937688491164,0.42218912108360895,0.03936795550057193,0.0,11.978437208470652,0.0009931103559210896,1,nan,nan,76,2.2744974886340197,0.42218912108360895,11.978437208470652,0.43389699044994723,0,nan,nan,nan,nan,0,nan,nan,nan,nan,m1680-spec-0063::L3_reset_control_corrected,m1680-spec-0063,L3_reset_control_corrected,T5,actuator_delay_step|t5_near_boundary_warmup,reveal_plus_4,all_72_specs;explicit_window_subset;task_family_T5,t5_near_boundary_warmup,t5_near_boundary_warmup,runs/m1674_controller_family_one_seed_public_pilot/configs/L3_reset_control_corrected_seed167400.json,runs/m1674_controller_family_one_seed_public_pilot/profile_runs/L3_reset_control_corrected/seed_167400/checkpoint.pt,1,170067,False,True,False,False,False,False,False,False,False,False,False,False,False
170068,checkpoint,75,True,False,0.5676778450407072,0.5676778450407072,1561.237933108377,1.0767158159368118,0.9027583423753203,-0.07633015061091064,1.0992077947944632,0.707250875028175,1.1274767253426465,1.9403743789150663,1.9403743789150663,,False,True,aeb_feasible,False,False,10.408065455014482,1.728712572607467,8.679352882407015,20.457211552678846,0.2727628207023846,2.2061122066268815,5.028628635447877,0.6790700518151589,0.016448556649139898,0.0,9.901590978526679,0.0018593247514218092,1,nan,nan,75,2.2061122066268815,0.6790700518151589,9.901590978526679,0.2727628207023846,0,nan,nan,nan,nan,0,nan,nan,nan,nan,m1680-spec-0064::L0_current_masked,m1680-spec-0064,L0_current_masked,T5,capability_step_down|t5_near_boundary_warmup,decision_minus_24,all_72_specs;explicit_window_subset;task_family_T5,t5_near_boundary_warmup,t5_near_boundary_warmup,runs/m1674_controller_family_one_seed_public_pilot/configs/L0_current_masked_seed167400.json,runs/m1674_controller_family_one_seed_public_pilot/profile_runs/L0_current_masked/seed_167400/checkpoint.pt,1,170068,False,True,False,False,False,False,False,False,False,False,False,False,False
170069,checkpoint,76,True,False,0.9988417687027121,0.9988417687027121,1574.8654220698181,1.0861140841860815,1.1045494073947828,0.05462330523245629,1.1057879826994546,0.7348019953656386,0.8211314079041525,1.0765107910253084,1.0765107910253084,,False,True,aeb_feasible,False,False,12.906875074706928,1.6614364090182328,11.245438665688695,30.19916445933516,0.3973574270965153,2.2119687713565552,5.107762806623338,0.397644175497922,0.014653088997712593,0.0,10.886450089187077,0.0020156630780547857,1,nan,nan,76,2.2119687713565552,0.397644175497922,10.886450089187077,0.3973574270965153,0,nan,nan,nan,nan,0,nan,nan,nan,nan,m1680-spec-0064::L1_one_step,m1680-spec-0064,L1_one_step,T5,capability_step_down|t5_near_boundary_warmup,decision_minus_24,all_72_specs;explicit_window_subset;task_family_T5,t5_near_boundary_warmup,t5_near_boundary_warmup,runs/m1674_controller_family_one_seed_public_pilot/configs/L1_one_step_seed167400.json,runs/m1674_controller_family_one_seed_public_pilot/profile_runs/L1_one_step/seed_167400/checkpoint.pt,1,170069,False,True,False,False,False,False,False,False,False,False,False,False,False
170070,checkpoint,65,True,False,0.8193713712761599,0.8193713712761599,1714.185063868239,1.1821965957711993,0.9794119856974319,-0.019387116680284366,0.9483160928241297,1.129793809083733,0.7852046371724407,1.4311564846572047,1.4311564846572047,,False,True,aeb_feasible,False,False,8.772169596273807,2.204255629236734,6.567913967037073,-2.9282977620659105,-0.04505073480101401,2.349870974573902,5.134069300951197,0.6426332784127737,0.04149267788011816,0.0,8.746475169764615,0.0026901490055024624,1,nan,nan,65,2.349870974573902,0.6426332784127737,8.746475169764615,-0.04505073480101401,0,nan,nan,nan,nan,0,nan,nan,nan,nan,m1680-spec-0064::L2_window_100,m1680-spec-0064,L2_window_100,T5,capability_step_down|t5_near_boundary_warmup,decision_minus_24,all_72_specs;explicit_window_subset;task_family_T5,t5_near_boundary_warmup,t5_near_boundary_warmup,runs/m1674_controller_family_one_seed_public_pilot/configs/L2_window_100_seed167400.json,runs/m1674_controller_family_one_seed_public_pilot/profile_runs/L2_window_100/seed_167400/checkpoint.pt,100,170070,False,True,False,False,False,False,False,False,False,False,False,False,False
170071,checkpoint,67,True,False,0.5964613014210108,0.5964613014210108,1537.2188669539432,1.0601509427268574,1.079813098953473,0.06680298040186283,0.9195586603777772,1.2521713402004249,0.7553097431590792,1.0375870814881296,1.0375870814881296,,False,True,aeb_feasible,False,False,4.626236863765818,2.002355387136014,2.6238814766298044,1.399631713392942,0.020890025573028985,2.3622976619359335,5.104491186777789,0.5868528770768591,0.03781660578889938,0.0,8.699150059961962,0.0033193337731063366,1,nan,nan,67,2.3622976619359335,0.5868528770768591,8.699150059961962,0.020890025573028985,0,nan,nan,nan,nan,0,nan,nan,nan,nan,m1680-spec-0064::L2_window_100_current_tiled,m1680-spec-0064,L2_window_100_current_tiled,T5,capability_step_down|t5_near_boundary_warmup,decision_minus_24,all_72_specs;explicit_window_subset;task_family_T5,t5_near_boundary_warmup,t5_near_boundary_warmup,runs/m1674_controller_family_one_seed_public_pilot/configs/L2_window_100_current_tiled_seed167400.json,runs/m1674_controller_family_one_seed_public_pilot/profile_runs/L2_window_100_current_tiled/seed_167400/checkpoint.pt,100,170071,False,True,False,False,False,False,False,False,False,False,False,False,False
170072,checkpoint,55,True,False,0.6666683760768046,0.6666683760768046,1398.3911082330676,0.9644076608503914,1.0935313539698563,0.09228642252645103,0.8762779902446317,0.5365406913334584,0.7924301523876748,1.7417527119308631,1.7417527119308631,,False,True,aeb_feasible,False,False,6.919002035014813,2.056400843679358,4.862601191335456,6.713222748903998,0.12205859543461815,2.3788408276447046,5.107100016554675,0.6024685477081367,0.030860599057621386,0.0,10.368731024106554,0.00311039830558002,1,nan,nan,55,2.3788408276447046,0.6024685477081367,10.368731024106554,0.12205859543461815,0,nan,nan,nan,nan,0,nan,nan,nan,nan,m1680-spec-0064::L2_window_13,m1680-spec-0064,L2_window_13,T5,capability_step_down|t5_near_boundary_warmup,decision_minus_24,all_72_specs;explicit_window_subset;task_family_T5,t5_near_boundary_warmup,t5_near_boundary_warmup,runs/m1674_controller_family_one_seed_public_pilot/configs/L2_window_13_seed167400.json,runs/m1674_controller_family_one_seed_public_pilot/profile_runs/L2_window_13/seed_167400/checkpoint.pt,13,170072,False,True,False,False,False,False,False,False,False,False,False,False,False
170073,checkpoint,59,True,False,0.6803436292862416,0.6803436292862416,1705.843074234574,1.17644349947212,1.2116224140903822,0.08880415636348293,0.8350513174382392,1.0851855498026737,1.005652748807374,1.2216728476882428,1.2216728476882428,,False,True,aeb_feasible,False,False,3.3387137752881353,1.9021193507296879,1.4365944245584474,9.281012880846143,0.15730530306518886,2.475483855538342,5.1489446765158675,0.4535878618797257,0.041123114486673884,0.0,9.51234141019882,0.0037632097955793142,1,nan,nan,59,2.475483855538342,0.4535878618797257,9.51234141019882,0.15730530306518886,0,nan,nan,nan,nan,0,nan,nan,nan,nan,m1680-spec-0064::L2_window_13_current_tiled,m1680-spec-0064,L2_window_13_current_tiled,T5,capability_step_down|t5_near_boundary_warmup,decision_minus_24,all_72_specs;explicit_window_subset;task_family_T5,t5_near_boundary_warmup,t5_near_boundary_warmup,runs/m1674_controller_family_one_seed_public_pilot/configs/L2_window_13_current_tiled_seed167400.json,runs/m1674_controller_family_one_seed_public_pilot/profile_runs/L2_window_13_current_tiled/seed_167400/checkpoint.pt,13,170073,False,True,False,False,False,False,False,False,False,False,False,False,False
170074,checkpoint,64,True,False,0.6202804544820146,0.6202804544820146,1432.8130361919616,0.9881469215116977,1.1563310667745943,0.0475456252076345,0.9847254374409029,1.3103630590148783,0.7874622258579662,2.0470328479507556,2.0470328479507556,,False,True,aeb_feasible,False,False,17.141328247893096,2.226666390487652,14.914661857405445,5.912373759896685,0.0923808399983857,2.4209682394782264,5.0065822919395195,0.5099276230661927,0.06693301602485965,0.0,8.81788597533816,0.0028671137988567352,1,nan,nan,64,2.4209682394782264,0.5099276230661927,8.81788597533816,0.0923808399983857,0,nan,nan,nan,nan,0,nan,nan,nan,nan,m1680-spec-0064::L2_window_25,m1680-spec-0064,L2_window_25,T5,capability_step_down|t5_near_boundary_warmup,decision_minus_24,all_72_specs;explicit_window_subset;task_family_T5,t5_near_boundary_warmup,t5_near_boundary_warmup,runs/m1674_controller_family_one_seed_public_pilot/configs/L2_window_25_seed167400.json,runs/m1674_controller_family_one_seed_public_pilot/profile_runs/L2_window_25/seed_167400/checkpoint.pt,25,170074,False,True,False,False,False,False,False,False,False,False,False,False,False
170075,checkpoint,54,True,False,0.9514399967225153,0.9514399967225153,1260.6264147926267,0.8693975274431909,1.0113852130354117,-0.08029157864901126,1.2216644741190292,0.887246424604433,0.8595792281501333,1.0089444384954607,1.0089444384954607,,False,True,aeb_feasible,False,False,18.377215352104713,1.9877715907104565,16.389443761394258,10.122066952025223,0.1874456842967634,2.3942550520437753,5.091059714182723,0.4738960592098311,0.05156232898340211,0.0,10.387816204241231,0.004218914080411196,1,nan,nan,54,2.3942550520437753,0.4738960592098311,10.387816204241231,0.1874456842967634,0,nan,nan,nan,nan,0,nan,nan,nan,nan,m1680-spec-0064::L2_window_25_current_tiled,m1680-spec-0064,L2_window_25_current_tiled,T5,capability_step_down|t5_near_boundary_warmup,decision_minus_24,all_72_specs;explicit_window_subset;task_family_T5,t5_near_boundary_warmup,t5_near_boundary_warmup,runs/m1674_controller_family_one_seed_public_pilot/configs/L2_window_25_current_tiled_seed167400.json,runs/m1674_controller_family_one_seed_public_pilot/profile_runs/L2_window_25_current_tiled/seed_167400/checkpoint.pt,25,170075,False,True,False,False,False,False,False,False,False,False,False,False,False
170076,checkpoint,56,True,False,0.9686458545855912,0.9686458545855912,1327.0214978944666,0.9151872399272184,1.1019528881878737,0.00908076249959855,1.0122084856669766,1.047615960656196,0.9096119630336972,1.9663351034453043,1.9663351034453043,,False,True,aeb_feasible,False,False,11.617817118402277,2.0228350805789526,9.594982037823325,8.90802238438702,0.15907182829262537,2.2867255060876293,5.108501697580902,0.5197472378065657,0.035881572796618036,0.0,10.872925244203733,0.0032382807694375515,1,nan,nan,56,2.2867255060876293,0.5197472378065657,10.872925244203733,0.15907182829262537,0,nan,nan,nan,nan,0,nan,nan,nan,nan,m1680-spec-0064::L2_window_50,m1680-spec-0064,L2_window_50,T5,capability_step_down|t5_near_boundary_warmup,decision_minus_24,all_72_specs;explicit_window_subset;task_family_T5,t5_near_boundary_warmup,t5_near_boundary_warmup,runs/m1674_controller_family_one_seed_public_pilot/configs/L2_window_50_seed167400.json,runs/m1674_controller_family_one_seed_public_pilot/profile_runs/L2_window_50/seed_167400/checkpoint.pt,50,170076,False,True,False,False,False,False,False,False,False,False,False,False,False
170077,checkpoint,66,True,False,0.46566086832693265,0.46566086832693265,1463.578218354153,1.0093642885201055,0.9838519664919929,0.052754322878787896,1.223111796442848,0.5629233582810594,0.9954940130268046,1.1672398008789688,1.1672398008789688,,False,True,aeb_feasible,False,False,14.897188862825615,1.854550637203252,13.042638225622364,28.217675511617625,0.4275405380548125,2.213829350805098,5.09802420699306,0.3743875352962363,0.3962217595771909,0.045454545454545456,9.230284555011536,0.003978971857577562,1,nan,nan,66,2.213829350805098,0.3743875352962363,9.230284555011536,0.4275405380548125,0,nan,nan,nan,nan,0,nan,nan,nan,nan,m1680-spec-0064::L2_window_50_current_tiled,m1680-spec-0064,L2_window_50_current_tiled,T5,capability_step_down|t5_near_boundary_warmup,decision_minus_24,all_72_specs;explicit_window_subset;task_family_T5,t5_near_boundary_warmup,t5_near_boundary_warmup,runs/m1674_controller_family_one_seed_public_pilot/configs/L2_window_50_current_tiled_seed167400.json,runs/m1674_controller_family_one_seed_public_pilot/profile_runs/L2_window_50_current_tiled/seed_167400/checkpoint.pt,50,170077,False,True,False,False,False,False,False,False,False,False,False,False,False
170078,checkpoint,78,True,False,0.9896234308660053,0.9896234308660053,1582.0180982518311,1.0910469643116076,1.1364883412461086,-0.004112586767873294,0.7565583566230095,1.0258040422434602,1.003296242473365,1.4505562779646022,1.4505562779646022,,False,True,aeb_feasible,False,False,4.210318434078172,2.04730614945444,2.163012284623732,30.441553155491132,0.39027632250629657,2.260851690024016,5.130478340383064,0.5369670024764283,0.04191290338747266,0.0,11.911579718618567,0.0015647730324417353,1,nan,nan,78,2.260851690024016,0.5369670024764283,11.911579718618567,0.39027632250629657,0,nan,nan,nan,nan,0,nan,nan,nan,nan,m1680-spec-0064::L3_online_gru,m1680-spec-0064,L3_online_gru,T5,capability_step_down|t5_near_boundary_warmup,decision_minus_24,all_72_specs;explicit_window_subset;task_family_T5,t5_near_boundary_warmup,t5_near_boundary_warmup,runs/m1674_controller_family_one_seed_public_pilot/configs/L3_online_gru_seed167400.json,runs/m1674_controller_family_one_seed_public_pilot/profile_runs/L3_online_gru/seed_167400/checkpoint.pt,1,170078,False,True,False,False,False,False,False,False,False,False,False,False,False
170079,checkpoint,89,True,False,0.9082548950071855,0.9082548950071855,1467.8063378767083,1.0122802330184195,1.179995572421542,0.08731309471395488,1.0008146261553696,1.163286686340929,0.8457278908687266,1.9985194262404256,1.9985194262404256,,False,True,aeb_feasible,False,False,4.268754786111781,1.9770605901542333,2.291694195957548,15.628513379349513,0.17560127392527544,2.4370801509016182,5.042333582837895,0.6312070537835023,0.024267423439898142,0.0,9.388524083933165,0.0008037806837819517,1,nan,nan,89,2.4370801509016182,0.6312070537835023,9.388524083933165,0.17560127392527544,0,nan,nan,nan,nan,0,nan,nan,nan,nan,m1680-spec-0064::L3_reset_control_corrected,m1680-spec-0064,L3_reset_control_corrected,T5,capability_step_down|t5_near_boundary_warmup,decision_minus_24,all_72_specs;explicit_window_subset;task_family_T5,t5_near_boundary_warmup,t5_near_boundary_warmup,runs/m1674_controller_family_one_seed_public_pilot/configs/L3_reset_control_corrected_seed167400.json,runs/m1674_controller_family_one_seed_public_pilot/profile_runs/L3_reset_control_corrected/seed_167400/checkpoint.pt,1,170079,False,True,False,False,False,False,False,False,False,False,False,False,False
170080,checkpoint,75,True,False,0.8376112559365068,0.8376112559365068,1590.6748459429396,1.0970171351330618,0.8515362140806839,-0.04817580972223601,0.7914434189855268,1.2014215487472217,0.957258237009845,0.8548881422422603,0.8548881422422603,,False,True,aeb_feasible,False,False,9.09476361540765,2.1557319858077277,6.939031629599922,6.2798386163814275,0.08373118155175237,2.4298516083764077,5.039891699049441,0.627922708841386,0.009384807209814163,0.0,9.460395192164235,0.0016494630835950375,1,nan,nan,75,2.4298516083764077,0.627922708841386,9.460395192164235,0.08373118155175237,0,nan,nan,nan,nan,0,nan,nan,nan,nan,m1680-spec-0065::L0_current_masked,m1680-spec-0065,L0_current_masked,T5,curved_boundary_obstacle|t5_boundary_axis_retarget,decision_minus_32,all_72_specs;explicit_window_subset;task_family_T5,t5_boundary_axis_retarget,t5_boundary_axis_retarget,runs/m1674_controller_family_one_seed_public_pilot/configs/L0_current_masked_seed167400.json,runs/m1674_controller_family_one_seed_public_pilot/profile_runs/L0_current_masked/seed_167400/checkpoint.pt,1,170080,False,True,False,False,False,False,False,False,False,False,False,False,False
170081,checkpoint,69,True,False,0.35109462125377644,0.35109462125377644,1343.1266894602768,0.9262942685932943,1.0756655948130585,-0.010789244894416905,1.125822595038784,0.9681026602109226,1.089794633869749,1.3657009436484087,1.3657009436484087,,False,True,aeb_feasible,True,False,1.8810924998809364,1.9597085881854337,-0.07861608830449729,30.700812228817007,0.44493930766401457,1.3039845939616306,2.788289685269845,0.5348018646934568,0.014047577564740298,0.0,7.607892386113329,0.0017209054203704,1,nan,nan,69,1.3039845939616306,0.5348018646934568,7.607892386113329,0.44493930766401457,0,nan,nan,nan,nan,0,nan,nan,nan,nan,m1680-spec-0065::L1_one_step,m1680-spec-0065,L1_one_step,T5,curved_boundary_obstacle|t5_boundary_axis_retarget,decision_minus_32,all_72_specs;explicit_window_subset;task_family_T5,t5_boundary_axis_retarget,t5_boundary_axis_retarget,runs/m1674_controller_family_one_seed_public_pilot/configs/L1_one_step_seed167400.json,runs/m1674_controller_family_one_seed_public_pilot/profile_runs/L1_one_step/seed_167400/checkpoint.pt,1,170081,False,True,False,False,False,False,False,False,False,False,False,False,False
170082,checkpoint,67,True,False,0.4682289874689821,0.4682289874689821,1306.92506233493,0.9013276291965036,1.0140619930094792,0.09311065186991252,1.1571723487156196,1.0559263997740318,1.185632489124668,2.2517606393504304,2.2517606393504304,,False,True,aeb_feasible,False,False,3.8908497674299922,2.2133378492504527,1.6775119181795395,16.496217624902222,0.2462122033567496,2.298726876089718,5.149489689334679,0.5417596369576598,0.04023047896261008,0.0,8.88838341325094,0.0024979880545288324,1,nan,nan,67,2.298726876089718,0.5417596369576598,8.88838341325094,0.2462122033567496,0,nan,nan,nan,nan,0,nan,nan,nan,nan,m1680-spec-0065::L2_window_100,m1680-spec-0065,L2_window_100,T5,curved_boundary_obstacle|t5_boundary_axis_retarget,decision_minus_32,all_72_specs;explicit_window_subset;task_family_T5,t5_boundary_axis_retarget,t5_boundary_axis_retarget,runs/m1674_controller_family_one_seed_public_pilot/configs/L2_window_100_seed167400.json,runs/m1674_controller_family_one_seed_public_pilot/profile_runs/L2_window_100/seed_167400/checkpoint.pt,100,170082,False,True,False,False,False,False,False,False,False,False,False,False,False
170083,checkpoint,59,True,False,0.6325970196954485,0.6325970196954485,1358.445556335304,0.9368590043691751,1.0399956885779824,0.06830412138905739,1.2618207970237112,0.8633439454511271,1.2203380916512576,2.2246924232787832,2.2246924232787832,,False,True,aeb_feasible,False,False,13.132600192511667,1.7162788965976397,11.416321295914027,19.554589155996517,0.3314337145084155,2.261028077656145,5.133424610552424,0.45916299891846823,0.037835864149699173,0.0,10.087232713808678,0.0033906600438058376,1,nan,nan,59,2.261028077656145,0.45916299891846823,10.087232713808678,0.3314337145084155,0,nan,nan,nan,nan,0,nan,nan,nan,nan,m1680-spec-0065::L2_window_100_current_tiled,m1680-spec-0065,L2_window_100_current_tiled,T5,curved_boundary_obstacle|t5_boundary_axis_retarget,decision_minus_32,all_72_specs;explicit_window_subset;task_family_T5,t5_boundary_axis_retarget,t5_boundary_axis_retarget,runs/m1674_controller_family_one_seed_public_pilot/configs/L2_window_100_current_tiled_seed167400.json,runs/m1674_controller_family_one_seed_public_pilot/profile_runs/L2_window_100_current_tiled/seed_167400/checkpoint.pt,100,170083,False,True,False,False,False,False,False,False,False,False,False,False,False
170084,checkpoint,78,True,False,0.30710151827675225,0.30710151827675225,1560.04308039588,1.0758917795833656,0.8907436345126548,-0.05964229411197075,0.679898059895317,0.8287113855532445,0.99076205617733,2.6291048613519066,2.6291048613519066,,False,True,aeb_feasible,False,False,10.710396642760204,1.7120818245562384,8.998314818203966,28.32101061707837,0.363089879706133,2.2885739178081845,5.0825301152911635,0.3783292021815145,0.1466960752718756,0.0,7.277144818735388,0.0022743891458958387,1,nan,nan,78,2.2885739178081845,0.3783292021815145,7.277144818735388,0.363089879706133,0,nan,nan,nan,nan,0,nan,nan,nan,nan,m1680-spec-0065::L2_window_13,m1680-spec-0065,L2_window_13,T5,curved_boundary_obstacle|t5_boundary_axis_retarget,decision_minus_32,all_72_specs;explicit_window_subset;task_family_T5,t5_boundary_axis_retarget,t5_boundary_axis_retarget,runs/m1674_controller_family_one_seed_public_pilot/configs/L2_window_13_seed167400.json,runs/m1674_controller_family_one_seed_public_pilot/profile_runs/L2_window_13/seed_167400/checkpoint.pt,13,170084,False,True,False,False,False,False,False,False,False,False,False,False,False
170085,checkpoint,56,True,False,0.783369933360746,0.783369933360746,1261.6451292814586,0.8701000891596267,0.9941657844158867,0.06681439886462748,0.7152187145005353,0.7991751607557468,0.7206219588663588,1.0263869567259842,1.0263869567259842,,False,True,aeb_feasible,False,False,19.35428008621027,1.6728010998057257,17.681478986404546,3.914132460146691,0.06989522250261948,2.4785088535459496,5.071476805788123,0.5535304389302742,0.03620470209524644,0.0,9.642696330244709,0.0037134625017642975,1,nan,nan,56,2.4785088535459496,0.5535304389302742,9.642696330244709,0.06989522250261948,0,nan,nan,nan,nan,0,nan,nan,nan,nan,m1680-spec-0065::L2_window_13_current_tiled,m1680-spec-0065,L2_window_13_current_tiled,T5,curved_boundary_obstacle|t5_boundary_axis_retarget,decision_minus_32,all_72_specs;explicit_window_subset;task_family_T5,t5_boundary_axis_retarget,t5_boundary_axis_retarget,runs/m1674_controller_family_one_seed_public_pilot/configs/L2_window_13_current_tiled_seed167400.json,runs/m1674_controller_family_one_seed_public_pilot/profile_runs/L2_window_13_current_tiled/seed_167400/checkpoint.pt,13,170085,False,True,False,False,False,False,False,False,False,False,False,False,False
170086,checkpoint,79,True,False,0.37530074994046003,0.37530074994046003,1712.3339154034572,1.1809199416575566,0.8908754849964111,-0.11057853806608842,0.6866136352129686,0.9069274822862523,1.0562735052213235,2.217886452430168,2.217886452430168,,False,True,aeb_feasible,False,False,4.058569603937261,2.1096498778630988,1.9489197260741626,19.93053080485987,0.25228520006151733,2.1810548550202697,5.081666955923101,0.6090460285827834,0.10188238964790396,0.0,7.951553046353501,0.0022309990599751472,1,nan,nan,79,2.1810548550202697,0.6090460285827834,7.951553046353501,0.25228520006151733,0,nan,nan,nan,nan,0,nan,nan,nan,nan,m1680-spec-0065::L2_window_25,m1680-spec-0065,L2_window_25,T5,curved_boundary_obstacle|t5_boundary_axis_retarget,decision_minus_32,all_72_specs;explicit_window_subset;task_family_T5,t5_boundary_axis_retarget,t5_boundary_axis_retarget,runs/m1674_controller_family_one_seed_public_pilot/configs/L2_window_25_seed167400.json,runs/m1674_controller_family_one_seed_public_pilot/profile_runs/L2_window_25/seed_167400/checkpoint.pt,25,170086,False,True,False,False,False,False,False,False,False,False,False,False,False
170087,checkpoint,61,True,False,0.8118501670204075,0.8118501670204075,1723.6217843638374,1.188704678871612,1.0503928526446205,0.005028725817285196,1.1808810786162922,0.7747581608480316,0.7115749612494909,3.079460554181898,3.079460554181898,,False,True,aeb_feasible,False,False,10.167831654911234,2.33106423613581,7.836767418775424,4.122535209252479,0.06758254441397507,2.2749945490868253,5.1512792611441895,0.6456600487418527,0.041430286581970004,0.0,10.27072874898195,0.0031780670396983624,1,nan,nan,61,2.2749945490868253,0.6456600487418527,10.27072874898195,0.06758254441397507,0,nan,nan,nan,nan,0,nan,nan,nan,nan,m1680-spec-0065::L2_window_25_current_tiled,m1680-spec-0065,L2_window_25_current_tiled,T5,curved_boundary_obstacle|t5_boundary_axis_retarget,decision_minus_32,all_72_specs;explicit_window_subset;task_family_T5,t5_boundary_axis_retarget,t5_boundary_axis_retarget,runs/m1674_controller_family_one_seed_public_pilot/configs/L2_window_25_current_tiled_seed167400.json,runs/m1674_controller_family_one_seed_public_pilot/profile_runs/L2_window_25_current_tiled/seed_167400/checkpoint.pt,25,170087,False,True,False,False,False,False,False,False,False,False,False,False,False
170088,checkpoint,79,True,False,0.3276216304170294,0.3276216304170294,1486.2639421320057,1.0250096152634522,1.0017981687909525,-0.06046220962585025,0.524030746666347,0.650823154951556,0.8174479914420026,1.8123863105456466,1.8123863105456466,,False,True,aeb_feasible,False,False,9.193069880635251,1.9114037237967572,7.281666156838494,15.672713839129024,0.1983887827737851,2.235918979742661,5.05708239099188,0.649933349580738,0.05807392891462052,0.0,7.502746818296531,0.002222402486950159,1,nan,nan,79,2.235918979742661,0.649933349580738,7.502746818296531,0.1983887827737851,0,nan,nan,nan,nan,0,nan,nan,nan,nan,m1680-spec-0065::L2_window_50,m1680-spec-0065,L2_window_50,T5,curved_boundary_obstacle|t5_boundary_axis_retarget,decision_minus_32,all_72_specs;explicit_window_subset;task_family_T5,t5_boundary_axis_retarget,t5_boundary_axis_retarget,runs/m1674_controller_family_one_seed_public_pilot/configs/L2_window_50_seed167400.json,runs/m1674_controller_family_one_seed_public_pilot/profile_runs/L2_window_50/seed_167400/checkpoint.pt,50,170088,False,True,False,False,False,False,False,False,False,False,False,False,False
170089,checkpoint,60,True,False,0.8402318002918687,0.8402318002918687,1669.4629331971,1.1513537470324828,1.114437301024514,0.09471921324250387,0.9941199783532898,0.9603423147610397,0.7605478327616293,1.75810078516612,1.75810078516612,,False,True,aeb_feasible,False,False,15.047078454600452,2.2421991857252173,12.804879268875235,7.420340154763879,0.12367233591273133,2.3859997872712264,5.121690079690275,0.4751465485543349,0.033920522720766504,0.0,9.458616191606819,0.0032248490024358034,1,nan,nan,60,2.3859997872712264,0.4751465485543349,9.458616191606819,0.12367233591273133,0,nan,nan,nan,nan,0,nan,nan,nan,nan,m1680-spec-0065::L2_window_50_current_tiled,m1680-spec-0065,L2_window_50_current_tiled,T5,curved_boundary_obstacle|t5_boundary_axis_retarget,decision_minus_32,all_72_specs;explicit_window_subset;task_family_T5,t5_boundary_axis_retarget,t5_boundary_axis_retarget,runs/m1674_controller_family_one_seed_public_pilot/configs/L2_window_50_current_tiled_seed167400.json,runs/m1674_controller_family_one_seed_public_pilot/profile_runs/L2_window_50_current_tiled/seed_167400/checkpoint.pt,50,170089,False,True,False,False,False,False,False,False,False,False,False,False,False
170090,checkpoint,78,False,True,0.6421108420618635,0.6421108420618635,1300.3154824104852,0.8967692982141277,1.0462519218785555,0.0993496019628266,1.2311247837238677,0.6467555359529672,0.7946051347284611,1.8142566546523113,1.8142566546523113,,False,True,aeb_feasible,False,True,3.0517205945323074,2.109128929694698,0.9425916648376096,68.76787235781941,0.881639389202813,1.4594045363736223,3.4230002834395172,0.5529201208037229,0.05564112167391892,0.0,10.150215778089485,0.0014862054958939552,1,nan,nan,78,1.4594045363736223,0.5529201208037229,10.150215778089485,0.881639389202813,0,nan,nan,nan,nan,0,nan,nan,nan,nan,m1680-spec-0065::L3_online_gru,m1680-spec-0065,L3_online_gru,T5,curved_boundary_obstacle|t5_boundary_axis_retarget,decision_minus_32,all_72_specs;explicit_window_subset;task_family_T5,t5_boundary_axis_retarget,t5_boundary_axis_retarget,runs/m1674_controller_family_one_seed_public_pilot/configs/L3_online_gru_seed167400.json,runs/m1674_controller_family_one_seed_public_pilot/profile_runs/L3_online_gru/seed_167400/checkpoint.pt,1,170090,False,True,False,False,False,False,False,False,False,False,False,False,True
170091,checkpoint,76,False,True,0.7686752202209277,0.7686752202209277,1568.4096974191216,1.0816618602890493,0.9404597802243772,0.05846514986416196,1.1412449595927625,0.8006808668412411,0.9239311036284492,2.657851993309402,2.657851993309402,,False,True,aeb_feasible,False,True,2.5317004458066976,1.8747095069443422,0.6569909388623554,48.243358645431,0.6347810348083026,1.7214588434859814,3.9595644707410784,0.6771848229620171,0.019086633944749434,0.0,10.60166921181504,0.0009742333204485476,1,nan,nan,76,1.7214588434859814,0.6771848229620171,10.60166921181504,0.6347810348083026,0,nan,nan,nan,nan,0,nan,nan,nan,nan,m1680-spec-0065::L3_reset_control_corrected,m1680-spec-0065,L3_reset_control_corrected,T5,curved_boundary_obstacle|t5_boundary_axis_retarget,decision_minus_32,all_72_specs;explicit_window_subset;task_family_T5,t5_boundary_axis_retarget,t5_boundary_axis_retarget,runs/m1674_controller_family_one_seed_public_pilot/configs/L3_reset_control_corrected_seed167400.json,runs/m1674_controller_family_one_seed_public_pilot/profile_runs/L3_reset_control_corrected/seed_167400/checkpoint.pt,1,170091,False,True,False,False,False,False,False,False,False,False,False,False,True
170092,checkpoint,80,True,False,0.5989845970526119,0.5989845970526119,1606.74943757279,1.1081030603950275,1.0399569450252506,0.00324331022044122,0.8509570602265053,1.1062794822373947,1.0879892574895977,1.7974096886188886,1.7974096886188888,,False,True,aeb_feasible,False,False,3.1993041790194305,1.6942155552365836,1.505088623782847,27.194923497102085,0.3399365437137761,2.354152648098285,5.062856658676154,0.3839270534987208,0.02121068371139671,0.0,9.446262078031983,0.001622012467123568,1,nan,nan,80,2.354152648098285,0.3839270534987208,9.446262078031983,0.3399365437137761,0,nan,nan,nan,nan,0,nan,nan,nan,nan,m1680-spec-0066::L0_current_masked,m1680-spec-0066,L0_current_masked,T5,actuator_delay_step|t5_near_boundary_warmup,reveal_plus_4,all_72_specs;explicit_window_subset;task_family_T5,t5_near_boundary_warmup,t5_near_boundary_warmup,runs/m1674_controller_family_one_seed_public_pilot/configs/L0_current_masked_seed167400.json,runs/m1674_controller_family_one_seed_public_pilot/profile_runs/L0_current_masked/seed_167400/checkpoint.pt,1,170092,False,True,False,False,False,False,False,False,False,False,False,False,False
170093,checkpoint,92,True,False,0.36351281635222904,0.36351281635222904,1549.044111904269,1.0683062840719095,0.8872505580978998,-0.07447926224859236,0.8897944622580061,0.5428809207697814,1.0785307373244564,1.6863771317080696,1.6863771317080694,,False,True,aeb_feasible,False,False,11.253287950236857,1.9363759729784777,9.316911977258378,50.379872847233344,0.5476073135568842,2.1367523815549325,5.021312510549198,0.5525377816192929,0.03458713556676137,0.0,8.578921568889665,0.0016116885235533118,1,nan,nan,92,2.1367523815549325,0.5525377816192929,8.578921568889665,0.5476073135568842,0,nan,nan,nan,nan,0,nan,nan,nan,nan,m1680-spec-0066::L1_one_step,m1680-spec-0066,L1_one_step,T5,actuator_delay_step|t5_near_boundary_warmup,reveal_plus_4,all_72_specs;explicit_window_subset;task_family_T5,t5_near_boundary_warmup,t5_near_boundary_warmup,runs/m1674_controller_family_one_seed_public_pilot/configs/L1_one_step_seed167400.json,runs/m1674_controller_family_one_seed_public_pilot/profile_runs/L1_one_step/seed_167400/checkpoint.pt,1,170093,False,True,False,False,False,False,False,False,False,False,False,False,False
170094,checkpoint,63,True,False,0.5525981567415766,0.5525981567415766,1501.5996329733812,1.0355859537747456,1.1804721836091772,-0.052696572721933066,0.8016822631802125,0.6874764503374174,0.9433945771713039,1.1712507321195649,1.1712507321195649,,False,True,aeb_feasible,False,False,17.083391300787827,2.130350334758431,14.953040966029397,21.752508764720055,0.34527791690031834,2.182293534944831,5.010581396367531,0.4533540214884209,0.037577191892415374,0.0,9.580137675900524,0.003221735591068864,1,nan,nan,63,2.182293534944831,0.4533540214884209,9.580137675900524,0.34527791690031834,0,nan,nan,nan,nan,0,nan,nan,nan,nan,m1680-spec-0066::L2_window_100,m1680-spec-0066,L2_window_100,T5,actuator_delay_step|t5_near_boundary_warmup,reveal_plus_4,all_72_specs;explicit_window_subset;task_family_T5,t5_near_boundary_warmup,t5_near_boundary_warmup,runs/m1674_controller_family_one_seed_public_pilot/configs/L2_window_100_seed167400.json,runs/m1674_controller_family_one_seed_public_pilot/profile_runs/L2_window_100/seed_167400/checkpoint.pt,100,170094,False,True,False,False,False,False,False,False,False,False,False,False,False
170095,checkpoint,59,True,False,0.6360118570469051,0.6360118570469051,1415.2369585708898,0.9760254886695792,0.953216846241433,-0.11857922147768929,0.8830573938370068,0.6360454813819748,1.085405520529405,1.2616264286322223,1.2616264286322223,,False,True,aeb_feasible,False,False,4.428710422159303,1.6983246294137662,2.730385792745537,11.285866366464258,0.19128587061803828,2.2395409366179626,5.12456818949844,0.6622776547170269,0.1293370802834067,0.0,10.222623768974513,0.0036635687574744225,1,nan,nan,59,2.2395409366179626,0.6622776547170269,10.222623768974513,0.19128587061803828,0,nan,nan,nan,nan,0,nan,nan,nan,nan,m1680-spec-0066::L2_window_100_current_tiled,m1680-spec-0066,L2_window_100_current_tiled,T5,actuator_delay_step|t5_near_boundary_warmup,reveal_plus_4,all_72_specs;explicit_window_subset;task_family_T5,t5_near_boundary_warmup,t5_near_boundary_warmup,runs/m1674_controller_family_one_seed_public_pilot/configs/L2_window_100_current_tiled_seed167400.json,runs/m1674_controller_family_one_seed_public_pilot/profile_runs/L2_window_100_current_tiled/seed_167400/checkpoint.pt,100,170095,False,True,False,False,False,False,False,False,False,False,False,False,False
170096,checkpoint,66,True,False,0.5369114680257989,0.5369114680257989,1235.6628540511326,0.8521812786559535,1.0348693211155089,-0.03373495812600935,0.7111087419818679,0.4862026340525608,0.8560569920806347,1.1465678929778784,1.1465678929778784,,False,True,aeb_feasible,False,False,2.853244269424777,1.823232662107889,1.030011607316888,23.99934365775109,0.3636264190568347,2.118604359258738,5.0426071956989205,0.5508788735948934,0.16913868199518858,0.0,9.801451594968224,0.0031064078211784363,1,nan,nan,66,2.118604359258738,0.5508788735948934,9.801451594968224,0.3636264190568347,0,nan,nan,nan,nan,0,nan,nan,nan,nan,m1680-spec-0066::L2_window_13,m1680-spec-0066,L2_window_13,T5,actuator_delay_step|t5_near_boundary_warmup,reveal_plus_4,all_72_specs;explicit_window_subset;task_family_T5,t5_near_boundary_warmup,t5_near_boundary_warmup,runs/m1674_controller_family_one_seed_public_pilot/configs/L2_window_13_seed167400.json,runs/m1674_controller_family_one_seed_public_pilot/profile_runs/L2_window_13/seed_167400/checkpoint.pt,13,170096,False,True,False,False,False,False,False,False,False,False,False,False,False
170097,checkpoint,57,True,False,0.9686318112490221,0.9686318112490221,1698.5113970475027,1.171387170377588,0.9980154407777289,0.11089593956851318,0.8562366559155876,0.7223399364551888,0.7744204029618098,1.0263241531023624,1.0263241531023624,,False,True,aeb_feasible,False,False,12.797623718338627,1.8370939575523613,10.960529760786265,2.0695439524913333,0.03630778864019883,2.4092563122696498,5.114502698746865,0.6173068724299882,0.03189300061686937,0.0,9.643345045303757,0.0038325325585901737,1,nan,nan,57,2.4092563122696498,0.6173068724299882,9.643345045303757,0.03630778864019883,0,nan,nan,nan,nan,0,nan,nan,nan,nan,m1680-spec-0066::L2_window_13_current_tiled,m1680-spec-0066,L2_window_13_current_tiled,T5,actuator_delay_step|t5_near_boundary_warmup,reveal_plus_4,all_72_specs;explicit_window_subset;task_family_T5,t5_near_boundary_warmup,t5_near_boundary_warmup,runs/m1674_controller_family_one_seed_public_pilot/configs/L2_window_13_current_tiled_seed167400.json,runs/m1674_controller_family_one_seed_public_pilot/profile_runs/L2_window_13_current_tiled/seed_167400/checkpoint.pt,13,170097,False,True,False,False,False,False,False,False,False,False,False,False,False
170098,checkpoint,57,True,False,0.8386637493593411,0.8386637493593411,1396.4982751024936,0.9631022586913749,1.0326611505053966,-0.05498018579146091,0.958756516719935,0.5536027457667483,0.794263677050577,1.200559395258098,1.200559395258098,,False,True,aeb_feasible,False,False,2.948700086532949,1.93476631854318,1.0139337679897689,11.576755265257137,0.2031009695659147,2.160973897734227,5.109440709729284,0.586718159105184,0.0655261726069926,0.0,11.367195916124622,0.003451267024502158,1,nan,nan,57,2.160973897734227,0.586718159105184,11.367195916124622,0.2031009695659147,0,nan,nan,nan,nan,0,nan,nan,nan,nan,m1680-spec-0066::L2_window_25,m1680-spec-0066,L2_window_25,T5,actuator_delay_step|t5_near_boundary_warmup,reveal_plus_4,all_72_specs;explicit_window_subset;task_family_T5,t5_near_boundary_warmup,t5_near_boundary_warmup,runs/m1674_controller_family_one_seed_public_pilot/configs/L2_window_25_seed167400.json,runs/m1674_controller_family_one_seed_public_pilot/profile_runs/L2_window_25/seed_167400/checkpoint.pt,25,170098,False,True,False,False,False,False,False,False,False,False,False,False,False
170099,checkpoint,66,True,False,0.45855209775467765,0.45855209775467765,1327.5695762776013,0.9155652250190354,0.8553935990051998,0.04765071168555157,0.7264791182401611,0.9456245670202871,1.114336445372966,1.7273605856811334,1.7273605856811334,,False,True,aeb_feasible,False,False,18.46951446550646,2.0079954767585666,16.461518988747894,19.339547336235412,0.29302344448841533,2.3105343284031856,5.139437978263825,0.49823541571679014,0.1462981389450113,0.0,8.923161373478132,0.003561660647392273,1,nan,nan,66,2.3105343284031856,0.49823541571679014,8.923161373478132,0.29302344448841533,0,nan,nan,nan,nan,0,nan,nan,nan,nan,m1680-spec-0066::L2_window_25_current_tiled,m1680-spec-0066,L2_window_25_current_tiled,T5,actuator_delay_step|t5_near_boundary_warmup,reveal_plus_4,all_72_specs;explicit_window_subset;task_family_T5,t5_near_boundary_warmup,t5_near_boundary_warmup,runs/m1674_controller_family_one_seed_public_pilot/configs/L2_window_25_current_tiled_seed167400.json,runs/m1674_controller_family_one_seed_public_pilot/profile_runs/L2_window_25_current_tiled/seed_167400/checkpoint.pt,25,170099,False,True,False,False,False,False,False,False,False,False,False,False,False
170100,checkpoint,59,True,False,0.7397117684313144,0.7397117684313144,1732.3369079789518,1.1947151089510013,1.0897722726971477,-0.011493323766170072,1.0648248706379337,0.4990938286989216,1.011807902230033,1.4481527645192287,1.4481527645192287,,False,True,aeb_feasible,False,False,12.25766495627295,1.9813099858581804,10.27635497041477,10.07390403140954,0.17074413612558542,2.1640274048357195,5.048733672571906,0.656861114091407,0.042326100180434374,0.0,10.232295838124942,0.00330375786870718,1,nan,nan,59,2.1640274048357195,0.656861114091407,10.232295838124942,0.17074413612558542,0,nan,nan,nan,nan,0,nan,nan,nan,nan,m1680-spec-0066::L2_window_50,m1680-spec-0066,L2_window_50,T5,actuator_delay_step|t5_near_boundary_warmup,reveal_plus_4,all_72_specs;explicit_window_subset;task_family_T5,t5_near_boundary_warmup,t5_near_boundary_warmup,runs/m1674_controller_family_one_seed_public_pilot/configs/L2_window_50_seed167400.json,runs/m1674_controller_family_one_seed_public_pilot/profile_runs/L2_window_50/seed_167400/checkpoint.pt,50,170100,False,True,False,False,False,False,False,False,False,False,False,False,False
170101,checkpoint,54,True,False,0.7469005626149094,0.7469005626149094,1410.6559858590954,0.9728661971442037,1.1706143285832329,-0.08863477023169852,1.1226747457019246,0.5470749705709675,1.0588318395289913,1.1730132798526416,1.1730132798526416,,False,True,aeb_feasible,False,False,13.668951629013637,1.8821646865267683,11.78678694248687,16.828726180548596,0.3116430774175666,2.39771189330092,5.160329885671448,0.4446521941030057,0.05412663471238652,0.0,10.39729475302362,0.004214333835989237,1,nan,nan,54,2.39771189330092,0.4446521941030057,10.39729475302362,0.3116430774175666,0,nan,nan,nan,nan,0,nan,nan,nan,nan,m1680-spec-0066::L2_window_50_current_tiled,m1680-spec-0066,L2_window_50_current_tiled,T5,actuator_delay_step|t5_near_boundary_warmup,reveal_plus_4,all_72_specs;explicit_window_subset;task_family_T5,t5_near_boundary_warmup,t5_near_boundary_warmup,runs/m1674_controller_family_one_seed_public_pilot/configs/L2_window_50_current_tiled_seed167400.json,runs/m1674_controller_family_one_seed_public_pilot/profile_runs/L2_window_50_current_tiled/seed_167400/checkpoint.pt,50,170101,False,True,False,False,False,False,False,False,False,False,False,False,False
170102,checkpoint,64,True,False,0.8175381900770079,0.8175381900770079,1468.9696187010265,1.0130824956558804,1.1335055210908784,-0.06528578083826608,0.9736476493749816,0.9269529350249308,0.8812946892826701,1.117129049862193,1.117129049862193,,False,True,aeb_feasible,True,False,1.6206956445208662,1.6508143146863845,-0.03011867016551828,12.308363785249714,0.19231818414452678,2.1069684497345578,4.3601093637459485,0.46442562452159475,0.00931928776722417,0.0,11.617935245647693,0.0017416778719052672,1,nan,nan,64,2.1069684497345578,0.46442562452159475,11.617935245647693,0.19231818414452678,0,nan,nan,nan,nan,0,nan,nan,nan,nan,m1680-spec-0066::L3_online_gru,m1680-spec-0066,L3_online_gru,T5,actuator_delay_step|t5_near_boundary_warmup,reveal_plus_4,all_72_specs;explicit_window_subset;task_family_T5,t5_near_boundary_warmup,t5_near_boundary_warmup,runs/m1674_controller_family_one_seed_public_pilot/configs/L3_online_gru_seed167400.json,runs/m1674_controller_family_one_seed_public_pilot/profile_runs/L3_online_gru/seed_167400/checkpoint.pt,1,170102,False,True,False,False,False,False,False,False,False,False,False,False,False
170103,checkpoint,77,False,True,0.7223738284645829,0.7223738284645829,1713.9202474356684,1.1820139637487368,1.1492708741625508,-0.012090732543092564,0.7787348919951221,0.9988701026985316,1.1484745987575615,1.529821115531555,1.529821115531555,,False,True,aeb_feasible,False,True,2.9077106534478476,1.5591294831773648,1.3485811702704829,56.45188948669673,0.7331414219051523,1.6733078039546505,3.8541764109446923,0.6292740049926973,0.0194944627082925,0.0,10.450275840329592,0.0009225377580150962,1,nan,nan,77,1.6733078039546505,0.6292740049926973,10.450275840329592,0.7331414219051523,0,nan,nan,nan,nan,0,nan,nan,nan,nan,m1680-spec-0066::L3_reset_control_corrected,m1680-spec-0066,L3_reset_control_corrected,T5,actuator_delay_step|t5_near_boundary_warmup,reveal_plus_4,all_72_specs;explicit_window_subset;task_family_T5,t5_near_boundary_warmup,t5_near_boundary_warmup,runs/m1674_controller_family_one_seed_public_pilot/configs/L3_reset_control_corrected_seed167400.json,runs/m1674_controller_family_one_seed_public_pilot/profile_runs/L3_reset_control_corrected/seed_167400/checkpoint.pt,1,170103,False,True,False,False,False,False,False,False,False,False,False,False,True
170104,checkpoint,97,True,False,0.395133793817784,0.395133793817784,1250.7780958298351,0.8626055833309207,0.8526970992790455,0.029915465311784795,1.1714112460028294,0.9186666085510149,0.9489710875386519,1.3881940991226283,1.3881940991226283,,False,True,aeb_feasible,False,False,6.892992486665093,1.9448453426510488,4.948147144014044,39.44381282545963,0.4066372456232952,2.304228796220922,5.057964032528943,0.3724369971963368,0.03526737374462624,0.0,7.939448902104749,0.001351459533907473,1,nan,nan,97,2.304228796220922,0.3724369971963368,7.939448902104749,0.4066372456232952,0,nan,nan,nan,nan,0,nan,nan,nan,nan,m1680-spec-0067::L0_current_masked,m1680-spec-0067,L0_current_masked,T5,capability_step_down|t5_near_boundary_warmup,decision_minus_24,all_72_specs;explicit_window_subset;task_family_T5,t5_near_boundary_warmup,t5_near_boundary_warmup,runs/m1674_controller_family_one_seed_public_pilot/configs/L0_current_masked_seed167400.json,runs/m1674_controller_family_one_seed_public_pilot/profile_runs/L0_current_masked/seed_167400/checkpoint.pt,1,170104,False,True,False,False,False,False,False,False,False,False,False,False,False
170105,checkpoint,109,True,False,0.40767190057308933,0.40767190057308933,1279.8404958531564,0.882648617829763,1.0182161107213048,0.05863630997345415,0.9924231684945367,1.1237026811969812,0.9530881989656915,1.3129231572542408,1.3129231572542408,,False,True,aeb_feasible,False,False,6.331484500032909,1.7709195749160087,4.5605649251169,12.96011016994194,0.11890009330221964,2.3350274671386075,5.083375822930922,0.6440468884445653,0.02892595612060013,0.0,7.471396082976125,0.001342341536656022,1,nan,nan,109,2.3350274671386075,0.6440468884445653,7.471396082976125,0.11890009330221964,0,nan,nan,nan,nan,0,nan,nan,nan,nan,m1680-spec-0067::L1_one_step,m1680-spec-0067,L1_one_step,T5,capability_step_down|t5_near_boundary_warmup,decision_minus_24,all_72_specs;explicit_window_subset;task_family_T5,t5_near_boundary_warmup,t5_near_boundary_warmup,runs/m1674_controller_family_one_seed_public_pilot/configs/L1_one_step_seed167400.json,runs/m1674_controller_family_one_seed_public_pilot/profile_runs/L1_one_step/seed_167400/checkpoint.pt,1,170105,False,True,False,False,False,False,False,False,False,False,False,False,False
170106,checkpoint,51,True,False,0.9212487186663327,0.9212487186663327,1357.444356326754,0.9361685216046579,1.1268624260628681,-0.012478208987249717,0.7349449911520987,1.2155939060964196,1.1492505299253737,2.000957025785841,2.000957025785841,,False,True,aeb_feasible,False,False,3.2057741459152167,1.956808237993933,1.2489659079212836,12.366587164799945,0.24248210127058717,2.339063404716355,5.095968274026511,0.38880488460787704,0.03801586000753521,0.0,11.711964006907449,0.003307430539280176,1,nan,nan,51,2.339063404716355,0.38880488460787704,11.711964006907449,0.24248210127058717,0,nan,nan,nan,nan,0,nan,nan,nan,nan,m1680-spec-0067::L2_window_100,m1680-spec-0067,L2_window_100,T5,capability_step_down|t5_near_boundary_warmup,decision_minus_24,all_72_specs;explicit_window_subset;task_family_T5,t5_near_boundary_warmup,t5_near_boundary_warmup,runs/m1674_controller_family_one_seed_public_pilot/configs/L2_window_100_seed167400.json,runs/m1674_controller_family_one_seed_public_pilot/profile_runs/L2_window_100/seed_167400/checkpoint.pt,100,170106,False,True,False,False,False,False,False,False,False,False,False,False,False
170107,checkpoint,70,True,False,0.5222372204594599,0.5222372204594599,1366.3247370264783,0.9422929220872264,1.0005569068346423,0.017487715970529116,1.0668876815246453,1.3186535740684815,0.8130234237176819,2.181407168985134,2.181407168985134,,False,True,aeb_feasible,False,False,12.474140187286222,2.2181413478771987,10.255998839409024,6.243032764527442,0.08918618235039202,2.3008699596949715,5.051369096376973,0.5345464862975793,0.0509601119981573,0.0,8.324376477780193,0.0030364200938493013,1,nan,nan,70,2.3008699596949715,0.5345464862975793,8.324376477780193,0.08918618235039202,0,nan,nan,nan,nan,0,nan,nan,nan,nan,m1680-spec-0067::L2_window_100_current_tiled,m1680-spec-0067,L2_window_100_current_tiled,T5,capability_step_down|t5_near_boundary_warmup,decision_minus_24,all_72_specs;explicit_window_subset;task_family_T5,t5_near_boundary_warmup,t5_near_boundary_warmup,runs/m1674_controller_family_one_seed_public_pilot/configs/L2_window_100_current_tiled_seed167400.json,runs/m1674_controller_family_one_seed_public_pilot/profile_runs/L2_window_100_current_tiled/seed_167400/checkpoint.pt,100,170107,False,True,False,False,False,False,False,False,False,False,False,False,False
170108,checkpoint,69,True,False,0.38063775875638983,0.38063775875638983,1593.0324023254457,1.0986430360865143,1.1194228814323715,-0.009194361313009436,1.0457852781378403,0.778063032426427,0.7837167500078258,0.9884888482501367,0.9884888482501366,,False,True,aeb_feasible,False,False,16.140174176105813,1.7920880118929876,14.348086164212825,4.061911057775411,0.058868276199643646,2.514700717337775,5.083276437749529,0.6142047355658927,0.048486185953552224,0.0,7.730190120089858,0.002701097633689642,1,nan,nan,69,2.514700717337775,0.6142047355658927,7.730190120089858,0.058868276199643646,0,nan,nan,nan,nan,0,nan,nan,nan,nan,m1680-spec-0067::L2_window_13,m1680-spec-0067,L2_window_13,T5,capability_step_down|t5_near_boundary_warmup,decision_minus_24,all_72_specs;explicit_window_subset;task_family_T5,t5_near_boundary_warmup,t5_near_boundary_warmup,runs/m1674_controller_family_one_seed_public_pilot/configs/L2_window_13_seed167400.json,runs/m1674_controller_family_one_seed_public_pilot/profile_runs/L2_window_13/seed_167400/checkpoint.pt,13,170108,False,True,False,False,False,False,False,False,False,False,False,False,False
170109,checkpoint,65,True,False,0.49288782992042623,0.49288782992042623,1362.6634808065544,0.9397679177976237,1.0661063317927837,0.012257962456539317,0.9830125048376936,1.1484614325413531,1.0777745247404176,1.0936338488528747,1.0936338488528747,,False,True,aeb_feasible,False,False,11.62570059884897,2.202837181257093,9.422863417591877,21.818593914608726,0.33567067560936503,2.2296922504636623,5.018936849673995,0.35917204807568787,0.06384301907575414,0.0,8.874534066497166,0.0034257336519658566,1,nan,nan,65,2.2296922504636623,0.35917204807568787,8.874534066497166,0.33567067560936503,0,nan,nan,nan,nan,0,nan,nan,nan,nan,m1680-spec-0067::L2_window_13_current_tiled,m1680-spec-0067,L2_window_13_current_tiled,T5,capability_step_down|t5_near_boundary_warmup,decision_minus_24,all_72_specs;explicit_window_subset;task_family_T5,t5_near_boundary_warmup,t5_near_boundary_warmup,runs/m1674_controller_family_one_seed_public_pilot/configs/L2_window_13_current_tiled_seed167400.json,runs/m1674_controller_family_one_seed_public_pilot/profile_runs/L2_window_13_current_tiled/seed_167400/checkpoint.pt,13,170109,False,True,False,False,False,False,False,False,False,False,False,False,False
170110,checkpoint,56,True,False,0.818892545145423,0.818892545145423,1603.3446432107892,1.1057549263522684,0.8835050024295071,-0.09561124556320388,1.2323958074592753,0.5640217476794949,0.9208571303061939,2.0852358556826176,2.0852358556826176,,False,True,aeb_feasible,False,False,3.696882204763265,1.915848841645115,1.78103336311815,12.816079948820267,0.2288585705146476,2.267259557289066,5.11362099088818,0.5047584261365687,0.041785804539587544,0.0,10.45126419507306,0.003126747440546751,1,nan,nan,56,2.267259557289066,0.5047584261365687,10.45126419507306,0.2288585705146476,0,nan,nan,nan,nan,0,nan,nan,nan,nan,m1680-spec-0067::L2_window_25,m1680-spec-0067,L2_window_25,T5,capability_step_down|t5_near_boundary_warmup,decision_minus_24,all_72_specs;explicit_window_subset;task_family_T5,t5_near_boundary_warmup,t5_near_boundary_warmup,runs/m1674_controller_family_one_seed_public_pilot/configs/L2_window_25_seed167400.json,runs/m1674_controller_family_one_seed_public_pilot/profile_runs/L2_window_25/seed_167400/checkpoint.pt,25,170110,False,True,False,False,False,False,False,False,False,False,False,False,False
170111,checkpoint,61,True,False,0.5930726034417788,0.5930726034417788,1669.9954038167475,1.151720968149481,1.0973047931092323,-0.03309394264344023,1.0417540899768134,0.8529513209920444,1.1294611094254827,1.1408085737578597,1.1408085737578597,,False,True,aeb_feasible,False,False,3.0414542148897574,1.7611035519877087,1.2803506629020487,16.29790772869392,0.2671788152244905,2.270870506063923,5.052776183164461,0.5465384451345658,0.06995039482367009,0.0,9.620335432699934,0.003896560752764344,1,nan,nan,61,2.270870506063923,0.5465384451345658,9.620335432699934,0.2671788152244905,0,nan,nan,nan,nan,0,nan,nan,nan,nan,m1680-spec-0067::L2_window_25_current_tiled,m1680-spec-0067,L2_window_25_current_tiled,T5,capability_step_down|t5_near_boundary_warmup,decision_minus_24,all_72_specs;explicit_window_subset;task_family_T5,t5_near_boundary_warmup,t5_near_boundary_warmup,runs/m1674_controller_family_one_seed_public_pilot/configs/L2_window_25_current_tiled_seed167400.json,runs/m1674_controller_family_one_seed_public_pilot/profile_runs/L2_window_25_current_tiled/seed_167400/checkpoint.pt,25,170111,False,True,False,False,False,False,False,False,False,False,False,False,False
170112,checkpoint,56,True,False,0.7929050900131306,0.7929050900131306,1358.9459717441296,0.9372041184442272,1.1448865386409663,0.015448121513125024,1.2426177975536081,0.8556189820957308,0.9026540174939967,1.345609923265743,1.345609923265743,,False,True,aeb_feasible,False,False,7.593044447425989,2.236513185798027,5.3565312616279614,9.33442927648157,0.16668623708002803,2.4620199504586657,5.129073403672248,0.43618115609737423,0.0659264121366898,0.0,9.48512953057707,0.0029319243039935827,1,nan,nan,56,2.4620199504586657,0.43618115609737423,9.48512953057707,0.16668623708002803,0,nan,nan,nan,nan,0,nan,nan,nan,nan,m1680-spec-0067::L2_window_50,m1680-spec-0067,L2_window_50,T5,capability_step_down|t5_near_boundary_warmup,decision_minus_24,all_72_specs;explicit_window_subset;task_family_T5,t5_near_boundary_warmup,t5_near_boundary_warmup,runs/m1674_controller_family_one_seed_public_pilot/configs/L2_window_50_seed167400.json,runs/m1674_controller_family_one_seed_public_pilot/profile_runs/L2_window_50/seed_167400/checkpoint.pt,50,170112,False,True,False,False,False,False,False,False,False,False,False,False,False
170113,checkpoint,53,True,False,0.7659124592777466,0.7659124592777466,1264.8805022809806,0.8723313808834349,0.9722296773341406,-0.002002070476562201,1.0263114032856713,0.6298213533987759,0.7573838138729565,1.5141855022415647,1.5141855022415647,,False,True,aeb_feasible,False,False,8.81917857412441,1.70199882480057,7.11717974932384,5.845853934934349,0.1102991308478179,2.297772247291126,5.003606112894531,0.6402150965910579,0.05776598950877591,0.0,10.684747311624848,0.004089539870619774,1,nan,nan,53,2.297772247291126,0.6402150965910579,10.684747311624848,0.1102991308478179,0,nan,nan,nan,nan,0,nan,nan,nan,nan,m1680-spec-0067::L2_window_50_current_tiled,m1680-spec-0067,L2_window_50_current_tiled,T5,capability_step_down|t5_near_boundary_warmup,decision_minus_24,all_72_specs;explicit_window_subset;task_family_T5,t5_near_boundary_warmup,t5_near_boundary_warmup,runs/m1674_controller_family_one_seed_public_pilot/configs/L2_window_50_current_tiled_seed167400.json,runs/m1674_controller_family_one_seed_public_pilot/profile_runs/L2_window_50_current_tiled/seed_167400/checkpoint.pt,50,170113,False,True,False,False,False,False,False,False,False,False,False,False,False
170114,checkpoint,91,True,False,0.6497231739180054,0.6497231739180054,1633.131456210619,1.1262975560073234,1.1728930027880424,-0.04988462105864144,0.803537726018309,1.1834470440315814,0.7840240280067546,1.4424710419389377,1.442471041938938,,False,True,aeb_feasible,False,False,7.689322544632852,1.9557634131287576,5.733559131504094,34.36395434275189,0.3776258718983724,2.2639570801291407,5.032658153590845,0.44540274779648203,0.01219536984450309,0.0,9.795352271361084,0.0013978127390146255,1,nan,nan,91,2.2639570801291407,0.44540274779648203,9.795352271361084,0.3776258718983724,0,nan,nan,nan,nan,0,nan,nan,nan,nan,m1680-spec-0067::L3_online_gru,m1680-spec-0067,L3_online_gru,T5,capability_step_down|t5_near_boundary_warmup,decision_minus_24,all_72_specs;explicit_window_subset;task_family_T5,t5_near_boundary_warmup,t5_near_boundary_warmup,runs/m1674_controller_family_one_seed_public_pilot/configs/L3_online_gru_seed167400.json,runs/m1674_controller_family_one_seed_public_pilot/profile_runs/L3_online_gru/seed_167400/checkpoint.pt,1,170114,False,True,False,False,False,False,False,False,False,False,False,False,False
170115,checkpoint,89,False,True,0.4964537359655384,0.4964537359655384,1674.4905786849595,1.154821088748248,0.8513577628497605,0.010400953397857071,1.0306009267978562,0.5943571638669736,0.8226638904537176,2.1654756587578934,2.1654756587578934,,False,True,aeb_feasible,False,True,2.7469881506902936,1.734963941074088,1.0120242096162055,48.918557211786634,0.5496467102447936,2.117696375059083,4.655881521976113,0.6414277679262151,0.022311400532009886,0.0,9.496216060221931,0.0008083188440650702,1,nan,nan,89,2.117696375059083,0.6414277679262151,9.496216060221931,0.5496467102447936,0,nan,nan,nan,nan,0,nan,nan,nan,nan,m1680-spec-0067::L3_reset_control_corrected,m1680-spec-0067,L3_reset_control_corrected,T5,capability_step_down|t5_near_boundary_warmup,decision_minus_24,all_72_specs;explicit_window_subset;task_family_T5,t5_near_boundary_warmup,t5_near_boundary_warmup,runs/m1674_controller_family_one_seed_public_pilot/configs/L3_reset_control_corrected_seed167400.json,runs/m1674_controller_family_one_seed_public_pilot/profile_runs/L3_reset_control_corrected/seed_167400/checkpoint.pt,1,170115,False,True,False,False,False,False,False,False,False,False,False,False,True
170116,checkpoint,57,True,False,1.0342768160207807,1.0342768160207807,1657.939563377128,1.1434065954325021,1.1232785487022066,-0.07991318652395396,1.1112718981252194,0.6017896103220343,0.7267962777637496,1.4965596911439727,1.4965596911439727,,False,True,aeb_feasible,True,False,2.133568187736984,2.3337319621237773,-0.20016377438679323,10.119771344520853,0.17753984814948864,1.3772994046296991,3.239453310401281,0.641895671594007,0.007397571542634186,0.0,10.790739013708977,0.00225081411190331,1,nan,nan,57,1.3772994046296991,0.641895671594007,10.790739013708977,0.17753984814948864,0,nan,nan,nan,nan,0,nan,nan,nan,nan,m1680-spec-0068::L0_current_masked,m1680-spec-0068,L0_current_masked,T5,curved_boundary_obstacle|t5_boundary_axis_retarget,decision_minus_32,all_72_specs;explicit_window_subset;task_family_T5,t5_boundary_axis_retarget,t5_boundary_axis_retarget,runs/m1674_controller_family_one_seed_public_pilot/configs/L0_current_masked_seed167400.json,runs/m1674_controller_family_one_seed_public_pilot/profile_runs/L0_current_masked/seed_167400/checkpoint.pt,1,170116,False,True,False,False,False,False,False,False,False,False,False,False,False
170117,checkpoint,98,True,False,0.38206158300976134,0.38206158300976134,1623.749111467682,1.1198269734259876,1.0989888575375797,0.006858523140935713,0.5004183635094555,1.06412433899574,0.7592110449524104,1.3849697355168202,1.3849697355168202,,False,True,aeb_feasible,False,False,8.81217142830045,1.6670396319357201,7.14513179636473,-2.6421687385360704,-0.026960905495266023,2.5586821265790975,5.067924408420328,0.657554280600158,0.011534109112916321,0.0,7.03892806310402,0.001229354995302856,1,nan,nan,98,2.5586821265790975,0.657554280600158,7.03892806310402,-0.026960905495266023,0,nan,nan,nan,nan,0,nan,nan,nan,nan,m1680-spec-0068::L1_one_step,m1680-spec-0068,L1_one_step,T5,curved_boundary_obstacle|t5_boundary_axis_retarget,decision_minus_32,all_72_specs;explicit_window_subset;task_family_T5,t5_boundary_axis_retarget,t5_boundary_axis_retarget,runs/m1674_controller_family_one_seed_public_pilot/configs/L1_one_step_seed167400.json,runs/m1674_controller_family_one_seed_public_pilot/profile_runs/L1_one_step/seed_167400/checkpoint.pt,1,170117,False,True,False,False,False,False,False,False,False,False,False,False,False
170118,checkpoint,68,True,False,0.5221952002709218,0.5221952002709218,1346.8877616985574,0.9288881115162465,0.8968973594669332,0.09247133418513664,0.5490673525732506,1.0533706159717664,0.9535479520079084,1.1118812551372383,1.1118812551372383,,False,True,aeb_feasible,False,False,2.0076522889255037,1.8622402697983287,0.14541201912717505,14.305938974736772,0.2103814555108349,2.312263217520188,5.075521369096727,0.49745407139706754,0.08031698226209869,0.0,8.911073630934755,0.0025367431808263063,1,nan,nan,68,2.312263217520188,0.49745407139706754,8.911073630934755,0.2103814555108349,0,nan,nan,nan,nan,0,nan,nan,nan,nan,m1680-spec-0068::L2_window_100,m1680-spec-0068,L2_window_100,T5,curved_boundary_obstacle|t5_boundary_axis_retarget,decision_minus_32,all_72_specs;explicit_window_subset;task_family_T5,t5_boundary_axis_retarget,t5_boundary_axis_retarget,runs/m1674_controller_family_one_seed_public_pilot/configs/L2_window_100_seed167400.json,runs/m1674_controller_family_one_seed_public_pilot/profile_runs/L2_window_100/seed_167400/checkpoint.pt,100,170118,False,True,False,False,False,False,False,False,False,False,False,False,False
170119,checkpoint,68,True,False,0.4685950506114707,0.4685950506114707,1412.6092116215564,0.9742132493941769,0.8956571215838939,-0.09938519510729238,0.5769405334184774,0.8657723983207626,1.1682493709140611,1.3231818724294016,1.3231818724294016,,False,True,aeb_feasible,False,False,8.645567648867026,2.3153659697225444,6.330201679144482,23.53303212314347,0.3460740018109334,2.204882083653276,5.023380185577043,0.5631659527110933,0.35361009358083834,0.014705882352941176,9.204337317234394,0.003474173368886113,1,nan,nan,68,2.204882083653276,0.5631659527110933,9.204337317234394,0.3460740018109334,0,nan,nan,nan,nan,0,nan,nan,nan,nan,m1680-spec-0068::L2_window_100_current_tiled,m1680-spec-0068,L2_window_100_current_tiled,T5,curved_boundary_obstacle|t5_boundary_axis_retarget,decision_minus_32,all_72_specs;explicit_window_subset;task_family_T5,t5_boundary_axis_retarget,t5_boundary_axis_retarget,runs/m1674_controller_family_one_seed_public_pilot/configs/L2_window_100_current_tiled_seed167400.json,runs/m1674_controller_family_one_seed_public_pilot/profile_runs/L2_window_100_current_tiled/seed_167400/checkpoint.pt,100,170119,False,True,False,False,False,False,False,False,False,False,False,False,False
170120,checkpoint,60,True,False,0.9821391545673841,0.9821391545673841,1542.515680589038,1.0638039176476124,0.9879309316533832,0.0962582910908032,0.8153575488929525,0.9432027501726384,0.8227615540011861,3.1187445458665817,3.1187445458665817,,False,True,aeb_feasible,False,False,22.065448775556202,1.7622341566856363,20.303214618870566,3.932356708440418,0.06553927847400697,2.3225693471322697,5.116555646122276,0.5918444885703912,0.023859785837216412,0.0,9.826363626109636,0.002871257020160556,1,nan,nan,60,2.3225693471322697,0.5918444885703912,9.826363626109636,0.06553927847400697,0,nan,nan,nan,nan,0,nan,nan,nan,nan,m1680-spec-0068::L2_window_13,m1680-spec-0068,L2_window_13,T5,curved_boundary_obstacle|t5_boundary_axis_retarget,decision_minus_32,all_72_specs;explicit_window_subset;task_family_T5,t5_boundary_axis_retarget,t5_boundary_axis_retarget,runs/m1674_controller_family_one_seed_public_pilot/configs/L2_window_13_seed167400.json,runs/m1674_controller_family_one_seed_public_pilot/profile_runs/L2_window_13/seed_167400/checkpoint.pt,13,170120,False,True,False,False,False,False,False,False,False,False,False,False,False
170121,checkpoint,57,True,False,0.7727643206308064,0.7727643206308064,1418.3500752779757,0.9781724657089488,0.9781867184479036,0.05629273099781651,0.7975564990134193,0.703491421449011,1.2224661606321638,3.091206176550112,3.091206176550112,,False,True,aeb_feasible,False,False,5.288802309076472,1.9288684681694415,3.359933840907031,8.875008781576055,0.1557019084487027,2.453753884733148,5.160751677378652,0.6142716040026527,0.028046901094048646,0.0,9.851406101846266,0.003070633392781019,1,nan,nan,57,2.453753884733148,0.6142716040026527,9.851406101846266,0.1557019084487027,0,nan,nan,nan,nan,0,nan,nan,nan,nan,m1680-spec-0068::L2_window_13_current_tiled,m1680-spec-0068,L2_window_13_current_tiled,T5,curved_boundary_obstacle|t5_boundary_axis_retarget,decision_minus_32,all_72_specs;explicit_window_subset;task_family_T5,t5_boundary_axis_retarget,t5_boundary_axis_retarget,runs/m1674_controller_family_one_seed_public_pilot/configs/L2_window_13_current_tiled_seed167400.json,runs/m1674_controller_family_one_seed_public_pilot/profile_runs/L2_window_13_current_tiled/seed_167400/checkpoint.pt,13,170121,False,True,False,False,False,False,False,False,False,False,False,False,False
170122,checkpoint,59,True,False,0.6672032372741985,0.6672032372741985,1267.098133058509,0.8738607814196613,0.9522391464500917,-0.08824037144001395,1.3340395064704764,1.082140145983423,0.8527243137621963,2.67591828915005,2.67591828915005,,False,True,aeb_feasible,False,False,14.942452374505125,1.8840968370085371,13.058355537496588,13.699118972919148,0.23218845716812117,2.3624679579073615,5.018954904241415,0.347616303718999,0.051945963880621365,0.0,9.464054363278764,0.002779164118692279,1,nan,nan,59,2.3624679579073615,0.347616303718999,9.464054363278764,0.23218845716812117,0,nan,nan,nan,nan,0,nan,nan,nan,nan,m1680-spec-0068::L2_window_25,m1680-spec-0068,L2_window_25,T5,curved_boundary_obstacle|t5_boundary_axis_retarget,decision_minus_32,all_72_specs;explicit_window_subset;task_family_T5,t5_boundary_axis_retarget,t5_boundary_axis_retarget,runs/m1674_controller_family_one_seed_public_pilot/configs/L2_window_25_seed167400.json,runs/m1674_controller_family_one_seed_public_pilot/profile_runs/L2_window_25/seed_167400/checkpoint.pt,25,170122,False,True,False,False,False,False,False,False,False,False,False,False,False
170123,checkpoint,70,True,False,0.39732250762454674,0.39732250762454674,1532.575962092644,1.0569489393742373,1.2037271413265587,0.11159046943379192,0.7995342508332601,0.8587219662317078,1.0568877299498691,2.611095046970066,2.611095046970066,,False,True,aeb_feasible,False,False,4.033256271517506,2.2295914648279833,1.8036648066895227,22.632693396336798,0.32332419137623997,2.3720816772512063,5.053902659824139,0.45407321484235297,0.04419248205627271,0.0,8.257697777852119,0.002657212084159255,1,nan,nan,70,2.3720816772512063,0.45407321484235297,8.257697777852119,0.32332419137623997,0,nan,nan,nan,nan,0,nan,nan,nan,nan,m1680-spec-0068::L2_window_25_current_tiled,m1680-spec-0068,L2_window_25_current_tiled,T5,curved_boundary_obstacle|t5_boundary_axis_retarget,decision_minus_32,all_72_specs;explicit_window_subset;task_family_T5,t5_boundary_axis_retarget,t5_boundary_axis_retarget,runs/m1674_controller_family_one_seed_public_pilot/configs/L2_window_25_current_tiled_seed167400.json,runs/m1674_controller_family_one_seed_public_pilot/profile_runs/L2_window_25_current_tiled/seed_167400/checkpoint.pt,25,170123,False,True,False,False,False,False,False,False,False,False,False,False,False
170124,checkpoint,65,True,False,0.5593888185813682,0.5593888185813682,1589.01545574976,1.0958727281032827,1.0565217767026034,-0.06438023193405984,1.2879597099552813,1.239860405707569,1.0072361877779894,2.700752970757314,2.700752970757314,,False,True,aeb_feasible,False,False,19.16307496918704,1.6477905929587569,17.515284376228283,13.806384057121997,0.21240590857110764,2.4361545071833435,5.063446775285801,0.4065930919046218,0.0839316389012053,0.0,8.967297100787475,0.002749522216618061,1,nan,nan,65,2.4361545071833435,0.4065930919046218,8.967297100787475,0.21240590857110764,0,nan,nan,nan,nan,0,nan,nan,nan,nan,m1680-spec-0068::L2_window_50,m1680-spec-0068,L2_window_50,T5,curved_boundary_obstacle|t5_boundary_axis_retarget,decision_minus_32,all_72_specs;explicit_window_subset;task_family_T5,t5_boundary_axis_retarget,t5_boundary_axis_retarget,runs/m1674_controller_family_one_seed_public_pilot/configs/L2_window_50_seed167400.json,runs/m1674_controller_family_one_seed_public_pilot/profile_runs/L2_window_50/seed_167400/checkpoint.pt,50,170124,False,True,False,False,False,False,False,False,False,False,False,False,False
170125,checkpoint,61,True,False,0.5161270821327999,0.5161270821327999,1244.6551465702444,0.8583828597036168,1.1678303690685927,0.11451575326111874,0.8315188529383348,0.9160652108849433,1.161929819317313,1.650559768807776,1.6505597688077762,,False,True,aeb_feasible,False,False,8.72840620868638,2.254966962353575,6.473439246332805,11.982956001556213,0.19644190166485595,2.3291289281236867,5.096564330561375,0.6363980813644874,0.06781236113995108,0.0,9.541236534218658,0.003172418335452676,1,nan,nan,61,2.3291289281236867,0.6363980813644874,9.541236534218658,0.19644190166485595,0,nan,nan,nan,nan,0,nan,nan,nan,nan,m1680-spec-0068::L2_window_50_current_tiled,m1680-spec-0068,L2_window_50_current_tiled,T5,curved_boundary_obstacle|t5_boundary_axis_retarget,decision_minus_32,all_72_specs;explicit_window_subset;task_family_T5,t5_boundary_axis_retarget,t5_boundary_axis_retarget,runs/m1674_controller_family_one_seed_public_pilot/configs/L2_window_50_current_tiled_seed167400.json,runs/m1674_controller_family_one_seed_public_pilot/profile_runs/L2_window_50_current_tiled/seed_167400/checkpoint.pt,50,170125,False,True,False,False,False,False,False,False,False,False,False,False,False
170126,checkpoint,99,True,False,0.5133920341363065,0.5133920341363065,1347.8246945012618,0.9295342720698357,0.8653161122712923,-0.023202199462612372,0.5961182606229333,1.0378956715070007,0.8053792746288813,0.9103815604487244,0.9103815604487244,,False,True,aeb_feasible,False,False,10.174472850009897,2.311030201148048,7.863442648861849,44.506956728029294,0.44956521947504335,2.2490140586333855,5.1044811473684994,0.452543316424133,0.0440707640387633,0.0,9.268144169504346,0.0011765549425035715,1,nan,nan,99,2.2490140586333855,0.452543316424133,9.268144169504346,0.44956521947504335,0,nan,nan,nan,nan,0,nan,nan,nan,nan,m1680-spec-0068::L3_online_gru,m1680-spec-0068,L3_online_gru,T5,curved_boundary_obstacle|t5_boundary_axis_retarget,decision_minus_32,all_72_specs;explicit_window_subset;task_family_T5,t5_boundary_axis_retarget,t5_boundary_axis_retarget,runs/m1674_controller_family_one_seed_public_pilot/configs/L3_online_gru_seed167400.json,runs/m1674_controller_family_one_seed_public_pilot/profile_runs/L3_online_gru/seed_167400/checkpoint.pt,1,170126,False,True,False,False,False,False,False,False,False,False,False,False,False
170127,checkpoint,71,False,True,0.9892109937181681,0.9892109937181681,1374.0083067409214,0.9475919356833941,1.1230190686701693,0.032907975185058724,1.474068632238081,0.6823787771142953,0.8757572395472482,2.150281062201102,2.1502810622011017,,False,True,aeb_feasible,False,True,2.894083047059788,1.5555476028202904,1.3385354442394974,68.99157488817475,0.9717123223686585,1.5463925381053547,3.5297364037963206,0.33128811570002414,0.05205506294001684,0.0,11.067143953121072,0.0010239933617413044,1,nan,nan,71,1.5463925381053547,0.33128811570002414,11.067143953121072,0.9717123223686585,0,nan,nan,nan,nan,0,nan,nan,nan,nan,m1680-spec-0068::L3_reset_control_corrected,m1680-spec-0068,L3_reset_control_corrected,T5,curved_boundary_obstacle|t5_boundary_axis_retarget,decision_minus_32,all_72_specs;explicit_window_subset;task_family_T5,t5_boundary_axis_retarget,t5_boundary_axis_retarget,runs/m1674_controller_family_one_seed_public_pilot/configs/L3_reset_control_corrected_seed167400.json,runs/m1674_controller_family_one_seed_public_pilot/profile_runs/L3_reset_control_corrected/seed_167400/checkpoint.pt,1,170127,False,True,False,False,False,False,False,False,False,False,False,False,True
170128,checkpoint,75,True,False,0.542919723261925,0.542919723261925,1509.117180131409,1.0407704690561441,1.1190067402810588,-0.05216618446919297,0.9042930229256316,0.5036232670109214,0.9086079927478546,2.1878864044943933,2.1878864044943933,,False,True,aeb_feasible,False,False,5.469958657003703,1.8443564496435152,3.625602207360188,21.875587064399113,0.29167449419198815,2.280617153161327,5.023475183323988,0.6330022963643326,0.013833795832402513,0.0,9.737639496323851,0.0017563235014677048,1,nan,nan,75,2.280617153161327,0.6330022963643326,9.737639496323851,0.29167449419198815,0,nan,nan,nan,nan,0,nan,nan,nan,nan,m1680-spec-0069::L0_current_masked,m1680-spec-0069,L0_current_masked,T5,actuator_delay_step|t5_near_boundary_warmup,reveal_plus_4,all_72_specs;explicit_window_subset;task_family_T5,t5_near_boundary_warmup,t5_near_boundary_warmup,runs/m1674_controller_family_one_seed_public_pilot/configs/L0_current_masked_seed167400.json,runs/m1674_controller_family_one_seed_public_pilot/profile_runs/L0_current_masked/seed_167400/checkpoint.pt,1,170128,False,True,False,False,False,False,False,False,False,False,False,False,False
170129,checkpoint,60,True,False,1.0198869343397488,1.0198869343397488,1255.5664376343168,0.8659078880236668,0.8913188726731398,-0.01740166547789701,0.8768673585182135,0.516257114751233,0.8967820442125931,1.4506468474198608,1.4506468474198608,,False,True,aeb_feasible,False,False,4.904384445945053,2.208586678996562,2.6957977669484907,22.942563947183633,0.3823760657863939,2.4787282637901384,5.075105698968624,0.33345861731223775,0.013385883288643792,0.0,11.827682820775932,0.002411746187135577,1,nan,nan,60,2.4787282637901384,0.33345861731223775,11.827682820775932,0.3823760657863939,0,nan,nan,nan,nan,0,nan,nan,nan,nan,m1680-spec-0069::L1_one_step,m1680-spec-0069,L1_one_step,T5,actuator_delay_step|t5_near_boundary_warmup,reveal_plus_4,all_72_specs;explicit_window_subset;task_family_T5,t5_near_boundary_warmup,t5_near_boundary_warmup,runs/m1674_controller_family_one_seed_public_pilot/configs/L1_one_step_seed167400.json,runs/m1674_controller_family_one_seed_public_pilot/profile_runs/L1_one_step/seed_167400/checkpoint.pt,1,170129,False,True,False,False,False,False,False,False,False,False,False,False,False
170130,checkpoint,63,True,False,0.6574604511375698,0.6574604511375698,1526.3345419809036,1.052644511710968,0.948808676671175,-0.035524080654745216,1.0362996506668714,0.535702304855042,0.7799060168566169,1.9110043829164232,1.911004382916423,,False,True,aeb_feasible,False,False,4.986629105772251,1.647195743306403,3.339433362465848,14.22046919981613,0.22572173333041476,2.2452519039284105,5.026511072340117,0.5842329075352944,0.07644238617447069,0.0,9.515745666605175,0.0029951492324471474,1,nan,nan,63,2.2452519039284105,0.5842329075352944,9.515745666605175,0.22572173333041476,0,nan,nan,nan,nan,0,nan,nan,nan,nan,m1680-spec-0069::L2_window_100,m1680-spec-0069,L2_window_100,T5,actuator_delay_step|t5_near_boundary_warmup,reveal_plus_4,all_72_specs;explicit_window_subset;task_family_T5,t5_near_boundary_warmup,t5_near_boundary_warmup,runs/m1674_controller_family_one_seed_public_pilot/configs/L2_window_100_seed167400.json,runs/m1674_controller_family_one_seed_public_pilot/profile_runs/L2_window_100/seed_167400/checkpoint.pt,100,170130,False,True,False,False,False,False,False,False,False,False,False,False,False
170131,checkpoint,54,True,False,0.9787953064528467,0.9787953064528467,1612.2245566568088,1.1118790045909026,1.2415641582759325,0.07077958702075593,0.7143584258579256,1.254708810881962,1.029336449098055,2.1421460415663427,2.1421460415663427,,False,True,aeb_feasible,False,False,11.260714494609223,2.036594266753234,9.22412022785599,7.66530911052932,0.1419501687135059,2.425453330131491,5.123747350823134,0.4444046344279702,0.05769096189838069,0.0,10.63054883224038,0.0034399614669382572,1,nan,nan,54,2.425453330131491,0.4444046344279702,10.63054883224038,0.1419501687135059,0,nan,nan,nan,nan,0,nan,nan,nan,nan,m1680-spec-0069::L2_window_100_current_tiled,m1680-spec-0069,L2_window_100_current_tiled,T5,actuator_delay_step|t5_near_boundary_warmup,reveal_plus_4,all_72_specs;explicit_window_subset;task_family_T5,t5_near_boundary_warmup,t5_near_boundary_warmup,runs/m1674_controller_family_one_seed_public_pilot/configs/L2_window_100_current_tiled_seed167400.json,runs/m1674_controller_family_one_seed_public_pilot/profile_runs/L2_window_100_current_tiled/seed_167400/checkpoint.pt,100,170131,False,True,False,False,False,False,False,False,False,False,False,False,False
170132,checkpoint,64,True,False,0.5850306331574495,0.5850306331574495,1512.321135436343,1.0429800934043745,1.1797639635063186,0.047320558763802145,0.7583453370261901,1.2090042165833448,0.8614199816698579,1.684543116662847,1.6845431166628473,,False,True,aeb_feasible,False,False,9.493638999503503,1.6780375779901886,7.815601421513314,6.251012542535706,0.09767207097712041,2.4015993533574806,5.087745110167866,0.4877819117810134,0.03495186267862299,0.0,8.80683607131327,0.0027724262326955795,1,nan,nan,64,2.4015993533574806,0.4877819117810134,8.80683607131327,0.09767207097712041,0,nan,nan,nan,nan,0,nan,nan,nan,nan,m1680-spec-0069::L2_window_13,m1680-spec-0069,L2_window_13,T5,actuator_delay_step|t5_near_boundary_warmup,reveal_plus_4,all_72_specs;explicit_window_subset;task_family_T5,t5_near_boundary_warmup,t5_near_boundary_warmup,runs/m1674_controller_family_one_seed_public_pilot/configs/L2_window_13_seed167400.json,runs/m1674_controller_family_one_seed_public_pilot/profile_runs/L2_window_13/seed_167400/checkpoint.pt,13,170132,False,True,False,False,False,False,False,False,False,False,False,False,False
170133,checkpoint,48,True,False,0.8681330460246022,0.8681330460246022,1455.911180758529,1.0040766763851925,1.2332582442938165,-0.01825865680280514,0.7340516195022186,1.1362188371333048,1.104471289491136,1.1089590830887393,1.1089590830887393,,False,True,aeb_feasible,False,False,9.197190590027473,2.162719374386605,7.034471215640869,0.25986554566014597,0.005413865534586375,2.601102892020918,5.097610561771582,0.6075368392521424,0.042134253262970815,0.0,11.151606930041693,0.0041975523345172405,1,nan,nan,48,2.601102892020918,0.6075368392521424,11.151606930041693,0.005413865534586375,0,nan,nan,nan,nan,0,nan,nan,nan,nan,m1680-spec-0069::L2_window_13_current_tiled,m1680-spec-0069,L2_window_13_current_tiled,T5,actuator_delay_step|t5_near_boundary_warmup,reveal_plus_4,all_72_specs;explicit_window_subset;task_family_T5,t5_near_boundary_warmup,t5_near_boundary_warmup,runs/m1674_controller_family_one_seed_public_pilot/configs/L2_window_13_current_tiled_seed167400.json,runs/m1674_controller_family_one_seed_public_pilot/profile_runs/L2_window_13_current_tiled/seed_167400/checkpoint.pt,13,170133,False,True,False,False,False,False,False,False,False,False,False,False,False
170134,checkpoint,61,True,False,0.6685293046728991,0.6685293046728991,1483.559975216789,1.0231448104943373,1.072080557023651,-0.03768790857952209,0.9632190341037159,0.738365779693838,0.7584502666754057,1.1330245598337223,1.1330245598337223,,False,True,aeb_feasible,False,False,12.918609202299233,1.7264628246146225,11.192146377684612,10.067553105569994,0.16504185418967204,2.322428258316153,5.152253487818957,0.5199790295568801,0.039965889357503524,0.0,9.720843233919863,0.003071956103667617,1,nan,nan,61,2.322428258316153,0.5199790295568801,9.720843233919863,0.16504185418967204,0,nan,nan,nan,nan,0,nan,nan,nan,nan,m1680-spec-0069::L2_window_25,m1680-spec-0069,L2_window_25,T5,actuator_delay_step|t5_near_boundary_warmup,reveal_plus_4,all_72_specs;explicit_window_subset;task_family_T5,t5_near_boundary_warmup,t5_near_boundary_warmup,runs/m1674_controller_family_one_seed_public_pilot/configs/L2_window_25_seed167400.json,runs/m1674_controller_family_one_seed_public_pilot/profile_runs/L2_window_25/seed_167400/checkpoint.pt,25,170134,False,True,False,False,False,False,False,False,False,False,False,False,False
170135,checkpoint,58,True,False,0.5687033872774039,0.5687033872774039,1421.705464621661,0.9804865273252834,0.9431223804687314,0.10824811064967133,0.9286749683143416,0.7878147370505555,1.146856713321533,1.1552131124207796,1.1552131124207796,,False,True,aeb_feasible,False,False,3.0919180369606596,1.9603266927339695,1.13159134422669,11.922526452630374,0.20556080090742024,2.2618950605633428,5.088985000232572,0.5985017215160651,0.11377309059697358,0.0,9.869805435094502,0.003617573529481888,1,nan,nan,58,2.2618950605633428,0.5985017215160651,9.869805435094502,0.20556080090742024,0,nan,nan,nan,nan,0,nan,nan,nan,nan,m1680-spec-0069::L2_window_25_current_tiled,m1680-spec-0069,L2_window_25_current_tiled,T5,actuator_delay_step|t5_near_boundary_warmup,reveal_plus_4,all_72_specs;explicit_window_subset;task_family_T5,t5_near_boundary_warmup,t5_near_boundary_warmup,runs/m1674_controller_family_one_seed_public_pilot/configs/L2_window_25_current_tiled_seed167400.json,runs/m1674_controller_family_one_seed_public_pilot/profile_runs/L2_window_25_current_tiled/seed_167400/checkpoint.pt,25,170135,False,True,False,False,False,False,False,False,False,False,False,False,False
170136,checkpoint,62,True,False,0.535526296669296,0.535526296669296,1300.8737405438892,0.8971543038233719,0.996987964038935,0.027706884314880886,0.7266271505905944,0.6330718476935897,1.1159089071095292,2.0207002726876655,2.0207002726876655,,False,True,aeb_feasible,False,False,16.073030799629482,2.0988858860094473,13.974144913620034,19.892019649490273,0.32083902660468183,2.2557220183234508,5.119692018327989,0.5298754340353815,0.34752780257997634,0.0,9.856821788888162,0.0035002627409994602,1,nan,nan,62,2.2557220183234508,0.5298754340353815,9.856821788888162,0.32083902660468183,0,nan,nan,nan,nan,0,nan,nan,nan,nan,m1680-spec-0069::L2_window_50,m1680-spec-0069,L2_window_50,T5,actuator_delay_step|t5_near_boundary_warmup,reveal_plus_4,all_72_specs;explicit_window_subset;task_family_T5,t5_near_boundary_warmup,t5_near_boundary_warmup,runs/m1674_controller_family_one_seed_public_pilot/configs/L2_window_50_seed167400.json,runs/m1674_controller_family_one_seed_public_pilot/profile_runs/L2_window_50/seed_167400/checkpoint.pt,50,170136,False,True,False,False,False,False,False,False,False,False,False,False,False
170137,checkpoint,60,True,False,0.7677971441132005,0.7677971441132005,1694.0889257679698,1.1683371901848068,1.0408503775382931,0.10781276325521372,0.7760453361156712,0.7854615233728899,1.1335616826449442,1.29480709308032,1.29480709308032,,False,True,aeb_feasible,False,False,13.646869454414714,2.2242921828122344,11.42257727160248,17.843393240327682,0.2973898873387947,2.2069437314356444,5.157452198624913,0.4474180742018255,0.03508501858454276,0.0,10.337132117135372,0.00394410640001297,1,nan,nan,60,2.2069437314356444,0.4474180742018255,10.337132117135372,0.2973898873387947,0,nan,nan,nan,nan,0,nan,nan,nan,nan,m1680-spec-0069::L2_window_50_current_tiled,m1680-spec-0069,L2_window_50_current_tiled,T5,actuator_delay_step|t5_near_boundary_warmup,reveal_plus_4,all_72_specs;explicit_window_subset;task_family_T5,t5_near_boundary_warmup,t5_near_boundary_warmup,runs/m1674_controller_family_one_seed_public_pilot/configs/L2_window_50_current_tiled_seed167400.json,runs/m1674_controller_family_one_seed_public_pilot/profile_runs/L2_window_50_current_tiled/seed_167400/checkpoint.pt,50,170137,False,True,False,False,False,False,False,False,False,False,False,False,False
170138,checkpoint,93,True,False,1.0436794551064714,1.0436794551064714,1534.5392363352971,1.0583029216105497,0.9634311667806927,-0.045762994309416216,0.9147543873229859,1.2699854767978842,0.7532735711015905,1.013948790576169,1.013948790576169,,False,True,aeb_feasible,False,False,4.545074791465525,2.101007361202647,2.4440674302628778,35.94260884472285,0.38647966499701986,2.3132358588524653,5.064691841230456,0.3442240361485854,0.014178756846690531,0.0,9.618594541662993,0.0013606600696220994,1,nan,nan,93,2.3132358588524653,0.3442240361485854,9.618594541662993,0.38647966499701986,0,nan,nan,nan,nan,0,nan,nan,nan,nan,m1680-spec-0069::L3_online_gru,m1680-spec-0069,L3_online_gru,T5,actuator_delay_step|t5_near_boundary_warmup,reveal_plus_4,all_72_specs;explicit_window_subset;task_family_T5,t5_near_boundary_warmup,t5_near_boundary_warmup,runs/m1674_controller_family_one_seed_public_pilot/configs/L3_online_gru_seed167400.json,runs/m1674_controller_family_one_seed_public_pilot/profile_runs/L3_online_gru/seed_167400/checkpoint.pt,1,170138,False,True,False,False,False,False,False,False,False,False,False,False,False
170139,checkpoint,76,True,False,0.8193381710551744,0.8193381710551744,1335.1959600679056,0.9208248000468314,1.1144924279640955,0.10733136207112692,0.7250553797871759,0.9071617872362042,0.8524698410256304,1.6977381334001915,1.6977381334001915,,False,True,aeb_feasible,False,False,3.0062865285807354,1.9614981749564846,1.0447883536242508,31.720133232892533,0.417370174117007,2.423507988887784,5.049171267638087,0.3568634439259019,0.011163460772983348,0.0,10.840214855012606,0.0009234262397512794,1,nan,nan,76,2.423507988887784,0.3568634439259019,10.840214855012606,0.417370174117007,0,nan,nan,nan,nan,0,nan,nan,nan,nan,m1680-spec-0069::L3_reset_control_corrected,m1680-spec-0069,L3_reset_control_corrected,T5,actuator_delay_step|t5_near_boundary_warmup,reveal_plus_4,all_72_specs;explicit_window_subset;task_family_T5,t5_near_boundary_warmup,t5_near_boundary_warmup,runs/m1674_controller_family_one_seed_public_pilot/configs/L3_reset_control_corrected_seed167400.json,runs/m1674_controller_family_one_seed_public_pilot/profile_runs/L3_reset_control_corrected/seed_167400/checkpoint.pt,1,170139,False,True,False,False,False,False,False,False,False,False,False,False,False
170140,checkpoint,63,True,False,0.9222317511605573,0.9222317511605573,1375.8636981252055,0.9488715159484176,1.1810349648813654,-0.03647293777215577,0.9043589568032405,0.6384430075315948,0.7867021478140764,1.690297448785188,1.690297448785188,,False,True,aeb_feasible,False,False,11.423432672686374,1.87860235754701,9.544830315139365,13.583431025165252,0.21561001627246432,2.3925256972391438,5.090994433359928,0.5498719249457187,0.03712749100885416,0.0,11.211150894342548,0.002217263216152787,1,nan,nan,63,2.3925256972391438,0.5498719249457187,11.211150894342548,0.21561001627246432,0,nan,nan,nan,nan,0,nan,nan,nan,nan,m1680-spec-0070::L0_current_masked,m1680-spec-0070,L0_current_masked,T5,capability_step_down|t5_near_boundary_warmup,decision_minus_24,all_72_specs;explicit_window_subset;task_family_T5,t5_near_boundary_warmup,t5_near_boundary_warmup,runs/m1674_controller_family_one_seed_public_pilot/configs/L0_current_masked_seed167400.json,runs/m1674_controller_family_one_seed_public_pilot/profile_runs/L0_current_masked/seed_167400/checkpoint.pt,1,170140,False,True,False,False,False,False,False,False,False,False,False,False,False
170141,checkpoint,109,True,False,0.540273515081185,0.540273515081185,1539.0290514609055,1.0613993458351072,0.9742104215231767,-0.0037901137995652867,0.9644501293706934,1.2596773424596703,0.8614720293239002,2.088393872874358,2.088393872874358,,False,True,aeb_feasible,False,False,5.140555849344878,2.1184741415445165,3.0220817078003614,15.660868113068796,0.1436776891107229,2.2430504064953993,5.027994321455921,0.6227025895152228,0.06388177527973744,0.0,8.136769799959671,0.0012665224494412541,1,nan,nan,109,2.2430504064953993,0.6227025895152228,8.136769799959671,0.1436776891107229,0,nan,nan,nan,nan,0,nan,nan,nan,nan,m1680-spec-0070::L1_one_step,m1680-spec-0070,L1_one_step,T5,capability_step_down|t5_near_boundary_warmup,decision_minus_24,all_72_specs;explicit_window_subset;task_family_T5,t5_near_boundary_warmup,t5_near_boundary_warmup,runs/m1674_controller_family_one_seed_public_pilot/configs/L1_one_step_seed167400.json,runs/m1674_controller_family_one_seed_public_pilot/profile_runs/L1_one_step/seed_167400/checkpoint.pt,1,170141,False,True,False,False,False,False,False,False,False,False,False,False,False
170142,checkpoint,77,True,False,0.3335014414366509,0.3335014414366509,1633.2752981538251,1.1263967573474656,0.9455309450349277,0.0709466972857884,0.937318092346155,0.9485999187857916,1.0925843433047175,1.8451292532760848,1.8451292532760846,,False,True,aeb_feasible,False,False,4.736817134839237,2.241626918336767,2.4951902165024697,29.15364477364529,0.37861876329409466,2.2689681854220733,5.02352787804266,0.4122545333539336,0.12100522342443674,0.0,7.574141293785098,0.0024776486679911613,1,nan,nan,77,2.2689681854220733,0.4122545333539336,7.574141293785098,0.37861876329409466,0,nan,nan,nan,nan,0,nan,nan,nan,nan,m1680-spec-0070::L2_window_100,m1680-spec-0070,L2_window_100,T5,capability_step_down|t5_near_boundary_warmup,decision_minus_24,all_72_specs;explicit_window_subset;task_family_T5,t5_near_boundary_warmup,t5_near_boundary_warmup,runs/m1674_controller_family_one_seed_public_pilot/configs/L2_window_100_seed167400.json,runs/m1674_controller_family_one_seed_public_pilot/profile_runs/L2_window_100/seed_167400/checkpoint.pt,100,170142,False,True,False,False,False,False,False,False,False,False,False,False,False
170143,checkpoint,74,True,False,0.3983844194160825,0.3983844194160825,1271.710682916517,0.8770418502872531,0.9361756577877209,0.03171935371219914,0.8183128751616378,0.6346202507445327,0.8807397994048056,1.8042966881950544,1.8042966881950544,,False,True,aeb_feasible,False,False,6.656807693843171,1.9746604359263045,4.682147257916867,33.63895469010887,0.454580468785255,2.246619953637745,5.103049842896983,0.3868699484186027,0.2712177201790842,0.0,8.459659482147218,0.003018846269696951,1,nan,nan,74,2.246619953637745,0.3868699484186027,8.459659482147218,0.454580468785255,0,nan,nan,nan,nan,0,nan,nan,nan,nan,m1680-spec-0070::L2_window_100_current_tiled,m1680-spec-0070,L2_window_100_current_tiled,T5,capability_step_down|t5_near_boundary_warmup,decision_minus_24,all_72_specs;explicit_window_subset;task_family_T5,t5_near_boundary_warmup,t5_near_boundary_warmup,runs/m1674_controller_family_one_seed_public_pilot/configs/L2_window_100_current_tiled_seed167400.json,runs/m1674_controller_family_one_seed_public_pilot/profile_runs/L2_window_100_current_tiled/seed_167400/checkpoint.pt,100,170143,False,True,False,False,False,False,False,False,False,False,False,False,False
170144,checkpoint,53,True,False,1.0442219813910354,1.0442219813910354,1669.3557021310542,1.1512797945731408,1.05509585431947,-0.0912506106254114,0.7068180828983914,0.911554538173763,1.1028665177972596,1.6129049792338113,1.612904979233811,,False,True,aeb_feasible,False,False,14.056278130017771,1.8389778722822347,12.217300257735538,13.254163618078842,0.25007855883167623,2.247653082195174,5.1773316609272655,0.47007086314332247,0.0592988955619105,0.0,12.410736196986536,0.0031166772823780775,1,nan,nan,53,2.247653082195174,0.47007086314332247,12.410736196986536,0.25007855883167623,0,nan,nan,nan,nan,0,nan,nan,nan,nan,m1680-spec-0070::L2_window_13,m1680-spec-0070,L2_window_13,T5,capability_step_down|t5_near_boundary_warmup,decision_minus_24,all_72_specs;explicit_window_subset;task_family_T5,t5_near_boundary_warmup,t5_near_boundary_warmup,runs/m1674_controller_family_one_seed_public_pilot/configs/L2_window_13_seed167400.json,runs/m1674_controller_family_one_seed_public_pilot/profile_runs/L2_window_13/seed_167400/checkpoint.pt,13,170144,False,True,False,False,False,False,False,False,False,False,False,False,False
170145,checkpoint,62,True,False,0.8791730553947942,0.8791730553947942,1599.1289613859867,1.1028475595765426,0.9454996360538377,0.07706947181019386,0.9833167756145902,1.2778614334034213,0.8406083019161948,1.1253720623328431,1.1253720623328431,,False,True,aeb_feasible,False,False,7.171538488814691,2.1630396637948452,5.008498825019846,-2.408459205549592,-0.03884611621854181,2.4006504944591875,5.081737927987046,0.6250782262297329,0.038557420370447563,0.0,8.806446697239165,0.003396047977730632,1,nan,nan,62,2.4006504944591875,0.6250782262297329,8.806446697239165,-0.03884611621854181,0,nan,nan,nan,nan,0,nan,nan,nan,nan,m1680-spec-0070::L2_window_13_current_tiled,m1680-spec-0070,L2_window_13_current_tiled,T5,capability_step_down|t5_near_boundary_warmup,decision_minus_24,all_72_specs;explicit_window_subset;task_family_T5,t5_near_boundary_warmup,t5_near_boundary_warmup,runs/m1674_controller_family_one_seed_public_pilot/configs/L2_window_13_current_tiled_seed167400.json,runs/m1674_controller_family_one_seed_public_pilot/profile_runs/L2_window_13_current_tiled/seed_167400/checkpoint.pt,13,170145,False,True,False,False,False,False,False,False,False,False,False,False,False
170146,checkpoint,57,True,False,0.9584577862047199,0.9584577862047199,1474.5030615037185,1.0168986631060128,1.0048648900623347,0.11523370700403945,1.0864696292123872,0.939739259468862,0.8889798334160603,1.2333673601094666,1.2333673601094666,,False,True,aeb_feasible,False,False,17.84525758815751,1.5867481903832268,16.258509397774283,9.664141168863834,0.16954633629585675,2.3622046648952923,5.132739632296779,0.44443333527342366,0.03759497659785708,0.0,9.893628357836178,0.003272184869274497,1,nan,nan,57,2.3622046648952923,0.44443333527342366,9.893628357836178,0.16954633629585675,0,nan,nan,nan,nan,0,nan,nan,nan,nan,m1680-spec-0070::L2_window_25,m1680-spec-0070,L2_window_25,T5,capability_step_down|t5_near_boundary_warmup,decision_minus_24,all_72_specs;explicit_window_subset;task_family_T5,t5_near_boundary_warmup,t5_near_boundary_warmup,runs/m1674_controller_family_one_seed_public_pilot/configs/L2_window_25_seed167400.json,runs/m1674_controller_family_one_seed_public_pilot/profile_runs/L2_window_25/seed_167400/checkpoint.pt,25,170146,False,True,False,False,False,False,False,False,False,False,False,False,False
170147,checkpoint,70,True,False,0.48039371474217274,0.48039371474217274,1693.1285213671351,1.1676748423221621,1.1740314129607992,0.11093808795933247,1.0183499497137514,0.8189945713142479,1.1370879018619269,1.1250513468561594,1.1250513468561594,,False,True,aeb_feasible,False,False,15.966516832172225,1.820329737178906,14.14618709499332,35.15728553495134,0.5022469362135906,2.136830743873115,5.095889113668825,0.28017594997087786,0.12452913525204334,0.0,9.21536109298485,0.0035949440207332373,1,nan,nan,70,2.136830743873115,0.28017594997087786,9.21536109298485,0.5022469362135906,0,nan,nan,nan,nan,0,nan,nan,nan,nan,m1680-spec-0070::L2_window_25_current_tiled,m1680-spec-0070,L2_window_25_current_tiled,T5,capability_step_down|t5_near_boundary_warmup,decision_minus_24,all_72_specs;explicit_window_subset;task_family_T5,t5_near_boundary_warmup,t5_near_boundary_warmup,runs/m1674_controller_family_one_seed_public_pilot/configs/L2_window_25_current_tiled_seed167400.json,runs/m1674_controller_family_one_seed_public_pilot/profile_runs/L2_window_25_current_tiled/seed_167400/checkpoint.pt,25,170147,False,True,False,False,False,False,False,False,False,False,False,False,False
170148,checkpoint,87,True,False,0.29456191849938784,0.29456191849938784,1270.5313132989556,0.8762284919303143,1.0787785917667336,0.0027070912080053855,1.0855655150707135,1.0717453144399447,0.8173241981656905,1.9921106880531565,1.9921106880531565,,False,True,aeb_feasible,False,False,8.13051890671647,2.122263127577209,6.00825577913926,21.678504322833145,0.24917821060727754,2.347512189737549,5.093874219309345,0.2770902223212766,0.0728498811791806,0.0,6.441447566090551,0.0020947307348251343,1,nan,nan,87,2.347512189737549,0.2770902223212766,6.441447566090551,0.24917821060727754,0,nan,nan,nan,nan,0,nan,nan,nan,nan,m1680-spec-0070::L2_window_50,m1680-spec-0070,L2_window_50,T5,capability_step_down|t5_near_boundary_warmup,decision_minus_24,all_72_specs;explicit_window_subset;task_family_T5,t5_near_boundary_warmup,t5_near_boundary_warmup,runs/m1674_controller_family_one_seed_public_pilot/configs/L2_window_50_seed167400.json,runs/m1674_controller_family_one_seed_public_pilot/profile_runs/L2_window_50/seed_167400/checkpoint.pt,50,170148,False,True,False,False,False,False,False,False,False,False,False,False,False
170149,checkpoint,50,True,False,0.9117329672921377,0.9117329672921377,1279.2842800969368,0.8822650207565081,1.0673084923290466,0.08288289965278883,0.7839709451040525,0.9848911736860059,1.1048175257004988,1.0843722765885015,1.0843722765885015,,False,True,aeb_feasible,False,False,8.447166879207664,2.05910446964075,6.388062409566914,14.338464044383016,0.28676928088766035,2.3459774992413274,5.007946309836118,0.37161482885178926,0.033021620808797746,0.0,11.103267685926907,0.0041263834573328495,1,nan,nan,50,2.3459774992413274,0.37161482885178926,11.103267685926907,0.28676928088766035,0,nan,nan,nan,nan,0,nan,nan,nan,nan,m1680-spec-0070::L2_window_50_current_tiled,m1680-spec-0070,L2_window_50_current_tiled,T5,capability_step_down|t5_near_boundary_warmup,decision_minus_24,all_72_specs;explicit_window_subset;task_family_T5,t5_near_boundary_warmup,t5_near_boundary_warmup,runs/m1674_controller_family_one_seed_public_pilot/configs/L2_window_50_current_tiled_seed167400.json,runs/m1674_controller_family_one_seed_public_pilot/profile_runs/L2_window_50_current_tiled/seed_167400/checkpoint.pt,50,170149,False,True,False,False,False,False,False,False,False,False,False,False,False
170150,checkpoint,92,False,True,0.809186561784946,0.809186561784946,1401.5796079110687,0.9666066261455646,1.1764089121327812,-0.10449812337559661,0.7207187607805864,1.1231811842536066,0.9389014232539068,1.5260409248016265,1.5260409248016265,,False,True,aeb_feasible,False,True,7.9529062769853915,1.9081852348183954,6.044721042166996,58.49098092530396,0.6357715317967821,1.8636857597994363,4.511283243854514,0.5784730267672054,0.10353103531552398,0.0,10.880197441282544,0.0013589686714112759,1,nan,nan,92,1.8636857597994363,0.5784730267672054,10.880197441282544,0.6357715317967821,0,nan,nan,nan,nan,0,nan,nan,nan,nan,m1680-spec-0070::L3_online_gru,m1680-spec-0070,L3_online_gru,T5,capability_step_down|t5_near_boundary_warmup,decision_minus_24,all_72_specs;explicit_window_subset;task_family_T5,t5_near_boundary_warmup,t5_near_boundary_warmup,runs/m1674_controller_family_one_seed_public_pilot/configs/L3_online_gru_seed167400.json,runs/m1674_controller_family_one_seed_public_pilot/profile_runs/L3_online_gru/seed_167400/checkpoint.pt,1,170150,False,True,False,False,False,False,False,False,False,False,False,False,True
170151,checkpoint,90,True,False,0.3196830072386826,0.3196830072386826,1282.2286675504104,0.8842956327933864,1.0520380800688887,0.0040809270503081585,1.1359862817654465,1.0094914579602816,0.9026005567378778,2.1767153977474147,2.1767153977474147,,False,True,aeb_feasible,True,False,2.122916936975094,2.2344707447597987,-0.1115538077847047,37.146633751505234,0.41274037501672484,1.7585682888358467,3.7811834406025078,0.5744766796828151,0.057677352575984726,0.0,7.585972253009801,0.0007127420394681394,1,nan,nan,90,1.7585682888358467,0.5744766796828151,7.585972253009801,0.41274037501672484,0,nan,nan,nan,nan,0,nan,nan,nan,nan,m1680-spec-0070::L3_reset_control_corrected,m1680-spec-0070,L3_reset_control_corrected,T5,capability_step_down|t5_near_boundary_warmup,decision_minus_24,all_72_specs;explicit_window_subset;task_family_T5,t5_near_boundary_warmup,t5_near_boundary_warmup,runs/m1674_controller_family_one_seed_public_pilot/configs/L3_reset_control_corrected_seed167400.json,runs/m1674_controller_family_one_seed_public_pilot/profile_runs/L3_reset_control_corrected/seed_167400/checkpoint.pt,1,170151,False,True,False,False,False,False,False,False,False,False,False,False,False
170152,checkpoint,69,True,False,0.5636371936845581,0.5636371936845581,1641.5845603204752,1.132127282979638,0.9199032834477417,0.0830547056909372,1.1811021272991131,0.5857629363931806,1.1537061456290802,1.5490760037939522,1.5490760037939522,,False,True,aeb_feasible,False,False,3.8951053490453416,1.8103287327433208,2.0847766163020207,20.877119209069118,0.30256694505897275,2.3322372933383275,5.1193459371468855,0.5978340318136113,0.030295451829726542,0.0,9.979971227180865,0.001955772750079632,1,nan,nan,69,2.3322372933383275,0.5978340318136113,9.979971227180865,0.30256694505897275,0,nan,nan,nan,nan,0,nan,nan,nan,nan,m1680-spec-0071::L0_current_masked,m1680-spec-0071,L0_current_masked,T5,curved_boundary_obstacle|t5_boundary_axis_retarget,decision_minus_32,all_72_specs;explicit_window_subset;task_family_T5,t5_boundary_axis_retarget,t5_boundary_axis_retarget,runs/m1674_controller_family_one_seed_public_pilot/configs/L0_current_masked_seed167400.json,runs/m1674_controller_family_one_seed_public_pilot/profile_runs/L0_current_masked/seed_167400/checkpoint.pt,1,170152,False,True,False,False,False,False,False,False,False,False,False,False,False
170153,checkpoint,74,True,False,0.8201508051959008,0.8201508051959008,1564.475650485785,1.0789487244729552,1.0785328009419448,0.09609627809032828,1.1460839420602484,0.9219351247569025,1.0230560304716174,2.88166093864913,2.88166093864913,,False,True,aeb_feasible,True,False,1.6908650448535079,1.7933073773531267,-0.10244233249961887,-4.169152702320762,-0.056339901382713,2.2314096163677424,4.85957184966,0.6331761300231762,0.013841380205235771,0.0,9.368037906655593,0.0017992372158914804,1,nan,nan,74,2.2314096163677424,0.6331761300231762,9.368037906655593,-0.056339901382713,0,nan,nan,nan,nan,0,nan,nan,nan,nan,m1680-spec-0071::L1_one_step,m1680-spec-0071,L1_one_step,T5,curved_boundary_obstacle|t5_boundary_axis_retarget,decision_minus_32,all_72_specs;explicit_window_subset;task_family_T5,t5_boundary_axis_retarget,t5_boundary_axis_retarget,runs/m1674_controller_family_one_seed_public_pilot/configs/L1_one_step_seed167400.json,runs/m1674_controller_family_one_seed_public_pilot/profile_runs/L1_one_step/seed_167400/checkpoint.pt,1,170153,False,True,False,False,False,False,False,False,False,False,False,False,False
170154,checkpoint,55,True,False,0.9279009353284933,0.9279009353284933,1564.7787277610428,1.0791577432834778,0.9656822491881417,-0.08965906356730402,1.2104036709316908,0.5860004905878574,0.9587983585961228,2.3694826564939317,2.3694826564939317,,False,True,aeb_feasible,False,False,6.023269024439265,2.129763035176317,3.8935059892629478,15.700015610254175,0.2854548292773486,2.3473594520607453,5.032275256051342,0.44879398727643555,0.04010753536732866,0.0,10.428753463033473,0.0028675836510956287,1,nan,nan,55,2.3473594520607453,0.44879398727643555,10.428753463033473,0.2854548292773486,0,nan,nan,nan,nan,0,nan,nan,nan,nan,m1680-spec-0071::L2_window_100,m1680-spec-0071,L2_window_100,T5,curved_boundary_obstacle|t5_boundary_axis_retarget,decision_minus_32,all_72_specs;explicit_window_subset;task_family_T5,t5_boundary_axis_retarget,t5_boundary_axis_retarget,runs/m1674_controller_family_one_seed_public_pilot/configs/L2_window_100_seed167400.json,runs/m1674_controller_family_one_seed_public_pilot/profile_runs/L2_window_100/seed_167400/checkpoint.pt,100,170154,False,True,False,False,False,False,False,False,False,False,False,False,False
170155,checkpoint,56,True,False,1.0209443622131895,1.0209443622131895,1504.8917103633012,1.0378563519746904,0.8653269550748036,0.08256491490584561,1.3504360118267167,0.7939727752274609,1.0856413070987734,2.2774515288687907,2.2774515288687907,,False,True,aeb_feasible,False,False,14.424375523089607,1.9818026182721242,12.442572904817482,11.505639181719612,0.20545784253070737,2.3746368870856163,5.055250251576581,0.5311291024006363,0.038709833617933474,0.0,9.924982689162007,0.003359294030815363,1,nan,nan,56,2.3746368870856163,0.5311291024006363,9.924982689162007,0.20545784253070737,0,nan,nan,nan,nan,0,nan,nan,nan,nan,m1680-spec-0071::L2_window_100_current_tiled,m1680-spec-0071,L2_window_100_current_tiled,T5,curved_boundary_obstacle|t5_boundary_axis_retarget,decision_minus_32,all_72_specs;explicit_window_subset;task_family_T5,t5_boundary_axis_retarget,t5_boundary_axis_retarget,runs/m1674_controller_family_one_seed_public_pilot/configs/L2_window_100_current_tiled_seed167400.json,runs/m1674_controller_family_one_seed_public_pilot/profile_runs/L2_window_100_current_tiled/seed_167400/checkpoint.pt,100,170155,False,True,False,False,False,False,False,False,False,False,False,False,False
170156,checkpoint,74,True,False,0.4353909005643617,0.4353909005643617,1249.6756860799173,0.8618453007447706,0.9322727382568133,-0.05979652048050399,1.0192307374020908,1.0096650752963932,0.9628942960586325,1.8130951960050372,1.8130951960050372,,False,True,aeb_feasible,False,False,12.957045714422653,1.82643860496023,11.130607109462424,27.43042485447698,0.3706814169523916,2.20275159643539,5.087432692069896,0.33563473926085846,0.06730716241257696,0.0,8.302938424298631,0.002458244329318404,1,nan,nan,74,2.20275159643539,0.33563473926085846,8.302938424298631,0.3706814169523916,0,nan,nan,nan,nan,0,nan,nan,nan,nan,m1680-spec-0071::L2_window_13,m1680-spec-0071,L2_window_13,T5,curved_boundary_obstacle|t5_boundary_axis_retarget,decision_minus_32,all_72_specs;explicit_window_subset;task_family_T5,t5_boundary_axis_retarget,t5_boundary_axis_retarget,runs/m1674_controller_family_one_seed_public_pilot/configs/L2_window_13_seed167400.json,runs/m1674_controller_family_one_seed_public_pilot/profile_runs/L2_window_13/seed_167400/checkpoint.pt,13,170156,False,True,False,False,False,False,False,False,False,False,False,False,False
170157,checkpoint,66,True,False,0.5029591057119291,0.5029591057119291,1523.8180022321428,1.0509089670566503,1.178757684430133,0.005703122496756752,1.4284327722373122,1.1171245378300307,0.9575985305300434,2.5368582297178133,2.5368582297178133,,False,True,aeb_feasible,False,False,10.968015037744948,1.6324003667164624,9.335614671028486,19.661547073652397,0.2979022283886727,2.3632682775816947,5.034781867278362,0.32540431260419933,0.060602569304593346,0.0,8.71539172058891,0.002856252947822213,1,nan,nan,66,2.3632682775816947,0.32540431260419933,8.71539172058891,0.2979022283886727,0,nan,nan,nan,nan,0,nan,nan,nan,nan,m1680-spec-0071::L2_window_13_current_tiled,m1680-spec-0071,L2_window_13_current_tiled,T5,curved_boundary_obstacle|t5_boundary_axis_retarget,decision_minus_32,all_72_specs;explicit_window_subset;task_family_T5,t5_boundary_axis_retarget,t5_boundary_axis_retarget,runs/m1674_controller_family_one_seed_public_pilot/configs/L2_window_13_current_tiled_seed167400.json,runs/m1674_controller_family_one_seed_public_pilot/profile_runs/L2_window_13_current_tiled/seed_167400/checkpoint.pt,13,170157,False,True,False,False,False,False,False,False,False,False,False,False,False
170158,checkpoint,65,True,False,0.5028628977663896,0.5028628977663896,1273.0532088942143,0.8779677302718719,1.0301075472551524,-0.11573059283369602,0.9267552618969215,0.8002484900569347,0.8126266482285484,1.5361284650476015,1.5361284650476015,,False,True,aeb_feasible,False,False,6.120267530397356,1.7278152567926464,4.39245227360471,17.00364293330649,0.2615945066662537,2.3401775432094696,5.030425464869868,0.4641239158860363,0.07898951380885794,0.0,8.891278753190365,0.002538250992074609,1,nan,nan,65,2.3401775432094696,0.4641239158860363,8.891278753190365,0.2615945066662537,0,nan,nan,nan,nan,0,nan,nan,nan,nan,m1680-spec-0071::L2_window_25,m1680-spec-0071,L2_window_25,T5,curved_boundary_obstacle|t5_boundary_axis_retarget,decision_minus_32,all_72_specs;explicit_window_subset;task_family_T5,t5_boundary_axis_retarget,t5_boundary_axis_retarget,runs/m1674_controller_family_one_seed_public_pilot/configs/L2_window_25_seed167400.json,runs/m1674_controller_family_one_seed_public_pilot/profile_runs/L2_window_25/seed_167400/checkpoint.pt,25,170158,False,True,False,False,False,False,False,False,False,False,False,False,False
170159,checkpoint,78,True,False,0.3572263219098754,0.3572263219098754,1562.72703647458,1.0777427837755724,1.1071001281407498,-0.03195419394332233,0.5638365462966295,1.2291822556919652,1.1663992495258655,2.698565986481488,2.698565986481488,,False,True,aeb_feasible,False,False,7.038106590762488,1.9372773775790653,5.100829213183422,28.90661979568053,0.37059768968821194,2.2820855629017447,5.104542532926111,0.31538634453361125,0.06288001133106043,0.0,7.618055951281031,0.002353242365643382,1,nan,nan,78,2.2820855629017447,0.31538634453361125,7.618055951281031,0.37059768968821194,0,nan,nan,nan,nan,0,nan,nan,nan,nan,m1680-spec-0071::L2_window_25_current_tiled,m1680-spec-0071,L2_window_25_current_tiled,T5,curved_boundary_obstacle|t5_boundary_axis_retarget,decision_minus_32,all_72_specs;explicit_window_subset;task_family_T5,t5_boundary_axis_retarget,t5_boundary_axis_retarget,runs/m1674_controller_family_one_seed_public_pilot/configs/L2_window_25_current_tiled_seed167400.json,runs/m1674_controller_family_one_seed_public_pilot/profile_runs/L2_window_25_current_tiled/seed_167400/checkpoint.pt,25,170159,False,True,False,False,False,False,False,False,False,False,False,False,False
170160,checkpoint,55,True,False,0.5760135964208153,0.5760135964208153,1671.248158328711,1.1525849367784213,0.8998505206893671,0.056614894209634725,1.1880438798109139,0.6031694184902867,1.2146203149778674,1.5101455994726387,1.5101455994726387,,False,True,aeb_feasible,False,False,4.131263644939985,1.6353364970927595,2.495927147847225,8.485193589879461,0.15427624708871748,2.4093109876594876,5.094711596147842,0.6308383726791542,0.13215088985225626,0.0,9.966283322914158,0.002868370385840535,1,nan,nan,55,2.4093109876594876,0.6308383726791542,9.966283322914158,0.15427624708871748,0,nan,nan,nan,nan,0,nan,nan,nan,nan,m1680-spec-0071::L2_window_50,m1680-spec-0071,L2_window_50,T5,curved_boundary_obstacle|t5_boundary_axis_retarget,decision_minus_32,all_72_specs;explicit_window_subset;task_family_T5,t5_boundary_axis_retarget,t5_boundary_axis_retarget,runs/m1674_controller_family_one_seed_public_pilot/configs/L2_window_50_seed167400.json,runs/m1674_controller_family_one_seed_public_pilot/profile_runs/L2_window_50/seed_167400/checkpoint.pt,50,170160,False,True,False,False,False,False,False,False,False,False,False,False,False
170161,checkpoint,64,True,False,0.8153514892446208,0.8153514892446208,1509.7143758805141,1.041182328193458,1.0011603522710029,0.11139820520518895,0.6170920491445753,0.895476526935047,1.091216215962536,1.97229876104425,1.97229876104425,,False,True,aeb_feasible,False,False,16.42075890549393,2.0614126443949763,14.359346261098953,22.270099131367868,0.34797029892762293,2.1504661841703756,5.013297307801359,0.444928243966699,0.06050196146419445,0.0,9.796692960460854,0.0031712648924440145,1,nan,nan,64,2.1504661841703756,0.444928243966699,9.796692960460854,0.34797029892762293,0,nan,nan,nan,nan,0,nan,nan,nan,nan,m1680-spec-0071::L2_window_50_current_tiled,m1680-spec-0071,L2_window_50_current_tiled,T5,curved_boundary_obstacle|t5_boundary_axis_retarget,decision_minus_32,all_72_specs;explicit_window_subset;task_family_T5,t5_boundary_axis_retarget,t5_boundary_axis_retarget,runs/m1674_controller_family_one_seed_public_pilot/configs/L2_window_50_current_tiled_seed167400.json,runs/m1674_controller_family_one_seed_public_pilot/profile_runs/L2_window_50_current_tiled/seed_167400/checkpoint.pt,50,170161,False,True,False,False,False,False,False,False,False,False,False,False,False
170162,checkpoint,99,False,True,0.31133723937167224,0.31133723937167224,1610.745801338687,1.1108591733370254,1.0290055554548247,-0.015982518983624683,1.1698016176869659,0.608849044486643,1.1215846310753306,1.920072514795569,1.920072514795569,,False,True,aeb_feasible,False,True,2.86081991513134,2.156936536432004,0.7038833786993357,110.1399044017036,1.1125242868858949,1.2635103606593272,2.6937246554320353,0.4291138689259032,1.5707961908889763,0.47474747474747475,7.59464664933469,0.0014281293842941523,1,nan,nan,99,1.2635103606593272,0.4291138689259032,7.59464664933469,1.1125242868858949,0,nan,nan,nan,nan,0,nan,nan,nan,nan,m1680-spec-0071::L3_online_gru,m1680-spec-0071,L3_online_gru,T5,curved_boundary_obstacle|t5_boundary_axis_retarget,decision_minus_32,all_72_specs;explicit_window_subset;task_family_T5,t5_boundary_axis_retarget,t5_boundary_axis_retarget,runs/m1674_controller_family_one_seed_public_pilot/configs/L3_online_gru_seed167400.json,runs/m1674_controller_family_one_seed_public_pilot/profile_runs/L3_online_gru/seed_167400/checkpoint.pt,1,170162,False,True,False,False,False,False,False,False,False,False,False,False,True
170163,checkpoint,105,True,False,0.4072651264878563,0.4072651264878563,1450.5704574317608,1.0003934189184558,0.9628196389143019,0.11396631077680142,0.9222725603359969,1.0458408088466653,0.8509538848413162,0.858981917866517,0.8589819178665171,,False,True,aeb_feasible,False,False,4.620117593072343,1.8350453151642392,2.7850722779081036,41.153460587488155,0.3919377198808396,2.2239223141342572,5.007286979171198,0.5592264765997347,0.027355799414585748,0.0,8.353182387108108,0.0006570728728547692,1,nan,nan,105,2.2239223141342572,0.5592264765997347,8.353182387108108,0.3919377198808396,0,nan,nan,nan,nan,0,nan,nan,nan,nan,m1680-spec-0071::L3_reset_control_corrected,m1680-spec-0071,L3_reset_control_corrected,T5,curved_boundary_obstacle|t5_boundary_axis_retarget,decision_minus_32,all_72_specs;explicit_window_subset;task_family_T5,t5_boundary_axis_retarget,t5_boundary_axis_retarget,runs/m1674_controller_family_one_seed_public_pilot/configs/L3_reset_control_corrected_seed167400.json,runs/m1674_controller_family_one_seed_public_pilot/profile_runs/L3_reset_control_corrected/seed_167400/checkpoint.pt,1,170163,False,True,False,False,False,False,False,False,False,False,False,False,False
