seed,policy,steps,terminated,truncated,mu,initial_mu,mass,mass_scale,inertia_scale,cg_shift,tire_stiffness_scale,brake_scale,drive_scale,steer_tau_scale,drive_tau_scale,friction_step_at,friction_step_applied,obstacle_enabled,obstacle_label,collision,obstacle_completed,min_obstacle_clearance,obstacle_collision_radius,min_clearance_margin,termination_reason,obstacle_passed_raw,completion_reason,outcome_bucket,return,mean_reward,lateral_rmse,lateral_peak,beta_abs_error_mean,beta_abs_peak,high_sideslip_fraction,speed_mean,action_rate_mean,plan_horizon,plan_action_rate_mean,plan_first_action_error_mean,dt,track_width,first_obstacle_pass_step,first_obstacle_pass_time_s,first_recovery_step,first_recovery_time_s,recovery_success,recovery_time_proxy,max_abs_beta,max_abs_yaw_rate,drift_used,controlled_drift_recovery_success,impact_speed_proxy,impact_beta_abs,impact_yaw_rate_abs,impact_severity_proxy,collision_mitigation_score,max_off_track_overshoot,time_to_first_off_track_s,off_track_severity_proxy,left_curve_steps,left_curve_lateral_rmse,left_curve_beta_abs_error_mean,left_curve_speed_mean,left_curve_reward_mean,right_curve_steps,right_curve_lateral_rmse,right_curve_beta_abs_error_mean,right_curve_speed_mean,right_curve_reward_mean,near_zero_steps,near_zero_lateral_rmse,near_zero_beta_abs_error_mean,near_zero_speed_mean,near_zero_reward_mean,workload_id,task_source_id,panel_source_id,panel_task_family,source_origin,source_kind,source_edge,window_tag,source_role_semantics,parent_feasibility_tier_id,normalized_surface_variant,sampled_obstacle_label,source_reference,materialization_semantics,proxy_template_family,generated_source_row,paper_validity_claim,profile_name,profile_config_path,checkpoint_path,eval_seed,success,controlled_routing_smoke_measured_execution,environment_rollout_started,policy_action_executed,measured_rollout_started,training_started,replay_started,ppo_used,promoted,private_holdout_used,actor_input_contract_changed,profile_specific_tuning,controller_family_ranking_claim_made,finite_window_vs_gru_conclusion_made,paper_level_claim_made,level3_self_id_claim_made,reset_sampled_obstacle_label
210100,checkpoint,37,True,False,0.9379298427727816,0.3769885969106969,1778.7879678966417,1.226750322687339,1.0001372781838738,0.13085793377938382,1.2533777849897612,0.6213481160919241,1.1915339375540572,0.8341743818793722,0.8341743818793722,24,True,True,unavoidable,True,False,1.366580222562472,1.4583674501676578,-0.09178722760518587,obstacle_collision,False,obstacle_collision,collision_failure,10.792392947090423,0.29168629586730876,0.27222678036990894,0.37964728633027534,0.04720912881700804,0.02491049985583392,0.0,9.33347786454091,0.0028249488677829504,1,nan,nan,0.02,7.0,nan,nan,nan,nan,False,nan,0.02491049985583392,0.22537679161218405,False,False,9.801564281842655,0.0027595259909252547,0.04000640548005578,10.265880823412052,10.265880823412052,0.0,nan,0.0,37,0.27222678036990894,0.04720912881700804,9.33347786454091,0.29168629586730876,0,nan,nan,nan,nan,0,nan,nan,nan,nan,m2063-osd-osd_v0_0144_t3::L0_current_masked,m2063-osd-osd_v0_0144_t3,osd_v0_0144_t3,T3_active_diagnostic_warmup,m2060_no_rollout_outcome_supported_decisive_generator,warmup_brake_authority_probe,T3_active_diagnostic_warmup|warmup_brake_authority_probe|late|generous|moderate|low_mu|low,m2060_t3_036,,,,,osd_v0_0144_t3,smoke_proxy,t4_staged_warmup_capability,true,false,L0_current_masked,runs/m1674_controller_family_one_seed_public_pilot/configs/L0_current_masked_seed167400.json,runs/m1674_controller_family_one_seed_public_pilot/profile_runs/L0_current_masked/seed_167400/checkpoint.pt,210100,False,True,True,True,True,False,False,False,False,False,False,False,False,False,False,False,unavoidable
210101,checkpoint,41,True,False,0.6072360002204487,0.41857908108305625,1335.9773274742568,0.9213636741201771,1.2754443987464739,-0.03185534836129511,1.0368317110176133,1.290680410238692,0.9806776840806843,0.8112063390765504,0.8112063390765504,14,True,True,unavoidable,True,False,1.0913201930563825,1.2469699137743424,-0.1556497207179599,obstacle_collision,False,obstacle_collision,collision_failure,10.816973472441163,0.26382862127905277,0.20782276144011652,0.4885244349518274,0.12004394917484082,0.026771926954088136,0.0,9.655283582890062,0.0026224846951663494,1,nan,nan,0.02,7.0,nan,nan,nan,nan,False,nan,0.026771926954088136,0.27270628320839385,False,False,9.340089573965873,0.008126138007531534,0.07634124397032206,10.130035370956472,10.130035370956472,0.0,nan,0.0,41,0.20782276144011652,0.12004394917484082,9.655283582890062,0.26382862127905277,0,nan,nan,nan,nan,0,nan,nan,nan,nan,m2063-osd-osd_v0_0144_t3::L1_one_step,m2063-osd-osd_v0_0144_t3,osd_v0_0144_t3,T3_active_diagnostic_warmup,m2060_no_rollout_outcome_supported_decisive_generator,warmup_brake_authority_probe,T3_active_diagnostic_warmup|warmup_brake_authority_probe|late|generous|moderate|low_mu|low,m2060_t3_036,,,,,osd_v0_0144_t3,smoke_proxy,t4_staged_warmup_capability,true,false,L1_one_step,runs/m1674_controller_family_one_seed_public_pilot/configs/L1_one_step_seed167400.json,runs/m1674_controller_family_one_seed_public_pilot/profile_runs/L1_one_step/seed_167400/checkpoint.pt,210101,False,True,True,True,True,False,False,False,False,False,False,False,False,False,False,False,unavoidable
210102,checkpoint,35,True,False,0.4988569174579016,0.4988569174579016,1413.5884185616676,0.974888564525288,0.8858598093641309,0.09178358567540101,0.9802968368554875,0.7502067178200791,1.2972330226564786,1.1151874936385315,1.1151874936385315,36,False,True,drift_required,True,False,1.1887804069037466,1.230692750240585,-0.041912343336838465,obstacle_collision,False,obstacle_collision,collision_failure,7.811861998909894,0.22319605711171125,0.5823417339882794,1.2327585359054112,0.170401357901937,0.041056203634088594,0.0,7.920707606860991,0.004291393794119358,1,nan,nan,0.02,7.0,nan,nan,nan,nan,False,nan,0.041056203634088594,0.7052527676657924,False,False,8.566609781565722,0.020635228647443864,0.7052527676657924,8.857014389340215,8.857014389340215,0.0,nan,0.0,35,0.5823417339882794,0.170401357901937,7.920707606860991,0.22319605711171125,0,nan,nan,nan,nan,0,nan,nan,nan,nan,m2063-osd-osd_v0_0144_t3::L2_window_50,m2063-osd-osd_v0_0144_t3,osd_v0_0144_t3,T3_active_diagnostic_warmup,m2060_no_rollout_outcome_supported_decisive_generator,warmup_brake_authority_probe,T3_active_diagnostic_warmup|warmup_brake_authority_probe|late|generous|moderate|low_mu|low,m2060_t3_036,,,,,osd_v0_0144_t3,smoke_proxy,t4_staged_warmup_capability,true,false,L2_window_50,runs/m1674_controller_family_one_seed_public_pilot/configs/L2_window_50_seed167400.json,runs/m1674_controller_family_one_seed_public_pilot/profile_runs/L2_window_50/seed_167400/checkpoint.pt,210102,False,True,True,True,True,False,False,False,False,False,False,False,False,False,False,False,drift_required
210103,checkpoint,33,True,False,1.011158756572896,0.46535485910612845,1544.8518293263364,1.0654150547078183,0.9928765996768085,-0.08713141142373604,0.9308415281746631,0.7057009301024314,0.8589825933731036,1.2450572792148615,1.2450572792148615,23,True,True,unavoidable,True,False,1.39971560494506,1.5394659484506725,-0.13975034350561244,obstacle_collision,False,obstacle_collision,collision_failure,5.684786734434304,0.17226626467982742,0.43912962561718405,0.6209398753517164,0.1057191660892571,0.026628772407119836,0.0,8.587614601747385,0.0023122597485780716,1,nan,nan,0.02,7.0,nan,nan,nan,nan,False,nan,0.026628772407119836,0.2047955676115486,False,False,8.993168686162676,0.011670624043175997,0.10533879322841871,9.708289595035168,9.708289595035168,0.0,nan,0.0,33,0.43912962561718405,0.1057191660892571,8.587614601747385,0.17226626467982742,0,nan,nan,nan,nan,0,nan,nan,nan,nan,m2063-osd-osd_v0_0144_t3::L3_online_gru,m2063-osd-osd_v0_0144_t3,osd_v0_0144_t3,T3_active_diagnostic_warmup,m2060_no_rollout_outcome_supported_decisive_generator,warmup_brake_authority_probe,T3_active_diagnostic_warmup|warmup_brake_authority_probe|late|generous|moderate|low_mu|low,m2060_t3_036,,,,,osd_v0_0144_t3,smoke_proxy,t4_staged_warmup_capability,true,false,L3_online_gru,runs/m1674_controller_family_one_seed_public_pilot/configs/L3_online_gru_seed167400.json,runs/m1674_controller_family_one_seed_public_pilot/profile_runs/L3_online_gru/seed_167400/checkpoint.pt,210103,False,True,True,True,True,False,False,False,False,False,False,False,False,False,False,False,unavoidable
210104,checkpoint,41,True,False,0.5314096937639339,0.4236677891952801,1212.6535628529289,0.8363128019675371,1.000589471513636,-0.09782924417594341,0.6321622845649671,1.2043121910435046,1.1730740734717529,1.5364633059197095,1.5364633059197095,40,True,True,drift_required,True,False,1.0799450480052404,1.2102547401513088,-0.13030969214606847,obstacle_collision,False,obstacle_collision,collision_failure,15.961022310807948,0.3892932270928768,0.3286391311006644,0.6888902457646253,0.1340735461415626,0.017366936211291352,0.0,9.955121041216072,0.0010192005429416895,1,nan,nan,0.02,7.0,nan,nan,nan,nan,False,nan,0.017366936211291352,0.2529755288186582,False,False,10.524846901213909,0.007117733523898216,0.11542756685678522,11.191496985391879,11.191496985391879,0.0,nan,0.0,41,0.3286391311006644,0.1340735461415626,9.955121041216072,0.3892932270928768,0,nan,nan,nan,nan,0,nan,nan,nan,nan,m2063-osd-osd_v0_0144_t3::L3_reset_control_corrected,m2063-osd-osd_v0_0144_t3,osd_v0_0144_t3,T3_active_diagnostic_warmup,m2060_no_rollout_outcome_supported_decisive_generator,warmup_brake_authority_probe,T3_active_diagnostic_warmup|warmup_brake_authority_probe|late|generous|moderate|low_mu|low,m2060_t3_036,,,,,osd_v0_0144_t3,smoke_proxy,t4_staged_warmup_capability,true,false,L3_reset_control_corrected,runs/m1674_controller_family_one_seed_public_pilot/configs/L3_reset_control_corrected_seed167400.json,runs/m1674_controller_family_one_seed_public_pilot/profile_runs/L3_reset_control_corrected/seed_167400/checkpoint.pt,210104,False,True,True,True,True,False,False,False,False,False,False,False,False,False,False,False,drift_required
210105,checkpoint,33,True,False,0.5664209820077113,0.7460806217262904,1367.3500212632368,0.9430000146643013,1.1289708895734905,0.0414650821752196,1.366155977181387,1.267988572196649,0.7124573956798951,2.1177879409590417,2.1177879409590417,17,True,True,drift_required,True,False,1.1116750457471793,1.1515350708011518,-0.03986002505397246,obstacle_collision,False,obstacle_collision,collision_failure,4.742128161099089,0.14370085336663907,0.3368060092971463,0.6100984410552961,0.03938920444145416,0.08366672185234408,0.0,10.05769356721057,0.0027988003566861153,1,nan,nan,0.02,5.5,nan,nan,nan,nan,False,nan,0.08366672185234408,0.5373853450322519,False,False,9.636218303987913,0.0042047360935657686,0.037947760538788004,9.841415573358438,9.841415573358438,0.0,nan,0.0,33,0.3368060092971463,0.03938920444145416,10.05769356721057,0.14370085336663907,0,nan,nan,nan,nan,0,nan,nan,nan,nan,m2063-osd-osd_v0_0145_t3::L0_current_masked,m2063-osd-osd_v0_0145_t3,osd_v0_0145_t3,T3_active_diagnostic_warmup,m2060_no_rollout_outcome_supported_decisive_generator,warmup_yaw_authority_probe,T3_active_diagnostic_warmup|warmup_yaw_authority_probe|early|nominal|high|mixed_mu|nominal,m2060_t3_037,,,,,osd_v0_0145_t3,smoke_proxy,t4_staged_warmup_capability,true,false,L0_current_masked,runs/m1674_controller_family_one_seed_public_pilot/configs/L0_current_masked_seed167400.json,runs/m1674_controller_family_one_seed_public_pilot/profile_runs/L0_current_masked/seed_167400/checkpoint.pt,210105,False,True,True,True,True,False,False,False,False,False,False,False,False,False,False,False,drift_required
210106,checkpoint,31,True,False,0.8501736138733484,0.8747918905896682,1389.5354189216903,0.9583002889115105,1.298305834807419,0.12251527363680381,1.229968327265877,1.019804709704561,0.9568643671619772,1.0274715957410494,1.0274715957410494,19,True,True,drift_required,True,False,1.116933885428271,1.2640227829154695,-0.14708889748719844,obstacle_collision,False,obstacle_collision,collision_failure,-1.3029381438092003,-0.042030262703522586,0.7272495955832624,1.3540999388869324,0.04064692750251808,0.018052112293842217,0.0,10.763070682442512,0.0036411250475794077,1,nan,nan,0.02,5.5,nan,nan,nan,nan,False,nan,0.018052112293842217,0.5028033668253983,False,False,10.774879835923416,0.0018219166977795158,0.01788386554653332,11.513023668262951,11.513023668262951,0.0,nan,0.0,31,0.7272495955832624,0.04064692750251808,10.763070682442512,-0.042030262703522586,0,nan,nan,nan,nan,0,nan,nan,nan,nan,m2063-osd-osd_v0_0145_t3::L1_one_step,m2063-osd-osd_v0_0145_t3,osd_v0_0145_t3,T3_active_diagnostic_warmup,m2060_no_rollout_outcome_supported_decisive_generator,warmup_yaw_authority_probe,T3_active_diagnostic_warmup|warmup_yaw_authority_probe|early|nominal|high|mixed_mu|nominal,m2060_t3_037,,,,,osd_v0_0145_t3,smoke_proxy,t4_staged_warmup_capability,true,false,L1_one_step,runs/m1674_controller_family_one_seed_public_pilot/configs/L1_one_step_seed167400.json,runs/m1674_controller_family_one_seed_public_pilot/profile_runs/L1_one_step/seed_167400/checkpoint.pt,210106,False,True,True,True,True,False,False,False,False,False,False,False,False,False,False,False,drift_required
210107,checkpoint,28,True,False,0.9125139965301601,0.9395326659239254,1405.125063964001,0.9690517682510351,0.832940501058805,0.07946986479309537,0.7107011531513829,1.0941851624959291,0.9886384836780794,1.563436912231217,1.5634369122312168,26,True,True,drift_required,True,False,1.1127916715693231,1.2071038772268032,-0.09431220565748011,obstacle_collision,False,obstacle_collision,collision_failure,-5.744156669738974,-0.20514845249067765,0.4489410803958165,1.0549728730931314,0.24264542114767698,0.030879151216909,0.0,11.368705453426312,0.0043042744509875774,1,nan,nan,0.02,5.5,nan,nan,nan,nan,False,nan,0.030879151216909,0.5233350770668682,False,False,11.362126647691314,0.004998317099941168,0.5233350770668682,11.88852034223537,11.88852034223537,0.0,nan,0.0,28,0.4489410803958165,0.24264542114767698,11.368705453426312,-0.20514845249067765,0,nan,nan,nan,nan,0,nan,nan,nan,nan,m2063-osd-osd_v0_0145_t3::L2_window_50,m2063-osd-osd_v0_0145_t3,osd_v0_0145_t3,T3_active_diagnostic_warmup,m2060_no_rollout_outcome_supported_decisive_generator,warmup_yaw_authority_probe,T3_active_diagnostic_warmup|warmup_yaw_authority_probe|early|nominal|high|mixed_mu|nominal,m2060_t3_037,,,,,osd_v0_0145_t3,smoke_proxy,t4_staged_warmup_capability,true,false,L2_window_50,runs/m1674_controller_family_one_seed_public_pilot/configs/L2_window_50_seed167400.json,runs/m1674_controller_family_one_seed_public_pilot/profile_runs/L2_window_50/seed_167400/checkpoint.pt,210107,False,True,True,True,True,False,False,False,False,False,False,False,False,False,False,False,drift_required
210108,checkpoint,31,True,False,0.4467884588739095,0.8206906135481001,1736.4996717106142,1.1975859804900788,1.125698066912332,-0.06312312541933407,0.673948363381067,1.2232828967395906,0.987806097938559,1.2103710821340932,1.2103710821340932,18,True,True,drift_required,True,False,1.1567653636483364,1.3229565331123936,-0.1661911694640572,obstacle_collision,False,obstacle_collision,collision_failure,1.2533806159188785,0.04043163277157673,0.20726859966307198,0.40991525265206974,0.09710973910854667,0.019432447623008164,0.0,10.472878501366639,0.0029065802227705717,1,nan,nan,0.02,5.5,nan,nan,nan,nan,False,nan,0.019432447623008164,0.4889233126784247,False,False,10.656171396994186,0.0027252701658129373,0.1478695272653858,11.503276832123916,11.503276832123916,0.0,nan,0.0,31,0.20726859966307198,0.09710973910854667,10.472878501366639,0.04043163277157673,0,nan,nan,nan,nan,0,nan,nan,nan,nan,m2063-osd-osd_v0_0145_t3::L3_online_gru,m2063-osd-osd_v0_0145_t3,osd_v0_0145_t3,T3_active_diagnostic_warmup,m2060_no_rollout_outcome_supported_decisive_generator,warmup_yaw_authority_probe,T3_active_diagnostic_warmup|warmup_yaw_authority_probe|early|nominal|high|mixed_mu|nominal,m2060_t3_037,,,,,osd_v0_0145_t3,smoke_proxy,t4_staged_warmup_capability,true,false,L3_online_gru,runs/m1674_controller_family_one_seed_public_pilot/configs/L3_online_gru_seed167400.json,runs/m1674_controller_family_one_seed_public_pilot/profile_runs/L3_online_gru/seed_167400/checkpoint.pt,210108,False,True,True,True,True,False,False,False,False,False,False,False,False,False,False,False,drift_required
210109,checkpoint,42,True,False,0.6869989235977692,0.47911020193680853,1811.4692449118895,1.2492891344219927,0.892730776671059,-0.138626906905162,0.8051665782354253,0.8548336563875205,0.9194844425453186,1.4982647342164452,1.4982647342164452,24,True,True,drift_required,True,False,1.3191116748836633,1.4000712334564331,-0.08095955857276982,obstacle_collision,False,obstacle_collision,collision_failure,14.859075228305912,0.353787505435855,0.2987397005620431,0.598274981291528,0.09350357474357256,0.012900413657505681,0.0,8.766042107881967,0.001279968535527587,1,nan,nan,0.02,5.5,nan,nan,nan,nan,False,nan,0.012900413657505681,0.3771463283200778,False,False,9.126108770214307,0.011670664492055205,0.1244342139328212,9.549185316717466,9.549185316717466,0.0,nan,0.0,42,0.2987397005620431,0.09350357474357256,8.766042107881967,0.353787505435855,0,nan,nan,nan,nan,0,nan,nan,nan,nan,m2063-osd-osd_v0_0145_t3::L3_reset_control_corrected,m2063-osd-osd_v0_0145_t3,osd_v0_0145_t3,T3_active_diagnostic_warmup,m2060_no_rollout_outcome_supported_decisive_generator,warmup_yaw_authority_probe,T3_active_diagnostic_warmup|warmup_yaw_authority_probe|early|nominal|high|mixed_mu|nominal,m2060_t3_037,,,,,osd_v0_0145_t3,smoke_proxy,t4_staged_warmup_capability,true,false,L3_reset_control_corrected,runs/m1674_controller_family_one_seed_public_pilot/configs/L3_reset_control_corrected_seed167400.json,runs/m1674_controller_family_one_seed_public_pilot/profile_runs/L3_reset_control_corrected/seed_167400/checkpoint.pt,210109,False,True,True,True,True,False,False,False,False,False,False,False,False,False,False,False,drift_required
210110,checkpoint,40,True,False,0.4966527977614242,0.5975606992198959,1676.3771371950897,1.1561221635828205,1.1115524483548214,0.02010390042740262,0.9852994148506775,1.294689919918514,0.942388304350813,2.0396467125597924,2.0396467125597924,8,True,True,unavoidable,True,False,1.7694105995040352,1.88740464074167,-0.1179940412376348,obstacle_collision,False,obstacle_collision,collision_failure,4.416504284457609,0.11041260711144023,1.021438319317712,2.0714151087392025,0.1092812958699694,0.04653879416044355,0.0,16.997805806722155,0.0019494063453748822,1,nan,nan,0.02,4.4,nan,nan,nan,nan,False,nan,0.04653879416044355,0.2703256226196303,False,False,16.748951513596076,0.002266718631763967,0.06351053253361734,17.346406132353493,17.346406132353493,0.0,nan,0.0,40,1.021438319317712,0.1092812958699694,16.997805806722155,0.11041260711144023,0,nan,nan,nan,nan,0,nan,nan,nan,nan,m2063-osd-osd_v0_0146_t3::L0_current_masked,m2063-osd-osd_v0_0146_t3,osd_v0_0146_t3,T3_active_diagnostic_warmup,m2060_no_rollout_outcome_supported_decisive_generator,warmup_steering_lag_probe,T3_active_diagnostic_warmup|warmup_steering_lag_probe|medium|tight|straight_or_low|actuator_delay|high,m2060_t3_038,,,,,osd_v0_0146_t3,smoke_proxy,t4_staged_warmup_capability,true,false,L0_current_masked,runs/m1674_controller_family_one_seed_public_pilot/configs/L0_current_masked_seed167400.json,runs/m1674_controller_family_one_seed_public_pilot/profile_runs/L0_current_masked/seed_167400/checkpoint.pt,210110,False,True,True,True,True,False,False,False,False,False,False,False,False,False,False,False,unavoidable
210111,checkpoint,41,True,False,0.65430378892036,0.6654261607518275,1360.8554419529964,0.9385209944503424,0.8658158800196251,0.09786684270526003,1.0171420844627554,0.9574309766455116,0.607480693241437,2.3857027574419902,2.3857027574419902,22,True,True,drift_required,True,False,1.2770089500230029,1.600297911935552,-0.3232889619125492,obstacle_collision,False,obstacle_collision,collision_failure,7.131176483261235,0.17393113373807892,0.6088007931454372,1.3891587244659505,0.2662348724882012,0.008622708300963572,0.0,17.821502981366383,0.0019835280254483223,1,nan,nan,0.02,4.4,nan,nan,nan,nan,False,nan,0.008622708300963572,0.24507033152937185,False,False,17.479157280768113,0.0012706875423242868,0.0324516798706243,19.099482602089086,19.099482602089086,0.0,nan,0.0,41,0.6088007931454372,0.2662348724882012,17.821502981366383,0.17393113373807892,0,nan,nan,nan,nan,0,nan,nan,nan,nan,m2063-osd-osd_v0_0146_t3::L1_one_step,m2063-osd-osd_v0_0146_t3,osd_v0_0146_t3,T3_active_diagnostic_warmup,m2060_no_rollout_outcome_supported_decisive_generator,warmup_steering_lag_probe,T3_active_diagnostic_warmup|warmup_steering_lag_probe|medium|tight|straight_or_low|actuator_delay|high,m2060_t3_038,,,,,osd_v0_0146_t3,smoke_proxy,t4_staged_warmup_capability,true,false,L1_one_step,runs/m1674_controller_family_one_seed_public_pilot/configs/L1_one_step_seed167400.json,runs/m1674_controller_family_one_seed_public_pilot/profile_runs/L1_one_step/seed_167400/checkpoint.pt,210111,False,True,True,True,True,False,False,False,False,False,False,False,False,False,False,False,drift_required
210112,checkpoint,32,True,False,1.1208419663908509,0.8214015787013471,1824.4293592824017,1.258227144332691,1.1628751640993735,-0.04050520190245477,0.7458187576031572,1.0010872773539394,0.7983620568404088,2.1287822697291943,2.1287822697291943,16,True,True,unavoidable,True,False,1.574480723927449,1.6316193440078246,-0.057138620080375624,obstacle_collision,False,obstacle_collision,collision_failure,-4.111645341476603,-0.12848891692114384,1.03503472975131,1.9484757353110922,0.20707027955776008,0.051080976048993774,0.0,17.600613308328086,0.0031479080207645893,1,nan,nan,0.02,4.4,nan,nan,nan,nan,False,nan,0.051080976048993774,0.589040922581496,False,False,17.334259962801724,0.051080976048993774,0.589040922581496,17.70439764348625,17.70439764348625,0.0,nan,0.0,32,1.03503472975131,0.20707027955776008,17.600613308328086,-0.12848891692114384,0,nan,nan,nan,nan,0,nan,nan,nan,nan,m2063-osd-osd_v0_0146_t3::L2_window_50,m2063-osd-osd_v0_0146_t3,osd_v0_0146_t3,T3_active_diagnostic_warmup,m2060_no_rollout_outcome_supported_decisive_generator,warmup_steering_lag_probe,T3_active_diagnostic_warmup|warmup_steering_lag_probe|medium|tight|straight_or_low|actuator_delay|high,m2060_t3_038,,,,,osd_v0_0146_t3,smoke_proxy,t4_staged_warmup_capability,true,false,L2_window_50,runs/m1674_controller_family_one_seed_public_pilot/configs/L2_window_50_seed167400.json,runs/m1674_controller_family_one_seed_public_pilot/profile_runs/L2_window_50/seed_167400/checkpoint.pt,210112,False,True,True,True,True,False,False,False,False,False,False,False,False,False,False,False,unavoidable
210113,checkpoint,34,True,False,0.4921731070150755,0.7214080284035838,1311.98232114874,0.9048153938956828,0.8079944529742353,0.132167237603376,0.6672616195740257,0.5738930339470056,1.1270555352282627,2.5389712311943304,2.5389712311943304,10,True,True,unavoidable,True,False,1.6620502401859227,1.9460220345698103,-0.28397179438388753,obstacle_collision,False,obstacle_collision,collision_failure,7.327765001900914,0.21552250005590926,0.38836249505205195,0.6085495439789739,0.16540830940455906,0.12524515805372782,0.0,17.9958241057384,0.002615183824673295,1,nan,nan,0.02,4.4,nan,nan,nan,nan,False,nan,0.12524515805372782,0.695104948014048,False,False,18.67509407537053,0.12524515805372782,0.695104948014048,20.22708612111824,20.22708612111824,0.0,nan,0.0,34,0.38836249505205195,0.16540830940455906,17.9958241057384,0.21552250005590926,0,nan,nan,nan,nan,0,nan,nan,nan,nan,m2063-osd-osd_v0_0146_t3::L3_online_gru,m2063-osd-osd_v0_0146_t3,osd_v0_0146_t3,T3_active_diagnostic_warmup,m2060_no_rollout_outcome_supported_decisive_generator,warmup_steering_lag_probe,T3_active_diagnostic_warmup|warmup_steering_lag_probe|medium|tight|straight_or_low|actuator_delay|high,m2060_t3_038,,,,,osd_v0_0146_t3,smoke_proxy,t4_staged_warmup_capability,true,false,L3_online_gru,runs/m1674_controller_family_one_seed_public_pilot/configs/L3_online_gru_seed167400.json,runs/m1674_controller_family_one_seed_public_pilot/profile_runs/L3_online_gru/seed_167400/checkpoint.pt,210113,False,True,True,True,True,False,False,False,False,False,False,False,False,False,False,False,unavoidable
210114,checkpoint,35,True,False,0.9279005139102496,0.8101328376758647,1358.676403033714,0.9370182089887683,0.8922303155795563,-0.004532552314588045,0.6770301983119014,0.9911689892774335,1.1898765349208045,2.101172511349841,2.101172511349841,29,True,True,drift_required,True,False,1.5264118288388493,1.7326377760177865,-0.20622594717893716,obstacle_collision,False,obstacle_collision,collision_failure,6.047776308462602,0.1727936088132172,0.5521801817850405,0.8563396597458635,0.13950408182718052,0.03815864404560998,0.0,17.06754702360841,0.0008754801237955689,1,nan,nan,0.02,4.4,nan,nan,nan,nan,False,nan,0.03815864404560998,0.24419132867848542,False,False,17.60585449653587,0.011963512792066562,0.16815577870855833,18.659781566697443,18.659781566697443,0.0,nan,0.0,35,0.5521801817850405,0.13950408182718052,17.06754702360841,0.1727936088132172,0,nan,nan,nan,nan,0,nan,nan,nan,nan,m2063-osd-osd_v0_0146_t3::L3_reset_control_corrected,m2063-osd-osd_v0_0146_t3,osd_v0_0146_t3,T3_active_diagnostic_warmup,m2060_no_rollout_outcome_supported_decisive_generator,warmup_steering_lag_probe,T3_active_diagnostic_warmup|warmup_steering_lag_probe|medium|tight|straight_or_low|actuator_delay|high,m2060_t3_038,,,,,osd_v0_0146_t3,smoke_proxy,t4_staged_warmup_capability,true,false,L3_reset_control_corrected,runs/m1674_controller_family_one_seed_public_pilot/configs/L3_reset_control_corrected_seed167400.json,runs/m1674_controller_family_one_seed_public_pilot/profile_runs/L3_reset_control_corrected/seed_167400/checkpoint.pt,210114,False,True,True,True,True,False,False,False,False,False,False,False,False,False,False,False,drift_required
210115,checkpoint,19,True,False,0.5905927032256992,0.8719673074799075,1391.9792705451346,0.9599857038242308,1.2255379411057103,-0.126830544650125,1.133178248461879,0.988682353042948,0.9255661649157767,0.935854596731311,0.9358545967313111,8,True,True,unavoidable,True,False,1.4268366655700015,1.6148407883524438,-0.18800412278244227,obstacle_collision,False,obstacle_collision,collision_failure,-12.427952182624512,-0.6541027464539217,0.5018732989575689,0.5485358451068834,0.09541248707835812,0.045146781341044585,0.0,9.749852921807365,0.004335322882980108,1,nan,nan,0.02,7.0,nan,nan,nan,nan,False,nan,0.045146781341044585,0.25822432321253325,False,False,9.734886598678889,0.0047702698781785235,0.038115858153463085,10.681103933345538,10.681103933345538,0.0,nan,0.0,19,0.5018732989575689,0.09541248707835812,9.749852921807365,-0.6541027464539217,0,nan,nan,nan,nan,0,nan,nan,nan,nan,m2063-osd-osd_v0_0147_t3::L0_current_masked,m2063-osd-osd_v0_0147_t3,osd_v0_0147_t3,T3_active_diagnostic_warmup,m2060_no_rollout_outcome_supported_decisive_generator,warmup_throttle_release_response,T3_active_diagnostic_warmup|warmup_throttle_release_response|late|generous|moderate|nominal_mu|low,m2060_t3_039,,,,,osd_v0_0147_t3,smoke_proxy,t4_staged_warmup_capability,true,false,L0_current_masked,runs/m1674_controller_family_one_seed_public_pilot/configs/L0_current_masked_seed167400.json,runs/m1674_controller_family_one_seed_public_pilot/profile_runs/L0_current_masked/seed_167400/checkpoint.pt,210115,False,True,True,True,True,False,False,False,False,False,False,False,False,False,False,False,unavoidable
210116,checkpoint,20,True,False,1.0640014360522567,0.9802922251774474,1712.339961686093,1.1809241115076503,0.9771291407830636,0.02247211834257201,0.6144186614396653,1.008160135667099,0.695026154378935,0.6792668304646858,0.6792668304646858,10,True,True,unavoidable,True,False,1.0709835701589772,1.2257444550727608,-0.1547608849137836,obstacle_collision,False,obstacle_collision,collision_failure,-11.624989763316385,-0.5812494881658192,0.06392431263949788,0.14636534453421035,0.12818103600281902,0.016868733682426102,0.0,9.962986748983644,0.0047525702975690365,1,nan,nan,0.02,7.0,nan,nan,nan,nan,False,nan,0.016868733682426102,0.2595272532745308,False,False,9.840096734026515,0.0013812285857420373,0.07421438706124583,10.622013211594428,10.622013211594428,0.0,nan,0.0,20,0.06392431263949788,0.12818103600281902,9.962986748983644,-0.5812494881658192,0,nan,nan,nan,nan,0,nan,nan,nan,nan,m2063-osd-osd_v0_0147_t3::L1_one_step,m2063-osd-osd_v0_0147_t3,osd_v0_0147_t3,T3_active_diagnostic_warmup,m2060_no_rollout_outcome_supported_decisive_generator,warmup_throttle_release_response,T3_active_diagnostic_warmup|warmup_throttle_release_response|late|generous|moderate|nominal_mu|low,m2060_t3_039,,,,,osd_v0_0147_t3,smoke_proxy,t4_staged_warmup_capability,true,false,L1_one_step,runs/m1674_controller_family_one_seed_public_pilot/configs/L1_one_step_seed167400.json,runs/m1674_controller_family_one_seed_public_pilot/profile_runs/L1_one_step/seed_167400/checkpoint.pt,210116,False,True,True,True,True,False,False,False,False,False,False,False,False,False,False,False,unavoidable
210117,checkpoint,17,True,False,0.6168284590630142,0.7581034236037255,1203.0598323343786,0.8296964360926748,0.8640525767705838,0.05787072268568516,1.4194359040476203,1.1513484567786991,1.1234316395937918,1.2726873006797135,1.2726873006797135,13,True,True,unavoidable,True,False,1.4704272056863736,1.486772772310343,-0.016345566623969354,obstacle_collision,False,obstacle_collision,collision_failure,-14.612172335473772,-0.859539549145516,0.2175513090237433,0.28524088946843307,0.18746396775762098,0.05735868139057701,0.0,8.091430508967711,0.005430991295725107,1,nan,nan,0.02,7.0,nan,nan,nan,nan,False,nan,0.05735868139057701,0.4194451686756616,False,False,8.125942722431281,0.05735868139057701,0.4194451686756616,8.278294413113985,8.278294413113985,0.0,nan,0.0,17,0.2175513090237433,0.18746396775762098,8.091430508967711,-0.859539549145516,0,nan,nan,nan,nan,0,nan,nan,nan,nan,m2063-osd-osd_v0_0147_t3::L2_window_50,m2063-osd-osd_v0_0147_t3,osd_v0_0147_t3,T3_active_diagnostic_warmup,m2060_no_rollout_outcome_supported_decisive_generator,warmup_throttle_release_response,T3_active_diagnostic_warmup|warmup_throttle_release_response|late|generous|moderate|nominal_mu|low,m2060_t3_039,,,,,osd_v0_0147_t3,smoke_proxy,t4_staged_warmup_capability,true,false,L2_window_50,runs/m1674_controller_family_one_seed_public_pilot/configs/L2_window_50_seed167400.json,runs/m1674_controller_family_one_seed_public_pilot/profile_runs/L2_window_50/seed_167400/checkpoint.pt,210117,False,True,True,True,True,False,False,False,False,False,False,False,False,False,False,False,unavoidable
210118,checkpoint,20,True,False,1.0996539614303071,0.7517959787374957,1774.5482390869865,1.2238263717841287,0.8392040572284849,0.040887213046972626,1.1284663406511957,0.8499556497980744,1.2312314321715634,0.7389259350192282,0.7389259350192282,11,True,True,unavoidable,True,False,1.6173640151906725,1.7880472294988987,-0.1706832143082262,obstacle_collision,False,obstacle_collision,collision_failure,-11.28883440047061,-0.5644417200235304,0.5934235005100009,0.7135393653000577,0.27809683761905635,0.01855355277511418,0.0,10.303321694566119,0.0035778875462710857,1,nan,nan,0.02,7.0,nan,nan,nan,nan,False,nan,0.01855355277511418,0.2340166280109365,False,False,10.658341143907267,0.006362645992314478,0.11451602706943995,11.526390141151499,11.526390141151499,0.0,nan,0.0,20,0.5934235005100009,0.27809683761905635,10.303321694566119,-0.5644417200235304,0,nan,nan,nan,nan,0,nan,nan,nan,nan,m2063-osd-osd_v0_0147_t3::L3_online_gru,m2063-osd-osd_v0_0147_t3,osd_v0_0147_t3,T3_active_diagnostic_warmup,m2060_no_rollout_outcome_supported_decisive_generator,warmup_throttle_release_response,T3_active_diagnostic_warmup|warmup_throttle_release_response|late|generous|moderate|nominal_mu|low,m2060_t3_039,,,,,osd_v0_0147_t3,smoke_proxy,t4_staged_warmup_capability,true,false,L3_online_gru,runs/m1674_controller_family_one_seed_public_pilot/configs/L3_online_gru_seed167400.json,runs/m1674_controller_family_one_seed_public_pilot/profile_runs/L3_online_gru/seed_167400/checkpoint.pt,210118,False,True,True,True,True,False,False,False,False,False,False,False,False,False,False,False,unavoidable
210119,checkpoint,12,True,False,0.9051997120885362,0.9051997120885362,1757.952733159439,1.2123811952823718,0.9093028240027939,0.04548743156583135,0.8699567400045646,0.9278298836635717,1.0416041105023384,1.0708669202021373,1.0708669202021373,13,False,True,unavoidable,True,False,1.135349066272742,1.1768658150897338,-0.041516748816991855,obstacle_collision,False,obstacle_collision,collision_failure,-19.659154375992316,-1.6382628646660262,0.16455947363956,0.221523388552896,0.11713724285306581,0.02765455391385802,0.0,9.625260249345386,0.0034810667857527733,1,nan,nan,0.02,7.0,nan,nan,nan,nan,False,nan,0.02765455391385802,0.22829873486493002,False,False,9.72959279768615,0.0020937840005926327,0.11666304268442257,9.949889738039847,9.949889738039847,0.0,nan,0.0,12,0.16455947363956,0.11713724285306581,9.625260249345386,-1.6382628646660262,0,nan,nan,nan,nan,0,nan,nan,nan,nan,m2063-osd-osd_v0_0147_t3::L3_reset_control_corrected,m2063-osd-osd_v0_0147_t3,osd_v0_0147_t3,T3_active_diagnostic_warmup,m2060_no_rollout_outcome_supported_decisive_generator,warmup_throttle_release_response,T3_active_diagnostic_warmup|warmup_throttle_release_response|late|generous|moderate|nominal_mu|low,m2060_t3_039,,,,,osd_v0_0147_t3,smoke_proxy,t4_staged_warmup_capability,true,false,L3_reset_control_corrected,runs/m1674_controller_family_one_seed_public_pilot/configs/L3_reset_control_corrected_seed167400.json,runs/m1674_controller_family_one_seed_public_pilot/profile_runs/L3_reset_control_corrected/seed_167400/checkpoint.pt,210119,False,True,True,True,True,False,False,False,False,False,False,False,False,False,False,False,unavoidable
210120,checkpoint,43,True,False,0.4176122773930372,0.444510181406151,1437.1780096085793,0.9911572480059168,1.2270945517681318,0.06414517907765172,0.7337114376199987,1.1566466542420037,0.8040985147616704,1.4597238678836773,1.4597238678836773,30,True,True,drift_required,True,False,1.1559301277289515,1.1730152098065074,-0.01708508207755588,obstacle_collision,False,obstacle_collision,collision_failure,10.369258673873809,0.24114555055520484,0.5199870947460002,1.1612017286372591,0.08785327973233388,0.022448363736929284,0.0,7.880872079098237,0.0020276166032999754,1,nan,nan,0.02,5.5,nan,nan,nan,nan,False,nan,0.022448363736929284,0.39702846519784796,False,False,7.566746971827124,0.004619431643921586,0.038922872933447275,7.65837438533021,7.65837438533021,0.0,nan,0.0,43,0.5199870947460002,0.08785327973233388,7.880872079098237,0.24114555055520484,0,nan,nan,nan,nan,0,nan,nan,nan,nan,m2063-osd-osd_v0_0148_t3::L0_current_masked,m2063-osd-osd_v0_0148_t3,osd_v0_0148_t3,T3_active_diagnostic_warmup,m2060_no_rollout_outcome_supported_decisive_generator,warmup_combined_brake_steer_probe,T3_active_diagnostic_warmup|warmup_combined_brake_steer_probe|early|nominal|high|low_mu|nominal,m2060_t3_040,,,,,osd_v0_0148_t3,smoke_proxy,t4_staged_warmup_capability,true,false,L0_current_masked,runs/m1674_controller_family_one_seed_public_pilot/configs/L0_current_masked_seed167400.json,runs/m1674_controller_family_one_seed_public_pilot/profile_runs/L0_current_masked/seed_167400/checkpoint.pt,210120,False,True,True,True,True,False,False,False,False,False,False,False,False,False,False,False,drift_required
210121,checkpoint,42,True,False,0.3412381019599869,0.5085603219279569,1180.7007056125697,0.8142763486983239,1.2665949926769486,0.04984447329604169,0.837021759295871,1.0661943164577472,0.635034311925018,1.4398677478852573,1.4398677478852573,28,True,True,drift_required,True,False,1.4112106029124036,1.434564739476301,-0.0233541365638974,obstacle_collision,False,obstacle_collision,collision_failure,6.603884047137065,0.1572353344556444,0.8046785191204927,1.5674037646926315,0.23493163253801796,0.05371024785198036,0.0,8.286499991278271,0.002496695378795266,1,nan,nan,0.02,5.5,nan,nan,nan,nan,False,nan,0.05371024785198036,0.4438321276517891,False,False,7.790160865395504,0.007013408252230336,0.05343426838297235,7.915781679179403,7.915781679179403,0.0,nan,0.0,42,0.8046785191204927,0.23493163253801796,8.286499991278271,0.1572353344556444,0,nan,nan,nan,nan,0,nan,nan,nan,nan,m2063-osd-osd_v0_0148_t3::L1_one_step,m2063-osd-osd_v0_0148_t3,osd_v0_0148_t3,T3_active_diagnostic_warmup,m2060_no_rollout_outcome_supported_decisive_generator,warmup_combined_brake_steer_probe,T3_active_diagnostic_warmup|warmup_combined_brake_steer_probe|early|nominal|high|low_mu|nominal,m2060_t3_040,,,,,osd_v0_0148_t3,smoke_proxy,t4_staged_warmup_capability,true,false,L1_one_step,runs/m1674_controller_family_one_seed_public_pilot/configs/L1_one_step_seed167400.json,runs/m1674_controller_family_one_seed_public_pilot/profile_runs/L1_one_step/seed_167400/checkpoint.pt,210121,False,True,True,True,True,False,False,False,False,False,False,False,False,False,False,False,drift_required
210122,checkpoint,45,True,False,0.7183859456532297,0.4318999684060203,1316.2137423391448,0.9077336154063067,0.9311179441830716,0.11014748799397789,0.6480376719889367,1.1883665562064925,0.8028326881565271,0.9156518302409542,0.9156518302409542,13,True,True,unavoidable,True,False,1.6275090225884081,1.7110819699941477,-0.08357294740573962,obstacle_collision,False,obstacle_collision,collision_failure,8.853672038667092,0.19674826752593538,0.7229455643172669,1.6811488332443965,0.19371800733302041,0.04702206552202026,0.0,7.699558610850598,0.003018204355612397,1,nan,nan,0.02,5.5,nan,nan,nan,nan,False,nan,0.04702206552202026,0.3946437849650285,False,False,7.419698901706921,0.03983857000175904,0.38569539829366184,7.896052463565865,7.896052463565865,0.0,nan,0.0,45,0.7229455643172669,0.19371800733302041,7.699558610850598,0.19674826752593538,0,nan,nan,nan,nan,0,nan,nan,nan,nan,m2063-osd-osd_v0_0148_t3::L2_window_50,m2063-osd-osd_v0_0148_t3,osd_v0_0148_t3,T3_active_diagnostic_warmup,m2060_no_rollout_outcome_supported_decisive_generator,warmup_combined_brake_steer_probe,T3_active_diagnostic_warmup|warmup_combined_brake_steer_probe|early|nominal|high|low_mu|nominal,m2060_t3_040,,,,,osd_v0_0148_t3,smoke_proxy,t4_staged_warmup_capability,true,false,L2_window_50,runs/m1674_controller_family_one_seed_public_pilot/configs/L2_window_50_seed167400.json,runs/m1674_controller_family_one_seed_public_pilot/profile_runs/L2_window_50/seed_167400/checkpoint.pt,210122,False,True,True,True,True,False,False,False,False,False,False,False,False,False,False,False,unavoidable
210123,checkpoint,40,True,False,0.6160138858457751,0.456195992399791,1208.4453867709913,0.8334106115662009,0.979232481555247,-0.005519388105198031,0.9059190044323495,1.1458387073887804,0.8852996948552757,1.4613995714236123,1.4613995714236123,9,True,True,unavoidable,True,False,1.6315154675663053,1.705220482137562,-0.07370501457125678,obstacle_collision,False,obstacle_collision,collision_failure,10.117687713684436,0.2529421928421109,0.1483235627818885,0.38348831871147837,0.28222192261588913,0.016519464960352823,0.0,8.483841956047588,0.0023609513882547617,1,nan,nan,0.02,5.5,nan,nan,nan,nan,False,nan,0.016519464960352823,0.39313561746209286,False,False,8.75693225544429,0.014819378719031854,0.12878435681693032,9.145745453341783,9.145745453341783,0.0,nan,0.0,40,0.1483235627818885,0.28222192261588913,8.483841956047588,0.2529421928421109,0,nan,nan,nan,nan,0,nan,nan,nan,nan,m2063-osd-osd_v0_0148_t3::L3_online_gru,m2063-osd-osd_v0_0148_t3,osd_v0_0148_t3,T3_active_diagnostic_warmup,m2060_no_rollout_outcome_supported_decisive_generator,warmup_combined_brake_steer_probe,T3_active_diagnostic_warmup|warmup_combined_brake_steer_probe|early|nominal|high|low_mu|nominal,m2060_t3_040,,,,,osd_v0_0148_t3,smoke_proxy,t4_staged_warmup_capability,true,false,L3_online_gru,runs/m1674_controller_family_one_seed_public_pilot/configs/L3_online_gru_seed167400.json,runs/m1674_controller_family_one_seed_public_pilot/profile_runs/L3_online_gru/seed_167400/checkpoint.pt,210123,False,True,True,True,True,False,False,False,False,False,False,False,False,False,False,False,unavoidable
210124,checkpoint,44,True,False,0.4369634344468156,0.463221355983798,1544.6432373225105,1.0652711981534555,1.1584634050316773,0.13773269219121453,0.5923980589776037,1.0320110522128718,0.7530230813571211,0.8051374767675225,0.8051374767675226,26,True,True,drift_required,True,False,1.4312129208493756,1.4942966821505086,-0.06308376130113302,obstacle_collision,False,obstacle_collision,collision_failure,14.616647877358414,0.3321965426672367,0.40284806791762323,0.8265221399493754,0.12157067590050241,0.026930691306154535,0.0,8.394432064121863,0.0011505648726597428,1,nan,nan,0.02,5.5,nan,nan,nan,nan,False,nan,0.026930691306154535,0.4058673844269312,False,False,8.485126899257269,0.0056076751414496084,0.12693009161220317,8.816042552494878,8.816042552494878,0.0,nan,0.0,44,0.40284806791762323,0.12157067590050241,8.394432064121863,0.3321965426672367,0,nan,nan,nan,nan,0,nan,nan,nan,nan,m2063-osd-osd_v0_0148_t3::L3_reset_control_corrected,m2063-osd-osd_v0_0148_t3,osd_v0_0148_t3,T3_active_diagnostic_warmup,m2060_no_rollout_outcome_supported_decisive_generator,warmup_combined_brake_steer_probe,T3_active_diagnostic_warmup|warmup_combined_brake_steer_probe|early|nominal|high|low_mu|nominal,m2060_t3_040,,,,,osd_v0_0148_t3,smoke_proxy,t4_staged_warmup_capability,true,false,L3_reset_control_corrected,runs/m1674_controller_family_one_seed_public_pilot/configs/L3_reset_control_corrected_seed167400.json,runs/m1674_controller_family_one_seed_public_pilot/profile_runs/L3_reset_control_corrected/seed_167400/checkpoint.pt,210124,False,True,True,True,True,False,False,False,False,False,False,False,False,False,False,False,drift_required
210125,checkpoint,50,True,False,0.6564768297872602,0.664945665603479,1375.5588475568388,0.9486612741771302,0.9099210649813025,-0.13300734127400093,0.6385818495138414,1.118846263665234,0.9069567328221066,1.5473730852162209,1.5473730852162206,14,True,True,drift_required,True,False,1.3040937846378269,1.485145861836704,-0.18105207719887706,obstacle_collision,False,obstacle_collision,collision_failure,12.647875699806384,0.2529575139961277,0.9567739293174163,2.0862136910153097,0.23975843428216023,0.044345987566788474,0.0,15.760220898118606,0.0015736987115815282,1,nan,nan,0.02,4.4,nan,nan,nan,nan,False,nan,0.044345987566788474,0.23169384060295262,False,False,15.542681672426498,0.0019182494601376829,0.04933473007497167,16.453834656158453,16.453834656158453,0.0,nan,0.0,50,0.9567739293174163,0.23975843428216023,15.760220898118606,0.2529575139961277,0,nan,nan,nan,nan,0,nan,nan,nan,nan,m2063-osd-osd_v0_0149_t3::L0_current_masked,m2063-osd-osd_v0_0149_t3,osd_v0_0149_t3,T3_active_diagnostic_warmup,m2060_no_rollout_outcome_supported_decisive_generator,warmup_terminal_recovery_probe,T3_active_diagnostic_warmup|warmup_terminal_recovery_probe|medium|tight|straight_or_low|mixed_mu|high,m2060_t3_041,,,,,osd_v0_0149_t3,smoke_proxy,t4_staged_warmup_capability,true,false,L0_current_masked,runs/m1674_controller_family_one_seed_public_pilot/configs/L0_current_masked_seed167400.json,runs/m1674_controller_family_one_seed_public_pilot/profile_runs/L0_current_masked/seed_167400/checkpoint.pt,210125,False,True,True,True,True,False,False,False,False,False,False,False,False,False,False,False,drift_required
210126,checkpoint,46,True,False,0.488281465856793,0.8207338615888806,1797.942787445488,1.2399605430658538,1.0568965341052603,0.07356451222752836,0.5815152047075277,1.0990809164244277,0.9638521610489035,1.2318653909279629,1.2318653909279629,37,True,True,drift_required,True,False,1.2060031900559216,1.2737378611361576,-0.06773467108023601,obstacle_collision,False,obstacle_collision,collision_failure,13.955468819080188,0.30337975693652586,0.6770175530212994,1.486972204595439,0.16082777708896223,0.06418892449012639,0.0,18.721439924495517,0.00195855600759387,1,nan,nan,0.02,4.4,nan,nan,nan,nan,False,nan,0.06418892449012639,0.2845346588533335,False,False,18.614246037186085,0.007784395916424538,0.06918141132607716,18.963729731678086,18.963729731678086,0.0,nan,0.0,46,0.6770175530212994,0.16082777708896223,18.721439924495517,0.30337975693652586,0,nan,nan,nan,nan,0,nan,nan,nan,nan,m2063-osd-osd_v0_0149_t3::L1_one_step,m2063-osd-osd_v0_0149_t3,osd_v0_0149_t3,T3_active_diagnostic_warmup,m2060_no_rollout_outcome_supported_decisive_generator,warmup_terminal_recovery_probe,T3_active_diagnostic_warmup|warmup_terminal_recovery_probe|medium|tight|straight_or_low|mixed_mu|high,m2060_t3_041,,,,,osd_v0_0149_t3,smoke_proxy,t4_staged_warmup_capability,true,false,L1_one_step,runs/m1674_controller_family_one_seed_public_pilot/configs/L1_one_step_seed167400.json,runs/m1674_controller_family_one_seed_public_pilot/profile_runs/L1_one_step/seed_167400/checkpoint.pt,210126,False,True,True,True,True,False,False,False,False,False,False,False,False,False,False,False,drift_required
210127,checkpoint,51,True,False,0.6464004595061236,0.9420261731293301,1408.9501971117727,0.9716897911115674,1.088289350898087,-0.020355823683670726,1.0815433148927363,0.5903759530762765,0.6423748486271805,2.069943420708715,2.069943420708715,8,True,True,drift_required,False,False,2.034549525032828,1.7685484202364699,0.2660011047963582,off_track,False,off_track,off_track_noncollision_noncompletion,13.162576281230365,0.25808973100451693,2.0819450691297225,4.510253770864438,0.2409012037489311,0.051394764439641645,0.0,15.209277309125786,0.003202670719474554,1,nan,nan,0.02,4.4,nan,nan,nan,nan,False,nan,0.051394764439641645,0.5025355126142178,False,False,nan,nan,nan,nan,0.0,0.11025377086443733,1.02,0.11025377086443733,51,2.0819450691297225,0.2409012037489311,15.209277309125786,0.25808973100451693,0,nan,nan,nan,nan,0,nan,nan,nan,nan,m2063-osd-osd_v0_0149_t3::L2_window_50,m2063-osd-osd_v0_0149_t3,osd_v0_0149_t3,T3_active_diagnostic_warmup,m2060_no_rollout_outcome_supported_decisive_generator,warmup_terminal_recovery_probe,T3_active_diagnostic_warmup|warmup_terminal_recovery_probe|medium|tight|straight_or_low|mixed_mu|high,m2060_t3_041,,,,,osd_v0_0149_t3,smoke_proxy,t4_staged_warmup_capability,true,false,L2_window_50,runs/m1674_controller_family_one_seed_public_pilot/configs/L2_window_50_seed167400.json,runs/m1674_controller_family_one_seed_public_pilot/profile_runs/L2_window_50/seed_167400/checkpoint.pt,210127,False,True,True,True,True,False,False,False,False,False,False,False,False,False,False,False,drift_required
210128,checkpoint,41,True,False,1.064124523499658,0.930322425960215,1625.0074148696424,1.1206947688756155,1.0825173806339445,0.12457795662012794,0.9680388582083022,1.0080571706657424,0.7188974389789827,0.6797144569899356,0.6797144569899356,33,True,True,drift_required,True,False,1.3113729310259639,1.420956863316205,-0.10958393229024121,obstacle_collision,False,obstacle_collision,collision_failure,9.774706876036959,0.23840748478138923,0.54798363423056,1.1016180415855104,0.15635995726328938,0.012103226691140206,0.0,17.37348111211537,0.0019658817909657955,1,nan,nan,0.02,4.4,nan,nan,nan,nan,False,nan,0.012103226691140206,0.2585009697266412,False,False,17.446281490522743,0.011940215390248376,0.1756657599128548,18.01773783566036,18.01773783566036,0.0,nan,0.0,41,0.54798363423056,0.15635995726328938,17.37348111211537,0.23840748478138923,0,nan,nan,nan,nan,0,nan,nan,nan,nan,m2063-osd-osd_v0_0149_t3::L3_online_gru,m2063-osd-osd_v0_0149_t3,osd_v0_0149_t3,T3_active_diagnostic_warmup,m2060_no_rollout_outcome_supported_decisive_generator,warmup_terminal_recovery_probe,T3_active_diagnostic_warmup|warmup_terminal_recovery_probe|medium|tight|straight_or_low|mixed_mu|high,m2060_t3_041,,,,,osd_v0_0149_t3,smoke_proxy,t4_staged_warmup_capability,true,false,L3_online_gru,runs/m1674_controller_family_one_seed_public_pilot/configs/L3_online_gru_seed167400.json,runs/m1674_controller_family_one_seed_public_pilot/profile_runs/L3_online_gru/seed_167400/checkpoint.pt,210128,False,True,True,True,True,False,False,False,False,False,False,False,False,False,False,False,drift_required
210129,checkpoint,66,False,True,0.4192858417246799,0.35462890141921893,1324.6054567145707,0.9135210046307384,0.9861454310666246,-0.013954780323322424,1.3127276000773977,1.0013336999986209,0.9965777462194659,1.972105731732265,1.972105731732265,36,True,True,drift_required,False,True,2.612527545519878,1.583960149811567,1.0285673957083112,,True,obstacle_pass,success_obstacle_pass,92.2862334180309,1.3982762639095592,0.15304820641487016,0.33872792819031616,0.18362352708131385,0.3174738583307832,0.0,13.719652178855183,0.0006989185349084437,1,nan,nan,0.02,4.4,66.0,1.32,nan,nan,False,nan,0.3174738583307832,0.7365645407002829,False,False,nan,nan,nan,nan,0.0,0.0,nan,0.0,66,0.15304820641487016,0.18362352708131385,13.719652178855183,1.3982762639095592,0,nan,nan,nan,nan,0,nan,nan,nan,nan,m2063-osd-osd_v0_0149_t3::L3_reset_control_corrected,m2063-osd-osd_v0_0149_t3,osd_v0_0149_t3,T3_active_diagnostic_warmup,m2060_no_rollout_outcome_supported_decisive_generator,warmup_terminal_recovery_probe,T3_active_diagnostic_warmup|warmup_terminal_recovery_probe|medium|tight|straight_or_low|mixed_mu|high,m2060_t3_041,,,,,osd_v0_0149_t3,smoke_proxy,t4_staged_warmup_capability,true,false,L3_reset_control_corrected,runs/m1674_controller_family_one_seed_public_pilot/configs/L3_reset_control_corrected_seed167400.json,runs/m1674_controller_family_one_seed_public_pilot/profile_runs/L3_reset_control_corrected/seed_167400/checkpoint.pt,210129,True,True,True,True,True,False,False,False,False,False,False,False,False,False,False,False,drift_required
210130,checkpoint,34,True,False,0.5653520064900591,0.511020274770322,1831.434842515786,1.2630585120798523,0.9544505821881222,-0.021463395368472415,0.6354417992967865,1.2857095325937857,0.6516902057429893,2.132650224665519,2.132650224665519,13,True,True,unavoidable,True,False,1.1550714223636005,1.2346324001907516,-0.0795609778271511,obstacle_collision,False,obstacle_collision,collision_failure,1.6785406429055527,0.04936884243839861,0.14274493750577386,0.23768249573183908,0.26030081700209584,0.026028356520582083,0.0,7.07695944498364,0.002357176272198558,1,nan,nan,0.02,7.0,nan,nan,nan,nan,False,nan,0.026028356520582083,0.17703224585185925,False,False,6.6976860958858255,0.006129066317937214,0.04600113296974359,7.103155631477524,7.103155631477524,0.0,nan,0.0,34,0.14274493750577386,0.26030081700209584,7.07695944498364,0.04936884243839861,0,nan,nan,nan,nan,0,nan,nan,nan,nan,m2063-osd-osd_v0_0150_t3::L0_current_masked,m2063-osd-osd_v0_0150_t3,osd_v0_0150_t3,T3_active_diagnostic_warmup,m2060_no_rollout_outcome_supported_decisive_generator,warmup_brake_authority_probe,T3_active_diagnostic_warmup|warmup_brake_authority_probe|late|generous|moderate|actuator_delay|low,m2060_t3_042,,,,,osd_v0_0150_t3,smoke_proxy,t4_staged_warmup_capability,true,false,L0_current_masked,runs/m1674_controller_family_one_seed_public_pilot/configs/L0_current_masked_seed167400.json,runs/m1674_controller_family_one_seed_public_pilot/profile_runs/L0_current_masked/seed_167400/checkpoint.pt,210130,False,True,True,True,True,False,False,False,False,False,False,False,False,False,False,False,unavoidable
210131,checkpoint,29,True,False,0.7571297026747928,0.7571297026747928,1659.333389400798,1.1443678547591711,0.8670145717182303,-0.0782321481555106,0.6915603653332257,0.5501372780887296,0.8537487796084894,2.771655029516265,2.771655029516265,32,False,True,unavoidable,True,False,1.57324875407083,1.638056118042806,-0.06480736397197595,obstacle_collision,False,obstacle_collision,collision_failure,-2.3916972421983296,-0.08247231869649413,0.17365682332573612,0.2718780857283214,0.27098877522419845,0.029375483575092894,0.0,10.154764715427257,0.0033999155275523663,1,nan,nan,0.02,7.0,nan,nan,nan,nan,False,nan,0.029375483575092894,0.24474887983376054,False,False,10.314557032172255,0.0027565498706249953,0.0540988550111457,10.645382012468561,10.645382012468561,0.0,nan,0.0,29,0.17365682332573612,0.27098877522419845,10.154764715427257,-0.08247231869649413,0,nan,nan,nan,nan,0,nan,nan,nan,nan,m2063-osd-osd_v0_0150_t3::L1_one_step,m2063-osd-osd_v0_0150_t3,osd_v0_0150_t3,T3_active_diagnostic_warmup,m2060_no_rollout_outcome_supported_decisive_generator,warmup_brake_authority_probe,T3_active_diagnostic_warmup|warmup_brake_authority_probe|late|generous|moderate|actuator_delay|low,m2060_t3_042,,,,,osd_v0_0150_t3,smoke_proxy,t4_staged_warmup_capability,true,false,L1_one_step,runs/m1674_controller_family_one_seed_public_pilot/configs/L1_one_step_seed167400.json,runs/m1674_controller_family_one_seed_public_pilot/profile_runs/L1_one_step/seed_167400/checkpoint.pt,210131,False,True,True,True,True,False,False,False,False,False,False,False,False,False,False,False,unavoidable
210132,checkpoint,30,True,False,0.5190266972321375,0.6043832564750222,1407.9495841514656,0.9709997132079073,0.9039481348755262,-0.037410311636398186,1.082585156882655,1.2523435795755065,1.0687198127684654,2.0407056320441646,2.0407056320441646,28,True,True,unavoidable,True,False,1.027084376884855,1.2056707976801158,-0.17858642079526077,obstacle_collision,False,obstacle_collision,collision_failure,-2.7532918039294962,-0.09177639346431654,0.7308833356177334,1.354716383477502,0.21266153186425366,0.04737923457980394,0.0,10.808426266722488,0.004530754406005144,1,nan,nan,0.02,7.0,nan,nan,nan,nan,False,nan,0.04737923457980394,0.5096179451249092,False,False,10.727125568088312,0.025723479195257436,0.5096179451249092,11.683881206174734,11.683881206174734,0.0,nan,0.0,30,0.7308833356177334,0.21266153186425366,10.808426266722488,-0.09177639346431654,0,nan,nan,nan,nan,0,nan,nan,nan,nan,m2063-osd-osd_v0_0150_t3::L2_window_50,m2063-osd-osd_v0_0150_t3,osd_v0_0150_t3,T3_active_diagnostic_warmup,m2060_no_rollout_outcome_supported_decisive_generator,warmup_brake_authority_probe,T3_active_diagnostic_warmup|warmup_brake_authority_probe|late|generous|moderate|actuator_delay|low,m2060_t3_042,,,,,osd_v0_0150_t3,smoke_proxy,t4_staged_warmup_capability,true,false,L2_window_50,runs/m1674_controller_family_one_seed_public_pilot/configs/L2_window_50_seed167400.json,runs/m1674_controller_family_one_seed_public_pilot/profile_runs/L2_window_50/seed_167400/checkpoint.pt,210132,False,True,True,True,True,False,False,False,False,False,False,False,False,False,False,False,unavoidable
210133,checkpoint,22,True,False,0.9306836744103053,0.7433439800566002,1419.33151204037,0.978849318648531,1.1231740414077631,-0.04696777151439546,1.1963227635865183,0.7899364274429943,1.1420967483548947,2.2829221397275434,2.2829221397275434,10,True,True,unavoidable,True,False,1.0953678429527989,1.1455918726379624,-0.050224029685163485,obstacle_collision,False,obstacle_collision,collision_failure,-8.47423528624207,-0.3851925130110032,0.22813665412306094,0.2904876146034425,0.25603104229636997,0.020364447721906133,0.0,7.619396115705256,0.0036857265513390303,1,nan,nan,0.02,7.0,nan,nan,nan,nan,False,nan,0.020364447721906133,0.16954290244022086,False,False,7.990116736660793,0.013360466061929544,0.0899589094133331,8.25691300905891,8.25691300905891,0.0,nan,0.0,22,0.22813665412306094,0.25603104229636997,7.619396115705256,-0.3851925130110032,0,nan,nan,nan,nan,0,nan,nan,nan,nan,m2063-osd-osd_v0_0150_t3::L3_online_gru,m2063-osd-osd_v0_0150_t3,osd_v0_0150_t3,T3_active_diagnostic_warmup,m2060_no_rollout_outcome_supported_decisive_generator,warmup_brake_authority_probe,T3_active_diagnostic_warmup|warmup_brake_authority_probe|late|generous|moderate|actuator_delay|low,m2060_t3_042,,,,,osd_v0_0150_t3,smoke_proxy,t4_staged_warmup_capability,true,false,L3_online_gru,runs/m1674_controller_family_one_seed_public_pilot/configs/L3_online_gru_seed167400.json,runs/m1674_controller_family_one_seed_public_pilot/profile_runs/L3_online_gru/seed_167400/checkpoint.pt,210133,False,True,True,True,True,False,False,False,False,False,False,False,False,False,False,False,unavoidable
210134,checkpoint,38,True,False,0.8913140178481407,0.5131218153940965,1519.7977448144254,1.0481363757340865,1.241643756895395,0.04197865871819717,1.2950468908835595,0.8481668555506259,0.618097254993853,1.882235986621321,1.882235986621321,11,True,True,drift_required,True,False,1.1478585053199413,1.2189797695793305,-0.07112126425938925,obstacle_collision,False,obstacle_collision,collision_failure,8.538586847055058,0.22469965386986993,0.15200587855453862,0.2636560642901884,0.10813220857144885,0.012565796237753942,0.0,8.305313158558759,0.0011294956784695387,1,nan,nan,0.02,7.0,nan,nan,nan,nan,False,nan,0.012565796237753942,0.19622604539060873,False,False,8.36335475128777,0.012565796237753942,0.10126206140164586,8.735370176843759,8.735370176843759,0.0,nan,0.0,38,0.15200587855453862,0.10813220857144885,8.305313158558759,0.22469965386986993,0,nan,nan,nan,nan,0,nan,nan,nan,nan,m2063-osd-osd_v0_0150_t3::L3_reset_control_corrected,m2063-osd-osd_v0_0150_t3,osd_v0_0150_t3,T3_active_diagnostic_warmup,m2060_no_rollout_outcome_supported_decisive_generator,warmup_brake_authority_probe,T3_active_diagnostic_warmup|warmup_brake_authority_probe|late|generous|moderate|actuator_delay|low,m2060_t3_042,,,,,osd_v0_0150_t3,smoke_proxy,t4_staged_warmup_capability,true,false,L3_reset_control_corrected,runs/m1674_controller_family_one_seed_public_pilot/configs/L3_reset_control_corrected_seed167400.json,runs/m1674_controller_family_one_seed_public_pilot/profile_runs/L3_reset_control_corrected/seed_167400/checkpoint.pt,210134,False,True,True,True,True,False,False,False,False,False,False,False,False,False,False,False,drift_required
210135,checkpoint,25,True,False,0.30808112963369577,0.9133745772325168,1287.4473554317296,0.8878947278839515,1.0827448931351562,0.07744789332047985,0.7739076881073375,0.6053155512485079,1.149131401342391,0.6646769599431104,0.6646769599431104,25,True,True,unavoidable,True,False,0.9971640064577767,1.1268903597893216,-0.12972635333154492,obstacle_collision,False,obstacle_collision,collision_failure,-5.812625085778446,-0.23250500343113786,1.052150369021502,1.320869691651147,0.12275370283716637,0.04940913048324582,0.0,10.89556501787023,0.0021409476175904274,1,nan,nan,0.02,5.5,nan,nan,nan,nan,False,nan,0.04940913048324582,0.5007750926822591,False,False,11.331377331798627,0.0037325047335636944,0.041702279555530325,11.986045578778686,11.986045578778686,0.0,nan,0.0,25,1.052150369021502,0.12275370283716637,10.89556501787023,-0.23250500343113786,0,nan,nan,nan,nan,0,nan,nan,nan,nan,m2063-osd-osd_v0_0151_t3::L0_current_masked,m2063-osd-osd_v0_0151_t3,osd_v0_0151_t3,T3_active_diagnostic_warmup,m2060_no_rollout_outcome_supported_decisive_generator,warmup_yaw_authority_probe,T3_active_diagnostic_warmup|warmup_yaw_authority_probe|early|nominal|high|nominal_mu|nominal,m2060_t3_043,,,,,osd_v0_0151_t3,smoke_proxy,t4_staged_warmup_capability,true,false,L0_current_masked,runs/m1674_controller_family_one_seed_public_pilot/configs/L0_current_masked_seed167400.json,runs/m1674_controller_family_one_seed_public_pilot/profile_runs/L0_current_masked/seed_167400/checkpoint.pt,210135,False,True,True,True,True,False,False,False,False,False,False,False,False,False,False,False,unavoidable
210136,checkpoint,29,True,False,0.753449549501629,0.8194330252091607,1414.7212517139244,0.9756698287682237,1.2772588632401836,-0.09100851526980502,1.4112654981639803,0.679490788987755,0.7783532312920222,1.002370268815856,1.002370268815856,23,True,True,unavoidable,True,False,1.4916942602576448,1.4953190282371729,-0.003624767979528043,obstacle_collision,False,obstacle_collision,collision_failure,-0.6971934692320474,-0.02404115411144991,0.22789575912540722,0.44918778040646856,0.08811458312269295,0.04924703836590092,0.0,10.900747598996222,0.0040773493237793446,1,nan,nan,0.02,5.5,nan,nan,nan,nan,False,nan,0.04924703836590092,0.5240403802333378,False,False,11.003965326923025,0.003431561462541632,0.027974576461881777,11.026602405198124,11.026602405198124,0.0,nan,0.0,29,0.22789575912540722,0.08811458312269295,10.900747598996222,-0.02404115411144991,0,nan,nan,nan,nan,0,nan,nan,nan,nan,m2063-osd-osd_v0_0151_t3::L1_one_step,m2063-osd-osd_v0_0151_t3,osd_v0_0151_t3,T3_active_diagnostic_warmup,m2060_no_rollout_outcome_supported_decisive_generator,warmup_yaw_authority_probe,T3_active_diagnostic_warmup|warmup_yaw_authority_probe|early|nominal|high|nominal_mu|nominal,m2060_t3_043,,,,,osd_v0_0151_t3,smoke_proxy,t4_staged_warmup_capability,true,false,L1_one_step,runs/m1674_controller_family_one_seed_public_pilot/configs/L1_one_step_seed167400.json,runs/m1674_controller_family_one_seed_public_pilot/profile_runs/L1_one_step/seed_167400/checkpoint.pt,210136,False,True,True,True,True,False,False,False,False,False,False,False,False,False,False,False,unavoidable
210137,checkpoint,23,True,False,0.30288120710354705,1.0083509017388042,1256.4601328348979,0.8665242295413089,0.87784956453714,-0.11924883073939752,1.392398291928822,0.935526753703872,0.9383135181250222,1.0853575557118242,1.0853575557118242,21,True,True,unavoidable,True,False,1.1386976574036445,1.2645944674024805,-0.125896809998836,obstacle_collision,False,obstacle_collision,collision_failure,-10.447294249642294,-0.45423018476705623,0.9907585158870904,1.6731689921009938,0.18781292352412107,0.057536244696856996,0.0,11.874993207110885,0.004083320032805204,1,nan,nan,0.02,5.5,nan,nan,nan,nan,False,nan,0.057536244696856996,0.543632958198362,False,False,11.955506763661889,0.024922128527838705,0.543632958198362,12.651815173739825,12.651815173739825,0.0,nan,0.0,23,0.9907585158870904,0.18781292352412107,11.874993207110885,-0.45423018476705623,0,nan,nan,nan,nan,0,nan,nan,nan,nan,m2063-osd-osd_v0_0151_t3::L2_window_50,m2063-osd-osd_v0_0151_t3,osd_v0_0151_t3,T3_active_diagnostic_warmup,m2060_no_rollout_outcome_supported_decisive_generator,warmup_yaw_authority_probe,T3_active_diagnostic_warmup|warmup_yaw_authority_probe|early|nominal|high|nominal_mu|nominal,m2060_t3_043,,,,,osd_v0_0151_t3,smoke_proxy,t4_staged_warmup_capability,true,false,L2_window_50,runs/m1674_controller_family_one_seed_public_pilot/configs/L2_window_50_seed167400.json,runs/m1674_controller_family_one_seed_public_pilot/profile_runs/L2_window_50/seed_167400/checkpoint.pt,210137,False,True,True,True,True,False,False,False,False,False,False,False,False,False,False,False,unavoidable
210138,checkpoint,24,True,False,0.8979816870073516,0.8666240237633884,1550.5638740285021,1.0693543958817255,0.8783663228958768,-0.09332250342574433,1.1665654021945826,0.7012496286737163,0.8160926719588879,1.011379123613969,1.011379123613969,12,True,True,unavoidable,True,False,1.240474535218275,1.3214530093644703,-0.08097847414619519,obstacle_collision,False,obstacle_collision,collision_failure,-5.957951532466048,-0.24824798051941865,0.20949388141660316,0.37520460313151105,0.1206995210407625,0.013364243984090007,0.0,10.793705050604176,0.0033792569302022457,1,nan,nan,0.02,5.5,nan,nan,nan,nan,False,nan,0.013364243984090007,0.45032082457816913,False,False,11.048753833937717,0.013364243984090007,0.1680084181554796,11.477129168476287,11.477129168476287,0.0,nan,0.0,24,0.20949388141660316,0.1206995210407625,10.793705050604176,-0.24824798051941865,0,nan,nan,nan,nan,0,nan,nan,nan,nan,m2063-osd-osd_v0_0151_t3::L3_online_gru,m2063-osd-osd_v0_0151_t3,osd_v0_0151_t3,T3_active_diagnostic_warmup,m2060_no_rollout_outcome_supported_decisive_generator,warmup_yaw_authority_probe,T3_active_diagnostic_warmup|warmup_yaw_authority_probe|early|nominal|high|nominal_mu|nominal,m2060_t3_043,,,,,osd_v0_0151_t3,smoke_proxy,t4_staged_warmup_capability,true,false,L3_online_gru,runs/m1674_controller_family_one_seed_public_pilot/configs/L3_online_gru_seed167400.json,runs/m1674_controller_family_one_seed_public_pilot/profile_runs/L3_online_gru/seed_167400/checkpoint.pt,210138,False,True,True,True,True,False,False,False,False,False,False,False,False,False,False,False,unavoidable
210139,checkpoint,26,True,False,0.6205095549175382,0.8608192528518757,1614.415798409055,1.1133902057993483,0.8431913229629813,-0.031566442150716245,0.8705635651792313,0.9915485106957261,0.8020894380770195,1.2900265972352873,1.2900265972352873,25,True,True,unavoidable,True,False,1.1019418851645,1.2878927854215512,-0.1859509002570512,obstacle_collision,False,obstacle_collision,collision_failure,-5.536381522572931,-0.21293775086818967,0.8290366279430992,1.1802881767105937,0.06753058378058127,0.041115281414907036,0.0,10.846435655004008,0.001865179045125842,1,nan,nan,0.02,5.5,nan,nan,nan,nan,False,nan,0.041115281414907036,0.48078654154614814,False,False,10.945028947452244,0.007786274725243088,0.1636586204332816,11.89504244814345,11.89504244814345,0.0,nan,0.0,26,0.8290366279430992,0.06753058378058127,10.846435655004008,-0.21293775086818967,0,nan,nan,nan,nan,0,nan,nan,nan,nan,m2063-osd-osd_v0_0151_t3::L3_reset_control_corrected,m2063-osd-osd_v0_0151_t3,osd_v0_0151_t3,T3_active_diagnostic_warmup,m2060_no_rollout_outcome_supported_decisive_generator,warmup_yaw_authority_probe,T3_active_diagnostic_warmup|warmup_yaw_authority_probe|early|nominal|high|nominal_mu|nominal,m2060_t3_043,,,,,osd_v0_0151_t3,smoke_proxy,t4_staged_warmup_capability,true,false,L3_reset_control_corrected,runs/m1674_controller_family_one_seed_public_pilot/configs/L3_reset_control_corrected_seed167400.json,runs/m1674_controller_family_one_seed_public_pilot/profile_runs/L3_reset_control_corrected/seed_167400/checkpoint.pt,210139,False,True,True,True,True,False,False,False,False,False,False,False,False,False,False,False,unavoidable
210140,checkpoint,72,True,False,1.076596896010925,0.47912840182275934,1350.4277741387014,0.931329499406001,1.118606667592744,0.0014494334446806256,1.1849689619811579,0.9278861793881926,0.643019344498759,0.875543093455931,0.875543093455931,13,True,True,aes_feasible,True,False,1.4961846436372992,1.5096905781127377,-0.013505934475438464,off_track,False,off_track,collision_failure,-6.797183719510617,-0.09440532943764746,2.2103267255571732,4.444961980971669,0.25508945195011706,0.023747129671044465,0.0,14.2302443610028,0.0020291022956371307,1,nan,nan,0.02,4.4,nan,nan,nan,nan,False,nan,0.023747129671044465,0.22026524895009203,False,False,13.712391719921467,0.0014702538017382378,0.03731144143096056,13.784387663342624,13.784387663342624,0.044961980971669036,1.44,0.044961980971669036,72,2.2103267255571732,0.25508945195011706,14.2302443610028,-0.09440532943764746,0,nan,nan,nan,nan,0,nan,nan,nan,nan,m2063-osd-osd_v0_0152_t3::L0_current_masked,m2063-osd-osd_v0_0152_t3,osd_v0_0152_t3,T3_active_diagnostic_warmup,m2060_no_rollout_outcome_supported_decisive_generator,warmup_steering_lag_probe,T3_active_diagnostic_warmup|warmup_steering_lag_probe|medium|tight|straight_or_low|low_mu|high,m2060_t3_044,,,,,osd_v0_0152_t3,smoke_proxy,t4_staged_warmup_capability,true,false,L0_current_masked,runs/m1674_controller_family_one_seed_public_pilot/configs/L0_current_masked_seed167400.json,runs/m1674_controller_family_one_seed_public_pilot/profile_runs/L0_current_masked/seed_167400/checkpoint.pt,210140,False,True,True,True,True,False,False,False,False,False,False,False,False,False,False,False,aes_feasible
210141,checkpoint,59,True,False,0.35132436406259604,0.5232305068663522,1350.6682489450905,0.9314953441000624,0.8707049869289119,-0.09016308263443396,0.9635276283093523,1.3417802525740856,1.211081378316078,1.5482928998121177,1.5482928998121177,18,True,True,aes_feasible,True,False,1.283572196243744,1.2857576602507792,-0.0021854640070351206,obstacle_collision,False,obstacle_collision,collision_failure,21.45588680245691,0.36365909834672727,1.0674963156527002,2.0586515204567846,0.0795193966942163,0.04603218918514012,0.0,13.940955530868468,0.002359944162890315,1,nan,nan,0.02,4.4,nan,nan,nan,nan,False,nan,0.04603218918514012,0.2113674510776419,False,False,13.81212824170169,0.0026277116033435704,0.04004561273063227,13.8283739788116,13.8283739788116,0.0,nan,0.0,59,1.0674963156527002,0.0795193966942163,13.940955530868468,0.36365909834672727,0,nan,nan,nan,nan,0,nan,nan,nan,nan,m2063-osd-osd_v0_0152_t3::L1_one_step,m2063-osd-osd_v0_0152_t3,osd_v0_0152_t3,T3_active_diagnostic_warmup,m2060_no_rollout_outcome_supported_decisive_generator,warmup_steering_lag_probe,T3_active_diagnostic_warmup|warmup_steering_lag_probe|medium|tight|straight_or_low|low_mu|high,m2060_t3_044,,,,,osd_v0_0152_t3,smoke_proxy,t4_staged_warmup_capability,true,false,L1_one_step,runs/m1674_controller_family_one_seed_public_pilot/configs/L1_one_step_seed167400.json,runs/m1674_controller_family_one_seed_public_pilot/profile_runs/L1_one_step/seed_167400/checkpoint.pt,210141,False,True,True,True,True,False,False,False,False,False,False,False,False,False,False,False,aes_feasible
210142,checkpoint,65,True,False,0.46320642428487074,0.38305859762334454,1707.436122586947,1.1775421535082393,1.1936955673898002,-0.08157014090067483,1.1999571245559362,0.6764985136366899,0.7527489661016952,0.8522679564881311,0.8522679564881311,32,True,True,drift_required,False,False,2.215558019990455,1.1893434600438668,1.0262145599465884,off_track,False,off_track,off_track_noncollision_noncompletion,27.944727353442737,0.4299188823606575,1.8804388029666204,4.445895012276736,0.24238235674582487,0.12338302102675822,0.0,13.792415548678287,0.003284428734332323,1,nan,nan,0.02,4.4,nan,nan,nan,nan,False,nan,0.12338302102675822,0.475232525995121,False,False,nan,nan,nan,nan,0.0,0.04589501227673587,1.3,0.04589501227673587,65,1.8804388029666204,0.24238235674582487,13.792415548678287,0.4299188823606575,0,nan,nan,nan,nan,0,nan,nan,nan,nan,m2063-osd-osd_v0_0152_t3::L2_window_50,m2063-osd-osd_v0_0152_t3,osd_v0_0152_t3,T3_active_diagnostic_warmup,m2060_no_rollout_outcome_supported_decisive_generator,warmup_steering_lag_probe,T3_active_diagnostic_warmup|warmup_steering_lag_probe|medium|tight|straight_or_low|low_mu|high,m2060_t3_044,,,,,osd_v0_0152_t3,smoke_proxy,t4_staged_warmup_capability,true,false,L2_window_50,runs/m1674_controller_family_one_seed_public_pilot/configs/L2_window_50_seed167400.json,runs/m1674_controller_family_one_seed_public_pilot/profile_runs/L2_window_50/seed_167400/checkpoint.pt,210142,False,True,True,True,True,False,False,False,False,False,False,False,False,False,False,False,drift_required
210143,checkpoint,54,False,True,0.6846491463007309,0.4597549305046252,1480.6515866381865,1.0211390252677148,0.9444694514371897,-0.0997393319125166,1.0196698288713362,1.3049672910624277,0.8238392598317767,1.2660089853079746,1.2660089853079746,30,True,True,drift_required,False,True,1.7683275444819344,1.3854285661042272,0.38289897837770726,,True,obstacle_pass,success_obstacle_pass,71.14883626775006,1.3175710419953715,0.07681588089654608,0.17713110570969803,0.0761359577943859,0.03223881270615161,0.0,14.493349064361396,0.0016072939615696669,1,nan,nan,0.02,4.4,54.0,1.08,54.0,1.08,True,0.0,0.03223881270615161,0.22218809073604556,False,True,nan,nan,nan,nan,0.0,0.0,nan,0.0,54,0.07681588089654608,0.0761359577943859,14.493349064361396,1.3175710419953715,0,nan,nan,nan,nan,0,nan,nan,nan,nan,m2063-osd-osd_v0_0152_t3::L3_online_gru,m2063-osd-osd_v0_0152_t3,osd_v0_0152_t3,T3_active_diagnostic_warmup,m2060_no_rollout_outcome_supported_decisive_generator,warmup_steering_lag_probe,T3_active_diagnostic_warmup|warmup_steering_lag_probe|medium|tight|straight_or_low|low_mu|high,m2060_t3_044,,,,,osd_v0_0152_t3,smoke_proxy,t4_staged_warmup_capability,true,false,L3_online_gru,runs/m1674_controller_family_one_seed_public_pilot/configs/L3_online_gru_seed167400.json,runs/m1674_controller_family_one_seed_public_pilot/profile_runs/L3_online_gru/seed_167400/checkpoint.pt,210143,True,True,True,True,True,False,False,False,False,False,False,False,False,False,False,False,drift_required
210144,checkpoint,54,False,True,0.9426119278851943,0.4489977468060982,1731.0245183845727,1.1938100126790157,1.2051006938781925,0.13749441165836362,1.3428533929164854,0.7479562551918715,1.0696842958769466,0.9888627327020149,0.988862732702015,16,True,True,drift_required,False,True,1.5492391925857496,1.368717456365036,0.18052173622071366,,True,obstacle_pass,success_obstacle_pass,73.17859285544156,1.3551591269526215,0.4576875867448271,0.49365566007045203,0.1984068261385658,0.04208368253903624,0.0,14.82490495235003,0.000839335669297725,1,nan,nan,0.02,4.4,54.0,1.08,54.0,1.08,True,0.0,0.04208368253903624,0.2946719134534134,False,True,nan,nan,nan,nan,0.0,0.0,nan,0.0,54,0.4576875867448271,0.1984068261385658,14.82490495235003,1.3551591269526215,0,nan,nan,nan,nan,0,nan,nan,nan,nan,m2063-osd-osd_v0_0152_t3::L3_reset_control_corrected,m2063-osd-osd_v0_0152_t3,osd_v0_0152_t3,T3_active_diagnostic_warmup,m2060_no_rollout_outcome_supported_decisive_generator,warmup_steering_lag_probe,T3_active_diagnostic_warmup|warmup_steering_lag_probe|medium|tight|straight_or_low|low_mu|high,m2060_t3_044,,,,,osd_v0_0152_t3,smoke_proxy,t4_staged_warmup_capability,true,false,L3_reset_control_corrected,runs/m1674_controller_family_one_seed_public_pilot/configs/L3_reset_control_corrected_seed167400.json,runs/m1674_controller_family_one_seed_public_pilot/profile_runs/L3_reset_control_corrected/seed_167400/checkpoint.pt,210144,True,True,True,True,True,False,False,False,False,False,False,False,False,False,False,False,drift_required
210145,checkpoint,13,True,False,0.8892136050877715,0.8892136050877715,1623.3253990169342,1.1195347579427133,1.0731082823399316,-0.04881665387773193,0.9078965974865216,0.7813567542796671,1.2028198457236963,1.942330163268031,1.9423301632680312,15,False,True,unavoidable,True,False,1.1820420388359687,1.2042914341559898,-0.022249395320021126,obstacle_collision,False,obstacle_collision,collision_failure,-18.790275153991544,-1.4454057810762726,0.5005564367007762,0.5244364409993949,0.1055238338577492,0.024358165862204153,0.0,8.432281761862136,0.006219685543328524,1,nan,nan,0.02,7.0,nan,nan,nan,nan,False,nan,0.024358165862204153,0.1981461121919426,False,False,8.522437605972424,0.0012952479637504191,0.01390462712326543,8.63572266926673,8.63572266926673,0.0,nan,0.0,13,0.5005564367007762,0.1055238338577492,8.432281761862136,-1.4454057810762726,0,nan,nan,nan,nan,0,nan,nan,nan,nan,m2063-osd-osd_v0_0153_t3::L0_current_masked,m2063-osd-osd_v0_0153_t3,osd_v0_0153_t3,T3_active_diagnostic_warmup,m2060_no_rollout_outcome_supported_decisive_generator,warmup_throttle_release_response,T3_active_diagnostic_warmup|warmup_throttle_release_response|late|generous|moderate|mixed_mu|low,m2060_t3_045,,,,,osd_v0_0153_t3,smoke_proxy,t4_staged_warmup_capability,true,false,L0_current_masked,runs/m1674_controller_family_one_seed_public_pilot/configs/L0_current_masked_seed167400.json,runs/m1674_controller_family_one_seed_public_pilot/profile_runs/L0_current_masked/seed_167400/checkpoint.pt,210145,False,True,True,True,True,False,False,False,False,False,False,False,False,False,False,False,unavoidable
210146,checkpoint,5,True,False,0.7739267354337656,0.7739267354337656,1267.8782254150399,0.8743987761483034,1.1710844661844624,-0.02162502461083804,0.7050676430431573,0.6390362400600257,0.781020327999246,0.6608448243779773,0.6608448243779773,8,False,True,unavoidable,True,False,1.5314076645415355,1.639441213106935,-0.10803354856539937,obstacle_collision,False,obstacle_collision,collision_failure,-27.48896316191348,-5.497792632382696,0.226422924360772,0.22857476247065733,0.12212347287297635,0.02221693855671216,0.0,9.125225953761547,0.005326925776898861,1,nan,nan,0.02,7.0,nan,nan,nan,nan,False,nan,0.02221693855671216,0.23470855631705642,False,False,9.139411638930133,0.015593174328337324,0.10268810693412228,9.697644779614711,9.697644779614711,0.0,nan,0.0,5,0.226422924360772,0.12212347287297635,9.125225953761547,-5.497792632382696,0,nan,nan,nan,nan,0,nan,nan,nan,nan,m2063-osd-osd_v0_0153_t3::L1_one_step,m2063-osd-osd_v0_0153_t3,osd_v0_0153_t3,T3_active_diagnostic_warmup,m2060_no_rollout_outcome_supported_decisive_generator,warmup_throttle_release_response,T3_active_diagnostic_warmup|warmup_throttle_release_response|late|generous|moderate|mixed_mu|low,m2060_t3_045,,,,,osd_v0_0153_t3,smoke_proxy,t4_staged_warmup_capability,true,false,L1_one_step,runs/m1674_controller_family_one_seed_public_pilot/configs/L1_one_step_seed167400.json,runs/m1674_controller_family_one_seed_public_pilot/profile_runs/L1_one_step/seed_167400/checkpoint.pt,210146,False,True,True,True,True,False,False,False,False,False,False,False,False,False,False,False,unavoidable
210147,checkpoint,67,False,True,0.7487076307686709,0.5116078290394477,1643.0491908449276,1.1331373729965017,1.0623447661006302,0.13175002784640344,1.3999211894150423,1.320410699688694,1.2090031251413644,2.1874252120753117,2.1874252120753117,36,True,True,drift_required,False,True,1.452544535169091,1.3122828558157165,0.14026167935337464,,True,obstacle_pass,success_obstacle_pass,48.29105868976748,0.7207620699965296,2.4507889234117908,5.3921959969856275,0.27499120110523895,0.03698816520390532,0.0,9.567882647756457,0.003366314573213458,1,nan,nan,0.02,7.0,67.0,1.34,67.0,1.34,True,0.0,0.03698816520390532,0.5196744608906438,False,True,nan,nan,nan,nan,0.0,0.0,nan,0.0,67,2.4507889234117908,0.27499120110523895,9.567882647756457,0.7207620699965296,0,nan,nan,nan,nan,0,nan,nan,nan,nan,m2063-osd-osd_v0_0153_t3::L2_window_50,m2063-osd-osd_v0_0153_t3,osd_v0_0153_t3,T3_active_diagnostic_warmup,m2060_no_rollout_outcome_supported_decisive_generator,warmup_throttle_release_response,T3_active_diagnostic_warmup|warmup_throttle_release_response|late|generous|moderate|mixed_mu|low,m2060_t3_045,,,,,osd_v0_0153_t3,smoke_proxy,t4_staged_warmup_capability,true,false,L2_window_50,runs/m1674_controller_family_one_seed_public_pilot/configs/L2_window_50_seed167400.json,runs/m1674_controller_family_one_seed_public_pilot/profile_runs/L2_window_50/seed_167400/checkpoint.pt,210147,True,True,True,True,True,False,False,False,False,False,False,False,False,False,False,False,drift_required
210148,checkpoint,13,True,False,0.8637942377723297,0.8637942377723297,1631.45641636033,1.1251423561105725,1.1707833420147449,-0.00954914291876463,0.5804785092127333,0.5733999269226873,0.695558282312869,1.649687929203681,1.649687929203681,15,False,True,unavoidable,True,False,1.8508428197707938,1.889207629106361,-0.038364809335567296,obstacle_collision,False,obstacle_collision,collision_failure,-18.706140681260777,-1.4389338985585214,0.04848147742893638,0.0773870863845545,0.19782642860076624,0.11519366216706195,0.0,7.924825865450218,0.0059430100955069065,1,nan,nan,0.02,7.0,nan,nan,nan,nan,False,nan,0.11519366216706195,0.23380219896041377,False,False,8.007585531645796,0.016146444347041846,0.11760370113707343,8.219243170610863,8.219243170610863,0.0,nan,0.0,13,0.04848147742893638,0.19782642860076624,7.924825865450218,-1.4389338985585214,0,nan,nan,nan,nan,0,nan,nan,nan,nan,m2063-osd-osd_v0_0153_t3::L3_online_gru,m2063-osd-osd_v0_0153_t3,osd_v0_0153_t3,T3_active_diagnostic_warmup,m2060_no_rollout_outcome_supported_decisive_generator,warmup_throttle_release_response,T3_active_diagnostic_warmup|warmup_throttle_release_response|late|generous|moderate|mixed_mu|low,m2060_t3_045,,,,,osd_v0_0153_t3,smoke_proxy,t4_staged_warmup_capability,true,false,L3_online_gru,runs/m1674_controller_family_one_seed_public_pilot/configs/L3_online_gru_seed167400.json,runs/m1674_controller_family_one_seed_public_pilot/profile_runs/L3_online_gru/seed_167400/checkpoint.pt,210148,False,True,True,True,True,False,False,False,False,False,False,False,False,False,False,False,unavoidable
210149,checkpoint,11,True,False,1.0233215561288669,0.9654188060822207,1337.48095466106,0.9224006583869379,1.1456013771861475,-0.12343301282450736,1.0958757619934127,0.578645345150576,1.15609292665318,0.9327127870106974,0.9327127870106974,9,True,True,unavoidable,True,False,1.0836901966567896,1.2275354965485845,-0.14384529989179495,obstacle_collision,False,obstacle_collision,collision_failure,-20.215704892884972,-1.837791353898634,0.0988713805908455,0.146458268664027,0.09423426655527964,0.016734324263485922,0.0,10.735102223921716,0.0038237138651311398,1,nan,nan,0.02,7.0,nan,nan,nan,nan,False,nan,0.016734324263485922,0.2607449668660472,False,False,10.973422936601947,0.01063252522252169,0.12622809146047148,11.71058850781823,11.71058850781823,0.0,nan,0.0,11,0.0988713805908455,0.09423426655527964,10.735102223921716,-1.837791353898634,0,nan,nan,nan,nan,0,nan,nan,nan,nan,m2063-osd-osd_v0_0153_t3::L3_reset_control_corrected,m2063-osd-osd_v0_0153_t3,osd_v0_0153_t3,T3_active_diagnostic_warmup,m2060_no_rollout_outcome_supported_decisive_generator,warmup_throttle_release_response,T3_active_diagnostic_warmup|warmup_throttle_release_response|late|generous|moderate|mixed_mu|low,m2060_t3_045,,,,,osd_v0_0153_t3,smoke_proxy,t4_staged_warmup_capability,true,false,L3_reset_control_corrected,runs/m1674_controller_family_one_seed_public_pilot/configs/L3_reset_control_corrected_seed167400.json,runs/m1674_controller_family_one_seed_public_pilot/profile_runs/L3_reset_control_corrected/seed_167400/checkpoint.pt,210149,False,True,True,True,True,False,False,False,False,False,False,False,False,False,False,False,unavoidable
210150,checkpoint,33,True,False,0.4859009986506826,0.4763423169419218,1319.9330426819026,0.9102986501254501,1.2235583929064582,0.13432679389463398,1.3427945160887245,0.9556124023983485,1.120331545721418,2.3951158767111815,2.3951158767111815,31,True,True,unavoidable,True,False,1.2963783494594494,1.3103778656396265,-0.01399951618017714,obstacle_collision,False,obstacle_collision,collision_failure,1.7100223502391643,0.05181885909815649,0.2796616149392034,0.6534250468980467,0.27032689336055016,0.02452063092559746,0.0,8.58354933938846,0.002894970355555415,1,nan,nan,0.02,5.5,nan,nan,nan,nan,False,nan,0.02452063092559746,0.40783488273264934,False,False,8.791957918039119,0.001429092289166086,0.010149683261344881,8.863685013410722,8.863685013410722,0.0,nan,0.0,33,0.2796616149392034,0.27032689336055016,8.58354933938846,0.05181885909815649,0,nan,nan,nan,nan,0,nan,nan,nan,nan,m2063-osd-osd_v0_0154_t3::L0_current_masked,m2063-osd-osd_v0_0154_t3,osd_v0_0154_t3,T3_active_diagnostic_warmup,m2060_no_rollout_outcome_supported_decisive_generator,warmup_combined_brake_steer_probe,T3_active_diagnostic_warmup|warmup_combined_brake_steer_probe|early|nominal|high|actuator_delay|nominal,m2060_t3_046,,,,,osd_v0_0154_t3,smoke_proxy,t4_staged_warmup_capability,true,false,L0_current_masked,runs/m1674_controller_family_one_seed_public_pilot/configs/L0_current_masked_seed167400.json,runs/m1674_controller_family_one_seed_public_pilot/profile_runs/L0_current_masked/seed_167400/checkpoint.pt,210150,False,True,True,True,True,False,False,False,False,False,False,False,False,False,False,False,unavoidable
210151,checkpoint,38,True,False,0.6558974825840967,0.49368076359341745,1511.4612507847867,1.0423870695067494,1.0680238612955362,0.09027351035812692,0.8761596814937158,1.2194288053272127,0.8500480969384288,1.9439278348244766,1.9439278348244766,19,True,True,unavoidable,True,False,1.4466520975380184,1.524300254987466,-0.07764815744944764,obstacle_collision,False,obstacle_collision,collision_failure,5.844384371190152,0.15379958871553032,0.46456690577900395,1.0275386299694027,0.07193171933596208,0.012009950789028593,0.0,8.375744698517103,0.002660779980942607,1,nan,nan,0.02,5.5,nan,nan,nan,nan,False,nan,0.012009950789028593,0.40036887284799555,False,False,8.111098143732812,0.0036500820558915156,0.034526641192741056,8.50461663612727,8.50461663612727,0.0,nan,0.0,38,0.46456690577900395,0.07193171933596208,8.375744698517103,0.15379958871553032,0,nan,nan,nan,nan,0,nan,nan,nan,nan,m2063-osd-osd_v0_0154_t3::L1_one_step,m2063-osd-osd_v0_0154_t3,osd_v0_0154_t3,T3_active_diagnostic_warmup,m2060_no_rollout_outcome_supported_decisive_generator,warmup_combined_brake_steer_probe,T3_active_diagnostic_warmup|warmup_combined_brake_steer_probe|early|nominal|high|actuator_delay|nominal,m2060_t3_046,,,,,osd_v0_0154_t3,smoke_proxy,t4_staged_warmup_capability,true,false,L1_one_step,runs/m1674_controller_family_one_seed_public_pilot/configs/L1_one_step_seed167400.json,runs/m1674_controller_family_one_seed_public_pilot/profile_runs/L1_one_step/seed_167400/checkpoint.pt,210151,False,True,True,True,True,False,False,False,False,False,False,False,False,False,False,False,unavoidable
210152,checkpoint,42,True,False,0.8687908332695473,0.49351540326159127,1392.3671170901064,0.9602531842000733,1.1746578868650777,0.03985479810303594,1.0954616826281516,0.9895036910960295,1.2818587881298522,2.2767901399708452,2.2767901399708452,36,True,True,drift_required,True,False,1.1895992129465953,1.206560376961018,-0.016961164014422714,obstacle_collision,False,obstacle_collision,collision_failure,8.410814872246348,0.20025749695824638,1.3239779248309176,2.712691754501158,0.04787248540452264,0.0380739710380017,0.0,8.986684912894125,0.0033761223312467337,1,nan,nan,0.02,5.5,nan,nan,nan,nan,False,nan,0.0380739710380017,0.4585238605732317,False,False,9.565428908052036,0.03732666802097792,0.4585238605732317,9.714750448191962,9.714750448191962,0.0,nan,0.0,42,1.3239779248309176,0.04787248540452264,8.986684912894125,0.20025749695824638,0,nan,nan,nan,nan,0,nan,nan,nan,nan,m2063-osd-osd_v0_0154_t3::L2_window_50,m2063-osd-osd_v0_0154_t3,osd_v0_0154_t3,T3_active_diagnostic_warmup,m2060_no_rollout_outcome_supported_decisive_generator,warmup_combined_brake_steer_probe,T3_active_diagnostic_warmup|warmup_combined_brake_steer_probe|early|nominal|high|actuator_delay|nominal,m2060_t3_046,,,,,osd_v0_0154_t3,smoke_proxy,t4_staged_warmup_capability,true,false,L2_window_50,runs/m1674_controller_family_one_seed_public_pilot/configs/L2_window_50_seed167400.json,runs/m1674_controller_family_one_seed_public_pilot/profile_runs/L2_window_50/seed_167400/checkpoint.pt,210152,False,True,True,True,True,False,False,False,False,False,False,False,False,False,False,False,drift_required
210153,checkpoint,31,True,False,1.0282055827994219,0.8160104359080861,1290.54718544082,0.8900325416833241,1.1581354900645824,-0.1327873687295391,0.8933556596608314,1.1289297971247327,1.2721810904549096,2.7182213326080324,2.7182213326080324,9,True,True,drift_required,True,False,1.3240456292713312,1.3523714355845327,-0.028325806313201474,obstacle_collision,False,obstacle_collision,collision_failure,0.38905386539052245,0.012550124690016854,0.2434476851814932,0.6012131575049295,0.3068482502803249,0.021488206975904343,0.0,11.297512834298448,0.0032255917321890593,1,nan,nan,0.02,5.5,nan,nan,nan,nan,False,nan,0.021488206975904343,0.5217771199923213,False,False,11.828385475556525,0.010877335589161154,0.15834580323864558,11.991287755240977,11.991287755240977,0.0,nan,0.0,31,0.2434476851814932,0.3068482502803249,11.297512834298448,0.012550124690016854,0,nan,nan,nan,nan,0,nan,nan,nan,nan,m2063-osd-osd_v0_0154_t3::L3_online_gru,m2063-osd-osd_v0_0154_t3,osd_v0_0154_t3,T3_active_diagnostic_warmup,m2060_no_rollout_outcome_supported_decisive_generator,warmup_combined_brake_steer_probe,T3_active_diagnostic_warmup|warmup_combined_brake_steer_probe|early|nominal|high|actuator_delay|nominal,m2060_t3_046,,,,,osd_v0_0154_t3,smoke_proxy,t4_staged_warmup_capability,true,false,L3_online_gru,runs/m1674_controller_family_one_seed_public_pilot/configs/L3_online_gru_seed167400.json,runs/m1674_controller_family_one_seed_public_pilot/profile_runs/L3_online_gru/seed_167400/checkpoint.pt,210153,False,True,True,True,True,False,False,False,False,False,False,False,False,False,False,False,drift_required
210154,checkpoint,29,True,False,0.8990251135702245,0.6652782284019734,1700.436369142272,1.172714737339498,1.0591222434194478,0.0504693864941379,1.3986508443461534,1.1824154284097195,0.83138996630972,2.6129484186920773,2.612948418692077,12,True,True,unavoidable,True,False,1.2670704114798832,1.2767771818891474,-0.009706770409264154,obstacle_collision,False,obstacle_collision,collision_failure,-3.1656474769354155,-0.10916025782535915,0.6711971075986336,1.1170345660833405,0.14185202289809642,0.013672384465004342,0.0,9.990972917478352,0.001676246291026473,1,nan,nan,0.02,5.5,nan,nan,nan,nan,False,nan,0.013672384465004342,0.4361853820747203,False,False,10.024785340514041,0.013109279885947041,0.15627464658284618,10.09550129716162,10.09550129716162,0.0,nan,0.0,29,0.6711971075986336,0.14185202289809642,9.990972917478352,-0.10916025782535915,0,nan,nan,nan,nan,0,nan,nan,nan,nan,m2063-osd-osd_v0_0154_t3::L3_reset_control_corrected,m2063-osd-osd_v0_0154_t3,osd_v0_0154_t3,T3_active_diagnostic_warmup,m2060_no_rollout_outcome_supported_decisive_generator,warmup_combined_brake_steer_probe,T3_active_diagnostic_warmup|warmup_combined_brake_steer_probe|early|nominal|high|actuator_delay|nominal,m2060_t3_046,,,,,osd_v0_0154_t3,smoke_proxy,t4_staged_warmup_capability,true,false,L3_reset_control_corrected,runs/m1674_controller_family_one_seed_public_pilot/configs/L3_reset_control_corrected_seed167400.json,runs/m1674_controller_family_one_seed_public_pilot/profile_runs/L3_reset_control_corrected/seed_167400/checkpoint.pt,210154,False,True,True,True,True,False,False,False,False,False,False,False,False,False,False,False,unavoidable
210155,checkpoint,45,True,False,0.6328340223581155,0.7877927658169397,1238.1321845932282,0.8538842652367091,1.058572415092643,-0.08910386322165675,1.2150929213076611,0.5980634676435949,1.2159398770341223,0.8121328068157021,0.812132806815702,18,True,True,drift_required,True,False,1.6777662459951457,1.736561894010606,-0.05879564801546033,obstacle_collision,False,obstacle_collision,collision_failure,20.15032948399286,0.44778509964428576,0.2789531075609499,0.4694577183586688,0.19097615280038735,0.0953259962693094,0.0,14.902387774835,0.001718084211461246,1,nan,nan,0.02,4.4,nan,nan,nan,nan,False,nan,0.0953259962693094,0.2322149527082462,False,False,15.724061446177325,0.0027544963168488813,0.09377374723175631,16.028794309136227,16.028794309136227,0.0,nan,0.0,45,0.2789531075609499,0.19097615280038735,14.902387774835,0.44778509964428576,0,nan,nan,nan,nan,0,nan,nan,nan,nan,m2063-osd-osd_v0_0155_t3::L0_current_masked,m2063-osd-osd_v0_0155_t3,osd_v0_0155_t3,T3_active_diagnostic_warmup,m2060_no_rollout_outcome_supported_decisive_generator,warmup_terminal_recovery_probe,T3_active_diagnostic_warmup|warmup_terminal_recovery_probe|medium|tight|straight_or_low|nominal_mu|high,m2060_t3_047,,,,,osd_v0_0155_t3,smoke_proxy,t4_staged_warmup_capability,true,false,L0_current_masked,runs/m1674_controller_family_one_seed_public_pilot/configs/L0_current_masked_seed167400.json,runs/m1674_controller_family_one_seed_public_pilot/profile_runs/L0_current_masked/seed_167400/checkpoint.pt,210155,False,True,True,True,True,False,False,False,False,False,False,False,False,False,False,False,drift_required
210156,checkpoint,40,True,False,0.7861762127767857,0.7876142547179222,1331.875925971772,0.9185351213598427,1.0061262585587776,-0.05237934214101769,0.6476305126308364,1.1415659904817974,0.8290033115594366,0.7059038578536302,0.7059038578536302,16,True,True,drift_required,True,False,1.473320450336874,1.777381143733134,-0.30406069339625996,obstacle_collision,False,obstacle_collision,collision_failure,4.073724732612334,0.10184311831530835,1.025531078472348,1.8971695339565073,0.16228652663663015,0.017911326116011934,0.0,17.437556858545243,0.001915783272124827,1,nan,nan,0.02,4.4,nan,nan,nan,nan,False,nan,0.017911326116011934,0.25791800388565417,False,False,17.134141156265212,0.0019274122221242837,0.03404736015992965,18.658813065373568,18.658813065373568,0.0,nan,0.0,40,1.025531078472348,0.16228652663663015,17.437556858545243,0.10184311831530835,0,nan,nan,nan,nan,0,nan,nan,nan,nan,m2063-osd-osd_v0_0155_t3::L1_one_step,m2063-osd-osd_v0_0155_t3,osd_v0_0155_t3,T3_active_diagnostic_warmup,m2060_no_rollout_outcome_supported_decisive_generator,warmup_terminal_recovery_probe,T3_active_diagnostic_warmup|warmup_terminal_recovery_probe|medium|tight|straight_or_low|nominal_mu|high,m2060_t3_047,,,,,osd_v0_0155_t3,smoke_proxy,t4_staged_warmup_capability,true,false,L1_one_step,runs/m1674_controller_family_one_seed_public_pilot/configs/L1_one_step_seed167400.json,runs/m1674_controller_family_one_seed_public_pilot/profile_runs/L1_one_step/seed_167400/checkpoint.pt,210156,False,True,True,True,True,False,False,False,False,False,False,False,False,False,False,False,drift_required
210157,checkpoint,51,True,False,0.9258723442469212,0.761030829081951,1371.3926390345819,0.9457880269204013,1.1997375821902725,0.06901001633645132,0.6795783673771827,0.6582293183197033,1.0035566156653497,0.9374083771477222,0.9374083771477222,12,True,True,drift_required,False,False,3.010617148748644,1.8585669907699134,1.1520501579787306,off_track,False,off_track,off_track_noncollision_noncompletion,19.130105324671995,0.3751001044053332,1.990168219262857,4.517028274031844,0.17528315332025093,0.07859669998261762,0.0,15.692696180091692,0.0034407523926347494,1,nan,nan,0.02,4.4,nan,nan,nan,nan,False,nan,0.07859669998261762,0.6511147227595065,False,False,nan,nan,nan,nan,0.0,0.1170282740318438,1.02,0.1170282740318438,51,1.990168219262857,0.17528315332025093,15.692696180091692,0.3751001044053332,0,nan,nan,nan,nan,0,nan,nan,nan,nan,m2063-osd-osd_v0_0155_t3::L2_window_50,m2063-osd-osd_v0_0155_t3,osd_v0_0155_t3,T3_active_diagnostic_warmup,m2060_no_rollout_outcome_supported_decisive_generator,warmup_terminal_recovery_probe,T3_active_diagnostic_warmup|warmup_terminal_recovery_probe|medium|tight|straight_or_low|nominal_mu|high,m2060_t3_047,,,,,osd_v0_0155_t3,smoke_proxy,t4_staged_warmup_capability,true,false,L2_window_50,runs/m1674_controller_family_one_seed_public_pilot/configs/L2_window_50_seed167400.json,runs/m1674_controller_family_one_seed_public_pilot/profile_runs/L2_window_50/seed_167400/checkpoint.pt,210157,False,True,True,True,True,False,False,False,False,False,False,False,False,False,False,False,drift_required
210158,checkpoint,38,True,False,0.5535646759187,0.8659493863789194,1686.831054974344,1.1633317620512718,0.8115549837384899,-0.009142786018920379,1.3720293048639494,0.6298869472724791,0.7980306880307905,1.0588526831061957,1.0588526831061957,18,True,True,drift_required,True,False,1.960012411335978,1.974600392338413,-0.014587981002434969,obstacle_collision,False,obstacle_collision,collision_failure,8.500605849228336,0.22370015392706147,0.5325365896756588,1.0251583387640864,0.13470980388346074,0.005836766815028875,0.0,17.99477516488299,0.0019310136558488011,1,nan,nan,0.02,4.4,nan,nan,nan,nan,False,nan,0.005836766815028875,0.23057653650769783,False,False,18.38557226448073,0.005836766815028875,0.17212617269937386,18.478643170170354,18.478643170170354,0.0,nan,0.0,38,0.5325365896756588,0.13470980388346074,17.99477516488299,0.22370015392706147,0,nan,nan,nan,nan,0,nan,nan,nan,nan,m2063-osd-osd_v0_0155_t3::L3_online_gru,m2063-osd-osd_v0_0155_t3,osd_v0_0155_t3,T3_active_diagnostic_warmup,m2060_no_rollout_outcome_supported_decisive_generator,warmup_terminal_recovery_probe,T3_active_diagnostic_warmup|warmup_terminal_recovery_probe|medium|tight|straight_or_low|nominal_mu|high,m2060_t3_047,,,,,osd_v0_0155_t3,smoke_proxy,t4_staged_warmup_capability,true,false,L3_online_gru,runs/m1674_controller_family_one_seed_public_pilot/configs/L3_online_gru_seed167400.json,runs/m1674_controller_family_one_seed_public_pilot/profile_runs/L3_online_gru/seed_167400/checkpoint.pt,210158,False,True,True,True,True,False,False,False,False,False,False,False,False,False,False,False,drift_required
210159,checkpoint,30,True,False,0.4867884560345963,0.9346023363852186,1185.2563525916355,0.817418174201128,0.9446360233854112,-0.12999765386686613,0.8205812389820042,1.3435605683743643,0.7290488313771112,0.8612645508821752,0.8612645508821752,19,True,True,unavoidable,True,False,1.4389741705535046,1.715218037901479,-0.27624386734797435,obstacle_collision,False,obstacle_collision,collision_failure,-2.1750708448504206,-0.07250236149501402,0.6787053757219115,1.1947171864996236,0.09895267106402826,0.017932993890782564,0.0,19.5293196629193,0.0010195474606007338,1,nan,nan,0.02,4.4,nan,nan,nan,nan,False,nan,0.017932993890782564,0.298900481279262,False,False,19.32132384834377,0.00918568590968868,0.16394298976330451,20.723530327014817,20.723530327014817,0.0,nan,0.0,30,0.6787053757219115,0.09895267106402826,19.5293196629193,-0.07250236149501402,0,nan,nan,nan,nan,0,nan,nan,nan,nan,m2063-osd-osd_v0_0155_t3::L3_reset_control_corrected,m2063-osd-osd_v0_0155_t3,osd_v0_0155_t3,T3_active_diagnostic_warmup,m2060_no_rollout_outcome_supported_decisive_generator,warmup_terminal_recovery_probe,T3_active_diagnostic_warmup|warmup_terminal_recovery_probe|medium|tight|straight_or_low|nominal_mu|high,m2060_t3_047,,,,,osd_v0_0155_t3,smoke_proxy,t4_staged_warmup_capability,true,false,L3_reset_control_corrected,runs/m1674_controller_family_one_seed_public_pilot/configs/L3_reset_control_corrected_seed167400.json,runs/m1674_controller_family_one_seed_public_pilot/profile_runs/L3_reset_control_corrected/seed_167400/checkpoint.pt,210159,False,True,True,True,True,False,False,False,False,False,False,False,False,False,False,False,unavoidable
210160,checkpoint,34,True,False,0.3627800985104119,0.47810864650398766,1602.363791068439,1.1050784765989234,1.1174398083947032,0.012268378921547418,0.8794842965681805,0.9943506712978277,0.6284763751981212,1.0025706715408638,1.0025706715408638,29,True,True,unavoidable,True,False,1.5843684184573703,1.6829909388831776,-0.09862252042580733,obstacle_collision,False,obstacle_collision,collision_failure,1.605137755073649,0.04720993397275438,0.19255511731211283,0.2510216485983463,0.2859637649935065,0.019637650153829466,0.0,6.922946543246108,0.0029338891617953777,1,nan,nan,0.02,7.0,nan,nan,nan,nan,False,nan,0.019637650153829466,0.17217964708314415,False,False,6.655627540623877,0.01014815845956284,0.06260532466344915,7.16007475444904,7.16007475444904,0.0,nan,0.0,34,0.19255511731211283,0.2859637649935065,6.922946543246108,0.04720993397275438,0,nan,nan,nan,nan,0,nan,nan,nan,nan,m2063-osd-osd_v0_0156_t3::L0_current_masked,m2063-osd-osd_v0_0156_t3,osd_v0_0156_t3,T3_active_diagnostic_warmup,m2060_no_rollout_outcome_supported_decisive_generator,warmup_brake_authority_probe,T3_active_diagnostic_warmup|warmup_brake_authority_probe|late|generous|moderate|low_mu|low,m2060_t3_048,,,,,osd_v0_0156_t3,smoke_proxy,t4_staged_warmup_capability,true,false,L0_current_masked,runs/m1674_controller_family_one_seed_public_pilot/configs/L0_current_masked_seed167400.json,runs/m1674_controller_family_one_seed_public_pilot/profile_runs/L0_current_masked/seed_167400/checkpoint.pt,210160,False,True,True,True,True,False,False,False,False,False,False,False,False,False,False,False,unavoidable
210161,checkpoint,38,True,False,0.9142298542233871,0.5181553472222675,1336.0743461963489,0.9214305835836889,0.8097011310953551,-0.06738223283389932,1.1889821171492634,0.5656147957916169,0.6460115564151022,1.233628764626022,1.233628764626022,8,True,True,unavoidable,True,False,1.838628927510011,1.8879994937832096,-0.04937056627319869,obstacle_collision,False,obstacle_collision,collision_failure,8.387932166260292,0.22073505700684978,0.11215495030487094,0.27221733856489294,0.13944665404741297,0.020407123124574888,0.0,8.702550084830703,0.0031223217956721783,1,nan,nan,0.02,7.0,nan,nan,nan,nan,False,nan,0.020407123124574888,0.1986841301858518,False,False,8.7888810895696,0.009711372665814684,0.07388175962521103,9.047977783231023,9.047977783231023,0.0,nan,0.0,38,0.11215495030487094,0.13944665404741297,8.702550084830703,0.22073505700684978,0,nan,nan,nan,nan,0,nan,nan,nan,nan,m2063-osd-osd_v0_0156_t3::L1_one_step,m2063-osd-osd_v0_0156_t3,osd_v0_0156_t3,T3_active_diagnostic_warmup,m2060_no_rollout_outcome_supported_decisive_generator,warmup_brake_authority_probe,T3_active_diagnostic_warmup|warmup_brake_authority_probe|late|generous|moderate|low_mu|low,m2060_t3_048,,,,,osd_v0_0156_t3,smoke_proxy,t4_staged_warmup_capability,true,false,L1_one_step,runs/m1674_controller_family_one_seed_public_pilot/configs/L1_one_step_seed167400.json,runs/m1674_controller_family_one_seed_public_pilot/profile_runs/L1_one_step/seed_167400/checkpoint.pt,210161,False,True,True,True,True,False,False,False,False,False,False,False,False,False,False,False,unavoidable
210162,checkpoint,86,True,False,0.5228077710864647,0.38788904851595296,1613.1043448606829,1.112485755076333,1.2353978782796102,-0.05290334758392112,1.086280762870968,1.1597032983734787,0.8496263414422925,1.5759273126214122,1.5759273126214124,26,True,True,unavoidable,False,False,1.8848043161553836,1.8624069464669777,0.022397369688405888,off_track,False,off_track,off_track_noncollision_noncompletion,8.347101241007904,0.09705931675590586,3.4243054325084747,7.1038631242995365,0.2432129150877631,0.07610906103878212,0.0,8.520621405331314,0.0024981803726404905,1,nan,nan,0.02,7.0,nan,nan,nan,nan,False,nan,0.07610906103878212,0.4355091768187614,False,False,nan,nan,nan,nan,0.0,0.10386312429953648,1.72,0.10386312429953648,86,3.4243054325084747,0.2432129150877631,8.520621405331314,0.09705931675590586,0,nan,nan,nan,nan,0,nan,nan,nan,nan,m2063-osd-osd_v0_0156_t3::L2_window_50,m2063-osd-osd_v0_0156_t3,osd_v0_0156_t3,T3_active_diagnostic_warmup,m2060_no_rollout_outcome_supported_decisive_generator,warmup_brake_authority_probe,T3_active_diagnostic_warmup|warmup_brake_authority_probe|late|generous|moderate|low_mu|low,m2060_t3_048,,,,,osd_v0_0156_t3,smoke_proxy,t4_staged_warmup_capability,true,false,L2_window_50,runs/m1674_controller_family_one_seed_public_pilot/configs/L2_window_50_seed167400.json,runs/m1674_controller_family_one_seed_public_pilot/profile_runs/L2_window_50/seed_167400/checkpoint.pt,210162,False,True,True,True,True,False,False,False,False,False,False,False,False,False,False,False,unavoidable
210163,checkpoint,47,True,False,0.7135604268588125,0.3502342145644493,1394.022684151286,0.9613949545870938,0.9124211545395439,-0.036149059420263585,0.9563512410385129,1.234729780144532,0.8790052534166408,1.607718182458962,1.6077181824589617,17,True,True,drift_required,True,False,1.4261393652788255,1.459464765195738,-0.033325399916912524,obstacle_collision,False,obstacle_collision,collision_failure,16.564217743328584,0.352430164751672,0.2728263865522373,0.6040078233679438,0.28834079996543377,0.013144157414770295,0.0,7.822273585294528,0.0019047405803576112,1,nan,nan,0.02,7.0,nan,nan,nan,nan,False,nan,0.013144157414770295,0.1838674753636686,False,False,8.006170983969232,0.01290021202302235,0.09488784090870911,8.188736873656179,8.188736873656179,0.0,nan,0.0,47,0.2728263865522373,0.28834079996543377,7.822273585294528,0.352430164751672,0,nan,nan,nan,nan,0,nan,nan,nan,nan,m2063-osd-osd_v0_0156_t3::L3_online_gru,m2063-osd-osd_v0_0156_t3,osd_v0_0156_t3,T3_active_diagnostic_warmup,m2060_no_rollout_outcome_supported_decisive_generator,warmup_brake_authority_probe,T3_active_diagnostic_warmup|warmup_brake_authority_probe|late|generous|moderate|low_mu|low,m2060_t3_048,,,,,osd_v0_0156_t3,smoke_proxy,t4_staged_warmup_capability,true,false,L3_online_gru,runs/m1674_controller_family_one_seed_public_pilot/configs/L3_online_gru_seed167400.json,runs/m1674_controller_family_one_seed_public_pilot/profile_runs/L3_online_gru/seed_167400/checkpoint.pt,210163,False,True,True,True,True,False,False,False,False,False,False,False,False,False,False,False,drift_required
210164,checkpoint,41,True,False,0.3469271807794074,0.4784668883055776,1816.7880313588828,1.252957263006126,1.087647479699898,0.02016710654943732,1.3286395035147964,0.5850617482527561,1.1506769352135637,1.540101361364327,1.540101361364327,32,True,True,unavoidable,True,False,1.5925156457909575,1.6562479600925761,-0.06373231430161863,obstacle_collision,False,obstacle_collision,collision_failure,17.291172429856655,0.42173591292333307,0.2634964234547832,0.5906241647284745,0.07269212598302069,0.025352717592109796,0.0,11.353529179718892,0.0012539129238575697,1,nan,nan,0.02,7.0,nan,nan,nan,nan,False,nan,0.025352717592109796,0.27817476826006615,False,False,12.028865632835851,0.014370857107351233,0.2545466614387306,12.380167299041492,12.380167299041492,0.0,nan,0.0,41,0.2634964234547832,0.07269212598302069,11.353529179718892,0.42173591292333307,0,nan,nan,nan,nan,0,nan,nan,nan,nan,m2063-osd-osd_v0_0156_t3::L3_reset_control_corrected,m2063-osd-osd_v0_0156_t3,osd_v0_0156_t3,T3_active_diagnostic_warmup,m2060_no_rollout_outcome_supported_decisive_generator,warmup_brake_authority_probe,T3_active_diagnostic_warmup|warmup_brake_authority_probe|late|generous|moderate|low_mu|low,m2060_t3_048,,,,,osd_v0_0156_t3,smoke_proxy,t4_staged_warmup_capability,true,false,L3_reset_control_corrected,runs/m1674_controller_family_one_seed_public_pilot/configs/L3_reset_control_corrected_seed167400.json,runs/m1674_controller_family_one_seed_public_pilot/profile_runs/L3_reset_control_corrected/seed_167400/checkpoint.pt,210164,False,True,True,True,True,False,False,False,False,False,False,False,False,False,False,False,unavoidable
210165,checkpoint,29,True,False,0.6421594899910601,0.9759572861687034,1281.9587474491584,0.8841094809994196,1.0200539721765935,-0.07487264286902007,0.9263422589247123,1.10197452724016,1.0515119012637923,2.0437528671779637,2.0437528671779637,21,True,True,drift_required,True,False,1.1016805357739445,1.1861362735139165,-0.08445573773997195,obstacle_collision,False,obstacle_collision,collision_failure,-1.96022257144352,-0.06759388177391448,0.23733496944251659,0.5097017107091943,0.18405049178980834,0.08131817505724909,0.0,11.40551328318666,0.003544135019183159,1,nan,nan,0.02,5.5,nan,nan,nan,nan,False,nan,0.08131817505724909,0.5763415470842768,False,False,11.417722636046555,0.00014606580971583027,0.007012756357196462,11.840775633286993,11.840775633286993,0.0,nan,0.0,29,0.23733496944251659,0.18405049178980834,11.40551328318666,-0.06759388177391448,0,nan,nan,nan,nan,0,nan,nan,nan,nan,m2063-osd-osd_v0_0157_t3::L0_current_masked,m2063-osd-osd_v0_0157_t3,osd_v0_0157_t3,T3_active_diagnostic_warmup,m2060_no_rollout_outcome_supported_decisive_generator,warmup_yaw_authority_probe,T3_active_diagnostic_warmup|warmup_yaw_authority_probe|early|nominal|high|mixed_mu|nominal,m2060_t3_049,,,,,osd_v0_0157_t3,smoke_proxy,t4_staged_warmup_capability,true,false,L0_current_masked,runs/m1674_controller_family_one_seed_public_pilot/configs/L0_current_masked_seed167400.json,runs/m1674_controller_family_one_seed_public_pilot/profile_runs/L0_current_masked/seed_167400/checkpoint.pt,210165,False,True,True,True,True,False,False,False,False,False,False,False,False,False,False,False,drift_required
210166,checkpoint,30,True,False,0.31452698010475516,0.7727219548597744,1766.7364986519597,1.2184389645875584,1.1725217579557379,0.09122165523473424,1.0209553216612435,0.8784019236520951,0.891308392284476,1.8188792305015151,1.8188792305015151,13,True,True,drift_required,True,False,1.2225024213108542,1.2567693328135707,-0.034266911502716546,obstacle_collision,False,obstacle_collision,collision_failure,0.1203036805486768,0.004010122684955893,0.31448543956405445,0.41846743998070934,0.03362372235101212,0.021138559057673825,0.0,10.451914523920859,0.0036514608655124903,1,nan,nan,0.02,5.5,nan,nan,nan,nan,False,nan,0.021138559057673825,0.4696577516703483,False,False,10.494677426960477,0.0017454886923646044,0.025935556771375063,10.66947828449738,10.66947828449738,0.0,nan,0.0,30,0.31448543956405445,0.03362372235101212,10.451914523920859,0.004010122684955893,0,nan,nan,nan,nan,0,nan,nan,nan,nan,m2063-osd-osd_v0_0157_t3::L1_one_step,m2063-osd-osd_v0_0157_t3,osd_v0_0157_t3,T3_active_diagnostic_warmup,m2060_no_rollout_outcome_supported_decisive_generator,warmup_yaw_authority_probe,T3_active_diagnostic_warmup|warmup_yaw_authority_probe|early|nominal|high|mixed_mu|nominal,m2060_t3_049,,,,,osd_v0_0157_t3,smoke_proxy,t4_staged_warmup_capability,true,false,L1_one_step,runs/m1674_controller_family_one_seed_public_pilot/configs/L1_one_step_seed167400.json,runs/m1674_controller_family_one_seed_public_pilot/profile_runs/L1_one_step/seed_167400/checkpoint.pt,210166,False,True,True,True,True,False,False,False,False,False,False,False,False,False,False,False,drift_required
210167,checkpoint,32,True,False,0.8945066151428582,0.5633133874981169,1610.5058000306449,1.1106936551935482,0.989881686653256,-0.028273520778977934,1.1414770379770238,0.7368534388512826,1.141535903605038,1.426844365223999,1.426844365223999,26,True,True,unavoidable,True,False,1.2982546093698972,1.430414863125114,-0.13216025375521667,obstacle_collision,False,obstacle_collision,collision_failure,0.049675349191652174,0.0015523546622391304,0.640311027121267,1.4268703753778489,0.27380645340104326,0.04632013981885191,0.0,9.488421194909307,0.00376214855350554,1,nan,nan,0.02,5.5,nan,nan,nan,nan,False,nan,0.04632013981885191,0.4566186237626581,False,False,9.90096537451578,0.03716131649545178,0.4566186237626581,10.626009163915855,10.626009163915855,0.0,nan,0.0,32,0.640311027121267,0.27380645340104326,9.488421194909307,0.0015523546622391304,0,nan,nan,nan,nan,0,nan,nan,nan,nan,m2063-osd-osd_v0_0157_t3::L2_window_50,m2063-osd-osd_v0_0157_t3,osd_v0_0157_t3,T3_active_diagnostic_warmup,m2060_no_rollout_outcome_supported_decisive_generator,warmup_yaw_authority_probe,T3_active_diagnostic_warmup|warmup_yaw_authority_probe|early|nominal|high|mixed_mu|nominal,m2060_t3_049,,,,,osd_v0_0157_t3,smoke_proxy,t4_staged_warmup_capability,true,false,L2_window_50,runs/m1674_controller_family_one_seed_public_pilot/configs/L2_window_50_seed167400.json,runs/m1674_controller_family_one_seed_public_pilot/profile_runs/L2_window_50/seed_167400/checkpoint.pt,210167,False,True,True,True,True,False,False,False,False,False,False,False,False,False,False,False,unavoidable
210168,checkpoint,24,True,False,1.0517207426392816,1.0164795170209033,1526.0613308464146,1.0524560902389066,1.228681190237875,-0.006545616514093799,1.330246188568975,1.1105729308730292,1.0488359475540148,0.6787704660514118,0.6787704660514118,9,True,True,unavoidable,True,False,1.210267176319867,1.3892170612639174,-0.1789498849440505,obstacle_collision,False,obstacle_collision,collision_failure,-6.465100981201836,-0.2693792075500765,0.28524386531828755,0.6240371156830662,0.12748223433638278,0.033752084568076116,0.0,10.831506957566383,0.003192431991919875,1,nan,nan,0.02,5.5,nan,nan,nan,nan,False,nan,0.033752084568076116,0.4788837895690954,False,False,11.093340437020304,0.013816899639825122,0.1816166451747294,12.013159976077942,12.013159976077942,0.0,nan,0.0,24,0.28524386531828755,0.12748223433638278,10.831506957566383,-0.2693792075500765,0,nan,nan,nan,nan,0,nan,nan,nan,nan,m2063-osd-osd_v0_0157_t3::L3_online_gru,m2063-osd-osd_v0_0157_t3,osd_v0_0157_t3,T3_active_diagnostic_warmup,m2060_no_rollout_outcome_supported_decisive_generator,warmup_yaw_authority_probe,T3_active_diagnostic_warmup|warmup_yaw_authority_probe|early|nominal|high|mixed_mu|nominal,m2060_t3_049,,,,,osd_v0_0157_t3,smoke_proxy,t4_staged_warmup_capability,true,false,L3_online_gru,runs/m1674_controller_family_one_seed_public_pilot/configs/L3_online_gru_seed167400.json,runs/m1674_controller_family_one_seed_public_pilot/profile_runs/L3_online_gru/seed_167400/checkpoint.pt,210168,False,True,True,True,True,False,False,False,False,False,False,False,False,False,False,False,unavoidable
210169,checkpoint,37,True,False,0.6814904908699317,0.5840660628609835,1264.0412118599622,0.8717525599034223,1.279292221829005,0.024070363067614675,0.8279966817221509,0.5922814799691363,0.839157732676627,0.8598319571732438,0.8598319571732438,18,True,True,drift_required,True,False,1.4109787262628686,1.5488704832074167,-0.13789175694454814,obstacle_collision,False,obstacle_collision,collision_failure,8.26127015060916,0.22327757163808543,0.42717421541034795,0.9085351249318769,0.2803770739058366,0.018725526453143067,0.0,9.884014407761969,0.0013421063777059317,1,nan,nan,0.02,5.5,nan,nan,nan,nan,False,nan,0.018725526453143067,0.45748739455911785,False,False,10.458666807611614,0.00958677589751192,0.14978093836565756,11.167897074119676,11.167897074119676,0.0,nan,0.0,37,0.42717421541034795,0.2803770739058366,9.884014407761969,0.22327757163808543,0,nan,nan,nan,nan,0,nan,nan,nan,nan,m2063-osd-osd_v0_0157_t3::L3_reset_control_corrected,m2063-osd-osd_v0_0157_t3,osd_v0_0157_t3,T3_active_diagnostic_warmup,m2060_no_rollout_outcome_supported_decisive_generator,warmup_yaw_authority_probe,T3_active_diagnostic_warmup|warmup_yaw_authority_probe|early|nominal|high|mixed_mu|nominal,m2060_t3_049,,,,,osd_v0_0157_t3,smoke_proxy,t4_staged_warmup_capability,true,false,L3_reset_control_corrected,runs/m1674_controller_family_one_seed_public_pilot/configs/L3_reset_control_corrected_seed167400.json,runs/m1674_controller_family_one_seed_public_pilot/profile_runs/L3_reset_control_corrected/seed_167400/checkpoint.pt,210169,False,True,True,True,True,False,False,False,False,False,False,False,False,False,False,False,drift_required
210170,checkpoint,48,True,False,0.5288019680092823,0.7505199362843283,1657.1803143564441,1.1428829754182372,1.2391395666959104,0.1024617402289576,1.2714136144530592,0.8040955816951394,1.2459693137013348,1.8747907981285035,1.8747907981285032,27,True,True,drift_required,True,False,1.7687479016452772,1.7960834060519613,-0.027335504406684086,obstacle_collision,False,obstacle_collision,collision_failure,4.044839113672214,0.0842674815348378,1.4908543009164659,3.340551756452186,0.2657622157231883,0.01396397160932362,0.0,18.308472742807936,0.0021351363975554705,1,nan,nan,0.02,4.4,nan,nan,nan,nan,False,nan,0.01396397160932362,0.2466272248850047,False,False,18.814978477719034,0.006195213879227097,0.12872214738027857,18.967625821430094,18.967625821430094,0.0,nan,0.0,48,1.4908543009164659,0.2657622157231883,18.308472742807936,0.0842674815348378,0,nan,nan,nan,nan,0,nan,nan,nan,nan,m2063-osd-osd_v0_0158_t3::L0_current_masked,m2063-osd-osd_v0_0158_t3,osd_v0_0158_t3,T3_active_diagnostic_warmup,m2060_no_rollout_outcome_supported_decisive_generator,warmup_steering_lag_probe,T3_active_diagnostic_warmup|warmup_steering_lag_probe|medium|tight|straight_or_low|actuator_delay|high,m2060_t3_050,,,,,osd_v0_0158_t3,smoke_proxy,t4_staged_warmup_capability,true,false,L0_current_masked,runs/m1674_controller_family_one_seed_public_pilot/configs/L0_current_masked_seed167400.json,runs/m1674_controller_family_one_seed_public_pilot/profile_runs/L0_current_masked/seed_167400/checkpoint.pt,210170,False,True,True,True,True,False,False,False,False,False,False,False,False,False,False,False,drift_required
210171,checkpoint,38,True,False,0.989881916712936,0.6007320406103529,1410.8152528177857,0.9729760364260591,1.175131982635584,0.10712563205291725,1.0430965954164555,0.7932086066354747,0.9260303646730117,2.1536965703796884,2.1536965703796884,11,True,True,unavoidable,True,False,1.3732771366301564,1.5260614007493112,-0.1527842641191548,obstacle_collision,False,obstacle_collision,collision_failure,7.71694803109115,0.20307757976555657,0.5756831648230519,1.1102765852231826,0.061867459834715,0.028090357353869364,0.0,16.765073277235924,0.0018946105847135186,1,nan,nan,0.02,4.4,nan,nan,nan,nan,False,nan,0.028090357353869364,0.2427267238361852,False,False,16.892621708338552,0.0016443190013718885,0.06099692169452594,17.663464880604465,17.663464880604465,0.0,nan,0.0,38,0.5756831648230519,0.061867459834715,16.765073277235924,0.20307757976555657,0,nan,nan,nan,nan,0,nan,nan,nan,nan,m2063-osd-osd_v0_0158_t3::L1_one_step,m2063-osd-osd_v0_0158_t3,osd_v0_0158_t3,T3_active_diagnostic_warmup,m2060_no_rollout_outcome_supported_decisive_generator,warmup_steering_lag_probe,T3_active_diagnostic_warmup|warmup_steering_lag_probe|medium|tight|straight_or_low|actuator_delay|high,m2060_t3_050,,,,,osd_v0_0158_t3,smoke_proxy,t4_staged_warmup_capability,true,false,L1_one_step,runs/m1674_controller_family_one_seed_public_pilot/configs/L1_one_step_seed167400.json,runs/m1674_controller_family_one_seed_public_pilot/profile_runs/L1_one_step/seed_167400/checkpoint.pt,210171,False,True,True,True,True,False,False,False,False,False,False,False,False,False,False,False,unavoidable
210172,checkpoint,51,True,False,1.1305118493052284,0.7351000196289526,1628.3962335894848,1.1230318852341274,1.085532175302595,-0.008652264848423075,0.9990460476832974,0.8363750653911475,1.0944354817366506,2.0097979148842007,2.0097979148842007,30,True,True,drift_required,False,False,2.285864130584674,1.8836026786533635,0.40226145193131035,off_track,False,off_track,off_track_noncollision_noncompletion,28.11162779837533,0.5512083882034379,1.8239909021364378,4.407189585942703,0.029540810055830497,0.0851182506853188,0.0,18.228229691121555,0.003748981049284339,1,nan,nan,0.02,4.4,nan,nan,nan,nan,False,nan,0.0851182506853188,0.6465512369721654,False,False,nan,nan,nan,nan,0.0,0.007189585942702692,1.02,0.007189585942702692,51,1.8239909021364378,0.029540810055830497,18.228229691121555,0.5512083882034379,0,nan,nan,nan,nan,0,nan,nan,nan,nan,m2063-osd-osd_v0_0158_t3::L2_window_50,m2063-osd-osd_v0_0158_t3,osd_v0_0158_t3,T3_active_diagnostic_warmup,m2060_no_rollout_outcome_supported_decisive_generator,warmup_steering_lag_probe,T3_active_diagnostic_warmup|warmup_steering_lag_probe|medium|tight|straight_or_low|actuator_delay|high,m2060_t3_050,,,,,osd_v0_0158_t3,smoke_proxy,t4_staged_warmup_capability,true,false,L2_window_50,runs/m1674_controller_family_one_seed_public_pilot/configs/L2_window_50_seed167400.json,runs/m1674_controller_family_one_seed_public_pilot/profile_runs/L2_window_50/seed_167400/checkpoint.pt,210172,False,True,True,True,True,False,False,False,False,False,False,False,False,False,False,False,drift_required
210173,checkpoint,34,True,False,1.028930863985378,0.6939660705810788,1405.6077942922943,0.9693846857188236,1.0986480418753704,-0.07044626557756994,1.2931002499353337,1.0302315906668722,0.7690258423134814,2.350435716055535,2.350435716055535,19,True,True,drift_required,True,False,1.2199668637076755,1.2769435591543572,-0.05697669544668171,obstacle_collision,False,obstacle_collision,collision_failure,3.7033698672589495,0.10892264315467498,0.4429537464866454,0.8173650917417703,0.03963252177171976,0.017764872877624186,0.0,16.75971325059143,0.002453777939081192,1,nan,nan,0.02,4.4,nan,nan,nan,nan,False,nan,0.017764872877624186,0.23820818084491552,False,False,16.870432880363442,0.0020886705598100186,0.15089785267102684,17.171450478143857,17.171450478143857,0.0,nan,0.0,34,0.4429537464866454,0.03963252177171976,16.75971325059143,0.10892264315467498,0,nan,nan,nan,nan,0,nan,nan,nan,nan,m2063-osd-osd_v0_0158_t3::L3_online_gru,m2063-osd-osd_v0_0158_t3,osd_v0_0158_t3,T3_active_diagnostic_warmup,m2060_no_rollout_outcome_supported_decisive_generator,warmup_steering_lag_probe,T3_active_diagnostic_warmup|warmup_steering_lag_probe|medium|tight|straight_or_low|actuator_delay|high,m2060_t3_050,,,,,osd_v0_0158_t3,smoke_proxy,t4_staged_warmup_capability,true,false,L3_online_gru,runs/m1674_controller_family_one_seed_public_pilot/configs/L3_online_gru_seed167400.json,runs/m1674_controller_family_one_seed_public_pilot/profile_runs/L3_online_gru/seed_167400/checkpoint.pt,210173,False,True,True,True,True,False,False,False,False,False,False,False,False,False,False,False,drift_required
210174,checkpoint,36,True,False,0.7215681613804816,0.7127748758595086,1420.5333815167933,0.9796781941495126,0.9517144124302738,-0.09653924859176732,0.6866738492896418,0.8604699251243833,0.7445472732379367,1.8068091226423182,1.8068091226423184,31,True,True,unavoidable,True,False,1.3480286528705538,1.5564286914324246,-0.20840003856187073,obstacle_collision,False,obstacle_collision,collision_failure,4.342049144793066,0.12061247624425182,0.8377168271934148,1.3762920604248805,0.1222130691701487,0.057469949458792816,0.0,18.631561691557224,0.0008439489174634218,1,nan,nan,0.02,4.4,nan,nan,nan,nan,False,nan,0.057469949458792816,0.2835301805846074,False,False,18.752736206942313,0.013419569150468462,0.1429786663693097,19.815744050963833,19.815744050963833,0.0,nan,0.0,36,0.8377168271934148,0.1222130691701487,18.631561691557224,0.12061247624425182,0,nan,nan,nan,nan,0,nan,nan,nan,nan,m2063-osd-osd_v0_0158_t3::L3_reset_control_corrected,m2063-osd-osd_v0_0158_t3,osd_v0_0158_t3,T3_active_diagnostic_warmup,m2060_no_rollout_outcome_supported_decisive_generator,warmup_steering_lag_probe,T3_active_diagnostic_warmup|warmup_steering_lag_probe|medium|tight|straight_or_low|actuator_delay|high,m2060_t3_050,,,,,osd_v0_0158_t3,smoke_proxy,t4_staged_warmup_capability,true,false,L3_reset_control_corrected,runs/m1674_controller_family_one_seed_public_pilot/configs/L3_reset_control_corrected_seed167400.json,runs/m1674_controller_family_one_seed_public_pilot/profile_runs/L3_reset_control_corrected/seed_167400/checkpoint.pt,210174,False,True,True,True,True,False,False,False,False,False,False,False,False,False,False,False,unavoidable
210175,checkpoint,19,True,False,0.37569993277502883,0.8607742695332591,1166.5592868408319,0.8045236460971255,1.2373102848442932,0.10406324739888317,0.665089377120075,0.9981894635513018,0.832322803264317,1.0599101284276196,1.0599101284276196,11,True,True,unavoidable,True,False,1.2333273662495645,1.2886054660779087,-0.055278099828344196,obstacle_collision,False,obstacle_collision,collision_failure,-12.496845801355267,-0.6577287263871193,0.36784174181526924,0.562457589627229,0.08098899872931467,0.047718261970189906,0.0,9.873686883308856,0.004886455833911896,1,nan,nan,0.02,7.0,nan,nan,nan,nan,False,nan,0.047718261970189906,0.2799095888339508,False,False,9.801064022992158,0.002683030508213338,0.05987428089218452,10.084783465477203,10.084783465477203,0.0,nan,0.0,19,0.36784174181526924,0.08098899872931467,9.873686883308856,-0.6577287263871193,0,nan,nan,nan,nan,0,nan,nan,nan,nan,m2063-osd-osd_v0_0159_t3::L0_current_masked,m2063-osd-osd_v0_0159_t3,osd_v0_0159_t3,T3_active_diagnostic_warmup,m2060_no_rollout_outcome_supported_decisive_generator,warmup_throttle_release_response,T3_active_diagnostic_warmup|warmup_throttle_release_response|late|generous|moderate|nominal_mu|low,m2060_t3_051,,,,,osd_v0_0159_t3,smoke_proxy,t4_staged_warmup_capability,true,false,L0_current_masked,runs/m1674_controller_family_one_seed_public_pilot/configs/L0_current_masked_seed167400.json,runs/m1674_controller_family_one_seed_public_pilot/profile_runs/L0_current_masked/seed_167400/checkpoint.pt,210175,False,True,True,True,True,False,False,False,False,False,False,False,False,False,False,False,unavoidable
210176,checkpoint,19,True,False,1.054261800142711,0.8278309589119689,1237.855760654578,0.85369362803764,1.1905791389490694,0.013607931434267417,0.7976669416154225,0.9273903654499687,0.6334448751120815,0.7599512022532092,0.7599512022532092,9,True,True,unavoidable,True,False,1.3277561187886948,1.4128044508539357,-0.08504833206524087,obstacle_collision,False,obstacle_collision,collision_failure,-13.172520573862403,-0.6932905565190739,0.39406543979666897,0.48417396307900873,0.2020355704834651,0.01104958981319832,0.0,10.65829031752027,0.005069856997579336,1,nan,nan,0.02,7.0,nan,nan,nan,nan,False,nan,0.01104958981319832,0.28222032421637544,False,False,10.507761668768863,0.0049255550601040345,0.07660142861307305,10.943126249486427,10.943126249486427,0.0,nan,0.0,19,0.39406543979666897,0.2020355704834651,10.65829031752027,-0.6932905565190739,0,nan,nan,nan,nan,0,nan,nan,nan,nan,m2063-osd-osd_v0_0159_t3::L1_one_step,m2063-osd-osd_v0_0159_t3,osd_v0_0159_t3,T3_active_diagnostic_warmup,m2060_no_rollout_outcome_supported_decisive_generator,warmup_throttle_release_response,T3_active_diagnostic_warmup|warmup_throttle_release_response|late|generous|moderate|nominal_mu|low,m2060_t3_051,,,,,osd_v0_0159_t3,smoke_proxy,t4_staged_warmup_capability,true,false,L1_one_step,runs/m1674_controller_family_one_seed_public_pilot/configs/L1_one_step_seed167400.json,runs/m1674_controller_family_one_seed_public_pilot/profile_runs/L1_one_step/seed_167400/checkpoint.pt,210176,False,True,True,True,True,False,False,False,False,False,False,False,False,False,False,False,unavoidable
210177,checkpoint,23,True,False,0.39156355542715104,0.7590307528932239,1853.3865428228485,1.2781976157398955,1.1153946740334892,0.11053170726639006,0.9923456343060049,0.7780408747600696,1.1180257710836146,1.2137323923953827,1.2137323923953827,12,True,True,unavoidable,True,False,1.088231640831266,1.2188054633114902,-0.1305738224802242,obstacle_collision,False,obstacle_collision,collision_failure,-7.1158702603284745,-0.3093856634925424,0.2989753969646856,0.5673944658142887,0.1577173175553738,0.03676710877604608,0.0,8.11585583835351,0.004962764214724302,1,nan,nan,0.02,7.0,nan,nan,nan,nan,False,nan,0.03676710877604608,0.43288460176046895,False,False,8.305305822436935,0.026725513525888277,0.43288460176046895,9.014826151777047,9.014826151777047,0.0,nan,0.0,23,0.2989753969646856,0.1577173175553738,8.11585583835351,-0.3093856634925424,0,nan,nan,nan,nan,0,nan,nan,nan,nan,m2063-osd-osd_v0_0159_t3::L2_window_50,m2063-osd-osd_v0_0159_t3,osd_v0_0159_t3,T3_active_diagnostic_warmup,m2060_no_rollout_outcome_supported_decisive_generator,warmup_throttle_release_response,T3_active_diagnostic_warmup|warmup_throttle_release_response|late|generous|moderate|nominal_mu|low,m2060_t3_051,,,,,osd_v0_0159_t3,smoke_proxy,t4_staged_warmup_capability,true,false,L2_window_50,runs/m1674_controller_family_one_seed_public_pilot/configs/L2_window_50_seed167400.json,runs/m1674_controller_family_one_seed_public_pilot/profile_runs/L2_window_50/seed_167400/checkpoint.pt,210177,False,True,True,True,True,False,False,False,False,False,False,False,False,False,False,False,unavoidable
210178,checkpoint,25,True,False,0.7265985213436348,0.7999230748467296,1839.971029627703,1.268945537674278,1.1653255612409894,-0.09712871421641833,0.833239408335027,0.7464967082535618,0.6328080468211505,0.8127792117063137,0.8127792117063137,24,True,True,unavoidable,True,False,1.2387036363244386,1.3037927296662721,-0.06508909334183355,obstacle_collision,False,obstacle_collision,collision_failure,-5.812245936416325,-0.232489837456653,0.20155536201861515,0.22466136880082743,0.16979803053427808,0.02122871030741412,0.0,9.400560528010816,0.0031412227544933558,1,nan,nan,0.02,7.0,nan,nan,nan,nan,False,nan,0.02122871030741412,0.23832241047987568,False,False,9.499377033159643,0.007520280740085772,0.09941654490501671,9.838524294729355,9.838524294729355,0.0,nan,0.0,25,0.20155536201861515,0.16979803053427808,9.400560528010816,-0.232489837456653,0,nan,nan,nan,nan,0,nan,nan,nan,nan,m2063-osd-osd_v0_0159_t3::L3_online_gru,m2063-osd-osd_v0_0159_t3,osd_v0_0159_t3,T3_active_diagnostic_warmup,m2060_no_rollout_outcome_supported_decisive_generator,warmup_throttle_release_response,T3_active_diagnostic_warmup|warmup_throttle_release_response|late|generous|moderate|nominal_mu|low,m2060_t3_051,,,,,osd_v0_0159_t3,smoke_proxy,t4_staged_warmup_capability,true,false,L3_online_gru,runs/m1674_controller_family_one_seed_public_pilot/configs/L3_online_gru_seed167400.json,runs/m1674_controller_family_one_seed_public_pilot/profile_runs/L3_online_gru/seed_167400/checkpoint.pt,210178,False,True,True,True,True,False,False,False,False,False,False,False,False,False,False,False,unavoidable
210179,checkpoint,16,True,False,0.8574372793358715,0.7988881223386138,1247.634815555264,0.8604378038312165,1.0591468952646568,0.11873635355845824,1.2415435604544434,0.5914984362400935,0.6483119393841871,1.0884499082013699,1.0884499082013699,8,True,True,unavoidable,True,False,1.604834919509946,1.6510511497566749,-0.04621623024672883,obstacle_collision,False,obstacle_collision,collision_failure,-15.385260521532082,-0.9615787825957551,0.25680498509068633,0.32470126025310364,0.16822036570093424,0.031212979708689133,0.0,7.212342594142438,0.002627668436616659,1,nan,nan,0.02,7.0,nan,nan,nan,nan,False,nan,0.031212979708689133,0.17535363570184795,False,False,7.34162910451884,0.012864475040463905,0.08825006938801089,7.5879675002115174,7.5879675002115174,0.0,nan,0.0,16,0.25680498509068633,0.16822036570093424,7.212342594142438,-0.9615787825957551,0,nan,nan,nan,nan,0,nan,nan,nan,nan,m2063-osd-osd_v0_0159_t3::L3_reset_control_corrected,m2063-osd-osd_v0_0159_t3,osd_v0_0159_t3,T3_active_diagnostic_warmup,m2060_no_rollout_outcome_supported_decisive_generator,warmup_throttle_release_response,T3_active_diagnostic_warmup|warmup_throttle_release_response|late|generous|moderate|nominal_mu|low,m2060_t3_051,,,,,osd_v0_0159_t3,smoke_proxy,t4_staged_warmup_capability,true,false,L3_reset_control_corrected,runs/m1674_controller_family_one_seed_public_pilot/configs/L3_reset_control_corrected_seed167400.json,runs/m1674_controller_family_one_seed_public_pilot/profile_runs/L3_reset_control_corrected/seed_167400/checkpoint.pt,210179,False,True,True,True,True,False,False,False,False,False,False,False,False,False,False,False,unavoidable
210180,checkpoint,39,True,False,0.3684668509092071,0.447296474065622,1183.962947707874,0.8165261708330166,1.0659378734461642,-0.06282961943873921,0.6522202351561766,1.2144478011921507,1.2252884816935474,1.5562721491413183,1.5562721491413183,20,True,True,unavoidable,True,False,1.5277746615251324,1.5760303467944046,-0.04825568526927215,obstacle_collision,False,obstacle_collision,collision_failure,8.959724074794359,0.22973651473831688,0.4932767125461559,1.0242015096944819,0.096727203878994,0.014822213764905825,0.0,8.287602461787568,0.002405470237135887,1,nan,nan,0.02,5.5,nan,nan,nan,nan,False,nan,0.014822213764905825,0.39828030233419687,False,False,8.422899006144387,0.0031182744651502906,0.02366162980782733,8.668102732704106,8.668102732704106,0.0,nan,0.0,39,0.4932767125461559,0.096727203878994,8.287602461787568,0.22973651473831688,0,nan,nan,nan,nan,0,nan,nan,nan,nan,m2063-osd-osd_v0_0160_t3::L0_current_masked,m2063-osd-osd_v0_0160_t3,osd_v0_0160_t3,T3_active_diagnostic_warmup,m2060_no_rollout_outcome_supported_decisive_generator,warmup_combined_brake_steer_probe,T3_active_diagnostic_warmup|warmup_combined_brake_steer_probe|early|nominal|high|low_mu|nominal,m2060_t3_052,,,,,osd_v0_0160_t3,smoke_proxy,t4_staged_warmup_capability,true,false,L0_current_masked,runs/m1674_controller_family_one_seed_public_pilot/configs/L0_current_masked_seed167400.json,runs/m1674_controller_family_one_seed_public_pilot/profile_runs/L0_current_masked/seed_167400/checkpoint.pt,210180,False,True,True,True,True,False,False,False,False,False,False,False,False,False,False,False,unavoidable
210181,checkpoint,38,True,False,0.9138841685579315,0.3934311611490961,1391.9005267757748,0.9599313977763964,0.8162465550584154,-0.07167583137387279,1.0068129811962443,1.15997054520181,0.9914184173292571,1.3750728761784885,1.3750728761784885,10,True,True,unavoidable,True,False,1.7315859549083024,1.7526976044714564,-0.021111649563154034,obstacle_collision,False,obstacle_collision,collision_failure,5.390904883777537,0.14186591799414572,0.5550073575642227,1.107709314974759,0.12010295819928284,0.025807695399486748,0.0,7.591583436218455,0.0025742105208337307,1,nan,nan,0.02,5.5,nan,nan,nan,nan,False,nan,0.025807695399486748,0.34786002086728224,False,False,7.501041973171064,0.005028802393410455,0.03164101144325236,7.612278723327863,7.612278723327863,0.0,nan,0.0,38,0.5550073575642227,0.12010295819928284,7.591583436218455,0.14186591799414572,0,nan,nan,nan,nan,0,nan,nan,nan,nan,m2063-osd-osd_v0_0160_t3::L1_one_step,m2063-osd-osd_v0_0160_t3,osd_v0_0160_t3,T3_active_diagnostic_warmup,m2060_no_rollout_outcome_supported_decisive_generator,warmup_combined_brake_steer_probe,T3_active_diagnostic_warmup|warmup_combined_brake_steer_probe|early|nominal|high|low_mu|nominal,m2060_t3_052,,,,,osd_v0_0160_t3,smoke_proxy,t4_staged_warmup_capability,true,false,L1_one_step,runs/m1674_controller_family_one_seed_public_pilot/configs/L1_one_step_seed167400.json,runs/m1674_controller_family_one_seed_public_pilot/profile_runs/L1_one_step/seed_167400/checkpoint.pt,210181,False,True,True,True,True,False,False,False,False,False,False,False,False,False,False,False,unavoidable
210182,checkpoint,42,True,False,0.3385247518513317,0.4195238168486705,1468.2606326497335,1.012593539758437,1.1197047466144103,0.11962707795646921,0.7554915940988427,0.936804372114162,1.00767223597915,1.3270667933082345,1.3270667933082345,35,True,True,unavoidable,True,False,1.5281697262795817,1.6708114180082165,-0.14264169172863483,obstacle_collision,False,obstacle_collision,collision_failure,15.181301279801396,0.36145955428098564,0.4623956227772367,1.1741638777787387,0.05750971047239025,0.09382515642975979,0.0,8.09447045716386,0.0035481133963912725,1,nan,nan,0.02,5.5,nan,nan,nan,nan,False,nan,0.09382515642975979,0.4441998875218284,False,False,8.355174356328511,0.014409766543396518,0.4441998875218284,9.120007686995569,9.120007686995569,0.0,nan,0.0,42,0.4623956227772367,0.05750971047239025,8.09447045716386,0.36145955428098564,0,nan,nan,nan,nan,0,nan,nan,nan,nan,m2063-osd-osd_v0_0160_t3::L2_window_50,m2063-osd-osd_v0_0160_t3,osd_v0_0160_t3,T3_active_diagnostic_warmup,m2060_no_rollout_outcome_supported_decisive_generator,warmup_combined_brake_steer_probe,T3_active_diagnostic_warmup|warmup_combined_brake_steer_probe|early|nominal|high|low_mu|nominal,m2060_t3_052,,,,,osd_v0_0160_t3,smoke_proxy,t4_staged_warmup_capability,true,false,L2_window_50,runs/m1674_controller_family_one_seed_public_pilot/configs/L2_window_50_seed167400.json,runs/m1674_controller_family_one_seed_public_pilot/profile_runs/L2_window_50/seed_167400/checkpoint.pt,210182,False,True,True,True,True,False,False,False,False,False,False,False,False,False,False,False,unavoidable
210183,checkpoint,54,False,True,0.48467768813201473,0.40521303322190305,1611.0792848794256,1.1110891619858108,0.8626777270530492,-0.03090247503478949,1.4051285230673178,0.5891756026919993,0.8462708949506706,0.7882628262889562,0.7882628262889562,37,True,True,unavoidable,False,True,1.5156342924931498,1.2668391123828973,0.2487951801102526,,True,obstacle_pass,success_obstacle_pass,84.66698121495648,1.567907059536231,0.02212517998788174,0.03598530196338601,0.08145029073333745,0.3143090354885732,0.0,8.289319214257953,0.0014626297634094954,1,nan,nan,0.02,5.5,54.0,1.08,nan,nan,False,nan,0.3143090354885732,1.0426869905451897,False,False,nan,nan,nan,nan,0.0,0.0,nan,0.0,54,0.02212517998788174,0.08145029073333745,8.289319214257953,1.567907059536231,0,nan,nan,nan,nan,0,nan,nan,nan,nan,m2063-osd-osd_v0_0160_t3::L3_online_gru,m2063-osd-osd_v0_0160_t3,osd_v0_0160_t3,T3_active_diagnostic_warmup,m2060_no_rollout_outcome_supported_decisive_generator,warmup_combined_brake_steer_probe,T3_active_diagnostic_warmup|warmup_combined_brake_steer_probe|early|nominal|high|low_mu|nominal,m2060_t3_052,,,,,osd_v0_0160_t3,smoke_proxy,t4_staged_warmup_capability,true,false,L3_online_gru,runs/m1674_controller_family_one_seed_public_pilot/configs/L3_online_gru_seed167400.json,runs/m1674_controller_family_one_seed_public_pilot/profile_runs/L3_online_gru/seed_167400/checkpoint.pt,210183,True,True,True,True,True,False,False,False,False,False,False,False,False,False,False,False,unavoidable
210184,checkpoint,35,True,False,1.0871606392339332,0.4228062602855137,1450.5674340422622,1.0003913338222499,0.8130332070953119,-0.10620638476709865,0.7376139282082843,0.9959048274897992,1.269910359884653,0.9634920689881721,0.9634920689881721,27,True,True,unavoidable,True,False,1.533104435083529,1.6396973331194542,-0.1065928980359252,obstacle_collision,False,obstacle_collision,collision_failure,11.284420444695456,0.32241201270558445,0.3544314534141302,0.4877224705660197,0.1183728092119657,0.1125401149719675,0.0,8.456515493364362,0.0012927992502227426,1,nan,nan,0.02,5.5,nan,nan,nan,nan,False,nan,0.1125401149719675,0.6720126525751648,False,False,8.937106596892002,0.05219530949614336,0.2674474689542691,9.522913488715126,9.522913488715126,0.0,nan,0.0,35,0.3544314534141302,0.1183728092119657,8.456515493364362,0.32241201270558445,0,nan,nan,nan,nan,0,nan,nan,nan,nan,m2063-osd-osd_v0_0160_t3::L3_reset_control_corrected,m2063-osd-osd_v0_0160_t3,osd_v0_0160_t3,T3_active_diagnostic_warmup,m2060_no_rollout_outcome_supported_decisive_generator,warmup_combined_brake_steer_probe,T3_active_diagnostic_warmup|warmup_combined_brake_steer_probe|early|nominal|high|low_mu|nominal,m2060_t3_052,,,,,osd_v0_0160_t3,smoke_proxy,t4_staged_warmup_capability,true,false,L3_reset_control_corrected,runs/m1674_controller_family_one_seed_public_pilot/configs/L3_reset_control_corrected_seed167400.json,runs/m1674_controller_family_one_seed_public_pilot/profile_runs/L3_reset_control_corrected/seed_167400/checkpoint.pt,210184,False,True,True,True,True,False,False,False,False,False,False,False,False,False,False,False,unavoidable
210185,checkpoint,30,True,False,0.7815112495812511,0.8494704211785271,1498.4897196852503,1.0334411859898278,0.9155583023837978,-0.013835998557617524,0.9935440022658992,0.6553694998241795,0.7461626280349528,1.6752817304267307,1.6752817304267305,12,True,True,drift_required,True,False,1.0887991218293365,1.1419907501812245,-0.053191628351888065,obstacle_collision,False,obstacle_collision,collision_failure,-0.342963107661042,-0.0114321035887014,0.37272019785217203,0.7369220990105418,0.08440325424003471,0.04750151095599894,0.0,14.530814363207258,0.0016473619034513831,1,nan,nan,0.02,4.4,nan,nan,nan,nan,False,nan,0.04750151095599894,0.19894222248234814,False,False,14.598171237004927,0.0003117557727243049,0.0721226749174988,14.87149752414248,14.87149752414248,0.0,nan,0.0,30,0.37272019785217203,0.08440325424003471,14.530814363207258,-0.0114321035887014,0,nan,nan,nan,nan,0,nan,nan,nan,nan,m2063-osd-osd_v0_0161_t3::L0_current_masked,m2063-osd-osd_v0_0161_t3,osd_v0_0161_t3,T3_active_diagnostic_warmup,m2060_no_rollout_outcome_supported_decisive_generator,warmup_terminal_recovery_probe,T3_active_diagnostic_warmup|warmup_terminal_recovery_probe|medium|tight|straight_or_low|mixed_mu|high,m2060_t3_053,,,,,osd_v0_0161_t3,smoke_proxy,t4_staged_warmup_capability,true,false,L0_current_masked,runs/m1674_controller_family_one_seed_public_pilot/configs/L0_current_masked_seed167400.json,runs/m1674_controller_family_one_seed_public_pilot/profile_runs/L0_current_masked/seed_167400/checkpoint.pt,210185,False,True,True,True,True,False,False,False,False,False,False,False,False,False,False,False,drift_required
210186,checkpoint,31,True,False,0.8863251940775008,0.9825401497884892,1162.3641237356007,0.8016304301624833,0.8316318289998882,0.08064463544591671,0.8987936393455134,0.9512212161127318,1.2198349000834128,1.9156903628517314,1.9156903628517314,11,True,True,drift_required,True,False,1.2369383273497891,1.3893025203798097,-0.15236419303002058,obstacle_collision,False,obstacle_collision,collision_failure,1.5959787508834289,0.051483185512368676,0.5572535771877503,0.5926504547473925,0.06346592674848425,0.08915249432834284,0.0,14.142571627560342,0.0021647592075169086,1,nan,nan,0.02,4.4,nan,nan,nan,nan,False,nan,0.08915249432834284,0.21773780790759412,False,False,14.38841873061228,0.0003968400832065815,0.05183935916032039,15.155622051720016,15.155622051720016,0.0,nan,0.0,31,0.5572535771877503,0.06346592674848425,14.142571627560342,0.051483185512368676,0,nan,nan,nan,nan,0,nan,nan,nan,nan,m2063-osd-osd_v0_0161_t3::L1_one_step,m2063-osd-osd_v0_0161_t3,osd_v0_0161_t3,T3_active_diagnostic_warmup,m2060_no_rollout_outcome_supported_decisive_generator,warmup_terminal_recovery_probe,T3_active_diagnostic_warmup|warmup_terminal_recovery_probe|medium|tight|straight_or_low|mixed_mu|high,m2060_t3_053,,,,,osd_v0_0161_t3,smoke_proxy,t4_staged_warmup_capability,true,false,L1_one_step,runs/m1674_controller_family_one_seed_public_pilot/configs/L1_one_step_seed167400.json,runs/m1674_controller_family_one_seed_public_pilot/profile_runs/L1_one_step/seed_167400/checkpoint.pt,210186,False,True,True,True,True,False,False,False,False,False,False,False,False,False,False,False,drift_required
210187,checkpoint,50,True,False,0.5609514675641181,0.5562862191335001,1671.6050650096554,1.1528310793170038,0.9651632629250965,0.023759120299054803,0.7302553745377722,0.9028129027690289,0.9220552044855195,1.8287568226088156,1.8287568226088156,29,True,True,aes_feasible,False,False,4.8005904265936845,1.3397907049549325,3.460799721638752,off_track,False,off_track,off_track_noncollision_noncompletion,13.688875640439202,0.27377751280878404,2.0900560778394164,4.461315952276138,0.12971998968097984,0.09565302227921056,0.0,15.44977188799504,0.0028689426835626364,1,nan,nan,0.02,4.4,nan,nan,nan,nan,False,nan,0.09565302227921056,0.5037270932051332,False,False,nan,nan,nan,nan,0.0,0.06131595227613751,1.0,0.06131595227613751,50,2.0900560778394164,0.12971998968097984,15.44977188799504,0.27377751280878404,0,nan,nan,nan,nan,0,nan,nan,nan,nan,m2063-osd-osd_v0_0161_t3::L2_window_50,m2063-osd-osd_v0_0161_t3,osd_v0_0161_t3,T3_active_diagnostic_warmup,m2060_no_rollout_outcome_supported_decisive_generator,warmup_terminal_recovery_probe,T3_active_diagnostic_warmup|warmup_terminal_recovery_probe|medium|tight|straight_or_low|mixed_mu|high,m2060_t3_053,,,,,osd_v0_0161_t3,smoke_proxy,t4_staged_warmup_capability,true,false,L2_window_50,runs/m1674_controller_family_one_seed_public_pilot/configs/L2_window_50_seed167400.json,runs/m1674_controller_family_one_seed_public_pilot/profile_runs/L2_window_50/seed_167400/checkpoint.pt,210187,False,True,True,True,True,False,False,False,False,False,False,False,False,False,False,False,aes_feasible
210188,checkpoint,31,True,False,0.3226307711154169,0.633612546193683,1184.4567904711917,0.8168667520490976,0.8406628518500069,0.13027677418425143,1.0421579844967872,1.2082801217353571,1.0729776437808178,1.6408125744911541,1.6408125744911541,24,True,True,unavoidable,True,False,1.0593521270889183,1.242822328913852,-0.18347020182493368,obstacle_collision,False,obstacle_collision,collision_failure,-0.5492202615350941,-0.017716782630164324,0.7758795573847637,1.1296059136458325,0.1903819788162358,0.007219825182192512,0.0,14.393919957022126,0.0024796025827527046,1,nan,nan,0.02,4.4,nan,nan,nan,nan,False,nan,0.007219825182192512,0.20617700463197422,False,False,14.759697987960527,0.007219825182192512,0.20617700463197422,15.701276610139491,15.701276610139491,0.0,nan,0.0,31,0.7758795573847637,0.1903819788162358,14.393919957022126,-0.017716782630164324,0,nan,nan,nan,nan,0,nan,nan,nan,nan,m2063-osd-osd_v0_0161_t3::L3_online_gru,m2063-osd-osd_v0_0161_t3,osd_v0_0161_t3,T3_active_diagnostic_warmup,m2060_no_rollout_outcome_supported_decisive_generator,warmup_terminal_recovery_probe,T3_active_diagnostic_warmup|warmup_terminal_recovery_probe|medium|tight|straight_or_low|mixed_mu|high,m2060_t3_053,,,,,osd_v0_0161_t3,smoke_proxy,t4_staged_warmup_capability,true,false,L3_online_gru,runs/m1674_controller_family_one_seed_public_pilot/configs/L3_online_gru_seed167400.json,runs/m1674_controller_family_one_seed_public_pilot/profile_runs/L3_online_gru/seed_167400/checkpoint.pt,210188,False,True,True,True,True,False,False,False,False,False,False,False,False,False,False,False,unavoidable
210189,checkpoint,49,True,False,0.7105946403997931,0.3813968981411192,1638.1081583692353,1.129729764392576,1.0321093885370112,-0.0032593650034018484,1.4135155761172928,1.0241514395657982,1.261575401864183,2.167591079380304,2.167591079380304,27,True,True,drift_required,True,False,1.4340151449255079,1.5091679824628432,-0.07515283753733537,obstacle_collision,False,obstacle_collision,collision_failure,25.064554930318742,0.5115215291901785,0.28132031334503527,0.5463972496605294,0.11351092255845721,0.025123849515095123,0.0,14.361716086546767,0.0007162809488363564,1,nan,nan,0.02,4.4,nan,nan,nan,nan,False,nan,0.025123849515095123,0.3233786392576443,False,False,15.087471271130708,0.0010638621939683933,0.17027933350109525,15.480795323264479,15.480795323264479,0.0,nan,0.0,49,0.28132031334503527,0.11351092255845721,14.361716086546767,0.5115215291901785,0,nan,nan,nan,nan,0,nan,nan,nan,nan,m2063-osd-osd_v0_0161_t3::L3_reset_control_corrected,m2063-osd-osd_v0_0161_t3,osd_v0_0161_t3,T3_active_diagnostic_warmup,m2060_no_rollout_outcome_supported_decisive_generator,warmup_terminal_recovery_probe,T3_active_diagnostic_warmup|warmup_terminal_recovery_probe|medium|tight|straight_or_low|mixed_mu|high,m2060_t3_053,,,,,osd_v0_0161_t3,smoke_proxy,t4_staged_warmup_capability,true,false,L3_reset_control_corrected,runs/m1674_controller_family_one_seed_public_pilot/configs/L3_reset_control_corrected_seed167400.json,runs/m1674_controller_family_one_seed_public_pilot/profile_runs/L3_reset_control_corrected/seed_167400/checkpoint.pt,210189,False,True,True,True,True,False,False,False,False,False,False,False,False,False,False,False,drift_required
210190,checkpoint,35,True,False,0.8251335384427649,0.5356648176346857,1620.4529359118746,1.1175537489047411,0.8136436712399271,-0.12929163885637207,0.9125319726615744,1.1359434051207375,0.7283181022086918,2.0179521649060557,2.0179521649060557,25,True,True,unavoidable,True,False,1.8116051594785747,1.8380007307532629,-0.026395571274688168,obstacle_collision,False,obstacle_collision,collision_failure,2.919250288034057,0.08340715108668734,0.14654442812271146,0.318824839222664,0.2647511173444375,0.021100734601477544,0.0,8.129513398574483,0.0025593028403818607,1,nan,nan,0.02,7.0,nan,nan,nan,nan,False,nan,0.021100734601477544,0.18961932292403583,False,False,7.848282614824005,0.007808922827756387,0.05397476221629629,7.9895624088329535,7.9895624088329535,0.0,nan,0.0,35,0.14654442812271146,0.2647511173444375,8.129513398574483,0.08340715108668734,0,nan,nan,nan,nan,0,nan,nan,nan,nan,m2063-osd-osd_v0_0162_t3::L0_current_masked,m2063-osd-osd_v0_0162_t3,osd_v0_0162_t3,T3_active_diagnostic_warmup,m2060_no_rollout_outcome_supported_decisive_generator,warmup_brake_authority_probe,T3_active_diagnostic_warmup|warmup_brake_authority_probe|late|generous|moderate|actuator_delay|low,m2060_t3_054,,,,,osd_v0_0162_t3,smoke_proxy,t4_staged_warmup_capability,true,false,L0_current_masked,runs/m1674_controller_family_one_seed_public_pilot/configs/L0_current_masked_seed167400.json,runs/m1674_controller_family_one_seed_public_pilot/profile_runs/L0_current_masked/seed_167400/checkpoint.pt,210190,False,True,True,True,True,False,False,False,False,False,False,False,False,False,False,False,unavoidable
210191,checkpoint,34,True,False,0.7058416164929535,0.47937050123552616,1600.1783915082146,1.1035713044884239,0.8109777748652105,0.041764391004981194,1.0587197609495658,0.8447002739997873,1.1926704352226896,2.5024200239332623,2.5024200239332623,16,True,True,unavoidable,True,False,1.0899323783780634,1.1714120386761406,-0.08147966029807718,obstacle_collision,False,obstacle_collision,collision_failure,4.858625127744531,0.14290073905130973,0.25145412679626894,0.40782562916185583,0.15950899289416356,0.04390822909644106,0.0,9.642530629979214,0.0031472898554056883,1,nan,nan,0.02,7.0,nan,nan,nan,nan,False,nan,0.04390822909644106,0.2463154647960943,False,False,9.897470680509386,0.0046648711538881775,0.061714703875855814,10.3133728879643,10.3133728879643,0.0,nan,0.0,34,0.25145412679626894,0.15950899289416356,9.642530629979214,0.14290073905130973,0,nan,nan,nan,nan,0,nan,nan,nan,nan,m2063-osd-osd_v0_0162_t3::L1_one_step,m2063-osd-osd_v0_0162_t3,osd_v0_0162_t3,T3_active_diagnostic_warmup,m2060_no_rollout_outcome_supported_decisive_generator,warmup_brake_authority_probe,T3_active_diagnostic_warmup|warmup_brake_authority_probe|late|generous|moderate|actuator_delay|low,m2060_t3_054,,,,,osd_v0_0162_t3,smoke_proxy,t4_staged_warmup_capability,true,false,L1_one_step,runs/m1674_controller_family_one_seed_public_pilot/configs/L1_one_step_seed167400.json,runs/m1674_controller_family_one_seed_public_pilot/profile_runs/L1_one_step/seed_167400/checkpoint.pt,210191,False,True,True,True,True,False,False,False,False,False,False,False,False,False,False,False,unavoidable
210193,checkpoint,25,True,False,0.4885903849794286,0.7570748376540966,1379.6917499393371,0.9515115516823015,1.0098517441722192,0.07983299103001107,1.0711465313426833,1.2936252172660705,1.2915741329010353,2.0568326649721924,2.0568326649721924,24,True,True,unavoidable,True,False,1.277525127832193,1.4260473169014856,-0.1485221890692925,obstacle_collision,False,obstacle_collision,collision_failure,-5.615382954577385,-0.22461531818309538,0.25282127177041097,0.27655324424893024,0.27761615061587286,0.010094530784923507,0.0,9.294212766924847,0.0033476792741566896,1,nan,nan,0.02,7.0,nan,nan,nan,nan,False,nan,0.010094530784923507,0.20783385545284194,False,False,9.651336013425734,0.009429388879758574,0.11097469793579863,10.409759123005657,10.409759123005657,0.0,nan,0.0,25,0.25282127177041097,0.27761615061587286,9.294212766924847,-0.22461531818309538,0,nan,nan,nan,nan,0,nan,nan,nan,nan,m2063-osd-osd_v0_0162_t3::L3_online_gru,m2063-osd-osd_v0_0162_t3,osd_v0_0162_t3,T3_active_diagnostic_warmup,m2060_no_rollout_outcome_supported_decisive_generator,warmup_brake_authority_probe,T3_active_diagnostic_warmup|warmup_brake_authority_probe|late|generous|moderate|actuator_delay|low,m2060_t3_054,,,,,osd_v0_0162_t3,smoke_proxy,t4_staged_warmup_capability,true,false,L3_online_gru,runs/m1674_controller_family_one_seed_public_pilot/configs/L3_online_gru_seed167400.json,runs/m1674_controller_family_one_seed_public_pilot/profile_runs/L3_online_gru/seed_167400/checkpoint.pt,210193,False,True,True,True,True,False,False,False,False,False,False,False,False,False,False,False,unavoidable
210194,checkpoint,27,True,False,0.8221704650963921,0.592589190613109,1791.3957345113968,1.235445334145791,0.8385899693282148,-0.03333163217140189,1.1111222426301772,0.5648347762813952,1.0729737472122278,2.3215624254649594,2.3215624254649594,13,True,True,unavoidable,True,False,1.0920669534928082,1.1478291528508175,-0.0557621993580093,obstacle_collision,False,obstacle_collision,collision_failure,-2.236628726480152,-0.08283810098074637,0.1018678307581441,0.22983004565217868,0.17287622793709442,0.02293995169514117,0.0,9.31883857428256,0.0015676954062655568,1,nan,nan,0.02,7.0,nan,nan,nan,nan,False,nan,0.02293995169514117,0.1998965628024174,False,False,9.714459738229273,0.009763554105397176,0.11261316811172455,10.00941382888319,10.00941382888319,0.0,nan,0.0,27,0.1018678307581441,0.17287622793709442,9.31883857428256,-0.08283810098074637,0,nan,nan,nan,nan,0,nan,nan,nan,nan,m2063-osd-osd_v0_0162_t3::L3_reset_control_corrected,m2063-osd-osd_v0_0162_t3,osd_v0_0162_t3,T3_active_diagnostic_warmup,m2060_no_rollout_outcome_supported_decisive_generator,warmup_brake_authority_probe,T3_active_diagnostic_warmup|warmup_brake_authority_probe|late|generous|moderate|actuator_delay|low,m2060_t3_054,,,,,osd_v0_0162_t3,smoke_proxy,t4_staged_warmup_capability,true,false,L3_reset_control_corrected,runs/m1674_controller_family_one_seed_public_pilot/configs/L3_reset_control_corrected_seed167400.json,runs/m1674_controller_family_one_seed_public_pilot/profile_runs/L3_reset_control_corrected/seed_167400/checkpoint.pt,210194,False,True,True,True,True,False,False,False,False,False,False,False,False,False,False,False,unavoidable
210195,checkpoint,26,True,False,1.0198435638180372,0.9716339489087725,1526.735391363294,1.0529209595608924,0.8453990820630708,-0.09147085371851404,0.6993673152315517,0.6521715849252616,0.8444407229655216,1.1062457911101489,1.1062457911101489,22,True,True,unavoidable,True,False,1.500032080318952,1.638206221905973,-0.13817414158702102,obstacle_collision,False,obstacle_collision,collision_failure,-4.722723498126992,-0.1816432114664228,0.3101845353002334,0.5952107965657483,0.17143104216006055,0.04972137191998842,0.0,10.947939487092006,0.003933155443519354,1,nan,nan,0.02,5.5,nan,nan,nan,nan,False,nan,0.04972137191998842,0.4953413760301161,False,False,11.0993414600497,0.0022306220039105882,0.03049965135936801,11.794377444122697,11.794377444122697,0.0,nan,0.0,26,0.3101845353002334,0.17143104216006055,10.947939487092006,-0.1816432114664228,0,nan,nan,nan,nan,0,nan,nan,nan,nan,m2063-osd-osd_v0_0163_t3::L0_current_masked,m2063-osd-osd_v0_0163_t3,osd_v0_0163_t3,T3_active_diagnostic_warmup,m2060_no_rollout_outcome_supported_decisive_generator,warmup_yaw_authority_probe,T3_active_diagnostic_warmup|warmup_yaw_authority_probe|early|nominal|high|nominal_mu|nominal,m2060_t3_055,,,,,osd_v0_0163_t3,smoke_proxy,t4_staged_warmup_capability,true,false,L0_current_masked,runs/m1674_controller_family_one_seed_public_pilot/configs/L0_current_masked_seed167400.json,runs/m1674_controller_family_one_seed_public_pilot/profile_runs/L0_current_masked/seed_167400/checkpoint.pt,210195,False,True,True,True,True,False,False,False,False,False,False,False,False,False,False,False,unavoidable
210196,checkpoint,23,True,False,0.7441323327597,0.9431091714961586,1822.4003059934134,1.256827797236837,1.0584930699864952,-0.0884097488900415,0.6695349404134735,1.0959844497725575,1.2341645788351452,1.3035151445223085,1.3035151445223085,12,True,True,unavoidable,True,False,1.1996637292248689,1.3436614005968472,-0.1439976713719784,obstacle_collision,False,obstacle_collision,collision_failure,-7.945904906048348,-0.3454741263499282,0.35455377502321234,0.7078680830107906,0.05918946144985214,0.041251008179307776,0.0,10.631501889976603,0.0025678309611976147,1,nan,nan,0.02,5.5,nan,nan,nan,nan,False,nan,0.041251008179307776,0.4975332943856453,False,False,10.73612430573591,0.0028537684897522015,0.0038533035758626316,11.457924877198264,11.457924877198264,0.0,nan,0.0,23,0.35455377502321234,0.05918946144985214,10.631501889976603,-0.3454741263499282,0,nan,nan,nan,nan,0,nan,nan,nan,nan,m2063-osd-osd_v0_0163_t3::L1_one_step,m2063-osd-osd_v0_0163_t3,osd_v0_0163_t3,T3_active_diagnostic_warmup,m2060_no_rollout_outcome_supported_decisive_generator,warmup_yaw_authority_probe,T3_active_diagnostic_warmup|warmup_yaw_authority_probe|early|nominal|high|nominal_mu|nominal,m2060_t3_055,,,,,osd_v0_0163_t3,smoke_proxy,t4_staged_warmup_capability,true,false,L1_one_step,runs/m1674_controller_family_one_seed_public_pilot/configs/L1_one_step_seed167400.json,runs/m1674_controller_family_one_seed_public_pilot/profile_runs/L1_one_step/seed_167400/checkpoint.pt,210196,False,True,True,True,True,False,False,False,False,False,False,False,False,False,False,False,unavoidable
210197,checkpoint,21,True,False,0.7359730940631816,1.0150757933266763,1559.967271443384,1.0758394975471615,0.9548046738089796,-0.04587164731170468,0.6988732296397673,1.2556449126809122,1.1846826217648487,1.0464093943893022,1.0464093943893022,11,True,True,unavoidable,True,False,1.2133344062118452,1.305913230820931,-0.09257882460908573,obstacle_collision,False,obstacle_collision,collision_failure,-8.912672024388165,-0.4244129535422936,0.22108332028227617,0.5085129259092902,0.04760815522537833,0.056554851150297764,0.0,10.633576968562224,0.0037260265089571476,1,nan,nan,0.02,5.5,nan,nan,nan,nan,False,nan,0.056554851150297764,0.4592148862081063,False,False,10.67051683696108,0.02072489650359388,0.4592148862081063,11.189694896879116,11.189694896879116,0.0,nan,0.0,21,0.22108332028227617,0.04760815522537833,10.633576968562224,-0.4244129535422936,0,nan,nan,nan,nan,0,nan,nan,nan,nan,m2063-osd-osd_v0_0163_t3::L2_window_50,m2063-osd-osd_v0_0163_t3,osd_v0_0163_t3,T3_active_diagnostic_warmup,m2060_no_rollout_outcome_supported_decisive_generator,warmup_yaw_authority_probe,T3_active_diagnostic_warmup|warmup_yaw_authority_probe|early|nominal|high|nominal_mu|nominal,m2060_t3_055,,,,,osd_v0_0163_t3,smoke_proxy,t4_staged_warmup_capability,true,false,L2_window_50,runs/m1674_controller_family_one_seed_public_pilot/configs/L2_window_50_seed167400.json,runs/m1674_controller_family_one_seed_public_pilot/profile_runs/L2_window_50/seed_167400/checkpoint.pt,210197,False,True,True,True,True,False,False,False,False,False,False,False,False,False,False,False,unavoidable
210198,checkpoint,23,True,False,0.6788305158516152,1.0363593995631342,1622.0435302143514,1.1186507104926562,1.2842155820115633,0.1054167243015185,1.2949172933059296,1.0847049174033194,0.6567879497908676,0.7669030520118867,0.7669030520118867,14,True,True,unavoidable,True,False,1.612939367290062,1.6988328336096963,-0.08589346631963424,obstacle_collision,False,obstacle_collision,collision_failure,-7.764811937711979,-0.3376005190309556,0.09435474499427106,0.1641535445732778,0.06721974541883098,0.03408973794554451,0.0,11.17733909336847,0.003959582187235355,1,nan,nan,0.02,5.5,nan,nan,nan,nan,False,nan,0.03408973794554451,0.5233356605897936,False,False,11.157374622798658,0.008540209578252928,0.1759768517269306,11.608709744358649,11.608709744358649,0.0,nan,0.0,23,0.09435474499427106,0.06721974541883098,11.17733909336847,-0.3376005190309556,0,nan,nan,nan,nan,0,nan,nan,nan,nan,m2063-osd-osd_v0_0163_t3::L3_online_gru,m2063-osd-osd_v0_0163_t3,osd_v0_0163_t3,T3_active_diagnostic_warmup,m2060_no_rollout_outcome_supported_decisive_generator,warmup_yaw_authority_probe,T3_active_diagnostic_warmup|warmup_yaw_authority_probe|early|nominal|high|nominal_mu|nominal,m2060_t3_055,,,,,osd_v0_0163_t3,smoke_proxy,t4_staged_warmup_capability,true,false,L3_online_gru,runs/m1674_controller_family_one_seed_public_pilot/configs/L3_online_gru_seed167400.json,runs/m1674_controller_family_one_seed_public_pilot/profile_runs/L3_online_gru/seed_167400/checkpoint.pt,210198,False,True,True,True,True,False,False,False,False,False,False,False,False,False,False,False,unavoidable
210199,checkpoint,23,True,False,0.7242469553621653,1.0126608520795433,1308.3982307456413,0.9023436074107871,0.9667553772473324,0.10057954556693005,1.1752191053492522,1.0984627337603956,1.0412026477693381,1.3398698779398017,1.3398698779398017,21,True,True,unavoidable,True,False,1.1959350724540403,1.3095058085169609,-0.11357073606292056,obstacle_collision,False,obstacle_collision,collision_failure,-8.229162274367674,-0.35778966410294233,0.1673668972667487,0.2753702448582551,0.2221724058474174,0.011101544629826852,0.0,12.277572764683834,0.0017629117937758565,1,nan,nan,0.02,5.5,nan,nan,nan,nan,False,nan,0.011101544629826852,0.536172012080008,False,False,12.503705513656561,0.008117644969808577,0.19753334592073007,13.09537135104814,13.09537135104814,0.0,nan,0.0,23,0.1673668972667487,0.2221724058474174,12.277572764683834,-0.35778966410294233,0,nan,nan,nan,nan,0,nan,nan,nan,nan,m2063-osd-osd_v0_0163_t3::L3_reset_control_corrected,m2063-osd-osd_v0_0163_t3,osd_v0_0163_t3,T3_active_diagnostic_warmup,m2060_no_rollout_outcome_supported_decisive_generator,warmup_yaw_authority_probe,T3_active_diagnostic_warmup|warmup_yaw_authority_probe|early|nominal|high|nominal_mu|nominal,m2060_t3_055,,,,,osd_v0_0163_t3,smoke_proxy,t4_staged_warmup_capability,true,false,L3_reset_control_corrected,runs/m1674_controller_family_one_seed_public_pilot/configs/L3_reset_control_corrected_seed167400.json,runs/m1674_controller_family_one_seed_public_pilot/profile_runs/L3_reset_control_corrected/seed_167400/checkpoint.pt,210199,False,True,True,True,True,False,False,False,False,False,False,False,False,False,False,False,unavoidable
210200,checkpoint,50,True,False,0.3210750559041462,0.44409768545914496,1522.3612271622376,1.0499042945946466,1.1648282619395762,-0.06024116327256057,0.8709321815362452,1.2750009285874073,1.071304239258879,1.0971325946344659,1.0971325946344659,40,True,True,unavoidable,True,False,2.0837650593690165,2.1978522329084336,-0.11408717353941711,obstacle_collision,False,obstacle_collision,collision_failure,17.95539423041385,0.35910788460827703,0.5790504926381876,1.399724713910338,0.12761154663997912,0.013218847483572146,0.0,14.201258119605296,0.001408568350598216,1,nan,nan,0.02,4.4,nan,nan,nan,nan,False,nan,0.013218847483572146,0.2020254526294036,False,False,14.030182453661697,7.643162821401663e-05,0.04788952501972171,14.60544548967486,14.60544548967486,0.0,nan,0.0,50,0.5790504926381876,0.12761154663997912,14.201258119605296,0.35910788460827703,0,nan,nan,nan,nan,0,nan,nan,nan,nan,m2063-osd-osd_v0_0164_t3::L0_current_masked,m2063-osd-osd_v0_0164_t3,osd_v0_0164_t3,T3_active_diagnostic_warmup,m2060_no_rollout_outcome_supported_decisive_generator,warmup_steering_lag_probe,T3_active_diagnostic_warmup|warmup_steering_lag_probe|medium|tight|straight_or_low|low_mu|high,m2060_t3_056,,,,,osd_v0_0164_t3,smoke_proxy,t4_staged_warmup_capability,true,false,L0_current_masked,runs/m1674_controller_family_one_seed_public_pilot/configs/L0_current_masked_seed167400.json,runs/m1674_controller_family_one_seed_public_pilot/profile_runs/L0_current_masked/seed_167400/checkpoint.pt,210200,False,True,True,True,True,False,False,False,False,False,False,False,False,False,False,False,unavoidable
210201,checkpoint,69,True,False,1.0755310569337426,0.4243800739013737,1637.5770702699137,1.1293634967378716,1.2471813124901532,-0.06661302788433776,0.9671501581979451,1.2492472359935927,0.6193166273314656,1.2453293798660952,1.2453293798660952,20,True,True,drift_required,True,False,1.8557327650214543,1.9177628260042066,-0.06203006098275221,obstacle_collision,False,obstacle_collision,collision_failure,30.539845307876753,0.44260645373734425,0.8693107448654053,2.0298293965938896,0.17086232510271093,0.011272001572688869,0.0,13.495975358866328,0.0019578980281949043,1,nan,nan,0.02,4.4,nan,nan,nan,nan,False,nan,0.011272001572688869,0.2009778535686255,False,False,12.561532812129997,0.00325257493667802,0.08124775166777486,12.881434179678875,12.881434179678875,0.0,nan,0.0,69,0.8693107448654053,0.17086232510271093,13.495975358866328,0.44260645373734425,0,nan,nan,nan,nan,0,nan,nan,nan,nan,m2063-osd-osd_v0_0164_t3::L1_one_step,m2063-osd-osd_v0_0164_t3,osd_v0_0164_t3,T3_active_diagnostic_warmup,m2060_no_rollout_outcome_supported_decisive_generator,warmup_steering_lag_probe,T3_active_diagnostic_warmup|warmup_steering_lag_probe|medium|tight|straight_or_low|low_mu|high,m2060_t3_056,,,,,osd_v0_0164_t3,smoke_proxy,t4_staged_warmup_capability,true,false,L1_one_step,runs/m1674_controller_family_one_seed_public_pilot/configs/L1_one_step_seed167400.json,runs/m1674_controller_family_one_seed_public_pilot/profile_runs/L1_one_step/seed_167400/checkpoint.pt,210201,False,True,True,True,True,False,False,False,False,False,False,False,False,False,False,False,drift_required
210202,checkpoint,57,True,False,0.6947697105517546,0.38511779234042737,1227.8021039932548,0.8467600717194861,0.9377397424954996,-0.09743015051087411,0.8714466323023482,0.8413984217252158,1.2685135622370436,0.9356330508074093,0.9356330508074092,13,True,True,drift_required,False,False,2.710830025684322,2.017576372453685,0.693253653230637,off_track,False,off_track,off_track_noncollision_noncompletion,35.92628208298146,0.6302856505786221,1.8809720681619035,4.404083267061324,0.03687581340603348,0.1439940953749597,0.0,14.471349700285323,0.0030819980893284082,1,nan,nan,0.02,4.4,nan,nan,nan,nan,False,nan,0.1439940953749597,0.7713163503394957,False,False,nan,nan,nan,nan,0.0,0.004083267061323781,1.1400000000000001,0.004083267061323781,57,1.8809720681619035,0.03687581340603348,14.471349700285323,0.6302856505786221,0,nan,nan,nan,nan,0,nan,nan,nan,nan,m2063-osd-osd_v0_0164_t3::L2_window_50,m2063-osd-osd_v0_0164_t3,osd_v0_0164_t3,T3_active_diagnostic_warmup,m2060_no_rollout_outcome_supported_decisive_generator,warmup_steering_lag_probe,T3_active_diagnostic_warmup|warmup_steering_lag_probe|medium|tight|straight_or_low|low_mu|high,m2060_t3_056,,,,,osd_v0_0164_t3,smoke_proxy,t4_staged_warmup_capability,true,false,L2_window_50,runs/m1674_controller_family_one_seed_public_pilot/configs/L2_window_50_seed167400.json,runs/m1674_controller_family_one_seed_public_pilot/profile_runs/L2_window_50/seed_167400/checkpoint.pt,210202,False,True,True,True,True,False,False,False,False,False,False,False,False,False,False,False,drift_required
210203,checkpoint,55,True,False,1.01577881935695,0.539061012759438,1347.2702330627978,0.9291518848708951,0.9551676331772193,-0.0026840102343224093,1.221494088757137,0.6430780395113518,0.843069500928992,1.353904259493104,1.353904259493104,26,True,True,drift_required,True,False,2.023310570188598,2.1249425617785915,-0.10163199158999348,obstacle_collision,False,obstacle_collision,collision_failure,24.48326870802584,0.44515034014592436,0.8989179779093686,1.716509374759596,0.2100473327453857,0.08420414817181247,0.0,15.029977877539185,0.0015013761585578322,1,nan,nan,0.02,4.4,nan,nan,nan,nan,False,nan,0.08420414817181247,0.2382101188974885,False,False,15.846570501416307,0.001697682827260383,0.15063761404590542,16.370643062184495,16.370643062184495,0.0,nan,0.0,55,0.8989179779093686,0.2100473327453857,15.029977877539185,0.44515034014592436,0,nan,nan,nan,nan,0,nan,nan,nan,nan,m2063-osd-osd_v0_0164_t3::L3_online_gru,m2063-osd-osd_v0_0164_t3,osd_v0_0164_t3,T3_active_diagnostic_warmup,m2060_no_rollout_outcome_supported_decisive_generator,warmup_steering_lag_probe,T3_active_diagnostic_warmup|warmup_steering_lag_probe|medium|tight|straight_or_low|low_mu|high,m2060_t3_056,,,,,osd_v0_0164_t3,smoke_proxy,t4_staged_warmup_capability,true,false,L3_online_gru,runs/m1674_controller_family_one_seed_public_pilot/configs/L3_online_gru_seed167400.json,runs/m1674_controller_family_one_seed_public_pilot/profile_runs/L3_online_gru/seed_167400/checkpoint.pt,210203,False,True,True,True,True,False,False,False,False,False,False,False,False,False,False,False,drift_required
210204,checkpoint,64,True,False,1.008412698140072,0.3613607681301809,1576.2087626370833,1.0870405259566092,0.928294393751944,-0.13238930371792357,0.9855646993461904,0.8204434294339544,0.8615740483499847,0.9988650308270259,0.9988650308270259,9,True,True,drift_required,True,False,1.431767693593154,1.5473400119752834,-0.11557231838212934,obstacle_collision,False,obstacle_collision,collision_failure,30.509895091333572,0.47671711080208706,1.000146430387786,1.826368573942446,0.21164297810595473,0.015507783508594756,0.0,13.956875179865964,0.0006555018480867147,1,nan,nan,0.02,4.4,nan,nan,nan,nan,False,nan,0.015507783508594756,0.19016869756535618,False,False,14.52599901935835,0.0019299422406440728,0.12757021927352202,15.117582604316672,15.117582604316672,0.0,nan,0.0,64,1.000146430387786,0.21164297810595473,13.956875179865964,0.47671711080208706,0,nan,nan,nan,nan,0,nan,nan,nan,nan,m2063-osd-osd_v0_0164_t3::L3_reset_control_corrected,m2063-osd-osd_v0_0164_t3,osd_v0_0164_t3,T3_active_diagnostic_warmup,m2060_no_rollout_outcome_supported_decisive_generator,warmup_steering_lag_probe,T3_active_diagnostic_warmup|warmup_steering_lag_probe|medium|tight|straight_or_low|low_mu|high,m2060_t3_056,,,,,osd_v0_0164_t3,smoke_proxy,t4_staged_warmup_capability,true,false,L3_reset_control_corrected,runs/m1674_controller_family_one_seed_public_pilot/configs/L3_reset_control_corrected_seed167400.json,runs/m1674_controller_family_one_seed_public_pilot/profile_runs/L3_reset_control_corrected/seed_167400/checkpoint.pt,210204,False,True,True,True,True,False,False,False,False,False,False,False,False,False,False,False,drift_required
210205,checkpoint,6,True,False,0.541501400318154,0.541501400318154,1330.2912109262545,0.9174422144318997,0.8777618131426577,-0.11333797984434724,0.7395774725650148,0.7901503577757608,0.9072101847152481,1.5997159703961354,1.5997159703961354,8,False,True,unavoidable,True,False,1.5107914251897987,1.5339376826878688,-0.02314625749807009,obstacle_collision,False,obstacle_collision,collision_failure,-26.805860749278594,-4.467643458213099,0.09808651368485902,0.10989936764936914,0.2882363042890501,0.005417726539474048,0.0,8.275144579067684,0.0023462376557290554,1,nan,nan,0.02,7.0,nan,nan,nan,nan,False,nan,0.005417726539474048,0.19452046278410562,False,False,8.28564446708956,0.003926169895909714,0.03299492984223385,8.406638332512088,8.406638332512088,0.0,nan,0.0,6,0.09808651368485902,0.2882363042890501,8.275144579067684,-4.467643458213099,0,nan,nan,nan,nan,0,nan,nan,nan,nan,m2063-osd-osd_v0_0165_t3::L0_current_masked,m2063-osd-osd_v0_0165_t3,osd_v0_0165_t3,T3_active_diagnostic_warmup,m2060_no_rollout_outcome_supported_decisive_generator,warmup_throttle_release_response,T3_active_diagnostic_warmup|warmup_throttle_release_response|late|generous|moderate|mixed_mu|low,m2060_t3_057,,,,,osd_v0_0165_t3,smoke_proxy,t4_staged_warmup_capability,true,false,L0_current_masked,runs/m1674_controller_family_one_seed_public_pilot/configs/L0_current_masked_seed167400.json,runs/m1674_controller_family_one_seed_public_pilot/profile_runs/L0_current_masked/seed_167400/checkpoint.pt,210205,False,True,True,True,True,False,False,False,False,False,False,False,False,False,False,False,unavoidable
210206,checkpoint,11,True,False,0.3023431048888694,0.6222419649184314,1329.704837411199,0.9170378189042752,1.2656597665822091,0.08355528647396682,0.7010380940028309,0.8075471153961455,0.691696309887126,2.142800691233712,2.142800691233712,10,True,True,unavoidable,True,False,1.7586777011327464,1.7611441925760514,-0.002466491443305019,obstacle_collision,False,obstacle_collision,collision_failure,-21.079226509385403,-1.9162933190350366,0.06857667023625756,0.10579828257539958,0.13462201677389937,0.018102672499729452,0.0,9.272557460827397,0.007320643402636051,1,nan,nan,0.02,7.0,nan,nan,nan,nan,False,nan,0.018102672499729452,0.2446846651752062,False,False,9.252912319808742,0.007182510864919647,0.04633956569267615,9.273469989026994,9.273469989026994,0.0,nan,0.0,11,0.06857667023625756,0.13462201677389937,9.272557460827397,-1.9162933190350366,0,nan,nan,nan,nan,0,nan,nan,nan,nan,m2063-osd-osd_v0_0165_t3::L1_one_step,m2063-osd-osd_v0_0165_t3,osd_v0_0165_t3,T3_active_diagnostic_warmup,m2060_no_rollout_outcome_supported_decisive_generator,warmup_throttle_release_response,T3_active_diagnostic_warmup|warmup_throttle_release_response|late|generous|moderate|mixed_mu|low,m2060_t3_057,,,,,osd_v0_0165_t3,smoke_proxy,t4_staged_warmup_capability,true,false,L1_one_step,runs/m1674_controller_family_one_seed_public_pilot/configs/L1_one_step_seed167400.json,runs/m1674_controller_family_one_seed_public_pilot/profile_runs/L1_one_step/seed_167400/checkpoint.pt,210206,False,True,True,True,True,False,False,False,False,False,False,False,False,False,False,False,unavoidable
210207,checkpoint,17,True,False,1.0711901126685854,0.8829067685359118,1473.1936074218934,1.0159955913254437,0.9946281140530677,0.07984285562751259,1.4074530611240794,0.8216626328045538,1.24338652373987,1.6497223455644126,1.6497223455644126,14,True,True,unavoidable,True,False,1.3506516224839216,1.4297417466894238,-0.07909012420550221,obstacle_collision,False,obstacle_collision,collision_failure,-11.894402057858755,-0.6996707092858091,0.21106402673485433,0.3670407265005835,0.013655966879386316,0.051446857143106324,0.0,8.055518712839579,0.005322806537151337,1,nan,nan,0.02,7.0,nan,nan,nan,nan,False,nan,0.051446857143106324,0.4085443647077068,False,False,8.237759663224352,0.051446857143106324,0.4085443647077068,8.699788149294186,8.699788149294186,0.0,nan,0.0,17,0.21106402673485433,0.013655966879386316,8.055518712839579,-0.6996707092858091,0,nan,nan,nan,nan,0,nan,nan,nan,nan,m2063-osd-osd_v0_0165_t3::L2_window_50,m2063-osd-osd_v0_0165_t3,osd_v0_0165_t3,T3_active_diagnostic_warmup,m2060_no_rollout_outcome_supported_decisive_generator,warmup_throttle_release_response,T3_active_diagnostic_warmup|warmup_throttle_release_response|late|generous|moderate|mixed_mu|low,m2060_t3_057,,,,,osd_v0_0165_t3,smoke_proxy,t4_staged_warmup_capability,true,false,L2_window_50,runs/m1674_controller_family_one_seed_public_pilot/configs/L2_window_50_seed167400.json,runs/m1674_controller_family_one_seed_public_pilot/profile_runs/L2_window_50/seed_167400/checkpoint.pt,210207,False,True,True,True,True,False,False,False,False,False,False,False,False,False,False,False,unavoidable
210208,checkpoint,17,True,False,0.8313924246353821,0.5629511492051983,1745.7373095116404,1.2039567651804417,0.9796580531358311,0.03177283414826393,0.5863852800919804,0.7718619780482926,1.14294255944128,1.0149272543667196,1.0149272543667196,14,True,True,unavoidable,True,False,1.6808681316537821,1.8346378144911126,-0.1537696828373305,obstacle_collision,False,obstacle_collision,collision_failure,-14.70811219925454,-0.8651830705443847,0.7189539695832161,0.804004044032574,0.2847492472056808,0.017565591876318898,0.0,10.169022452441766,0.004273803438991308,1,nan,nan,0.02,7.0,nan,nan,nan,nan,False,nan,0.017565591876318898,0.26491652810233407,False,False,10.440734100285844,0.001418048533059234,0.12027331757188212,11.222318870496215,11.222318870496215,0.0,nan,0.0,17,0.7189539695832161,0.2847492472056808,10.169022452441766,-0.8651830705443847,0,nan,nan,nan,nan,0,nan,nan,nan,nan,m2063-osd-osd_v0_0165_t3::L3_online_gru,m2063-osd-osd_v0_0165_t3,osd_v0_0165_t3,T3_active_diagnostic_warmup,m2060_no_rollout_outcome_supported_decisive_generator,warmup_throttle_release_response,T3_active_diagnostic_warmup|warmup_throttle_release_response|late|generous|moderate|mixed_mu|low,m2060_t3_057,,,,,osd_v0_0165_t3,smoke_proxy,t4_staged_warmup_capability,true,false,L3_online_gru,runs/m1674_controller_family_one_seed_public_pilot/configs/L3_online_gru_seed167400.json,runs/m1674_controller_family_one_seed_public_pilot/profile_runs/L3_online_gru/seed_167400/checkpoint.pt,210208,False,True,True,True,True,False,False,False,False,False,False,False,False,False,False,False,unavoidable
210209,checkpoint,12,True,False,0.3354644092640852,0.3354644092640852,1210.5138059074425,0.8348371075223742,0.951087459434255,0.06737821363298346,1.1082547901135849,1.0011038776641854,0.6198212327760079,1.2158288600421212,1.2158288600421212,13,False,True,unavoidable,True,False,1.5384365971137763,1.6417794399513577,-0.10334284283758133,obstacle_collision,False,obstacle_collision,collision_failure,-20.170611901719298,-1.6808843251432748,0.37109880805243084,0.37316103780184307,0.14516223006988344,0.012346901169733915,0.0,8.375045254012813,0.003045138670131564,1,nan,nan,0.02,7.0,nan,nan,nan,nan,False,nan,0.012346901169733915,0.2134267650027871,False,False,8.35995212385847,0.012346901169733915,0.10408832642786646,8.893248621274031,8.893248621274031,0.0,nan,0.0,12,0.37109880805243084,0.14516223006988344,8.375045254012813,-1.6808843251432748,0,nan,nan,nan,nan,0,nan,nan,nan,nan,m2063-osd-osd_v0_0165_t3::L3_reset_control_corrected,m2063-osd-osd_v0_0165_t3,osd_v0_0165_t3,T3_active_diagnostic_warmup,m2060_no_rollout_outcome_supported_decisive_generator,warmup_throttle_release_response,T3_active_diagnostic_warmup|warmup_throttle_release_response|late|generous|moderate|mixed_mu|low,m2060_t3_057,,,,,osd_v0_0165_t3,smoke_proxy,t4_staged_warmup_capability,true,false,L3_reset_control_corrected,runs/m1674_controller_family_one_seed_public_pilot/configs/L3_reset_control_corrected_seed167400.json,runs/m1674_controller_family_one_seed_public_pilot/profile_runs/L3_reset_control_corrected/seed_167400/checkpoint.pt,210209,False,True,True,True,True,False,False,False,False,False,False,False,False,False,False,False,unavoidable
210210,checkpoint,32,True,False,0.6333118628419181,0.5480135222036773,1613.8827945611895,1.1130226169387514,1.0636318693608873,0.06359341075064817,1.0947361121401764,1.1817411207025748,1.0148881121701614,2.0363624196966286,2.0363624196966286,11,True,True,unavoidable,True,False,1.147958545765187,1.31399123260348,-0.16603268683829286,obstacle_collision,False,obstacle_collision,collision_failure,0.2584224883795798,0.00807570276186187,0.31649391443998975,0.7273358925172033,0.09031706138769957,0.034941611928396094,0.0,9.002584160184204,0.002865019952878356,1,nan,nan,0.02,5.5,nan,nan,nan,nan,False,nan,0.034941611928396094,0.4197041372643165,False,False,8.950826263441462,0.0005822680296769762,0.004432307815052583,9.78172406242927,9.78172406242927,0.0,nan,0.0,32,0.31649391443998975,0.09031706138769957,9.002584160184204,0.00807570276186187,0,nan,nan,nan,nan,0,nan,nan,nan,nan,m2063-osd-osd_v0_0166_t3::L0_current_masked,m2063-osd-osd_v0_0166_t3,osd_v0_0166_t3,T3_active_diagnostic_warmup,m2060_no_rollout_outcome_supported_decisive_generator,warmup_combined_brake_steer_probe,T3_active_diagnostic_warmup|warmup_combined_brake_steer_probe|early|nominal|high|actuator_delay|nominal,m2060_t3_058,,,,,osd_v0_0166_t3,smoke_proxy,t4_staged_warmup_capability,true,false,L0_current_masked,runs/m1674_controller_family_one_seed_public_pilot/configs/L0_current_masked_seed167400.json,runs/m1674_controller_family_one_seed_public_pilot/profile_runs/L0_current_masked/seed_167400/checkpoint.pt,210210,False,True,True,True,True,False,False,False,False,False,False,False,False,False,False,False,unavoidable
210211,checkpoint,31,True,False,0.5849944716535957,0.7841030313081673,1282.8819249114442,0.8847461551113408,1.2092432820326644,-0.10052294657037186,0.6648229793846782,1.0337136466077914,0.9067302812630471,2.782552375917292,2.782552375917292,23,True,True,unavoidable,True,False,1.618106682852217,1.6396153461843221,-0.021508663332105105,obstacle_collision,False,obstacle_collision,collision_failure,-1.3822440320982778,-0.04458851716446058,0.2120287079628749,0.3152142575329506,0.2679647304244138,0.03930594801953808,0.0,10.316972999389842,0.003412955440580845,1,nan,nan,0.02,5.5,nan,nan,nan,nan,False,nan,0.03930594801953808,0.5091460304514593,False,False,10.266449060722255,0.001301687908414953,0.01693477338794041,10.376336698675782,10.376336698675782,0.0,nan,0.0,31,0.2120287079628749,0.2679647304244138,10.316972999389842,-0.04458851716446058,0,nan,nan,nan,nan,0,nan,nan,nan,nan,m2063-osd-osd_v0_0166_t3::L1_one_step,m2063-osd-osd_v0_0166_t3,osd_v0_0166_t3,T3_active_diagnostic_warmup,m2060_no_rollout_outcome_supported_decisive_generator,warmup_combined_brake_steer_probe,T3_active_diagnostic_warmup|warmup_combined_brake_steer_probe|early|nominal|high|actuator_delay|nominal,m2060_t3_058,,,,,osd_v0_0166_t3,smoke_proxy,t4_staged_warmup_capability,true,false,L1_one_step,runs/m1674_controller_family_one_seed_public_pilot/configs/L1_one_step_seed167400.json,runs/m1674_controller_family_one_seed_public_pilot/profile_runs/L1_one_step/seed_167400/checkpoint.pt,210211,False,True,True,True,True,False,False,False,False,False,False,False,False,False,False,False,unavoidable
210212,checkpoint,31,True,False,0.44822320587858144,0.718972048369872,1176.9125727016594,0.8116638432425237,1.0512515090205314,-0.08678640577471164,0.7014679441990763,0.902407026469993,0.8819361626655278,1.9185486410404755,1.9185486410404757,17,True,True,unavoidable,True,False,1.3965304571399098,1.5380319384300123,-0.14150148129010254,obstacle_collision,False,obstacle_collision,collision_failure,-3.559235012283299,-0.11481403265429997,0.8184501262568696,1.70133189834036,0.24035620587628612,0.035985485121968086,0.0,10.139290056081258,0.003553991438820958,1,nan,nan,0.02,5.5,nan,nan,nan,nan,False,nan,0.035985485121968086,0.482825892960677,False,False,10.230131698367112,0.024160538603176934,0.4089505626294937,10.990614430382161,10.990614430382161,0.0,nan,0.0,31,0.8184501262568696,0.24035620587628612,10.139290056081258,-0.11481403265429997,0,nan,nan,nan,nan,0,nan,nan,nan,nan,m2063-osd-osd_v0_0166_t3::L2_window_50,m2063-osd-osd_v0_0166_t3,osd_v0_0166_t3,T3_active_diagnostic_warmup,m2060_no_rollout_outcome_supported_decisive_generator,warmup_combined_brake_steer_probe,T3_active_diagnostic_warmup|warmup_combined_brake_steer_probe|early|nominal|high|actuator_delay|nominal,m2060_t3_058,,,,,osd_v0_0166_t3,smoke_proxy,t4_staged_warmup_capability,true,false,L2_window_50,runs/m1674_controller_family_one_seed_public_pilot/configs/L2_window_50_seed167400.json,runs/m1674_controller_family_one_seed_public_pilot/profile_runs/L2_window_50/seed_167400/checkpoint.pt,210212,False,True,True,True,True,False,False,False,False,False,False,False,False,False,False,False,unavoidable
210213,checkpoint,27,True,False,0.3359470055682993,0.7878879284151792,1166.7938856644378,0.8046854383892674,1.2042614954809892,0.0699033468527448,1.317761672386495,1.3253596259118647,1.1659881155447427,2.0648063680907605,2.0648063680907605,15,True,True,unavoidable,True,False,1.0838831199496886,1.1114573521931044,-0.02757423224341582,obstacle_collision,False,obstacle_collision,collision_failure,-2.87958697302858,-0.1066513693714289,0.6397144106257799,0.8903149222020197,0.149775426035597,0.033635399864806806,0.0,11.005574559354624,0.0036204038187861443,1,nan,nan,0.02,5.5,nan,nan,nan,nan,False,nan,0.033635399864806806,0.5155391099048436,False,False,11.322741948813988,0.003043981674624245,0.24704320689686768,11.486839421558066,11.486839421558066,0.0,nan,0.0,27,0.6397144106257799,0.149775426035597,11.005574559354624,-0.1066513693714289,0,nan,nan,nan,nan,0,nan,nan,nan,nan,m2063-osd-osd_v0_0166_t3::L3_online_gru,m2063-osd-osd_v0_0166_t3,osd_v0_0166_t3,T3_active_diagnostic_warmup,m2060_no_rollout_outcome_supported_decisive_generator,warmup_combined_brake_steer_probe,T3_active_diagnostic_warmup|warmup_combined_brake_steer_probe|early|nominal|high|actuator_delay|nominal,m2060_t3_058,,,,,osd_v0_0166_t3,smoke_proxy,t4_staged_warmup_capability,true,false,L3_online_gru,runs/m1674_controller_family_one_seed_public_pilot/configs/L3_online_gru_seed167400.json,runs/m1674_controller_family_one_seed_public_pilot/profile_runs/L3_online_gru/seed_167400/checkpoint.pt,210213,False,True,True,True,True,False,False,False,False,False,False,False,False,False,False,False,unavoidable
210214,checkpoint,34,True,False,1.0319580766558218,0.5646658452668423,1377.808907448166,0.9502130396194249,0.9652172242007647,-0.06664153868171674,0.6783501527283032,0.7447778770018676,0.7432114276544068,1.8266001440635018,1.8266001440635016,18,True,True,unavoidable,True,False,1.3607481594653514,1.3985343331628926,-0.037786173697541114,obstacle_collision,False,obstacle_collision,collision_failure,4.241555881815966,0.12475164358282254,0.45577352265217297,0.9902673810956415,0.0900308403721012,0.04491031310654846,0.0,9.387958624317385,0.0014247528742998838,1,nan,nan,0.02,5.5,nan,nan,nan,nan,False,nan,0.04491031310654846,0.4405121342784382,False,False,9.643808547468117,0.010652422097615067,0.14057920748255945,9.852123547752885,9.852123547752885,0.0,nan,0.0,34,0.45577352265217297,0.0900308403721012,9.387958624317385,0.12475164358282254,0,nan,nan,nan,nan,0,nan,nan,nan,nan,m2063-osd-osd_v0_0166_t3::L3_reset_control_corrected,m2063-osd-osd_v0_0166_t3,osd_v0_0166_t3,T3_active_diagnostic_warmup,m2060_no_rollout_outcome_supported_decisive_generator,warmup_combined_brake_steer_probe,T3_active_diagnostic_warmup|warmup_combined_brake_steer_probe|early|nominal|high|actuator_delay|nominal,m2060_t3_058,,,,,osd_v0_0166_t3,smoke_proxy,t4_staged_warmup_capability,true,false,L3_reset_control_corrected,runs/m1674_controller_family_one_seed_public_pilot/configs/L3_reset_control_corrected_seed167400.json,runs/m1674_controller_family_one_seed_public_pilot/profile_runs/L3_reset_control_corrected/seed_167400/checkpoint.pt,210214,False,True,True,True,True,False,False,False,False,False,False,False,False,False,False,False,unavoidable
210215,checkpoint,42,True,False,1.0737891850111825,0.9417151800421909,1808.0666290221293,1.2469425027738823,0.8427322437419145,0.06864663820128647,0.7208209145787448,0.7370355307912139,1.0344889088119855,0.7880011993716578,0.7880011993716579,14,True,True,drift_required,True,False,1.2779500052683004,1.5485106738614873,-0.27056066859318695,obstacle_collision,False,obstacle_collision,collision_failure,8.889767543800168,0.2116611319952421,0.7223564656597248,1.5719655032105848,0.24331153597078675,0.015486031431644306,0.0,17.124057472852968,0.0021263225935399532,1,nan,nan,0.02,4.4,nan,nan,nan,nan,False,nan,0.015486031431644306,0.2377417448899911,False,False,17.396567312608767,0.010950528136469172,0.0981211619909641,18.764658035842032,18.764658035842032,0.0,nan,0.0,42,0.7223564656597248,0.24331153597078675,17.124057472852968,0.2116611319952421,0,nan,nan,nan,nan,0,nan,nan,nan,nan,m2063-osd-osd_v0_0167_t3::L0_current_masked,m2063-osd-osd_v0_0167_t3,osd_v0_0167_t3,T3_active_diagnostic_warmup,m2060_no_rollout_outcome_supported_decisive_generator,warmup_terminal_recovery_probe,T3_active_diagnostic_warmup|warmup_terminal_recovery_probe|medium|tight|straight_or_low|nominal_mu|high,m2060_t3_059,,,,,osd_v0_0167_t3,smoke_proxy,t4_staged_warmup_capability,true,false,L0_current_masked,runs/m1674_controller_family_one_seed_public_pilot/configs/L0_current_masked_seed167400.json,runs/m1674_controller_family_one_seed_public_pilot/profile_runs/L0_current_masked/seed_167400/checkpoint.pt,210215,False,True,True,True,True,False,False,False,False,False,False,False,False,False,False,False,drift_required
210216,checkpoint,35,True,False,0.9889404618591424,0.999793527311595,1723.1476642631535,1.18837769949183,0.819508821174151,0.08914663134790524,1.1030675088066852,1.0965150713544554,0.8740835125086213,0.7289409186612285,0.7289409186612286,21,True,True,drift_required,True,False,1.945539791929234,2.1036508896916857,-0.15811109776245158,obstacle_collision,False,obstacle_collision,collision_failure,2.4615690182847914,0.07033054337956547,0.24791721946559994,0.318990101241333,0.29626365045669495,0.05215291451592819,0.0,15.590653302961774,0.0022398564033210278,1,nan,nan,0.02,4.4,nan,nan,nan,nan,False,nan,0.05215291451592819,0.20032551107644736,False,False,15.446430853829632,0.0010280803077285271,0.03167211784609603,16.240667594580366,16.240667594580366,0.0,nan,0.0,35,0.24791721946559994,0.29626365045669495,15.590653302961774,0.07033054337956547,0,nan,nan,nan,nan,0,nan,nan,nan,nan,m2063-osd-osd_v0_0167_t3::L1_one_step,m2063-osd-osd_v0_0167_t3,osd_v0_0167_t3,T3_active_diagnostic_warmup,m2060_no_rollout_outcome_supported_decisive_generator,warmup_terminal_recovery_probe,T3_active_diagnostic_warmup|warmup_terminal_recovery_probe|medium|tight|straight_or_low|nominal_mu|high,m2060_t3_059,,,,,osd_v0_0167_t3,smoke_proxy,t4_staged_warmup_capability,true,false,L1_one_step,runs/m1674_controller_family_one_seed_public_pilot/configs/L1_one_step_seed167400.json,runs/m1674_controller_family_one_seed_public_pilot/profile_runs/L1_one_step/seed_167400/checkpoint.pt,210216,False,True,True,True,True,False,False,False,False,False,False,False,False,False,False,False,drift_required
210217,checkpoint,38,True,False,0.5947780798781483,0.7808164047479692,1693.3850946248106,1.167851789396421,1.274149601440133,-0.12853356572883756,1.3798970766378373,0.660377841507056,0.9578217572328201,0.8402280676282353,0.8402280676282354,9,True,True,drift_required,True,False,1.4252575161137568,1.5045343185997293,-0.07927680248597246,obstacle_collision,False,obstacle_collision,collision_failure,2.641202164615322,0.06950532012145584,1.0785641623436035,2.365705133307422,0.1545656337142937,0.05921357058815747,0.0,15.23072384010007,0.0034492039121687412,1,nan,nan,0.02,4.4,nan,nan,nan,nan,False,nan,0.05921357058815747,0.5599603598035321,False,False,15.375053920564914,0.05921357058815747,0.5599603598035321,15.857040754269208,15.857040754269208,0.0,nan,0.0,38,1.0785641623436035,0.1545656337142937,15.23072384010007,0.06950532012145584,0,nan,nan,nan,nan,0,nan,nan,nan,nan,m2063-osd-osd_v0_0167_t3::L2_window_50,m2063-osd-osd_v0_0167_t3,osd_v0_0167_t3,T3_active_diagnostic_warmup,m2060_no_rollout_outcome_supported_decisive_generator,warmup_terminal_recovery_probe,T3_active_diagnostic_warmup|warmup_terminal_recovery_probe|medium|tight|straight_or_low|nominal_mu|high,m2060_t3_059,,,,,osd_v0_0167_t3,smoke_proxy,t4_staged_warmup_capability,true,false,L2_window_50,runs/m1674_controller_family_one_seed_public_pilot/configs/L2_window_50_seed167400.json,runs/m1674_controller_family_one_seed_public_pilot/profile_runs/L2_window_50/seed_167400/checkpoint.pt,210217,False,True,True,True,True,False,False,False,False,False,False,False,False,False,False,False,drift_required
210218,checkpoint,36,True,False,1.0285684976319511,0.8531732718001513,1696.3171837839463,1.1698739198509975,1.0020606605190774,-0.03272423528672608,1.4196024092170476,0.6019767255790498,0.9270715125846292,1.0231865687750454,1.0231865687750454,24,True,True,drift_required,True,False,1.6200332303511096,1.8660017893001197,-0.24596855894901015,obstacle_collision,False,obstacle_collision,collision_failure,7.108907543376269,0.19746965398267413,0.497383715415299,1.0312423696091244,0.03903037499606297,0.02548917547652498,0.0,16.737930111698724,0.0019271158380433917,1,nan,nan,0.02,4.4,nan,nan,nan,nan,False,nan,0.02548917547652498,0.2331712509178837,False,False,17.257458633213258,0.0005647026693185125,0.1705677104434397,18.50464055033731,18.50464055033731,0.0,nan,0.0,36,0.497383715415299,0.03903037499606297,16.737930111698724,0.19746965398267413,0,nan,nan,nan,nan,0,nan,nan,nan,nan,m2063-osd-osd_v0_0167_t3::L3_online_gru,m2063-osd-osd_v0_0167_t3,osd_v0_0167_t3,T3_active_diagnostic_warmup,m2060_no_rollout_outcome_supported_decisive_generator,warmup_terminal_recovery_probe,T3_active_diagnostic_warmup|warmup_terminal_recovery_probe|medium|tight|straight_or_low|nominal_mu|high,m2060_t3_059,,,,,osd_v0_0167_t3,smoke_proxy,t4_staged_warmup_capability,true,false,L3_online_gru,runs/m1674_controller_family_one_seed_public_pilot/configs/L3_online_gru_seed167400.json,runs/m1674_controller_family_one_seed_public_pilot/profile_runs/L3_online_gru/seed_167400/checkpoint.pt,210218,False,True,True,True,True,False,False,False,False,False,False,False,False,False,False,False,drift_required
210219,checkpoint,41,True,False,1.0734181017937614,0.9470829462409132,1693.895942461378,1.168204098249226,0.9887941670998703,0.03246010097704333,1.3964332692942731,1.033858600727807,0.85464805838868,0.842535232778982,0.842535232778982,25,True,True,drift_required,True,False,1.557872448662416,1.7503437614266546,-0.19247131276423857,obstacle_collision,False,obstacle_collision,collision_failure,9.343223415324786,0.22788349793475088,0.33393124653315553,0.6174306312138427,0.2844837509607173,0.028408978345686488,0.0,16.336585092375444,0.0007390365935862064,1,nan,nan,0.02,4.4,nan,nan,nan,nan,False,nan,0.028408978345686488,0.22687315072271522,False,False,16.499493036138706,0.0010911996299140967,0.1846583670248284,17.480861036477336,17.480861036477336,0.0,nan,0.0,41,0.33393124653315553,0.2844837509607173,16.336585092375444,0.22788349793475088,0,nan,nan,nan,nan,0,nan,nan,nan,nan,m2063-osd-osd_v0_0167_t3::L3_reset_control_corrected,m2063-osd-osd_v0_0167_t3,osd_v0_0167_t3,T3_active_diagnostic_warmup,m2060_no_rollout_outcome_supported_decisive_generator,warmup_terminal_recovery_probe,T3_active_diagnostic_warmup|warmup_terminal_recovery_probe|medium|tight|straight_or_low|nominal_mu|high,m2060_t3_059,,,,,osd_v0_0167_t3,smoke_proxy,t4_staged_warmup_capability,true,false,L3_reset_control_corrected,runs/m1674_controller_family_one_seed_public_pilot/configs/L3_reset_control_corrected_seed167400.json,runs/m1674_controller_family_one_seed_public_pilot/profile_runs/L3_reset_control_corrected/seed_167400/checkpoint.pt,210219,False,True,True,True,True,False,False,False,False,False,False,False,False,False,False,False,drift_required
210220,checkpoint,29,True,False,0.6839627797682709,0.9040461908561628,1176.3926351642847,0.8113052656305412,1.2004387756689865,0.019453894862625942,0.5939540723046156,1.1639531895813753,0.6590722716879782,1.7623921082010305,1.7623921082010305,15,True,True,drift_required,True,False,1.3029470600288924,1.41201939405329,-0.10907233402439753,obstacle_collision,False,obstacle_collision,collision_failure,-3.8673881471620675,-0.13335821197110578,0.4089830244063009,0.8394240546652654,0.27270468746339016,0.030678528110611267,0.0,11.019078267514546,0.003975736442953348,1,nan,nan,0.02,5.5,nan,nan,nan,nan,False,nan,0.030678528110611267,0.558137161487405,False,False,10.62063063404431,0.00045161580238561985,0.06071498577820792,11.172289610645313,11.172289610645313,0.0,nan,0.0,29,0.4089830244063009,0.27270468746339016,11.019078267514546,-0.13335821197110578,0,nan,nan,nan,nan,0,nan,nan,nan,nan,m2063-osd-osd_v0_0168_t4::L0_current_masked,m2063-osd-osd_v0_0168_t4,osd_v0_0168_t4,T4_variable_diagnostic_delay,m2060_no_rollout_outcome_supported_decisive_generator,short_delay_brake_evidence,T4_variable_diagnostic_delay|short_delay_brake_evidence|early|nominal|high|mixed_mu|nominal,m2060_t4_000,,,,,osd_v0_0168_t4,smoke_proxy,t4_actuator_delay_response,true,false,L0_current_masked,runs/m1674_controller_family_one_seed_public_pilot/configs/L0_current_masked_seed167400.json,runs/m1674_controller_family_one_seed_public_pilot/profile_runs/L0_current_masked/seed_167400/checkpoint.pt,210220,False,True,True,True,True,False,False,False,False,False,False,False,False,False,False,False,drift_required
210221,checkpoint,46,True,False,0.8693677193390719,0.4342462340544728,1758.017803400437,1.2124260713106463,0.8569645599200242,-0.08033685085818143,0.8676318928693474,1.3367792055611754,0.7464897937841031,1.6062412073104977,1.606241207310498,27,True,True,drift_required,True,False,1.4629317930458832,1.5088229181002886,-0.0458911250544054,obstacle_collision,False,obstacle_collision,collision_failure,11.497037664426237,0.2499356014005704,0.6384736850770611,1.2144248191775802,0.23289253153903092,0.01105488036486301,0.0,7.612786369466401,0.002604538341984153,1,nan,nan,0.02,5.5,nan,nan,nan,nan,False,nan,0.01105488036486301,0.3504341677682501,False,False,7.093321909571161,0.00912201826165657,0.05850758429344118,7.33318930240336,7.33318930240336,0.0,nan,0.0,46,0.6384736850770611,0.23289253153903092,7.612786369466401,0.2499356014005704,0,nan,nan,nan,nan,0,nan,nan,nan,nan,m2063-osd-osd_v0_0168_t4::L1_one_step,m2063-osd-osd_v0_0168_t4,osd_v0_0168_t4,T4_variable_diagnostic_delay,m2060_no_rollout_outcome_supported_decisive_generator,short_delay_brake_evidence,T4_variable_diagnostic_delay|short_delay_brake_evidence|early|nominal|high|mixed_mu|nominal,m2060_t4_000,,,,,osd_v0_0168_t4,smoke_proxy,t4_actuator_delay_response,true,false,L1_one_step,runs/m1674_controller_family_one_seed_public_pilot/configs/L1_one_step_seed167400.json,runs/m1674_controller_family_one_seed_public_pilot/profile_runs/L1_one_step/seed_167400/checkpoint.pt,210221,False,True,True,True,True,False,False,False,False,False,False,False,False,False,False,False,drift_required
210222,checkpoint,23,True,False,0.8764921494098019,1.0459172036459377,1364.377298794144,0.9409498612373407,0.8035651866529374,-0.03887755919487401,0.9438601942816719,0.5575544492276429,1.0531998131600202,1.4983043333307826,1.4983043333307826,12,True,True,unavoidable,True,False,1.6280422695587684,1.8431953948818651,-0.21515312532309672,obstacle_collision,False,obstacle_collision,collision_failure,-7.524546914337204,-0.32715421366683495,0.44081011642644025,0.9154581341872934,0.16208173316399024,0.05319571425634258,0.0,11.762861574180786,0.005151263438165188,1,nan,nan,0.02,5.5,nan,nan,nan,nan,False,nan,0.05319571425634258,0.5731339711126838,False,False,12.092159082691213,0.020692221237919004,0.5731339711126838,13.235584217036925,13.235584217036925,0.0,nan,0.0,23,0.44081011642644025,0.16208173316399024,11.762861574180786,-0.32715421366683495,0,nan,nan,nan,nan,0,nan,nan,nan,nan,m2063-osd-osd_v0_0168_t4::L2_window_50,m2063-osd-osd_v0_0168_t4,osd_v0_0168_t4,T4_variable_diagnostic_delay,m2060_no_rollout_outcome_supported_decisive_generator,short_delay_brake_evidence,T4_variable_diagnostic_delay|short_delay_brake_evidence|early|nominal|high|mixed_mu|nominal,m2060_t4_000,,,,,osd_v0_0168_t4,smoke_proxy,t4_actuator_delay_response,true,false,L2_window_50,runs/m1674_controller_family_one_seed_public_pilot/configs/L2_window_50_seed167400.json,runs/m1674_controller_family_one_seed_public_pilot/profile_runs/L2_window_50/seed_167400/checkpoint.pt,210222,False,True,True,True,True,False,False,False,False,False,False,False,False,False,False,False,unavoidable
210223,checkpoint,29,True,False,0.46853508491909673,0.7910711526691319,1341.0165115606135,0.9248389734900783,0.8635416648211733,0.06897606451332416,1.046405735280106,0.9620570155364814,1.1329094183771735,0.9879920250721407,0.9879920250721408,12,True,True,drift_required,True,False,1.1559157244229539,1.2801994284663343,-0.1242837040433804,obstacle_collision,False,obstacle_collision,collision_failure,0.5340822998148518,0.01841663102809834,0.37736554594899757,0.7644309129939337,0.17922891739041596,0.009010722865255678,0.0,10.543775820769808,0.003051003208383918,1,nan,nan,0.02,5.5,nan,nan,nan,nan,False,nan,0.009010722865255678,0.4374035232545424,False,False,11.067285108919176,0.007153609830639069,0.17283560957295915,11.709563995008693,11.709563995008693,0.0,nan,0.0,29,0.37736554594899757,0.17922891739041596,10.543775820769808,0.01841663102809834,0,nan,nan,nan,nan,0,nan,nan,nan,nan,m2063-osd-osd_v0_0168_t4::L3_online_gru,m2063-osd-osd_v0_0168_t4,osd_v0_0168_t4,T4_variable_diagnostic_delay,m2060_no_rollout_outcome_supported_decisive_generator,short_delay_brake_evidence,T4_variable_diagnostic_delay|short_delay_brake_evidence|early|nominal|high|mixed_mu|nominal,m2060_t4_000,,,,,osd_v0_0168_t4,smoke_proxy,t4_actuator_delay_response,true,false,L3_online_gru,runs/m1674_controller_family_one_seed_public_pilot/configs/L3_online_gru_seed167400.json,runs/m1674_controller_family_one_seed_public_pilot/profile_runs/L3_online_gru/seed_167400/checkpoint.pt,210223,False,True,True,True,True,False,False,False,False,False,False,False,False,False,False,False,drift_required
210224,checkpoint,33,True,False,0.46428299439704007,0.6510726253565611,1824.7525809478295,1.2584500558260894,1.0886743089515876,0.06819151285677005,0.6587254927840074,0.6102088358327256,1.2762060087222624,0.9595773434526825,0.9595773434526826,18,True,True,drift_required,True,False,1.4913627562010807,1.5339234694071395,-0.04256071320605881,obstacle_collision,False,obstacle_collision,collision_failure,7.6908418541696975,0.2330558137627181,0.3693353949173314,0.8439800632109815,0.05279227093529591,0.038772796093132174,0.0,10.490579683209962,0.0016699068946763873,1,nan,nan,0.02,5.5,nan,nan,nan,nan,False,nan,0.038772796093132174,0.46679917338564475,False,False,11.164632341709202,0.038772796093132174,0.32852082240504316,11.429674388026566,11.429674388026566,0.0,nan,0.0,33,0.3693353949173314,0.05279227093529591,10.490579683209962,0.2330558137627181,0,nan,nan,nan,nan,0,nan,nan,nan,nan,m2063-osd-osd_v0_0168_t4::L3_reset_control_corrected,m2063-osd-osd_v0_0168_t4,osd_v0_0168_t4,T4_variable_diagnostic_delay,m2060_no_rollout_outcome_supported_decisive_generator,short_delay_brake_evidence,T4_variable_diagnostic_delay|short_delay_brake_evidence|early|nominal|high|mixed_mu|nominal,m2060_t4_000,,,,,osd_v0_0168_t4,smoke_proxy,t4_actuator_delay_response,true,false,L3_reset_control_corrected,runs/m1674_controller_family_one_seed_public_pilot/configs/L3_reset_control_corrected_seed167400.json,runs/m1674_controller_family_one_seed_public_pilot/profile_runs/L3_reset_control_corrected/seed_167400/checkpoint.pt,210224,False,True,True,True,True,False,False,False,False,False,False,False,False,False,False,False,drift_required
210225,checkpoint,32,True,False,0.9984726899337417,0.7368548270013899,1373.1443159318728,0.9469960799530157,1.1614649994428978,-0.04859474276847764,1.4023120417881767,0.5707806035300594,0.6248556692960019,2.4754518907112786,2.4754518907112786,27,True,True,unavoidable,True,False,1.8358098478013432,1.901174870509478,-0.06536502270813482,obstacle_collision,False,obstacle_collision,collision_failure,1.606088836890148,0.050190276152817126,0.43946800218964793,0.8560799492901126,0.039122034071031986,0.01508644749107888,0.0,18.107583504504063,0.0037420804146677256,1,nan,nan,0.02,4.4,nan,nan,nan,nan,False,nan,0.01508644749107888,0.24651483686138806,False,False,18.13617458491732,0.0015789584351647919,0.04412638142550471,18.46820181581813,18.46820181581813,0.0,nan,0.0,32,0.43946800218964793,0.039122034071031986,18.107583504504063,0.050190276152817126,0,nan,nan,nan,nan,0,nan,nan,nan,nan,m2063-osd-osd_v0_0169_t4::L0_current_masked,m2063-osd-osd_v0_0169_t4,osd_v0_0169_t4,T4_variable_diagnostic_delay,m2060_no_rollout_outcome_supported_decisive_generator,medium_delay_yaw_evidence,T4_variable_diagnostic_delay|medium_delay_yaw_evidence|medium|tight|straight_or_low|actuator_delay|high,m2060_t4_001,,,,,osd_v0_0169_t4,smoke_proxy,t4_actuator_delay_response,true,false,L0_current_masked,runs/m1674_controller_family_one_seed_public_pilot/configs/L0_current_masked_seed167400.json,runs/m1674_controller_family_one_seed_public_pilot/profile_runs/L0_current_masked/seed_167400/checkpoint.pt,210225,False,True,True,True,True,False,False,False,False,False,False,False,False,False,False,False,unavoidable
210226,checkpoint,37,True,False,0.33070296454562875,0.7993169389411026,1268.0689024026206,0.8745302775190487,1.071824182518245,-0.010738235222728765,0.9917328378572279,1.145003925674302,0.8493530574898893,2.720104659957773,2.720104659957773,31,True,True,unavoidable,True,False,1.8169809173724012,2.051576826779042,-0.23459590940664077,obstacle_collision,False,obstacle_collision,collision_failure,2.505227525357448,0.06770885203668778,0.8607683301959997,1.6837050559039994,0.20433612634206044,0.011390465895576997,0.0,19.586649949207132,0.0035596180241554976,1,nan,nan,0.02,4.4,nan,nan,nan,nan,False,nan,0.011390465895576997,0.2841565396212212,False,False,19.319437319132355,0.0024171385186531175,0.022529127382441397,20.495878348163128,20.495878348163128,0.0,nan,0.0,37,0.8607683301959997,0.20433612634206044,19.586649949207132,0.06770885203668778,0,nan,nan,nan,nan,0,nan,nan,nan,nan,m2063-osd-osd_v0_0169_t4::L1_one_step,m2063-osd-osd_v0_0169_t4,osd_v0_0169_t4,T4_variable_diagnostic_delay,m2060_no_rollout_outcome_supported_decisive_generator,medium_delay_yaw_evidence,T4_variable_diagnostic_delay|medium_delay_yaw_evidence|medium|tight|straight_or_low|actuator_delay|high,m2060_t4_001,,,,,osd_v0_0169_t4,smoke_proxy,t4_actuator_delay_response,true,false,L1_one_step,runs/m1674_controller_family_one_seed_public_pilot/configs/L1_one_step_seed167400.json,runs/m1674_controller_family_one_seed_public_pilot/profile_runs/L1_one_step/seed_167400/checkpoint.pt,210226,False,True,True,True,True,False,False,False,False,False,False,False,False,False,False,False,unavoidable
210227,checkpoint,32,True,False,0.945773613810823,0.8422348920717471,1487.4451810986177,1.025824262826633,0.8768527174549599,0.06654409521059446,1.2540168729973067,1.2434867173066328,1.1885131224220835,1.8231697747455597,1.82316977474556,26,True,True,unavoidable,True,False,1.9082395215526984,1.972676554049015,-0.0644370324963166,obstacle_collision,False,obstacle_collision,collision_failure,-2.8326384024126074,-0.08851995007539398,0.5537657171140101,1.3376258305052247,0.29297359769853754,0.015270043390929532,0.0,13.92700970286333,0.004068498965352774,1,nan,nan,0.02,4.4,nan,nan,nan,nan,False,nan,0.015270043390929532,0.6107497897648603,False,False,13.843936793844925,0.0015070242566440867,0.6107497897648603,14.227950447431315,14.227950447431315,0.0,nan,0.0,32,0.5537657171140101,0.29297359769853754,13.92700970286333,-0.08851995007539398,0,nan,nan,nan,nan,0,nan,nan,nan,nan,m2063-osd-osd_v0_0169_t4::L2_window_50,m2063-osd-osd_v0_0169_t4,osd_v0_0169_t4,T4_variable_diagnostic_delay,m2060_no_rollout_outcome_supported_decisive_generator,medium_delay_yaw_evidence,T4_variable_diagnostic_delay|medium_delay_yaw_evidence|medium|tight|straight_or_low|actuator_delay|high,m2060_t4_001,,,,,osd_v0_0169_t4,smoke_proxy,t4_actuator_delay_response,true,false,L2_window_50,runs/m1674_controller_family_one_seed_public_pilot/configs/L2_window_50_seed167400.json,runs/m1674_controller_family_one_seed_public_pilot/profile_runs/L2_window_50/seed_167400/checkpoint.pt,210227,False,True,True,True,True,False,False,False,False,False,False,False,False,False,False,False,unavoidable
210228,checkpoint,73,False,True,0.5449745346831492,0.4581431614766169,1818.0116339237309,1.2538011268439524,1.2667816283549789,0.10006226796685724,1.4125650657770947,1.108883488873586,0.8547589732917225,2.520887558874313,2.520887558874313,34,True,True,aes_feasible,False,True,2.0283559803053794,1.3523519830889232,0.6760039972164562,,True,obstacle_pass,success_obstacle_pass,89.40063717044691,1.2246662626088618,0.4753408395573384,1.1715774607419362,0.1740862374220147,0.030815203755392602,0.0,14.754281762672939,0.0012920062290504575,1,nan,nan,0.02,4.4,73.0,1.46,73.0,1.46,True,0.0,0.030815203755392602,0.22057049913179994,False,True,nan,nan,nan,nan,0.0,0.0,nan,0.0,73,0.4753408395573384,0.1740862374220147,14.754281762672939,1.2246662626088618,0,nan,nan,nan,nan,0,nan,nan,nan,nan,m2063-osd-osd_v0_0169_t4::L3_online_gru,m2063-osd-osd_v0_0169_t4,osd_v0_0169_t4,T4_variable_diagnostic_delay,m2060_no_rollout_outcome_supported_decisive_generator,medium_delay_yaw_evidence,T4_variable_diagnostic_delay|medium_delay_yaw_evidence|medium|tight|straight_or_low|actuator_delay|high,m2060_t4_001,,,,,osd_v0_0169_t4,smoke_proxy,t4_actuator_delay_response,true,false,L3_online_gru,runs/m1674_controller_family_one_seed_public_pilot/configs/L3_online_gru_seed167400.json,runs/m1674_controller_family_one_seed_public_pilot/profile_runs/L3_online_gru/seed_167400/checkpoint.pt,210228,True,True,True,True,True,False,False,False,False,False,False,False,False,False,False,False,aes_feasible
210229,checkpoint,33,True,False,1.0902237705911164,0.7162959037468389,1408.6599599509836,0.9714896275524025,1.193123790861929,-0.043726084371991325,1.1292818013302406,0.9001628144503235,0.8267695902466929,1.9579054311366757,1.9579054311366757,17,True,True,unavoidable,True,False,1.3128168738338917,1.4068787411140171,-0.09406186728012544,obstacle_collision,False,obstacle_collision,collision_failure,2.509225694177463,0.0760371422478019,0.2509521281474835,0.5421377491835031,0.18115562771424884,0.012850727152717203,0.0,15.558679131217263,0.0012495893752202392,1,nan,nan,0.02,4.4,nan,nan,nan,nan,False,nan,0.012850727152717203,0.2192181250702392,False,False,15.76730212095465,0.0012687675889132641,0.15547116917150383,16.253792958066885,16.253792958066885,0.0,nan,0.0,33,0.2509521281474835,0.18115562771424884,15.558679131217263,0.0760371422478019,0,nan,nan,nan,nan,0,nan,nan,nan,nan,m2063-osd-osd_v0_0169_t4::L3_reset_control_corrected,m2063-osd-osd_v0_0169_t4,osd_v0_0169_t4,T4_variable_diagnostic_delay,m2060_no_rollout_outcome_supported_decisive_generator,medium_delay_yaw_evidence,T4_variable_diagnostic_delay|medium_delay_yaw_evidence|medium|tight|straight_or_low|actuator_delay|high,m2060_t4_001,,,,,osd_v0_0169_t4,smoke_proxy,t4_actuator_delay_response,true,false,L3_reset_control_corrected,runs/m1674_controller_family_one_seed_public_pilot/configs/L3_reset_control_corrected_seed167400.json,runs/m1674_controller_family_one_seed_public_pilot/profile_runs/L3_reset_control_corrected/seed_167400/checkpoint.pt,210229,False,True,True,True,True,False,False,False,False,False,False,False,False,False,False,False,unavoidable
210230,checkpoint,6,True,False,0.7789083350751488,0.7789083350751488,1367.1102354271907,0.9428346451222005,0.9407380682857076,0.05137076218801773,0.6693478306908547,0.5938209480161387,0.8542018237495606,1.161561292789107,1.161561292789107,8,False,True,unavoidable,True,False,1.5911507488336287,1.6463101597243406,-0.05515941089071186,obstacle_collision,False,obstacle_collision,collision_failure,-26.62013922834577,-4.4366898713909615,0.20271151040246893,0.2415473146841478,0.19504706355550097,0.019629754143760222,0.0,7.386722189848032,0.0032958872616291046,1,nan,nan,0.02,7.0,nan,nan,nan,nan,False,nan,0.019629754143760222,0.17445494515830356,False,False,7.413105436351848,0.0024219589797770027,0.039276314038967475,7.694041101699193,7.694041101699193,0.0,nan,0.0,6,0.20271151040246893,0.19504706355550097,7.386722189848032,-4.4366898713909615,0,nan,nan,nan,nan,0,nan,nan,nan,nan,m2063-osd-osd_v0_0170_t4::L0_current_masked,m2063-osd-osd_v0_0170_t4,osd_v0_0170_t4,T4_variable_diagnostic_delay,m2060_no_rollout_outcome_supported_decisive_generator,long_delay_steer_lag_evidence,T4_variable_diagnostic_delay|long_delay_steer_lag_evidence|late|generous|moderate|nominal_mu|low,m2060_t4_002,,,,,osd_v0_0170_t4,smoke_proxy,t4_actuator_delay_response,true,false,L0_current_masked,runs/m1674_controller_family_one_seed_public_pilot/configs/L0_current_masked_seed167400.json,runs/m1674_controller_family_one_seed_public_pilot/profile_runs/L0_current_masked/seed_167400/checkpoint.pt,210230,False,True,True,True,True,False,False,False,False,False,False,False,False,False,False,False,unavoidable
210231,checkpoint,17,True,False,0.7752101305797254,0.9133949006188161,1624.206340030272,1.1201423034691531,0.8192495294375459,0.11066334135786815,0.7007577214928957,1.2742229938301337,0.82724262454217,0.7613626366684048,0.7613626366684048,10,True,True,unavoidable,True,False,1.3550579549477866,1.4350633348332793,-0.08000537988549272,obstacle_collision,False,obstacle_collision,collision_failure,-14.505080272931203,-0.8532400160547766,0.12111507666961711,0.21262012881529557,0.044130575848436604,0.016597775480364556,0.0,9.54479055488002,0.0022042780183255672,1,nan,nan,0.02,7.0,nan,nan,nan,nan,False,nan,0.016597775480364556,0.2307825642570306,False,False,9.404781607833376,0.0003691181562381242,0.028485672881780416,9.807841633627138,9.807841633627138,0.0,nan,0.0,17,0.12111507666961711,0.044130575848436604,9.54479055488002,-0.8532400160547766,0,nan,nan,nan,nan,0,nan,nan,nan,nan,m2063-osd-osd_v0_0170_t4::L1_one_step,m2063-osd-osd_v0_0170_t4,osd_v0_0170_t4,T4_variable_diagnostic_delay,m2060_no_rollout_outcome_supported_decisive_generator,long_delay_steer_lag_evidence,T4_variable_diagnostic_delay|long_delay_steer_lag_evidence|late|generous|moderate|nominal_mu|low,m2060_t4_002,,,,,osd_v0_0170_t4,smoke_proxy,t4_actuator_delay_response,true,false,L1_one_step,runs/m1674_controller_family_one_seed_public_pilot/configs/L1_one_step_seed167400.json,runs/m1674_controller_family_one_seed_public_pilot/profile_runs/L1_one_step/seed_167400/checkpoint.pt,210231,False,True,True,True,True,False,False,False,False,False,False,False,False,False,False,False,unavoidable
210232,checkpoint,10,True,False,0.9592187147044676,0.9592187147044676,1224.6534028415228,0.8445885536838088,1.0936219405604009,0.1369076431606051,1.1112595951418975,0.9849610511946744,0.6342259783117247,0.8587291278836179,0.858729127883618,11,False,True,unavoidable,True,False,1.6961299801024992,1.8250533525702242,-0.128923372467725,obstacle_collision,False,obstacle_collision,collision_failure,-22.8917488818029,-2.2891748881802902,0.49765978920692666,0.5607589009524503,0.2858777931529094,0.04966682492624462,0.0,7.084939535351658,0.004733985289931297,1,nan,nan,0.02,7.0,nan,nan,nan,nan,False,nan,0.04966682492624462,0.3123881535094365,False,False,6.9883974890592615,0.04966682492624462,0.3123881535094365,7.689086579211952,7.689086579211952,0.0,nan,0.0,10,0.49765978920692666,0.2858777931529094,7.084939535351658,-2.2891748881802902,0,nan,nan,nan,nan,0,nan,nan,nan,nan,m2063-osd-osd_v0_0170_t4::L2_window_50,m2063-osd-osd_v0_0170_t4,osd_v0_0170_t4,T4_variable_diagnostic_delay,m2060_no_rollout_outcome_supported_decisive_generator,long_delay_steer_lag_evidence,T4_variable_diagnostic_delay|long_delay_steer_lag_evidence|late|generous|moderate|nominal_mu|low,m2060_t4_002,,,,,osd_v0_0170_t4,smoke_proxy,t4_actuator_delay_response,true,false,L2_window_50,runs/m1674_controller_family_one_seed_public_pilot/configs/L2_window_50_seed167400.json,runs/m1674_controller_family_one_seed_public_pilot/profile_runs/L2_window_50/seed_167400/checkpoint.pt,210232,False,True,True,True,True,False,False,False,False,False,False,False,False,False,False,False,unavoidable
210233,checkpoint,26,True,False,0.7150134574298288,0.7538640399142117,1595.08180336281,1.1000564161122828,1.2533105165210543,-0.03927451872233112,0.9902995280640831,1.028976726568809,1.136846964803936,0.7546966596770744,0.7546966596770744,15,True,True,unavoidable,True,False,0.9828956671224199,1.1883984191206738,-0.20550275199825385,obstacle_collision,False,obstacle_collision,collision_failure,-2.791701565292687,-0.10737313712664182,0.25110187271259743,0.403830551699329,0.10834979155312882,0.02037861796210208,0.0,10.477205865744947,0.0025435283314436674,1,nan,nan,0.02,7.0,nan,nan,nan,nan,False,nan,0.02037861796210208,0.26360765066819464,False,False,10.851025166713377,0.008386067996593418,0.1320558522535354,11.895937545928296,11.895937545928296,0.0,nan,0.0,26,0.25110187271259743,0.10834979155312882,10.477205865744947,-0.10737313712664182,0,nan,nan,nan,nan,0,nan,nan,nan,nan,m2063-osd-osd_v0_0170_t4::L3_online_gru,m2063-osd-osd_v0_0170_t4,osd_v0_0170_t4,T4_variable_diagnostic_delay,m2060_no_rollout_outcome_supported_decisive_generator,long_delay_steer_lag_evidence,T4_variable_diagnostic_delay|long_delay_steer_lag_evidence|late|generous|moderate|nominal_mu|low,m2060_t4_002,,,,,osd_v0_0170_t4,smoke_proxy,t4_actuator_delay_response,true,false,L3_online_gru,runs/m1674_controller_family_one_seed_public_pilot/configs/L3_online_gru_seed167400.json,runs/m1674_controller_family_one_seed_public_pilot/profile_runs/L3_online_gru/seed_167400/checkpoint.pt,210233,False,True,True,True,True,False,False,False,False,False,False,False,False,False,False,False,unavoidable
210234,checkpoint,10,True,False,0.8534090614021643,0.760469824657018,1580.318564666072,1.0898748721834979,1.197803061911944,0.04556597706767018,1.3019257456192452,1.1160300592366523,1.077354027438465,1.2827743081727996,1.2827743081727996,9,True,True,unavoidable,True,False,1.3442606163915425,1.419962283746409,-0.0757016673548665,obstacle_collision,False,obstacle_collision,collision_failure,-21.804608113341907,-2.1804608113341906,0.4385563170324889,0.49106829365570803,0.10757493088604755,0.07300308985301723,0.0,7.284630509174687,0.0026684878394007683,1,nan,nan,0.02,7.0,nan,nan,nan,nan,False,nan,0.07300308985301723,0.2127819042791173,False,False,7.354302645757375,0.014831993290085341,0.095789744421681,7.749805953618919,7.749805953618919,0.0,nan,0.0,10,0.4385563170324889,0.10757493088604755,7.284630509174687,-2.1804608113341906,0,nan,nan,nan,nan,0,nan,nan,nan,nan,m2063-osd-osd_v0_0170_t4::L3_reset_control_corrected,m2063-osd-osd_v0_0170_t4,osd_v0_0170_t4,T4_variable_diagnostic_delay,m2060_no_rollout_outcome_supported_decisive_generator,long_delay_steer_lag_evidence,T4_variable_diagnostic_delay|long_delay_steer_lag_evidence|late|generous|moderate|nominal_mu|low,m2060_t4_002,,,,,osd_v0_0170_t4,smoke_proxy,t4_actuator_delay_response,true,false,L3_reset_control_corrected,runs/m1674_controller_family_one_seed_public_pilot/configs/L3_reset_control_corrected_seed167400.json,runs/m1674_controller_family_one_seed_public_pilot/profile_runs/L3_reset_control_corrected/seed_167400/checkpoint.pt,210234,False,True,True,True,True,False,False,False,False,False,False,False,False,False,False,False,unavoidable
210235,checkpoint,41,True,False,0.8902574103981544,0.37261801132456646,1714.0276053855255,1.1820880037141555,0.9554633758129257,0.07285060122054121,1.0762122514940349,0.9562093146860837,0.7843169051880758,1.618184195691668,1.618184195691668,14,True,True,unavoidable,True,False,1.5523490235942177,1.686298926501781,-0.13394990290756326,obstacle_collision,False,obstacle_collision,collision_failure,7.658808112782488,0.1868001978727436,0.35671830657243175,0.7939218476475105,0.27805685851743445,0.028900154426214672,0.0,7.377841469235398,0.0011083130957558751,1,nan,nan,0.02,5.5,nan,nan,nan,nan,False,nan,0.028900154426214672,0.3375991641167683,False,False,7.2914359111387395,0.001540604562225962,0.011534183339327963,7.963109146291602,7.963109146291602,0.0,nan,0.0,41,0.35671830657243175,0.27805685851743445,7.377841469235398,0.1868001978727436,0,nan,nan,nan,nan,0,nan,nan,nan,nan,m2063-osd-osd_v0_0171_t4::L0_current_masked,m2063-osd-osd_v0_0171_t4,osd_v0_0171_t4,T4_variable_diagnostic_delay,m2060_no_rollout_outcome_supported_decisive_generator,variable_delay_mixed_authority,T4_variable_diagnostic_delay|variable_delay_mixed_authority|early|nominal|high|low_mu|nominal,m2060_t4_003,,,,,osd_v0_0171_t4,smoke_proxy,t4_actuator_delay_response,true,false,L0_current_masked,runs/m1674_controller_family_one_seed_public_pilot/configs/L0_current_masked_seed167400.json,runs/m1674_controller_family_one_seed_public_pilot/profile_runs/L0_current_masked/seed_167400/checkpoint.pt,210235,False,True,True,True,True,False,False,False,False,False,False,False,False,False,False,False,unavoidable
210236,checkpoint,39,True,False,0.7933836377674007,0.4200226789611536,1525.8639459303993,1.0523199627106201,0.9666904473501332,0.13005099536261966,0.6389631732943228,0.6979301844681802,0.7814229662227172,0.8189836955209694,0.8189836955209693,31,True,True,unavoidable,True,False,1.4868260948194294,1.5329331356744815,-0.04610704085505213,obstacle_collision,False,obstacle_collision,collision_failure,5.297218231748239,0.13582610850636512,1.0580666749530632,1.760716173273991,0.11468370634553442,0.04197934519831343,0.0,8.046114980573899,0.0014282430056482553,1,nan,nan,0.02,5.5,nan,nan,nan,nan,False,nan,0.04197934519831343,0.38447156816705386,False,False,8.186813376434529,0.001193499092368326,0.01430335666024944,8.419375665922,8.419375665922,0.0,nan,0.0,39,1.0580666749530632,0.11468370634553442,8.046114980573899,0.13582610850636512,0,nan,nan,nan,nan,0,nan,nan,nan,nan,m2063-osd-osd_v0_0171_t4::L1_one_step,m2063-osd-osd_v0_0171_t4,osd_v0_0171_t4,T4_variable_diagnostic_delay,m2060_no_rollout_outcome_supported_decisive_generator,variable_delay_mixed_authority,T4_variable_diagnostic_delay|variable_delay_mixed_authority|early|nominal|high|low_mu|nominal,m2060_t4_003,,,,,osd_v0_0171_t4,smoke_proxy,t4_actuator_delay_response,true,false,L1_one_step,runs/m1674_controller_family_one_seed_public_pilot/configs/L1_one_step_seed167400.json,runs/m1674_controller_family_one_seed_public_pilot/profile_runs/L1_one_step/seed_167400/checkpoint.pt,210236,False,True,True,True,True,False,False,False,False,False,False,False,False,False,False,False,unavoidable
210237,checkpoint,43,True,False,1.0645845825088416,0.40253813214374123,1665.3487975502921,1.1485164121036497,1.194107803783134,0.07099643354996155,0.8458980202822033,1.193798927033159,0.7202906017802633,1.3127400996724843,1.312740099672484,29,True,True,unavoidable,True,False,1.8232254394687857,1.8333718429762547,-0.010146403507468982,obstacle_collision,False,obstacle_collision,collision_failure,10.453282013617624,0.24309958171203777,0.731874899136382,1.6019930876287454,0.0610444781614799,0.04954904472913915,0.0,7.4232315075480315,0.002319192513823509,1,nan,nan,0.02,5.5,nan,nan,nan,nan,False,nan,0.04954904472913915,0.3653183837065864,False,False,7.100947609463669,0.042008223981972834,0.33062045973058873,7.20574578496506,7.20574578496506,0.0,nan,0.0,43,0.731874899136382,0.0610444781614799,7.4232315075480315,0.24309958171203777,0,nan,nan,nan,nan,0,nan,nan,nan,nan,m2063-osd-osd_v0_0171_t4::L2_window_50,m2063-osd-osd_v0_0171_t4,osd_v0_0171_t4,T4_variable_diagnostic_delay,m2060_no_rollout_outcome_supported_decisive_generator,variable_delay_mixed_authority,T4_variable_diagnostic_delay|variable_delay_mixed_authority|early|nominal|high|low_mu|nominal,m2060_t4_003,,,,,osd_v0_0171_t4,smoke_proxy,t4_actuator_delay_response,true,false,L2_window_50,runs/m1674_controller_family_one_seed_public_pilot/configs/L2_window_50_seed167400.json,runs/m1674_controller_family_one_seed_public_pilot/profile_runs/L2_window_50/seed_167400/checkpoint.pt,210237,False,True,True,True,True,False,False,False,False,False,False,False,False,False,False,False,unavoidable
210238,checkpoint,45,True,False,1.131128125270682,0.3788282135857501,1642.3955169723522,1.1326865634292085,0.8244105265305077,0.08201669135269163,0.625005157993035,0.5592731516032495,0.6130694006374033,1.4883187521288752,1.4883187521288752,22,True,True,unavoidable,True,False,1.5213079936290506,1.6344628089781685,-0.11315481534911798,obstacle_collision,False,obstacle_collision,collision_failure,18.674570405263054,0.4149904534502901,0.39709600311783694,0.5231882954408178,0.07539325636231035,0.05131670967339351,0.0,7.7647266822661285,0.0018383581191301346,1,nan,nan,0.02,5.5,nan,nan,nan,nan,False,nan,0.05131670967339351,0.3602776675593403,False,False,8.080397134973358,0.01008733755877877,0.14010169636654787,8.665225050134993,8.665225050134993,0.0,nan,0.0,45,0.39709600311783694,0.07539325636231035,7.7647266822661285,0.4149904534502901,0,nan,nan,nan,nan,0,nan,nan,nan,nan,m2063-osd-osd_v0_0171_t4::L3_online_gru,m2063-osd-osd_v0_0171_t4,osd_v0_0171_t4,T4_variable_diagnostic_delay,m2060_no_rollout_outcome_supported_decisive_generator,variable_delay_mixed_authority,T4_variable_diagnostic_delay|variable_delay_mixed_authority|early|nominal|high|low_mu|nominal,m2060_t4_003,,,,,osd_v0_0171_t4,smoke_proxy,t4_actuator_delay_response,true,false,L3_online_gru,runs/m1674_controller_family_one_seed_public_pilot/configs/L3_online_gru_seed167400.json,runs/m1674_controller_family_one_seed_public_pilot/profile_runs/L3_online_gru/seed_167400/checkpoint.pt,210238,False,True,True,True,True,False,False,False,False,False,False,False,False,False,False,False,unavoidable
210239,checkpoint,37,True,False,0.3356564477898342,0.3839930008608678,1541.0982140714377,1.062826354532026,1.0515513358599058,-0.10554935428225676,1.1619585958754874,1.0641257153335164,0.7422328863947358,1.5842775807964533,1.584277580796453,13,True,True,unavoidable,True,False,1.394583778197461,1.5342253661957654,-0.1396415879983044,obstacle_collision,False,obstacle_collision,collision_failure,5.697272670688406,0.153980342451038,0.30860828518719396,0.6879303289094594,0.22828139493386068,0.030377797527842382,0.0,7.616434202353042,0.000974754395429045,1,nan,nan,0.02,5.5,nan,nan,nan,nan,False,nan,0.030377797527842382,0.35542210315960676,False,False,7.669038323555504,0.02042126202140202,0.12717304591303613,8.39017419914903,8.39017419914903,0.0,nan,0.0,37,0.30860828518719396,0.22828139493386068,7.616434202353042,0.153980342451038,0,nan,nan,nan,nan,0,nan,nan,nan,nan,m2063-osd-osd_v0_0171_t4::L3_reset_control_corrected,m2063-osd-osd_v0_0171_t4,osd_v0_0171_t4,T4_variable_diagnostic_delay,m2060_no_rollout_outcome_supported_decisive_generator,variable_delay_mixed_authority,T4_variable_diagnostic_delay|variable_delay_mixed_authority|early|nominal|high|low_mu|nominal,m2060_t4_003,,,,,osd_v0_0171_t4,smoke_proxy,t4_actuator_delay_response,true,false,L3_reset_control_corrected,runs/m1674_controller_family_one_seed_public_pilot/configs/L3_reset_control_corrected_seed167400.json,runs/m1674_controller_family_one_seed_public_pilot/profile_runs/L3_reset_control_corrected/seed_167400/checkpoint.pt,210239,False,True,True,True,True,False,False,False,False,False,False,False,False,False,False,False,unavoidable
210240,checkpoint,64,True,False,0.6046092725950301,0.5076281021690634,1775.747577765254,1.2246535019070717,1.009010230309007,-0.03612933831768639,0.8677354007805098,0.5844303372404199,0.987942909517193,1.873012720768188,1.8730127207681881,24,True,True,aes_feasible,False,False,3.07790957370773,1.8396156297341395,1.2382939439735907,off_track,False,off_track,off_track_noncollision_noncompletion,26.673519865704264,0.41677374790162913,2.082287372000095,4.4239658339600965,0.15397290809780104,0.08154359244104888,0.0,15.28508843597173,0.0017246780917048454,1,nan,nan,0.02,4.4,nan,nan,nan,nan,False,nan,0.08154359244104888,0.24398919644365594,False,False,nan,nan,nan,nan,0.0,0.023965833960096106,1.28,0.023965833960096106,64,2.082287372000095,0.15397290809780104,15.28508843597173,0.41677374790162913,0,nan,nan,nan,nan,0,nan,nan,nan,nan,m2063-osd-osd_v0_0172_t4::L0_current_masked,m2063-osd-osd_v0_0172_t4,osd_v0_0172_t4,T4_variable_diagnostic_delay,m2060_no_rollout_outcome_supported_decisive_generator,stale_evidence_boundary_check,T4_variable_diagnostic_delay|stale_evidence_boundary_check|medium|tight|straight_or_low|mixed_mu|high,m2060_t4_004,,,,,osd_v0_0172_t4,smoke_proxy,t4_actuator_delay_response,true,false,L0_current_masked,runs/m1674_controller_family_one_seed_public_pilot/configs/L0_current_masked_seed167400.json,runs/m1674_controller_family_one_seed_public_pilot/profile_runs/L0_current_masked/seed_167400/checkpoint.pt,210240,False,True,True,True,True,False,False,False,False,False,False,False,False,False,False,False,aes_feasible
210241,checkpoint,29,True,False,0.382408080974891,0.8332520935360344,1653.1637313093083,1.1401129181443506,0.9006627074517618,-0.06144563407461212,0.667836602270982,1.2458236647814838,1.0464744697781347,1.70883077436326,1.70883077436326,22,True,True,unavoidable,True,False,0.9908203178489521,1.2752774286062323,-0.2844571107572802,obstacle_collision,False,obstacle_collision,collision_failure,-2.7237407331840373,-0.09392209424772542,0.2507300658857999,0.5527223382021802,0.24855402395438653,0.04639807083642266,0.0,18.221046863813918,0.0022829328663647175,1,nan,nan,0.02,4.4,nan,nan,nan,nan,False,nan,0.04639807083642266,0.2619716450772416,False,False,18.120063578524192,0.0013613980461759738,0.07046975308554508,19.550076806642238,19.550076806642238,0.0,nan,0.0,29,0.2507300658857999,0.24855402395438653,18.221046863813918,-0.09392209424772542,0,nan,nan,nan,nan,0,nan,nan,nan,nan,m2063-osd-osd_v0_0172_t4::L1_one_step,m2063-osd-osd_v0_0172_t4,osd_v0_0172_t4,T4_variable_diagnostic_delay,m2060_no_rollout_outcome_supported_decisive_generator,stale_evidence_boundary_check,T4_variable_diagnostic_delay|stale_evidence_boundary_check|medium|tight|straight_or_low|mixed_mu|high,m2060_t4_004,,,,,osd_v0_0172_t4,smoke_proxy,t4_actuator_delay_response,true,false,L1_one_step,runs/m1674_controller_family_one_seed_public_pilot/configs/L1_one_step_seed167400.json,runs/m1674_controller_family_one_seed_public_pilot/profile_runs/L1_one_step/seed_167400/checkpoint.pt,210241,False,True,True,True,True,False,False,False,False,False,False,False,False,False,False,False,unavoidable
210242,checkpoint,65,True,False,0.3041342059813416,0.32335015429625674,1853.2542598969826,1.2781063861358501,0.8668433135643541,-0.08432621824515518,1.3835746646974174,1.098786356637235,0.6564782408269961,0.701405558606288,0.701405558606288,35,True,True,drift_required,False,False,5.284110522402398,1.7216048294654096,3.5625056929369885,off_track,False,off_track,off_track_noncollision_noncompletion,20.325408521615557,0.31269859264023936,2.178875930209733,4.408306639193199,0.09692855847298404,0.11407159585479902,0.0,12.052574936942154,0.0024420933332294226,1,nan,nan,0.02,4.4,nan,nan,nan,nan,False,nan,0.11407159585479902,0.4607561950227467,False,False,nan,nan,nan,nan,0.0,0.008306639193198961,1.3,0.008306639193198961,65,2.178875930209733,0.09692855847298404,12.052574936942154,0.31269859264023936,0,nan,nan,nan,nan,0,nan,nan,nan,nan,m2063-osd-osd_v0_0172_t4::L2_window_50,m2063-osd-osd_v0_0172_t4,osd_v0_0172_t4,T4_variable_diagnostic_delay,m2060_no_rollout_outcome_supported_decisive_generator,stale_evidence_boundary_check,T4_variable_diagnostic_delay|stale_evidence_boundary_check|medium|tight|straight_or_low|mixed_mu|high,m2060_t4_004,,,,,osd_v0_0172_t4,smoke_proxy,t4_actuator_delay_response,true,false,L2_window_50,runs/m1674_controller_family_one_seed_public_pilot/configs/L2_window_50_seed167400.json,runs/m1674_controller_family_one_seed_public_pilot/profile_runs/L2_window_50/seed_167400/checkpoint.pt,210242,False,True,True,True,True,False,False,False,False,False,False,False,False,False,False,False,drift_required
210243,checkpoint,61,False,True,1.0656057366662717,0.6848976662820108,1773.6077346105644,1.2231777480072858,1.074166178589456,-0.04754809172959895,0.6633397175727513,0.8755257419871113,0.9024995791416062,0.863534563262602,0.863534563262602,16,True,True,drift_required,False,True,3.0511191015082844,1.9197994421286335,1.1313196593796508,,True,obstacle_pass,success_obstacle_pass,81.08868516786868,1.3293227076699783,0.613192277739942,1.369253786780547,0.05481413246359501,0.032156199486165965,0.0,18.765767332901202,0.0012591948034241796,1,nan,nan,0.02,4.4,61.0,1.22,61.0,1.22,True,0.0,0.032156199486165965,0.27780735347187546,False,True,nan,nan,nan,nan,0.0,0.0,nan,0.0,61,0.613192277739942,0.05481413246359501,18.765767332901202,1.3293227076699783,0,nan,nan,nan,nan,0,nan,nan,nan,nan,m2063-osd-osd_v0_0172_t4::L3_online_gru,m2063-osd-osd_v0_0172_t4,osd_v0_0172_t4,T4_variable_diagnostic_delay,m2060_no_rollout_outcome_supported_decisive_generator,stale_evidence_boundary_check,T4_variable_diagnostic_delay|stale_evidence_boundary_check|medium|tight|straight_or_low|mixed_mu|high,m2060_t4_004,,,,,osd_v0_0172_t4,smoke_proxy,t4_actuator_delay_response,true,false,L3_online_gru,runs/m1674_controller_family_one_seed_public_pilot/configs/L3_online_gru_seed167400.json,runs/m1674_controller_family_one_seed_public_pilot/profile_runs/L3_online_gru/seed_167400/checkpoint.pt,210243,True,True,True,True,True,False,False,False,False,False,False,False,False,False,False,False,drift_required
210244,checkpoint,67,False,True,0.6575986442548053,0.7085367864814136,1397.1618669915401,0.9635599082700277,1.0800397954238667,-0.001917165943973842,1.2027879237601025,0.9578544904856202,0.726559241791644,2.1480035034992566,2.1480035034992566,26,True,True,aes_feasible,False,True,2.4543296061032343,1.7136844348261804,0.7406451712770539,,True,obstacle_pass,success_obstacle_pass,83.63387796066245,1.2482668352337678,0.403619196352411,0.9085958636495377,0.11915409883581954,0.03606587430131594,0.0,15.764195791163976,0.00045395022607408464,1,nan,nan,0.02,4.4,67.0,1.34,67.0,1.34,True,0.0,0.03606587430131594,0.23333747045053466,False,True,nan,nan,nan,nan,0.0,0.0,nan,0.0,67,0.403619196352411,0.11915409883581954,15.764195791163976,1.2482668352337678,0,nan,nan,nan,nan,0,nan,nan,nan,nan,m2063-osd-osd_v0_0172_t4::L3_reset_control_corrected,m2063-osd-osd_v0_0172_t4,osd_v0_0172_t4,T4_variable_diagnostic_delay,m2060_no_rollout_outcome_supported_decisive_generator,stale_evidence_boundary_check,T4_variable_diagnostic_delay|stale_evidence_boundary_check|medium|tight|straight_or_low|mixed_mu|high,m2060_t4_004,,,,,osd_v0_0172_t4,smoke_proxy,t4_actuator_delay_response,true,false,L3_reset_control_corrected,runs/m1674_controller_family_one_seed_public_pilot/configs/L3_reset_control_corrected_seed167400.json,runs/m1674_controller_family_one_seed_public_pilot/profile_runs/L3_reset_control_corrected/seed_167400/checkpoint.pt,210244,True,True,True,True,True,False,False,False,False,False,False,False,False,False,False,False,aes_feasible
210245,checkpoint,25,True,False,0.5584089768779357,0.727753912228762,1500.1937102665763,1.0346163519079836,1.2173312784770054,-0.02820403969051699,1.0028521199767357,0.9352499631412572,0.8880879655093694,1.8102199677171764,1.8102199677171766,16,True,True,unavoidable,True,False,0.9829860330843532,1.1028218620462034,-0.11983582896185019,obstacle_collision,False,obstacle_collision,collision_failure,-6.544591164300773,-0.2617836465720309,0.16916271152347126,0.304107187014246,0.17621165861857205,0.008547585232539163,0.0,8.193720522053479,0.003676914842799306,1,nan,nan,0.02,7.0,nan,nan,nan,nan,False,nan,0.008547585232539163,0.1915159331647645,False,False,8.184884597272376,0.006485494405553061,0.04968912013270484,8.792275401297672,8.792275401297672,0.0,nan,0.0,25,0.16916271152347126,0.17621165861857205,8.193720522053479,-0.2617836465720309,0,nan,nan,nan,nan,0,nan,nan,nan,nan,m2063-osd-osd_v0_0173_t4::L0_current_masked,m2063-osd-osd_v0_0173_t4,osd_v0_0173_t4,T4_variable_diagnostic_delay,m2060_no_rollout_outcome_supported_decisive_generator,delayed_obstacle_reveal_response,T4_variable_diagnostic_delay|delayed_obstacle_reveal_response|late|generous|moderate|actuator_delay|low,m2060_t4_005,,,,,osd_v0_0173_t4,smoke_proxy,t4_actuator_delay_response,true,false,L0_current_masked,runs/m1674_controller_family_one_seed_public_pilot/configs/L0_current_masked_seed167400.json,runs/m1674_controller_family_one_seed_public_pilot/profile_runs/L0_current_masked/seed_167400/checkpoint.pt,210245,False,True,True,True,True,False,False,False,False,False,False,False,False,False,False,False,unavoidable
210246,checkpoint,23,True,False,0.8928405172549683,0.827939292279321,1565.348356926237,1.0795505909836118,1.2900937153518197,0.015510315495232962,0.6321369175260175,1.116844450942931,1.1104546058428013,2.615184453754307,2.615184453754307,12,True,True,unavoidable,True,False,1.0129027998163647,1.1301366116589375,-0.11723381184257287,obstacle_collision,False,obstacle_collision,collision_failure,-9.106303212937583,-0.39592622664946014,0.6391544481127414,0.7442493791797737,0.21463337581447514,0.07100350080307527,0.0,7.791590748782641,0.004693015944212675,1,nan,nan,0.02,7.0,nan,nan,nan,nan,False,nan,0.07100350080307527,0.21086491537568938,False,False,7.792701676140664,0.004345571270493702,0.04613935031833147,8.385657456020608,8.385657456020608,0.0,nan,0.0,23,0.6391544481127414,0.21463337581447514,7.791590748782641,-0.39592622664946014,0,nan,nan,nan,nan,0,nan,nan,nan,nan,m2063-osd-osd_v0_0173_t4::L1_one_step,m2063-osd-osd_v0_0173_t4,osd_v0_0173_t4,T4_variable_diagnostic_delay,m2060_no_rollout_outcome_supported_decisive_generator,delayed_obstacle_reveal_response,T4_variable_diagnostic_delay|delayed_obstacle_reveal_response|late|generous|moderate|actuator_delay|low,m2060_t4_005,,,,,osd_v0_0173_t4,smoke_proxy,t4_actuator_delay_response,true,false,L1_one_step,runs/m1674_controller_family_one_seed_public_pilot/configs/L1_one_step_seed167400.json,runs/m1674_controller_family_one_seed_public_pilot/profile_runs/L1_one_step/seed_167400/checkpoint.pt,210246,False,True,True,True,True,False,False,False,False,False,False,False,False,False,False,False,unavoidable
210247,checkpoint,41,True,False,0.5096108121536111,0.5051659491960838,1202.8148489433245,0.8295274820298789,1.0532352256350466,-0.06354305640410951,1.2270627983868283,0.8475248369811861,0.7824800778649469,2.442674316371319,2.442674316371319,38,True,True,unavoidable,True,False,1.7145200908862128,1.8695931562905779,-0.15507306540436505,obstacle_collision,False,obstacle_collision,collision_failure,6.849617130346061,0.16706383244746492,0.7109301539113355,1.6909993642130345,0.2514770910270625,0.04174318477543123,0.0,10.176444839243315,0.003578499425202608,1,nan,nan,0.02,7.0,nan,nan,nan,nan,False,nan,0.04174318477543123,0.46843688341628054,False,False,10.158540325811153,0.04036087155258538,0.46843688341628054,11.0009297769509,11.0009297769509,0.0,nan,0.0,41,0.7109301539113355,0.2514770910270625,10.176444839243315,0.16706383244746492,0,nan,nan,nan,nan,0,nan,nan,nan,nan,m2063-osd-osd_v0_0173_t4::L2_window_50,m2063-osd-osd_v0_0173_t4,osd_v0_0173_t4,T4_variable_diagnostic_delay,m2060_no_rollout_outcome_supported_decisive_generator,delayed_obstacle_reveal_response,T4_variable_diagnostic_delay|delayed_obstacle_reveal_response|late|generous|moderate|actuator_delay|low,m2060_t4_005,,,,,osd_v0_0173_t4,smoke_proxy,t4_actuator_delay_response,true,false,L2_window_50,runs/m1674_controller_family_one_seed_public_pilot/configs/L2_window_50_seed167400.json,runs/m1674_controller_family_one_seed_public_pilot/profile_runs/L2_window_50/seed_167400/checkpoint.pt,210247,False,True,True,True,True,False,False,False,False,False,False,False,False,False,False,False,unavoidable
210248,checkpoint,33,True,False,0.5160496530648245,0.68784679385312,1465.745370487134,1.0108588761980235,1.23941780570966,-0.05881814693401255,0.6494470723515169,1.2864882580204897,1.0724765654246198,1.8785913731109154,1.8785913731109154,21,True,True,unavoidable,True,False,1.4829733744073281,1.6025848494834491,-0.11961147507612102,obstacle_collision,False,obstacle_collision,collision_failure,2.250643421207677,0.06820131579417203,0.5722434924395281,0.8974956865170256,0.2562855378934304,0.03318192995109793,0.0,10.999634653122182,0.002819161396473646,1,nan,nan,0.02,7.0,nan,nan,nan,nan,False,nan,0.03318192995109793,0.2986049263886892,False,False,11.262392027023246,0.0027343952578331083,0.10877855429888203,11.872694455462655,11.872694455462655,0.0,nan,0.0,33,0.5722434924395281,0.2562855378934304,10.999634653122182,0.06820131579417203,0,nan,nan,nan,nan,0,nan,nan,nan,nan,m2063-osd-osd_v0_0173_t4::L3_online_gru,m2063-osd-osd_v0_0173_t4,osd_v0_0173_t4,T4_variable_diagnostic_delay,m2060_no_rollout_outcome_supported_decisive_generator,delayed_obstacle_reveal_response,T4_variable_diagnostic_delay|delayed_obstacle_reveal_response|late|generous|moderate|actuator_delay|low,m2060_t4_005,,,,,osd_v0_0173_t4,smoke_proxy,t4_actuator_delay_response,true,false,L3_online_gru,runs/m1674_controller_family_one_seed_public_pilot/configs/L3_online_gru_seed167400.json,runs/m1674_controller_family_one_seed_public_pilot/profile_runs/L3_online_gru/seed_167400/checkpoint.pt,210248,False,True,True,True,True,False,False,False,False,False,False,False,False,False,False,False,unavoidable
210249,checkpoint,27,True,False,0.8018682518759677,0.754344955767233,1310.2878351427812,0.9036467828570904,0.8978480941694684,-0.016491547946431817,0.9901708459677616,1.1147573285002692,0.7029414748889791,2.5518935376138545,2.5518935376138545,25,True,True,unavoidable,True,False,1.4804436849379006,1.5122682699562033,-0.031824585018302765,obstacle_collision,False,obstacle_collision,collision_failure,-4.894948499173314,-0.18129438885827087,0.05689671384991304,0.10274661528775653,0.24135851824153906,0.010216120664460655,0.0,10.216188449833469,0.0016570481238886714,1,nan,nan,0.02,7.0,nan,nan,nan,nan,False,nan,0.010216120664460655,0.24010248326033273,False,False,10.186104648251803,0.00945755102266385,0.11032384169670288,10.36098873302432,10.36098873302432,0.0,nan,0.0,27,0.05689671384991304,0.24135851824153906,10.216188449833469,-0.18129438885827087,0,nan,nan,nan,nan,0,nan,nan,nan,nan,m2063-osd-osd_v0_0173_t4::L3_reset_control_corrected,m2063-osd-osd_v0_0173_t4,osd_v0_0173_t4,T4_variable_diagnostic_delay,m2060_no_rollout_outcome_supported_decisive_generator,delayed_obstacle_reveal_response,T4_variable_diagnostic_delay|delayed_obstacle_reveal_response|late|generous|moderate|actuator_delay|low,m2060_t4_005,,,,,osd_v0_0173_t4,smoke_proxy,t4_actuator_delay_response,true,false,L3_reset_control_corrected,runs/m1674_controller_family_one_seed_public_pilot/configs/L3_reset_control_corrected_seed167400.json,runs/m1674_controller_family_one_seed_public_pilot/profile_runs/L3_reset_control_corrected/seed_167400/checkpoint.pt,210249,False,True,True,True,True,False,False,False,False,False,False,False,False,False,False,False,unavoidable
210250,checkpoint,26,True,False,1.0515284315400963,1.018616992661845,1433.4441141840475,0.9885821477131362,0.8262694007706145,-0.013880224051895151,0.7823395980666435,0.8510473427572872,1.0979567673639938,1.0585058176893307,1.0585058176893307,26,True,True,unavoidable,True,False,1.573031414033551,1.8016035903515197,-0.22857217631796867,obstacle_collision,False,obstacle_collision,collision_failure,-5.460490641041215,-0.2100188708092775,0.46467202075026537,0.9371369023758795,0.19429156650008236,0.02014474873269048,0.0,12.067624563753556,0.004286481067538261,1,nan,nan,0.02,5.5,nan,nan,nan,nan,False,nan,0.02014474873269048,0.5260831769410935,False,False,12.289489079383486,0.0016158608290576346,0.03960907724796512,13.437118799112655,13.437118799112655,0.0,nan,0.0,26,0.46467202075026537,0.19429156650008236,12.067624563753556,-0.2100188708092775,0,nan,nan,nan,nan,0,nan,nan,nan,nan,m2063-osd-osd_v0_0174_t4::L0_current_masked,m2063-osd-osd_v0_0174_t4,osd_v0_0174_t4,T4_variable_diagnostic_delay,m2060_no_rollout_outcome_supported_decisive_generator,short_delay_brake_evidence,T4_variable_diagnostic_delay|short_delay_brake_evidence|early|nominal|high|nominal_mu|nominal,m2060_t4_006,,,,,osd_v0_0174_t4,smoke_proxy,t4_actuator_delay_response,true,false,L0_current_masked,runs/m1674_controller_family_one_seed_public_pilot/configs/L0_current_masked_seed167400.json,runs/m1674_controller_family_one_seed_public_pilot/profile_runs/L0_current_masked/seed_167400/checkpoint.pt,210250,False,True,True,True,True,False,False,False,False,False,False,False,False,False,False,False,unavoidable
210251,checkpoint,22,True,False,0.5352278206107136,0.9760866397438946,1579.3999194102698,1.0892413237312206,1.008885948184143,-0.05904762413287279,0.782189448773458,0.7720135949304827,0.7107798601722448,0.7384681327795752,0.7384681327795752,21,True,True,unavoidable,True,False,1.1383701786742957,1.223212891309271,-0.08484271263497534,obstacle_collision,False,obstacle_collision,collision_failure,-8.516733521614722,-0.3871242509824873,0.1299820473510671,0.2830763773345595,0.05569078729291197,0.04115709161089088,0.0,10.640307599425313,0.002135511487722397,1,nan,nan,0.02,5.5,nan,nan,nan,nan,False,nan,0.04115709161089088,0.48997544979133145,False,False,10.63139652967452,0.002419546712264028,0.005646123975601931,11.05738447860309,11.05738447860309,0.0,nan,0.0,22,0.1299820473510671,0.05569078729291197,10.640307599425313,-0.3871242509824873,0,nan,nan,nan,nan,0,nan,nan,nan,nan,m2063-osd-osd_v0_0174_t4::L1_one_step,m2063-osd-osd_v0_0174_t4,osd_v0_0174_t4,T4_variable_diagnostic_delay,m2060_no_rollout_outcome_supported_decisive_generator,short_delay_brake_evidence,T4_variable_diagnostic_delay|short_delay_brake_evidence|early|nominal|high|nominal_mu|nominal,m2060_t4_006,,,,,osd_v0_0174_t4,smoke_proxy,t4_actuator_delay_response,true,false,L1_one_step,runs/m1674_controller_family_one_seed_public_pilot/configs/L1_one_step_seed167400.json,runs/m1674_controller_family_one_seed_public_pilot/profile_runs/L1_one_step/seed_167400/checkpoint.pt,210251,False,True,True,True,True,False,False,False,False,False,False,False,False,False,False,False,unavoidable
210252,checkpoint,23,True,False,0.7765129980909896,0.9616333083644009,1444.029852765083,0.9958826570793675,1.2554017018105244,0.11369475600686885,1.170881905810956,0.725262158968069,0.9740960680974402,0.66831123807592,0.66831123807592,17,True,True,unavoidable,True,False,1.3932017676802753,1.5202682534411909,-0.12706648576091562,obstacle_collision,False,obstacle_collision,collision_failure,-9.56648943532133,-0.4159343232748404,0.8163773754555151,1.3142419648741104,0.21013633757577277,0.0354264003840557,0.0,10.376474496867873,0.0038605546578764915,1,nan,nan,0.02,5.5,nan,nan,nan,nan,False,nan,0.0354264003840557,0.4839288033715381,False,False,10.580711565841842,0.02940183199429264,0.4839288033715381,11.27913779098072,11.27913779098072,0.0,nan,0.0,23,0.8163773754555151,0.21013633757577277,10.376474496867873,-0.4159343232748404,0,nan,nan,nan,nan,0,nan,nan,nan,nan,m2063-osd-osd_v0_0174_t4::L2_window_50,m2063-osd-osd_v0_0174_t4,osd_v0_0174_t4,T4_variable_diagnostic_delay,m2060_no_rollout_outcome_supported_decisive_generator,short_delay_brake_evidence,T4_variable_diagnostic_delay|short_delay_brake_evidence|early|nominal|high|nominal_mu|nominal,m2060_t4_006,,,,,osd_v0_0174_t4,smoke_proxy,t4_actuator_delay_response,true,false,L2_window_50,runs/m1674_controller_family_one_seed_public_pilot/configs/L2_window_50_seed167400.json,runs/m1674_controller_family_one_seed_public_pilot/profile_runs/L2_window_50/seed_167400/checkpoint.pt,210252,False,True,True,True,True,False,False,False,False,False,False,False,False,False,False,False,unavoidable
210253,checkpoint,28,True,False,0.42388151185058603,0.8831835097055596,1655.230036437963,1.1415379561641124,0.9917254761922603,0.011879467923094245,1.2528919293598242,1.349384503798756,0.9300827627452208,0.7317301812362174,0.7317301812362174,8,True,True,unavoidable,True,False,1.1670053798778481,1.3699497139686625,-0.20294433409081436,obstacle_collision,False,obstacle_collision,collision_failure,-3.399886389846184,-0.121424513923078,0.40043268761317147,0.8522074113920759,0.16053752318900313,0.00881055115807334,0.0,11.4955921377926,0.00353736849501729,1,nan,nan,0.02,5.5,nan,nan,nan,nan,False,nan,0.00881055115807334,0.49943442360871154,False,False,11.570628314064193,0.00839633770587281,0.17380088977129315,12.60692824234833,12.60692824234833,0.0,nan,0.0,28,0.40043268761317147,0.16053752318900313,11.4955921377926,-0.121424513923078,0,nan,nan,nan,nan,0,nan,nan,nan,nan,m2063-osd-osd_v0_0174_t4::L3_online_gru,m2063-osd-osd_v0_0174_t4,osd_v0_0174_t4,T4_variable_diagnostic_delay,m2060_no_rollout_outcome_supported_decisive_generator,short_delay_brake_evidence,T4_variable_diagnostic_delay|short_delay_brake_evidence|early|nominal|high|nominal_mu|nominal,m2060_t4_006,,,,,osd_v0_0174_t4,smoke_proxy,t4_actuator_delay_response,true,false,L3_online_gru,runs/m1674_controller_family_one_seed_public_pilot/configs/L3_online_gru_seed167400.json,runs/m1674_controller_family_one_seed_public_pilot/profile_runs/L3_online_gru/seed_167400/checkpoint.pt,210253,False,True,True,True,True,False,False,False,False,False,False,False,False,False,False,False,unavoidable
210254,checkpoint,26,True,False,0.6390572277680131,1.0259175200387378,1305.5164737273508,0.9003561887774832,1.234960753978879,0.07500055900423375,1.098391374814214,0.5995576823312805,0.823552476468603,1.2578603482269732,1.2578603482269732,21,True,True,unavoidable,True,False,1.5988348976824485,1.7306493282210473,-0.13181443053859887,obstacle_collision,False,obstacle_collision,collision_failure,-4.222933036323607,-0.1624205013970618,0.4342974966768523,0.9045763063826868,0.0858789617679657,0.011485117023170486,0.0,12.628760837899941,0.002011865144595504,1,nan,nan,0.02,5.5,nan,nan,nan,nan,False,nan,0.011485117023170486,0.5820254722568432,False,False,12.97272039487762,0.006242113334515232,0.206185462559542,13.655532150493826,13.655532150493826,0.0,nan,0.0,26,0.4342974966768523,0.0858789617679657,12.628760837899941,-0.1624205013970618,0,nan,nan,nan,nan,0,nan,nan,nan,nan,m2063-osd-osd_v0_0174_t4::L3_reset_control_corrected,m2063-osd-osd_v0_0174_t4,osd_v0_0174_t4,T4_variable_diagnostic_delay,m2060_no_rollout_outcome_supported_decisive_generator,short_delay_brake_evidence,T4_variable_diagnostic_delay|short_delay_brake_evidence|early|nominal|high|nominal_mu|nominal,m2060_t4_006,,,,,osd_v0_0174_t4,smoke_proxy,t4_actuator_delay_response,true,false,L3_reset_control_corrected,runs/m1674_controller_family_one_seed_public_pilot/configs/L3_reset_control_corrected_seed167400.json,runs/m1674_controller_family_one_seed_public_pilot/profile_runs/L3_reset_control_corrected/seed_167400/checkpoint.pt,210254,False,True,True,True,True,False,False,False,False,False,False,False,False,False,False,False,unavoidable
210255,checkpoint,40,True,False,0.3213081414669233,0.4643789833745361,1300.4313673042514,0.8968492188305182,1.2704533244288694,0.002995956704570979,0.5999923578097353,0.6891439226276322,0.6817636669247465,0.9883934977761129,0.988393497776113,31,True,True,unavoidable,True,False,1.72534513522165,1.8408040670114962,-0.11545893178984623,obstacle_collision,False,obstacle_collision,collision_failure,9.972598572804408,0.2493149643201102,0.22057239290889138,0.4246738559671357,0.2166042573607117,0.0920913568475699,0.0,14.38310373320902,0.0008886562427505851,1,nan,nan,0.02,4.4,nan,nan,nan,nan,False,nan,0.0920913568475699,0.23686871625070444,False,False,14.355809784738586,0.007555805203669406,0.06996208764745164,14.943878555054397,14.943878555054397,0.0,nan,0.0,40,0.22057239290889138,0.2166042573607117,14.38310373320902,0.2493149643201102,0,nan,nan,nan,nan,0,nan,nan,nan,nan,m2063-osd-osd_v0_0175_t4::L0_current_masked,m2063-osd-osd_v0_0175_t4,osd_v0_0175_t4,T4_variable_diagnostic_delay,m2060_no_rollout_outcome_supported_decisive_generator,medium_delay_yaw_evidence,T4_variable_diagnostic_delay|medium_delay_yaw_evidence|medium|tight|straight_or_low|low_mu|high,m2060_t4_007,,,,,osd_v0_0175_t4,smoke_proxy,t4_actuator_delay_response,true,false,L0_current_masked,runs/m1674_controller_family_one_seed_public_pilot/configs/L0_current_masked_seed167400.json,runs/m1674_controller_family_one_seed_public_pilot/profile_runs/L0_current_masked/seed_167400/checkpoint.pt,210255,False,True,True,True,True,False,False,False,False,False,False,False,False,False,False,False,unavoidable
210256,checkpoint,69,True,False,0.8763674494326688,0.5425018038937885,1572.5669712366625,1.084528945680457,1.0442582338008368,-0.07440279395784843,0.98642751604309,1.273411759613037,1.0398532426665044,1.0040850640398171,1.0040850640398171,20,True,True,drift_required,True,False,1.9386315444360027,2.036312114970252,-0.09768057053424939,obstacle_collision,False,obstacle_collision,collision_failure,32.3650548834499,0.46905876642681016,0.7383083977734257,1.8449705773389482,0.25415280305367705,0.026752302392940647,0.0,14.614390910630442,0.0021942465100437403,1,nan,nan,0.02,4.4,nan,nan,nan,nan,False,nan,0.026752302392940647,0.20694806600695664,False,False,14.290776414898275,0.0016331878894495833,0.07523166508091454,14.787519028022338,14.787519028022338,0.0,nan,0.0,69,0.7383083977734257,0.25415280305367705,14.614390910630442,0.46905876642681016,0,nan,nan,nan,nan,0,nan,nan,nan,nan,m2063-osd-osd_v0_0175_t4::L1_one_step,m2063-osd-osd_v0_0175_t4,osd_v0_0175_t4,T4_variable_diagnostic_delay,m2060_no_rollout_outcome_supported_decisive_generator,medium_delay_yaw_evidence,T4_variable_diagnostic_delay|medium_delay_yaw_evidence|medium|tight|straight_or_low|low_mu|high,m2060_t4_007,,,,,osd_v0_0175_t4,smoke_proxy,t4_actuator_delay_response,true,false,L1_one_step,runs/m1674_controller_family_one_seed_public_pilot/configs/L1_one_step_seed167400.json,runs/m1674_controller_family_one_seed_public_pilot/profile_runs/L1_one_step/seed_167400/checkpoint.pt,210256,False,True,True,True,True,False,False,False,False,False,False,False,False,False,False,False,drift_required
210257,checkpoint,47,True,False,0.37172345835953763,0.48833525447898385,1830.8953921978868,1.262686477377853,0.8579769407164078,-0.12240036280752964,1.4105627666217102,0.8088960109106775,1.2332516338056494,1.5163692442868517,1.5163692442868517,17,True,True,drift_required,True,False,1.5460444714265105,1.7382750208410567,-0.1922305494145462,obstacle_collision,False,obstacle_collision,collision_failure,21.032205987854702,0.4474937444224405,0.9544823233689373,2.2629676664039167,0.0682483174676861,0.30073408820841246,0.0,14.461479140038449,0.0030818339437246323,1,nan,nan,0.02,4.4,nan,nan,nan,nan,False,nan,0.30073408820841246,1.0254664800317266,False,False,14.718865765682706,0.30073408820841246,1.0254664800317266,15.932932204862816,15.932932204862816,0.0,nan,0.0,47,0.9544823233689373,0.0682483174676861,14.461479140038449,0.4474937444224405,0,nan,nan,nan,nan,0,nan,nan,nan,nan,m2063-osd-osd_v0_0175_t4::L2_window_50,m2063-osd-osd_v0_0175_t4,osd_v0_0175_t4,T4_variable_diagnostic_delay,m2060_no_rollout_outcome_supported_decisive_generator,medium_delay_yaw_evidence,T4_variable_diagnostic_delay|medium_delay_yaw_evidence|medium|tight|straight_or_low|low_mu|high,m2060_t4_007,,,,,osd_v0_0175_t4,smoke_proxy,t4_actuator_delay_response,true,false,L2_window_50,runs/m1674_controller_family_one_seed_public_pilot/configs/L2_window_50_seed167400.json,runs/m1674_controller_family_one_seed_public_pilot/profile_runs/L2_window_50/seed_167400/checkpoint.pt,210257,False,True,True,True,True,False,False,False,False,False,False,False,False,False,False,False,drift_required
210258,checkpoint,80,False,True,0.9373033037113541,0.44310252694663943,1390.3071660319201,0.9588325282978759,0.9352608149515352,-0.0004959064023144499,0.977309963233093,0.8527085192184302,0.7479392864705389,1.1869949331055336,1.1869949331055336,14,True,True,aes_feasible,False,True,1.9429178731944137,1.7411189504969347,0.201798922697479,,True,obstacle_pass,success_obstacle_pass,87.82801811286684,1.0978502264108356,1.1537075890756243,2.479726895666815,0.1529263117748491,0.029133107600598177,0.0,15.05825302967196,0.0011155344545841217,1,nan,nan,0.02,4.4,80.0,1.6,80.0,1.6,True,0.0,0.029133107600598177,0.22207947771502762,False,True,nan,nan,nan,nan,0.0,0.0,nan,0.0,80,1.1537075890756243,0.1529263117748491,15.05825302967196,1.0978502264108356,0,nan,nan,nan,nan,0,nan,nan,nan,nan,m2063-osd-osd_v0_0175_t4::L3_online_gru,m2063-osd-osd_v0_0175_t4,osd_v0_0175_t4,T4_variable_diagnostic_delay,m2060_no_rollout_outcome_supported_decisive_generator,medium_delay_yaw_evidence,T4_variable_diagnostic_delay|medium_delay_yaw_evidence|medium|tight|straight_or_low|low_mu|high,m2060_t4_007,,,,,osd_v0_0175_t4,smoke_proxy,t4_actuator_delay_response,true,false,L3_online_gru,runs/m1674_controller_family_one_seed_public_pilot/configs/L3_online_gru_seed167400.json,runs/m1674_controller_family_one_seed_public_pilot/profile_runs/L3_online_gru/seed_167400/checkpoint.pt,210258,True,True,True,True,True,False,False,False,False,False,False,False,False,False,False,False,aes_feasible
210259,checkpoint,57,True,False,1.0369433411795732,0.4367308271599127,1695.040898358221,1.1689937230056697,1.0045052403459993,-0.005011904697763914,0.7905101361899157,1.0319763027273154,0.6740342305802544,1.569134536960644,1.5691345369606442,17,True,True,drift_required,True,False,2.0538131060514218,2.2148828507115654,-0.16106974466014368,obstacle_collision,False,obstacle_collision,collision_failure,26.61377521810958,0.4669083371598172,0.39800479471421074,0.8773197805762933,0.15460502410854088,0.009453233678177825,0.0,14.318986795374666,0.0007402393966913223,1,nan,nan,0.02,4.4,nan,nan,nan,nan,False,nan,0.009453233678177825,0.20672449623593936,False,False,14.280492555369968,0.005668093922349992,0.13932729367299285,15.102608054999159,15.102608054999159,0.0,nan,0.0,57,0.39800479471421074,0.15460502410854088,14.318986795374666,0.4669083371598172,0,nan,nan,nan,nan,0,nan,nan,nan,nan,m2063-osd-osd_v0_0175_t4::L3_reset_control_corrected,m2063-osd-osd_v0_0175_t4,osd_v0_0175_t4,T4_variable_diagnostic_delay,m2060_no_rollout_outcome_supported_decisive_generator,medium_delay_yaw_evidence,T4_variable_diagnostic_delay|medium_delay_yaw_evidence|medium|tight|straight_or_low|low_mu|high,m2060_t4_007,,,,,osd_v0_0175_t4,smoke_proxy,t4_actuator_delay_response,true,false,L3_reset_control_corrected,runs/m1674_controller_family_one_seed_public_pilot/configs/L3_reset_control_corrected_seed167400.json,runs/m1674_controller_family_one_seed_public_pilot/profile_runs/L3_reset_control_corrected/seed_167400/checkpoint.pt,210259,False,True,True,True,True,False,False,False,False,False,False,False,False,False,False,False,drift_required
210260,checkpoint,20,True,False,0.7064576323917455,0.7064576323917455,1529.7862755260803,1.0550250176041933,1.0891285348131552,-0.12836214617995267,1.2270587186660067,1.0262075703154203,1.0969494235520687,1.4061326687644335,1.4061326687644335,21,False,True,unavoidable,True,False,1.3873702357241964,1.4874146656270066,-0.10004442990281026,obstacle_collision,False,obstacle_collision,collision_failure,-11.727159912215583,-0.5863579956107792,0.24562561247972248,0.3887438451635532,0.19472235132723867,0.00728041826249122,0.0,8.805549139869827,0.0014759827172383666,1,nan,nan,0.02,7.0,nan,nan,nan,nan,False,nan,0.00728041826249122,0.1953877592625568,False,False,8.864353029799743,0.0006917979008720609,0.0050346901446738,9.365424547278696,9.365424547278696,0.0,nan,0.0,20,0.24562561247972248,0.19472235132723867,8.805549139869827,-0.5863579956107792,0,nan,nan,nan,nan,0,nan,nan,nan,nan,m2063-osd-osd_v0_0176_t4::L0_current_masked,m2063-osd-osd_v0_0176_t4,osd_v0_0176_t4,T4_variable_diagnostic_delay,m2060_no_rollout_outcome_supported_decisive_generator,long_delay_steer_lag_evidence,T4_variable_diagnostic_delay|long_delay_steer_lag_evidence|late|generous|moderate|mixed_mu|low,m2060_t4_008,,,,,osd_v0_0176_t4,smoke_proxy,t4_actuator_delay_response,true,false,L0_current_masked,runs/m1674_controller_family_one_seed_public_pilot/configs/L0_current_masked_seed167400.json,runs/m1674_controller_family_one_seed_public_pilot/profile_runs/L0_current_masked/seed_167400/checkpoint.pt,210260,False,True,True,True,True,False,False,False,False,False,False,False,False,False,False,False,unavoidable
210261,checkpoint,18,True,False,0.6419300592481045,0.8537880305930443,1387.1148523638037,0.9566309326646922,1.1589349958665898,0.015325542478545007,0.6837543074168886,1.1154980939434846,0.830953796634802,0.7567035941486999,0.7567035941486999,9,True,True,unavoidable,True,False,1.2881527006853586,1.3730161346819099,-0.08486343399655127,obstacle_collision,False,obstacle_collision,collision_failure,-14.731921195814735,-0.8184400664341519,0.16049202736418763,0.21277585851068537,0.3088747324760131,0.036260028402672194,0.0,8.080276678483836,0.002164410427212715,1,nan,nan,0.02,7.0,nan,nan,nan,nan,False,nan,0.036260028402672194,0.21467019310622265,False,False,7.975635086925994,0.0021186842320067827,0.02613256842005675,8.40362485586676,8.40362485586676,0.0,nan,0.0,18,0.16049202736418763,0.3088747324760131,8.080276678483836,-0.8184400664341519,0,nan,nan,nan,nan,0,nan,nan,nan,nan,m2063-osd-osd_v0_0176_t4::L1_one_step,m2063-osd-osd_v0_0176_t4,osd_v0_0176_t4,T4_variable_diagnostic_delay,m2060_no_rollout_outcome_supported_decisive_generator,long_delay_steer_lag_evidence,T4_variable_diagnostic_delay|long_delay_steer_lag_evidence|late|generous|moderate|mixed_mu|low,m2060_t4_008,,,,,osd_v0_0176_t4,smoke_proxy,t4_actuator_delay_response,true,false,L1_one_step,runs/m1674_controller_family_one_seed_public_pilot/configs/L1_one_step_seed167400.json,runs/m1674_controller_family_one_seed_public_pilot/profile_runs/L1_one_step/seed_167400/checkpoint.pt,210261,False,True,True,True,True,False,False,False,False,False,False,False,False,False,False,False,unavoidable
210262,checkpoint,17,True,False,0.4941192978314785,0.9803898451695445,1453.2760291318293,1.0022593304357443,1.1408409514345397,0.13388651760810455,0.724141118277751,1.3260601422824152,1.1949596553831614,1.4681954275977205,1.4681954275977205,11,True,True,unavoidable,True,False,1.0999147677592003,1.1222920591632137,-0.022377291404013455,obstacle_collision,False,obstacle_collision,collision_failure,-13.677164292008825,-0.8045390760005191,0.2736725527068292,0.367719244679499,0.057289026908706256,0.038692923181014714,0.0,7.838273801440524,0.0031829974614083767,1,nan,nan,0.02,7.0,nan,nan,nan,nan,False,nan,0.038692923181014714,0.34639925974618435,False,False,7.824127972901621,0.035253763618130825,0.34639925974618435,7.9882812377053725,7.9882812377053725,0.0,nan,0.0,17,0.2736725527068292,0.057289026908706256,7.838273801440524,-0.8045390760005191,0,nan,nan,nan,nan,0,nan,nan,nan,nan,m2063-osd-osd_v0_0176_t4::L2_window_50,m2063-osd-osd_v0_0176_t4,osd_v0_0176_t4,T4_variable_diagnostic_delay,m2060_no_rollout_outcome_supported_decisive_generator,long_delay_steer_lag_evidence,T4_variable_diagnostic_delay|long_delay_steer_lag_evidence|late|generous|moderate|mixed_mu|low,m2060_t4_008,,,,,osd_v0_0176_t4,smoke_proxy,t4_actuator_delay_response,true,false,L2_window_50,runs/m1674_controller_family_one_seed_public_pilot/configs/L2_window_50_seed167400.json,runs/m1674_controller_family_one_seed_public_pilot/profile_runs/L2_window_50/seed_167400/checkpoint.pt,210262,False,True,True,True,True,False,False,False,False,False,False,False,False,False,False,False,unavoidable
210263,checkpoint,40,True,False,0.9750597561796537,0.4194695334267879,1715.7809054508834,1.183297176173023,1.2865091297434956,0.11567489299556843,0.8126441380040059,0.5516212741583767,1.2877674602536378,1.888439257691914,1.888439257691914,36,True,True,drift_required,True,False,1.257399255849146,1.4021481306836394,-0.1447488748344934,obstacle_collision,False,obstacle_collision,collision_failure,16.867306944432737,0.42168267361081846,0.3954490570018992,0.5228935111817847,0.1315681042407278,0.007866231319175826,0.0,8.135445644201269,0.0018168053356930614,1,nan,nan,0.02,7.0,nan,nan,nan,nan,False,nan,0.007866231319175826,0.1874882420927353,False,False,8.974237688909227,0.002334447362706013,0.13571311765787952,9.712720598528835,9.712720598528835,0.0,nan,0.0,40,0.3954490570018992,0.1315681042407278,8.135445644201269,0.42168267361081846,0,nan,nan,nan,nan,0,nan,nan,nan,nan,m2063-osd-osd_v0_0176_t4::L3_online_gru,m2063-osd-osd_v0_0176_t4,osd_v0_0176_t4,T4_variable_diagnostic_delay,m2060_no_rollout_outcome_supported_decisive_generator,long_delay_steer_lag_evidence,T4_variable_diagnostic_delay|long_delay_steer_lag_evidence|late|generous|moderate|mixed_mu|low,m2060_t4_008,,,,,osd_v0_0176_t4,smoke_proxy,t4_actuator_delay_response,true,false,L3_online_gru,runs/m1674_controller_family_one_seed_public_pilot/configs/L3_online_gru_seed167400.json,runs/m1674_controller_family_one_seed_public_pilot/profile_runs/L3_online_gru/seed_167400/checkpoint.pt,210263,False,True,True,True,True,False,False,False,False,False,False,False,False,False,False,False,drift_required
210264,checkpoint,28,True,False,0.4299677497027451,0.551798458078165,1558.3223584502175,1.0747050747932534,1.258483934543548,-0.12491873998208369,0.84459963911018,0.852451244175352,1.078466526505604,0.9318547178417063,0.9318547178417063,22,True,True,unavoidable,True,False,1.3021931519029624,1.4162193716104827,-0.11402621970752036,obstacle_collision,False,obstacle_collision,collision_failure,-0.37088470292450637,-0.0132458822473038,0.3654851163781845,0.5892389141676304,0.17128629588623231,0.03517203342855461,0.0,10.835545687329581,0.0010244817240163684,1,nan,nan,0.02,7.0,nan,nan,nan,nan,False,nan,0.03517203342855461,0.28884882632406217,False,False,11.242437066007403,0.006397270616490906,0.1378187872944451,11.829548678582695,11.829548678582695,0.0,nan,0.0,28,0.3654851163781845,0.17128629588623231,10.835545687329581,-0.0132458822473038,0,nan,nan,nan,nan,0,nan,nan,nan,nan,m2063-osd-osd_v0_0176_t4::L3_reset_control_corrected,m2063-osd-osd_v0_0176_t4,osd_v0_0176_t4,T4_variable_diagnostic_delay,m2060_no_rollout_outcome_supported_decisive_generator,long_delay_steer_lag_evidence,T4_variable_diagnostic_delay|long_delay_steer_lag_evidence|late|generous|moderate|mixed_mu|low,m2060_t4_008,,,,,osd_v0_0176_t4,smoke_proxy,t4_actuator_delay_response,true,false,L3_reset_control_corrected,runs/m1674_controller_family_one_seed_public_pilot/configs/L3_reset_control_corrected_seed167400.json,runs/m1674_controller_family_one_seed_public_pilot/profile_runs/L3_reset_control_corrected/seed_167400/checkpoint.pt,210264,False,True,True,True,True,False,False,False,False,False,False,False,False,False,False,False,unavoidable
210265,checkpoint,30,True,False,0.6027477926495675,0.7161169978874572,1211.9332302406367,0.8358160208556116,0.9049793279971764,-0.03926387920166707,0.9186497303454837,1.3020487948045112,0.6155368351985868,1.8897590017457064,1.8897590017457067,28,True,True,unavoidable,True,False,1.5147246112575206,1.6361026738873004,-0.12137806262977979,obstacle_collision,False,obstacle_collision,collision_failure,-0.5168760845950828,-0.017229202819836094,0.18851293136357822,0.4513043002920121,0.10742410202864949,0.05036253380364882,0.0,9.808473543096202,0.0016862575430423021,1,nan,nan,0.02,5.5,nan,nan,nan,nan,False,nan,0.05036253380364882,0.48783051058220817,False,False,9.284435353622017,0.0001502671431972311,0.0017876479185519446,9.89157956513437,9.89157956513437,0.0,nan,0.0,30,0.18851293136357822,0.10742410202864949,9.808473543096202,-0.017229202819836094,0,nan,nan,nan,nan,0,nan,nan,nan,nan,m2063-osd-osd_v0_0177_t4::L0_current_masked,m2063-osd-osd_v0_0177_t4,osd_v0_0177_t4,T4_variable_diagnostic_delay,m2060_no_rollout_outcome_supported_decisive_generator,variable_delay_mixed_authority,T4_variable_diagnostic_delay|variable_delay_mixed_authority|early|nominal|high|actuator_delay|nominal,m2060_t4_009,,,,,osd_v0_0177_t4,smoke_proxy,t4_actuator_delay_response,true,false,L0_current_masked,runs/m1674_controller_family_one_seed_public_pilot/configs/L0_current_masked_seed167400.json,runs/m1674_controller_family_one_seed_public_pilot/profile_runs/L0_current_masked/seed_167400/checkpoint.pt,210265,False,True,True,True,True,False,False,False,False,False,False,False,False,False,False,False,unavoidable
210266,checkpoint,32,True,False,1.1101989176055367,0.698102201757006,1602.3252755470592,1.1050519141703856,1.1085102899866897,0.06043110765841542,0.7554326813491474,0.742008729331875,0.7730193903810701,2.078895065094169,2.078895065094169,30,True,True,drift_required,True,False,1.2534000846284543,1.2664437053440496,-0.013043620715595283,obstacle_collision,False,obstacle_collision,collision_failure,-0.028612116812027466,-0.0008941286503758583,0.4309174741510776,0.905193495549053,0.09157529514671428,0.03766525107900264,0.0,10.136289980086506,0.0020072986371815205,1,nan,nan,0.02,5.5,nan,nan,nan,nan,False,nan,0.03766525107900264,0.4830160732462686,False,False,10.195825765126708,0.0012625234545990734,0.013725287675973329,10.26304765919958,10.26304765919958,0.0,nan,0.0,32,0.4309174741510776,0.09157529514671428,10.136289980086506,-0.0008941286503758583,0,nan,nan,nan,nan,0,nan,nan,nan,nan,m2063-osd-osd_v0_0177_t4::L1_one_step,m2063-osd-osd_v0_0177_t4,osd_v0_0177_t4,T4_variable_diagnostic_delay,m2060_no_rollout_outcome_supported_decisive_generator,variable_delay_mixed_authority,T4_variable_diagnostic_delay|variable_delay_mixed_authority|early|nominal|high|actuator_delay|nominal,m2060_t4_009,,,,,osd_v0_0177_t4,smoke_proxy,t4_actuator_delay_response,true,false,L1_one_step,runs/m1674_controller_family_one_seed_public_pilot/configs/L1_one_step_seed167400.json,runs/m1674_controller_family_one_seed_public_pilot/profile_runs/L1_one_step/seed_167400/checkpoint.pt,210266,False,True,True,True,True,False,False,False,False,False,False,False,False,False,False,False,drift_required
210267,checkpoint,33,True,False,1.1059665621649502,0.587711294562951,1287.0023604809664,0.8875878348144596,0.9629783501936509,-0.06379417227785855,0.8026450785200796,0.7500495138134944,0.7232548519120121,2.6597714817508717,2.6597714817508717,29,True,True,unavoidable,True,False,1.6756941989520244,1.6801819142976577,-0.004487715345633303,obstacle_collision,False,obstacle_collision,collision_failure,0.5457803531011578,0.016538798578822962,0.5985755699387107,1.3897895801306923,0.09242493243870223,0.04397174939063634,0.0,9.36342799875535,0.00259978324174881,1,nan,nan,0.02,5.5,nan,nan,nan,nan,False,nan,0.04397174939063634,0.44583438541399667,False,False,9.408901573558099,0.0385509113127872,0.4034048427541214,9.49095609021807,9.49095609021807,0.0,nan,0.0,33,0.5985755699387107,0.09242493243870223,9.36342799875535,0.016538798578822962,0,nan,nan,nan,nan,0,nan,nan,nan,nan,m2063-osd-osd_v0_0177_t4::L2_window_50,m2063-osd-osd_v0_0177_t4,osd_v0_0177_t4,T4_variable_diagnostic_delay,m2060_no_rollout_outcome_supported_decisive_generator,variable_delay_mixed_authority,T4_variable_diagnostic_delay|variable_delay_mixed_authority|early|nominal|high|actuator_delay|nominal,m2060_t4_009,,,,,osd_v0_0177_t4,smoke_proxy,t4_actuator_delay_response,true,false,L2_window_50,runs/m1674_controller_family_one_seed_public_pilot/configs/L2_window_50_seed167400.json,runs/m1674_controller_family_one_seed_public_pilot/profile_runs/L2_window_50/seed_167400/checkpoint.pt,210267,False,True,True,True,True,False,False,False,False,False,False,False,False,False,False,False,unavoidable
210268,checkpoint,39,True,False,0.451625110229713,0.451625110229713,1361.930519449493,0.9392624272065468,0.8120796692974739,0.048992602798993756,1.3544403514562273,0.5519292478332044,0.6300702815708699,2.057141739221321,2.057141739221321,40,False,True,unavoidable,True,False,1.4119936716178179,1.458545433115921,-0.04655176149810325,obstacle_collision,False,obstacle_collision,collision_failure,10.02423690274384,0.2570317154549703,0.2792122999501283,0.4948788714014931,0.27040589815425187,0.028300927358303998,0.0,8.47491911613862,0.0022680561523884535,1,nan,nan,0.02,5.5,nan,nan,nan,nan,False,nan,0.028300927358303998,0.3687431318949027,False,False,8.823649252656509,0.01770052165721273,0.15103540266819918,9.08036186124245,9.08036186124245,0.0,nan,0.0,39,0.2792122999501283,0.27040589815425187,8.47491911613862,0.2570317154549703,0,nan,nan,nan,nan,0,nan,nan,nan,nan,m2063-osd-osd_v0_0177_t4::L3_online_gru,m2063-osd-osd_v0_0177_t4,osd_v0_0177_t4,T4_variable_diagnostic_delay,m2060_no_rollout_outcome_supported_decisive_generator,variable_delay_mixed_authority,T4_variable_diagnostic_delay|variable_delay_mixed_authority|early|nominal|high|actuator_delay|nominal,m2060_t4_009,,,,,osd_v0_0177_t4,smoke_proxy,t4_actuator_delay_response,true,false,L3_online_gru,runs/m1674_controller_family_one_seed_public_pilot/configs/L3_online_gru_seed167400.json,runs/m1674_controller_family_one_seed_public_pilot/profile_runs/L3_online_gru/seed_167400/checkpoint.pt,210268,False,True,True,True,True,False,False,False,False,False,False,False,False,False,False,False,unavoidable
210269,checkpoint,31,True,False,0.687265943804821,0.7526574013999859,1520.2807554509036,1.0484694865178645,0.81468702197206,-0.060125240701913496,1.0251211491144183,0.7340519309374391,1.066155612335078,2.3661906371230232,2.3661906371230232,11,True,True,drift_required,True,False,1.0589240027295808,1.198736009940724,-0.13981200721114329,obstacle_collision,False,obstacle_collision,collision_failure,1.825908570017404,0.05890027645217432,0.33235572261629176,0.7462924262320385,0.1724544341542253,0.020086324811370723,0.0,10.86772130867381,0.0014650181401520967,1,nan,nan,0.02,5.5,nan,nan,nan,nan,False,nan,0.020086324811370723,0.453341637970616,False,False,11.321499712631649,0.010584386066873501,0.16913694147045388,12.042765635867848,12.042765635867848,0.0,nan,0.0,31,0.33235572261629176,0.1724544341542253,10.86772130867381,0.05890027645217432,0,nan,nan,nan,nan,0,nan,nan,nan,nan,m2063-osd-osd_v0_0177_t4::L3_reset_control_corrected,m2063-osd-osd_v0_0177_t4,osd_v0_0177_t4,T4_variable_diagnostic_delay,m2060_no_rollout_outcome_supported_decisive_generator,variable_delay_mixed_authority,T4_variable_diagnostic_delay|variable_delay_mixed_authority|early|nominal|high|actuator_delay|nominal,m2060_t4_009,,,,,osd_v0_0177_t4,smoke_proxy,t4_actuator_delay_response,true,false,L3_reset_control_corrected,runs/m1674_controller_family_one_seed_public_pilot/configs/L3_reset_control_corrected_seed167400.json,runs/m1674_controller_family_one_seed_public_pilot/profile_runs/L3_reset_control_corrected/seed_167400/checkpoint.pt,210269,False,True,True,True,True,False,False,False,False,False,False,False,False,False,False,False,drift_required
210270,checkpoint,35,True,False,0.5471519230231149,0.9928405098724552,1384.4088137639355,0.9547646991475418,0.9905697541120838,-0.04378717119365172,1.0255309925622726,0.982878572886769,1.129875339189598,1.322799168279228,1.3227991682792277,13,True,True,drift_required,True,False,1.876501420683746,2.0359959569176063,-0.15949453623386023,obstacle_collision,False,obstacle_collision,collision_failure,3.7892787059916984,0.1082651058854771,0.5826133395967088,0.9458324465174002,0.17707987122627608,0.06315000886612641,0.0,15.373715229333314,0.0030704329255968332,1,nan,nan,0.02,4.4,nan,nan,nan,nan,False,nan,0.06315000886612641,0.21922629879912675,False,False,15.512175532263763,0.0009274812834819193,0.033790513499118005,16.31349100542472,16.31349100542472,0.0,nan,0.0,35,0.5826133395967088,0.17707987122627608,15.373715229333314,0.1082651058854771,0,nan,nan,nan,nan,0,nan,nan,nan,nan,m2063-osd-osd_v0_0178_t4::L0_current_masked,m2063-osd-osd_v0_0178_t4,osd_v0_0178_t4,T4_variable_diagnostic_delay,m2060_no_rollout_outcome_supported_decisive_generator,stale_evidence_boundary_check,T4_variable_diagnostic_delay|stale_evidence_boundary_check|medium|tight|straight_or_low|nominal_mu|high,m2060_t4_010,,,,,osd_v0_0178_t4,smoke_proxy,t4_actuator_delay_response,true,false,L0_current_masked,runs/m1674_controller_family_one_seed_public_pilot/configs/L0_current_masked_seed167400.json,runs/m1674_controller_family_one_seed_public_pilot/profile_runs/L0_current_masked/seed_167400/checkpoint.pt,210270,False,True,True,True,True,False,False,False,False,False,False,False,False,False,False,False,drift_required
210271,checkpoint,50,True,False,0.6293745168575446,0.8442083718014435,1446.053611830514,0.9972783529865614,1.0388448631648624,0.069266011601536,1.1978486416059901,0.9070264193047642,0.9021875023501877,1.1943722999503459,1.1943722999503459,37,True,True,aes_feasible,True,False,1.5927419946278205,1.7042785693650062,-0.1115365747371857,obstacle_collision,False,obstacle_collision,collision_failure,10.588605837131581,0.21177211674263163,1.058980800587457,2.2491139627892096,0.27068890390854916,0.010274592195346214,0.0,16.381424997653262,0.002548406133428216,1,nan,nan,0.02,4.4,nan,nan,nan,nan,False,nan,0.010274592195346214,0.2204974934520089,False,False,16.37356189739087,0.0004881002094260865,0.07451992579650317,16.93894081376116,16.93894081376116,0.0,nan,0.0,50,1.058980800587457,0.27068890390854916,16.381424997653262,0.21177211674263163,0,nan,nan,nan,nan,0,nan,nan,nan,nan,m2063-osd-osd_v0_0178_t4::L1_one_step,m2063-osd-osd_v0_0178_t4,osd_v0_0178_t4,T4_variable_diagnostic_delay,m2060_no_rollout_outcome_supported_decisive_generator,stale_evidence_boundary_check,T4_variable_diagnostic_delay|stale_evidence_boundary_check|medium|tight|straight_or_low|nominal_mu|high,m2060_t4_010,,,,,osd_v0_0178_t4,smoke_proxy,t4_actuator_delay_response,true,false,L1_one_step,runs/m1674_controller_family_one_seed_public_pilot/configs/L1_one_step_seed167400.json,runs/m1674_controller_family_one_seed_public_pilot/profile_runs/L1_one_step/seed_167400/checkpoint.pt,210271,False,True,True,True,True,False,False,False,False,False,False,False,False,False,False,False,aes_feasible
210272,checkpoint,27,True,False,0.9864526760667893,0.8886451701026019,1443.7731108449384,0.9957055936861644,1.0281257874731262,0.04056557454774934,0.8734310577647089,0.9775455160984181,1.0671903053210883,1.1438546423699947,1.1438546423699947,14,True,True,unavoidable,True,False,1.0570743574001353,1.3435270137727853,-0.28645265637264994,obstacle_collision,False,obstacle_collision,collision_failure,-4.9517621491495944,-0.18339859811665166,0.347848952369794,0.8915966878892547,0.24558230710012552,0.06892528465608967,0.0,19.12180582233345,0.005035002250224352,1,nan,nan,0.02,4.4,nan,nan,nan,nan,False,nan,0.06892528465608967,0.7294272628831313,False,False,19.058480428602067,0.05874728703186721,0.7294272628831313,20.593060080269566,20.593060080269566,0.0,nan,0.0,27,0.347848952369794,0.24558230710012552,19.12180582233345,-0.18339859811665166,0,nan,nan,nan,nan,0,nan,nan,nan,nan,m2063-osd-osd_v0_0178_t4::L2_window_50,m2063-osd-osd_v0_0178_t4,osd_v0_0178_t4,T4_variable_diagnostic_delay,m2060_no_rollout_outcome_supported_decisive_generator,stale_evidence_boundary_check,T4_variable_diagnostic_delay|stale_evidence_boundary_check|medium|tight|straight_or_low|nominal_mu|high,m2060_t4_010,,,,,osd_v0_0178_t4,smoke_proxy,t4_actuator_delay_response,true,false,L2_window_50,runs/m1674_controller_family_one_seed_public_pilot/configs/L2_window_50_seed167400.json,runs/m1674_controller_family_one_seed_public_pilot/profile_runs/L2_window_50/seed_167400/checkpoint.pt,210272,False,True,True,True,True,False,False,False,False,False,False,False,False,False,False,False,unavoidable
210273,checkpoint,40,True,False,0.5095572056399371,0.786448194626412,1748.064956622609,1.2055620390500752,0.873592036372394,0.06535075811051261,1.0103440801182941,0.6453555151094612,1.273214170924772,0.932634368957098,0.932634368957098,14,True,True,drift_required,True,False,1.1418786498145503,1.322394915636686,-0.18051626582213576,obstacle_collision,False,obstacle_collision,collision_failure,17.020523955094113,0.42551309887735284,0.7199648414183656,1.2168985328443895,0.042850299784754284,0.1429760471158606,0.0,15.250957558730454,0.0020734500139951706,1,nan,nan,0.02,4.4,nan,nan,nan,nan,False,nan,0.1429760471158606,0.8355079574747043,False,False,16.104249779936833,0.1429760471158606,0.8355079574747043,17.16186992835291,17.16186992835291,0.0,nan,0.0,40,0.7199648414183656,0.042850299784754284,15.250957558730454,0.42551309887735284,0,nan,nan,nan,nan,0,nan,nan,nan,nan,m2063-osd-osd_v0_0178_t4::L3_online_gru,m2063-osd-osd_v0_0178_t4,osd_v0_0178_t4,T4_variable_diagnostic_delay,m2060_no_rollout_outcome_supported_decisive_generator,stale_evidence_boundary_check,T4_variable_diagnostic_delay|stale_evidence_boundary_check|medium|tight|straight_or_low|nominal_mu|high,m2060_t4_010,,,,,osd_v0_0178_t4,smoke_proxy,t4_actuator_delay_response,true,false,L3_online_gru,runs/m1674_controller_family_one_seed_public_pilot/configs/L3_online_gru_seed167400.json,runs/m1674_controller_family_one_seed_public_pilot/profile_runs/L3_online_gru/seed_167400/checkpoint.pt,210273,False,True,True,True,True,False,False,False,False,False,False,False,False,False,False,False,drift_required
210274,checkpoint,31,True,False,0.7162644999575803,0.8668078855164034,1415.4139720997443,0.9761475669653409,1.2809438534117423,0.09249074302915083,1.2672515931000126,0.7550094108386078,1.0071151547990675,1.069254892639939,1.0692548926399388,20,True,True,drift_required,True,False,1.2458607641274217,1.4613389581131269,-0.2154781939857051,obstacle_collision,False,obstacle_collision,collision_failure,0.6846988459025809,0.022087059545244547,0.13428227744215604,0.2229975625751166,0.30486844221531834,0.002351023122800009,0.0,14.565300125849937,0.0014903602423146367,1,nan,nan,0.02,4.4,nan,nan,nan,nan,False,nan,0.002351023122800009,0.19635040173550897,False,False,15.04390193955298,0.001658113502189928,0.15797539534382554,16.13791950576698,16.13791950576698,0.0,nan,0.0,31,0.13428227744215604,0.30486844221531834,14.565300125849937,0.022087059545244547,0,nan,nan,nan,nan,0,nan,nan,nan,nan,m2063-osd-osd_v0_0178_t4::L3_reset_control_corrected,m2063-osd-osd_v0_0178_t4,osd_v0_0178_t4,T4_variable_diagnostic_delay,m2060_no_rollout_outcome_supported_decisive_generator,stale_evidence_boundary_check,T4_variable_diagnostic_delay|stale_evidence_boundary_check|medium|tight|straight_or_low|nominal_mu|high,m2060_t4_010,,,,,osd_v0_0178_t4,smoke_proxy,t4_actuator_delay_response,true,false,L3_reset_control_corrected,runs/m1674_controller_family_one_seed_public_pilot/configs/L3_reset_control_corrected_seed167400.json,runs/m1674_controller_family_one_seed_public_pilot/profile_runs/L3_reset_control_corrected/seed_167400/checkpoint.pt,210274,False,True,True,True,True,False,False,False,False,False,False,False,False,False,False,False,drift_required
210275,checkpoint,44,True,False,0.3580394279132291,0.3643282992249788,1171.8399738892676,0.8081654992339777,1.0348247238174704,0.09798006412933358,1.3279538874774364,0.9771951500692473,0.9644549409138864,1.6476916769979804,1.6476916769979804,29,True,True,unavoidable,True,False,1.6952816407943978,1.7585644768531297,-0.06328283605873186,obstacle_collision,False,obstacle_collision,collision_failure,12.700786731202655,0.28865424389096944,0.12714928761522692,0.309952684981063,0.2763973574543661,0.010384661744820143,0.0,7.817784982449243,0.002210808452218771,1,nan,nan,0.02,7.0,nan,nan,nan,nan,False,nan,0.010384661744820143,0.1948377944286807,False,False,7.858313200211851,0.008313337813423824,0.05942671928872284,8.184826721341095,8.184826721341095,0.0,nan,0.0,44,0.12714928761522692,0.2763973574543661,7.817784982449243,0.28865424389096944,0,nan,nan,nan,nan,0,nan,nan,nan,nan,m2063-osd-osd_v0_0179_t4::L0_current_masked,m2063-osd-osd_v0_0179_t4,osd_v0_0179_t4,T4_variable_diagnostic_delay,m2060_no_rollout_outcome_supported_decisive_generator,delayed_obstacle_reveal_response,T4_variable_diagnostic_delay|delayed_obstacle_reveal_response|late|generous|moderate|low_mu|low,m2060_t4_011,,,,,osd_v0_0179_t4,smoke_proxy,t4_actuator_delay_response,true,false,L0_current_masked,runs/m1674_controller_family_one_seed_public_pilot/configs/L0_current_masked_seed167400.json,runs/m1674_controller_family_one_seed_public_pilot/profile_runs/L0_current_masked/seed_167400/checkpoint.pt,210275,False,True,True,True,True,False,False,False,False,False,False,False,False,False,False,False,unavoidable
210276,checkpoint,41,True,False,0.46895627956437325,0.5034767399963948,1447.4277820305306,0.9982260565727797,1.177656744374953,0.13484538540961077,0.7223220486583891,0.7206042604656678,1.1151083827183097,1.1758691019548089,1.1758691019548089,13,True,True,drift_required,True,False,1.3898167044247416,1.4363007118346824,-0.04648400740994085,obstacle_collision,False,obstacle_collision,collision_failure,11.901574048195688,0.2902822938584314,0.4130041973386184,0.8423832624179894,0.29270058901013046,0.017298780347060297,0.0,9.529471851990483,0.0027618135791271925,1,nan,nan,0.02,7.0,nan,nan,nan,nan,False,nan,0.017298780347060297,0.2415250485498126,False,False,9.97404231065122,0.0036140453150042486,0.06982239339113136,10.215251609697539,10.215251609697539,0.0,nan,0.0,41,0.4130041973386184,0.29270058901013046,9.529471851990483,0.2902822938584314,0,nan,nan,nan,nan,0,nan,nan,nan,nan,m2063-osd-osd_v0_0179_t4::L1_one_step,m2063-osd-osd_v0_0179_t4,osd_v0_0179_t4,T4_variable_diagnostic_delay,m2060_no_rollout_outcome_supported_decisive_generator,delayed_obstacle_reveal_response,T4_variable_diagnostic_delay|delayed_obstacle_reveal_response|late|generous|moderate|low_mu|low,m2060_t4_011,,,,,osd_v0_0179_t4,smoke_proxy,t4_actuator_delay_response,true,false,L1_one_step,runs/m1674_controller_family_one_seed_public_pilot/configs/L1_one_step_seed167400.json,runs/m1674_controller_family_one_seed_public_pilot/profile_runs/L1_one_step/seed_167400/checkpoint.pt,210276,False,True,True,True,True,False,False,False,False,False,False,False,False,False,False,False,drift_required
210277,checkpoint,29,True,False,1.0091343621677613,0.488765115708835,1559.4945619751966,1.075513491017377,1.2906449313714852,-0.12445179685764818,0.9179188865414434,0.6609685959271709,1.1222174290555305,0.8036188423313181,0.8036188423313181,18,True,True,unavoidable,True,False,0.9869065462712813,1.1324266558511886,-0.14552010957990735,obstacle_collision,False,obstacle_collision,collision_failure,0.8851071128196075,0.03052093492481405,0.5684613168336441,0.8868257353021249,0.18743784983751072,0.07788466577085976,0.0,7.698356644440449,0.003960206173360348,1,nan,nan,0.02,7.0,nan,nan,nan,nan,False,nan,0.07788466577085976,0.3696385748372095,False,False,8.096359145545108,0.052197151566825126,0.3696385748372095,8.887022126711779,8.887022126711779,0.0,nan,0.0,29,0.5684613168336441,0.18743784983751072,7.698356644440449,0.03052093492481405,0,nan,nan,nan,nan,0,nan,nan,nan,nan,m2063-osd-osd_v0_0179_t4::L2_window_50,m2063-osd-osd_v0_0179_t4,osd_v0_0179_t4,T4_variable_diagnostic_delay,m2060_no_rollout_outcome_supported_decisive_generator,delayed_obstacle_reveal_response,T4_variable_diagnostic_delay|delayed_obstacle_reveal_response|late|generous|moderate|low_mu|low,m2060_t4_011,,,,,osd_v0_0179_t4,smoke_proxy,t4_actuator_delay_response,true,false,L2_window_50,runs/m1674_controller_family_one_seed_public_pilot/configs/L2_window_50_seed167400.json,runs/m1674_controller_family_one_seed_public_pilot/profile_runs/L2_window_50/seed_167400/checkpoint.pt,210277,False,True,True,True,True,False,False,False,False,False,False,False,False,False,False,False,unavoidable
210278,checkpoint,47,True,False,0.7577098250359828,0.38156942271384303,1386.7453998026247,0.9563761377949136,0.9981038949121431,0.13309650556441066,1.1179621031487512,1.182415594189501,0.9697421212669801,0.8068790291163799,0.8068790291163799,29,True,True,drift_required,True,False,1.4411358985839124,1.5883105535294813,-0.1471746549455688,obstacle_collision,False,obstacle_collision,collision_failure,20.106017253216848,0.4277876011322734,0.273014061135227,0.39415961228901963,0.18228478827209052,0.015309298719309935,0.0,9.954256136144213,0.001790570211596787,1,nan,nan,0.02,7.0,nan,nan,nan,nan,False,nan,0.015309298719309935,0.24769554102628108,False,False,10.336385638430611,0.008010456545300864,0.12122633185905358,11.08838677461701,11.08838677461701,0.0,nan,0.0,47,0.273014061135227,0.18228478827209052,9.954256136144213,0.4277876011322734,0,nan,nan,nan,nan,0,nan,nan,nan,nan,m2063-osd-osd_v0_0179_t4::L3_online_gru,m2063-osd-osd_v0_0179_t4,osd_v0_0179_t4,T4_variable_diagnostic_delay,m2060_no_rollout_outcome_supported_decisive_generator,delayed_obstacle_reveal_response,T4_variable_diagnostic_delay|delayed_obstacle_reveal_response|late|generous|moderate|low_mu|low,m2060_t4_011,,,,,osd_v0_0179_t4,smoke_proxy,t4_actuator_delay_response,true,false,L3_online_gru,runs/m1674_controller_family_one_seed_public_pilot/configs/L3_online_gru_seed167400.json,runs/m1674_controller_family_one_seed_public_pilot/profile_runs/L3_online_gru/seed_167400/checkpoint.pt,210278,False,True,True,True,True,False,False,False,False,False,False,False,False,False,False,False,drift_required
210279,checkpoint,32,True,False,1.0781997825126726,0.5237426980228361,1524.0234240933864,1.0510506373057837,1.1993692542870997,0.04947121671129384,0.9261819218237425,0.8277733198552164,0.8854039799841933,1.416692460014068,1.416692460014068,28,True,True,unavoidable,True,False,1.205677971286252,1.2234191661702427,-0.01774119488399073,obstacle_collision,False,obstacle_collision,collision_failure,2.513787923783422,0.07855587261823194,0.18816661275954666,0.2431820233616584,0.25099268548143566,0.04882524526436534,0.0,8.15237058847184,0.0013289742637425661,1,nan,nan,0.02,7.0,nan,nan,nan,nan,False,nan,0.04882524526436534,0.22297392245131614,False,False,8.458821460804057,0.010151441255079599,0.10004231232277104,8.562607387083826,8.562607387083826,0.0,nan,0.0,32,0.18816661275954666,0.25099268548143566,8.15237058847184,0.07855587261823194,0,nan,nan,nan,nan,0,nan,nan,nan,nan,m2063-osd-osd_v0_0179_t4::L3_reset_control_corrected,m2063-osd-osd_v0_0179_t4,osd_v0_0179_t4,T4_variable_diagnostic_delay,m2060_no_rollout_outcome_supported_decisive_generator,delayed_obstacle_reveal_response,T4_variable_diagnostic_delay|delayed_obstacle_reveal_response|late|generous|moderate|low_mu|low,m2060_t4_011,,,,,osd_v0_0179_t4,smoke_proxy,t4_actuator_delay_response,true,false,L3_reset_control_corrected,runs/m1674_controller_family_one_seed_public_pilot/configs/L3_reset_control_corrected_seed167400.json,runs/m1674_controller_family_one_seed_public_pilot/profile_runs/L3_reset_control_corrected/seed_167400/checkpoint.pt,210279,False,True,True,True,True,False,False,False,False,False,False,False,False,False,False,False,unavoidable
210280,checkpoint,27,True,False,0.724609256916688,0.8344301511214043,1409.8162640971937,0.9722870786877198,1.2522843671605306,-0.10320299857213855,1.3771740710539828,0.827664113225629,0.8112325033714789,1.4416646473204244,1.4416646473204244,21,True,True,unavoidable,True,False,1.6263198097711895,1.806464891468841,-0.18014508169765153,obstacle_collision,False,obstacle_collision,collision_failure,-3.4774789506853416,-0.1287955166920497,0.13929442971433514,0.35384514724706406,0.08792865908743837,0.03766868614816305,0.0,10.038262735658876,0.002183664822950959,1,nan,nan,0.02,5.5,nan,nan,nan,nan,False,nan,0.03766868614816305,0.4695759828642722,False,False,10.06829293269196,0.002060820092749224,0.01776610271933464,10.971825361498526,10.971825361498526,0.0,nan,0.0,27,0.13929442971433514,0.08792865908743837,10.038262735658876,-0.1287955166920497,0,nan,nan,nan,nan,0,nan,nan,nan,nan,m2063-osd-osd_v0_0180_t4::L0_current_masked,m2063-osd-osd_v0_0180_t4,osd_v0_0180_t4,T4_variable_diagnostic_delay,m2060_no_rollout_outcome_supported_decisive_generator,short_delay_brake_evidence,T4_variable_diagnostic_delay|short_delay_brake_evidence|early|nominal|high|mixed_mu|nominal,m2060_t4_012,,,,,osd_v0_0180_t4,smoke_proxy,t4_actuator_delay_response,true,false,L0_current_masked,runs/m1674_controller_family_one_seed_public_pilot/configs/L0_current_masked_seed167400.json,runs/m1674_controller_family_one_seed_public_pilot/profile_runs/L0_current_masked/seed_167400/checkpoint.pt,210280,False,True,True,True,True,False,False,False,False,False,False,False,False,False,False,False,unavoidable
210281,checkpoint,25,True,False,0.4286641334092445,1.0231588630278319,1370.249911656825,0.9449999390736723,0.9801566919135453,-0.06802383472456652,1.378127547747916,0.8464620538778631,0.8056929735412331,2.0510361709699474,2.0510361709699474,20,True,True,unavoidable,True,False,1.0791145547375165,1.283016963045069,-0.20390240830755246,obstacle_collision,False,obstacle_collision,collision_failure,-8.234368715063425,-0.329374748602537,0.743668242344205,0.9262711308119549,0.2093520330043042,0.022336393686277507,0.0,11.821750765377644,0.0026322982739657164,1,nan,nan,0.02,5.5,nan,nan,nan,nan,False,nan,0.022336393686277507,0.5113653773171889,False,False,11.829855751832456,0.0003408487444731741,0.0029996940213479623,12.84983818714459,12.84983818714459,0.0,nan,0.0,25,0.743668242344205,0.2093520330043042,11.821750765377644,-0.329374748602537,0,nan,nan,nan,nan,0,nan,nan,nan,nan,m2063-osd-osd_v0_0180_t4::L1_one_step,m2063-osd-osd_v0_0180_t4,osd_v0_0180_t4,T4_variable_diagnostic_delay,m2060_no_rollout_outcome_supported_decisive_generator,short_delay_brake_evidence,T4_variable_diagnostic_delay|short_delay_brake_evidence|early|nominal|high|mixed_mu|nominal,m2060_t4_012,,,,,osd_v0_0180_t4,smoke_proxy,t4_actuator_delay_response,true,false,L1_one_step,runs/m1674_controller_family_one_seed_public_pilot/configs/L1_one_step_seed167400.json,runs/m1674_controller_family_one_seed_public_pilot/profile_runs/L1_one_step/seed_167400/checkpoint.pt,210281,False,True,True,True,True,False,False,False,False,False,False,False,False,False,False,False,unavoidable
210282,checkpoint,32,True,False,0.7822850205508887,0.6671978115233634,1436.1386762828026,0.9904404664019328,1.241375875759159,-0.052544603386242894,1.1616829458792775,0.6512080905348431,0.7337930003862417,1.7074576383232989,1.7074576383232987,12,True,True,unavoidable,True,False,1.2122974010797503,1.3599880374285038,-0.14769063634875357,obstacle_collision,False,obstacle_collision,collision_failure,-1.1381801538290368,-0.0355681298071574,0.8485495440057299,1.6649308624765453,0.20422305551664666,0.0732855522293087,0.0,10.047276523456876,0.0030164166819304228,1,nan,nan,0.02,5.5,nan,nan,nan,nan,False,nan,0.0732855522293087,0.47229329182595803,False,False,10.174832528785872,0.03950477038674703,0.4520483948647483,10.978242935209488,10.978242935209488,0.0,nan,0.0,32,0.8485495440057299,0.20422305551664666,10.047276523456876,-0.0355681298071574,0,nan,nan,nan,nan,0,nan,nan,nan,nan,m2063-osd-osd_v0_0180_t4::L2_window_50,m2063-osd-osd_v0_0180_t4,osd_v0_0180_t4,T4_variable_diagnostic_delay,m2060_no_rollout_outcome_supported_decisive_generator,short_delay_brake_evidence,T4_variable_diagnostic_delay|short_delay_brake_evidence|early|nominal|high|mixed_mu|nominal,m2060_t4_012,,,,,osd_v0_0180_t4,smoke_proxy,t4_actuator_delay_response,true,false,L2_window_50,runs/m1674_controller_family_one_seed_public_pilot/configs/L2_window_50_seed167400.json,runs/m1674_controller_family_one_seed_public_pilot/profile_runs/L2_window_50/seed_167400/checkpoint.pt,210282,False,True,True,True,True,False,False,False,False,False,False,False,False,False,False,False,unavoidable
210283,checkpoint,60,False,True,0.987412400435403,0.39481619852164307,1374.6742523877053,0.9480512085432451,0.8577997258750751,-0.019629918772794408,0.7566524225269552,1.1303291224016339,0.9488100298989393,1.728413797806959,1.728413797806959,31,True,True,drift_required,False,True,1.4080816966584409,1.3165300023874416,0.0915516942709993,,True,obstacle_pass,success_obstacle_pass,80.9908292727989,1.3498471545466484,0.42818533855919144,0.9393990973462749,0.14235972492436735,0.048004634268299214,0.0,8.083426360607847,0.0016513640293851495,1,nan,nan,0.02,5.5,60.0,1.2,60.0,1.2,True,0.0,0.048004634268299214,0.3739146185507122,False,True,nan,nan,nan,nan,0.0,0.0,nan,0.0,60,0.42818533855919144,0.14235972492436735,8.083426360607847,1.3498471545466484,0,nan,nan,nan,nan,0,nan,nan,nan,nan,m2063-osd-osd_v0_0180_t4::L3_online_gru,m2063-osd-osd_v0_0180_t4,osd_v0_0180_t4,T4_variable_diagnostic_delay,m2060_no_rollout_outcome_supported_decisive_generator,short_delay_brake_evidence,T4_variable_diagnostic_delay|short_delay_brake_evidence|early|nominal|high|mixed_mu|nominal,m2060_t4_012,,,,,osd_v0_0180_t4,smoke_proxy,t4_actuator_delay_response,true,false,L3_online_gru,runs/m1674_controller_family_one_seed_public_pilot/configs/L3_online_gru_seed167400.json,runs/m1674_controller_family_one_seed_public_pilot/profile_runs/L3_online_gru/seed_167400/checkpoint.pt,210283,True,True,True,True,True,False,False,False,False,False,False,False,False,False,False,False,drift_required
210284,checkpoint,37,True,False,0.6594044554438239,0.42146636187126707,1323.8623460901788,0.9130085145449509,1.0272742341446008,0.07827299930634446,0.9005887921280329,0.8535998565899023,0.7691621577199694,0.9545784643724489,0.9545784643724489,16,True,True,unavoidable,True,False,1.1383971388518404,1.1829412930300394,-0.044544154178199014,obstacle_collision,False,obstacle_collision,collision_failure,9.638110205017906,0.2604894650004839,0.3389794619299004,0.5429283288915023,0.0429654743312932,0.020677827728201783,0.0,8.178183237443262,0.0009919875301420689,1,nan,nan,0.02,5.5,nan,nan,nan,nan,False,nan,0.020677827728201783,0.3789074281732326,False,False,8.440233158219765,0.015117441467647335,0.14351916193822198,8.684864566038407,8.684864566038407,0.0,nan,0.0,37,0.3389794619299004,0.0429654743312932,8.178183237443262,0.2604894650004839,0,nan,nan,nan,nan,0,nan,nan,nan,nan,m2063-osd-osd_v0_0180_t4::L3_reset_control_corrected,m2063-osd-osd_v0_0180_t4,osd_v0_0180_t4,T4_variable_diagnostic_delay,m2060_no_rollout_outcome_supported_decisive_generator,short_delay_brake_evidence,T4_variable_diagnostic_delay|short_delay_brake_evidence|early|nominal|high|mixed_mu|nominal,m2060_t4_012,,,,,osd_v0_0180_t4,smoke_proxy,t4_actuator_delay_response,true,false,L3_reset_control_corrected,runs/m1674_controller_family_one_seed_public_pilot/configs/L3_reset_control_corrected_seed167400.json,runs/m1674_controller_family_one_seed_public_pilot/profile_runs/L3_reset_control_corrected/seed_167400/checkpoint.pt,210284,False,True,True,True,True,False,False,False,False,False,False,False,False,False,False,False,unavoidable
210285,checkpoint,46,True,False,0.8330148673839131,0.5167429214415783,1507.0970732355754,1.0393772918866038,1.0007801058792796,-0.03334591100665807,0.9557215338627216,0.9114416937485856,0.9501004118667078,1.9697548901780026,1.9697548901780026,32,True,True,drift_required,True,False,1.304208124851045,1.5374817012394582,-0.23327357638841306,obstacle_collision,False,obstacle_collision,collision_failure,6.706248667753393,0.1457880145163781,1.284279423652058,2.495385489453156,0.07350092977829262,0.013902269650468065,0.0,14.8497659960583,0.001635450986213982,1,nan,nan,0.02,4.4,nan,nan,nan,nan,False,nan,0.013902269650468065,0.20710527142984086,False,False,14.935116324153357,2.86213012504578e-05,0.06615125598787637,16.108113642344833,16.108113642344833,0.0,nan,0.0,46,1.284279423652058,0.07350092977829262,14.8497659960583,0.1457880145163781,0,nan,nan,nan,nan,0,nan,nan,nan,nan,m2063-osd-osd_v0_0181_t4::L0_current_masked,m2063-osd-osd_v0_0181_t4,osd_v0_0181_t4,T4_variable_diagnostic_delay,m2060_no_rollout_outcome_supported_decisive_generator,medium_delay_yaw_evidence,T4_variable_diagnostic_delay|medium_delay_yaw_evidence|medium|tight|straight_or_low|actuator_delay|high,m2060_t4_013,,,,,osd_v0_0181_t4,smoke_proxy,t4_actuator_delay_response,true,false,L0_current_masked,runs/m1674_controller_family_one_seed_public_pilot/configs/L0_current_masked_seed167400.json,runs/m1674_controller_family_one_seed_public_pilot/profile_runs/L0_current_masked/seed_167400/checkpoint.pt,210285,False,True,True,True,True,False,False,False,False,False,False,False,False,False,False,False,drift_required
210286,checkpoint,70,False,True,0.5267094441431273,0.5665474337202863,1389.92457459197,0.958568672132393,1.0324495076196372,0.027996350852384166,0.5868306801701804,1.270103005377638,1.2725246973836408,1.9884397115647203,1.9884397115647205,21,True,True,aes_feasible,False,True,2.7459893802369915,1.3722478926451713,1.3737414875918201,,True,obstacle_pass,success_obstacle_pass,80.21426716519483,1.145918102359926,0.6460178183484716,1.8407745554047494,0.2734310268082672,0.06978252227827232,0.0,16.765911041169225,0.0015983228804543614,1,nan,nan,0.02,4.4,70.0,1.4000000000000001,70.0,1.4000000000000001,True,0.0,0.06978252227827232,0.26325803662680863,False,True,nan,nan,nan,nan,0.0,0.0,nan,0.0,70,0.6460178183484716,0.2734310268082672,16.765911041169225,1.145918102359926,0,nan,nan,nan,nan,0,nan,nan,nan,nan,m2063-osd-osd_v0_0181_t4::L1_one_step,m2063-osd-osd_v0_0181_t4,osd_v0_0181_t4,T4_variable_diagnostic_delay,m2060_no_rollout_outcome_supported_decisive_generator,medium_delay_yaw_evidence,T4_variable_diagnostic_delay|medium_delay_yaw_evidence|medium|tight|straight_or_low|actuator_delay|high,m2060_t4_013,,,,,osd_v0_0181_t4,smoke_proxy,t4_actuator_delay_response,true,false,L1_one_step,runs/m1674_controller_family_one_seed_public_pilot/configs/L1_one_step_seed167400.json,runs/m1674_controller_family_one_seed_public_pilot/profile_runs/L1_one_step/seed_167400/checkpoint.pt,210286,True,True,True,True,True,False,False,False,False,False,False,False,False,False,False,False,aes_feasible
210287,checkpoint,59,True,False,0.6196894923318526,0.4920696976515252,1281.3837793774355,0.8837129512947831,1.0938418564779728,0.07172516473374602,0.7632022530916668,0.7197620109524071,0.8310763675589956,2.4773552167293955,2.4773552167293955,21,True,True,drift_required,False,False,3.9696796993958174,1.8097817409964438,2.1598979583993736,off_track,False,off_track,off_track_noncollision_noncompletion,24.756054444831182,0.4195941431327319,1.9595179780229128,4.568997346096097,0.09079191236095004,0.07439647173101274,0.0,14.44769291503392,0.0028352413792163134,1,nan,nan,0.02,4.4,nan,nan,nan,nan,False,nan,0.07439647173101274,0.5322959087299153,False,False,nan,nan,nan,nan,0.0,0.16899734609609673,1.18,0.16899734609609673,59,1.9595179780229128,0.09079191236095004,14.44769291503392,0.4195941431327319,0,nan,nan,nan,nan,0,nan,nan,nan,nan,m2063-osd-osd_v0_0181_t4::L2_window_50,m2063-osd-osd_v0_0181_t4,osd_v0_0181_t4,T4_variable_diagnostic_delay,m2060_no_rollout_outcome_supported_decisive_generator,medium_delay_yaw_evidence,T4_variable_diagnostic_delay|medium_delay_yaw_evidence|medium|tight|straight_or_low|actuator_delay|high,m2060_t4_013,,,,,osd_v0_0181_t4,smoke_proxy,t4_actuator_delay_response,true,false,L2_window_50,runs/m1674_controller_family_one_seed_public_pilot/configs/L2_window_50_seed167400.json,runs/m1674_controller_family_one_seed_public_pilot/profile_runs/L2_window_50/seed_167400/checkpoint.pt,210287,False,True,True,True,True,False,False,False,False,False,False,False,False,False,False,False,drift_required
210288,checkpoint,38,True,False,0.7104589472369863,0.6604455452563832,1324.9767362367259,0.913777059473604,1.0845386624617102,0.08853108762158146,0.9835469743522851,1.0450771964942547,0.9827063182566065,2.686149403725855,2.686149403725855,25,True,True,drift_required,True,False,1.4479623604727172,1.4502270048181507,-0.0022646443454334975,obstacle_collision,False,obstacle_collision,collision_failure,9.720188489041686,0.2557944339221496,0.1764209644603758,0.3546094405764819,0.10336259593043196,0.016019809776238344,0.0,15.001164382693062,0.002082947874441743,1,nan,nan,0.02,4.4,nan,nan,nan,nan,False,nan,0.016019809776238344,0.20856084550808865,False,False,15.383366344365347,0.001304616487317819,0.15653094825774522,15.410994969161948,15.410994969161948,0.0,nan,0.0,38,0.1764209644603758,0.10336259593043196,15.001164382693062,0.2557944339221496,0,nan,nan,nan,nan,0,nan,nan,nan,nan,m2063-osd-osd_v0_0181_t4::L3_online_gru,m2063-osd-osd_v0_0181_t4,osd_v0_0181_t4,T4_variable_diagnostic_delay,m2060_no_rollout_outcome_supported_decisive_generator,medium_delay_yaw_evidence,T4_variable_diagnostic_delay|medium_delay_yaw_evidence|medium|tight|straight_or_low|actuator_delay|high,m2060_t4_013,,,,,osd_v0_0181_t4,smoke_proxy,t4_actuator_delay_response,true,false,L3_online_gru,runs/m1674_controller_family_one_seed_public_pilot/configs/L3_online_gru_seed167400.json,runs/m1674_controller_family_one_seed_public_pilot/profile_runs/L3_online_gru/seed_167400/checkpoint.pt,210288,False,True,True,True,True,False,False,False,False,False,False,False,False,False,False,False,drift_required
210289,checkpoint,64,False,True,0.7127867301412814,0.5704956622799475,1509.1799874610258,1.0408137844558798,1.1273618271528827,-0.07651437429532848,0.6167532569198594,0.9157243011977795,1.2857208096762087,2.267669155342438,2.267669155342438,20,True,True,aes_feasible,False,True,1.471963465664406,1.220677352264484,0.251286113399922,,True,obstacle_pass,success_obstacle_pass,77.18657428423663,1.2060402231911973,1.1962397955521817,2.538387913374052,0.1024129274372357,0.020291057469338517,0.0,17.830210440389436,0.0005429300363175571,1,nan,nan,0.02,4.4,64.0,1.28,64.0,1.28,True,0.0,0.020291057469338517,0.2530892151540714,False,True,nan,nan,nan,nan,0.0,0.0,nan,0.0,64,1.1962397955521817,0.1024129274372357,17.830210440389436,1.2060402231911973,0,nan,nan,nan,nan,0,nan,nan,nan,nan,m2063-osd-osd_v0_0181_t4::L3_reset_control_corrected,m2063-osd-osd_v0_0181_t4,osd_v0_0181_t4,T4_variable_diagnostic_delay,m2060_no_rollout_outcome_supported_decisive_generator,medium_delay_yaw_evidence,T4_variable_diagnostic_delay|medium_delay_yaw_evidence|medium|tight|straight_or_low|actuator_delay|high,m2060_t4_013,,,,,osd_v0_0181_t4,smoke_proxy,t4_actuator_delay_response,true,false,L3_reset_control_corrected,runs/m1674_controller_family_one_seed_public_pilot/configs/L3_reset_control_corrected_seed167400.json,runs/m1674_controller_family_one_seed_public_pilot/profile_runs/L3_reset_control_corrected/seed_167400/checkpoint.pt,210289,True,True,True,True,True,False,False,False,False,False,False,False,False,False,False,False,aes_feasible
210290,checkpoint,18,True,False,0.8635853571004504,0.9003478422802136,1225.468821290417,0.8451509112347704,1.0978481144799213,0.02642070358299664,0.8727302423189924,0.9342596141771178,0.8009971863887329,0.7016724805266159,0.7016724805266159,14,True,True,unavoidable,True,False,1.409477900665157,1.4666678191489,-0.057189918483742996,obstacle_collision,False,obstacle_collision,collision_failure,-13.74472734954692,-0.7635959638637178,0.075543130457124,0.11703605629329061,0.15895827375421978,0.03194282023169189,0.0,9.309668154653112,0.001331525738351047,1,nan,nan,0.02,7.0,nan,nan,nan,nan,False,nan,0.03194282023169189,0.23490700434687392,False,False,9.265715086963516,0.0005873943121859874,0.0008689623391569112,9.55204527277224,9.55204527277224,0.0,nan,0.0,18,0.075543130457124,0.15895827375421978,9.309668154653112,-0.7635959638637178,0,nan,nan,nan,nan,0,nan,nan,nan,nan,m2063-osd-osd_v0_0182_t4::L0_current_masked,m2063-osd-osd_v0_0182_t4,osd_v0_0182_t4,T4_variable_diagnostic_delay,m2060_no_rollout_outcome_supported_decisive_generator,long_delay_steer_lag_evidence,T4_variable_diagnostic_delay|long_delay_steer_lag_evidence|late|generous|moderate|nominal_mu|low,m2060_t4_014,,,,,osd_v0_0182_t4,smoke_proxy,t4_actuator_delay_response,true,false,L0_current_masked,runs/m1674_controller_family_one_seed_public_pilot/configs/L0_current_masked_seed167400.json,runs/m1674_controller_family_one_seed_public_pilot/profile_runs/L0_current_masked/seed_167400/checkpoint.pt,210290,False,True,True,True,True,False,False,False,False,False,False,False,False,False,False,False,unavoidable
210291,checkpoint,19,True,False,0.9653734503037452,0.9653734503037452,1497.3138329650121,1.0326302296310428,0.9250377262222673,-0.04231529440753867,0.6916710109402417,1.2634907676307447,1.296570331774666,1.348760364242004,1.348760364242004,21,False,True,unavoidable,True,False,1.2360221969563132,1.2922729081870363,-0.056250711230723116,obstacle_collision,False,obstacle_collision,collision_failure,-12.126405260655712,-0.6382318558239849,0.17590669370504453,0.24824058594975185,0.08307294283950534,0.025336551858096037,0.0,8.511807702158851,0.0017938789678737521,1,nan,nan,0.02,7.0,nan,nan,nan,nan,False,nan,0.025336551858096037,0.19758165018857166,False,False,8.554114268850606,0.0003972736221253761,0.01046036066843826,8.836612497882127,8.836612497882127,0.0,nan,0.0,19,0.17590669370504453,0.08307294283950534,8.511807702158851,-0.6382318558239849,0,nan,nan,nan,nan,0,nan,nan,nan,nan,m2063-osd-osd_v0_0182_t4::L1_one_step,m2063-osd-osd_v0_0182_t4,osd_v0_0182_t4,T4_variable_diagnostic_delay,m2060_no_rollout_outcome_supported_decisive_generator,long_delay_steer_lag_evidence,T4_variable_diagnostic_delay|long_delay_steer_lag_evidence|late|generous|moderate|nominal_mu|low,m2060_t4_014,,,,,osd_v0_0182_t4,smoke_proxy,t4_actuator_delay_response,true,false,L1_one_step,runs/m1674_controller_family_one_seed_public_pilot/configs/L1_one_step_seed167400.json,runs/m1674_controller_family_one_seed_public_pilot/profile_runs/L1_one_step/seed_167400/checkpoint.pt,210291,False,True,True,True,True,False,False,False,False,False,False,False,False,False,False,False,unavoidable
210292,checkpoint,18,True,False,1.1385072894775015,0.9746143076195295,1358.1239072942212,0.9366371774442905,1.089353460022113,-0.05627214012491222,0.8521482943743424,1.3355226662857436,0.9318790858500186,1.1144112986361145,1.1144112986361145,14,True,True,unavoidable,True,False,1.782602276232261,1.815251530319598,-0.032649254087336876,obstacle_collision,False,obstacle_collision,collision_failure,-12.751495953709469,-0.7084164418727483,0.4045409236320732,0.6766293009796982,0.03191858955454168,0.04545713601180866,0.0,9.016395446650826,0.0035121613182127476,1,nan,nan,0.02,7.0,nan,nan,nan,nan,False,nan,0.04545713601180866,0.40196123708834963,False,False,8.85796521525105,0.04545713601180866,0.40196123708834963,9.084136177402474,9.084136177402474,0.0,nan,0.0,18,0.4045409236320732,0.03191858955454168,9.016395446650826,-0.7084164418727483,0,nan,nan,nan,nan,0,nan,nan,nan,nan,m2063-osd-osd_v0_0182_t4::L2_window_50,m2063-osd-osd_v0_0182_t4,osd_v0_0182_t4,T4_variable_diagnostic_delay,m2060_no_rollout_outcome_supported_decisive_generator,long_delay_steer_lag_evidence,T4_variable_diagnostic_delay|long_delay_steer_lag_evidence|late|generous|moderate|nominal_mu|low,m2060_t4_014,,,,,osd_v0_0182_t4,smoke_proxy,t4_actuator_delay_response,true,false,L2_window_50,runs/m1674_controller_family_one_seed_public_pilot/configs/L2_window_50_seed167400.json,runs/m1674_controller_family_one_seed_public_pilot/profile_runs/L2_window_50/seed_167400/checkpoint.pt,210292,False,True,True,True,True,False,False,False,False,False,False,False,False,False,False,False,unavoidable
210293,checkpoint,22,True,False,0.5002334140617462,0.7695778011525651,1418.2634043538624,0.9781126926578361,0.8445423222758562,0.022190001948893867,0.6816807667840413,1.0229241943977527,0.8494071901817384,0.8614465224179741,0.8614465224179743,14,True,True,unavoidable,True,False,1.1983285229471174,1.2055016999881503,-0.007173177041032819,obstacle_collision,False,obstacle_collision,collision_failure,-8.043893446966862,-0.36563152031667556,0.2129302472012992,0.2840347390856195,0.04508093339144141,0.007881478886202515,0.0,9.060491072065808,0.003204700071364641,1,nan,nan,0.02,7.0,nan,nan,nan,nan,False,nan,0.007881478886202515,0.21934388141348476,False,False,9.209770703552316,0.007881478886202515,0.11597613697993098,9.261174941898574,9.261174941898574,0.0,nan,0.0,22,0.2129302472012992,0.04508093339144141,9.060491072065808,-0.36563152031667556,0,nan,nan,nan,nan,0,nan,nan,nan,nan,m2063-osd-osd_v0_0182_t4::L3_online_gru,m2063-osd-osd_v0_0182_t4,osd_v0_0182_t4,T4_variable_diagnostic_delay,m2060_no_rollout_outcome_supported_decisive_generator,long_delay_steer_lag_evidence,T4_variable_diagnostic_delay|long_delay_steer_lag_evidence|late|generous|moderate|nominal_mu|low,m2060_t4_014,,,,,osd_v0_0182_t4,smoke_proxy,t4_actuator_delay_response,true,false,L3_online_gru,runs/m1674_controller_family_one_seed_public_pilot/configs/L3_online_gru_seed167400.json,runs/m1674_controller_family_one_seed_public_pilot/profile_runs/L3_online_gru/seed_167400/checkpoint.pt,210293,False,True,True,True,True,False,False,False,False,False,False,False,False,False,False,False,unavoidable
210294,checkpoint,21,True,False,0.9509011366659905,0.8914286727454221,1460.06060368196,1.006938347366869,1.063476246536229,0.06401180206427726,1.0861169026564403,1.2327003552710853,0.6097888946976762,1.138120496617611,1.138120496617611,17,True,True,unavoidable,True,False,1.1049884209306169,1.2147710019883875,-0.10978258105777061,obstacle_collision,False,obstacle_collision,collision_failure,-11.156360786408442,-0.5312552755432591,0.12622588216175107,0.1374051811185062,0.2495908199775491,0.010581059498004242,0.0,9.637598237711126,0.0013820191379636526,1,nan,nan,0.02,7.0,nan,nan,nan,nan,False,nan,0.010581059498004242,0.22915676339191843,False,False,9.515603518845666,0.010581059498004242,0.12275801983763977,10.082082755867285,10.082082755867285,0.0,nan,0.0,21,0.12622588216175107,0.2495908199775491,9.637598237711126,-0.5312552755432591,0,nan,nan,nan,nan,0,nan,nan,nan,nan,m2063-osd-osd_v0_0182_t4::L3_reset_control_corrected,m2063-osd-osd_v0_0182_t4,osd_v0_0182_t4,T4_variable_diagnostic_delay,m2060_no_rollout_outcome_supported_decisive_generator,long_delay_steer_lag_evidence,T4_variable_diagnostic_delay|long_delay_steer_lag_evidence|late|generous|moderate|nominal_mu|low,m2060_t4_014,,,,,osd_v0_0182_t4,smoke_proxy,t4_actuator_delay_response,true,false,L3_reset_control_corrected,runs/m1674_controller_family_one_seed_public_pilot/configs/L3_reset_control_corrected_seed167400.json,runs/m1674_controller_family_one_seed_public_pilot/profile_runs/L3_reset_control_corrected/seed_167400/checkpoint.pt,210294,False,True,True,True,True,False,False,False,False,False,False,False,False,False,False,False,unavoidable
210295,checkpoint,39,True,False,0.9061467346864882,0.5120362102565864,1396.881580222416,0.963366607049942,1.226410579156306,0.10817810029785013,0.8505551452020975,1.3384484993345525,0.9950367251667536,1.18379001759591,1.18379001759591,9,True,True,drift_required,True,False,1.3675963146896293,1.3979768601474056,-0.030380545457776353,obstacle_collision,False,obstacle_collision,collision_failure,5.162328859354474,0.13236740665011473,0.335897919147805,0.7335389142094151,0.30550087383177027,0.02498368105591808,0.0,8.492650623602941,0.0026402869261801243,1,nan,nan,0.02,5.5,nan,nan,nan,nan,False,nan,0.02498368105591808,0.42066123138254075,False,False,8.208418911607223,0.005423037584794994,0.05561974392747204,8.36859513208125,8.36859513208125,0.0,nan,0.0,39,0.335897919147805,0.30550087383177027,8.492650623602941,0.13236740665011473,0,nan,nan,nan,nan,0,nan,nan,nan,nan,m2063-osd-osd_v0_0183_t4::L0_current_masked,m2063-osd-osd_v0_0183_t4,osd_v0_0183_t4,T4_variable_diagnostic_delay,m2060_no_rollout_outcome_supported_decisive_generator,variable_delay_mixed_authority,T4_variable_diagnostic_delay|variable_delay_mixed_authority|early|nominal|high|low_mu|nominal,m2060_t4_015,,,,,osd_v0_0183_t4,smoke_proxy,t4_actuator_delay_response,true,false,L0_current_masked,runs/m1674_controller_family_one_seed_public_pilot/configs/L0_current_masked_seed167400.json,runs/m1674_controller_family_one_seed_public_pilot/profile_runs/L0_current_masked/seed_167400/checkpoint.pt,210295,False,True,True,True,True,False,False,False,False,False,False,False,False,False,False,False,drift_required
210296,checkpoint,61,False,True,1.118837517718556,0.3710461615421178,1419.0320995942443,0.9786428273063754,1.1857023852645374,-0.02372780842048372,1.2263513438214826,0.7549736005775382,0.6368405210978545,0.8235213483285109,0.8235213483285108,24,True,True,drift_required,False,True,1.550075955511398,1.1370655239211263,0.41301043159027184,,True,obstacle_pass,success_obstacle_pass,78.1072733735428,1.2804471044843082,0.07080460178299305,0.15100150769149678,0.0957701766596826,0.08144834164263652,0.0,7.215454741035967,0.00232433108612895,1,nan,nan,0.02,5.5,61.0,1.22,61.0,1.22,True,0.0,0.08144834164263652,0.3967124172350039,False,True,nan,nan,nan,nan,0.0,0.0,nan,0.0,61,0.07080460178299305,0.0957701766596826,7.215454741035967,1.2804471044843082,0,nan,nan,nan,nan,0,nan,nan,nan,nan,m2063-osd-osd_v0_0183_t4::L1_one_step,m2063-osd-osd_v0_0183_t4,osd_v0_0183_t4,T4_variable_diagnostic_delay,m2060_no_rollout_outcome_supported_decisive_generator,variable_delay_mixed_authority,T4_variable_diagnostic_delay|variable_delay_mixed_authority|early|nominal|high|low_mu|nominal,m2060_t4_015,,,,,osd_v0_0183_t4,smoke_proxy,t4_actuator_delay_response,true,false,L1_one_step,runs/m1674_controller_family_one_seed_public_pilot/configs/L1_one_step_seed167400.json,runs/m1674_controller_family_one_seed_public_pilot/profile_runs/L1_one_step/seed_167400/checkpoint.pt,210296,True,True,True,True,True,False,False,False,False,False,False,False,False,False,False,False,drift_required
210297,checkpoint,33,True,False,0.3191378362839197,0.5252699936667398,1438.883879296453,0.9923337098596228,0.9564885066316229,0.052915578401258934,0.804512479249762,1.0662433465158645,1.1039049210100023,1.4063315711178919,1.4063315711178919,28,True,True,unavoidable,True,False,1.5897710152389395,1.7511552856359542,-0.16138427039701475,obstacle_collision,False,obstacle_collision,collision_failure,1.8885485961253465,0.057228745337131716,0.44144345073519975,1.0585362829898628,0.16438304837360204,0.04279448173601673,0.0,8.977712805148998,0.0040603759698569775,1,nan,nan,0.02,5.5,nan,nan,nan,nan,False,nan,0.04279448173601673,0.48703170438719606,False,False,9.166912884902054,0.009261417292465128,0.48703170438719606,10.027168115972078,10.027168115972078,0.0,nan,0.0,33,0.44144345073519975,0.16438304837360204,8.977712805148998,0.057228745337131716,0,nan,nan,nan,nan,0,nan,nan,nan,nan,m2063-osd-osd_v0_0183_t4::L2_window_50,m2063-osd-osd_v0_0183_t4,osd_v0_0183_t4,T4_variable_diagnostic_delay,m2060_no_rollout_outcome_supported_decisive_generator,variable_delay_mixed_authority,T4_variable_diagnostic_delay|variable_delay_mixed_authority|early|nominal|high|low_mu|nominal,m2060_t4_015,,,,,osd_v0_0183_t4,smoke_proxy,t4_actuator_delay_response,true,false,L2_window_50,runs/m1674_controller_family_one_seed_public_pilot/configs/L2_window_50_seed167400.json,runs/m1674_controller_family_one_seed_public_pilot/profile_runs/L2_window_50/seed_167400/checkpoint.pt,210297,False,True,True,True,True,False,False,False,False,False,False,False,False,False,False,False,unavoidable
210298,checkpoint,41,True,False,0.7029626734782188,0.4044151124044961,1462.4668141980508,1.0085978028952074,1.2794829585302208,0.13950362872944355,1.0543068933612698,0.8317183981897576,1.2079037952225884,1.6390423553559104,1.6390423553559101,37,True,True,unavoidable,True,False,1.6619385424647934,1.7094779724195104,-0.04753942995471694,obstacle_collision,False,obstacle_collision,collision_failure,26.95924191484127,0.6575424857278359,0.19952365887396448,0.2939028571058948,0.12491901008155097,0.3811259792383195,0.12195121951219512,8.263546290268678,0.0025515276938676834,1,nan,nan,0.02,5.5,nan,nan,nan,nan,False,nan,0.3811259792383195,1.1081632276650388,True,False,8.668781439623416,0.3811259792383195,1.1081632276650388,9.207857901782663,9.207857901782663,0.0,nan,0.0,41,0.19952365887396448,0.12491901008155097,8.263546290268678,0.6575424857278359,0,nan,nan,nan,nan,0,nan,nan,nan,nan,m2063-osd-osd_v0_0183_t4::L3_online_gru,m2063-osd-osd_v0_0183_t4,osd_v0_0183_t4,T4_variable_diagnostic_delay,m2060_no_rollout_outcome_supported_decisive_generator,variable_delay_mixed_authority,T4_variable_diagnostic_delay|variable_delay_mixed_authority|early|nominal|high|low_mu|nominal,m2060_t4_015,,,,,osd_v0_0183_t4,smoke_proxy,t4_actuator_delay_response,true,false,L3_online_gru,runs/m1674_controller_family_one_seed_public_pilot/configs/L3_online_gru_seed167400.json,runs/m1674_controller_family_one_seed_public_pilot/profile_runs/L3_online_gru/seed_167400/checkpoint.pt,210298,False,True,True,True,True,False,False,False,False,False,False,False,False,False,False,False,unavoidable
210299,checkpoint,38,True,False,0.3513764804308891,0.5133699546871755,1399.1930425107555,0.9649607189729348,1.059727032185693,0.0001394371242913195,0.7437011765363898,1.2720648252843,0.8070463089468731,1.4389849101283088,1.4389849101283088,29,True,True,unavoidable,True,False,1.6672906086307335,1.7247681169987739,-0.05747750836804033,obstacle_collision,False,obstacle_collision,collision_failure,7.522828229066128,0.19796916392279285,0.1173420206008513,0.3028975792292101,0.1608347733213383,0.046838119548684214,0.0,8.691988701097943,0.0015084163751453161,1,nan,nan,0.02,5.5,nan,nan,nan,nan,False,nan,0.046838119548684214,0.4309414254010953,False,False,8.65183972026883,0.011177092704157178,0.11973736876520613,8.95678954533763,8.95678954533763,0.0,nan,0.0,38,0.1173420206008513,0.1608347733213383,8.691988701097943,0.19796916392279285,0,nan,nan,nan,nan,0,nan,nan,nan,nan,m2063-osd-osd_v0_0183_t4::L3_reset_control_corrected,m2063-osd-osd_v0_0183_t4,osd_v0_0183_t4,T4_variable_diagnostic_delay,m2060_no_rollout_outcome_supported_decisive_generator,variable_delay_mixed_authority,T4_variable_diagnostic_delay|variable_delay_mixed_authority|early|nominal|high|low_mu|nominal,m2060_t4_015,,,,,osd_v0_0183_t4,smoke_proxy,t4_actuator_delay_response,true,false,L3_reset_control_corrected,runs/m1674_controller_family_one_seed_public_pilot/configs/L3_reset_control_corrected_seed167400.json,runs/m1674_controller_family_one_seed_public_pilot/profile_runs/L3_reset_control_corrected/seed_167400/checkpoint.pt,210299,False,True,True,True,True,False,False,False,False,False,False,False,False,False,False,False,unavoidable
210300,checkpoint,52,False,True,0.9227250007557315,1.0095995067414472,1297.0551351786366,0.8945207828818184,1.178045140825819,0.005960250894497809,1.2184909329670037,0.5918686250226792,1.2804829773868263,2.0992212493369893,2.0992212493369893,9,True,True,drift_required,False,True,3.010178858986978,1.8122492271209745,1.1979296318660033,,True,obstacle_pass,success_obstacle_pass,70.37356806986514,1.3533378474974067,0.5669788607912029,0.8004575756721763,0.15079220212413585,0.092813099407581,0.0,18.184428905788565,0.0028084455989301205,1,nan,nan,0.02,4.4,52.0,1.04,52.0,1.04,True,0.0,0.092813099407581,0.2817549342402325,False,True,nan,nan,nan,nan,0.0,0.0,nan,0.0,52,0.5669788607912029,0.15079220212413585,18.184428905788565,1.3533378474974067,0,nan,nan,nan,nan,0,nan,nan,nan,nan,m2063-osd-osd_v0_0184_t4::L0_current_masked,m2063-osd-osd_v0_0184_t4,osd_v0_0184_t4,T4_variable_diagnostic_delay,m2060_no_rollout_outcome_supported_decisive_generator,stale_evidence_boundary_check,T4_variable_diagnostic_delay|stale_evidence_boundary_check|medium|tight|straight_or_low|mixed_mu|high,m2060_t4_016,,,,,osd_v0_0184_t4,smoke_proxy,t4_actuator_delay_response,true,false,L0_current_masked,runs/m1674_controller_family_one_seed_public_pilot/configs/L0_current_masked_seed167400.json,runs/m1674_controller_family_one_seed_public_pilot/profile_runs/L0_current_masked/seed_167400/checkpoint.pt,210300,True,True,True,True,True,False,False,False,False,False,False,False,False,False,False,False,drift_required
210301,checkpoint,54,True,False,1.054675562542293,0.531402489329866,1304.4124004324522,0.8995947589189325,1.2483866858834598,-0.13427070176995737,0.648799379884937,0.5909012290201766,1.2942963023505523,1.0749774148838032,1.0749774148838032,14,True,True,drift_required,True,False,1.2970918158955689,1.4006404730369686,-0.10354865714139971,obstacle_collision,False,obstacle_collision,collision_failure,19.971173249588666,0.3698365416590494,1.0383649504194015,2.383337540740605,0.3066857579975942,0.0336354646890916,0.0,15.156927187842204,0.002571355551481247,1,nan,nan,0.02,4.4,nan,nan,nan,nan,False,nan,0.0336354646890916,0.22156873632362084,False,False,16.247630377228166,0.00011955705661136304,0.034018645380086934,16.76883530600148,16.76883530600148,0.0,nan,0.0,54,1.0383649504194015,0.3066857579975942,15.156927187842204,0.3698365416590494,0,nan,nan,nan,nan,0,nan,nan,nan,nan,m2063-osd-osd_v0_0184_t4::L1_one_step,m2063-osd-osd_v0_0184_t4,osd_v0_0184_t4,T4_variable_diagnostic_delay,m2060_no_rollout_outcome_supported_decisive_generator,stale_evidence_boundary_check,T4_variable_diagnostic_delay|stale_evidence_boundary_check|medium|tight|straight_or_low|mixed_mu|high,m2060_t4_016,,,,,osd_v0_0184_t4,smoke_proxy,t4_actuator_delay_response,true,false,L1_one_step,runs/m1674_controller_family_one_seed_public_pilot/configs/L1_one_step_seed167400.json,runs/m1674_controller_family_one_seed_public_pilot/profile_runs/L1_one_step/seed_167400/checkpoint.pt,210301,False,True,True,True,True,False,False,False,False,False,False,False,False,False,False,False,drift_required
210302,checkpoint,35,True,False,0.915382300065992,1.043749216732286,1641.5351855952108,1.132093231444973,1.2750047273550877,-0.12229746207088654,0.6989379815161239,0.9103268119539798,0.9708233773782381,0.970232266783881,0.970232266783881,27,True,True,drift_required,True,False,1.3366013296944779,1.352822183321508,-0.016220853627030074,obstacle_collision,False,obstacle_collision,collision_failure,-0.2973439663716704,-0.008495541896333439,0.8675010005673618,1.9437334873831276,0.25426095280579614,0.05920059339786498,0.0,17.189301989764274,0.004236509092152119,1,nan,nan,0.02,4.4,nan,nan,nan,nan,False,nan,0.05920059339786498,0.5714620555582108,False,False,17.098614633861647,0.05138356452388814,0.5714620555582108,17.26255688981456,17.26255688981456,0.0,nan,0.0,35,0.8675010005673618,0.25426095280579614,17.189301989764274,-0.008495541896333439,0,nan,nan,nan,nan,0,nan,nan,nan,nan,m2063-osd-osd_v0_0184_t4::L2_window_50,m2063-osd-osd_v0_0184_t4,osd_v0_0184_t4,T4_variable_diagnostic_delay,m2060_no_rollout_outcome_supported_decisive_generator,stale_evidence_boundary_check,T4_variable_diagnostic_delay|stale_evidence_boundary_check|medium|tight|straight_or_low|mixed_mu|high,m2060_t4_016,,,,,osd_v0_0184_t4,smoke_proxy,t4_actuator_delay_response,true,false,L2_window_50,runs/m1674_controller_family_one_seed_public_pilot/configs/L2_window_50_seed167400.json,runs/m1674_controller_family_one_seed_public_pilot/profile_runs/L2_window_50/seed_167400/checkpoint.pt,210302,False,True,True,True,True,False,False,False,False,False,False,False,False,False,False,False,drift_required
210303,checkpoint,45,True,False,0.979936277288916,0.31829189969061183,1627.7234587485386,1.1225679025851991,1.2302572419582254,0.05224733911317192,1.1070331370765996,1.2904311973370104,1.1044535783294374,1.1058986895517118,1.1058986895517116,25,True,True,unavoidable,True,False,1.2646112583631643,1.4379925651716852,-0.17338130680852082,obstacle_collision,False,obstacle_collision,collision_failure,17.225534335237096,0.3827896518941577,0.4648087321630641,0.5617726733808581,0.18290840403330277,0.0424458900453213,0.0,12.889921096894177,0.0018569949315860868,1,nan,nan,0.02,4.4,nan,nan,nan,nan,False,nan,0.0424458900453213,0.2735566258436555,False,False,13.248756876137042,0.000621884781768573,0.11303024294815911,14.127277376865347,14.127277376865347,0.0,nan,0.0,45,0.4648087321630641,0.18290840403330277,12.889921096894177,0.3827896518941577,0,nan,nan,nan,nan,0,nan,nan,nan,nan,m2063-osd-osd_v0_0184_t4::L3_online_gru,m2063-osd-osd_v0_0184_t4,osd_v0_0184_t4,T4_variable_diagnostic_delay,m2060_no_rollout_outcome_supported_decisive_generator,stale_evidence_boundary_check,T4_variable_diagnostic_delay|stale_evidence_boundary_check|medium|tight|straight_or_low|mixed_mu|high,m2060_t4_016,,,,,osd_v0_0184_t4,smoke_proxy,t4_actuator_delay_response,true,false,L3_online_gru,runs/m1674_controller_family_one_seed_public_pilot/configs/L3_online_gru_seed167400.json,runs/m1674_controller_family_one_seed_public_pilot/profile_runs/L3_online_gru/seed_167400/checkpoint.pt,210303,False,True,True,True,True,False,False,False,False,False,False,False,False,False,False,False,unavoidable
210304,checkpoint,74,False,True,0.5633833346492063,0.44463711727790045,1352.3346089834854,0.9326445579196451,1.0403355375098,0.12417279667817915,1.2136369266480402,0.983469258579059,1.1808950578605963,2.0928334919356013,2.092833491935601,17,True,True,drift_required,False,True,2.3376099170617937,2.144608691209162,0.19300122585263146,,True,obstacle_pass,success_obstacle_pass,94.89215482685783,1.28232641657916,0.5171662979058417,1.2682434293030624,0.31565770771188356,0.005915497304190845,0.0,15.195805148037321,0.000645452702883631,1,nan,nan,0.02,4.4,74.0,1.48,74.0,1.48,True,0.0,0.005915497304190845,0.19051067109045228,False,True,nan,nan,nan,nan,0.0,0.0,nan,0.0,74,0.5171662979058417,0.31565770771188356,15.195805148037321,1.28232641657916,0,nan,nan,nan,nan,0,nan,nan,nan,nan,m2063-osd-osd_v0_0184_t4::L3_reset_control_corrected,m2063-osd-osd_v0_0184_t4,osd_v0_0184_t4,T4_variable_diagnostic_delay,m2060_no_rollout_outcome_supported_decisive_generator,stale_evidence_boundary_check,T4_variable_diagnostic_delay|stale_evidence_boundary_check|medium|tight|straight_or_low|mixed_mu|high,m2060_t4_016,,,,,osd_v0_0184_t4,smoke_proxy,t4_actuator_delay_response,true,false,L3_reset_control_corrected,runs/m1674_controller_family_one_seed_public_pilot/configs/L3_reset_control_corrected_seed167400.json,runs/m1674_controller_family_one_seed_public_pilot/profile_runs/L3_reset_control_corrected/seed_167400/checkpoint.pt,210304,True,True,True,True,True,False,False,False,False,False,False,False,False,False,False,False,drift_required
210305,checkpoint,34,True,False,0.40769588754894903,0.6214064187328051,1180.554891902054,0.8141757875186578,1.0056850507387967,0.05582804843542499,1.203476373319457,1.3251245389898803,0.945682047393417,2.4525262901614813,2.4525262901614813,32,True,True,drift_required,True,False,0.9973181119689518,1.1810018701193126,-0.18368375815036075,obstacle_collision,False,obstacle_collision,collision_failure,2.3495142947675305,0.06910336161080972,0.614172888364558,1.1141797945432543,0.10938018498569205,0.02132027126332923,0.0,10.668989389609797,0.0015418342081829906,1,nan,nan,0.02,7.0,nan,nan,nan,nan,False,nan,0.02132027126332923,0.27802134040927906,False,False,10.38513715561467,4.3534243804422445e-05,0.00024084956152852776,11.303601798444529,11.303601798444529,0.0,nan,0.0,34,0.614172888364558,0.10938018498569205,10.668989389609797,0.06910336161080972,0,nan,nan,nan,nan,0,nan,nan,nan,nan,m2063-osd-osd_v0_0185_t4::L0_current_masked,m2063-osd-osd_v0_0185_t4,osd_v0_0185_t4,T4_variable_diagnostic_delay,m2060_no_rollout_outcome_supported_decisive_generator,delayed_obstacle_reveal_response,T4_variable_diagnostic_delay|delayed_obstacle_reveal_response|late|generous|moderate|actuator_delay|low,m2060_t4_017,,,,,osd_v0_0185_t4,smoke_proxy,t4_actuator_delay_response,true,false,L0_current_masked,runs/m1674_controller_family_one_seed_public_pilot/configs/L0_current_masked_seed167400.json,runs/m1674_controller_family_one_seed_public_pilot/profile_runs/L0_current_masked/seed_167400/checkpoint.pt,210305,False,True,True,True,True,False,False,False,False,False,False,False,False,False,False,False,drift_required
210306,checkpoint,23,True,False,0.5400277473490469,0.7011350660864208,1183.6344299133589,0.8162996068367993,1.0636601729290078,0.12811562542801047,0.8794858720990901,0.8222309057455448,0.8727880239712489,2.6209491677457457,2.6209491677457457,12,True,True,unavoidable,True,False,1.1128576641811496,1.1670123684506233,-0.054154704269473664,obstacle_collision,False,obstacle_collision,collision_failure,-7.901912999699775,-0.3435614347695554,0.19121656887649696,0.23581620191651353,0.062264732999692304,0.002425167298578531,0.0,7.210020808459875,0.0015567101072520018,1,nan,nan,0.02,7.0,nan,nan,nan,nan,False,nan,0.002425167298578531,0.162099694115469,False,False,7.25337053205771,0.00184753118080044,0.013566781202568436,7.526424497115736,7.526424497115736,0.0,nan,0.0,23,0.19121656887649696,0.062264732999692304,7.210020808459875,-0.3435614347695554,0,nan,nan,nan,nan,0,nan,nan,nan,nan,m2063-osd-osd_v0_0185_t4::L1_one_step,m2063-osd-osd_v0_0185_t4,osd_v0_0185_t4,T4_variable_diagnostic_delay,m2060_no_rollout_outcome_supported_decisive_generator,delayed_obstacle_reveal_response,T4_variable_diagnostic_delay|delayed_obstacle_reveal_response|late|generous|moderate|actuator_delay|low,m2060_t4_017,,,,,osd_v0_0185_t4,smoke_proxy,t4_actuator_delay_response,true,false,L1_one_step,runs/m1674_controller_family_one_seed_public_pilot/configs/L1_one_step_seed167400.json,runs/m1674_controller_family_one_seed_public_pilot/profile_runs/L1_one_step/seed_167400/checkpoint.pt,210306,False,True,True,True,True,False,False,False,False,False,False,False,False,False,False,False,unavoidable
210307,checkpoint,30,True,False,0.6763059011570269,0.6368164990801006,1709.7076100871886,1.1791086966118542,0.9891943917576734,-0.10530085711347015,1.3165579919905408,0.9900265371697469,0.9869622297397693,2.206264931599304,2.2062649315993035,22,True,True,unavoidable,True,False,1.5050374738841852,1.6316365111637277,-0.12659903727954247,obstacle_collision,False,obstacle_collision,collision_failure,-1.3909879632787927,-0.046366265442626425,0.44500868070141614,0.9818363603727889,0.16039244159869723,0.050213631350037584,0.0,8.769892663626077,0.0029028761200606823,1,nan,nan,0.02,7.0,nan,nan,nan,nan,False,nan,0.050213631350037584,0.40129031271013554,False,False,8.817702186904924,0.050213631350037584,0.40129031271013554,9.515933220248668,9.515933220248668,0.0,nan,0.0,30,0.44500868070141614,0.16039244159869723,8.769892663626077,-0.046366265442626425,0,nan,nan,nan,nan,0,nan,nan,nan,nan,m2063-osd-osd_v0_0185_t4::L2_window_50,m2063-osd-osd_v0_0185_t4,osd_v0_0185_t4,T4_variable_diagnostic_delay,m2060_no_rollout_outcome_supported_decisive_generator,delayed_obstacle_reveal_response,T4_variable_diagnostic_delay|delayed_obstacle_reveal_response|late|generous|moderate|actuator_delay|low,m2060_t4_017,,,,,osd_v0_0185_t4,smoke_proxy,t4_actuator_delay_response,true,false,L2_window_50,runs/m1674_controller_family_one_seed_public_pilot/configs/L2_window_50_seed167400.json,runs/m1674_controller_family_one_seed_public_pilot/profile_runs/L2_window_50/seed_167400/checkpoint.pt,210307,False,True,True,True,True,False,False,False,False,False,False,False,False,False,False,False,unavoidable
210308,checkpoint,24,True,False,0.7372258762277537,0.8250515842473192,1808.783364993202,1.2474368034435876,1.213953814132068,-0.06829369326464141,1.3209333562267211,0.6343860952328989,0.8386959797740186,2.549838483707131,2.549838483707131,12,True,True,unavoidable,True,False,1.066916941254344,1.1709891511545427,-0.10407220990019872,obstacle_collision,False,obstacle_collision,collision_failure,-7.311375232500719,-0.30464063468752994,0.17773822692619234,0.2077988171316072,0.2827494626865949,0.013447655335556872,0.0,8.564172423467697,0.0031601698137819767,1,nan,nan,0.02,7.0,nan,nan,nan,nan,False,nan,0.013447655335556872,0.1819043128832462,False,False,8.774806973956089,0.013447655335556872,0.10863099092026339,9.312754950216886,9.312754950216886,0.0,nan,0.0,24,0.17773822692619234,0.2827494626865949,8.564172423467697,-0.30464063468752994,0,nan,nan,nan,nan,0,nan,nan,nan,nan,m2063-osd-osd_v0_0185_t4::L3_online_gru,m2063-osd-osd_v0_0185_t4,osd_v0_0185_t4,T4_variable_diagnostic_delay,m2060_no_rollout_outcome_supported_decisive_generator,delayed_obstacle_reveal_response,T4_variable_diagnostic_delay|delayed_obstacle_reveal_response|late|generous|moderate|actuator_delay|low,m2060_t4_017,,,,,osd_v0_0185_t4,smoke_proxy,t4_actuator_delay_response,true,false,L3_online_gru,runs/m1674_controller_family_one_seed_public_pilot/configs/L3_online_gru_seed167400.json,runs/m1674_controller_family_one_seed_public_pilot/profile_runs/L3_online_gru/seed_167400/checkpoint.pt,210308,False,True,True,True,True,False,False,False,False,False,False,False,False,False,False,False,unavoidable
210309,checkpoint,29,True,False,0.8662177755349216,0.5938682892106597,1362.1954606119773,0.9394451452496395,1.0071501519418211,-0.12089597636511584,0.8964624315419132,0.5776341097836015,0.9607171390190576,1.8160814901489146,1.8160814901489148,21,True,True,unavoidable,True,False,1.5456943084533394,1.7194836374565958,-0.1737893290032564,obstacle_collision,False,obstacle_collision,collision_failure,-0.3844217524268423,-0.01325592249747732,0.37999085195347676,0.4556850530176426,0.29225714209024306,0.02344823520491993,0.0,8.723485177568055,0.0011826541740447283,1,nan,nan,0.02,7.0,nan,nan,nan,nan,False,nan,0.02344823520491993,0.21132313079305606,False,False,9.225218805441699,0.013443019257796557,0.11598902986380633,10.112485863073259,10.112485863073259,0.0,nan,0.0,29,0.37999085195347676,0.29225714209024306,8.723485177568055,-0.01325592249747732,0,nan,nan,nan,nan,0,nan,nan,nan,nan,m2063-osd-osd_v0_0185_t4::L3_reset_control_corrected,m2063-osd-osd_v0_0185_t4,osd_v0_0185_t4,T4_variable_diagnostic_delay,m2060_no_rollout_outcome_supported_decisive_generator,delayed_obstacle_reveal_response,T4_variable_diagnostic_delay|delayed_obstacle_reveal_response|late|generous|moderate|actuator_delay|low,m2060_t4_017,,,,,osd_v0_0185_t4,smoke_proxy,t4_actuator_delay_response,true,false,L3_reset_control_corrected,runs/m1674_controller_family_one_seed_public_pilot/configs/L3_reset_control_corrected_seed167400.json,runs/m1674_controller_family_one_seed_public_pilot/profile_runs/L3_reset_control_corrected/seed_167400/checkpoint.pt,210309,False,True,True,True,True,False,False,False,False,False,False,False,False,False,False,False,unavoidable
210310,checkpoint,24,True,False,0.6712350429504632,1.0205806430857267,1226.9147108853351,0.8461480764726449,1.0359285500717341,-0.1268962528447699,1.067584016451684,1.196023880042718,1.1495871279880805,1.295634955383882,1.295634955383882,9,True,True,unavoidable,True,False,1.3961406163320904,1.4579488454813054,-0.06180822914921502,obstacle_collision,False,obstacle_collision,collision_failure,-7.7956047888583715,-0.32481686620243216,0.1864901994883817,0.25772719132208977,0.22724896494016125,0.035690289415045776,0.0,10.665786860902845,0.002340614562854171,1,nan,nan,0.02,5.5,nan,nan,nan,nan,False,nan,0.035690289415045776,0.4918347826881427,False,False,10.704530817177611,0.0021617504033859198,0.020802421669011632,11.01673308029228,11.01673308029228,0.0,nan,0.0,24,0.1864901994883817,0.22724896494016125,10.665786860902845,-0.32481686620243216,0,nan,nan,nan,nan,0,nan,nan,nan,nan,m2063-osd-osd_v0_0186_t4::L0_current_masked,m2063-osd-osd_v0_0186_t4,osd_v0_0186_t4,T4_variable_diagnostic_delay,m2060_no_rollout_outcome_supported_decisive_generator,short_delay_brake_evidence,T4_variable_diagnostic_delay|short_delay_brake_evidence|early|nominal|high|nominal_mu|nominal,m2060_t4_018,,,,,osd_v0_0186_t4,smoke_proxy,t4_actuator_delay_response,true,false,L0_current_masked,runs/m1674_controller_family_one_seed_public_pilot/configs/L0_current_masked_seed167400.json,runs/m1674_controller_family_one_seed_public_pilot/profile_runs/L0_current_masked/seed_167400/checkpoint.pt,210310,False,True,True,True,True,False,False,False,False,False,False,False,False,False,False,False,unavoidable
210311,checkpoint,22,True,False,0.800165153549306,1.0241605674375083,1622.1958284732639,1.1187557437746647,0.9296088705164092,0.08164507174298419,0.6437020775413769,1.1423945085502754,0.6819200110211567,1.0990834060047923,1.0990834060047923,19,True,True,unavoidable,True,False,1.5485815497148374,1.612580598900045,-0.0639990491852076,obstacle_collision,False,obstacle_collision,collision_failure,-10.332325258781946,-0.4696511481264521,0.45948235717752256,0.6703628071736567,0.20309055364991266,0.01501452087495624,0.0,10.17278601865418,0.002239653840661049,1,nan,nan,0.02,5.5,nan,nan,nan,nan,False,nan,0.01501452087495624,0.4696694118537772,False,False,9.984240257512557,0.0025552632561432827,0.018370253909430326,10.30735016045761,10.30735016045761,0.0,nan,0.0,22,0.45948235717752256,0.20309055364991266,10.17278601865418,-0.4696511481264521,0,nan,nan,nan,nan,0,nan,nan,nan,nan,m2063-osd-osd_v0_0186_t4::L1_one_step,m2063-osd-osd_v0_0186_t4,osd_v0_0186_t4,T4_variable_diagnostic_delay,m2060_no_rollout_outcome_supported_decisive_generator,short_delay_brake_evidence,T4_variable_diagnostic_delay|short_delay_brake_evidence|early|nominal|high|nominal_mu|nominal,m2060_t4_018,,,,,osd_v0_0186_t4,smoke_proxy,t4_actuator_delay_response,true,false,L1_one_step,runs/m1674_controller_family_one_seed_public_pilot/configs/L1_one_step_seed167400.json,runs/m1674_controller_family_one_seed_public_pilot/profile_runs/L1_one_step/seed_167400/checkpoint.pt,210311,False,True,True,True,True,False,False,False,False,False,False,False,False,False,False,False,unavoidable
210312,checkpoint,25,True,False,0.6503200662212352,0.8701973831568256,1830.0913804701117,1.2621319865311116,1.226547061982863,-0.10609601359542231,0.7962277837390461,0.6649548549455162,1.1880413053494907,1.1238932656056089,1.1238932656056089,15,True,True,unavoidable,True,False,1.7691569649421786,1.8188967461831878,-0.049739781241009196,obstacle_collision,False,obstacle_collision,collision_failure,-6.176656736944757,-0.24706626947779028,0.3328645972190475,0.5848233191018117,0.2275853121257358,0.03335286739561395,0.0,10.698229413883803,0.0035142262931913137,1,nan,nan,0.02,5.5,nan,nan,nan,nan,False,nan,0.03335286739561395,0.47244284779792056,False,False,11.012931300676952,0.014731650480172347,0.43617820749475766,11.31261385287156,11.31261385287156,0.0,nan,0.0,25,0.3328645972190475,0.2275853121257358,10.698229413883803,-0.24706626947779028,0,nan,nan,nan,nan,0,nan,nan,nan,nan,m2063-osd-osd_v0_0186_t4::L2_window_50,m2063-osd-osd_v0_0186_t4,osd_v0_0186_t4,T4_variable_diagnostic_delay,m2060_no_rollout_outcome_supported_decisive_generator,short_delay_brake_evidence,T4_variable_diagnostic_delay|short_delay_brake_evidence|early|nominal|high|nominal_mu|nominal,m2060_t4_018,,,,,osd_v0_0186_t4,smoke_proxy,t4_actuator_delay_response,true,false,L2_window_50,runs/m1674_controller_family_one_seed_public_pilot/configs/L2_window_50_seed167400.json,runs/m1674_controller_family_one_seed_public_pilot/profile_runs/L2_window_50/seed_167400/checkpoint.pt,210312,False,True,True,True,True,False,False,False,False,False,False,False,False,False,False,False,unavoidable
210313,checkpoint,23,True,False,0.757823027419406,1.0372532382591009,1258.7536929498558,0.8681059951378316,0.9410715195728528,-0.09562843177062086,1.3898217473373649,1.3282838193379365,0.7946368399135473,0.7941718798508859,0.7941718798508858,12,True,True,unavoidable,True,False,1.2781673215914229,1.3767277826170052,-0.09856046102558236,obstacle_collision,False,obstacle_collision,collision_failure,-8.966759239575815,-0.3898590973728615,0.23805449680794458,0.3093664447024338,0.22896193005801005,0.03910963573342505,0.0,11.036988321223067,0.0041015660390257835,1,nan,nan,0.02,5.5,nan,nan,nan,nan,False,nan,0.03910963573342505,0.5221914435168454,False,False,11.011886076566194,0.016091798312985454,0.1626609703418408,11.529000377884781,11.529000377884781,0.0,nan,0.0,23,0.23805449680794458,0.22896193005801005,11.036988321223067,-0.3898590973728615,0,nan,nan,nan,nan,0,nan,nan,nan,nan,m2063-osd-osd_v0_0186_t4::L3_online_gru,m2063-osd-osd_v0_0186_t4,osd_v0_0186_t4,T4_variable_diagnostic_delay,m2060_no_rollout_outcome_supported_decisive_generator,short_delay_brake_evidence,T4_variable_diagnostic_delay|short_delay_brake_evidence|early|nominal|high|nominal_mu|nominal,m2060_t4_018,,,,,osd_v0_0186_t4,smoke_proxy,t4_actuator_delay_response,true,false,L3_online_gru,runs/m1674_controller_family_one_seed_public_pilot/configs/L3_online_gru_seed167400.json,runs/m1674_controller_family_one_seed_public_pilot/profile_runs/L3_online_gru/seed_167400/checkpoint.pt,210313,False,True,True,True,True,False,False,False,False,False,False,False,False,False,False,False,unavoidable
210314,checkpoint,23,True,False,0.6194096957835149,1.0200269088170637,1709.564789286076,1.1790101995076385,0.9101035947284272,0.12461752255834568,1.108182451898052,0.6850198831717679,1.2563241635407536,1.2706375205719915,1.2706375205719915,9,True,True,unavoidable,True,False,1.2094480764747986,1.2463547088324702,-0.036906632357671665,obstacle_collision,False,obstacle_collision,collision_failure,-7.608376287649726,-0.33079896902824896,0.11148646175265528,0.2638070417957685,0.3068675202766418,0.017018056226525573,0.0,10.944999659408369,0.0017406337428838015,1,nan,nan,0.02,5.5,nan,nan,nan,nan,False,nan,0.017018056226525573,0.43598078521673445,False,False,11.387383606042247,0.0050917423218705005,0.18255967151789043,11.59271860614333,11.59271860614333,0.0,nan,0.0,23,0.11148646175265528,0.3068675202766418,10.944999659408369,-0.33079896902824896,0,nan,nan,nan,nan,0,nan,nan,nan,nan,m2063-osd-osd_v0_0186_t4::L3_reset_control_corrected,m2063-osd-osd_v0_0186_t4,osd_v0_0186_t4,T4_variable_diagnostic_delay,m2060_no_rollout_outcome_supported_decisive_generator,short_delay_brake_evidence,T4_variable_diagnostic_delay|short_delay_brake_evidence|early|nominal|high|nominal_mu|nominal,m2060_t4_018,,,,,osd_v0_0186_t4,smoke_proxy,t4_actuator_delay_response,true,false,L3_reset_control_corrected,runs/m1674_controller_family_one_seed_public_pilot/configs/L3_reset_control_corrected_seed167400.json,runs/m1674_controller_family_one_seed_public_pilot/profile_runs/L3_reset_control_corrected/seed_167400/checkpoint.pt,210314,False,True,True,True,True,False,False,False,False,False,False,False,False,False,False,False,unavoidable
210315,checkpoint,41,True,False,1.1186664767533108,0.4868292707509607,1489.7576909698619,1.0274190972205943,0.9000881529887157,-0.09409675513836357,1.0536822446570198,0.906818824681269,0.7366636117488747,0.9105168120357533,0.9105168120357532,27,True,True,unavoidable,True,False,1.3240575744189136,1.5404888425759624,-0.21643126815704883,obstacle_collision,False,obstacle_collision,collision_failure,7.153792041813901,0.17448273272716833,0.6671638954800974,1.4127951655014996,0.2185918192850767,0.006897847775880627,0.0,14.737532987387048,0.0015798329841345549,1,nan,nan,0.02,4.4,nan,nan,nan,nan,False,nan,0.006897847775880627,0.19556625779059522,False,False,14.597161913800974,0.0010444446917245486,0.05024442642152186,15.684864919574235,15.684864919574235,0.0,nan,0.0,41,0.6671638954800974,0.2185918192850767,14.737532987387048,0.17448273272716833,0,nan,nan,nan,nan,0,nan,nan,nan,nan,m2063-osd-osd_v0_0187_t4::L0_current_masked,m2063-osd-osd_v0_0187_t4,osd_v0_0187_t4,T4_variable_diagnostic_delay,m2060_no_rollout_outcome_supported_decisive_generator,medium_delay_yaw_evidence,T4_variable_diagnostic_delay|medium_delay_yaw_evidence|medium|tight|straight_or_low|low_mu|high,m2060_t4_019,,,,,osd_v0_0187_t4,smoke_proxy,t4_actuator_delay_response,true,false,L0_current_masked,runs/m1674_controller_family_one_seed_public_pilot/configs/L0_current_masked_seed167400.json,runs/m1674_controller_family_one_seed_public_pilot/profile_runs/L0_current_masked/seed_167400/checkpoint.pt,210315,False,True,True,True,True,False,False,False,False,False,False,False,False,False,False,False,unavoidable
210316,checkpoint,65,True,False,0.5791333824434097,0.5126452397070643,1825.802672768658,1.2591742570818332,1.2936526112747637,0.10521205826707636,1.104621383741255,1.3315130973344873,0.6017319467651467,1.4623509659177525,1.4623509659177525,29,True,True,drift_required,True,False,1.7071294252101512,1.8170694424380596,-0.10994001722790836,obstacle_collision,False,obstacle_collision,collision_failure,3.1509293675286756,0.04847583642351808,1.9043020321117632,3.752156092222208,0.20021306781415654,0.01536698981581973,0.0,14.623862642487786,0.0013623908162117004,1,nan,nan,0.02,4.4,nan,nan,nan,nan,False,nan,0.01536698981581973,0.22208386931822244,False,False,13.733444757335675,4.0930776821077426e-06,0.009548988122792531,14.284101788826337,14.284101788826337,0.0,nan,0.0,65,1.9043020321117632,0.20021306781415654,14.623862642487786,0.04847583642351808,0,nan,nan,nan,nan,0,nan,nan,nan,nan,m2063-osd-osd_v0_0187_t4::L1_one_step,m2063-osd-osd_v0_0187_t4,osd_v0_0187_t4,T4_variable_diagnostic_delay,m2060_no_rollout_outcome_supported_decisive_generator,medium_delay_yaw_evidence,T4_variable_diagnostic_delay|medium_delay_yaw_evidence|medium|tight|straight_or_low|low_mu|high,m2060_t4_019,,,,,osd_v0_0187_t4,smoke_proxy,t4_actuator_delay_response,true,false,L1_one_step,runs/m1674_controller_family_one_seed_public_pilot/configs/L1_one_step_seed167400.json,runs/m1674_controller_family_one_seed_public_pilot/profile_runs/L1_one_step/seed_167400/checkpoint.pt,210316,False,True,True,True,True,False,False,False,False,False,False,False,False,False,False,False,drift_required
210317,checkpoint,56,True,False,1.1226904929015296,0.4607152631397903,1528.4028097801006,1.0540709032966211,1.2684093649877417,-0.12690476495300018,0.7413011625217516,1.0190446611203203,0.8817270161461996,0.7768535272842053,0.7768535272842053,19,True,True,drift_required,False,False,2.715233637449457,1.192268558932233,1.5229650785172237,off_track,False,off_track,off_track_noncollision_noncompletion,13.312698033114152,0.23772675059132414,2.0740164432754566,4.434716283172335,0.30934071203338664,0.020834436818102552,0.0,14.097664508856765,0.0030248896218836308,1,nan,nan,0.02,4.4,nan,nan,nan,nan,False,nan,0.020834436818102552,0.5178691831051865,False,False,nan,nan,nan,nan,0.0,0.03471628317233488,1.12,0.03471628317233488,56,2.0740164432754566,0.30934071203338664,14.097664508856765,0.23772675059132414,0,nan,nan,nan,nan,0,nan,nan,nan,nan,m2063-osd-osd_v0_0187_t4::L2_window_50,m2063-osd-osd_v0_0187_t4,osd_v0_0187_t4,T4_variable_diagnostic_delay,m2060_no_rollout_outcome_supported_decisive_generator,medium_delay_yaw_evidence,T4_variable_diagnostic_delay|medium_delay_yaw_evidence|medium|tight|straight_or_low|low_mu|high,m2060_t4_019,,,,,osd_v0_0187_t4,smoke_proxy,t4_actuator_delay_response,true,false,L2_window_50,runs/m1674_controller_family_one_seed_public_pilot/configs/L2_window_50_seed167400.json,runs/m1674_controller_family_one_seed_public_pilot/profile_runs/L2_window_50/seed_167400/checkpoint.pt,210317,False,True,True,True,True,False,False,False,False,False,False,False,False,False,False,False,drift_required
210318,checkpoint,71,False,True,0.7860114568232748,0.4726412280008884,1312.3713356038747,0.9050836797268101,0.841562909435942,0.03862312680281521,0.6670511299804622,0.5956176983931366,1.1562119856376158,1.5375517376747592,1.5375517376747592,14,True,True,aes_feasible,False,True,2.4382103464620872,1.7665715442682124,0.6716388021938748,,True,obstacle_pass,success_obstacle_pass,96.93847971158654,1.3653307001631907,0.7666781238976461,1.783093977653749,0.08806160618044417,0.02254459990888422,0.0,16.810990882453456,0.0010378838051110506,1,nan,nan,0.02,4.4,71.0,1.42,71.0,1.42,True,0.0,0.02254459990888422,0.2414115321257877,False,True,nan,nan,nan,nan,0.0,0.0,nan,0.0,71,0.7666781238976461,0.08806160618044417,16.810990882453456,1.3653307001631907,0,nan,nan,nan,nan,0,nan,nan,nan,nan,m2063-osd-osd_v0_0187_t4::L3_online_gru,m2063-osd-osd_v0_0187_t4,osd_v0_0187_t4,T4_variable_diagnostic_delay,m2060_no_rollout_outcome_supported_decisive_generator,medium_delay_yaw_evidence,T4_variable_diagnostic_delay|medium_delay_yaw_evidence|medium|tight|straight_or_low|low_mu|high,m2060_t4_019,,,,,osd_v0_0187_t4,smoke_proxy,t4_actuator_delay_response,true,false,L3_online_gru,runs/m1674_controller_family_one_seed_public_pilot/configs/L3_online_gru_seed167400.json,runs/m1674_controller_family_one_seed_public_pilot/profile_runs/L3_online_gru/seed_167400/checkpoint.pt,210318,True,True,True,True,True,False,False,False,False,False,False,False,False,False,False,False,aes_feasible
210319,checkpoint,62,True,False,0.4470321704700472,0.5484129990607659,1607.388664460666,1.1085439065245972,1.1914222481738332,-0.021091151382812257,1.252757870274317,0.7342638136013604,0.7267872353960207,0.9910755840571075,0.9910755840571075,25,True,True,aes_feasible,True,False,1.4525637967602767,1.6425945836289704,-0.19003078686869368,obstacle_collision,False,obstacle_collision,collision_failure,23.12719531037174,0.3730192791995442,1.2632434816939169,2.5248759118207786,0.17469494877941896,0.036030426867952936,0.0,16.41143501607427,0.0004927320405840874,1,nan,nan,0.02,4.4,nan,nan,nan,nan,False,nan,0.036030426867952936,0.2516063776655553,False,False,16.781790656758048,0.005521538588748344,0.1846329268319572,17.753168653079086,17.753168653079086,0.0,nan,0.0,62,1.2632434816939169,0.17469494877941896,16.41143501607427,0.3730192791995442,0,nan,nan,nan,nan,0,nan,nan,nan,nan,m2063-osd-osd_v0_0187_t4::L3_reset_control_corrected,m2063-osd-osd_v0_0187_t4,osd_v0_0187_t4,T4_variable_diagnostic_delay,m2060_no_rollout_outcome_supported_decisive_generator,medium_delay_yaw_evidence,T4_variable_diagnostic_delay|medium_delay_yaw_evidence|medium|tight|straight_or_low|low_mu|high,m2060_t4_019,,,,,osd_v0_0187_t4,smoke_proxy,t4_actuator_delay_response,true,false,L3_reset_control_corrected,runs/m1674_controller_family_one_seed_public_pilot/configs/L3_reset_control_corrected_seed167400.json,runs/m1674_controller_family_one_seed_public_pilot/profile_runs/L3_reset_control_corrected/seed_167400/checkpoint.pt,210319,False,True,True,True,True,False,False,False,False,False,False,False,False,False,False,False,aes_feasible
210320,checkpoint,16,True,False,0.5128335282141663,0.8487519131010531,1459.7805357986524,1.006745197102519,1.1411365964507272,0.1351886867385712,0.8482334219171963,0.7201428018510829,0.8149498657868115,1.5635263696761634,1.5635263696761634,8,True,True,unavoidable,True,False,1.1083710233086848,1.1359993685274945,-0.027628345218809747,obstacle_collision,False,obstacle_collision,collision_failure,-15.630606308626454,-0.9769128942891534,0.0569175055719013,0.09174763200172364,0.09819755443951365,0.010652379158429984,0.0,7.689895629883575,0.004827951081097126,1,nan,nan,0.02,7.0,nan,nan,nan,nan,False,nan,0.010652379158429984,0.17900058708598487,False,False,7.729518955833761,0.003669237047326346,0.03233781335866918,7.87272908178734,7.87272908178734,0.0,nan,0.0,16,0.0569175055719013,0.09819755443951365,7.689895629883575,-0.9769128942891534,0,nan,nan,nan,nan,0,nan,nan,nan,nan,m2063-osd-osd_v0_0188_t4::L0_current_masked,m2063-osd-osd_v0_0188_t4,osd_v0_0188_t4,T4_variable_diagnostic_delay,m2060_no_rollout_outcome_supported_decisive_generator,long_delay_steer_lag_evidence,T4_variable_diagnostic_delay|long_delay_steer_lag_evidence|late|generous|moderate|mixed_mu|low,m2060_t4_020,,,,,osd_v0_0188_t4,smoke_proxy,t4_actuator_delay_response,true,false,L0_current_masked,runs/m1674_controller_family_one_seed_public_pilot/configs/L0_current_masked_seed167400.json,runs/m1674_controller_family_one_seed_public_pilot/profile_runs/L0_current_masked/seed_167400/checkpoint.pt,210320,False,True,True,True,True,False,False,False,False,False,False,False,False,False,False,False,unavoidable
210321,checkpoint,20,True,False,0.7405141388521833,0.8130805807202579,1708.0209378436964,1.177945474374963,1.0050603782134706,-0.12557459268167692,0.6752757274741226,1.2777873987593877,0.9074529592587859,1.8658224174262794,1.8658224174262796,11,True,True,unavoidable,True,False,1.2346116383197472,1.2574000402535086,-0.022788401933761415,obstacle_collision,False,obstacle_collision,collision_failure,-11.587058077462366,-0.5793529038731183,0.3747375155811333,0.49182984944192754,0.11206152301430197,0.017902780664732307,0.0,7.818140115653032,0.00437393831089139,1,nan,nan,0.02,7.0,nan,nan,nan,nan,False,nan,0.017902780664732307,0.1907776286003421,False,False,7.701553400091632,0.0071315928322024,0.05585143151933386,7.824646349328474,7.824646349328474,0.0,nan,0.0,20,0.3747375155811333,0.11206152301430197,7.818140115653032,-0.5793529038731183,0,nan,nan,nan,nan,0,nan,nan,nan,nan,m2063-osd-osd_v0_0188_t4::L1_one_step,m2063-osd-osd_v0_0188_t4,osd_v0_0188_t4,T4_variable_diagnostic_delay,m2060_no_rollout_outcome_supported_decisive_generator,long_delay_steer_lag_evidence,T4_variable_diagnostic_delay|long_delay_steer_lag_evidence|late|generous|moderate|mixed_mu|low,m2060_t4_020,,,,,osd_v0_0188_t4,smoke_proxy,t4_actuator_delay_response,true,false,L1_one_step,runs/m1674_controller_family_one_seed_public_pilot/configs/L1_one_step_seed167400.json,runs/m1674_controller_family_one_seed_public_pilot/profile_runs/L1_one_step/seed_167400/checkpoint.pt,210321,False,True,True,True,True,False,False,False,False,False,False,False,False,False,False,False,unavoidable
210322,checkpoint,21,True,False,1.115090862767816,0.9110146108938026,1680.580041876947,1.1590207185358254,1.2240466043770706,-0.06500034029388768,1.200054815076983,0.6364995011508792,0.8405216753269824,1.8617457083532596,1.8617457083532598,14,True,True,unavoidable,True,False,1.1983740754877987,1.3243254968706784,-0.12595142138287962,obstacle_collision,False,obstacle_collision,collision_failure,-11.200700111636547,-0.5333666719826927,0.18962993940322398,0.4323514871259704,0.28203873164101406,0.05003604560305884,0.0,8.959505195241512,0.004540927242487669,1,nan,nan,0.02,7.0,nan,nan,nan,nan,False,nan,0.05003604560305884,0.4348114312276222,False,False,9.044463346060038,0.05003604560305884,0.4348114312276222,9.742719618898727,9.742719618898727,0.0,nan,0.0,21,0.18962993940322398,0.28203873164101406,8.959505195241512,-0.5333666719826927,0,nan,nan,nan,nan,0,nan,nan,nan,nan,m2063-osd-osd_v0_0188_t4::L2_window_50,m2063-osd-osd_v0_0188_t4,osd_v0_0188_t4,T4_variable_diagnostic_delay,m2060_no_rollout_outcome_supported_decisive_generator,long_delay_steer_lag_evidence,T4_variable_diagnostic_delay|long_delay_steer_lag_evidence|late|generous|moderate|mixed_mu|low,m2060_t4_020,,,,,osd_v0_0188_t4,smoke_proxy,t4_actuator_delay_response,true,false,L2_window_50,runs/m1674_controller_family_one_seed_public_pilot/configs/L2_window_50_seed167400.json,runs/m1674_controller_family_one_seed_public_pilot/profile_runs/L2_window_50/seed_167400/checkpoint.pt,210322,False,True,True,True,True,False,False,False,False,False,False,False,False,False,False,False,unavoidable
210323,checkpoint,32,True,False,0.804126008877952,0.3314429714183027,1262.607305465906,0.8707636589420041,0.8417882397822893,0.033285739341371245,0.7074700808283332,1.3227985796089254,1.0589556473684538,1.7811280707907478,1.7811280707907478,31,True,True,unavoidable,True,False,1.6423667120286038,1.6633076246436262,-0.0209409126150224,obstacle_collision,False,obstacle_collision,collision_failure,4.987024294192272,0.1558445091935085,0.4906867977707795,0.5494382623967411,0.03937425807292859,0.03814271490881609,0.0,8.175624759852761,0.0028132956940680742,1,nan,nan,0.02,7.0,nan,nan,nan,nan,False,nan,0.03814271490881609,0.22451800612715214,False,False,8.440817966876983,0.009435796275165446,0.09581954516214178,8.559822382605892,8.559822382605892,0.0,nan,0.0,32,0.4906867977707795,0.03937425807292859,8.175624759852761,0.1558445091935085,0,nan,nan,nan,nan,0,nan,nan,nan,nan,m2063-osd-osd_v0_0188_t4::L3_online_gru,m2063-osd-osd_v0_0188_t4,osd_v0_0188_t4,T4_variable_diagnostic_delay,m2060_no_rollout_outcome_supported_decisive_generator,long_delay_steer_lag_evidence,T4_variable_diagnostic_delay|long_delay_steer_lag_evidence|late|generous|moderate|mixed_mu|low,m2060_t4_020,,,,,osd_v0_0188_t4,smoke_proxy,t4_actuator_delay_response,true,false,L3_online_gru,runs/m1674_controller_family_one_seed_public_pilot/configs/L3_online_gru_seed167400.json,runs/m1674_controller_family_one_seed_public_pilot/profile_runs/L3_online_gru/seed_167400/checkpoint.pt,210323,False,True,True,True,True,False,False,False,False,False,False,False,False,False,False,False,unavoidable
210324,checkpoint,45,True,False,0.3094464817500234,0.5183494218695144,1625.0457283729543,1.1207211919813478,1.195495475479911,0.04921629423268392,0.586691237200189,0.7215453962094205,1.2358608146531207,1.6249183996936445,1.6249183996936443,14,True,True,drift_required,True,False,1.1114506935920974,1.2773246783211696,-0.16587398472907222,obstacle_collision,False,obstacle_collision,collision_failure,22.787506038105377,0.5063890230690083,0.4897823466791127,0.9771576156321089,0.11447365461790084,0.09690514345607223,0.0,10.557556399940175,0.0010821468895301223,1,nan,nan,0.02,7.0,nan,nan,nan,nan,False,nan,0.09690514345607223,0.4778375364959961,False,False,11.146323889140476,0.09690514345607223,0.4778375364959961,12.071930138163474,12.071930138163474,0.0,nan,0.0,45,0.4897823466791127,0.11447365461790084,10.557556399940175,0.5063890230690083,0,nan,nan,nan,nan,0,nan,nan,nan,nan,m2063-osd-osd_v0_0188_t4::L3_reset_control_corrected,m2063-osd-osd_v0_0188_t4,osd_v0_0188_t4,T4_variable_diagnostic_delay,m2060_no_rollout_outcome_supported_decisive_generator,long_delay_steer_lag_evidence,T4_variable_diagnostic_delay|long_delay_steer_lag_evidence|late|generous|moderate|mixed_mu|low,m2060_t4_020,,,,,osd_v0_0188_t4,smoke_proxy,t4_actuator_delay_response,true,false,L3_reset_control_corrected,runs/m1674_controller_family_one_seed_public_pilot/configs/L3_reset_control_corrected_seed167400.json,runs/m1674_controller_family_one_seed_public_pilot/profile_runs/L3_reset_control_corrected/seed_167400/checkpoint.pt,210324,False,True,True,True,True,False,False,False,False,False,False,False,False,False,False,False,drift_required
210325,checkpoint,34,True,False,0.4914052983634997,0.621567512423184,1446.2028979546171,0.9973813089342187,1.1016738791502774,-0.07635856638619765,0.6689326436635308,0.8201174155871163,1.2286132891710078,2.348292721718182,2.348292721718182,15,True,True,drift_required,True,False,1.532654332144172,1.600612739094676,-0.06795840695050415,obstacle_collision,False,obstacle_collision,collision_failure,4.4974217478112735,0.13227711022974334,0.4417964754314436,1.0292697118542762,0.1302546241715341,0.012453933452778072,0.0,9.92900247123868,0.003029091749340296,1,nan,nan,0.02,5.5,nan,nan,nan,nan,False,nan,0.012453933452778072,0.4581954425899747,False,False,10.3247860552811,0.000500401190892412,0.001366196388491934,10.664964910267916,10.664964910267916,0.0,nan,0.0,34,0.4417964754314436,0.1302546241715341,9.92900247123868,0.13227711022974334,0,nan,nan,nan,nan,0,nan,nan,nan,nan,m2063-osd-osd_v0_0189_t4::L0_current_masked,m2063-osd-osd_v0_0189_t4,osd_v0_0189_t4,T4_variable_diagnostic_delay,m2060_no_rollout_outcome_supported_decisive_generator,variable_delay_mixed_authority,T4_variable_diagnostic_delay|variable_delay_mixed_authority|early|nominal|high|actuator_delay|nominal,m2060_t4_021,,,,,osd_v0_0189_t4,smoke_proxy,t4_actuator_delay_response,true,false,L0_current_masked,runs/m1674_controller_family_one_seed_public_pilot/configs/L0_current_masked_seed167400.json,runs/m1674_controller_family_one_seed_public_pilot/profile_runs/L0_current_masked/seed_167400/checkpoint.pt,210325,False,True,True,True,True,False,False,False,False,False,False,False,False,False,False,False,drift_required
210326,checkpoint,34,True,False,0.7846495414854706,0.562741603125711,1184.249101869992,0.816723518531029,1.257643675488962,-0.11627148134163523,1.230859932786141,0.8646130124459465,1.2616001275857558,2.572091531039527,2.572091531039527,10,True,True,drift_required,True,False,1.0681244226815536,1.1363070702811022,-0.06818264759954862,obstacle_collision,False,obstacle_collision,collision_failure,4.797942042564902,0.14111594242837947,0.6258214647280815,0.9383688371692749,0.17239808455529487,0.0520392346260588,0.0,9.463472349194484,0.0033540278673171997,1,nan,nan,0.02,5.5,nan,nan,nan,nan,False,nan,0.0520392346260588,0.45721623744801604,False,False,9.902474707477438,0.004569144054079106,0.03335494054007183,10.249008011556228,10.249008011556228,0.0,nan,0.0,34,0.6258214647280815,0.17239808455529487,9.463472349194484,0.14111594242837947,0,nan,nan,nan,nan,0,nan,nan,nan,nan,m2063-osd-osd_v0_0189_t4::L1_one_step,m2063-osd-osd_v0_0189_t4,osd_v0_0189_t4,T4_variable_diagnostic_delay,m2060_no_rollout_outcome_supported_decisive_generator,variable_delay_mixed_authority,T4_variable_diagnostic_delay|variable_delay_mixed_authority|early|nominal|high|actuator_delay|nominal,m2060_t4_021,,,,,osd_v0_0189_t4,smoke_proxy,t4_actuator_delay_response,true,false,L1_one_step,runs/m1674_controller_family_one_seed_public_pilot/configs/L1_one_step_seed167400.json,runs/m1674_controller_family_one_seed_public_pilot/profile_runs/L1_one_step/seed_167400/checkpoint.pt,210326,False,True,True,True,True,False,False,False,False,False,False,False,False,False,False,False,drift_required
210327,checkpoint,28,True,False,0.6522212452626464,0.7427083986907365,1750.7345174067148,1.2074031154529068,1.0883389098118283,0.11825173175345816,1.1084473877392895,0.9326607858585371,0.9175492662622353,2.4970795300994455,2.4970795300994455,16,True,True,unavoidable,True,False,1.4715970285115043,1.5728744327308073,-0.10127740421930298,obstacle_collision,False,obstacle_collision,collision_failure,-5.343286637444194,-0.19083166562300694,0.6654962783906034,1.4469020301835727,0.10122184083190329,0.025509912885596904,0.0,10.05598420399798,0.003563027596101165,1,nan,nan,0.02,5.5,nan,nan,nan,nan,False,nan,0.025509912885596904,0.45624377547243966,False,False,10.09570456150063,0.020771892742837295,0.45624377547243966,10.658101906515807,10.658101906515807,0.0,nan,0.0,28,0.6654962783906034,0.10122184083190329,10.05598420399798,-0.19083166562300694,0,nan,nan,nan,nan,0,nan,nan,nan,nan,m2063-osd-osd_v0_0189_t4::L2_window_50,m2063-osd-osd_v0_0189_t4,osd_v0_0189_t4,T4_variable_diagnostic_delay,m2060_no_rollout_outcome_supported_decisive_generator,variable_delay_mixed_authority,T4_variable_diagnostic_delay|variable_delay_mixed_authority|early|nominal|high|actuator_delay|nominal,m2060_t4_021,,,,,osd_v0_0189_t4,smoke_proxy,t4_actuator_delay_response,true,false,L2_window_50,runs/m1674_controller_family_one_seed_public_pilot/configs/L2_window_50_seed167400.json,runs/m1674_controller_family_one_seed_public_pilot/profile_runs/L2_window_50/seed_167400/checkpoint.pt,210327,False,True,True,True,True,False,False,False,False,False,False,False,False,False,False,False,unavoidable
210328,checkpoint,34,True,False,0.7737997185892123,0.6630120986912789,1669.6854651821166,1.151507217366977,1.2613409096978159,0.06936332060841344,0.6216695475225462,0.730039655437467,0.876658586996665,2.7733895463929485,2.773389546392949,32,True,True,drift_required,True,False,1.118225534905774,1.1376808888403942,-0.01945535393462028,obstacle_collision,False,obstacle_collision,collision_failure,4.019893654981459,0.11823216632298408,0.8306591905754007,1.3290047516057015,0.07009719613930376,0.03272043426932939,0.0,10.169290208344693,0.0028857258148491383,1,nan,nan,0.02,5.5,nan,nan,nan,nan,False,nan,0.03272043426932939,0.48410229864976967,False,False,10.49103890453788,0.0005535052668524137,0.15447243316457773,10.604039670160867,10.604039670160867,0.0,nan,0.0,34,0.8306591905754007,0.07009719613930376,10.169290208344693,0.11823216632298408,0,nan,nan,nan,nan,0,nan,nan,nan,nan,m2063-osd-osd_v0_0189_t4::L3_online_gru,m2063-osd-osd_v0_0189_t4,osd_v0_0189_t4,T4_variable_diagnostic_delay,m2060_no_rollout_outcome_supported_decisive_generator,variable_delay_mixed_authority,T4_variable_diagnostic_delay|variable_delay_mixed_authority|early|nominal|high|actuator_delay|nominal,m2060_t4_021,,,,,osd_v0_0189_t4,smoke_proxy,t4_actuator_delay_response,true,false,L3_online_gru,runs/m1674_controller_family_one_seed_public_pilot/configs/L3_online_gru_seed167400.json,runs/m1674_controller_family_one_seed_public_pilot/profile_runs/L3_online_gru/seed_167400/checkpoint.pt,210328,False,True,True,True,True,False,False,False,False,False,False,False,False,False,False,False,drift_required
210329,checkpoint,33,True,False,0.331571354011619,0.5477097192168979,1712.300169489956,1.1808966686137627,1.2299120725225074,0.054157003037472506,0.7074775816780488,0.7805260353395511,0.7814171575110123,2.5357107795471174,2.5357107795471174,15,True,True,unavoidable,True,False,1.5182407396797823,1.6970475772082851,-0.1788068375285028,obstacle_collision,False,obstacle_collision,collision_failure,1.5699971786575837,0.04757567208053284,0.43187685063934156,0.8551530493688588,0.2772325212803371,0.034074949735944965,0.0,9.187615424084326,0.0015048047062009573,1,nan,nan,0.02,5.5,nan,nan,nan,nan,False,nan,0.034074949735944965,0.43808120751905244,False,False,9.38123841225311,0.005521059640111918,0.1392432349640064,10.291957453212081,10.291957453212081,0.0,nan,0.0,33,0.43187685063934156,0.2772325212803371,9.187615424084326,0.04757567208053284,0,nan,nan,nan,nan,0,nan,nan,nan,nan,m2063-osd-osd_v0_0189_t4::L3_reset_control_corrected,m2063-osd-osd_v0_0189_t4,osd_v0_0189_t4,T4_variable_diagnostic_delay,m2060_no_rollout_outcome_supported_decisive_generator,variable_delay_mixed_authority,T4_variable_diagnostic_delay|variable_delay_mixed_authority|early|nominal|high|actuator_delay|nominal,m2060_t4_021,,,,,osd_v0_0189_t4,smoke_proxy,t4_actuator_delay_response,true,false,L3_reset_control_corrected,runs/m1674_controller_family_one_seed_public_pilot/configs/L3_reset_control_corrected_seed167400.json,runs/m1674_controller_family_one_seed_public_pilot/profile_runs/L3_reset_control_corrected/seed_167400/checkpoint.pt,210329,False,True,True,True,True,False,False,False,False,False,False,False,False,False,False,False,unavoidable
210330,checkpoint,46,True,False,0.764443515904841,0.9917860926421185,1218.8129419887557,0.8405606496474177,1.2324448975655355,-0.057498045093025585,1.0552090336088407,1.1705531680654617,0.9745465073960501,1.2850502056525135,1.2850502056525135,39,True,True,drift_required,True,False,1.7514031694843313,1.8028082370089975,-0.051405067524666226,obstacle_collision,False,obstacle_collision,collision_failure,12.392267537660082,0.26939712038391483,0.7534540859767352,1.7579544042488493,0.15325605957751476,0.061504714495379045,0.0,17.633675899386947,0.0017767967656254768,1,nan,nan,0.02,4.4,nan,nan,nan,nan,False,nan,0.061504714495379045,0.27266938473381197,False,False,17.427349236003806,0.00018039262520658922,0.07231594933309592,17.69169636487305,17.69169636487305,0.0,nan,0.0,46,0.7534540859767352,0.15325605957751476,17.633675899386947,0.26939712038391483,0,nan,nan,nan,nan,0,nan,nan,nan,nan,m2063-osd-osd_v0_0190_t4::L0_current_masked,m2063-osd-osd_v0_0190_t4,osd_v0_0190_t4,T4_variable_diagnostic_delay,m2060_no_rollout_outcome_supported_decisive_generator,stale_evidence_boundary_check,T4_variable_diagnostic_delay|stale_evidence_boundary_check|medium|tight|straight_or_low|nominal_mu|high,m2060_t4_022,,,,,osd_v0_0190_t4,smoke_proxy,t4_actuator_delay_response,true,false,L0_current_masked,runs/m1674_controller_family_one_seed_public_pilot/configs/L0_current_masked_seed167400.json,runs/m1674_controller_family_one_seed_public_pilot/profile_runs/L0_current_masked/seed_167400/checkpoint.pt,210330,False,True,True,True,True,False,False,False,False,False,False,False,False,False,False,False,drift_required
210331,checkpoint,39,True,False,0.4509587642465243,1.0425024469541904,1714.8798126950248,1.1826757328931206,1.036073744567664,-0.1332827218191286,0.6789260253282128,1.0440254285210542,0.7814638939288696,1.103851218619326,1.103851218619326,20,True,True,aes_feasible,True,False,0.8565144690237015,1.110624914475498,-0.2541104454517965,obstacle_collision,False,obstacle_collision,collision_failure,6.932224631613266,0.1777493495285453,0.43205948751834483,0.8552969408951938,0.17320997451380482,0.08157863397991978,0.0,15.040963417868793,0.001924459240399301,1,nan,nan,0.02,4.4,nan,nan,nan,nan,False,nan,0.08157863397991978,0.24835306233762916,False,False,14.84835954326186,0.0002818970995982799,0.019127427935271096,16.12096546186417,16.12096546186417,0.0,nan,0.0,39,0.43205948751834483,0.17320997451380482,15.040963417868793,0.1777493495285453,0,nan,nan,nan,nan,0,nan,nan,nan,nan,m2063-osd-osd_v0_0190_t4::L1_one_step,m2063-osd-osd_v0_0190_t4,osd_v0_0190_t4,T4_variable_diagnostic_delay,m2060_no_rollout_outcome_supported_decisive_generator,stale_evidence_boundary_check,T4_variable_diagnostic_delay|stale_evidence_boundary_check|medium|tight|straight_or_low|nominal_mu|high,m2060_t4_022,,,,,osd_v0_0190_t4,smoke_proxy,t4_actuator_delay_response,true,false,L1_one_step,runs/m1674_controller_family_one_seed_public_pilot/configs/L1_one_step_seed167400.json,runs/m1674_controller_family_one_seed_public_pilot/profile_runs/L1_one_step/seed_167400/checkpoint.pt,210331,False,True,True,True,True,False,False,False,False,False,False,False,False,False,False,False,aes_feasible
210332,checkpoint,54,True,False,0.33972779194537167,0.8317780627174313,1245.5082696002312,0.8589712204139526,0.8189717554928556,0.04093019542566667,1.3114817300648989,1.2553573077245768,1.0109426739717902,1.2513824229978776,1.2513824229978776,11,True,True,aes_feasible,False,False,1.820365523136335,1.327340336795492,0.493025186340843,off_track,False,off_track,off_track_noncollision_noncompletion,15.35307057532702,0.2843161217653152,2.1336443303310633,4.480545302706631,0.07972459607232546,0.27138769380421257,0.0,16.395027044623294,0.003481412073597312,1,nan,nan,0.02,4.4,nan,nan,nan,nan,False,nan,0.27138769380421257,0.5318118378548532,False,False,nan,nan,nan,nan,0.0,0.0805453027066303,1.08,0.0805453027066303,54,2.1336443303310633,0.07972459607232546,16.395027044623294,0.2843161217653152,0,nan,nan,nan,nan,0,nan,nan,nan,nan,m2063-osd-osd_v0_0190_t4::L2_window_50,m2063-osd-osd_v0_0190_t4,osd_v0_0190_t4,T4_variable_diagnostic_delay,m2060_no_rollout_outcome_supported_decisive_generator,stale_evidence_boundary_check,T4_variable_diagnostic_delay|stale_evidence_boundary_check|medium|tight|straight_or_low|nominal_mu|high,m2060_t4_022,,,,,osd_v0_0190_t4,smoke_proxy,t4_actuator_delay_response,true,false,L2_window_50,runs/m1674_controller_family_one_seed_public_pilot/configs/L2_window_50_seed167400.json,runs/m1674_controller_family_one_seed_public_pilot/profile_runs/L2_window_50/seed_167400/checkpoint.pt,210332,False,True,True,True,True,False,False,False,False,False,False,False,False,False,False,False,aes_feasible
210333,checkpoint,51,True,False,1.0110816885590894,0.9372194947926068,1662.2213087979064,1.146359523308901,1.057029572166765,0.1285358691590519,0.954985519393717,0.8451454946124589,1.117190299352242,1.1447509794941788,1.1447509794941788,28,True,True,aes_feasible,True,False,1.703075905958988,1.733799030231249,-0.030723124272260982,obstacle_collision,False,obstacle_collision,collision_failure,24.32151711653124,0.4768924924810047,0.4848108160252769,1.0944685177914906,0.08232309879565496,0.05668414024179593,0.0,18.57749935291139,0.0017285600770264864,1,nan,nan,0.02,4.4,nan,nan,nan,nan,False,nan,0.05668414024179593,0.27510082093694027,False,False,19.357767908434628,0.018655984918607437,0.18985507329849213,19.539697029585085,19.539697029585085,0.0,nan,0.0,51,0.4848108160252769,0.08232309879565496,18.57749935291139,0.4768924924810047,0,nan,nan,nan,nan,0,nan,nan,nan,nan,m2063-osd-osd_v0_0190_t4::L3_online_gru,m2063-osd-osd_v0_0190_t4,osd_v0_0190_t4,T4_variable_diagnostic_delay,m2060_no_rollout_outcome_supported_decisive_generator,stale_evidence_boundary_check,T4_variable_diagnostic_delay|stale_evidence_boundary_check|medium|tight|straight_or_low|nominal_mu|high,m2060_t4_022,,,,,osd_v0_0190_t4,smoke_proxy,t4_actuator_delay_response,true,false,L3_online_gru,runs/m1674_controller_family_one_seed_public_pilot/configs/L3_online_gru_seed167400.json,runs/m1674_controller_family_one_seed_public_pilot/profile_runs/L3_online_gru/seed_167400/checkpoint.pt,210333,False,True,True,True,True,False,False,False,False,False,False,False,False,False,False,False,aes_feasible
210334,checkpoint,38,True,False,0.7074656854626155,1.037306781523942,1178.8658991708094,0.8130109649453858,1.0944623234149469,-0.12337474742790477,0.7476211205943603,1.2547065636223034,1.2061092161026772,1.1345675123637033,1.1345675123637033,28,True,True,drift_required,True,False,0.958885813185941,1.2331591474875758,-0.2742733343016348,obstacle_collision,False,obstacle_collision,collision_failure,4.55755676875021,0.119935704440795,1.055583396974926,1.6627141647350143,0.1846092137387993,0.0405768985076763,0.0,16.050731549607804,0.0006896341219544411,1,nan,nan,0.02,4.4,nan,nan,nan,nan,False,nan,0.0405768985076763,0.24448018546968756,False,False,16.58780303768924,0.002176979474551742,0.15930508207999178,17.97618870714269,17.97618870714269,0.0,nan,0.0,38,1.055583396974926,0.1846092137387993,16.050731549607804,0.119935704440795,0,nan,nan,nan,nan,0,nan,nan,nan,nan,m2063-osd-osd_v0_0190_t4::L3_reset_control_corrected,m2063-osd-osd_v0_0190_t4,osd_v0_0190_t4,T4_variable_diagnostic_delay,m2060_no_rollout_outcome_supported_decisive_generator,stale_evidence_boundary_check,T4_variable_diagnostic_delay|stale_evidence_boundary_check|medium|tight|straight_or_low|nominal_mu|high,m2060_t4_022,,,,,osd_v0_0190_t4,smoke_proxy,t4_actuator_delay_response,true,false,L3_reset_control_corrected,runs/m1674_controller_family_one_seed_public_pilot/configs/L3_reset_control_corrected_seed167400.json,runs/m1674_controller_family_one_seed_public_pilot/profile_runs/L3_reset_control_corrected/seed_167400/checkpoint.pt,210334,False,True,True,True,True,False,False,False,False,False,False,False,False,False,False,False,drift_required
210335,checkpoint,38,True,False,0.6855413524762312,0.4173603127191006,1764.7869522606888,1.2170944498349578,1.0617800223628138,-0.09242388960102543,0.6912059520280718,0.5966449939407533,1.129218682630934,0.9150951056251658,0.9150951056251658,16,True,True,unavoidable,True,False,1.3794809078518862,1.5053786829660434,-0.12589777511415723,obstacle_collision,False,obstacle_collision,collision_failure,11.358137835994203,0.2988983641051106,0.36690962747643,0.7637302134547426,0.09980063416407428,0.01827699020587513,0.0,7.543318675111264,0.0011715516448020935,1,nan,nan,0.02,7.0,nan,nan,nan,nan,False,nan,0.01827699020587513,0.1741102030078867,False,False,8.015040662501761,0.0015729917058530118,0.013915397995675061,8.64670757372504,8.64670757372504,0.0,nan,0.0,38,0.36690962747643,0.09980063416407428,7.543318675111264,0.2988983641051106,0,nan,nan,nan,nan,0,nan,nan,nan,nan,m2063-osd-osd_v0_0191_t4::L0_current_masked,m2063-osd-osd_v0_0191_t4,osd_v0_0191_t4,T4_variable_diagnostic_delay,m2060_no_rollout_outcome_supported_decisive_generator,delayed_obstacle_reveal_response,T4_variable_diagnostic_delay|delayed_obstacle_reveal_response|late|generous|moderate|low_mu|low,m2060_t4_023,,,,,osd_v0_0191_t4,smoke_proxy,t4_actuator_delay_response,true,false,L0_current_masked,runs/m1674_controller_family_one_seed_public_pilot/configs/L0_current_masked_seed167400.json,runs/m1674_controller_family_one_seed_public_pilot/profile_runs/L0_current_masked/seed_167400/checkpoint.pt,210335,False,True,True,True,True,False,False,False,False,False,False,False,False,False,False,False,unavoidable
210336,checkpoint,40,True,False,0.39766261655027796,0.41758638772775203,1498.859963637911,1.0336965266468352,1.0917746909403423,-0.019660795833813083,1.2404602852778008,0.8239026618453436,1.1840988421831982,1.4874010914216016,1.4874010914216016,35,True,True,unavoidable,True,False,1.549928231612763,1.718514719130335,-0.168586487517572,obstacle_collision,False,obstacle_collision,collision_failure,12.016721183035282,0.30041802957588204,0.1525797894049613,0.399885764026223,0.2503963906465302,0.048452913430803095,0.0,10.483845988987412,0.0014306970406323671,1,nan,nan,0.02,7.0,nan,nan,nan,nan,False,nan,0.048452913430803095,0.2937043968453268,False,False,10.872082279280304,0.00023246623963676073,0.0030402909253270773,11.715434979080516,11.715434979080516,0.0,nan,0.0,40,0.1525797894049613,0.2503963906465302,10.483845988987412,0.30041802957588204,0,nan,nan,nan,nan,0,nan,nan,nan,nan,m2063-osd-osd_v0_0191_t4::L1_one_step,m2063-osd-osd_v0_0191_t4,osd_v0_0191_t4,T4_variable_diagnostic_delay,m2060_no_rollout_outcome_supported_decisive_generator,delayed_obstacle_reveal_response,T4_variable_diagnostic_delay|delayed_obstacle_reveal_response|late|generous|moderate|low_mu|low,m2060_t4_023,,,,,osd_v0_0191_t4,smoke_proxy,t4_actuator_delay_response,true,false,L1_one_step,runs/m1674_controller_family_one_seed_public_pilot/configs/L1_one_step_seed167400.json,runs/m1674_controller_family_one_seed_public_pilot/profile_runs/L1_one_step/seed_167400/checkpoint.pt,210336,False,True,True,True,True,False,False,False,False,False,False,False,False,False,False,False,unavoidable
210337,checkpoint,43,True,False,0.37268523017697064,0.4413087880183101,1713.1618078574747,1.1814909019706723,1.2727415753357543,0.11445879548253801,0.8193902356691558,0.8933011010515131,1.041843237981229,0.8688969219010138,0.8688969219010138,21,True,True,unavoidable,True,False,1.8574710056339496,1.9596935740513874,-0.10222256841743782,obstacle_collision,False,obstacle_collision,collision_failure,13.21568707217913,0.3073415598181193,0.820457963292033,1.7727842755248204,0.07945248727460232,0.031088383861027188,0.0,8.820604227448921,0.0028690274339169264,1,nan,nan,0.02,7.0,nan,nan,nan,nan,False,nan,0.031088383861027188,0.43789715076373564,False,False,9.055939422543982,0.003186779346316911,0.43789715076373564,9.612435369380705,9.612435369380705,0.0,nan,0.0,43,0.820457963292033,0.07945248727460232,8.820604227448921,0.3073415598181193,0,nan,nan,nan,nan,0,nan,nan,nan,nan,m2063-osd-osd_v0_0191_t4::L2_window_50,m2063-osd-osd_v0_0191_t4,osd_v0_0191_t4,T4_variable_diagnostic_delay,m2060_no_rollout_outcome_supported_decisive_generator,delayed_obstacle_reveal_response,T4_variable_diagnostic_delay|delayed_obstacle_reveal_response|late|generous|moderate|low_mu|low,m2060_t4_023,,,,,osd_v0_0191_t4,smoke_proxy,t4_actuator_delay_response,true,false,L2_window_50,runs/m1674_controller_family_one_seed_public_pilot/configs/L2_window_50_seed167400.json,runs/m1674_controller_family_one_seed_public_pilot/profile_runs/L2_window_50/seed_167400/checkpoint.pt,210337,False,True,True,True,True,False,False,False,False,False,False,False,False,False,False,False,unavoidable
210338,checkpoint,36,True,False,1.0878157969141644,0.4285515145413114,1601.1002964095198,1.1042071009720826,1.2757326849593615,-0.038159830862371624,0.8593781573002399,0.9545413882841745,0.7646920114727251,1.5250699716134215,1.5250699716134215,8,True,True,unavoidable,True,False,1.4094752451709784,1.4834504917479845,-0.07397524657700605,obstacle_collision,False,obstacle_collision,collision_failure,5.962601804903418,0.16562782791398384,0.17236024571478828,0.3449149858920606,0.2156496552396433,0.012753713230609013,0.0,7.983712783138382,0.0020962029229849577,1,nan,nan,0.02,7.0,nan,nan,nan,nan,False,nan,0.012753713230609013,0.20309886569044408,False,False,8.158359122871673,0.01275142865051599,0.10755230669449913,8.545366300751411,8.545366300751411,0.0,nan,0.0,36,0.17236024571478828,0.2156496552396433,7.983712783138382,0.16562782791398384,0,nan,nan,nan,nan,0,nan,nan,nan,nan,m2063-osd-osd_v0_0191_t4::L3_online_gru,m2063-osd-osd_v0_0191_t4,osd_v0_0191_t4,T4_variable_diagnostic_delay,m2060_no_rollout_outcome_supported_decisive_generator,delayed_obstacle_reveal_response,T4_variable_diagnostic_delay|delayed_obstacle_reveal_response|late|generous|moderate|low_mu|low,m2060_t4_023,,,,,osd_v0_0191_t4,smoke_proxy,t4_actuator_delay_response,true,false,L3_online_gru,runs/m1674_controller_family_one_seed_public_pilot/configs/L3_online_gru_seed167400.json,runs/m1674_controller_family_one_seed_public_pilot/profile_runs/L3_online_gru/seed_167400/checkpoint.pt,210338,False,True,True,True,True,False,False,False,False,False,False,False,False,False,False,False,unavoidable
210339,checkpoint,50,True,False,0.7365238386028223,0.4000167131755121,1635.9753892118488,1.1282588891116199,0.9270587231062977,-0.022374806854308593,1.0321287696485686,0.9654137550750329,0.8222989674917175,1.0996806580254046,1.0996806580254046,26,True,True,drift_required,True,False,1.770993251898076,1.8319821160000616,-0.06098886410198556,obstacle_collision,False,obstacle_collision,collision_failure,21.198892960766464,0.42397785921532927,0.20625519634204972,0.3284132443609593,0.27486716678012574,0.06425980001394753,0.0,8.554272584037722,0.0006210089195519686,1,nan,nan,0.02,7.0,nan,nan,nan,nan,False,nan,0.06425980001394753,0.2518535375824285,False,False,8.808350476585927,0.012197416883645857,0.11392590228433586,9.13078609576611,9.13078609576611,0.0,nan,0.0,50,0.20625519634204972,0.27486716678012574,8.554272584037722,0.42397785921532927,0,nan,nan,nan,nan,0,nan,nan,nan,nan,m2063-osd-osd_v0_0191_t4::L3_reset_control_corrected,m2063-osd-osd_v0_0191_t4,osd_v0_0191_t4,T4_variable_diagnostic_delay,m2060_no_rollout_outcome_supported_decisive_generator,delayed_obstacle_reveal_response,T4_variable_diagnostic_delay|delayed_obstacle_reveal_response|late|generous|moderate|low_mu|low,m2060_t4_023,,,,,osd_v0_0191_t4,smoke_proxy,t4_actuator_delay_response,true,false,L3_reset_control_corrected,runs/m1674_controller_family_one_seed_public_pilot/configs/L3_reset_control_corrected_seed167400.json,runs/m1674_controller_family_one_seed_public_pilot/profile_runs/L3_reset_control_corrected/seed_167400/checkpoint.pt,210339,False,True,True,True,True,False,False,False,False,False,False,False,False,False,False,False,drift_required
210340,checkpoint,29,True,False,0.7094442026771415,0.6338240155986647,1743.1297033117878,1.202158416077095,0.8093828767442707,-0.041389666262435565,1.3298877024011646,0.994942268778306,1.1764252179136157,2.0139562472356403,2.0139562472356403,28,True,True,unavoidable,True,False,1.121820813911544,1.1671878208480262,-0.04536700693648221,obstacle_collision,False,obstacle_collision,collision_failure,-3.1552166401241095,-0.10880057379738309,0.838282447804465,1.3751217163932914,0.09545510348405767,0.015542822400803978,0.0,9.846219722789893,0.0019250152399763465,1,nan,nan,0.02,5.5,nan,nan,nan,nan,False,nan,0.015542822400803978,0.39398024881404314,False,False,10.005389825792198,0.0029567338241712616,0.03194808164943769,10.236898035551638,10.236898035551638,0.0,nan,0.0,29,0.838282447804465,0.09545510348405767,9.846219722789893,-0.10880057379738309,0,nan,nan,nan,nan,0,nan,nan,nan,nan,m2063-osd-osd_v0_0192_t4::L0_current_masked,m2063-osd-osd_v0_0192_t4,osd_v0_0192_t4,T4_variable_diagnostic_delay,m2060_no_rollout_outcome_supported_decisive_generator,short_delay_brake_evidence,T4_variable_diagnostic_delay|short_delay_brake_evidence|early|nominal|high|mixed_mu|nominal,m2060_t4_024,,,,,osd_v0_0192_t4,smoke_proxy,t4_actuator_delay_response,true,false,L0_current_masked,runs/m1674_controller_family_one_seed_public_pilot/configs/L0_current_masked_seed167400.json,runs/m1674_controller_family_one_seed_public_pilot/profile_runs/L0_current_masked/seed_167400/checkpoint.pt,210340,False,True,True,True,True,False,False,False,False,False,False,False,False,False,False,False,unavoidable
210341,checkpoint,23,True,False,0.8399861082987818,0.970742031604853,1746.9348392964168,1.2047826477906323,0.8334970520150202,-0.09657348512170905,1.4044412187985298,1.2052247242346685,0.7593951710638636,1.6162687241676585,1.6162687241676588,17,True,True,unavoidable,True,False,1.444552614001872,1.4902900316564829,-0.04573741765461081,obstacle_collision,False,obstacle_collision,collision_failure,-8.143734659588155,-0.3540754199820937,0.11451914141572549,0.28046042568565,0.09435324105587072,0.030916986796718126,0.0,10.486492454135183,0.002444968558847904,1,nan,nan,0.02,5.5,nan,nan,nan,nan,False,nan,0.030916986796718126,0.4242979155730703,False,False,10.322792449904808,0.0013805723706089344,0.014547498940113649,10.553624574257178,10.553624574257178,0.0,nan,0.0,23,0.11451914141572549,0.09435324105587072,10.486492454135183,-0.3540754199820937,0,nan,nan,nan,nan,0,nan,nan,nan,nan,m2063-osd-osd_v0_0192_t4::L1_one_step,m2063-osd-osd_v0_0192_t4,osd_v0_0192_t4,T4_variable_diagnostic_delay,m2060_no_rollout_outcome_supported_decisive_generator,short_delay_brake_evidence,T4_variable_diagnostic_delay|short_delay_brake_evidence|early|nominal|high|mixed_mu|nominal,m2060_t4_024,,,,,osd_v0_0192_t4,smoke_proxy,t4_actuator_delay_response,true,false,L1_one_step,runs/m1674_controller_family_one_seed_public_pilot/configs/L1_one_step_seed167400.json,runs/m1674_controller_family_one_seed_public_pilot/profile_runs/L1_one_step/seed_167400/checkpoint.pt,210341,False,True,True,True,True,False,False,False,False,False,False,False,False,False,False,False,unavoidable
210342,checkpoint,46,True,False,0.7535150738220677,0.28117248348611956,1520.5928927207347,1.0486847536005066,0.9544001977264311,-0.1133068604470655,1.2745805004174446,0.7867035927438188,1.1900672960869567,1.6693706701224693,1.669370670122469,14,True,True,unavoidable,True,False,1.4327521724443646,1.4784253131341298,-0.045673140689765246,obstacle_collision,False,obstacle_collision,collision_failure,21.7609603624648,0.4730643557057565,0.5059124049891442,1.2435669418094832,0.16414418910535797,0.1152878078705638,0.0,7.025633123055822,0.0022611895110458136,1,nan,nan,0.02,5.5,nan,nan,nan,nan,False,nan,0.1152878078705638,0.3404014543090801,False,False,7.726603741781531,0.055748299646546096,0.3404014543090801,8.016883740484538,8.016883740484538,0.0,nan,0.0,46,0.5059124049891442,0.16414418910535797,7.025633123055822,0.4730643557057565,0,nan,nan,nan,nan,0,nan,nan,nan,nan,m2063-osd-osd_v0_0192_t4::L2_window_50,m2063-osd-osd_v0_0192_t4,osd_v0_0192_t4,T4_variable_diagnostic_delay,m2060_no_rollout_outcome_supported_decisive_generator,short_delay_brake_evidence,T4_variable_diagnostic_delay|short_delay_brake_evidence|early|nominal|high|mixed_mu|nominal,m2060_t4_024,,,,,osd_v0_0192_t4,smoke_proxy,t4_actuator_delay_response,true,false,L2_window_50,runs/m1674_controller_family_one_seed_public_pilot/configs/L2_window_50_seed167400.json,runs/m1674_controller_family_one_seed_public_pilot/profile_runs/L2_window_50/seed_167400/checkpoint.pt,210342,False,True,True,True,True,False,False,False,False,False,False,False,False,False,False,False,unavoidable
210343,checkpoint,27,True,False,0.4633143997803759,0.911324863264265,1229.3214160901207,0.8478078731656005,0.9696834484625543,0.13915523933863083,0.640925388950042,0.969985581545824,1.2585921370505329,0.9718025398797987,0.9718025398797987,8,True,True,drift_required,True,False,1.2059238703577757,1.337218892812584,-0.1312950224548084,obstacle_collision,False,obstacle_collision,collision_failure,0.04180130321444864,0.0015481964153499495,0.509502125202067,1.0373896555348772,0.08154665723645659,0.10933994090490998,0.0,11.708674458347822,0.0028069806285202503,1,nan,nan,0.02,5.5,nan,nan,nan,nan,False,nan,0.10933994090490998,0.6387597164349954,False,False,12.241048321147561,0.10933994090490998,0.6387597164349954,13.016069375517558,13.016069375517558,0.0,nan,0.0,27,0.509502125202067,0.08154665723645659,11.708674458347822,0.0015481964153499495,0,nan,nan,nan,nan,0,nan,nan,nan,nan,m2063-osd-osd_v0_0192_t4::L3_online_gru,m2063-osd-osd_v0_0192_t4,osd_v0_0192_t4,T4_variable_diagnostic_delay,m2060_no_rollout_outcome_supported_decisive_generator,short_delay_brake_evidence,T4_variable_diagnostic_delay|short_delay_brake_evidence|early|nominal|high|mixed_mu|nominal,m2060_t4_024,,,,,osd_v0_0192_t4,smoke_proxy,t4_actuator_delay_response,true,false,L3_online_gru,runs/m1674_controller_family_one_seed_public_pilot/configs/L3_online_gru_seed167400.json,runs/m1674_controller_family_one_seed_public_pilot/profile_runs/L3_online_gru/seed_167400/checkpoint.pt,210343,False,True,True,True,True,False,False,False,False,False,False,False,False,False,False,False,drift_required
210344,checkpoint,23,True,False,0.9291408189607402,1.0134044703742808,1426.8402512250918,0.9840277594655805,1.1219437932699374,0.09388499558219543,0.7631605156946766,0.5747926032904767,1.045774903061949,0.9394623881567186,0.9394623881567185,20,True,True,unavoidable,True,False,1.5128792220667286,1.5217710557401474,-0.008891833673418725,obstacle_collision,False,obstacle_collision,collision_failure,-6.792912254570503,-0.29534401106828273,0.07166138920083684,0.16136924035578204,0.2178745550595336,0.052667743212698584,0.0,11.850625868478357,0.0015966494102030993,1,nan,nan,0.02,5.5,nan,nan,nan,nan,False,nan,0.052667743212698584,0.5605124396045853,False,False,12.275908304009647,0.006142751833762403,0.1937296921854661,12.34281181751217,12.34281181751217,0.0,nan,0.0,23,0.07166138920083684,0.2178745550595336,11.850625868478357,-0.29534401106828273,0,nan,nan,nan,nan,0,nan,nan,nan,nan,m2063-osd-osd_v0_0192_t4::L3_reset_control_corrected,m2063-osd-osd_v0_0192_t4,osd_v0_0192_t4,T4_variable_diagnostic_delay,m2060_no_rollout_outcome_supported_decisive_generator,short_delay_brake_evidence,T4_variable_diagnostic_delay|short_delay_brake_evidence|early|nominal|high|mixed_mu|nominal,m2060_t4_024,,,,,osd_v0_0192_t4,smoke_proxy,t4_actuator_delay_response,true,false,L3_reset_control_corrected,runs/m1674_controller_family_one_seed_public_pilot/configs/L3_reset_control_corrected_seed167400.json,runs/m1674_controller_family_one_seed_public_pilot/profile_runs/L3_reset_control_corrected/seed_167400/checkpoint.pt,210344,False,True,True,True,True,False,False,False,False,False,False,False,False,False,False,False,unavoidable
210345,checkpoint,85,False,True,0.9317751314027924,0.5101219563690367,1344.5543401199527,0.9272788552551398,0.916881647290266,-0.07966029938010477,0.7446374730270765,0.839363946875812,0.6202636030265686,2.1534127823684073,2.1534127823684073,16,True,True,aes_feasible,False,True,2.050377750410726,2.0109465783686438,0.03943117204208235,,True,obstacle_pass,success_obstacle_pass,87.3945513286128,1.0281711921013272,1.0914307567628538,2.6458922559545712,0.10660586410837236,0.015602431222369394,0.0,14.362861851893157,0.0016480432823300362,1,nan,nan,0.02,4.4,85.0,1.7,85.0,1.7,True,0.0,0.015602431222369394,0.2062039887869082,False,True,nan,nan,nan,nan,0.0,0.0,nan,0.0,85,1.0914307567628538,0.10660586410837236,14.362861851893157,1.0281711921013272,0,nan,nan,nan,nan,0,nan,nan,nan,nan,m2063-osd-osd_v0_0193_t4::L0_current_masked,m2063-osd-osd_v0_0193_t4,osd_v0_0193_t4,T4_variable_diagnostic_delay,m2060_no_rollout_outcome_supported_decisive_generator,medium_delay_yaw_evidence,T4_variable_diagnostic_delay|medium_delay_yaw_evidence|medium|tight|straight_or_low|actuator_delay|high,m2060_t4_025,,,,,osd_v0_0193_t4,smoke_proxy,t4_actuator_delay_response,true,false,L0_current_masked,runs/m1674_controller_family_one_seed_public_pilot/configs/L0_current_masked_seed167400.json,runs/m1674_controller_family_one_seed_public_pilot/profile_runs/L0_current_masked/seed_167400/checkpoint.pt,210345,True,True,True,True,True,False,False,False,False,False,False,False,False,False,False,False,aes_feasible
210346,checkpoint,48,True,False,0.4177218636670007,0.7172368819393629,1582.429777427229,1.0913308809842959,0.9235684922746122,0.03196807009064884,1.1851570167915728,1.0847116821785263,0.8321348317031588,2.285347078801723,2.285347078801723,10,True,True,drift_required,True,False,1.5080112172852125,1.6298238766055464,-0.12181265932033392,obstacle_collision,False,obstacle_collision,collision_failure,1.3900030306592868,0.028958396472068475,1.637191671221148,3.1088449987296585,0.14032552154608213,0.045079699518755664,0.0,17.401865647513663,0.0028809390496462584,1,nan,nan,0.02,4.4,nan,nan,nan,nan,False,nan,0.045079699518755664,0.27098699897280676,False,False,17.1298884887206,0.0012160334599774338,0.0585889386969161,17.74541869592195,17.74541869592195,0.0,nan,0.0,48,1.637191671221148,0.14032552154608213,17.401865647513663,0.028958396472068475,0,nan,nan,nan,nan,0,nan,nan,nan,nan,m2063-osd-osd_v0_0193_t4::L1_one_step,m2063-osd-osd_v0_0193_t4,osd_v0_0193_t4,T4_variable_diagnostic_delay,m2060_no_rollout_outcome_supported_decisive_generator,medium_delay_yaw_evidence,T4_variable_diagnostic_delay|medium_delay_yaw_evidence|medium|tight|straight_or_low|actuator_delay|high,m2060_t4_025,,,,,osd_v0_0193_t4,smoke_proxy,t4_actuator_delay_response,true,false,L1_one_step,runs/m1674_controller_family_one_seed_public_pilot/configs/L1_one_step_seed167400.json,runs/m1674_controller_family_one_seed_public_pilot/profile_runs/L1_one_step/seed_167400/checkpoint.pt,210346,False,True,True,True,True,False,False,False,False,False,False,False,False,False,False,False,drift_required
210347,checkpoint,54,True,False,0.5197605097778859,0.5293770106085507,1640.5562512872687,1.1314181043360474,1.2549498519117401,-0.13260685829952945,1.1201006670870304,0.5831460883518499,1.2389424481250022,2.1319107595486138,2.1319107595486138,35,True,True,aes_feasible,False,False,4.954817690327454,1.8072178037121303,3.147599886615324,off_track,False,off_track,off_track_noncollision_noncompletion,22.09241391367864,0.4091187761792341,2.1110148742353188,4.430896807015543,0.08578261751454687,0.32930823640967793,0.0,14.675234612096164,0.003766259178519249,1,nan,nan,0.02,4.4,nan,nan,nan,nan,False,nan,0.32930823640967793,1.2396399932366196,False,False,nan,nan,nan,nan,0.0,0.03089680701554265,1.08,0.03089680701554265,54,2.1110148742353188,0.08578261751454687,14.675234612096164,0.4091187761792341,0,nan,nan,nan,nan,0,nan,nan,nan,nan,m2063-osd-osd_v0_0193_t4::L2_window_50,m2063-osd-osd_v0_0193_t4,osd_v0_0193_t4,T4_variable_diagnostic_delay,m2060_no_rollout_outcome_supported_decisive_generator,medium_delay_yaw_evidence,T4_variable_diagnostic_delay|medium_delay_yaw_evidence|medium|tight|straight_or_low|actuator_delay|high,m2060_t4_025,,,,,osd_v0_0193_t4,smoke_proxy,t4_actuator_delay_response,true,false,L2_window_50,runs/m1674_controller_family_one_seed_public_pilot/configs/L2_window_50_seed167400.json,runs/m1674_controller_family_one_seed_public_pilot/profile_runs/L2_window_50/seed_167400/checkpoint.pt,210347,False,True,True,True,True,False,False,False,False,False,False,False,False,False,False,False,aes_feasible
210348,checkpoint,67,False,True,0.9554840908668285,0.5022526802799868,1438.0590175145019,0.9917648396651737,0.8831893165652767,-0.06387291876441847,1.2422197723367754,0.6692894071323395,1.2563845173481416,2.0401200055576254,2.0401200055576254,30,True,True,drift_required,False,True,3.271918765052042,1.826648272358548,1.445270492693494,,True,obstacle_pass,success_obstacle_pass,96.46233370739532,1.4397363239909748,0.15399682042190363,0.4105055611189954,0.2654722939565754,0.9371717658037048,0.40298507462686567,16.19844789308619,0.0019806907512247562,1,nan,nan,0.02,4.4,67.0,1.34,nan,nan,False,nan,0.9371717658037048,1.945673261224352,True,False,nan,nan,nan,nan,0.0,0.0,nan,0.0,67,0.15399682042190363,0.2654722939565754,16.19844789308619,1.4397363239909748,0,nan,nan,nan,nan,0,nan,nan,nan,nan,m2063-osd-osd_v0_0193_t4::L3_online_gru,m2063-osd-osd_v0_0193_t4,osd_v0_0193_t4,T4_variable_diagnostic_delay,m2060_no_rollout_outcome_supported_decisive_generator,medium_delay_yaw_evidence,T4_variable_diagnostic_delay|medium_delay_yaw_evidence|medium|tight|straight_or_low|actuator_delay|high,m2060_t4_025,,,,,osd_v0_0193_t4,smoke_proxy,t4_actuator_delay_response,true,false,L3_online_gru,runs/m1674_controller_family_one_seed_public_pilot/configs/L3_online_gru_seed167400.json,runs/m1674_controller_family_one_seed_public_pilot/profile_runs/L3_online_gru/seed_167400/checkpoint.pt,210348,True,True,True,True,True,False,False,False,False,False,False,False,False,False,False,False,drift_required
210349,checkpoint,43,True,False,0.4381573832779839,0.6281464167426166,1464.2456991987203,1.0098246201370484,0.8439890545275509,-0.02515034722208953,1.0429324769153179,0.6426916448115318,0.6164510247262682,2.71443159221273,2.71443159221273,12,True,True,drift_required,True,False,1.510223038863569,1.7579071665585813,-0.24768412769501236,obstacle_collision,False,obstacle_collision,collision_failure,9.431595972871506,0.21933944122956991,0.6879464026750644,1.3496698630745811,0.2994921574729924,0.008106250690138556,0.0,16.18747130358614,0.0011541243875399232,1,nan,nan,0.02,4.4,nan,nan,nan,nan,False,nan,0.008106250690138556,0.21533361661686665,False,False,16.380361946576837,0.003144946445703502,0.15176432611889168,17.63553149088664,17.63553149088664,0.0,nan,0.0,43,0.6879464026750644,0.2994921574729924,16.18747130358614,0.21933944122956991,0,nan,nan,nan,nan,0,nan,nan,nan,nan,m2063-osd-osd_v0_0193_t4::L3_reset_control_corrected,m2063-osd-osd_v0_0193_t4,osd_v0_0193_t4,T4_variable_diagnostic_delay,m2060_no_rollout_outcome_supported_decisive_generator,medium_delay_yaw_evidence,T4_variable_diagnostic_delay|medium_delay_yaw_evidence|medium|tight|straight_or_low|actuator_delay|high,m2060_t4_025,,,,,osd_v0_0193_t4,smoke_proxy,t4_actuator_delay_response,true,false,L3_reset_control_corrected,runs/m1674_controller_family_one_seed_public_pilot/configs/L3_reset_control_corrected_seed167400.json,runs/m1674_controller_family_one_seed_public_pilot/profile_runs/L3_reset_control_corrected/seed_167400/checkpoint.pt,210349,False,True,True,True,True,False,False,False,False,False,False,False,False,False,False,False,drift_required
210350,checkpoint,6,True,False,0.9759501504994517,0.9759501504994517,1214.4261846144755,0.837535299734121,1.00114441442775,-0.09552677960952827,0.6601991954044271,0.7241538515498744,1.0178653655409924,0.795939763924427,0.795939763924427,9,False,True,unavoidable,True,False,1.3849351082214862,1.4953181086012375,-0.11038300037975124,obstacle_collision,False,obstacle_collision,collision_failure,-25.728517005157666,-4.288086167526278,0.3251468731049468,0.3261052688832997,0.01677988051624698,0.045494396512576356,0.0,8.144989631422485,0.0012303270632401109,1,nan,nan,0.02,7.0,nan,nan,nan,nan,False,nan,0.045494396512576356,0.2018632886929203,False,False,8.183259864924278,0.018420945240514453,0.03291835192722733,8.747677174636014,8.747677174636014,0.0,nan,0.0,6,0.3251468731049468,0.01677988051624698,8.144989631422485,-4.288086167526278,0,nan,nan,nan,nan,0,nan,nan,nan,nan,m2063-osd-osd_v0_0194_t4::L0_current_masked,m2063-osd-osd_v0_0194_t4,osd_v0_0194_t4,T4_variable_diagnostic_delay,m2060_no_rollout_outcome_supported_decisive_generator,long_delay_steer_lag_evidence,T4_variable_diagnostic_delay|long_delay_steer_lag_evidence|late|generous|moderate|nominal_mu|low,m2060_t4_026,,,,,osd_v0_0194_t4,smoke_proxy,t4_actuator_delay_response,true,false,L0_current_masked,runs/m1674_controller_family_one_seed_public_pilot/configs/L0_current_masked_seed167400.json,runs/m1674_controller_family_one_seed_public_pilot/profile_runs/L0_current_masked/seed_167400/checkpoint.pt,210350,False,True,True,True,True,False,False,False,False,False,False,False,False,False,False,False,unavoidable
210351,checkpoint,10,True,False,0.8653507396451473,0.8653507396451473,1595.799691615135,1.1005515114587139,0.8750585670228367,-0.13819202779995376,0.7272206957925271,0.6371485113481805,0.9366441540363131,1.0096910321358177,1.0096910321358177,12,False,True,unavoidable,True,False,1.1157269892294683,1.2393328454105412,-0.12360585618107289,obstacle_collision,False,obstacle_collision,collision_failure,-22.311025916219755,-2.2311025916219753,0.5943799432900226,0.6306346622564263,0.17679763016020822,0.014066597116319995,0.0,7.230609457739296,0.0025793584063649178,1,nan,nan,0.02,7.0,nan,nan,nan,nan,False,nan,0.014066597116319995,0.15127517293507206,False,False,7.290003592416748,0.001007907675967397,0.006383156517158211,7.909175142811812,7.909175142811812,0.0,nan,0.0,10,0.5943799432900226,0.17679763016020822,7.230609457739296,-2.2311025916219753,0,nan,nan,nan,nan,0,nan,nan,nan,nan,m2063-osd-osd_v0_0194_t4::L1_one_step,m2063-osd-osd_v0_0194_t4,osd_v0_0194_t4,T4_variable_diagnostic_delay,m2060_no_rollout_outcome_supported_decisive_generator,long_delay_steer_lag_evidence,T4_variable_diagnostic_delay|long_delay_steer_lag_evidence|late|generous|moderate|nominal_mu|low,m2060_t4_026,,,,,osd_v0_0194_t4,smoke_proxy,t4_actuator_delay_response,true,false,L1_one_step,runs/m1674_controller_family_one_seed_public_pilot/configs/L1_one_step_seed167400.json,runs/m1674_controller_family_one_seed_public_pilot/profile_runs/L1_one_step/seed_167400/checkpoint.pt,210351,False,True,True,True,True,False,False,False,False,False,False,False,False,False,False,False,unavoidable
210352,checkpoint,2,True,False,0.7752311456862772,0.7752311456862772,1432.7754747168005,0.9881210170460694,0.9357568387206762,0.05629505445357785,0.6189183330852143,1.2732967183709225,0.8309895414058603,1.012117135275492,1.012117135275492,8,False,True,unavoidable,True,False,1.8382086503916595,1.877335172846414,-0.039126522454754564,obstacle_collision,False,obstacle_collision,collision_failure,-30.92269424710956,-15.46134712355478,0.08479734342484735,0.0857800712203236,0.22875303281420187,0.014949692683734432,0.0,8.32086131467586,0.017185362055897713,1,nan,nan,0.02,7.0,nan,nan,nan,nan,False,nan,0.014949692683734432,0.18787147120900516,False,False,8.313907946196133,0.00599581726486179,0.11532735904189602,8.524071203006526,8.524071203006526,0.0,nan,0.0,2,0.08479734342484735,0.22875303281420187,8.32086131467586,-15.46134712355478,0,nan,nan,nan,nan,0,nan,nan,nan,nan,m2063-osd-osd_v0_0194_t4::L2_window_50,m2063-osd-osd_v0_0194_t4,osd_v0_0194_t4,T4_variable_diagnostic_delay,m2060_no_rollout_outcome_supported_decisive_generator,long_delay_steer_lag_evidence,T4_variable_diagnostic_delay|long_delay_steer_lag_evidence|late|generous|moderate|nominal_mu|low,m2060_t4_026,,,,,osd_v0_0194_t4,smoke_proxy,t4_actuator_delay_response,true,false,L2_window_50,runs/m1674_controller_family_one_seed_public_pilot/configs/L2_window_50_seed167400.json,runs/m1674_controller_family_one_seed_public_pilot/profile_runs/L2_window_50/seed_167400/checkpoint.pt,210352,False,True,True,True,True,False,False,False,False,False,False,False,False,False,False,False,unavoidable
210353,checkpoint,27,True,False,0.5802275369353187,0.8775004166502364,1259.662508244223,0.8687327643063607,0.936354303691163,-0.12350105582524273,0.6064853649687303,0.5773500630279087,1.1073509074097874,0.7856838909634233,0.7856838909634232,8,True,True,unavoidable,True,False,1.3619141140519004,1.503750339363636,-0.14183622531173556,obstacle_collision,False,obstacle_collision,collision_failure,-0.8468462208079188,-0.03136467484473773,0.17843728866001504,0.2493515613050512,0.23870892808921387,0.033297230671998045,0.0,11.437512023657936,0.002678816905245185,1,nan,nan,0.02,7.0,nan,nan,nan,nan,False,nan,0.033297230671998045,0.3123937570788147,False,False,12.029681609611728,0.033297230671998045,0.3123937570788147,12.786750727214287,12.786750727214287,0.0,nan,0.0,27,0.17843728866001504,0.23870892808921387,11.437512023657936,-0.03136467484473773,0,nan,nan,nan,nan,0,nan,nan,nan,nan,m2063-osd-osd_v0_0194_t4::L3_online_gru,m2063-osd-osd_v0_0194_t4,osd_v0_0194_t4,T4_variable_diagnostic_delay,m2060_no_rollout_outcome_supported_decisive_generator,long_delay_steer_lag_evidence,T4_variable_diagnostic_delay|long_delay_steer_lag_evidence|late|generous|moderate|nominal_mu|low,m2060_t4_026,,,,,osd_v0_0194_t4,smoke_proxy,t4_actuator_delay_response,true,false,L3_online_gru,runs/m1674_controller_family_one_seed_public_pilot/configs/L3_online_gru_seed167400.json,runs/m1674_controller_family_one_seed_public_pilot/profile_runs/L3_online_gru/seed_167400/checkpoint.pt,210353,False,True,True,True,True,False,False,False,False,False,False,False,False,False,False,False,unavoidable
210354,checkpoint,12,True,False,0.5776116730940715,0.7865027921380157,1562.2840227741192,1.0774372570855995,0.8761549377489113,-0.019578950020433306,0.6609926469146836,1.060749964106008,0.9147252897083986,0.8730453092582516,0.8730453092582517,12,True,True,unavoidable,True,False,1.493631024983527,1.5873609691165789,-0.09372994413305191,obstacle_collision,False,obstacle_collision,collision_failure,-20.006344335939666,-1.6671953613283055,0.12875680468623724,0.13587663063131572,0.21612305233132925,0.028985860934940468,0.0,8.041304869581474,0.0022225482389330864,1,nan,nan,0.02,7.0,nan,nan,nan,nan,False,nan,0.028985860934940468,0.19813762642754287,False,False,8.107962596896977,0.010730420696924441,0.10468553433779397,8.592446081344479,8.592446081344479,0.0,nan,0.0,12,0.12875680468623724,0.21612305233132925,8.041304869581474,-1.6671953613283055,0,nan,nan,nan,nan,0,nan,nan,nan,nan,m2063-osd-osd_v0_0194_t4::L3_reset_control_corrected,m2063-osd-osd_v0_0194_t4,osd_v0_0194_t4,T4_variable_diagnostic_delay,m2060_no_rollout_outcome_supported_decisive_generator,long_delay_steer_lag_evidence,T4_variable_diagnostic_delay|long_delay_steer_lag_evidence|late|generous|moderate|nominal_mu|low,m2060_t4_026,,,,,osd_v0_0194_t4,smoke_proxy,t4_actuator_delay_response,true,false,L3_reset_control_corrected,runs/m1674_controller_family_one_seed_public_pilot/configs/L3_reset_control_corrected_seed167400.json,runs/m1674_controller_family_one_seed_public_pilot/profile_runs/L3_reset_control_corrected/seed_167400/checkpoint.pt,210354,False,True,True,True,True,False,False,False,False,False,False,False,False,False,False,False,unavoidable
210355,checkpoint,36,True,False,0.7359155893655802,0.4135460738888864,1369.8861640652278,0.9447490786656744,1.0466877169754316,0.08275850171901178,1.3832074785388264,1.2083337016059903,1.1006500830640236,1.2321071969571342,1.2321071969571342,35,True,True,unavoidable,True,False,1.25400368297768,1.26053893643549,-0.006535253457810031,obstacle_collision,False,obstacle_collision,collision_failure,2.310107649477658,0.06416965692993494,0.4483465053687551,0.9218976452958856,0.29863798920520185,0.06293435427750692,0.0,7.844261626119572,0.0012085692724213004,1,nan,nan,0.02,5.5,nan,nan,nan,nan,False,nan,0.06293435427750692,0.3978699569955483,False,False,7.844393568557113,0.002647406795057649,0.018986251169389793,7.880292164360631,7.880292164360631,0.0,nan,0.0,36,0.4483465053687551,0.29863798920520185,7.844261626119572,0.06416965692993494,0,nan,nan,nan,nan,0,nan,nan,nan,nan,m2063-osd-osd_v0_0195_t4::L0_current_masked,m2063-osd-osd_v0_0195_t4,osd_v0_0195_t4,T4_variable_diagnostic_delay,m2060_no_rollout_outcome_supported_decisive_generator,variable_delay_mixed_authority,T4_variable_diagnostic_delay|variable_delay_mixed_authority|early|nominal|high|low_mu|nominal,m2060_t4_027,,,,,osd_v0_0195_t4,smoke_proxy,t4_actuator_delay_response,true,false,L0_current_masked,runs/m1674_controller_family_one_seed_public_pilot/configs/L0_current_masked_seed167400.json,runs/m1674_controller_family_one_seed_public_pilot/profile_runs/L0_current_masked/seed_167400/checkpoint.pt,210355,False,True,True,True,True,False,False,False,False,False,False,False,False,False,False,False,unavoidable
210356,checkpoint,50,True,False,0.9984280201744107,0.35881658434080843,1185.5273875908167,0.8176050948902184,0.9178633355639008,0.03227120701772246,0.8203847561705493,0.8477187016231387,0.6410409621068321,0.8828217740481714,0.8828217740481715,13,True,True,drift_required,True,False,1.6897344742054416,1.768948390804308,-0.07921391659886634,obstacle_collision,False,obstacle_collision,collision_failure,19.426747652057273,0.38853495304114544,0.27056757139287035,0.6088100513012051,0.05188820318604937,0.03210708523258731,0.0,7.080201984933154,0.0011616843985393643,1,nan,nan,0.02,5.5,nan,nan,nan,nan,False,nan,0.03210708523258731,0.35280893098818017,False,False,6.841521013094311,0.0004902167124056826,0.0032057676428437973,7.23815628120913,7.23815628120913,0.0,nan,0.0,50,0.27056757139287035,0.05188820318604937,7.080201984933154,0.38853495304114544,0,nan,nan,nan,nan,0,nan,nan,nan,nan,m2063-osd-osd_v0_0195_t4::L1_one_step,m2063-osd-osd_v0_0195_t4,osd_v0_0195_t4,T4_variable_diagnostic_delay,m2060_no_rollout_outcome_supported_decisive_generator,variable_delay_mixed_authority,T4_variable_diagnostic_delay|variable_delay_mixed_authority|early|nominal|high|low_mu|nominal,m2060_t4_027,,,,,osd_v0_0195_t4,smoke_proxy,t4_actuator_delay_response,true,false,L1_one_step,runs/m1674_controller_family_one_seed_public_pilot/configs/L1_one_step_seed167400.json,runs/m1674_controller_family_one_seed_public_pilot/profile_runs/L1_one_step/seed_167400/checkpoint.pt,210356,False,True,True,True,True,False,False,False,False,False,False,False,False,False,False,False,drift_required
210357,checkpoint,42,True,False,0.3585162345616822,0.47703090675535786,1637.2378602123968,1.1291295587671701,1.0335139289249171,-0.08812589473569377,1.3736490772260757,1.2363966096371843,0.9370821038204422,1.5065200352052455,1.5065200352052455,29,True,True,drift_required,True,False,1.1834789853362382,1.204125598706062,-0.020646613369823763,obstacle_collision,False,obstacle_collision,collision_failure,5.7101302765473605,0.13595548277493716,0.8665543166633178,1.8422007620128547,0.26062516881373565,0.08177309512840075,0.0,8.297242433386213,0.002541471505537629,1,nan,nan,0.02,5.5,nan,nan,nan,nan,False,nan,0.08177309512840075,0.3884024314835243,False,False,8.184359542114693,0.047038647125455246,0.3672502875003681,8.347836961276577,8.347836961276577,0.0,nan,0.0,42,0.8665543166633178,0.26062516881373565,8.297242433386213,0.13595548277493716,0,nan,nan,nan,nan,0,nan,nan,nan,nan,m2063-osd-osd_v0_0195_t4::L2_window_50,m2063-osd-osd_v0_0195_t4,osd_v0_0195_t4,T4_variable_diagnostic_delay,m2060_no_rollout_outcome_supported_decisive_generator,variable_delay_mixed_authority,T4_variable_diagnostic_delay|variable_delay_mixed_authority|early|nominal|high|low_mu|nominal,m2060_t4_027,,,,,osd_v0_0195_t4,smoke_proxy,t4_actuator_delay_response,true,false,L2_window_50,runs/m1674_controller_family_one_seed_public_pilot/configs/L2_window_50_seed167400.json,runs/m1674_controller_family_one_seed_public_pilot/profile_runs/L2_window_50/seed_167400/checkpoint.pt,210357,False,True,True,True,True,False,False,False,False,False,False,False,False,False,False,False,drift_required
210358,checkpoint,34,True,False,0.3519650570573851,0.5410052792845,1464.8131204596664,1.0102159451445976,1.0261975277373352,0.11862024141707428,0.6277244298940918,0.5980224466524996,0.6454382899122958,0.9851793451708926,0.9851793451708927,31,True,True,unavoidable,True,False,1.2162508720449505,1.3693355649712533,-0.15308469292630278,obstacle_collision,False,obstacle_collision,collision_failure,3.3576338649973216,0.09875393720580358,0.8905500267646375,1.302819964360431,0.10820577235083563,0.013259375729341903,0.0,9.23780221355287,0.002241038018837571,1,nan,nan,0.02,5.5,nan,nan,nan,nan,False,nan,0.013259375729341903,0.42767298900352557,False,False,9.515725267905571,0.004686930058565184,0.16440889007492462,10.29993308657386,10.29993308657386,0.0,nan,0.0,34,0.8905500267646375,0.10820577235083563,9.23780221355287,0.09875393720580358,0,nan,nan,nan,nan,0,nan,nan,nan,nan,m2063-osd-osd_v0_0195_t4::L3_online_gru,m2063-osd-osd_v0_0195_t4,osd_v0_0195_t4,T4_variable_diagnostic_delay,m2060_no_rollout_outcome_supported_decisive_generator,variable_delay_mixed_authority,T4_variable_diagnostic_delay|variable_delay_mixed_authority|early|nominal|high|low_mu|nominal,m2060_t4_027,,,,,osd_v0_0195_t4,smoke_proxy,t4_actuator_delay_response,true,false,L3_online_gru,runs/m1674_controller_family_one_seed_public_pilot/configs/L3_online_gru_seed167400.json,runs/m1674_controller_family_one_seed_public_pilot/profile_runs/L3_online_gru/seed_167400/checkpoint.pt,210358,False,True,True,True,True,False,False,False,False,False,False,False,False,False,False,False,unavoidable
210359,checkpoint,55,False,True,0.4159076807232128,0.43971948552116885,1505.4790913478703,1.038261442308876,1.0313722260121279,0.021684622335883308,1.1524834506483397,0.7015907694985318,0.919402189747643,0.7878224420241593,0.7878224420241593,34,True,True,drift_required,False,True,1.2280683136238397,1.2196235014050676,0.008444812218772135,,True,obstacle_pass,success_obstacle_pass,92.93494003959181,1.689726182538033,0.285554139699937,0.5877720105852262,0.07056296372996405,0.25273226719172326,0.0,8.625256458747975,0.0008830953156575561,1,nan,nan,0.02,5.5,55.0,1.1,nan,nan,False,nan,0.25273226719172326,0.8570069449450458,False,False,nan,nan,nan,nan,0.0,0.0,nan,0.0,55,0.285554139699937,0.07056296372996405,8.625256458747975,1.689726182538033,0,nan,nan,nan,nan,0,nan,nan,nan,nan,m2063-osd-osd_v0_0195_t4::L3_reset_control_corrected,m2063-osd-osd_v0_0195_t4,osd_v0_0195_t4,T4_variable_diagnostic_delay,m2060_no_rollout_outcome_supported_decisive_generator,variable_delay_mixed_authority,T4_variable_diagnostic_delay|variable_delay_mixed_authority|early|nominal|high|low_mu|nominal,m2060_t4_027,,,,,osd_v0_0195_t4,smoke_proxy,t4_actuator_delay_response,true,false,L3_reset_control_corrected,runs/m1674_controller_family_one_seed_public_pilot/configs/L3_reset_control_corrected_seed167400.json,runs/m1674_controller_family_one_seed_public_pilot/profile_runs/L3_reset_control_corrected/seed_167400/checkpoint.pt,210359,True,True,True,True,True,False,False,False,False,False,False,False,False,False,False,False,drift_required
210360,checkpoint,73,True,False,1.0696206014645713,0.29956312682072694,1635.135866054232,1.1276799076236084,0.9900860741869315,0.06755077740248039,0.6445787246517248,0.553217020395105,0.606250471693642,0.7512056533883027,0.7512056533883027,27,True,True,drift_required,True,False,1.6680734793418368,1.7264602654463816,-0.05838678610454484,obstacle_collision,False,obstacle_collision,collision_failure,27.005523178027453,0.36993867367160893,1.4476768650266616,2.999736178294526,0.062285925631030296,0.016669085564831872,0.0,12.310672461927696,0.0012404650915414095,1,nan,nan,0.02,4.4,nan,nan,nan,nan,False,nan,0.016669085564831872,0.1709335720623505,False,False,12.425866418916563,0.00170268527753766,0.055751055726109326,12.724226797650665,12.724226797650665,0.0,nan,0.0,73,1.4476768650266616,0.062285925631030296,12.310672461927696,0.36993867367160893,0,nan,nan,nan,nan,0,nan,nan,nan,nan,m2063-osd-osd_v0_0196_t4::L0_current_masked,m2063-osd-osd_v0_0196_t4,osd_v0_0196_t4,T4_variable_diagnostic_delay,m2060_no_rollout_outcome_supported_decisive_generator,stale_evidence_boundary_check,T4_variable_diagnostic_delay|stale_evidence_boundary_check|medium|tight|straight_or_low|mixed_mu|high,m2060_t4_028,,,,,osd_v0_0196_t4,smoke_proxy,t4_actuator_delay_response,true,false,L0_current_masked,runs/m1674_controller_family_one_seed_public_pilot/configs/L0_current_masked_seed167400.json,runs/m1674_controller_family_one_seed_public_pilot/profile_runs/L0_current_masked/seed_167400/checkpoint.pt,210360,False,True,True,True,True,False,False,False,False,False,False,False,False,False,False,False,drift_required
210361,checkpoint,52,True,False,1.044137054241629,0.8254495414006695,1554.4327732369645,1.0720226022323893,1.121834099193077,0.002472218525184644,0.7503143623805766,0.6333590764440328,0.9038719543368361,1.359052702066393,1.359052702066393,40,True,True,aes_feasible,True,False,1.3626447587492243,1.445400949468076,-0.08275619071885165,obstacle_collision,False,obstacle_collision,collision_failure,-3.3850229904407634,-0.06509659597001469,1.9054096679020085,3.9570626858871307,0.2812025966110496,0.027840530543440774,0.0,18.477574214266493,0.0020409279968589544,1,nan,nan,0.02,4.4,nan,nan,nan,nan,False,nan,0.027840530543440774,0.27539398311023927,False,False,18.831593899832786,0.006012803818183175,0.07377144896483917,19.25575840023262,19.25575840023262,0.0,nan,0.0,52,1.9054096679020085,0.2812025966110496,18.477574214266493,-0.06509659597001469,0,nan,nan,nan,nan,0,nan,nan,nan,nan,m2063-osd-osd_v0_0196_t4::L1_one_step,m2063-osd-osd_v0_0196_t4,osd_v0_0196_t4,T4_variable_diagnostic_delay,m2060_no_rollout_outcome_supported_decisive_generator,stale_evidence_boundary_check,T4_variable_diagnostic_delay|stale_evidence_boundary_check|medium|tight|straight_or_low|mixed_mu|high,m2060_t4_028,,,,,osd_v0_0196_t4,smoke_proxy,t4_actuator_delay_response,true,false,L1_one_step,runs/m1674_controller_family_one_seed_public_pilot/configs/L1_one_step_seed167400.json,runs/m1674_controller_family_one_seed_public_pilot/profile_runs/L1_one_step/seed_167400/checkpoint.pt,210361,False,True,True,True,True,False,False,False,False,False,False,False,False,False,False,False,aes_feasible
210362,checkpoint,52,True,False,1.0956434344959534,0.6646924337847319,1843.0775337555467,1.2710879543141702,0.8651537523389703,0.06922226699807399,0.8311222423398599,0.8032199947520917,0.7813105364716495,2.195694865323329,2.195694865323329,15,True,True,drift_required,False,False,1.9336255729382454,1.729791286671578,0.20383428626666733,off_track,False,off_track,off_track_noncollision_noncompletion,19.542635952214923,0.37581992215797927,1.985409261333838,4.411589656993726,0.040142737949512994,0.04884639490963476,0.0,14.048162638051675,0.003190369810909033,1,nan,nan,0.02,4.4,nan,nan,nan,nan,False,nan,0.04884639490963476,0.6109200773957282,False,False,nan,nan,nan,nan,0.0,0.011589656993725939,1.04,0.011589656993725939,52,1.985409261333838,0.040142737949512994,14.048162638051675,0.37581992215797927,0,nan,nan,nan,nan,0,nan,nan,nan,nan,m2063-osd-osd_v0_0196_t4::L2_window_50,m2063-osd-osd_v0_0196_t4,osd_v0_0196_t4,T4_variable_diagnostic_delay,m2060_no_rollout_outcome_supported_decisive_generator,stale_evidence_boundary_check,T4_variable_diagnostic_delay|stale_evidence_boundary_check|medium|tight|straight_or_low|mixed_mu|high,m2060_t4_028,,,,,osd_v0_0196_t4,smoke_proxy,t4_actuator_delay_response,true,false,L2_window_50,runs/m1674_controller_family_one_seed_public_pilot/configs/L2_window_50_seed167400.json,runs/m1674_controller_family_one_seed_public_pilot/profile_runs/L2_window_50/seed_167400/checkpoint.pt,210362,False,True,True,True,True,False,False,False,False,False,False,False,False,False,False,False,drift_required
210363,checkpoint,54,False,True,0.9441767368172891,0.777430677327071,1430.7618153350966,0.9867322864379976,0.9700128957723949,-0.05083259283732433,0.8613052455112971,1.1143255327091293,1.0448437733934735,1.630251396274399,1.630251396274399,19,True,True,drift_required,False,True,1.931187246774846,1.4857501718042156,0.44543707497063045,,True,obstacle_pass,success_obstacle_pass,64.76224169611032,1.1993007721501912,0.9459952790172727,1.7212753120614082,0.27526006246548756,0.024769068734610506,0.0,18.80583831916697,0.0015469767386093736,1,nan,nan,0.02,4.4,54.0,1.08,54.0,1.08,True,0.0,0.024769068734610506,0.2665917143967428,False,True,nan,nan,nan,nan,0.0,0.0,nan,0.0,54,0.9459952790172727,0.27526006246548756,18.80583831916697,1.1993007721501912,0,nan,nan,nan,nan,0,nan,nan,nan,nan,m2063-osd-osd_v0_0196_t4::L3_online_gru,m2063-osd-osd_v0_0196_t4,osd_v0_0196_t4,T4_variable_diagnostic_delay,m2060_no_rollout_outcome_supported_decisive_generator,stale_evidence_boundary_check,T4_variable_diagnostic_delay|stale_evidence_boundary_check|medium|tight|straight_or_low|mixed_mu|high,m2060_t4_028,,,,,osd_v0_0196_t4,smoke_proxy,t4_actuator_delay_response,true,false,L3_online_gru,runs/m1674_controller_family_one_seed_public_pilot/configs/L3_online_gru_seed167400.json,runs/m1674_controller_family_one_seed_public_pilot/profile_runs/L3_online_gru/seed_167400/checkpoint.pt,210363,True,True,True,True,True,False,False,False,False,False,False,False,False,False,False,False,drift_required
210364,checkpoint,33,True,False,0.8138757296231356,1.0353331099300918,1587.7509562163852,1.095000659459576,1.1931082413873486,0.12408392584496686,1.1089288989688395,1.0637170622223548,1.0979873627837067,2.096455938820931,2.096455938820931,29,True,True,drift_required,True,False,1.5245161550223394,1.6817107620420373,-0.1571946070196979,obstacle_collision,False,obstacle_collision,collision_failure,4.079149070994966,0.12361057790893835,0.24011612741920615,0.3663356994729483,0.08840976905301788,0.048397704160944355,0.0,14.639521230399025,0.000872503500431776,1,nan,nan,0.02,4.4,nan,nan,nan,nan,False,nan,0.048397704160944355,0.21148326025974312,False,False,14.96181537857295,0.002435698219901234,0.17712983843374874,15.766719246624765,15.766719246624765,0.0,nan,0.0,33,0.24011612741920615,0.08840976905301788,14.639521230399025,0.12361057790893835,0,nan,nan,nan,nan,0,nan,nan,nan,nan,m2063-osd-osd_v0_0196_t4::L3_reset_control_corrected,m2063-osd-osd_v0_0196_t4,osd_v0_0196_t4,T4_variable_diagnostic_delay,m2060_no_rollout_outcome_supported_decisive_generator,stale_evidence_boundary_check,T4_variable_diagnostic_delay|stale_evidence_boundary_check|medium|tight|straight_or_low|mixed_mu|high,m2060_t4_028,,,,,osd_v0_0196_t4,smoke_proxy,t4_actuator_delay_response,true,false,L3_reset_control_corrected,runs/m1674_controller_family_one_seed_public_pilot/configs/L3_reset_control_corrected_seed167400.json,runs/m1674_controller_family_one_seed_public_pilot/profile_runs/L3_reset_control_corrected/seed_167400/checkpoint.pt,210364,False,True,True,True,True,False,False,False,False,False,False,False,False,False,False,False,drift_required
210365,checkpoint,30,True,False,0.7430362052479869,0.7797437824629132,1665.4067318600664,1.1485563668000458,1.0841537130220291,-0.07096200959036314,1.260669459816321,0.9992277545149439,0.7579602381738327,2.3647312376060317,2.3647312376060317,21,True,True,unavoidable,True,False,1.5263509519786473,1.6471593122748076,-0.12080836029616027,obstacle_collision,False,obstacle_collision,collision_failure,-2.8529262381463028,-0.09509754127154342,0.15575552107932628,0.3279670623772759,0.3051868012462429,0.005042759111009031,0.0,10.104603411478553,0.0014963609864935279,1,nan,nan,0.02,7.0,nan,nan,nan,nan,False,nan,0.005042759111009031,0.22905401755821794,False,False,9.994378820284913,0.00014185811667094815,0.001499181064701558,10.59864146893052,10.59864146893052,0.0,nan,0.0,30,0.15575552107932628,0.3051868012462429,10.104603411478553,-0.09509754127154342,0,nan,nan,nan,nan,0,nan,nan,nan,nan,m2063-osd-osd_v0_0197_t4::L0_current_masked,m2063-osd-osd_v0_0197_t4,osd_v0_0197_t4,T4_variable_diagnostic_delay,m2060_no_rollout_outcome_supported_decisive_generator,delayed_obstacle_reveal_response,T4_variable_diagnostic_delay|delayed_obstacle_reveal_response|late|generous|moderate|actuator_delay|low,m2060_t4_029,,,,,osd_v0_0197_t4,smoke_proxy,t4_actuator_delay_response,true,false,L0_current_masked,runs/m1674_controller_family_one_seed_public_pilot/configs/L0_current_masked_seed167400.json,runs/m1674_controller_family_one_seed_public_pilot/profile_runs/L0_current_masked/seed_167400/checkpoint.pt,210365,False,True,True,True,True,False,False,False,False,False,False,False,False,False,False,False,unavoidable
210366,checkpoint,29,True,False,0.874731997103678,0.5978335558154182,1405.9678895045502,0.9696330272445174,0.8123508757703015,0.1269155771824939,0.8029059651026618,1.101346956606966,0.6632453729732356,1.9081082783755534,1.9081082783755534,29,True,True,unavoidable,True,False,1.2103809270791794,1.324153162580921,-0.11377223550174165,obstacle_collision,False,obstacle_collision,collision_failure,-2.822849849974645,-0.09733964999912569,0.4679585404445342,0.5436386755008158,0.18640393649097736,0.0029928137642907062,0.0,7.541067862256841,0.0014393363380804658,1,nan,nan,0.02,7.0,nan,nan,nan,nan,False,nan,0.0029928137642907062,0.1670452597923755,False,False,7.274104180192421,0.0029928137642907062,0.02500176150073045,7.8469619407333475,7.8469619407333475,0.0,nan,0.0,29,0.4679585404445342,0.18640393649097736,7.541067862256841,-0.09733964999912569,0,nan,nan,nan,nan,0,nan,nan,nan,nan,m2063-osd-osd_v0_0197_t4::L1_one_step,m2063-osd-osd_v0_0197_t4,osd_v0_0197_t4,T4_variable_diagnostic_delay,m2060_no_rollout_outcome_supported_decisive_generator,delayed_obstacle_reveal_response,T4_variable_diagnostic_delay|delayed_obstacle_reveal_response|late|generous|moderate|actuator_delay|low,m2060_t4_029,,,,,osd_v0_0197_t4,smoke_proxy,t4_actuator_delay_response,true,false,L1_one_step,runs/m1674_controller_family_one_seed_public_pilot/configs/L1_one_step_seed167400.json,runs/m1674_controller_family_one_seed_public_pilot/profile_runs/L1_one_step/seed_167400/checkpoint.pt,210366,False,True,True,True,True,False,False,False,False,False,False,False,False,False,False,False,unavoidable
210367,checkpoint,26,True,False,0.4414213206493158,0.7578877830387548,1320.0957876671484,0.9104108880463093,0.8249001006472254,0.07535880265461992,1.1827421138891763,1.1336964812124777,1.1544850991719202,2.5907348285920078,2.5907348285920078,23,True,True,unavoidable,True,False,0.9999054876112277,1.1571702348481425,-0.15726474723691486,obstacle_collision,False,obstacle_collision,collision_failure,-4.717754396706187,-0.1814520921810072,0.2798213435412587,0.33894198297867106,0.18174352860563034,0.045647541685334976,0.0,8.476797360586021,0.0029470406007021666,1,nan,nan,0.02,7.0,nan,nan,nan,nan,False,nan,0.045647541685334976,0.38991066942627683,False,False,8.542964999968119,0.04204728093689941,0.38991066942627683,9.38930344356377,9.38930344356377,0.0,nan,0.0,26,0.2798213435412587,0.18174352860563034,8.476797360586021,-0.1814520921810072,0,nan,nan,nan,nan,0,nan,nan,nan,nan,m2063-osd-osd_v0_0197_t4::L2_window_50,m2063-osd-osd_v0_0197_t4,osd_v0_0197_t4,T4_variable_diagnostic_delay,m2060_no_rollout_outcome_supported_decisive_generator,delayed_obstacle_reveal_response,T4_variable_diagnostic_delay|delayed_obstacle_reveal_response|late|generous|moderate|actuator_delay|low,m2060_t4_029,,,,,osd_v0_0197_t4,smoke_proxy,t4_actuator_delay_response,true,false,L2_window_50,runs/m1674_controller_family_one_seed_public_pilot/configs/L2_window_50_seed167400.json,runs/m1674_controller_family_one_seed_public_pilot/profile_runs/L2_window_50/seed_167400/checkpoint.pt,210367,False,True,True,True,True,False,False,False,False,False,False,False,False,False,False,False,unavoidable
210368,checkpoint,22,True,False,0.6784478519698305,0.7813091664399355,1684.5460074014234,1.1617558671733954,1.2072081473786656,-0.1319538542074501,0.7159680865746473,1.2391191501721355,1.2775548516374924,1.8328670716619195,1.8328670716619195,17,True,True,unavoidable,True,False,1.2107047617288056,1.239205736686679,-0.028500974957873515,obstacle_collision,False,obstacle_collision,collision_failure,-8.923276598348671,-0.40560348174312144,0.36696682380048545,0.3737662411132803,0.2597594207341372,0.0347141959430544,0.0,8.24299378513568,0.003369753248989582,1,nan,nan,0.02,7.0,nan,nan,nan,nan,False,nan,0.0347141959430544,0.20525314534730962,False,False,8.506405129196677,0.010268831372098846,0.09553754510735839,8.663598174182829,8.663598174182829,0.0,nan,0.0,22,0.36696682380048545,0.2597594207341372,8.24299378513568,-0.40560348174312144,0,nan,nan,nan,nan,0,nan,nan,nan,nan,m2063-osd-osd_v0_0197_t4::L3_online_gru,m2063-osd-osd_v0_0197_t4,osd_v0_0197_t4,T4_variable_diagnostic_delay,m2060_no_rollout_outcome_supported_decisive_generator,delayed_obstacle_reveal_response,T4_variable_diagnostic_delay|delayed_obstacle_reveal_response|late|generous|moderate|actuator_delay|low,m2060_t4_029,,,,,osd_v0_0197_t4,smoke_proxy,t4_actuator_delay_response,true,false,L3_online_gru,runs/m1674_controller_family_one_seed_public_pilot/configs/L3_online_gru_seed167400.json,runs/m1674_controller_family_one_seed_public_pilot/profile_runs/L3_online_gru/seed_167400/checkpoint.pt,210368,False,True,True,True,True,False,False,False,False,False,False,False,False,False,False,False,unavoidable
210369,checkpoint,32,True,False,1.1242962014239586,0.5332399664909018,1458.3713304913344,1.0057733313733341,1.2741704278748858,0.10131198659319951,1.1057776532544832,0.8743791907974471,1.0090601950283886,2.476576923129805,2.476576923129805,30,True,True,unavoidable,True,False,1.2875476068254752,1.2922999143485754,-0.0047523075231001854,obstacle_collision,False,obstacle_collision,collision_failure,4.108419509877695,0.12838810968367798,0.26516668757761014,0.4693088789529867,0.08689269540349967,0.01246014217080691,0.0,8.13545819601615,0.0009657955379225314,1,nan,nan,0.02,7.0,nan,nan,nan,nan,False,nan,0.01246014217080691,0.1895525836796789,False,False,8.507512718186206,0.01246014217080691,0.11611002693538892,8.549115329580648,8.549115329580648,0.0,nan,0.0,32,0.26516668757761014,0.08689269540349967,8.13545819601615,0.12838810968367798,0,nan,nan,nan,nan,0,nan,nan,nan,nan,m2063-osd-osd_v0_0197_t4::L3_reset_control_corrected,m2063-osd-osd_v0_0197_t4,osd_v0_0197_t4,T4_variable_diagnostic_delay,m2060_no_rollout_outcome_supported_decisive_generator,delayed_obstacle_reveal_response,T4_variable_diagnostic_delay|delayed_obstacle_reveal_response|late|generous|moderate|actuator_delay|low,m2060_t4_029,,,,,osd_v0_0197_t4,smoke_proxy,t4_actuator_delay_response,true,false,L3_reset_control_corrected,runs/m1674_controller_family_one_seed_public_pilot/configs/L3_reset_control_corrected_seed167400.json,runs/m1674_controller_family_one_seed_public_pilot/profile_runs/L3_reset_control_corrected/seed_167400/checkpoint.pt,210369,False,True,True,True,True,False,False,False,False,False,False,False,False,False,False,False,unavoidable
210370,checkpoint,23,True,False,0.8104748982626424,0.9719005181392962,1493.0401691023417,1.0296828752429943,1.1166506716421316,-0.03444134361546203,1.0502439438327695,1.072064911062185,1.265374614856659,0.937478239662274,0.9374782396622738,15,True,True,unavoidable,True,False,1.3735066099484945,1.509753679121411,-0.1362470691729165,obstacle_collision,False,obstacle_collision,collision_failure,-9.778750632350796,-0.42516307097177375,0.4146605290583494,0.8548735685176503,0.29113984882700444,0.028740453690039525,0.0,11.363733024503203,0.005123380105942488,1,nan,nan,0.02,5.5,nan,nan,nan,nan,False,nan,0.028740453690039525,0.5116669505299682,False,False,11.521591651569649,0.0016968359140499755,0.0312586166001127,12.206801277051268,12.206801277051268,0.0,nan,0.0,23,0.4146605290583494,0.29113984882700444,11.363733024503203,-0.42516307097177375,0,nan,nan,nan,nan,0,nan,nan,nan,nan,m2063-osd-osd_v0_0198_t4::L0_current_masked,m2063-osd-osd_v0_0198_t4,osd_v0_0198_t4,T4_variable_diagnostic_delay,m2060_no_rollout_outcome_supported_decisive_generator,short_delay_brake_evidence,T4_variable_diagnostic_delay|short_delay_brake_evidence|early|nominal|high|nominal_mu|nominal,m2060_t4_030,,,,,osd_v0_0198_t4,smoke_proxy,t4_actuator_delay_response,true,false,L0_current_masked,runs/m1674_controller_family_one_seed_public_pilot/configs/L0_current_masked_seed167400.json,runs/m1674_controller_family_one_seed_public_pilot/profile_runs/L0_current_masked/seed_167400/checkpoint.pt,210370,False,True,True,True,True,False,False,False,False,False,False,False,False,False,False,False,unavoidable
210371,checkpoint,22,True,False,0.3268906007246914,0.970454880119052,1272.0567837251847,0.8772805405001274,1.060845366837019,0.10522981388656216,1.0660534583231012,1.1201508427606122,0.9371212527669964,1.096189053365924,1.096189053365924,13,True,True,unavoidable,True,False,1.0915872884059459,1.221182963507843,-0.12959567510189718,obstacle_collision,False,obstacle_collision,collision_failure,-9.859616214744296,-0.448164373397468,0.1344378640903986,0.21208785409387332,0.19022952343124155,0.032923110381975255,0.0,10.921484520879174,0.005789712071418762,1,nan,nan,0.02,5.5,nan,nan,nan,nan,False,nan,0.032923110381975255,0.5105131783682748,False,False,10.843840654754475,0.0046136092960133365,0.07480382471264131,11.501606217383232,11.501606217383232,0.0,nan,0.0,22,0.1344378640903986,0.19022952343124155,10.921484520879174,-0.448164373397468,0,nan,nan,nan,nan,0,nan,nan,nan,nan,m2063-osd-osd_v0_0198_t4::L1_one_step,m2063-osd-osd_v0_0198_t4,osd_v0_0198_t4,T4_variable_diagnostic_delay,m2060_no_rollout_outcome_supported_decisive_generator,short_delay_brake_evidence,T4_variable_diagnostic_delay|short_delay_brake_evidence|early|nominal|high|nominal_mu|nominal,m2060_t4_030,,,,,osd_v0_0198_t4,smoke_proxy,t4_actuator_delay_response,true,false,L1_one_step,runs/m1674_controller_family_one_seed_public_pilot/configs/L1_one_step_seed167400.json,runs/m1674_controller_family_one_seed_public_pilot/profile_runs/L1_one_step/seed_167400/checkpoint.pt,210371,False,True,True,True,True,False,False,False,False,False,False,False,False,False,False,False,unavoidable
210372,checkpoint,23,True,False,0.9319635341214412,1.028379845993903,1495.2694777857046,1.0312203295073825,0.9592135620684823,0.09361687840022781,0.8536667927755448,1.268753239038006,0.7598747881519722,1.1658403803046782,1.1658403803046782,16,True,True,unavoidable,True,False,1.384353436722991,1.3907719714316267,-0.006418534708635626,obstacle_collision,False,obstacle_collision,collision_failure,-10.733450103959164,-0.46667174365039843,0.33407692132018413,0.7585036061449948,0.2703378763324337,0.03349161965855199,0.0,9.790805911004979,0.0047655957750976086,1,nan,nan,0.02,5.5,nan,nan,nan,nan,False,nan,0.03349161965855199,0.5017861971747571,False,False,9.561192496292907,0.02975829753421386,0.5017861971747571,9.65834293832067,9.65834293832067,0.0,nan,0.0,23,0.33407692132018413,0.2703378763324337,9.790805911004979,-0.46667174365039843,0,nan,nan,nan,nan,0,nan,nan,nan,nan,m2063-osd-osd_v0_0198_t4::L2_window_50,m2063-osd-osd_v0_0198_t4,osd_v0_0198_t4,T4_variable_diagnostic_delay,m2060_no_rollout_outcome_supported_decisive_generator,short_delay_brake_evidence,T4_variable_diagnostic_delay|short_delay_brake_evidence|early|nominal|high|nominal_mu|nominal,m2060_t4_030,,,,,osd_v0_0198_t4,smoke_proxy,t4_actuator_delay_response,true,false,L2_window_50,runs/m1674_controller_family_one_seed_public_pilot/configs/L2_window_50_seed167400.json,runs/m1674_controller_family_one_seed_public_pilot/profile_runs/L2_window_50/seed_167400/checkpoint.pt,210372,False,True,True,True,True,False,False,False,False,False,False,False,False,False,False,False,unavoidable
210373,checkpoint,27,True,False,0.4315585941496173,0.8369668397926261,1270.9817768878436,0.8765391564743749,1.2936433070502553,-0.08988286306482296,0.6813234731355299,0.7561152509084741,0.7079938532732925,1.34563209166739,1.34563209166739,17,True,True,unavoidable,True,False,1.2739380078677305,1.287993536516785,-0.01405552864905446,obstacle_collision,False,obstacle_collision,collision_failure,-3.7420802652710883,-0.13859556538041068,0.7696095482453487,1.0204905443911727,0.16394776333873082,0.057416294699345845,0.0,11.148666646992993,0.0034160572104156017,1,nan,nan,0.02,5.5,nan,nan,nan,nan,False,nan,0.057416294699345845,0.563318142222129,False,False,11.324776807644954,0.010668919532134325,0.185615653194821,11.418950475975775,11.418950475975775,0.0,nan,0.0,27,0.7696095482453487,0.16394776333873082,11.148666646992993,-0.13859556538041068,0,nan,nan,nan,nan,0,nan,nan,nan,nan,m2063-osd-osd_v0_0198_t4::L3_online_gru,m2063-osd-osd_v0_0198_t4,osd_v0_0198_t4,T4_variable_diagnostic_delay,m2060_no_rollout_outcome_supported_decisive_generator,short_delay_brake_evidence,T4_variable_diagnostic_delay|short_delay_brake_evidence|early|nominal|high|nominal_mu|nominal,m2060_t4_030,,,,,osd_v0_0198_t4,smoke_proxy,t4_actuator_delay_response,true,false,L3_online_gru,runs/m1674_controller_family_one_seed_public_pilot/configs/L3_online_gru_seed167400.json,runs/m1674_controller_family_one_seed_public_pilot/profile_runs/L3_online_gru/seed_167400/checkpoint.pt,210373,False,True,True,True,True,False,False,False,False,False,False,False,False,False,False,False,unavoidable
210374,checkpoint,30,True,False,0.9129635487647194,0.8242117430673123,1418.6399852044703,0.9783724035892899,1.0800242911380105,0.0346638086295008,1.273829173697843,0.926099434151069,0.8025142537082456,0.9456184638310067,0.9456184638310067,14,True,True,drift_required,True,False,1.4724922724999125,1.512453298489253,-0.03996102598934037,obstacle_collision,False,obstacle_collision,collision_failure,-0.4912390665706745,-0.016374635552355816,0.3562776554923905,0.8004297596997958,0.12061138253366319,0.016719434112546325,0.0,11.062005655830882,0.0019105448154732585,1,nan,nan,0.02,5.5,nan,nan,nan,nan,False,nan,0.016719434112546325,0.4948104255150201,False,False,11.233850394868533,0.011289300819351958,0.16253563749838967,11.45555373897475,11.45555373897475,0.0,nan,0.0,30,0.3562776554923905,0.12061138253366319,11.062005655830882,-0.016374635552355816,0,nan,nan,nan,nan,0,nan,nan,nan,nan,m2063-osd-osd_v0_0198_t4::L3_reset_control_corrected,m2063-osd-osd_v0_0198_t4,osd_v0_0198_t4,T4_variable_diagnostic_delay,m2060_no_rollout_outcome_supported_decisive_generator,short_delay_brake_evidence,T4_variable_diagnostic_delay|short_delay_brake_evidence|early|nominal|high|nominal_mu|nominal,m2060_t4_030,,,,,osd_v0_0198_t4,smoke_proxy,t4_actuator_delay_response,true,false,L3_reset_control_corrected,runs/m1674_controller_family_one_seed_public_pilot/configs/L3_reset_control_corrected_seed167400.json,runs/m1674_controller_family_one_seed_public_pilot/profile_runs/L3_reset_control_corrected/seed_167400/checkpoint.pt,210374,False,True,True,True,True,False,False,False,False,False,False,False,False,False,False,False,drift_required
210375,checkpoint,41,True,False,1.1299919720350342,0.4178231067398027,1823.7076869034563,1.257729439243763,1.0502911938831665,-0.060148969683785136,1.143543822159739,1.212942869371159,1.1807234312250583,1.131116646015745,1.131116646015745,22,True,True,unavoidable,True,False,1.4298603301009343,1.4658026314620303,-0.035942301361095996,obstacle_collision,False,obstacle_collision,collision_failure,6.063048875913552,0.1478792408759403,0.9759163757229101,1.7274325298654745,0.10887078185085393,0.011722681646484904,0.0,14.217810530871093,0.002714008092880249,1,nan,nan,0.02,4.4,nan,nan,nan,nan,False,nan,0.011722681646484904,0.18634267847379105,False,False,14.224058457826228,0.0014415539038615923,0.038433555894173646,14.408334097173057,14.408334097173057,0.0,nan,0.0,41,0.9759163757229101,0.10887078185085393,14.217810530871093,0.1478792408759403,0,nan,nan,nan,nan,0,nan,nan,nan,nan,m2063-osd-osd_v0_0199_t4::L0_current_masked,m2063-osd-osd_v0_0199_t4,osd_v0_0199_t4,T4_variable_diagnostic_delay,m2060_no_rollout_outcome_supported_decisive_generator,medium_delay_yaw_evidence,T4_variable_diagnostic_delay|medium_delay_yaw_evidence|medium|tight|straight_or_low|low_mu|high,m2060_t4_031,,,,,osd_v0_0199_t4,smoke_proxy,t4_actuator_delay_response,true,false,L0_current_masked,runs/m1674_controller_family_one_seed_public_pilot/configs/L0_current_masked_seed167400.json,runs/m1674_controller_family_one_seed_public_pilot/profile_runs/L0_current_masked/seed_167400/checkpoint.pt,210375,False,True,True,True,True,False,False,False,False,False,False,False,False,False,False,False,unavoidable
210376,checkpoint,62,True,False,0.8422921287565133,0.4947240156174031,1160.7891891680677,0.8005442683917708,0.8436584467807259,0.07244319447415326,1.3394234078284573,1.2737323569330385,0.6431691564618331,1.3919105566175083,1.3919105566175083,38,True,True,drift_required,True,False,1.3942614325523919,1.5894441863791284,-0.19518275382673655,obstacle_collision,False,obstacle_collision,collision_failure,27.083088067154947,0.4368240010831443,0.7036375621564982,1.5195592331569898,0.1629016140002409,0.026101036408757716,0.0,14.246465947843493,0.0019967518746852875,1,nan,nan,0.02,4.4,nan,nan,nan,nan,False,nan,0.026101036408757716,0.21590674604385734,False,False,13.036650430813312,0.005074691192881561,0.09734357549341872,14.024835903092777,14.024835903092777,0.0,nan,0.0,62,0.7036375621564982,0.1629016140002409,14.246465947843493,0.4368240010831443,0,nan,nan,nan,nan,0,nan,nan,nan,nan,m2063-osd-osd_v0_0199_t4::L1_one_step,m2063-osd-osd_v0_0199_t4,osd_v0_0199_t4,T4_variable_diagnostic_delay,m2060_no_rollout_outcome_supported_decisive_generator,medium_delay_yaw_evidence,T4_variable_diagnostic_delay|medium_delay_yaw_evidence|medium|tight|straight_or_low|low_mu|high,m2060_t4_031,,,,,osd_v0_0199_t4,smoke_proxy,t4_actuator_delay_response,true,false,L1_one_step,runs/m1674_controller_family_one_seed_public_pilot/configs/L1_one_step_seed167400.json,runs/m1674_controller_family_one_seed_public_pilot/profile_runs/L1_one_step/seed_167400/checkpoint.pt,210376,False,True,True,True,True,False,False,False,False,False,False,False,False,False,False,False,drift_required
210377,checkpoint,62,True,False,0.9513547899144514,0.37507667030910885,1265.1035645391664,0.8724852169235631,0.8253439011253279,-0.04218972986130787,0.9110142598747888,1.0600354882450067,0.9130438468164456,0.9718470907539618,0.9718470907539618,37,True,True,drift_required,False,False,6.553163660230805,1.874094911539467,4.679068748691337,off_track,False,off_track,off_track_noncollision_noncompletion,26.509881239471667,0.4275787296688979,1.8914330847026868,4.492017799523907,0.030863888116334823,0.021170335473606645,0.0,13.392603207478636,0.0034776669926941395,1,nan,nan,0.02,4.4,nan,nan,nan,nan,False,nan,0.021170335473606645,0.5989949039471375,False,False,nan,nan,nan,nan,0.0,0.09201779952390687,1.24,0.09201779952390687,62,1.8914330847026868,0.030863888116334823,13.392603207478636,0.4275787296688979,0,nan,nan,nan,nan,0,nan,nan,nan,nan,m2063-osd-osd_v0_0199_t4::L2_window_50,m2063-osd-osd_v0_0199_t4,osd_v0_0199_t4,T4_variable_diagnostic_delay,m2060_no_rollout_outcome_supported_decisive_generator,medium_delay_yaw_evidence,T4_variable_diagnostic_delay|medium_delay_yaw_evidence|medium|tight|straight_or_low|low_mu|high,m2060_t4_031,,,,,osd_v0_0199_t4,smoke_proxy,t4_actuator_delay_response,true,false,L2_window_50,runs/m1674_controller_family_one_seed_public_pilot/configs/L2_window_50_seed167400.json,runs/m1674_controller_family_one_seed_public_pilot/profile_runs/L2_window_50/seed_167400/checkpoint.pt,210377,False,True,True,True,True,False,False,False,False,False,False,False,False,False,False,False,drift_required
210378,checkpoint,77,False,True,1.1321684083543955,0.46111998304582497,1287.44202159111,0.8878910493731793,1.2976708353021047,-0.025499529965183454,0.6423794618514131,1.0363657706384604,0.7554073052684794,1.089728426787914,1.089728426787914,32,True,True,drift_required,False,True,2.5193504786528247,1.799709467443684,0.7196410112091407,,True,obstacle_pass,success_obstacle_pass,91.4097137963449,1.1871391402122715,0.6643610702290836,1.4256225915285583,0.20824618472829612,0.021487372084188616,0.0,14.325199010362681,0.0011729639954864979,1,nan,nan,0.02,4.4,77.0,1.54,77.0,1.54,True,0.0,0.021487372084188616,0.21785551434824843,False,True,nan,nan,nan,nan,0.0,0.0,nan,0.0,77,0.6643610702290836,0.20824618472829612,14.325199010362681,1.1871391402122715,0,nan,nan,nan,nan,0,nan,nan,nan,nan,m2063-osd-osd_v0_0199_t4::L3_online_gru,m2063-osd-osd_v0_0199_t4,osd_v0_0199_t4,T4_variable_diagnostic_delay,m2060_no_rollout_outcome_supported_decisive_generator,medium_delay_yaw_evidence,T4_variable_diagnostic_delay|medium_delay_yaw_evidence|medium|tight|straight_or_low|low_mu|high,m2060_t4_031,,,,,osd_v0_0199_t4,smoke_proxy,t4_actuator_delay_response,true,false,L3_online_gru,runs/m1674_controller_family_one_seed_public_pilot/configs/L3_online_gru_seed167400.json,runs/m1674_controller_family_one_seed_public_pilot/profile_runs/L3_online_gru/seed_167400/checkpoint.pt,210378,True,True,True,True,True,False,False,False,False,False,False,False,False,False,False,False,drift_required
210379,checkpoint,76,False,True,0.4422934004698057,0.48328932291912124,1663.112662375672,1.1469742499142566,1.0650001170829528,-0.12892969360494066,1.1302569907411502,0.9876550803713009,1.2193915134426645,0.9618580941608751,0.9618580941608751,29,True,True,aes_feasible,False,True,2.434961535761932,1.9787873009234866,0.45617423483844544,,True,obstacle_pass,success_obstacle_pass,97.52085666388135,1.2831691666300178,0.8724179435175676,1.9784757558291233,0.16311317064092154,0.270471806176232,0.0,16.15158956736225,0.0006598758045583963,1,nan,nan,0.02,4.4,76.0,1.52,nan,nan,False,nan,0.270471806176232,0.9089511580689874,False,False,nan,nan,nan,nan,0.0,0.0,nan,0.0,76,0.8724179435175676,0.16311317064092154,16.15158956736225,1.2831691666300178,0,nan,nan,nan,nan,0,nan,nan,nan,nan,m2063-osd-osd_v0_0199_t4::L3_reset_control_corrected,m2063-osd-osd_v0_0199_t4,osd_v0_0199_t4,T4_variable_diagnostic_delay,m2060_no_rollout_outcome_supported_decisive_generator,medium_delay_yaw_evidence,T4_variable_diagnostic_delay|medium_delay_yaw_evidence|medium|tight|straight_or_low|low_mu|high,m2060_t4_031,,,,,osd_v0_0199_t4,smoke_proxy,t4_actuator_delay_response,true,false,L3_reset_control_corrected,runs/m1674_controller_family_one_seed_public_pilot/configs/L3_reset_control_corrected_seed167400.json,runs/m1674_controller_family_one_seed_public_pilot/profile_runs/L3_reset_control_corrected/seed_167400/checkpoint.pt,210379,True,True,True,True,True,False,False,False,False,False,False,False,False,False,False,False,aes_feasible
210380,checkpoint,21,True,False,0.8339423394091202,0.8339423394091202,1569.1378070230892,1.0821640048435097,0.822451202044439,-0.1323993887377486,0.7046612991824983,0.6647737466165807,1.0603064560986946,1.1284573171307106,1.1284573171307106,23,False,True,unavoidable,True,False,1.7673489965275975,1.8724660075882915,-0.10511701106069404,obstacle_collision,False,obstacle_collision,collision_failure,-9.0252769199063,-0.4297750914241095,0.1851083005300104,0.2988766633036306,0.0716966701247771,0.027574731216748465,0.0,9.481022977455448,0.0015387020539492369,1,nan,nan,0.02,7.0,nan,nan,nan,nan,False,nan,0.027574731216748465,0.21651686132374776,False,False,9.683479860270067,0.0018579348908226516,0.01704021958471979,10.21169790497742,10.21169790497742,0.0,nan,0.0,21,0.1851083005300104,0.0716966701247771,9.481022977455448,-0.4297750914241095,0,nan,nan,nan,nan,0,nan,nan,nan,nan,m2063-osd-osd_v0_0200_t4::L0_current_masked,m2063-osd-osd_v0_0200_t4,osd_v0_0200_t4,T4_variable_diagnostic_delay,m2060_no_rollout_outcome_supported_decisive_generator,long_delay_steer_lag_evidence,T4_variable_diagnostic_delay|long_delay_steer_lag_evidence|late|generous|moderate|mixed_mu|low,m2060_t4_032,,,,,osd_v0_0200_t4,smoke_proxy,t4_actuator_delay_response,true,false,L0_current_masked,runs/m1674_controller_family_one_seed_public_pilot/configs/L0_current_masked_seed167400.json,runs/m1674_controller_family_one_seed_public_pilot/profile_runs/L0_current_masked/seed_167400/checkpoint.pt,210380,False,True,True,True,True,False,False,False,False,False,False,False,False,False,False,False,unavoidable
210381,checkpoint,44,True,False,0.5050298292838584,0.5400071843547254,1686.470568822041,1.1630831509117525,1.2515675814437073,-0.11196873394378426,1.405508257041857,0.9589314288029651,1.1556992982245367,1.4359778838746478,1.4359778838746478,18,True,True,drift_required,True,False,1.3693699954594747,1.4875338854406777,-0.11816388998120297,obstacle_collision,False,obstacle_collision,collision_failure,13.565205045564,0.3083001146719091,0.5761833707878411,1.3121823120226352,0.20378513670230866,0.027756705670452148,0.0,10.585298086299092,0.001638962421566248,1,nan,nan,0.02,7.0,nan,nan,nan,nan,False,nan,0.027756705670452148,0.26514653210854433,False,False,10.841025344734328,5.7916380544676275e-05,0.00016176982089615257,11.431889929812705,11.431889929812705,0.0,nan,0.0,44,0.5761833707878411,0.20378513670230866,10.585298086299092,0.3083001146719091,0,nan,nan,nan,nan,0,nan,nan,nan,nan,m2063-osd-osd_v0_0200_t4::L1_one_step,m2063-osd-osd_v0_0200_t4,osd_v0_0200_t4,T4_variable_diagnostic_delay,m2060_no_rollout_outcome_supported_decisive_generator,long_delay_steer_lag_evidence,T4_variable_diagnostic_delay|long_delay_steer_lag_evidence|late|generous|moderate|mixed_mu|low,m2060_t4_032,,,,,osd_v0_0200_t4,smoke_proxy,t4_actuator_delay_response,true,false,L1_one_step,runs/m1674_controller_family_one_seed_public_pilot/configs/L1_one_step_seed167400.json,runs/m1674_controller_family_one_seed_public_pilot/profile_runs/L1_one_step/seed_167400/checkpoint.pt,210381,False,True,True,True,True,False,False,False,False,False,False,False,False,False,False,False,drift_required
210382,checkpoint,14,True,False,0.982201713312485,0.45609081044909716,1245.2694663706334,0.8588065285314713,0.8342573218430842,-0.08994384230701202,0.9080722362942026,1.1876186541782061,0.7062783620432217,1.7717060803974984,1.7717060803974982,11,True,True,unavoidable,True,False,1.4157400926744101,1.5377352259801524,-0.1219951333057423,obstacle_collision,False,obstacle_collision,collision_failure,-18.126811402548277,-1.2947722430391626,0.4821364714961872,0.6123424210959172,0.18054327234346967,0.03844157845965313,0.0,9.188886750746722,0.003145021852105856,1,nan,nan,0.02,7.0,nan,nan,nan,nan,False,nan,0.03844157845965313,0.31011512181171497,False,False,9.029316260372044,0.03844157845965313,0.31011512181171497,9.689524228311754,9.689524228311754,0.0,nan,0.0,14,0.4821364714961872,0.18054327234346967,9.188886750746722,-1.2947722430391626,0,nan,nan,nan,nan,0,nan,nan,nan,nan,m2063-osd-osd_v0_0200_t4::L2_window_50,m2063-osd-osd_v0_0200_t4,osd_v0_0200_t4,T4_variable_diagnostic_delay,m2060_no_rollout_outcome_supported_decisive_generator,long_delay_steer_lag_evidence,T4_variable_diagnostic_delay|long_delay_steer_lag_evidence|late|generous|moderate|mixed_mu|low,m2060_t4_032,,,,,osd_v0_0200_t4,smoke_proxy,t4_actuator_delay_response,true,false,L2_window_50,runs/m1674_controller_family_one_seed_public_pilot/configs/L2_window_50_seed167400.json,runs/m1674_controller_family_one_seed_public_pilot/profile_runs/L2_window_50/seed_167400/checkpoint.pt,210382,False,True,True,True,True,False,False,False,False,False,False,False,False,False,False,False,unavoidable
210383,checkpoint,7,True,False,0.9450130789591593,0.9450130789591593,1795.0839314556617,1.237988918245284,0.9464681952538799,-0.039891572622966276,1.2125165131547415,0.7941259280884365,0.8378705530841869,1.3106561573281197,1.3106561573281197,8,False,True,unavoidable,True,False,0.9930597362843174,1.1091383926216611,-0.11607865633734371,obstacle_collision,False,obstacle_collision,collision_failure,-25.2971129832304,-3.6138732833186284,0.04083868739515525,0.05664284859184221,0.07910274933213521,0.010002778059344849,0.0,7.342021986692386,0.009977391920983791,1,nan,nan,0.02,7.0,nan,nan,nan,nan,False,nan,0.010002778059344849,0.1404546598620875,False,False,7.376306384349833,0.010002778059344849,0.07849289573875397,7.9695503446400995,7.9695503446400995,0.0,nan,0.0,7,0.04083868739515525,0.07910274933213521,7.342021986692386,-3.6138732833186284,0,nan,nan,nan,nan,0,nan,nan,nan,nan,m2063-osd-osd_v0_0200_t4::L3_online_gru,m2063-osd-osd_v0_0200_t4,osd_v0_0200_t4,T4_variable_diagnostic_delay,m2060_no_rollout_outcome_supported_decisive_generator,long_delay_steer_lag_evidence,T4_variable_diagnostic_delay|long_delay_steer_lag_evidence|late|generous|moderate|mixed_mu|low,m2060_t4_032,,,,,osd_v0_0200_t4,smoke_proxy,t4_actuator_delay_response,true,false,L3_online_gru,runs/m1674_controller_family_one_seed_public_pilot/configs/L3_online_gru_seed167400.json,runs/m1674_controller_family_one_seed_public_pilot/profile_runs/L3_online_gru/seed_167400/checkpoint.pt,210383,False,True,True,True,True,False,False,False,False,False,False,False,False,False,False,False,unavoidable
210384,checkpoint,34,True,False,0.7978588347223899,0.5309795439235644,1511.0331888936284,1.0420918544093989,1.1608368467116872,0.09480575910718914,0.9675592836716327,0.7020601110247577,0.7132972872592076,0.8835580890757964,0.8835580890757962,20,True,True,unavoidable,True,False,1.4919207134872605,1.5134356446566748,-0.021514931169414275,obstacle_collision,False,obstacle_collision,collision_failure,7.3624253111612,0.21654192091650587,0.1191757411472172,0.21172968654829205,0.029071423925195947,0.05045261427880072,0.0,10.825956837534639,0.0009462449816055596,1,nan,nan,0.02,7.0,nan,nan,nan,nan,False,nan,0.05045261427880072,0.3103882228674171,False,False,11.056384596328224,0.005664166415890072,0.14596912459295644,11.181388247842536,11.181388247842536,0.0,nan,0.0,34,0.1191757411472172,0.029071423925195947,10.825956837534639,0.21654192091650587,0,nan,nan,nan,nan,0,nan,nan,nan,nan,m2063-osd-osd_v0_0200_t4::L3_reset_control_corrected,m2063-osd-osd_v0_0200_t4,osd_v0_0200_t4,T4_variable_diagnostic_delay,m2060_no_rollout_outcome_supported_decisive_generator,long_delay_steer_lag_evidence,T4_variable_diagnostic_delay|long_delay_steer_lag_evidence|late|generous|moderate|mixed_mu|low,m2060_t4_032,,,,,osd_v0_0200_t4,smoke_proxy,t4_actuator_delay_response,true,false,L3_reset_control_corrected,runs/m1674_controller_family_one_seed_public_pilot/configs/L3_reset_control_corrected_seed167400.json,runs/m1674_controller_family_one_seed_public_pilot/profile_runs/L3_reset_control_corrected/seed_167400/checkpoint.pt,210384,False,True,True,True,True,False,False,False,False,False,False,False,False,False,False,False,unavoidable
210385,checkpoint,38,True,False,0.6360354044721767,0.4662553191703386,1491.7192310123903,1.028771883456821,1.0143328038157797,-0.030059284856484236,1.3360453720975027,0.893698827737528,1.020635666337185,2.119368428234831,2.119368428234831,10,True,True,drift_required,True,False,1.0632483128445744,1.193397124563607,-0.1301488117190326,obstacle_collision,False,obstacle_collision,collision_failure,6.354669243212065,0.16722813797926486,0.5547973068557818,1.1789175915626053,0.18593592181439766,0.011823631611482945,0.0,8.488518525430608,0.0013717578258365393,1,nan,nan,0.02,5.5,nan,nan,nan,nan,False,nan,0.011823631611482945,0.38285993926192247,False,False,8.681651641773415,0.0037169430071650926,0.028671238332729214,9.337121295705435,9.337121295705435,0.0,nan,0.0,38,0.5547973068557818,0.18593592181439766,8.488518525430608,0.16722813797926486,0,nan,nan,nan,nan,0,nan,nan,nan,nan,m2063-osd-osd_v0_0201_t4::L0_current_masked,m2063-osd-osd_v0_0201_t4,osd_v0_0201_t4,T4_variable_diagnostic_delay,m2060_no_rollout_outcome_supported_decisive_generator,variable_delay_mixed_authority,T4_variable_diagnostic_delay|variable_delay_mixed_authority|early|nominal|high|actuator_delay|nominal,m2060_t4_033,,,,,osd_v0_0201_t4,smoke_proxy,t4_actuator_delay_response,true,false,L0_current_masked,runs/m1674_controller_family_one_seed_public_pilot/configs/L0_current_masked_seed167400.json,runs/m1674_controller_family_one_seed_public_pilot/profile_runs/L0_current_masked/seed_167400/checkpoint.pt,210385,False,True,True,True,True,False,False,False,False,False,False,False,False,False,False,False,drift_required
210386,checkpoint,32,True,False,0.8816687345231851,0.7772010799335807,1372.478890425207,0.9465371658104876,1.2498444568127403,0.0055508389079981235,0.8403654338424373,1.0453818998828805,0.8662581912750605,1.8103250177566212,1.8103250177566212,19,True,True,drift_required,True,False,1.112655798678669,1.1269082564399397,-0.01425245776127082,obstacle_collision,False,obstacle_collision,collision_failure,0.02678662953087496,0.0008370821728398425,0.36341171289388413,0.7722130843680333,0.20595817838260122,0.04087512290144474,0.0,10.311210643827497,0.0017814264865592122,1,nan,nan,0.02,5.5,nan,nan,nan,nan,False,nan,0.04087512290144474,0.502404288760037,False,False,10.22243211384599,0.00031898161284284323,0.001090801597061987,10.293962973618472,10.293962973618472,0.0,nan,0.0,32,0.36341171289388413,0.20595817838260122,10.311210643827497,0.0008370821728398425,0,nan,nan,nan,nan,0,nan,nan,nan,nan,m2063-osd-osd_v0_0201_t4::L1_one_step,m2063-osd-osd_v0_0201_t4,osd_v0_0201_t4,T4_variable_diagnostic_delay,m2060_no_rollout_outcome_supported_decisive_generator,variable_delay_mixed_authority,T4_variable_diagnostic_delay|variable_delay_mixed_authority|early|nominal|high|actuator_delay|nominal,m2060_t4_033,,,,,osd_v0_0201_t4,smoke_proxy,t4_actuator_delay_response,true,false,L1_one_step,runs/m1674_controller_family_one_seed_public_pilot/configs/L1_one_step_seed167400.json,runs/m1674_controller_family_one_seed_public_pilot/profile_runs/L1_one_step/seed_167400/checkpoint.pt,210386,False,True,True,True,True,False,False,False,False,False,False,False,False,False,False,False,drift_required
210387,checkpoint,31,True,False,0.7118656398732894,0.5056940015574202,1689.1790800665012,1.1649510897010353,1.1124529615687877,-0.06845272034843997,1.0208818825959098,1.2318340256849984,0.6290494049664422,2.739528172711503,2.739528172711503,27,True,True,unavoidable,True,False,1.1405162045632118,1.1455937593171537,-0.005077554753941893,obstacle_collision,False,obstacle_collision,collision_failure,-3.165240570180977,-0.102104534521967,0.609642701586281,1.2600575526820883,0.24804360758950164,0.04524175940532511,0.0,8.43737266681349,0.002490583574399352,1,nan,nan,0.02,5.5,nan,nan,nan,nan,False,nan,0.04524175940532511,0.40506831767846246,False,False,8.131688306897631,0.04524175940532511,0.3609953965128204,8.215796500021286,8.215796500021286,0.0,nan,0.0,31,0.609642701586281,0.24804360758950164,8.43737266681349,-0.102104534521967,0,nan,nan,nan,nan,0,nan,nan,nan,nan,m2063-osd-osd_v0_0201_t4::L2_window_50,m2063-osd-osd_v0_0201_t4,osd_v0_0201_t4,T4_variable_diagnostic_delay,m2060_no_rollout_outcome_supported_decisive_generator,variable_delay_mixed_authority,T4_variable_diagnostic_delay|variable_delay_mixed_authority|early|nominal|high|actuator_delay|nominal,m2060_t4_033,,,,,osd_v0_0201_t4,smoke_proxy,t4_actuator_delay_response,true,false,L2_window_50,runs/m1674_controller_family_one_seed_public_pilot/configs/L2_window_50_seed167400.json,runs/m1674_controller_family_one_seed_public_pilot/profile_runs/L2_window_50/seed_167400/checkpoint.pt,210387,False,True,True,True,True,False,False,False,False,False,False,False,False,False,False,False,unavoidable
210388,checkpoint,31,True,False,0.7219027936135239,0.642922956383179,1521.0858851984667,1.0490247484127357,0.8442067309759262,-0.05693090312614113,0.9961961199782983,0.9822288566730479,1.1787185503629916,2.0021479902756703,2.0021479902756703,11,True,True,drift_required,True,False,1.1238170485977979,1.2043396934064388,-0.08052264480864091,obstacle_collision,False,obstacle_collision,collision_failure,2.5463576299211432,0.08214056870713365,0.28205566130571913,0.6619427036605785,0.12629971205400758,0.02808032616168148,0.0,10.176074074952474,0.002738811308518052,1,nan,nan,0.02,5.5,nan,nan,nan,nan,False,nan,0.02808032616168148,0.4282816481710311,False,False,10.663952504090371,0.012281568202900156,0.16817019129772878,11.089523531364799,11.089523531364799,0.0,nan,0.0,31,0.28205566130571913,0.12629971205400758,10.176074074952474,0.08214056870713365,0,nan,nan,nan,nan,0,nan,nan,nan,nan,m2063-osd-osd_v0_0201_t4::L3_online_gru,m2063-osd-osd_v0_0201_t4,osd_v0_0201_t4,T4_variable_diagnostic_delay,m2060_no_rollout_outcome_supported_decisive_generator,variable_delay_mixed_authority,T4_variable_diagnostic_delay|variable_delay_mixed_authority|early|nominal|high|actuator_delay|nominal,m2060_t4_033,,,,,osd_v0_0201_t4,smoke_proxy,t4_actuator_delay_response,true,false,L3_online_gru,runs/m1674_controller_family_one_seed_public_pilot/configs/L3_online_gru_seed167400.json,runs/m1674_controller_family_one_seed_public_pilot/profile_runs/L3_online_gru/seed_167400/checkpoint.pt,210388,False,True,True,True,True,False,False,False,False,False,False,False,False,False,False,False,drift_required
210389,checkpoint,36,True,False,0.9734020116203734,0.5155092437187472,1745.4832471694642,1.2037815497720443,1.0272967014415282,-0.023762621764849667,1.4126975731411306,0.6175562467936829,0.6543272060841019,2.486241618058734,2.486241618058734,21,True,True,unavoidable,True,False,1.269813650683351,1.4111147231062167,-0.1413010724228656,obstacle_collision,False,obstacle_collision,collision_failure,3.0572878156944654,0.08492466154706849,0.6805216076068618,1.2797463697690041,0.27531737173807325,0.017155205612532858,0.0,8.921557011133649,0.001145850052125752,1,nan,nan,0.02,5.5,nan,nan,nan,nan,False,nan,0.017155205612532858,0.38622795440159435,False,False,9.118609143324418,0.017155205612532858,0.1516904727289936,9.84886115551791,9.84886115551791,0.0,nan,0.0,36,0.6805216076068618,0.27531737173807325,8.921557011133649,0.08492466154706849,0,nan,nan,nan,nan,0,nan,nan,nan,nan,m2063-osd-osd_v0_0201_t4::L3_reset_control_corrected,m2063-osd-osd_v0_0201_t4,osd_v0_0201_t4,T4_variable_diagnostic_delay,m2060_no_rollout_outcome_supported_decisive_generator,variable_delay_mixed_authority,T4_variable_diagnostic_delay|variable_delay_mixed_authority|early|nominal|high|actuator_delay|nominal,m2060_t4_033,,,,,osd_v0_0201_t4,smoke_proxy,t4_actuator_delay_response,true,false,L3_reset_control_corrected,runs/m1674_controller_family_one_seed_public_pilot/configs/L3_reset_control_corrected_seed167400.json,runs/m1674_controller_family_one_seed_public_pilot/profile_runs/L3_reset_control_corrected/seed_167400/checkpoint.pt,210389,False,True,True,True,True,False,False,False,False,False,False,False,False,False,False,False,unavoidable
210390,checkpoint,36,True,False,0.4422040935046927,0.9396170563394197,1184.8135623093253,0.8171128015926382,0.910505420527225,0.04640891220672261,1.2656378356684077,1.1640967977481327,0.8210768063692071,1.3280571774135437,1.3280571774135437,9,True,True,drift_required,True,False,1.5422232408085808,1.6795861814632917,-0.137362940654711,obstacle_collision,False,obstacle_collision,collision_failure,5.1501302001290235,0.14305917222580622,0.28152150705653456,0.4577404721424614,0.20398029580817115,0.05092091381376885,0.0,16.523052389907214,0.0018908903002738953,1,nan,nan,0.02,4.4,nan,nan,nan,nan,False,nan,0.05092091381376885,0.24697328041083366,False,False,16.19180682148912,0.0007210802475849544,0.06579412241724804,16.885561477128192,16.885561477128192,0.0,nan,0.0,36,0.28152150705653456,0.20398029580817115,16.523052389907214,0.14305917222580622,0,nan,nan,nan,nan,0,nan,nan,nan,nan,m2063-osd-osd_v0_0202_t4::L0_current_masked,m2063-osd-osd_v0_0202_t4,osd_v0_0202_t4,T4_variable_diagnostic_delay,m2060_no_rollout_outcome_supported_decisive_generator,stale_evidence_boundary_check,T4_variable_diagnostic_delay|stale_evidence_boundary_check|medium|tight|straight_or_low|nominal_mu|high,m2060_t4_034,,,,,osd_v0_0202_t4,smoke_proxy,t4_actuator_delay_response,true,false,L0_current_masked,runs/m1674_controller_family_one_seed_public_pilot/configs/L0_current_masked_seed167400.json,runs/m1674_controller_family_one_seed_public_pilot/profile_runs/L0_current_masked/seed_167400/checkpoint.pt,210390,False,True,True,True,True,False,False,False,False,False,False,False,False,False,False,False,drift_required
210391,checkpoint,35,True,False,1.1173946526563474,0.8362416434444057,1198.819302705144,0.8267719329000993,0.9496706003042553,-0.11302739867078326,0.8430453360917242,0.959755142149508,0.9042720541197935,1.09787228018451,1.09787228018451,28,True,True,unavoidable,True,False,1.9067143883312325,2.1216347371199147,-0.21492034878868216,obstacle_collision,False,obstacle_collision,collision_failure,2.4242144552752976,0.06926327015072278,0.43642621694859424,0.9302952898234196,0.24001778399996385,0.012999417210463146,0.0,15.579333644257355,0.0018307685386389494,1,nan,nan,0.02,4.4,nan,nan,nan,nan,False,nan,0.012999417210463146,0.21125710147950527,False,False,15.547945396725444,0.0002876776272925229,0.03470773787589053,16.62616175327009,16.62616175327009,0.0,nan,0.0,35,0.43642621694859424,0.24001778399996385,15.579333644257355,0.06926327015072278,0,nan,nan,nan,nan,0,nan,nan,nan,nan,m2063-osd-osd_v0_0202_t4::L1_one_step,m2063-osd-osd_v0_0202_t4,osd_v0_0202_t4,T4_variable_diagnostic_delay,m2060_no_rollout_outcome_supported_decisive_generator,stale_evidence_boundary_check,T4_variable_diagnostic_delay|stale_evidence_boundary_check|medium|tight|straight_or_low|nominal_mu|high,m2060_t4_034,,,,,osd_v0_0202_t4,smoke_proxy,t4_actuator_delay_response,true,false,L1_one_step,runs/m1674_controller_family_one_seed_public_pilot/configs/L1_one_step_seed167400.json,runs/m1674_controller_family_one_seed_public_pilot/profile_runs/L1_one_step/seed_167400/checkpoint.pt,210391,False,True,True,True,True,False,False,False,False,False,False,False,False,False,False,False,unavoidable
210392,checkpoint,29,True,False,0.5448307394603065,1.023220038597744,1775.82237228396,1.2247050843337655,0.9611649640440478,-0.13135899211099522,0.9643030849954497,0.8482683870255836,0.659043671485047,0.8325235605478296,0.8325235605478296,25,True,True,unavoidable,True,False,1.89766769813881,2.1270556118863393,-0.2293879137475292,obstacle_collision,False,obstacle_collision,collision_failure,-3.947825048288383,-0.1361318982168408,0.4785473291263835,1.1677440235990346,0.22022314898124667,0.05731551143017986,0.0,17.371634622416064,0.0038437754847109318,1,nan,nan,0.02,4.4,nan,nan,nan,nan,False,nan,0.05731551143017986,0.5876849089802378,False,False,17.12206699976889,0.05731551143017986,0.5834976494619106,18.356014089167818,18.356014089167818,0.0,nan,0.0,29,0.4785473291263835,0.22022314898124667,17.371634622416064,-0.1361318982168408,0,nan,nan,nan,nan,0,nan,nan,nan,nan,m2063-osd-osd_v0_0202_t4::L2_window_50,m2063-osd-osd_v0_0202_t4,osd_v0_0202_t4,T4_variable_diagnostic_delay,m2060_no_rollout_outcome_supported_decisive_generator,stale_evidence_boundary_check,T4_variable_diagnostic_delay|stale_evidence_boundary_check|medium|tight|straight_or_low|nominal_mu|high,m2060_t4_034,,,,,osd_v0_0202_t4,smoke_proxy,t4_actuator_delay_response,true,false,L2_window_50,runs/m1674_controller_family_one_seed_public_pilot/configs/L2_window_50_seed167400.json,runs/m1674_controller_family_one_seed_public_pilot/profile_runs/L2_window_50/seed_167400/checkpoint.pt,210392,False,True,True,True,True,False,False,False,False,False,False,False,False,False,False,False,unavoidable
210393,checkpoint,33,True,False,1.0926325016512213,0.8496500763180526,1264.441742539234,0.8720287879580924,1.1675241078114051,-0.0014060086284790607,1.177202854823839,0.6824267183195585,0.6063194348382307,0.9206495097639649,0.9206495097639649,25,True,True,drift_required,True,False,1.3469725805476842,1.4469918022788346,-0.10001922173115041,obstacle_collision,False,obstacle_collision,collision_failure,0.08045622098897098,0.0024380673026960903,0.8295865397742395,1.469428250214186,0.14972894948135804,0.05360574187126865,0.0,17.770062179512596,0.002468337072059512,1,nan,nan,0.02,4.4,nan,nan,nan,nan,False,nan,0.05360574187126865,0.2845624442107389,False,False,17.957182520031218,0.0010436691654988998,0.17154303902259918,18.47495476717198,18.47495476717198,0.0,nan,0.0,33,0.8295865397742395,0.14972894948135804,17.770062179512596,0.0024380673026960903,0,nan,nan,nan,nan,0,nan,nan,nan,nan,m2063-osd-osd_v0_0202_t4::L3_online_gru,m2063-osd-osd_v0_0202_t4,osd_v0_0202_t4,T4_variable_diagnostic_delay,m2060_no_rollout_outcome_supported_decisive_generator,stale_evidence_boundary_check,T4_variable_diagnostic_delay|stale_evidence_boundary_check|medium|tight|straight_or_low|nominal_mu|high,m2060_t4_034,,,,,osd_v0_0202_t4,smoke_proxy,t4_actuator_delay_response,true,false,L3_online_gru,runs/m1674_controller_family_one_seed_public_pilot/configs/L3_online_gru_seed167400.json,runs/m1674_controller_family_one_seed_public_pilot/profile_runs/L3_online_gru/seed_167400/checkpoint.pt,210393,False,True,True,True,True,False,False,False,False,False,False,False,False,False,False,False,drift_required
210394,checkpoint,32,True,False,0.300093243794392,0.7668308222373195,1407.500574989026,0.9706900517165697,1.2742618364872231,-0.06717533537916287,0.7739846404599662,1.0451375927820417,0.8765434822804916,0.8666646033415226,0.8666646033415227,31,True,True,unavoidable,True,False,2.0131092473955974,2.0997559470272895,-0.08664669963169214,obstacle_collision,False,obstacle_collision,collision_failure,1.8442974813510293,0.05763429629221967,0.1910728382462591,0.32809754404913605,0.18213807943189098,0.030354196781406155,0.0,15.176648207373962,0.0008044446585699916,1,nan,nan,0.02,4.4,nan,nan,nan,nan,False,nan,0.030354196781406155,0.23340343867899993,False,False,15.353869394849902,0.004560434438357888,0.1577252401304045,15.805155634240583,15.805155634240583,0.0,nan,0.0,32,0.1910728382462591,0.18213807943189098,15.176648207373962,0.05763429629221967,0,nan,nan,nan,nan,0,nan,nan,nan,nan,m2063-osd-osd_v0_0202_t4::L3_reset_control_corrected,m2063-osd-osd_v0_0202_t4,osd_v0_0202_t4,T4_variable_diagnostic_delay,m2060_no_rollout_outcome_supported_decisive_generator,stale_evidence_boundary_check,T4_variable_diagnostic_delay|stale_evidence_boundary_check|medium|tight|straight_or_low|nominal_mu|high,m2060_t4_034,,,,,osd_v0_0202_t4,smoke_proxy,t4_actuator_delay_response,true,false,L3_reset_control_corrected,runs/m1674_controller_family_one_seed_public_pilot/configs/L3_reset_control_corrected_seed167400.json,runs/m1674_controller_family_one_seed_public_pilot/profile_runs/L3_reset_control_corrected/seed_167400/checkpoint.pt,210394,False,True,True,True,True,False,False,False,False,False,False,False,False,False,False,False,unavoidable
210395,checkpoint,40,True,False,1.0612192363455795,0.41151182749825943,1497.5183427512534,1.0327712708629333,1.2289823452395465,0.0745682473846776,1.3632518319172142,1.2563722519558012,1.140033436796314,0.8347802761001832,0.8347802761001832,34,True,True,unavoidable,True,False,1.6691682353277817,1.8155305031185218,-0.14636226779074013,obstacle_collision,False,obstacle_collision,collision_failure,8.90583163279403,0.22264579081985075,0.2651625203425748,0.4038581089204385,0.17949996076723845,0.03354315855326093,0.0,9.038176820021786,0.002520061796531081,1,nan,nan,0.02,7.0,nan,nan,nan,nan,False,nan,0.03354315855326093,0.25086902860850147,False,False,8.97151045187213,0.006825458391281136,0.06348296390150054,9.713082816411621,9.713082816411621,0.0,nan,0.0,40,0.2651625203425748,0.17949996076723845,9.038176820021786,0.22264579081985075,0,nan,nan,nan,nan,0,nan,nan,nan,nan,m2063-osd-osd_v0_0203_t4::L0_current_masked,m2063-osd-osd_v0_0203_t4,osd_v0_0203_t4,T4_variable_diagnostic_delay,m2060_no_rollout_outcome_supported_decisive_generator,delayed_obstacle_reveal_response,T4_variable_diagnostic_delay|delayed_obstacle_reveal_response|late|generous|moderate|low_mu|low,m2060_t4_035,,,,,osd_v0_0203_t4,smoke_proxy,t4_actuator_delay_response,true,false,L0_current_masked,runs/m1674_controller_family_one_seed_public_pilot/configs/L0_current_masked_seed167400.json,runs/m1674_controller_family_one_seed_public_pilot/profile_runs/L0_current_masked/seed_167400/checkpoint.pt,210395,False,True,True,True,True,False,False,False,False,False,False,False,False,False,False,False,unavoidable
210396,checkpoint,36,True,False,0.39068282932015913,0.4988882285901003,1529.9237616354696,1.0551198356106688,1.1246758646833785,-0.07794955515267032,0.7718014884580491,1.2526137116433531,1.1677864255537918,0.9271576070855758,0.9271576070855758,9,True,True,unavoidable,True,False,1.4428606023055908,1.4941128449628005,-0.051252242657209734,obstacle_collision,False,obstacle_collision,collision_failure,5.436591363849107,0.15101642677358632,0.12262685876018875,0.2605036852213445,0.14037361286142158,0.013270378203606804,0.0,9.219571057610066,0.003255187999457121,1,nan,nan,0.02,7.0,nan,nan,nan,nan,False,nan,0.013270378203606804,0.23707268010312335,False,False,9.176234181699458,0.005746084195722835,0.06362494523823066,9.441730931607193,9.441730931607193,0.0,nan,0.0,36,0.12262685876018875,0.14037361286142158,9.219571057610066,0.15101642677358632,0,nan,nan,nan,nan,0,nan,nan,nan,nan,m2063-osd-osd_v0_0203_t4::L1_one_step,m2063-osd-osd_v0_0203_t4,osd_v0_0203_t4,T4_variable_diagnostic_delay,m2060_no_rollout_outcome_supported_decisive_generator,delayed_obstacle_reveal_response,T4_variable_diagnostic_delay|delayed_obstacle_reveal_response|late|generous|moderate|low_mu|low,m2060_t4_035,,,,,osd_v0_0203_t4,smoke_proxy,t4_actuator_delay_response,true,false,L1_one_step,runs/m1674_controller_family_one_seed_public_pilot/configs/L1_one_step_seed167400.json,runs/m1674_controller_family_one_seed_public_pilot/profile_runs/L1_one_step/seed_167400/checkpoint.pt,210396,False,True,True,True,True,False,False,False,False,False,False,False,False,False,False,False,unavoidable
210397,checkpoint,43,True,False,0.37083249016619024,0.48923783080056865,1527.1980791962721,1.0532400546181186,1.0476672141146484,0.07361226109526098,0.7613717688397049,0.8230714847760067,1.2183281068759606,1.2208950224167765,1.2208950224167765,24,True,True,drift_required,True,False,1.5087400489677378,1.6459507396708255,-0.13721069070308767,obstacle_collision,False,obstacle_collision,collision_failure,16.72168613376599,0.3888764217154881,0.6937973970309725,1.600815482881302,0.10725228933183174,0.12063451734580083,0.0,9.208054265251466,0.004115161020308733,1,nan,nan,0.02,7.0,nan,nan,nan,nan,False,nan,0.12063451734580083,0.834752910040006,False,False,9.736697909483821,0.12063451734580083,0.834752910040006,10.566543912676162,10.566543912676162,0.0,nan,0.0,43,0.6937973970309725,0.10725228933183174,9.208054265251466,0.3888764217154881,0,nan,nan,nan,nan,0,nan,nan,nan,nan,m2063-osd-osd_v0_0203_t4::L2_window_50,m2063-osd-osd_v0_0203_t4,osd_v0_0203_t4,T4_variable_diagnostic_delay,m2060_no_rollout_outcome_supported_decisive_generator,delayed_obstacle_reveal_response,T4_variable_diagnostic_delay|delayed_obstacle_reveal_response|late|generous|moderate|low_mu|low,m2060_t4_035,,,,,osd_v0_0203_t4,smoke_proxy,t4_actuator_delay_response,true,false,L2_window_50,runs/m1674_controller_family_one_seed_public_pilot/configs/L2_window_50_seed167400.json,runs/m1674_controller_family_one_seed_public_pilot/profile_runs/L2_window_50/seed_167400/checkpoint.pt,210397,False,True,True,True,True,False,False,False,False,False,False,False,False,False,False,False,drift_required
210398,checkpoint,37,True,False,0.44615221025533575,0.459682258719486,1790.4849979031744,1.2348172399332238,1.2922786198807665,-0.1046459046844479,0.9014712123295275,1.3464731678375348,0.7803704305279604,1.320197262898052,1.320197262898052,13,True,True,unavoidable,True,False,1.4584863424785073,1.51815276961517,-0.0596664271366627,obstacle_collision,False,obstacle_collision,collision_failure,5.144307063803378,0.13903532604873994,0.0434559506656124,0.11604953752247127,0.27041602094799727,0.012152649726242007,0.0,7.6714777766499,0.002458945382386446,1,nan,nan,0.02,7.0,nan,nan,nan,nan,False,nan,0.012152649726242007,0.19454941809920595,False,False,7.6238049285397915,0.012152649726242007,0.08538481376092215,7.936751870462318,7.936751870462318,0.0,nan,0.0,37,0.0434559506656124,0.27041602094799727,7.6714777766499,0.13903532604873994,0,nan,nan,nan,nan,0,nan,nan,nan,nan,m2063-osd-osd_v0_0203_t4::L3_online_gru,m2063-osd-osd_v0_0203_t4,osd_v0_0203_t4,T4_variable_diagnostic_delay,m2060_no_rollout_outcome_supported_decisive_generator,delayed_obstacle_reveal_response,T4_variable_diagnostic_delay|delayed_obstacle_reveal_response|late|generous|moderate|low_mu|low,m2060_t4_035,,,,,osd_v0_0203_t4,smoke_proxy,t4_actuator_delay_response,true,false,L3_online_gru,runs/m1674_controller_family_one_seed_public_pilot/configs/L3_online_gru_seed167400.json,runs/m1674_controller_family_one_seed_public_pilot/profile_runs/L3_online_gru/seed_167400/checkpoint.pt,210398,False,True,True,True,True,False,False,False,False,False,False,False,False,False,False,False,unavoidable
210399,checkpoint,46,True,False,0.8930971244661641,0.4658897774800067,1731.453168123303,1.1941056331884847,1.1452892302940576,-0.04712770814549616,1.2820287512171553,0.8852844511473132,0.6649981222259169,0.7823811749166072,0.7823811749166073,34,True,True,drift_required,True,False,1.4226723638355647,1.465242235866653,-0.04256987203108831,obstacle_collision,False,obstacle_collision,collision_failure,18.2732911527136,0.39724545984160003,0.16030455776684738,0.4205588639273472,0.06362910316206988,0.014457159057400904,0.0,10.249670796325937,0.001052654581144452,1,nan,nan,0.02,7.0,nan,nan,nan,nan,False,nan,0.014457159057400904,0.2649218581670659,False,False,10.338513297804763,0.010100221204009168,0.11791179840768212,10.568203948402978,10.568203948402978,0.0,nan,0.0,46,0.16030455776684738,0.06362910316206988,10.249670796325937,0.39724545984160003,0,nan,nan,nan,nan,0,nan,nan,nan,nan,m2063-osd-osd_v0_0203_t4::L3_reset_control_corrected,m2063-osd-osd_v0_0203_t4,osd_v0_0203_t4,T4_variable_diagnostic_delay,m2060_no_rollout_outcome_supported_decisive_generator,delayed_obstacle_reveal_response,T4_variable_diagnostic_delay|delayed_obstacle_reveal_response|late|generous|moderate|low_mu|low,m2060_t4_035,,,,,osd_v0_0203_t4,smoke_proxy,t4_actuator_delay_response,true,false,L3_reset_control_corrected,runs/m1674_controller_family_one_seed_public_pilot/configs/L3_reset_control_corrected_seed167400.json,runs/m1674_controller_family_one_seed_public_pilot/profile_runs/L3_reset_control_corrected/seed_167400/checkpoint.pt,210399,False,True,True,True,True,False,False,False,False,False,False,False,False,False,False,False,drift_required
210400,checkpoint,29,True,False,0.4446860972404905,0.7237197109042375,1627.396307893939,1.1223422813061648,1.1256973730701914,0.1258946445751068,0.8538291854088057,0.5763566843903368,1.1443357369100147,2.7480820419934044,2.7480820419934044,13,True,True,unavoidable,True,False,1.455176263875871,1.4620908659506937,-0.006914602074822751,obstacle_collision,False,obstacle_collision,collision_failure,-1.8203152435946635,-0.06276949115843668,0.6003946076433089,0.8700613044599947,0.15976421911090052,0.012597097563938333,0.0,16.5947404535944,0.0015322519466280937,1,nan,nan,0.02,4.4,nan,nan,nan,nan,False,nan,0.012597097563938333,0.2354010209841549,False,False,16.880840673320787,0.0038866769072050215,0.02275229775645446,16.91963225192415,16.91963225192415,0.0,nan,0.0,29,0.6003946076433089,0.15976421911090052,16.5947404535944,-0.06276949115843668,0,nan,nan,nan,nan,0,nan,nan,nan,nan,m2063-osd-osd_v0_0204_t5::L0_current_masked,m2063-osd-osd_v0_0204_t5,osd_v0_0204_t5,T5_terminal_boundary_near_constraint,m2060_no_rollout_outcome_supported_decisive_generator,near_zero_clearance_margin,T5_terminal_boundary_near_constraint|near_zero_clearance_margin|medium|tight|straight_or_low|actuator_delay|high,m2060_t5_000,,,,,osd_v0_0204_t5,smoke_proxy,t5_boundary_axis_retarget,true,false,L0_current_masked,runs/m1674_controller_family_one_seed_public_pilot/configs/L0_current_masked_seed167400.json,runs/m1674_controller_family_one_seed_public_pilot/profile_runs/L0_current_masked/seed_167400/checkpoint.pt,210400,False,True,True,True,True,False,False,False,False,False,False,False,False,False,False,False,unavoidable
210401,checkpoint,71,False,True,0.7006075779443313,0.6171154072682591,1618.8875821108304,1.1164741945591934,0.8793967770419016,-0.11236468547760214,0.9065901556066587,1.2938878594663636,0.6622263528805183,2.6119470391108868,2.6119470391108868,38,True,True,drift_required,False,True,2.0152041976274186,1.932992443885066,0.08221175374235257,,True,obstacle_pass,success_obstacle_pass,87.06734571784652,1.2263006439133313,0.43979092331367436,1.0517053464899107,0.049432228901444275,0.05859471472530502,0.0,14.757750078469746,0.001073709805496037,1,nan,nan,0.02,4.4,71.0,1.42,71.0,1.42,True,0.0,0.05859471472530502,0.23356701397749827,False,True,nan,nan,nan,nan,0.0,0.0,nan,0.0,71,0.43979092331367436,0.049432228901444275,14.757750078469746,1.2263006439133313,0,nan,nan,nan,nan,0,nan,nan,nan,nan,m2063-osd-osd_v0_0204_t5::L1_one_step,m2063-osd-osd_v0_0204_t5,osd_v0_0204_t5,T5_terminal_boundary_near_constraint,m2060_no_rollout_outcome_supported_decisive_generator,near_zero_clearance_margin,T5_terminal_boundary_near_constraint|near_zero_clearance_margin|medium|tight|straight_or_low|actuator_delay|high,m2060_t5_000,,,,,osd_v0_0204_t5,smoke_proxy,t5_boundary_axis_retarget,true,false,L1_one_step,runs/m1674_controller_family_one_seed_public_pilot/configs/L1_one_step_seed167400.json,runs/m1674_controller_family_one_seed_public_pilot/profile_runs/L1_one_step/seed_167400/checkpoint.pt,210401,True,True,True,True,True,False,False,False,False,False,False,False,False,False,False,False,drift_required
210402,checkpoint,53,True,False,0.4772010244778989,0.7381572903799516,1365.0974557785835,0.9414465212266093,0.8019046318174684,0.07540815195983086,1.0398509536267686,1.3015521736899343,1.2496043520122613,2.527035203397612,2.527035203397612,36,True,True,drift_required,False,False,3.1172512733851803,1.6741231040701572,1.443128169315023,off_track,False,off_track,off_track_noncollision_noncompletion,15.24060625519587,0.2875586085886013,2.072114477344042,4.545975827686107,0.21145977895955034,0.14649363739395493,0.0,14.77863347376518,0.0032203206792473793,1,nan,nan,0.02,4.4,nan,nan,nan,nan,False,nan,0.14649363739395493,0.6238477931351001,False,False,nan,nan,nan,nan,0.0,0.14597582768610629,1.06,0.14597582768610629,53,2.072114477344042,0.21145977895955034,14.77863347376518,0.2875586085886013,0,nan,nan,nan,nan,0,nan,nan,nan,nan,m2063-osd-osd_v0_0204_t5::L2_window_50,m2063-osd-osd_v0_0204_t5,osd_v0_0204_t5,T5_terminal_boundary_near_constraint,m2060_no_rollout_outcome_supported_decisive_generator,near_zero_clearance_margin,T5_terminal_boundary_near_constraint|near_zero_clearance_margin|medium|tight|straight_or_low|actuator_delay|high,m2060_t5_000,,,,,osd_v0_0204_t5,smoke_proxy,t5_boundary_axis_retarget,true,false,L2_window_50,runs/m1674_controller_family_one_seed_public_pilot/configs/L2_window_50_seed167400.json,runs/m1674_controller_family_one_seed_public_pilot/profile_runs/L2_window_50/seed_167400/checkpoint.pt,210402,False,True,True,True,True,False,False,False,False,False,False,False,False,False,False,False,drift_required
210403,checkpoint,62,False,True,0.9232308505288986,0.63803028797159,1279.6009583767811,0.8824834195701939,0.9676512571877941,0.0824667852408072,0.6978690082687806,1.0557470122464876,1.2347923890991397,2.153037236985884,2.153037236985884,28,True,True,drift_required,False,True,2.139338566218859,1.660618448178802,0.4787201180400569,,True,obstacle_pass,success_obstacle_pass,88.12889601037881,1.421433806619013,0.638151300358823,1.5380185963438606,0.02034527681615275,0.03917341936113977,0.0,18.006015120381676,0.0014311510603874922,1,nan,nan,0.02,4.4,62.0,1.24,62.0,1.24,True,0.0,0.03917341936113977,0.25932824562014295,False,True,nan,nan,nan,nan,0.0,0.0,nan,0.0,62,0.638151300358823,0.02034527681615275,18.006015120381676,1.421433806619013,0,nan,nan,nan,nan,0,nan,nan,nan,nan,m2063-osd-osd_v0_0204_t5::L3_online_gru,m2063-osd-osd_v0_0204_t5,osd_v0_0204_t5,T5_terminal_boundary_near_constraint,m2060_no_rollout_outcome_supported_decisive_generator,near_zero_clearance_margin,T5_terminal_boundary_near_constraint|near_zero_clearance_margin|medium|tight|straight_or_low|actuator_delay|high,m2060_t5_000,,,,,osd_v0_0204_t5,smoke_proxy,t5_boundary_axis_retarget,true,false,L3_online_gru,runs/m1674_controller_family_one_seed_public_pilot/configs/L3_online_gru_seed167400.json,runs/m1674_controller_family_one_seed_public_pilot/profile_runs/L3_online_gru/seed_167400/checkpoint.pt,210403,True,True,True,True,True,False,False,False,False,False,False,False,False,False,False,False,drift_required
210404,checkpoint,59,True,False,0.6210575669090699,0.5369278307671784,1177.7096698462235,0.8122135654111886,0.956069653869678,0.015713194232902516,0.9409527723337778,0.9857348359191043,1.0095561334976322,2.348093309794976,2.348093309794976,38,True,True,drift_required,True,False,2.114120332229179,2.131760310527711,-0.017639978298531922,obstacle_collision,False,obstacle_collision,collision_failure,27.303941501366857,0.4627786695146925,1.074451043669919,2.1613370312066635,0.053479963795416,0.018812531588610362,0.0,16.69538412799868,0.0006054567056708038,1,nan,nan,0.02,4.4,nan,nan,nan,nan,False,nan,0.018812531588610362,0.2363064485129109,False,False,17.438133867352857,0.003581211580740301,0.16045586338800097,17.544169950974688,17.544169950974688,0.0,nan,0.0,59,1.074451043669919,0.053479963795416,16.69538412799868,0.4627786695146925,0,nan,nan,nan,nan,0,nan,nan,nan,nan,m2063-osd-osd_v0_0204_t5::L3_reset_control_corrected,m2063-osd-osd_v0_0204_t5,osd_v0_0204_t5,T5_terminal_boundary_near_constraint,m2060_no_rollout_outcome_supported_decisive_generator,near_zero_clearance_margin,T5_terminal_boundary_near_constraint|near_zero_clearance_margin|medium|tight|straight_or_low|actuator_delay|high,m2060_t5_000,,,,,osd_v0_0204_t5,smoke_proxy,t5_boundary_axis_retarget,true,false,L3_reset_control_corrected,runs/m1674_controller_family_one_seed_public_pilot/configs/L3_reset_control_corrected_seed167400.json,runs/m1674_controller_family_one_seed_public_pilot/profile_runs/L3_reset_control_corrected/seed_167400/checkpoint.pt,210404,False,True,True,True,True,False,False,False,False,False,False,False,False,False,False,False,drift_required
210405,checkpoint,19,True,False,0.8849843734670693,0.8545252695601538,1543.1382731333688,1.0642332918161164,0.8064270938163267,0.05562077112155972,0.8060129356136172,0.6144193624420836,0.7359851403999119,0.7819953741699517,0.7819953741699517,9,True,True,unavoidable,True,False,1.1015838844088233,1.161582591322882,-0.05999870691405884,obstacle_collision,False,obstacle_collision,collision_failure,-12.867852060799553,-0.6772553716210291,0.16027824685393577,0.1900775709364595,0.23219231960792105,0.010340476932883407,0.0,9.969776920657546,0.004669394344091415,1,nan,nan,0.02,7.0,nan,nan,nan,nan,False,nan,0.010340476932883407,0.2247001142776644,False,False,10.028072587224262,0.0031137467611126266,0.057898030271638236,10.335412798202276,10.335412798202276,0.0,nan,0.0,19,0.16027824685393577,0.23219231960792105,9.969776920657546,-0.6772553716210291,0,nan,nan,nan,nan,0,nan,nan,nan,nan,m2063-osd-osd_v0_0205_t5::L0_current_masked,m2063-osd-osd_v0_0205_t5,osd_v0_0205_t5,T5_terminal_boundary_near_constraint,m2060_no_rollout_outcome_supported_decisive_generator,late_terminal_boundary_margin,T5_terminal_boundary_near_constraint|late_terminal_boundary_margin|late|generous|moderate|nominal_mu|low,m2060_t5_001,,,,,osd_v0_0205_t5,smoke_proxy,t5_boundary_axis_retarget,true,false,L0_current_masked,runs/m1674_controller_family_one_seed_public_pilot/configs/L0_current_masked_seed167400.json,runs/m1674_controller_family_one_seed_public_pilot/profile_runs/L0_current_masked/seed_167400/checkpoint.pt,210405,False,True,True,True,True,False,False,False,False,False,False,False,False,False,False,False,unavoidable
210406,checkpoint,18,True,False,0.3496885623345273,0.8623319429066079,1739.603867745838,1.1997268053419572,0.9951731834542334,0.0886663135162804,1.0409993754863942,0.7067768286179398,1.0599422303659618,0.7116987487058974,0.7116987487058976,10,True,True,unavoidable,True,False,1.3561609387619507,1.3773552817946346,-0.02119434303268397,obstacle_collision,False,obstacle_collision,collision_failure,-13.469973230525504,-0.7483318461403058,0.6439724564627638,0.6838064853357473,0.1880224428482195,0.0069430536400872,0.0,10.122363302847084,0.005361074581742287,1,nan,nan,0.02,7.0,nan,nan,nan,nan,False,nan,0.0069430536400872,0.2252607571854549,False,False,10.257397145650623,0.004032517664681431,0.07145615951788598,10.372530735598174,10.372530735598174,0.0,nan,0.0,18,0.6439724564627638,0.1880224428482195,10.122363302847084,-0.7483318461403058,0,nan,nan,nan,nan,0,nan,nan,nan,nan,m2063-osd-osd_v0_0205_t5::L1_one_step,m2063-osd-osd_v0_0205_t5,osd_v0_0205_t5,T5_terminal_boundary_near_constraint,m2060_no_rollout_outcome_supported_decisive_generator,late_terminal_boundary_margin,T5_terminal_boundary_near_constraint|late_terminal_boundary_margin|late|generous|moderate|nominal_mu|low,m2060_t5_001,,,,,osd_v0_0205_t5,smoke_proxy,t5_boundary_axis_retarget,true,false,L1_one_step,runs/m1674_controller_family_one_seed_public_pilot/configs/L1_one_step_seed167400.json,runs/m1674_controller_family_one_seed_public_pilot/profile_runs/L1_one_step/seed_167400/checkpoint.pt,210406,False,True,True,True,True,False,False,False,False,False,False,False,False,False,False,False,unavoidable
210407,checkpoint,14,True,False,0.4054008448153945,1.007589224346972,1687.3275709760412,1.1636741868800284,1.2587210396563875,0.10826152074684514,0.6424798613973547,1.2138612073519044,0.9410074870718041,1.243979532783385,1.243979532783385,13,True,True,unavoidable,True,False,1.0687941213946859,1.1712262951501076,-0.10243217375542168,obstacle_collision,False,obstacle_collision,collision_failure,-17.89775080088488,-1.278410771491777,0.14370941896369352,0.24545202899966512,0.13697449352849023,0.03814843688033125,0.0,7.058577148833438,0.005397701635956764,1,nan,nan,0.02,7.0,nan,nan,nan,nan,False,nan,0.03814843688033125,0.30154515763406287,False,False,7.001526239544668,0.03811039733476999,0.30154515763406287,7.562896822752568,7.562896822752568,0.0,nan,0.0,14,0.14370941896369352,0.13697449352849023,7.058577148833438,-1.278410771491777,0,nan,nan,nan,nan,0,nan,nan,nan,nan,m2063-osd-osd_v0_0205_t5::L2_window_50,m2063-osd-osd_v0_0205_t5,osd_v0_0205_t5,T5_terminal_boundary_near_constraint,m2060_no_rollout_outcome_supported_decisive_generator,late_terminal_boundary_margin,T5_terminal_boundary_near_constraint|late_terminal_boundary_margin|late|generous|moderate|nominal_mu|low,m2060_t5_001,,,,,osd_v0_0205_t5,smoke_proxy,t5_boundary_axis_retarget,true,false,L2_window_50,runs/m1674_controller_family_one_seed_public_pilot/configs/L2_window_50_seed167400.json,runs/m1674_controller_family_one_seed_public_pilot/profile_runs/L2_window_50/seed_167400/checkpoint.pt,210407,False,True,True,True,True,False,False,False,False,False,False,False,False,False,False,False,unavoidable
210408,checkpoint,22,True,False,1.0483157515294685,0.9113828362927411,1698.5504329529717,1.1714140916917046,0.9863318239822119,0.07591996020549185,1.1014769903137225,0.9870783286834284,1.0409965658007982,1.3200031400398262,1.3200031400398262,22,True,True,unavoidable,True,False,1.4686102301353108,1.5561001362947198,-0.08748990615940899,obstacle_collision,False,obstacle_collision,collision_failure,-8.456531945135605,-0.3843878156879821,0.20897470159164938,0.2687219765403057,0.1421377833442004,0.00791423899147543,0.0,9.475829655320647,0.0037416289560496807,1,nan,nan,0.02,7.0,nan,nan,nan,nan,False,nan,0.00791423899147543,0.20743038181336432,False,False,9.71153185545171,0.00778301026761442,0.10744224084820939,10.163617115467384,10.163617115467384,0.0,nan,0.0,22,0.20897470159164938,0.1421377833442004,9.475829655320647,-0.3843878156879821,0,nan,nan,nan,nan,0,nan,nan,nan,nan,m2063-osd-osd_v0_0205_t5::L3_online_gru,m2063-osd-osd_v0_0205_t5,osd_v0_0205_t5,T5_terminal_boundary_near_constraint,m2060_no_rollout_outcome_supported_decisive_generator,late_terminal_boundary_margin,T5_terminal_boundary_near_constraint|late_terminal_boundary_margin|late|generous|moderate|nominal_mu|low,m2060_t5_001,,,,,osd_v0_0205_t5,smoke_proxy,t5_boundary_axis_retarget,true,false,L3_online_gru,runs/m1674_controller_family_one_seed_public_pilot/configs/L3_online_gru_seed167400.json,runs/m1674_controller_family_one_seed_public_pilot/profile_runs/L3_online_gru/seed_167400/checkpoint.pt,210408,False,True,True,True,True,False,False,False,False,False,False,False,False,False,False,False,unavoidable
210409,checkpoint,18,True,False,0.7525817279719726,0.852663264125906,1194.7216483632812,0.8239459643884698,0.9061713644484863,-0.03248891478147553,1.0130589962366137,1.0520284752382563,1.0789978857329012,1.162324509382584,1.162324509382584,14,True,True,unavoidable,True,False,1.192776553433403,1.2069262449696758,-0.01414969153627288,obstacle_collision,False,obstacle_collision,collision_failure,-12.463951170246208,-0.6924417316803448,0.09801192874844397,0.15434089355476033,0.11741971877282073,0.029815614665736005,0.0,9.61579644490473,0.0023989384062588215,1,nan,nan,0.02,7.0,nan,nan,nan,nan,False,nan,0.029815614665736005,0.2367413839273319,False,False,9.851041491443064,0.010605781416810994,0.10633818725261864,9.937726658558097,9.937726658558097,0.0,nan,0.0,18,0.09801192874844397,0.11741971877282073,9.61579644490473,-0.6924417316803448,0,nan,nan,nan,nan,0,nan,nan,nan,nan,m2063-osd-osd_v0_0205_t5::L3_reset_control_corrected,m2063-osd-osd_v0_0205_t5,osd_v0_0205_t5,T5_terminal_boundary_near_constraint,m2060_no_rollout_outcome_supported_decisive_generator,late_terminal_boundary_margin,T5_terminal_boundary_near_constraint|late_terminal_boundary_margin|late|generous|moderate|nominal_mu|low,m2060_t5_001,,,,,osd_v0_0205_t5,smoke_proxy,t5_boundary_axis_retarget,true,false,L3_reset_control_corrected,runs/m1674_controller_family_one_seed_public_pilot/configs/L3_reset_control_corrected_seed167400.json,runs/m1674_controller_family_one_seed_public_pilot/profile_runs/L3_reset_control_corrected/seed_167400/checkpoint.pt,210409,False,True,True,True,True,False,False,False,False,False,False,False,False,False,False,False,unavoidable
210410,checkpoint,38,True,False,1.0005047739086927,0.5103883400074094,1572.9931159208954,1.0848228385661347,1.1078917634811516,-0.09297250152125591,1.3009945459221144,1.0878836587001506,1.2749673893732438,0.7551140582977096,0.7551140582977096,11,True,True,drift_required,True,False,1.093848124967518,1.101347353004837,-0.00749922803731895,obstacle_collision,False,obstacle_collision,collision_failure,7.217990073719086,0.18994710720313385,0.5971727044894622,1.2587603282329205,0.1435236633917282,0.028929472155601682,0.0,8.987529975891038,0.002694301074370742,1,nan,nan,0.02,5.5,nan,nan,nan,nan,False,nan,0.028929472155601682,0.40249917274475233,False,False,9.25230236331905,0.0036153620895422777,0.029594192199112083,9.294565603770327,9.294565603770327,0.0,nan,0.0,38,0.5971727044894622,0.1435236633917282,8.987529975891038,0.18994710720313385,0,nan,nan,nan,nan,0,nan,nan,nan,nan,m2063-osd-osd_v0_0206_t5::L0_current_masked,m2063-osd-osd_v0_0206_t5,osd_v0_0206_t5,T5_terminal_boundary_near_constraint,m2060_no_rollout_outcome_supported_decisive_generator,tight_road_terminal_boundary,T5_terminal_boundary_near_constraint|tight_road_terminal_boundary|early|nominal|high|low_mu|nominal,m2060_t5_002,,,,,osd_v0_0206_t5,smoke_proxy,t5_boundary_axis_retarget,true,false,L0_current_masked,runs/m1674_controller_family_one_seed_public_pilot/configs/L0_current_masked_seed167400.json,runs/m1674_controller_family_one_seed_public_pilot/profile_runs/L0_current_masked/seed_167400/checkpoint.pt,210410,False,True,True,True,True,False,False,False,False,False,False,False,False,False,False,False,drift_required
210411,checkpoint,32,True,False,0.940240385876604,0.502192734566538,1233.4936640985982,0.8506852855852401,0.8099169678664131,0.1162555298523793,1.2272606697299508,0.7363754327357679,0.9014033912078415,0.7759160390608772,0.7759160390608772,23,True,True,unavoidable,True,False,1.5648010464838056,1.5787500984366392,-0.01394905195283358,obstacle_collision,False,obstacle_collision,collision_failure,-0.5875957841232413,-0.01836236825385129,0.94710285761778,1.638682438250246,0.09570075872973234,0.051471360607240356,0.0,8.867349340164644,0.0033737963531166315,1,nan,nan,0.02,5.5,nan,nan,nan,nan,False,nan,0.051471360607240356,0.4145639417347877,False,False,9.089916431664209,0.003637112322832346,0.03433179413110099,9.164913427002903,9.164913427002903,0.0,nan,0.0,32,0.94710285761778,0.09570075872973234,8.867349340164644,-0.01836236825385129,0,nan,nan,nan,nan,0,nan,nan,nan,nan,m2063-osd-osd_v0_0206_t5::L1_one_step,m2063-osd-osd_v0_0206_t5,osd_v0_0206_t5,T5_terminal_boundary_near_constraint,m2060_no_rollout_outcome_supported_decisive_generator,tight_road_terminal_boundary,T5_terminal_boundary_near_constraint|tight_road_terminal_boundary|early|nominal|high|low_mu|nominal,m2060_t5_002,,,,,osd_v0_0206_t5,smoke_proxy,t5_boundary_axis_retarget,true,false,L1_one_step,runs/m1674_controller_family_one_seed_public_pilot/configs/L1_one_step_seed167400.json,runs/m1674_controller_family_one_seed_public_pilot/profile_runs/L1_one_step/seed_167400/checkpoint.pt,210411,False,True,True,True,True,False,False,False,False,False,False,False,False,False,False,False,unavoidable
210412,checkpoint,34,True,False,1.074075384232285,0.5175925298338191,1206.434558560376,0.8320238334899145,1.1649387930690172,0.10826236065972417,1.4089157165335107,0.6899006216988339,0.980235261944624,1.526414001726626,1.526414001726626,19,True,True,unavoidable,True,False,1.7299977364649197,1.8862233285056385,-0.15622559204071873,obstacle_collision,False,obstacle_collision,collision_failure,5.622771538735016,0.16537563349220635,0.4536084184413845,1.1137558766115347,0.1180179421447437,0.09254828466723455,0.0,9.120791479540129,0.00349845620803535,1,nan,nan,0.02,5.5,nan,nan,nan,nan,False,nan,0.09254828466723455,0.4799704217532998,False,False,9.57529865190091,0.04822845027769048,0.4799704217532998,10.428537879418679,10.428537879418679,0.0,nan,0.0,34,0.4536084184413845,0.1180179421447437,9.120791479540129,0.16537563349220635,0,nan,nan,nan,nan,0,nan,nan,nan,nan,m2063-osd-osd_v0_0206_t5::L2_window_50,m2063-osd-osd_v0_0206_t5,osd_v0_0206_t5,T5_terminal_boundary_near_constraint,m2060_no_rollout_outcome_supported_decisive_generator,tight_road_terminal_boundary,T5_terminal_boundary_near_constraint|tight_road_terminal_boundary|early|nominal|high|low_mu|nominal,m2060_t5_002,,,,,osd_v0_0206_t5,smoke_proxy,t5_boundary_axis_retarget,true,false,L2_window_50,runs/m1674_controller_family_one_seed_public_pilot/configs/L2_window_50_seed167400.json,runs/m1674_controller_family_one_seed_public_pilot/profile_runs/L2_window_50/seed_167400/checkpoint.pt,210412,False,True,True,True,True,False,False,False,False,False,False,False,False,False,False,False,unavoidable
210413,checkpoint,39,True,False,0.6105864411694811,0.5368340294437378,1694.1359500024796,1.1683696206913652,1.2730862219749217,0.10413541054547615,1.0235651043107454,1.2882334595995286,0.8586567005765534,0.954965044006473,0.9549650440064729,27,True,True,unavoidable,True,False,1.5963244969022068,1.6432532331056993,-0.04692873620349247,obstacle_collision,False,obstacle_collision,collision_failure,8.186532812209133,0.20991109774895214,0.13649614850305478,0.3627530986987537,0.2410083687188881,0.05017699525928731,0.0,8.971110509748987,0.002476730849593878,1,nan,nan,0.02,5.5,nan,nan,nan,nan,False,nan,0.05017699525928731,0.4425599022303241,False,False,9.031973968005783,0.01018872759167092,0.13275515185931255,9.284987528005013,9.284987528005013,0.0,nan,0.0,39,0.13649614850305478,0.2410083687188881,8.971110509748987,0.20991109774895214,0,nan,nan,nan,nan,0,nan,nan,nan,nan,m2063-osd-osd_v0_0206_t5::L3_online_gru,m2063-osd-osd_v0_0206_t5,osd_v0_0206_t5,T5_terminal_boundary_near_constraint,m2060_no_rollout_outcome_supported_decisive_generator,tight_road_terminal_boundary,T5_terminal_boundary_near_constraint|tight_road_terminal_boundary|early|nominal|high|low_mu|nominal,m2060_t5_002,,,,,osd_v0_0206_t5,smoke_proxy,t5_boundary_axis_retarget,true,false,L3_online_gru,runs/m1674_controller_family_one_seed_public_pilot/configs/L3_online_gru_seed167400.json,runs/m1674_controller_family_one_seed_public_pilot/profile_runs/L3_online_gru/seed_167400/checkpoint.pt,210413,False,True,True,True,True,False,False,False,False,False,False,False,False,False,False,False,unavoidable
210414,checkpoint,32,True,False,1.0521121903863357,0.5268361063449172,1214.4951395856592,0.8375828548866615,1.1105070620898283,0.13548658063724695,0.9004795462734401,1.155950925269735,1.2233538985106018,0.9787322257604517,0.9787322257604517,13,True,True,unavoidable,True,False,1.1074678757711696,1.2673013706536504,-0.1598334948824809,obstacle_collision,False,obstacle_collision,collision_failure,4.05072836787642,0.12658526149613814,0.6218645099737462,1.0262172616913965,0.08122829111826511,0.04122815621991015,0.0,9.374641783032693,0.0014278399758040905,1,nan,nan,0.02,5.5,nan,nan,nan,nan,False,nan,0.04122815621991015,0.4389772242689659,False,False,9.923125890255754,0.010186228248507562,0.15068150643503025,10.742454629435915,10.742454629435915,0.0,nan,0.0,32,0.6218645099737462,0.08122829111826511,9.374641783032693,0.12658526149613814,0,nan,nan,nan,nan,0,nan,nan,nan,nan,m2063-osd-osd_v0_0206_t5::L3_reset_control_corrected,m2063-osd-osd_v0_0206_t5,osd_v0_0206_t5,T5_terminal_boundary_near_constraint,m2060_no_rollout_outcome_supported_decisive_generator,tight_road_terminal_boundary,T5_terminal_boundary_near_constraint|tight_road_terminal_boundary|early|nominal|high|low_mu|nominal,m2060_t5_002,,,,,osd_v0_0206_t5,smoke_proxy,t5_boundary_axis_retarget,true,false,L3_reset_control_corrected,runs/m1674_controller_family_one_seed_public_pilot/configs/L3_reset_control_corrected_seed167400.json,runs/m1674_controller_family_one_seed_public_pilot/profile_runs/L3_reset_control_corrected/seed_167400/checkpoint.pt,210414,False,True,True,True,True,False,False,False,False,False,False,False,False,False,False,False,unavoidable
210415,checkpoint,38,True,False,0.4805660281949822,0.6729303359052209,1659.224998696756,1.144293102549487,1.016064481056366,-0.13029964586756404,0.6263400406859403,1.1795560201543256,0.6884052413194223,1.8882767301804524,1.8882767301804524,18,True,True,unavoidable,True,False,1.5702397915450386,1.7307972851497402,-0.16055749360470162,obstacle_collision,False,obstacle_collision,collision_failure,5.9727117881794385,0.15717662600472207,0.4662975342905133,1.0634984207302622,0.24587357614339445,0.05804398339364489,0.0,17.305398202765108,0.0013813937548547983,1,nan,nan,0.02,4.4,nan,nan,nan,nan,False,nan,0.05804398339364489,0.28436308874540117,False,False,16.906461087155552,0.006275545456418376,0.04636056367349257,17.717022384274618,17.717022384274618,0.0,nan,0.0,38,0.4662975342905133,0.24587357614339445,17.305398202765108,0.15717662600472207,0,nan,nan,nan,nan,0,nan,nan,nan,nan,m2063-osd-osd_v0_0207_t5::L0_current_masked,m2063-osd-osd_v0_0207_t5,osd_v0_0207_t5,T5_terminal_boundary_near_constraint,m2060_no_rollout_outcome_supported_decisive_generator,low_grip_terminal_boundary,T5_terminal_boundary_near_constraint|low_grip_terminal_boundary|medium|tight|straight_or_low|mixed_mu|high,m2060_t5_003,,,,,osd_v0_0207_t5,smoke_proxy,t5_boundary_axis_retarget,true,false,L0_current_masked,runs/m1674_controller_family_one_seed_public_pilot/configs/L0_current_masked_seed167400.json,runs/m1674_controller_family_one_seed_public_pilot/profile_runs/L0_current_masked/seed_167400/checkpoint.pt,210415,False,True,True,True,True,False,False,False,False,False,False,False,False,False,False,False,unavoidable
210416,checkpoint,59,False,True,1.1465768066554225,0.6092793248262376,1697.4162432846292,1.170631891920434,1.0646815737146964,-0.07908845211324378,0.9510188014909171,1.0063450086636532,1.2938651143151536,1.267005181679751,1.267005181679751,8,True,True,drift_required,False,True,1.4331950136316072,1.4078932481238784,0.02530176550772878,,True,obstacle_pass,success_obstacle_pass,73.44516398756059,1.2448332879247557,0.36208061619457294,0.9661882654839644,0.29093143431737395,0.06860054072526514,0.0,15.085220723668781,0.0013493623118847609,1,nan,nan,0.02,4.4,59.0,1.18,59.0,1.18,True,0.0,0.06860054072526514,0.22952376241205463,False,True,nan,nan,nan,nan,0.0,0.0,nan,0.0,59,0.36208061619457294,0.29093143431737395,15.085220723668781,1.2448332879247557,0,nan,nan,nan,nan,0,nan,nan,nan,nan,m2063-osd-osd_v0_0207_t5::L1_one_step,m2063-osd-osd_v0_0207_t5,osd_v0_0207_t5,T5_terminal_boundary_near_constraint,m2060_no_rollout_outcome_supported_decisive_generator,low_grip_terminal_boundary,T5_terminal_boundary_near_constraint|low_grip_terminal_boundary|medium|tight|straight_or_low|mixed_mu|high,m2060_t5_003,,,,,osd_v0_0207_t5,smoke_proxy,t5_boundary_axis_retarget,true,false,L1_one_step,runs/m1674_controller_family_one_seed_public_pilot/configs/L1_one_step_seed167400.json,runs/m1674_controller_family_one_seed_public_pilot/profile_runs/L1_one_step/seed_167400/checkpoint.pt,210416,True,True,True,True,True,False,False,False,False,False,False,False,False,False,False,False,drift_required
210417,checkpoint,49,True,False,1.0163879916799636,0.6266626930685835,1739.1784159743083,1.1994333903271093,0.97080059786921,-0.12902603442287575,0.912974533162715,0.7807592780453492,0.8333063581830873,1.4631961865414607,1.4631961865414607,19,True,True,unavoidable,False,False,2.070305131051843,1.8712944741913033,0.19901065686053965,off_track,False,off_track,off_track_noncollision_noncompletion,16.75039827579279,0.34184486277128145,1.9720554655900313,4.477918241085405,0.0911674808043666,0.04459808784083264,0.0,15.9577978719336,0.003325286554172635,1,nan,nan,0.02,4.4,nan,nan,nan,nan,False,nan,0.04459808784083264,0.5952672706121207,False,False,nan,nan,nan,nan,0.0,0.07791824108540446,0.98,0.07791824108540446,49,1.9720554655900313,0.0911674808043666,15.9577978719336,0.34184486277128145,0,nan,nan,nan,nan,0,nan,nan,nan,nan,m2063-osd-osd_v0_0207_t5::L2_window_50,m2063-osd-osd_v0_0207_t5,osd_v0_0207_t5,T5_terminal_boundary_near_constraint,m2060_no_rollout_outcome_supported_decisive_generator,low_grip_terminal_boundary,T5_terminal_boundary_near_constraint|low_grip_terminal_boundary|medium|tight|straight_or_low|mixed_mu|high,m2060_t5_003,,,,,osd_v0_0207_t5,smoke_proxy,t5_boundary_axis_retarget,true,false,L2_window_50,runs/m1674_controller_family_one_seed_public_pilot/configs/L2_window_50_seed167400.json,runs/m1674_controller_family_one_seed_public_pilot/profile_runs/L2_window_50/seed_167400/checkpoint.pt,210417,False,True,True,True,True,False,False,False,False,False,False,False,False,False,False,False,unavoidable
210418,checkpoint,81,False,True,0.39096955931375954,0.3006847719577864,1180.2738719756662,0.8139819806728733,1.2862704484385707,-0.060336054361809444,1.407247251355618,1.1651310995781248,1.0325092366725,1.5902394188484867,1.5902394188484867,32,True,True,drift_required,False,True,2.1344084702918154,1.2662959282480237,0.8681125420437916,,True,obstacle_pass,success_obstacle_pass,120.70808148052217,1.4902232281545946,0.3230676745701558,0.5786458615812506,0.08983600194758065,0.3629038239000101,0.024691358024691357,12.980229906404848,0.0011305775260552764,1,nan,nan,0.02,4.4,81.0,1.62,nan,nan,False,nan,0.3629038239000101,0.7708135794230897,True,False,nan,nan,nan,nan,0.0,0.0,nan,0.0,81,0.3230676745701558,0.08983600194758065,12.980229906404848,1.4902232281545946,0,nan,nan,nan,nan,0,nan,nan,nan,nan,m2063-osd-osd_v0_0207_t5::L3_online_gru,m2063-osd-osd_v0_0207_t5,osd_v0_0207_t5,T5_terminal_boundary_near_constraint,m2060_no_rollout_outcome_supported_decisive_generator,low_grip_terminal_boundary,T5_terminal_boundary_near_constraint|low_grip_terminal_boundary|medium|tight|straight_or_low|mixed_mu|high,m2060_t5_003,,,,,osd_v0_0207_t5,smoke_proxy,t5_boundary_axis_retarget,true,false,L3_online_gru,runs/m1674_controller_family_one_seed_public_pilot/configs/L3_online_gru_seed167400.json,runs/m1674_controller_family_one_seed_public_pilot/profile_runs/L3_online_gru/seed_167400/checkpoint.pt,210418,True,True,True,True,True,False,False,False,False,False,False,False,False,False,False,False,drift_required
210419,checkpoint,57,True,False,0.37465514405964295,0.43680585482554257,1504.7410758294113,1.0377524660892492,0.9269977098221406,0.12203534265336247,0.9453768200745573,0.6841972416445863,0.9634838822186627,0.7537307010844612,0.7537307010844612,27,True,True,drift_required,True,False,1.1609798811122303,1.2463965722695354,-0.0854166911573051,obstacle_collision,False,obstacle_collision,collision_failure,30.99564790711129,0.5437832966159876,0.8682469937207034,1.748526690292799,0.16332535884133226,0.09434248291851449,0.0,14.949960362345383,0.0005654403357766569,1,nan,nan,0.02,4.4,nan,nan,nan,nan,False,nan,0.09434248291851449,0.5033998862830259,False,False,15.750645001285953,0.09434248291851449,0.5033998862830259,16.275239687160038,16.275239687160038,0.0,nan,0.0,57,0.8682469937207034,0.16332535884133226,14.949960362345383,0.5437832966159876,0,nan,nan,nan,nan,0,nan,nan,nan,nan,m2063-osd-osd_v0_0207_t5::L3_reset_control_corrected,m2063-osd-osd_v0_0207_t5,osd_v0_0207_t5,T5_terminal_boundary_near_constraint,m2060_no_rollout_outcome_supported_decisive_generator,low_grip_terminal_boundary,T5_terminal_boundary_near_constraint|low_grip_terminal_boundary|medium|tight|straight_or_low|mixed_mu|high,m2060_t5_003,,,,,osd_v0_0207_t5,smoke_proxy,t5_boundary_axis_retarget,true,false,L3_reset_control_corrected,runs/m1674_controller_family_one_seed_public_pilot/configs/L3_reset_control_corrected_seed167400.json,runs/m1674_controller_family_one_seed_public_pilot/profile_runs/L3_reset_control_corrected/seed_167400/checkpoint.pt,210419,False,True,True,True,True,False,False,False,False,False,False,False,False,False,False,False,drift_required
210420,checkpoint,23,True,False,0.6287725670179016,0.6760389272940376,1723.5395679559597,1.1886479779006618,0.9363785721350563,0.050645686990375305,1.131444788659478,0.7059250390724694,0.6719948004001833,2.4775948384490873,2.4775948384490873,22,True,True,unavoidable,True,False,1.121897546566661,1.1608188642364812,-0.03892131766982021,obstacle_collision,False,obstacle_collision,collision_failure,-8.809675552048706,-0.3830293718282046,0.11893891540241609,0.19360512929349483,0.21863997388146889,0.04406632689771797,0.0,8.452053720619649,0.0036444717552512884,1,nan,nan,0.02,7.0,nan,nan,nan,nan,False,nan,0.04406632689771797,0.20411763154045054,False,False,8.441263824137403,0.0053521521598002345,0.0506128909278592,8.643607777659192,8.643607777659192,0.0,nan,0.0,23,0.11893891540241609,0.21863997388146889,8.452053720619649,-0.3830293718282046,0,nan,nan,nan,nan,0,nan,nan,nan,nan,m2063-osd-osd_v0_0208_t5::L0_current_masked,m2063-osd-osd_v0_0208_t5,osd_v0_0208_t5,T5_terminal_boundary_near_constraint,m2060_no_rollout_outcome_supported_decisive_generator,actuator_delay_terminal_boundary,T5_terminal_boundary_near_constraint|actuator_delay_terminal_boundary|late|generous|moderate|actuator_delay|low,m2060_t5_004,,,,,osd_v0_0208_t5,smoke_proxy,t5_boundary_axis_retarget,true,false,L0_current_masked,runs/m1674_controller_family_one_seed_public_pilot/configs/L0_current_masked_seed167400.json,runs/m1674_controller_family_one_seed_public_pilot/profile_runs/L0_current_masked/seed_167400/checkpoint.pt,210420,False,True,True,True,True,False,False,False,False,False,False,False,False,False,False,False,unavoidable
210421,checkpoint,29,True,False,0.7826146933989762,0.7532832940406962,1629.1824138885054,1.1235740785437969,0.9507156939973583,0.02929021588919678,1.2600710704210565,0.6138863015827033,0.8545490175863459,1.9229486380694054,1.9229486380694052,28,True,True,unavoidable,True,False,1.0007716095724282,1.1811662801719127,-0.18039467059948455,obstacle_collision,False,obstacle_collision,collision_failure,-1.3081122309233848,-0.045107318307702926,0.11504334241412364,0.2654449327920858,0.1494976284144529,0.018873494008396757,0.0,10.394000637086027,0.0034384620375931263,1,nan,nan,0.02,7.0,nan,nan,nan,nan,False,nan,0.018873494008396757,0.2287198296705646,False,False,10.540498400528223,0.005887052851163792,0.07860969307876588,11.453276249259105,11.453276249259105,0.0,nan,0.0,29,0.11504334241412364,0.1494976284144529,10.394000637086027,-0.045107318307702926,0,nan,nan,nan,nan,0,nan,nan,nan,nan,m2063-osd-osd_v0_0208_t5::L1_one_step,m2063-osd-osd_v0_0208_t5,osd_v0_0208_t5,T5_terminal_boundary_near_constraint,m2060_no_rollout_outcome_supported_decisive_generator,actuator_delay_terminal_boundary,T5_terminal_boundary_near_constraint|actuator_delay_terminal_boundary|late|generous|moderate|actuator_delay|low,m2060_t5_004,,,,,osd_v0_0208_t5,smoke_proxy,t5_boundary_axis_retarget,true,false,L1_one_step,runs/m1674_controller_family_one_seed_public_pilot/configs/L1_one_step_seed167400.json,runs/m1674_controller_family_one_seed_public_pilot/profile_runs/L1_one_step/seed_167400/checkpoint.pt,210421,False,True,True,True,True,False,False,False,False,False,False,False,False,False,False,False,unavoidable
210422,checkpoint,33,True,False,0.6667924710193112,0.5179439209385946,1764.9557443536737,1.2172108581749475,1.0224831302701967,0.07609818997942708,0.7496012727761363,1.3054233795190981,0.8049533065230214,2.25324003984493,2.25324003984493,13,True,True,unavoidable,True,False,1.6313726569846057,1.6577887162013782,-0.02641605921677259,obstacle_collision,False,obstacle_collision,collision_failure,-1.157448234732776,-0.03507418893129624,0.38988201037930803,0.941611656911661,0.3034653090502623,0.030825643804110552,0.0,9.897874510870086,0.0037718787789344788,1,nan,nan,0.02,7.0,nan,nan,nan,nan,False,nan,0.030825643804110552,0.4958250315086352,False,False,9.58421243911173,0.011534978001534659,0.4958250315086352,9.771642727347224,9.771642727347224,0.0,nan,0.0,33,0.38988201037930803,0.3034653090502623,9.897874510870086,-0.03507418893129624,0,nan,nan,nan,nan,0,nan,nan,nan,nan,m2063-osd-osd_v0_0208_t5::L2_window_50,m2063-osd-osd_v0_0208_t5,osd_v0_0208_t5,T5_terminal_boundary_near_constraint,m2060_no_rollout_outcome_supported_decisive_generator,actuator_delay_terminal_boundary,T5_terminal_boundary_near_constraint|actuator_delay_terminal_boundary|late|generous|moderate|actuator_delay|low,m2060_t5_004,,,,,osd_v0_0208_t5,smoke_proxy,t5_boundary_axis_retarget,true,false,L2_window_50,runs/m1674_controller_family_one_seed_public_pilot/configs/L2_window_50_seed167400.json,runs/m1674_controller_family_one_seed_public_pilot/profile_runs/L2_window_50/seed_167400/checkpoint.pt,210422,False,True,True,True,True,False,False,False,False,False,False,False,False,False,False,False,unavoidable
210423,checkpoint,26,True,False,0.763988929710173,0.487752823360943,1412.1868746082494,0.9739219824884479,0.8540359574905694,-0.09415875026934994,0.6149225171425837,0.6478405796140861,1.0732706655451798,2.1656195001227596,2.1656195001227596,21,True,True,unavoidable,True,False,1.564428438300091,1.6888127668546198,-0.12438432855452874,obstacle_collision,False,obstacle_collision,collision_failure,-2.7272767977314594,-0.10489526145120998,0.07541804621731943,0.1698757564686062,0.23217271267452075,0.023422753534235043,0.0,8.643285604799726,0.003165297210216522,1,nan,nan,0.02,7.0,nan,nan,nan,nan,False,nan,0.023422753534235043,0.20859927457147587,False,False,9.126347471001688,0.007921832426471567,0.09417269060396524,9.761647299047965,9.761647299047965,0.0,nan,0.0,26,0.07541804621731943,0.23217271267452075,8.643285604799726,-0.10489526145120998,0,nan,nan,nan,nan,0,nan,nan,nan,nan,m2063-osd-osd_v0_0208_t5::L3_online_gru,m2063-osd-osd_v0_0208_t5,osd_v0_0208_t5,T5_terminal_boundary_near_constraint,m2060_no_rollout_outcome_supported_decisive_generator,actuator_delay_terminal_boundary,T5_terminal_boundary_near_constraint|actuator_delay_terminal_boundary|late|generous|moderate|actuator_delay|low,m2060_t5_004,,,,,osd_v0_0208_t5,smoke_proxy,t5_boundary_axis_retarget,true,false,L3_online_gru,runs/m1674_controller_family_one_seed_public_pilot/configs/L3_online_gru_seed167400.json,runs/m1674_controller_family_one_seed_public_pilot/profile_runs/L3_online_gru/seed_167400/checkpoint.pt,210423,False,True,True,True,True,False,False,False,False,False,False,False,False,False,False,False,unavoidable
210424,checkpoint,22,True,False,0.667692535385535,0.7354402215165607,1373.4471385974482,0.947204923170654,1.1776864121740607,-0.028331173655671504,0.7770352316044877,1.2152005016071472,1.014697690757858,2.355798646547213,2.355798646547213,12,True,True,unavoidable,True,False,1.159036102515144,1.1934595155691288,-0.034423413053984664,obstacle_collision,False,obstacle_collision,collision_failure,-7.976727613954903,-0.36257852790704104,0.046752556402904044,0.06395376453294688,0.05634899733378345,0.03585139571504508,0.0,7.424592029014656,0.001832196256145835,1,nan,nan,0.02,7.0,nan,nan,nan,nan,False,nan,0.03585139571504508,0.18797843183048418,False,False,7.545362954382156,0.011434017686692081,0.08173722838018666,7.731370751333444,7.731370751333444,0.0,nan,0.0,22,0.046752556402904044,0.05634899733378345,7.424592029014656,-0.36257852790704104,0,nan,nan,nan,nan,0,nan,nan,nan,nan,m2063-osd-osd_v0_0208_t5::L3_reset_control_corrected,m2063-osd-osd_v0_0208_t5,osd_v0_0208_t5,T5_terminal_boundary_near_constraint,m2060_no_rollout_outcome_supported_decisive_generator,actuator_delay_terminal_boundary,T5_terminal_boundary_near_constraint|actuator_delay_terminal_boundary|late|generous|moderate|actuator_delay|low,m2060_t5_004,,,,,osd_v0_0208_t5,smoke_proxy,t5_boundary_axis_retarget,true,false,L3_reset_control_corrected,runs/m1674_controller_family_one_seed_public_pilot/configs/L3_reset_control_corrected_seed167400.json,runs/m1674_controller_family_one_seed_public_pilot/profile_runs/L3_reset_control_corrected/seed_167400/checkpoint.pt,210424,False,True,True,True,True,False,False,False,False,False,False,False,False,False,False,False,unavoidable
210425,checkpoint,28,True,False,0.4484237854042351,0.8294765292178923,1521.1717929604479,1.0490839951451365,1.102258424191978,0.06570465474419063,0.6597158510759583,0.9683793528845562,0.6126044504229429,0.8099358867913441,0.8099358867913442,13,True,True,drift_required,True,False,1.1507887323791424,1.1677177679603723,-0.016929035581229934,obstacle_collision,False,obstacle_collision,collision_failure,-3.0394649667248217,-0.10855232024017221,0.44253486599322817,0.8967986035725772,0.08023522805647525,0.026530258141109073,0.0,10.900209691847376,0.0035808917600661516,1,nan,nan,0.02,5.5,nan,nan,nan,nan,False,nan,0.026530258141109073,0.5290404821082755,False,False,10.69350786914687,0.001496349077668568,0.007325123859822103,10.779633733977837,10.779633733977837,0.0,nan,0.0,28,0.44253486599322817,0.08023522805647525,10.900209691847376,-0.10855232024017221,0,nan,nan,nan,nan,0,nan,nan,nan,nan,m2063-osd-osd_v0_0209_t5::L0_current_masked,m2063-osd-osd_v0_0209_t5,osd_v0_0209_t5,T5_terminal_boundary_near_constraint,m2060_no_rollout_outcome_supported_decisive_generator,mixed_dynamics_terminal_boundary,T5_terminal_boundary_near_constraint|mixed_dynamics_terminal_boundary|early|nominal|high|nominal_mu|nominal,m2060_t5_005,,,,,osd_v0_0209_t5,smoke_proxy,t5_boundary_axis_retarget,true,false,L0_current_masked,runs/m1674_controller_family_one_seed_public_pilot/configs/L0_current_masked_seed167400.json,runs/m1674_controller_family_one_seed_public_pilot/profile_runs/L0_current_masked/seed_167400/checkpoint.pt,210425,False,True,True,True,True,False,False,False,False,False,False,False,False,False,False,False,drift_required
210426,checkpoint,23,True,False,0.9773462808297739,1.0142548351557903,1737.8779252443294,1.198536500168503,1.2313266669444534,-0.12179638674967452,0.8365302347440179,0.8799984644524101,1.2175221817121464,0.8699558651323565,0.8699558651323563,18,True,True,unavoidable,True,False,1.1584217426997947,1.3646139673195747,-0.20619222461978004,obstacle_collision,False,obstacle_collision,collision_failure,-7.098016024983121,-0.30860939239057045,0.32177873089802533,0.5725049084230349,0.09920113576374998,0.045157817341455526,0.0,10.60724408020337,0.0021305184345692396,1,nan,nan,0.02,5.5,nan,nan,nan,nan,False,nan,0.045157817341455526,0.49042775373293507,False,False,10.80769385683361,0.0028772027495682093,0.014916694713599871,11.841585250778655,11.841585250778655,0.0,nan,0.0,23,0.32177873089802533,0.09920113576374998,10.60724408020337,-0.30860939239057045,0,nan,nan,nan,nan,0,nan,nan,nan,nan,m2063-osd-osd_v0_0209_t5::L1_one_step,m2063-osd-osd_v0_0209_t5,osd_v0_0209_t5,T5_terminal_boundary_near_constraint,m2060_no_rollout_outcome_supported_decisive_generator,mixed_dynamics_terminal_boundary,T5_terminal_boundary_near_constraint|mixed_dynamics_terminal_boundary|early|nominal|high|nominal_mu|nominal,m2060_t5_005,,,,,osd_v0_0209_t5,smoke_proxy,t5_boundary_axis_retarget,true,false,L1_one_step,runs/m1674_controller_family_one_seed_public_pilot/configs/L1_one_step_seed167400.json,runs/m1674_controller_family_one_seed_public_pilot/profile_runs/L1_one_step/seed_167400/checkpoint.pt,210426,False,True,True,True,True,False,False,False,False,False,False,False,False,False,False,False,unavoidable
210427,checkpoint,36,True,False,0.92689208520472,0.7987580527758079,1790.1317157893434,1.234573597096099,1.0179325563793893,-0.056609011507249285,1.4165744688099746,1.252275663732683,0.6247013945938247,0.8131174265795922,0.8131174265795921,9,True,True,drift_required,True,False,1.2049216447377222,1.2252848750168852,-0.02036323027916298,obstacle_collision,False,obstacle_collision,collision_failure,-2.4304120127267517,-0.06751144479796532,1.4464910146125831,2.7805724273475434,0.05489188389736354,0.05195792545549239,0.0,10.243789113895161,0.003820690093562007,1,nan,nan,0.02,5.5,nan,nan,nan,nan,False,nan,0.05195792545549239,0.47711542322329326,False,False,9.8388977442315,0.04483842014702615,0.4757048913140206,10.010703594832231,10.010703594832231,0.0,nan,0.0,36,1.4464910146125831,0.05489188389736354,10.243789113895161,-0.06751144479796532,0,nan,nan,nan,nan,0,nan,nan,nan,nan,m2063-osd-osd_v0_0209_t5::L2_window_50,m2063-osd-osd_v0_0209_t5,osd_v0_0209_t5,T5_terminal_boundary_near_constraint,m2060_no_rollout_outcome_supported_decisive_generator,mixed_dynamics_terminal_boundary,T5_terminal_boundary_near_constraint|mixed_dynamics_terminal_boundary|early|nominal|high|nominal_mu|nominal,m2060_t5_005,,,,,osd_v0_0209_t5,smoke_proxy,t5_boundary_axis_retarget,true,false,L2_window_50,runs/m1674_controller_family_one_seed_public_pilot/configs/L2_window_50_seed167400.json,runs/m1674_controller_family_one_seed_public_pilot/profile_runs/L2_window_50/seed_167400/checkpoint.pt,210427,False,True,True,True,True,False,False,False,False,False,False,False,False,False,False,False,drift_required
210428,checkpoint,25,True,False,0.9063751734855932,0.9829668425491294,1789.1837734975545,1.233919843791417,1.1772703139261642,-0.05135850738050318,1.177391041085977,0.6047582656015383,1.1854708532289333,1.071547257962554,1.071547257962554,22,True,True,unavoidable,True,False,1.4005821378126166,1.4971777472046928,-0.09659560939207612,obstacle_collision,False,obstacle_collision,collision_failure,-5.832391202742464,-0.23329564810969855,0.2505378276777255,0.5819620122201137,0.2895724405987028,0.013688212722663802,0.0,12.529542215968517,0.0031814677640795708,1,nan,nan,0.02,5.5,nan,nan,nan,nan,False,nan,0.013688212722663802,0.5493658219209575,False,False,13.017565688624382,0.005882783359900685,0.19271286451488617,13.522756413716202,13.522756413716202,0.0,nan,0.0,25,0.2505378276777255,0.2895724405987028,12.529542215968517,-0.23329564810969855,0,nan,nan,nan,nan,0,nan,nan,nan,nan,m2063-osd-osd_v0_0209_t5::L3_online_gru,m2063-osd-osd_v0_0209_t5,osd_v0_0209_t5,T5_terminal_boundary_near_constraint,m2060_no_rollout_outcome_supported_decisive_generator,mixed_dynamics_terminal_boundary,T5_terminal_boundary_near_constraint|mixed_dynamics_terminal_boundary|early|nominal|high|nominal_mu|nominal,m2060_t5_005,,,,,osd_v0_0209_t5,smoke_proxy,t5_boundary_axis_retarget,true,false,L3_online_gru,runs/m1674_controller_family_one_seed_public_pilot/configs/L3_online_gru_seed167400.json,runs/m1674_controller_family_one_seed_public_pilot/profile_runs/L3_online_gru/seed_167400/checkpoint.pt,210428,False,True,True,True,True,False,False,False,False,False,False,False,False,False,False,False,unavoidable
210429,checkpoint,29,True,False,0.931371732789938,0.809586340057817,1789.8526858590658,1.2343811626614247,1.26738184340598,0.00919153877028478,0.8871183416795876,1.226323901048781,0.8013295196889068,0.6570348013960351,0.6570348013960351,14,True,True,unavoidable,True,False,1.323696314546578,1.364160466872472,-0.040464152325893954,obstacle_collision,False,obstacle_collision,collision_failure,-1.731088714399739,-0.059692714289646176,0.15157450233481146,0.2042193756302808,0.09762437900626354,0.011449138300882874,0.0,9.996669558859105,0.0017441350501030684,1,nan,nan,0.02,5.5,nan,nan,nan,nan,False,nan,0.011449138300882874,0.4675547080820949,False,False,9.991465632588405,0.007201808899405081,0.14398811851988652,10.211786110519565,10.211786110519565,0.0,nan,0.0,29,0.15157450233481146,0.09762437900626354,9.996669558859105,-0.059692714289646176,0,nan,nan,nan,nan,0,nan,nan,nan,nan,m2063-osd-osd_v0_0209_t5::L3_reset_control_corrected,m2063-osd-osd_v0_0209_t5,osd_v0_0209_t5,T5_terminal_boundary_near_constraint,m2060_no_rollout_outcome_supported_decisive_generator,mixed_dynamics_terminal_boundary,T5_terminal_boundary_near_constraint|mixed_dynamics_terminal_boundary|early|nominal|high|nominal_mu|nominal,m2060_t5_005,,,,,osd_v0_0209_t5,smoke_proxy,t5_boundary_axis_retarget,true,false,L3_reset_control_corrected,runs/m1674_controller_family_one_seed_public_pilot/configs/L3_reset_control_corrected_seed167400.json,runs/m1674_controller_family_one_seed_public_pilot/profile_runs/L3_reset_control_corrected/seed_167400/checkpoint.pt,210429,False,True,True,True,True,False,False,False,False,False,False,False,False,False,False,False,unavoidable
210430,checkpoint,78,True,False,0.7116783189049821,0.48635544392311325,1329.5596560780668,0.9169376938469427,0.9500181837944774,0.07822831925065565,0.6682085255858944,1.080736088560182,0.8314673371390552,1.0038344927472351,1.0038344927472351,14,True,True,aes_feasible,True,False,1.963457088257986,1.9742172000942104,-0.010760111836224384,obstacle_collision,False,obstacle_collision,collision_failure,42.86546417749186,0.5495572330447674,0.7207625080643769,1.742730942214024,0.11185814410883729,0.007709738579767445,0.0,14.065120078938426,0.0009528296650387347,1,nan,nan,0.02,4.4,nan,nan,nan,nan,False,nan,0.007709738579767445,0.21166008668231862,False,False,13.546277375083267,0.0015528729673487192,0.06354686711569266,13.607209057459633,13.607209057459633,0.0,nan,0.0,78,0.7207625080643769,0.11185814410883729,14.065120078938426,0.5495572330447674,0,nan,nan,nan,nan,0,nan,nan,nan,nan,m2063-osd-osd_v0_0210_t5::L0_current_masked,m2063-osd-osd_v0_0210_t5,osd_v0_0210_t5,T5_terminal_boundary_near_constraint,m2060_no_rollout_outcome_supported_decisive_generator,near_zero_clearance_margin,T5_terminal_boundary_near_constraint|near_zero_clearance_margin|medium|tight|straight_or_low|low_mu|high,m2060_t5_006,,,,,osd_v0_0210_t5,smoke_proxy,t5_boundary_axis_retarget,true,false,L0_current_masked,runs/m1674_controller_family_one_seed_public_pilot/configs/L0_current_masked_seed167400.json,runs/m1674_controller_family_one_seed_public_pilot/profile_runs/L0_current_masked/seed_167400/checkpoint.pt,210430,False,True,True,True,True,False,False,False,False,False,False,False,False,False,False,False,aes_feasible
210431,checkpoint,47,True,False,0.9878184724096106,0.3735642363686095,1468.9302229152775,1.0130553261484672,1.2471987628011918,0.007402122803968236,1.3832483077566686,1.1023792434734347,0.961434754074964,1.2482944950857806,1.2482944950857806,9,True,True,unavoidable,True,False,1.7538785576512834,1.8150733918649022,-0.06119483421361882,obstacle_collision,False,obstacle_collision,collision_failure,14.675308943821832,0.31224061582599644,0.17976991049208607,0.4733006719377073,0.28175468365355716,0.003736876526834982,0.0,13.478065358512055,0.0013886024244129658,1,nan,nan,0.02,4.4,nan,nan,nan,nan,False,nan,0.003736876526834982,0.18665155086052826,False,False,13.309436544533405,0.002783016709187298,0.05946004916090361,13.622748228872183,13.622748228872183,0.0,nan,0.0,47,0.17976991049208607,0.28175468365355716,13.478065358512055,0.31224061582599644,0,nan,nan,nan,nan,0,nan,nan,nan,nan,m2063-osd-osd_v0_0210_t5::L1_one_step,m2063-osd-osd_v0_0210_t5,osd_v0_0210_t5,T5_terminal_boundary_near_constraint,m2060_no_rollout_outcome_supported_decisive_generator,near_zero_clearance_margin,T5_terminal_boundary_near_constraint|near_zero_clearance_margin|medium|tight|straight_or_low|low_mu|high,m2060_t5_006,,,,,osd_v0_0210_t5,smoke_proxy,t5_boundary_axis_retarget,true,false,L1_one_step,runs/m1674_controller_family_one_seed_public_pilot/configs/L1_one_step_seed167400.json,runs/m1674_controller_family_one_seed_public_pilot/profile_runs/L1_one_step/seed_167400/checkpoint.pt,210431,False,True,True,True,True,False,False,False,False,False,False,False,False,False,False,False,unavoidable
210432,checkpoint,54,True,False,0.8377273296824006,0.4683083038807402,1552.458424305337,1.0706609822795428,0.8918845029372877,-0.13712354757618983,1.0311982198926155,0.9992731387504333,0.8459681242930273,1.059445456709129,1.059445456709129,23,True,True,drift_required,False,False,2.730172560373046,1.7099394252097464,1.0202331351632994,off_track,False,off_track,off_track_noncollision_noncompletion,18.647397613421248,0.3453221780263194,1.9840417663448344,4.423043400867968,0.03289425090089074,0.025491899087086812,0.0,13.789583535397288,0.0030687623657286167,1,nan,nan,0.02,4.4,nan,nan,nan,nan,False,nan,0.025491899087086812,0.5644337925215029,False,False,nan,nan,nan,nan,0.0,0.023043400867967634,1.08,0.023043400867967634,54,1.9840417663448344,0.03289425090089074,13.789583535397288,0.3453221780263194,0,nan,nan,nan,nan,0,nan,nan,nan,nan,m2063-osd-osd_v0_0210_t5::L2_window_50,m2063-osd-osd_v0_0210_t5,osd_v0_0210_t5,T5_terminal_boundary_near_constraint,m2060_no_rollout_outcome_supported_decisive_generator,near_zero_clearance_margin,T5_terminal_boundary_near_constraint|near_zero_clearance_margin|medium|tight|straight_or_low|low_mu|high,m2060_t5_006,,,,,osd_v0_0210_t5,smoke_proxy,t5_boundary_axis_retarget,true,false,L2_window_50,runs/m1674_controller_family_one_seed_public_pilot/configs/L2_window_50_seed167400.json,runs/m1674_controller_family_one_seed_public_pilot/profile_runs/L2_window_50/seed_167400/checkpoint.pt,210432,False,True,True,True,True,False,False,False,False,False,False,False,False,False,False,False,drift_required
210433,checkpoint,72,False,True,0.9418209028074271,0.47887725424917954,1292.594300282836,0.8914443450226455,0.9995614770403174,0.0015679793419351995,0.7729623762913979,0.9330111010573146,1.2869104624389816,1.6096121214689285,1.6096121214689285,11,True,True,drift_required,False,True,3.1012735991693434,2.006534773595892,1.0947388255734514,,True,obstacle_pass,success_obstacle_pass,101.07265424637396,1.4037868645329716,0.5113434291366885,1.2220942075288619,0.10220540713967251,0.055010658758531214,0.0,16.26463177047396,0.0011967401951551437,1,nan,nan,0.02,4.4,72.0,1.44,72.0,1.44,True,0.0,0.055010658758531214,0.3034502781926202,False,True,nan,nan,nan,nan,0.0,0.0,nan,0.0,72,0.5113434291366885,0.10220540713967251,16.26463177047396,1.4037868645329716,0,nan,nan,nan,nan,0,nan,nan,nan,nan,m2063-osd-osd_v0_0210_t5::L3_online_gru,m2063-osd-osd_v0_0210_t5,osd_v0_0210_t5,T5_terminal_boundary_near_constraint,m2060_no_rollout_outcome_supported_decisive_generator,near_zero_clearance_margin,T5_terminal_boundary_near_constraint|near_zero_clearance_margin|medium|tight|straight_or_low|low_mu|high,m2060_t5_006,,,,,osd_v0_0210_t5,smoke_proxy,t5_boundary_axis_retarget,true,false,L3_online_gru,runs/m1674_controller_family_one_seed_public_pilot/configs/L3_online_gru_seed167400.json,runs/m1674_controller_family_one_seed_public_pilot/profile_runs/L3_online_gru/seed_167400/checkpoint.pt,210433,True,True,True,True,True,False,False,False,False,False,False,False,False,False,False,False,drift_required
210434,checkpoint,90,False,True,1.0379661394507023,0.430527883094142,1614.6005897726448,1.1135176481190654,1.2471541567969322,-0.05668264464876027,0.7017973027682318,1.303786795029391,0.9139975563986076,1.5812166941979715,1.5812166941979715,8,True,True,aes_feasible,False,True,1.91775928259891,1.7883455846691183,0.12941369792979174,,True,obstacle_pass,success_obstacle_pass,84.76188901426929,0.9417987668252142,1.4783344246516215,3.178030681338228,0.052542666398310345,0.07427515422847178,0.0,14.417481529142757,0.0004906132817268372,1,nan,nan,0.02,4.4,90.0,1.8,90.0,1.8,True,0.0,0.07427515422847178,0.23663954909986318,False,True,nan,nan,nan,nan,0.0,0.0,nan,0.0,90,1.4783344246516215,0.052542666398310345,14.417481529142757,0.9417987668252142,0,nan,nan,nan,nan,0,nan,nan,nan,nan,m2063-osd-osd_v0_0210_t5::L3_reset_control_corrected,m2063-osd-osd_v0_0210_t5,osd_v0_0210_t5,T5_terminal_boundary_near_constraint,m2060_no_rollout_outcome_supported_decisive_generator,near_zero_clearance_margin,T5_terminal_boundary_near_constraint|near_zero_clearance_margin|medium|tight|straight_or_low|low_mu|high,m2060_t5_006,,,,,osd_v0_0210_t5,smoke_proxy,t5_boundary_axis_retarget,true,false,L3_reset_control_corrected,runs/m1674_controller_family_one_seed_public_pilot/configs/L3_reset_control_corrected_seed167400.json,runs/m1674_controller_family_one_seed_public_pilot/profile_runs/L3_reset_control_corrected/seed_167400/checkpoint.pt,210434,True,True,True,True,True,False,False,False,False,False,False,False,False,False,False,False,aes_feasible
210435,checkpoint,56,False,True,1.077255000959588,0.3386037416050157,1834.8686373878668,1.2654266464743908,0.9897440485557422,0.09453587467297808,0.6602290095165153,0.5988165522841427,1.118525844737813,1.0587978092681567,1.0587978092681567,25,True,True,unavoidable,False,True,1.5669365645667648,1.3678830914707079,0.19905347309605692,,True,obstacle_pass,success_obstacle_pass,85.71842137606555,1.5306860960011706,0.1871625573096117,0.3853991909763401,0.054033017204247434,0.14370455589130546,0.0,9.325142103841443,0.0022583375684916973,1,nan,nan,0.02,7.0,56.0,1.12,56.0,1.12,True,0.0,0.14370455589130546,0.42134374549253895,False,True,nan,nan,nan,nan,0.0,0.0,nan,0.0,56,0.1871625573096117,0.054033017204247434,9.325142103841443,1.5306860960011706,0,nan,nan,nan,nan,0,nan,nan,nan,nan,m2063-osd-osd_v0_0211_t5::L0_current_masked,m2063-osd-osd_v0_0211_t5,osd_v0_0211_t5,T5_terminal_boundary_near_constraint,m2060_no_rollout_outcome_supported_decisive_generator,late_terminal_boundary_margin,T5_terminal_boundary_near_constraint|late_terminal_boundary_margin|late|generous|moderate|mixed_mu|low,m2060_t5_007,,,,,osd_v0_0211_t5,smoke_proxy,t5_boundary_axis_retarget,true,false,L0_current_masked,runs/m1674_controller_family_one_seed_public_pilot/configs/L0_current_masked_seed167400.json,runs/m1674_controller_family_one_seed_public_pilot/profile_runs/L0_current_masked/seed_167400/checkpoint.pt,210435,True,True,True,True,True,False,False,False,False,False,False,False,False,False,False,False,unavoidable
210436,checkpoint,19,True,False,0.6479769273953239,0.7285450462434295,1164.3573006687207,0.8030050349439453,1.1958474105703354,0.10771951877211805,0.895327185013904,0.553918849252387,0.8161400035823659,1.1390593050110516,1.1390593050110516,16,True,True,unavoidable,True,False,1.5271892051511315,1.6542330887031267,-0.12704388355199514,obstacle_collision,False,obstacle_collision,collision_failure,-12.19906167764631,-0.6420558777708584,0.22929038930790302,0.27332295527676465,0.18293213186158294,0.012105972457373198,0.0,8.492408732074928,0.004977496340870857,1,nan,nan,0.02,7.0,nan,nan,nan,nan,False,nan,0.012105972457373198,0.20732385433192413,False,False,8.640920056765793,0.00695990327645194,0.06078254678894565,9.28569768084289,9.28569768084289,0.0,nan,0.0,19,0.22929038930790302,0.18293213186158294,8.492408732074928,-0.6420558777708584,0,nan,nan,nan,nan,0,nan,nan,nan,nan,m2063-osd-osd_v0_0211_t5::L1_one_step,m2063-osd-osd_v0_0211_t5,osd_v0_0211_t5,T5_terminal_boundary_near_constraint,m2060_no_rollout_outcome_supported_decisive_generator,late_terminal_boundary_margin,T5_terminal_boundary_near_constraint|late_terminal_boundary_margin|late|generous|moderate|mixed_mu|low,m2060_t5_007,,,,,osd_v0_0211_t5,smoke_proxy,t5_boundary_axis_retarget,true,false,L1_one_step,runs/m1674_controller_family_one_seed_public_pilot/configs/L1_one_step_seed167400.json,runs/m1674_controller_family_one_seed_public_pilot/profile_runs/L1_one_step/seed_167400/checkpoint.pt,210436,False,True,True,True,True,False,False,False,False,False,False,False,False,False,False,False,unavoidable
210437,checkpoint,26,True,False,0.4914926838826552,0.8215806336199409,1437.2183353050755,0.9911850588310865,0.923560067705067,0.06066541509924184,0.908630518929828,0.7339086168581979,0.8676874994723139,1.9227760836110996,1.9227760836110996,12,True,True,unavoidable,True,False,1.1898337271751254,1.235321123621765,-0.04548739644663957,obstacle_collision,False,obstacle_collision,collision_failure,-6.377453853279956,-0.2452866866646137,0.429415585140833,0.9376705938648868,0.2387922266026279,0.06046773376617438,0.0,9.695395490575846,0.004104302730411291,1,nan,nan,0.02,7.0,nan,nan,nan,nan,False,nan,0.06046773376617438,0.45232305359721137,False,False,9.795420953867408,0.02397054736636822,0.45232305359721137,10.080075515143513,10.080075515143513,0.0,nan,0.0,26,0.429415585140833,0.2387922266026279,9.695395490575846,-0.2452866866646137,0,nan,nan,nan,nan,0,nan,nan,nan,nan,m2063-osd-osd_v0_0211_t5::L2_window_50,m2063-osd-osd_v0_0211_t5,osd_v0_0211_t5,T5_terminal_boundary_near_constraint,m2060_no_rollout_outcome_supported_decisive_generator,late_terminal_boundary_margin,T5_terminal_boundary_near_constraint|late_terminal_boundary_margin|late|generous|moderate|mixed_mu|low,m2060_t5_007,,,,,osd_v0_0211_t5,smoke_proxy,t5_boundary_axis_retarget,true,false,L2_window_50,runs/m1674_controller_family_one_seed_public_pilot/configs/L2_window_50_seed167400.json,runs/m1674_controller_family_one_seed_public_pilot/profile_runs/L2_window_50/seed_167400/checkpoint.pt,210437,False,True,True,True,True,False,False,False,False,False,False,False,False,False,False,False,unavoidable
210438,checkpoint,35,True,False,0.8348166032285378,0.566976273393645,1260.3722744176189,0.8692222582190475,1.2391610777111493,0.030643323254724297,1.110301207398233,0.6328366987332654,0.7941197036746721,0.8779512468437652,0.8779512468437652,20,True,True,drift_required,True,False,1.2679940310709623,1.3127418122717076,-0.044747781200745296,obstacle_collision,False,obstacle_collision,collision_failure,7.618229146427158,0.2176636898979188,0.5951228615543163,1.10374191191881,0.10373392797357076,0.1033285252753377,0.0,9.548469065514542,0.0021960800513625145,1,nan,nan,0.02,7.0,nan,nan,nan,nan,False,nan,0.1033285252753377,0.2837584482195117,False,False,10.055750716308163,0.01126774767590018,0.12378654725856514,10.297502150875696,10.297502150875696,0.0,nan,0.0,35,0.5951228615543163,0.10373392797357076,9.548469065514542,0.2176636898979188,0,nan,nan,nan,nan,0,nan,nan,nan,nan,m2063-osd-osd_v0_0211_t5::L3_online_gru,m2063-osd-osd_v0_0211_t5,osd_v0_0211_t5,T5_terminal_boundary_near_constraint,m2060_no_rollout_outcome_supported_decisive_generator,late_terminal_boundary_margin,T5_terminal_boundary_near_constraint|late_terminal_boundary_margin|late|generous|moderate|mixed_mu|low,m2060_t5_007,,,,,osd_v0_0211_t5,smoke_proxy,t5_boundary_axis_retarget,true,false,L3_online_gru,runs/m1674_controller_family_one_seed_public_pilot/configs/L3_online_gru_seed167400.json,runs/m1674_controller_family_one_seed_public_pilot/profile_runs/L3_online_gru/seed_167400/checkpoint.pt,210438,False,True,True,True,True,False,False,False,False,False,False,False,False,False,False,False,drift_required
210439,checkpoint,25,True,False,0.9174693649913328,0.8375726088085896,1259.8084537481814,0.8688334163780561,1.142908444764615,-0.04489330160089389,1.4157407839734448,1.2786853037721775,0.8737958775281071,1.0612286910356992,1.0612286910356992,15,True,True,unavoidable,True,False,1.0366007661759211,1.1227138093875144,-0.0861130432115933,obstacle_collision,False,obstacle_collision,collision_failure,-6.582168961098674,-0.26328675844394694,0.19400912332549192,0.3758303496587416,0.22361199908096668,0.03787371422612664,0.0,9.033416943398612,0.0017016130732372403,1,nan,nan,0.02,7.0,nan,nan,nan,nan,False,nan,0.03787371422612664,0.2338063647719012,False,False,9.065164546972994,0.013942489509101085,0.10670197214185215,9.513371204999697,9.513371204999697,0.0,nan,0.0,25,0.19400912332549192,0.22361199908096668,9.033416943398612,-0.26328675844394694,0,nan,nan,nan,nan,0,nan,nan,nan,nan,m2063-osd-osd_v0_0211_t5::L3_reset_control_corrected,m2063-osd-osd_v0_0211_t5,osd_v0_0211_t5,T5_terminal_boundary_near_constraint,m2060_no_rollout_outcome_supported_decisive_generator,late_terminal_boundary_margin,T5_terminal_boundary_near_constraint|late_terminal_boundary_margin|late|generous|moderate|mixed_mu|low,m2060_t5_007,,,,,osd_v0_0211_t5,smoke_proxy,t5_boundary_axis_retarget,true,false,L3_reset_control_corrected,runs/m1674_controller_family_one_seed_public_pilot/configs/L3_reset_control_corrected_seed167400.json,runs/m1674_controller_family_one_seed_public_pilot/profile_runs/L3_reset_control_corrected/seed_167400/checkpoint.pt,210439,False,True,True,True,True,False,False,False,False,False,False,False,False,False,False,False,unavoidable
210440,checkpoint,29,True,False,0.7603765029496681,0.6293974814371719,1812.6472606593982,1.250101559075447,0.8815026258976675,0.07388790256930888,0.8754581217792567,0.5782871947458808,0.8620741813382837,1.9025133708561246,1.9025133708561248,12,True,True,unavoidable,True,False,1.3016895944673736,1.3870661048123138,-0.0853765103449402,obstacle_collision,False,obstacle_collision,collision_failure,-4.869980450671026,-0.1679303603679664,0.6682195070418232,1.3406730875414254,0.2726714388325125,0.025317960633384887,0.0,9.838866084939923,0.003497373778373003,1,nan,nan,0.02,5.5,nan,nan,nan,nan,False,nan,0.025317960633384887,0.4257005481457572,False,False,10.027345844918708,0.0007801087068500805,0.02264346737984913,10.456882797734817,10.456882797734817,0.0,nan,0.0,29,0.6682195070418232,0.2726714388325125,9.838866084939923,-0.1679303603679664,0,nan,nan,nan,nan,0,nan,nan,nan,nan,m2063-osd-osd_v0_0212_t5::L0_current_masked,m2063-osd-osd_v0_0212_t5,osd_v0_0212_t5,T5_terminal_boundary_near_constraint,m2060_no_rollout_outcome_supported_decisive_generator,tight_road_terminal_boundary,T5_terminal_boundary_near_constraint|tight_road_terminal_boundary|early|nominal|high|actuator_delay|nominal,m2060_t5_008,,,,,osd_v0_0212_t5,smoke_proxy,t5_boundary_axis_retarget,true,false,L0_current_masked,runs/m1674_controller_family_one_seed_public_pilot/configs/L0_current_masked_seed167400.json,runs/m1674_controller_family_one_seed_public_pilot/profile_runs/L0_current_masked/seed_167400/checkpoint.pt,210440,False,True,True,True,True,False,False,False,False,False,False,False,False,False,False,False,unavoidable
210441,checkpoint,34,True,False,0.915990565814405,0.590939424432183,1318.6000300884186,0.9093793310954611,1.0272195061171743,-0.11360674405056503,0.5902462044883876,1.2621432087880256,0.8874128824675462,2.099428194985768,2.0994281949857676,16,True,True,unavoidable,True,False,1.6490913454892824,1.7116355025111392,-0.06254415702185678,obstacle_collision,False,obstacle_collision,collision_failure,2.223395109574902,0.06539397381102653,0.2744533506337532,0.6386650494826576,0.20144679070154134,0.05020945659736036,0.0,9.161673831701123,0.002963481703773141,1,nan,nan,0.02,5.5,nan,nan,nan,nan,False,nan,0.05020945659736036,0.46392246691095596,False,False,8.893969345384834,0.0040566561590785226,0.036697610478596474,9.212388219621516,9.212388219621516,0.0,nan,0.0,34,0.2744533506337532,0.20144679070154134,9.161673831701123,0.06539397381102653,0,nan,nan,nan,nan,0,nan,nan,nan,nan,m2063-osd-osd_v0_0212_t5::L1_one_step,m2063-osd-osd_v0_0212_t5,osd_v0_0212_t5,T5_terminal_boundary_near_constraint,m2060_no_rollout_outcome_supported_decisive_generator,tight_road_terminal_boundary,T5_terminal_boundary_near_constraint|tight_road_terminal_boundary|early|nominal|high|actuator_delay|nominal,m2060_t5_008,,,,,osd_v0_0212_t5,smoke_proxy,t5_boundary_axis_retarget,true,false,L1_one_step,runs/m1674_controller_family_one_seed_public_pilot/configs/L1_one_step_seed167400.json,runs/m1674_controller_family_one_seed_public_pilot/profile_runs/L1_one_step/seed_167400/checkpoint.pt,210441,False,True,True,True,True,False,False,False,False,False,False,False,False,False,False,False,unavoidable
210442,checkpoint,38,True,False,0.6321671642537667,0.5226041648917731,1310.2209326454915,0.9036006432037873,1.2358255298007774,-0.0036031384494110696,0.9928799271464903,0.9916213302291275,0.78150016734466,2.180681581133081,2.180681581133081,31,True,True,drift_required,True,False,1.4095434665105424,1.4594575973968662,-0.04991413088632379,obstacle_collision,False,obstacle_collision,collision_failure,5.382451101010588,0.14164345002659443,0.7757476163589327,1.6377173709098862,0.08972218342316551,0.048221265824207236,0.0,8.71908691877124,0.003111752448603511,1,nan,nan,0.02,5.5,nan,nan,nan,nan,False,nan,0.048221265824207236,0.42646234132301003,False,False,8.62826303832205,0.048221265824207236,0.42646234132301003,8.944590559798073,8.944590559798073,0.0,nan,0.0,38,0.7757476163589327,0.08972218342316551,8.71908691877124,0.14164345002659443,0,nan,nan,nan,nan,0,nan,nan,nan,nan,m2063-osd-osd_v0_0212_t5::L2_window_50,m2063-osd-osd_v0_0212_t5,osd_v0_0212_t5,T5_terminal_boundary_near_constraint,m2060_no_rollout_outcome_supported_decisive_generator,tight_road_terminal_boundary,T5_terminal_boundary_near_constraint|tight_road_terminal_boundary|early|nominal|high|actuator_delay|nominal,m2060_t5_008,,,,,osd_v0_0212_t5,smoke_proxy,t5_boundary_axis_retarget,true,false,L2_window_50,runs/m1674_controller_family_one_seed_public_pilot/configs/L2_window_50_seed167400.json,runs/m1674_controller_family_one_seed_public_pilot/profile_runs/L2_window_50/seed_167400/checkpoint.pt,210442,False,True,True,True,True,False,False,False,False,False,False,False,False,False,False,False,drift_required
210443,checkpoint,31,True,False,0.7388559611464427,0.6198539330335682,1513.3926705230529,1.0437190831193468,1.162647007193804,-0.10978366742010959,0.9738624136934113,0.9711520399837484,0.6910249553696475,2.2901326173844296,2.2901326173844296,10,True,True,unavoidable,True,False,1.2345744702694563,1.3158575204232787,-0.08128305015382242,obstacle_collision,False,obstacle_collision,collision_failure,0.23355150889256748,0.007533919641695725,0.27239496726550894,0.5333094651422066,0.18849609346659227,0.06543856118840022,0.0,9.601373156636958,0.0031609642319381237,1,nan,nan,0.02,5.5,nan,nan,nan,nan,False,nan,0.06543856118840022,0.4891291044873801,False,False,9.6498604464941,0.013422246214489801,0.13641766326370228,10.07662858669683,10.07662858669683,0.0,nan,0.0,31,0.27239496726550894,0.18849609346659227,9.601373156636958,0.007533919641695725,0,nan,nan,nan,nan,0,nan,nan,nan,nan,m2063-osd-osd_v0_0212_t5::L3_online_gru,m2063-osd-osd_v0_0212_t5,osd_v0_0212_t5,T5_terminal_boundary_near_constraint,m2060_no_rollout_outcome_supported_decisive_generator,tight_road_terminal_boundary,T5_terminal_boundary_near_constraint|tight_road_terminal_boundary|early|nominal|high|actuator_delay|nominal,m2060_t5_008,,,,,osd_v0_0212_t5,smoke_proxy,t5_boundary_axis_retarget,true,false,L3_online_gru,runs/m1674_controller_family_one_seed_public_pilot/configs/L3_online_gru_seed167400.json,runs/m1674_controller_family_one_seed_public_pilot/profile_runs/L3_online_gru/seed_167400/checkpoint.pt,210443,False,True,True,True,True,False,False,False,False,False,False,False,False,False,False,False,unavoidable
210444,checkpoint,32,True,False,0.9318289745185229,0.5596703745441737,1568.9421358433801,1.0820290592023312,1.287041327248564,-0.07748842175211301,0.9992554013996339,1.0198437297660727,1.0494858307049721,2.6427700999919823,2.6427700999919823,26,True,True,unavoidable,True,False,1.556090483092423,1.7171667270688244,-0.16107624397640152,obstacle_collision,False,obstacle_collision,collision_failure,0.17061504466916233,0.005331720145911323,0.6087696544064183,1.0548268123527151,0.2890608844373523,0.018267286842985266,0.0,9.357400134761924,0.0015902527375146747,1,nan,nan,0.02,5.5,nan,nan,nan,nan,False,nan,0.018267286842985266,0.43355311742704283,False,False,9.65165964841452,0.01337826600615669,0.13891601493810074,10.477621602793418,10.477621602793418,0.0,nan,0.0,32,0.6087696544064183,0.2890608844373523,9.357400134761924,0.005331720145911323,0,nan,nan,nan,nan,0,nan,nan,nan,nan,m2063-osd-osd_v0_0212_t5::L3_reset_control_corrected,m2063-osd-osd_v0_0212_t5,osd_v0_0212_t5,T5_terminal_boundary_near_constraint,m2060_no_rollout_outcome_supported_decisive_generator,tight_road_terminal_boundary,T5_terminal_boundary_near_constraint|tight_road_terminal_boundary|early|nominal|high|actuator_delay|nominal,m2060_t5_008,,,,,osd_v0_0212_t5,smoke_proxy,t5_boundary_axis_retarget,true,false,L3_reset_control_corrected,runs/m1674_controller_family_one_seed_public_pilot/configs/L3_reset_control_corrected_seed167400.json,runs/m1674_controller_family_one_seed_public_pilot/profile_runs/L3_reset_control_corrected/seed_167400/checkpoint.pt,210444,False,True,True,True,True,False,False,False,False,False,False,False,False,False,False,False,unavoidable
210445,checkpoint,30,True,False,0.40782268132850397,0.7512347691900028,1754.310856824285,1.2098695564305415,0.9166800273816534,-0.13915693935175466,1.2858136343393134,0.8508286505973108,0.6247435711272403,0.9838567200097097,0.9838567200097096,18,True,True,unavoidable,True,False,1.3530812582192733,1.4306338484546395,-0.0775525902353662,obstacle_collision,False,obstacle_collision,collision_failure,0.22190736840782677,0.007396912280260892,0.026640277294004196,0.04743806347427437,0.10565697705842052,0.07109210848765586,0.0,15.786952311550964,0.0014620047295466065,1,nan,nan,0.02,4.4,nan,nan,nan,nan,False,nan,0.07109210848765586,0.24327919439060994,False,False,15.632398167577668,0.0011074958964819822,0.04932976008903862,16.025647842711642,16.025647842711642,0.0,nan,0.0,30,0.026640277294004196,0.10565697705842052,15.786952311550964,0.007396912280260892,0,nan,nan,nan,nan,0,nan,nan,nan,nan,m2063-osd-osd_v0_0213_t5::L0_current_masked,m2063-osd-osd_v0_0213_t5,osd_v0_0213_t5,T5_terminal_boundary_near_constraint,m2060_no_rollout_outcome_supported_decisive_generator,low_grip_terminal_boundary,T5_terminal_boundary_near_constraint|low_grip_terminal_boundary|medium|tight|straight_or_low|nominal_mu|high,m2060_t5_009,,,,,osd_v0_0213_t5,smoke_proxy,t5_boundary_axis_retarget,true,false,L0_current_masked,runs/m1674_controller_family_one_seed_public_pilot/configs/L0_current_masked_seed167400.json,runs/m1674_controller_family_one_seed_public_pilot/profile_runs/L0_current_masked/seed_167400/checkpoint.pt,210445,False,True,True,True,True,False,False,False,False,False,False,False,False,False,False,False,unavoidable
210446,checkpoint,33,True,False,0.8036853051185024,1.001667175287785,1398.0707824519816,0.964186746518608,1.0860492705153442,0.13895346000640774,0.7447943447870021,1.0410033288125835,0.9390317764259154,0.9881616838606239,0.9881616838606239,10,True,True,drift_required,True,False,1.6315789464054253,1.6968612934163652,-0.06528234701093982,obstacle_collision,False,obstacle_collision,collision_failure,3.1833611120936283,0.09646548824526147,0.17108545772174175,0.3743849534282191,0.07000420211455767,0.022546430953851258,0.0,15.43611243310076,0.0012722167884930968,1,nan,nan,0.02,4.4,nan,nan,nan,nan,False,nan,0.022546430953851258,0.22600177851493694,False,False,15.334858633171706,0.004662131566685335,0.07807996249928997,15.671409430259676,15.671409430259676,0.0,nan,0.0,33,0.17108545772174175,0.07000420211455767,15.43611243310076,0.09646548824526147,0,nan,nan,nan,nan,0,nan,nan,nan,nan,m2063-osd-osd_v0_0213_t5::L1_one_step,m2063-osd-osd_v0_0213_t5,osd_v0_0213_t5,T5_terminal_boundary_near_constraint,m2060_no_rollout_outcome_supported_decisive_generator,low_grip_terminal_boundary,T5_terminal_boundary_near_constraint|low_grip_terminal_boundary|medium|tight|straight_or_low|nominal_mu|high,m2060_t5_009,,,,,osd_v0_0213_t5,smoke_proxy,t5_boundary_axis_retarget,true,false,L1_one_step,runs/m1674_controller_family_one_seed_public_pilot/configs/L1_one_step_seed167400.json,runs/m1674_controller_family_one_seed_public_pilot/profile_runs/L1_one_step/seed_167400/checkpoint.pt,210446,False,True,True,True,True,False,False,False,False,False,False,False,False,False,False,False,drift_required
210447,checkpoint,49,True,False,1.1216019364097831,0.8817553895439338,1534.3464804644868,1.0581699865272323,0.8476515393478248,-0.1175468411338696,0.8123554867343453,1.1385366008138718,0.9390696857999892,0.7526707472588613,0.7526707472588613,28,True,True,drift_required,False,False,2.8073910414245793,1.903156584072788,0.9042344573517913,off_track,False,off_track,off_track_noncollision_noncompletion,13.337451754589456,0.27219289295080523,2.009370937712345,4.584799188004084,0.21146843246676011,0.06374620296216864,0.0,16.756384115019774,0.003948410507291555,1,nan,nan,0.02,4.4,nan,nan,nan,nan,False,nan,0.06374620296216864,0.6404468172265946,False,False,nan,nan,nan,nan,0.0,0.18479918800408335,0.98,0.18479918800408335,49,2.009370937712345,0.21146843246676011,16.756384115019774,0.27219289295080523,0,nan,nan,nan,nan,0,nan,nan,nan,nan,m2063-osd-osd_v0_0213_t5::L2_window_50,m2063-osd-osd_v0_0213_t5,osd_v0_0213_t5,T5_terminal_boundary_near_constraint,m2060_no_rollout_outcome_supported_decisive_generator,low_grip_terminal_boundary,T5_terminal_boundary_near_constraint|low_grip_terminal_boundary|medium|tight|straight_or_low|nominal_mu|high,m2060_t5_009,,,,,osd_v0_0213_t5,smoke_proxy,t5_boundary_axis_retarget,true,false,L2_window_50,runs/m1674_controller_family_one_seed_public_pilot/configs/L2_window_50_seed167400.json,runs/m1674_controller_family_one_seed_public_pilot/profile_runs/L2_window_50/seed_167400/checkpoint.pt,210447,False,True,True,True,True,False,False,False,False,False,False,False,False,False,False,False,drift_required
210448,checkpoint,63,False,True,0.3986648528215482,0.754791710830784,1478.5496149280743,1.0196893896055685,1.2710528865294046,-0.03731745638477135,1.0942627135008927,0.9088627754934627,0.6583054875752467,0.7207943979541159,0.7207943979541159,16,True,True,aes_feasible,False,True,1.9069569148466148,1.7150236714396705,0.1919332434069443,,True,obstacle_pass,success_obstacle_pass,76.56603150569273,1.2153338334236943,0.4395694597423672,1.0391324926187124,0.28457395164360727,0.01120030632491171,0.0,15.440741440802812,0.0013282315339893103,1,nan,nan,0.02,4.4,63.0,1.26,63.0,1.26,True,0.0,0.01120030632491171,0.22430735576126773,False,True,nan,nan,nan,nan,0.0,0.0,nan,0.0,63,0.4395694597423672,0.28457395164360727,15.440741440802812,1.2153338334236943,0,nan,nan,nan,nan,0,nan,nan,nan,nan,m2063-osd-osd_v0_0213_t5::L3_online_gru,m2063-osd-osd_v0_0213_t5,osd_v0_0213_t5,T5_terminal_boundary_near_constraint,m2060_no_rollout_outcome_supported_decisive_generator,low_grip_terminal_boundary,T5_terminal_boundary_near_constraint|low_grip_terminal_boundary|medium|tight|straight_or_low|nominal_mu|high,m2060_t5_009,,,,,osd_v0_0213_t5,smoke_proxy,t5_boundary_axis_retarget,true,false,L3_online_gru,runs/m1674_controller_family_one_seed_public_pilot/configs/L3_online_gru_seed167400.json,runs/m1674_controller_family_one_seed_public_pilot/profile_runs/L3_online_gru/seed_167400/checkpoint.pt,210448,True,True,True,True,True,False,False,False,False,False,False,False,False,False,False,False,aes_feasible
210449,checkpoint,30,True,False,1.0540054339738538,0.9141332470931129,1825.9455367736266,1.2592727839818114,1.1544403075581622,-0.11101047975514122,1.2788404614135511,0.9913836829733714,1.1107939750695226,0.7806350387967778,0.7806350387967778,15,True,True,unavoidable,True,False,1.80254155298663,1.8386693642469267,-0.03612781126029674,obstacle_collision,False,obstacle_collision,collision_failure,-0.4439458374248275,-0.014798194580827585,0.3622093063734448,0.717763194148084,0.19415248549239214,0.011015339036467632,0.0,19.367263608032363,0.0009997478919103742,1,nan,nan,0.02,4.4,nan,nan,nan,nan,False,nan,0.011015339036467632,0.2697676981612577,False,False,19.674524261985464,0.005042728304415528,0.14077418953617674,19.871762101392775,19.871762101392775,0.0,nan,0.0,30,0.3622093063734448,0.19415248549239214,19.367263608032363,-0.014798194580827585,0,nan,nan,nan,nan,0,nan,nan,nan,nan,m2063-osd-osd_v0_0213_t5::L3_reset_control_corrected,m2063-osd-osd_v0_0213_t5,osd_v0_0213_t5,T5_terminal_boundary_near_constraint,m2060_no_rollout_outcome_supported_decisive_generator,low_grip_terminal_boundary,T5_terminal_boundary_near_constraint|low_grip_terminal_boundary|medium|tight|straight_or_low|nominal_mu|high,m2060_t5_009,,,,,osd_v0_0213_t5,smoke_proxy,t5_boundary_axis_retarget,true,false,L3_reset_control_corrected,runs/m1674_controller_family_one_seed_public_pilot/configs/L3_reset_control_corrected_seed167400.json,runs/m1674_controller_family_one_seed_public_pilot/profile_runs/L3_reset_control_corrected/seed_167400/checkpoint.pt,210449,False,True,True,True,True,False,False,False,False,False,False,False,False,False,False,False,unavoidable
210450,checkpoint,41,True,False,0.8685975866528883,0.41153071295119026,1444.4130905768998,0.9961469590185515,0.9862428159113819,-0.06087921152876685,0.6627789365916026,0.9215902657807077,0.6639233125199393,1.5035485644891544,1.5035485644891544,16,True,True,unavoidable,True,False,1.5694975174806922,1.6975886731378829,-0.12809115565719065,obstacle_collision,False,obstacle_collision,collision_failure,10.513476404260658,0.2564262537624551,0.39159910477037857,0.4545049615569319,0.10003610186057305,0.016278516040672503,0.0,7.007969947406664,0.0020260498858988285,1,nan,nan,0.02,7.0,nan,nan,nan,nan,False,nan,0.016278516040672503,0.179305477261359,False,False,6.76409724084717,0.009896239052810054,0.06146830883508038,7.415647969543037,7.415647969543037,0.0,nan,0.0,41,0.39159910477037857,0.10003610186057305,7.007969947406664,0.2564262537624551,0,nan,nan,nan,nan,0,nan,nan,nan,nan,m2063-osd-osd_v0_0214_t5::L0_current_masked,m2063-osd-osd_v0_0214_t5,osd_v0_0214_t5,T5_terminal_boundary_near_constraint,m2060_no_rollout_outcome_supported_decisive_generator,actuator_delay_terminal_boundary,T5_terminal_boundary_near_constraint|actuator_delay_terminal_boundary|late|generous|moderate|low_mu|low,m2060_t5_010,,,,,osd_v0_0214_t5,smoke_proxy,t5_boundary_axis_retarget,true,false,L0_current_masked,runs/m1674_controller_family_one_seed_public_pilot/configs/L0_current_masked_seed167400.json,runs/m1674_controller_family_one_seed_public_pilot/profile_runs/L0_current_masked/seed_167400/checkpoint.pt,210450,False,True,True,True,True,False,False,False,False,False,False,False,False,False,False,False,unavoidable
210451,checkpoint,33,True,False,0.9027693307131841,0.485743475683708,1352.192687041229,0.932546680718089,1.0764909207315365,-0.06877632294494163,1.0703542079683088,0.5929201743389929,1.0980940838446407,1.3512880615496945,1.3512880615496945,31,True,True,unavoidable,True,False,1.4509892517036496,1.5236825888768257,-0.07269333717317616,obstacle_collision,False,obstacle_collision,collision_failure,6.610815069284008,0.2003277293722427,0.3090188366682628,0.5605226078459253,0.061135525862068475,0.02200063425708322,0.0,7.706412408619563,0.0030170774552971125,1,nan,nan,0.02,7.0,nan,nan,nan,nan,False,nan,0.02200063425708322,0.1743651875159352,False,False,8.162334171843465,0.008850871117971603,0.06143559117919653,8.536369852386251,8.536369852386251,0.0,nan,0.0,33,0.3090188366682628,0.061135525862068475,7.706412408619563,0.2003277293722427,0,nan,nan,nan,nan,0,nan,nan,nan,nan,m2063-osd-osd_v0_0214_t5::L1_one_step,m2063-osd-osd_v0_0214_t5,osd_v0_0214_t5,T5_terminal_boundary_near_constraint,m2060_no_rollout_outcome_supported_decisive_generator,actuator_delay_terminal_boundary,T5_terminal_boundary_near_constraint|actuator_delay_terminal_boundary|late|generous|moderate|low_mu|low,m2060_t5_010,,,,,osd_v0_0214_t5,smoke_proxy,t5_boundary_axis_retarget,true,false,L1_one_step,runs/m1674_controller_family_one_seed_public_pilot/configs/L1_one_step_seed167400.json,runs/m1674_controller_family_one_seed_public_pilot/profile_runs/L1_one_step/seed_167400/checkpoint.pt,210451,False,True,True,True,True,False,False,False,False,False,False,False,False,False,False,False,unavoidable
210452,checkpoint,47,True,False,0.9394280474231456,0.38527578798196555,1228.2807052031067,0.8470901415193839,0.8884898431662218,-0.12131069724245269,0.7198855550759816,1.2752522936522093,0.8060622960770231,1.6383963614844723,1.6383963614844725,18,True,True,unavoidable,True,False,1.4226299652889098,1.4375355672936205,-0.014905602004710694,obstacle_collision,False,obstacle_collision,collision_failure,11.410334842932862,0.24277308176452897,0.7581113144798008,1.8226640350868237,0.19381769725928527,0.05010497241149715,0.0,9.374812717528224,0.0035079396329820156,1,nan,nan,0.02,7.0,nan,nan,nan,nan,False,nan,0.05010497241149715,0.46523233359761673,False,False,8.856529155111373,0.05010497241149715,0.45105396020636657,9.001215047361312,9.001215047361312,0.0,nan,0.0,47,0.7581113144798008,0.19381769725928527,9.374812717528224,0.24277308176452897,0,nan,nan,nan,nan,0,nan,nan,nan,nan,m2063-osd-osd_v0_0214_t5::L2_window_50,m2063-osd-osd_v0_0214_t5,osd_v0_0214_t5,T5_terminal_boundary_near_constraint,m2060_no_rollout_outcome_supported_decisive_generator,actuator_delay_terminal_boundary,T5_terminal_boundary_near_constraint|actuator_delay_terminal_boundary|late|generous|moderate|low_mu|low,m2060_t5_010,,,,,osd_v0_0214_t5,smoke_proxy,t5_boundary_axis_retarget,true,false,L2_window_50,runs/m1674_controller_family_one_seed_public_pilot/configs/L2_window_50_seed167400.json,runs/m1674_controller_family_one_seed_public_pilot/profile_runs/L2_window_50/seed_167400/checkpoint.pt,210452,False,True,True,True,True,False,False,False,False,False,False,False,False,False,False,False,unavoidable
210453,checkpoint,37,True,False,0.32264655253811825,0.5073123646863529,1829.4368987523615,1.2616806198292148,1.0624918561680208,-0.06071289663038093,1.393311691698162,1.1734101590924686,0.6880212738063717,1.477097452832043,1.477097452832043,33,True,True,unavoidable,True,False,1.2288921681591762,1.3344298362312763,-0.10553766807210008,obstacle_collision,False,obstacle_collision,collision_failure,6.591465865981991,0.1781477261076214,0.5612537732045663,0.8999129624636311,0.08760960943853743,0.018276307116344696,0.0,8.93680645434102,0.002444338286295533,1,nan,nan,0.02,7.0,nan,nan,nan,nan,False,nan,0.018276307116344696,0.20515607416498433,False,False,8.900673007583558,0.012009369070485457,0.10048678245944215,9.444414710725246,9.444414710725246,0.0,nan,0.0,37,0.5612537732045663,0.08760960943853743,8.93680645434102,0.1781477261076214,0,nan,nan,nan,nan,0,nan,nan,nan,nan,m2063-osd-osd_v0_0214_t5::L3_online_gru,m2063-osd-osd_v0_0214_t5,osd_v0_0214_t5,T5_terminal_boundary_near_constraint,m2060_no_rollout_outcome_supported_decisive_generator,actuator_delay_terminal_boundary,T5_terminal_boundary_near_constraint|actuator_delay_terminal_boundary|late|generous|moderate|low_mu|low,m2060_t5_010,,,,,osd_v0_0214_t5,smoke_proxy,t5_boundary_axis_retarget,true,false,L3_online_gru,runs/m1674_controller_family_one_seed_public_pilot/configs/L3_online_gru_seed167400.json,runs/m1674_controller_family_one_seed_public_pilot/profile_runs/L3_online_gru/seed_167400/checkpoint.pt,210453,False,True,True,True,True,False,False,False,False,False,False,False,False,False,False,False,unavoidable
210454,checkpoint,51,True,False,0.49767047754415694,0.35686848776021585,1584.6501837809367,1.0928621957109907,0.8546477416613456,-0.08672453062112462,0.9406951102659833,0.9420112009091625,0.8733168996204899,0.982026808213646,0.9820268082136459,26,True,True,drift_required,True,False,1.8073897009004538,1.8481454162970241,-0.0407557153965703,obstacle_collision,False,obstacle_collision,collision_failure,22.79420510397645,0.44694519811718525,0.5294578348236485,1.119547002432995,0.26176979458540056,0.0521671568848571,0.0,10.00346319680899,0.0009061170858331025,1,nan,nan,0.02,7.0,nan,nan,nan,nan,False,nan,0.0521671568848571,0.28036041823754754,False,False,10.364170783378325,0.008758284524926125,0.11530566787407545,10.583859069411046,10.583859069411046,0.0,nan,0.0,51,0.5294578348236485,0.26176979458540056,10.00346319680899,0.44694519811718525,0,nan,nan,nan,nan,0,nan,nan,nan,nan,m2063-osd-osd_v0_0214_t5::L3_reset_control_corrected,m2063-osd-osd_v0_0214_t5,osd_v0_0214_t5,T5_terminal_boundary_near_constraint,m2060_no_rollout_outcome_supported_decisive_generator,actuator_delay_terminal_boundary,T5_terminal_boundary_near_constraint|actuator_delay_terminal_boundary|late|generous|moderate|low_mu|low,m2060_t5_010,,,,,osd_v0_0214_t5,smoke_proxy,t5_boundary_axis_retarget,true,false,L3_reset_control_corrected,runs/m1674_controller_family_one_seed_public_pilot/configs/L3_reset_control_corrected_seed167400.json,runs/m1674_controller_family_one_seed_public_pilot/profile_runs/L3_reset_control_corrected/seed_167400/checkpoint.pt,210454,False,True,True,True,True,False,False,False,False,False,False,False,False,False,False,False,drift_required
210455,checkpoint,39,True,False,1.1415378316361497,0.5575555437628492,1738.821367798026,1.1991871502055351,1.2368741674028918,-0.05299224636775168,0.6617010811393699,0.7140150719764525,0.6854036831744464,2.0979031920834004,2.0979031920834004,15,True,True,drift_required,True,False,1.4397509046304937,1.5868999613416976,-0.14714905671120393,obstacle_collision,False,obstacle_collision,collision_failure,5.434334181508127,0.13934190208995198,0.8626631500854307,1.5358706630518029,0.1466045033617631,0.016364360698452863,0.0,9.133739558560428,0.0024861751589924097,1,nan,nan,0.02,5.5,nan,nan,nan,nan,False,nan,0.016364360698452863,0.43649936678662327,False,False,9.147392486908595,0.002177540905063705,0.023493664044562105,9.886575907321602,9.886575907321602,0.0,nan,0.0,39,0.8626631500854307,0.1466045033617631,9.133739558560428,0.13934190208995198,0,nan,nan,nan,nan,0,nan,nan,nan,nan,m2063-osd-osd_v0_0215_t5::L0_current_masked,m2063-osd-osd_v0_0215_t5,osd_v0_0215_t5,T5_terminal_boundary_near_constraint,m2060_no_rollout_outcome_supported_decisive_generator,mixed_dynamics_terminal_boundary,T5_terminal_boundary_near_constraint|mixed_dynamics_terminal_boundary|early|nominal|high|mixed_mu|nominal,m2060_t5_011,,,,,osd_v0_0215_t5,smoke_proxy,t5_boundary_axis_retarget,true,false,L0_current_masked,runs/m1674_controller_family_one_seed_public_pilot/configs/L0_current_masked_seed167400.json,runs/m1674_controller_family_one_seed_public_pilot/profile_runs/L0_current_masked/seed_167400/checkpoint.pt,210455,False,True,True,True,True,False,False,False,False,False,False,False,False,False,False,False,drift_required
210456,checkpoint,46,True,False,0.6397243166519034,0.29594694312341513,1255.6578648575708,0.8659709412810833,1.233211473379557,0.1389560768190088,1.4072573938073627,0.5744600077498114,1.0066467258999927,1.2009960984325603,1.2009960984325603,37,True,True,unavoidable,True,False,1.726573508525135,1.8193206651200717,-0.09274715659493671,obstacle_collision,False,obstacle_collision,collision_failure,20.473361513403553,0.4450730763783381,0.4682957317417405,1.0788991502775431,0.24792152969819567,0.058112675797066055,0.0,7.235347039337644,0.0022752294316887856,1,nan,nan,0.02,5.5,nan,nan,nan,nan,False,nan,0.058112675797066055,0.34170173027928935,False,False,7.886829818595428,0.0051121985008476594,0.03879791617729743,8.357001492438265,8.357001492438265,0.0,nan,0.0,46,0.4682957317417405,0.24792152969819567,7.235347039337644,0.4450730763783381,0,nan,nan,nan,nan,0,nan,nan,nan,nan,m2063-osd-osd_v0_0215_t5::L1_one_step,m2063-osd-osd_v0_0215_t5,osd_v0_0215_t5,T5_terminal_boundary_near_constraint,m2060_no_rollout_outcome_supported_decisive_generator,mixed_dynamics_terminal_boundary,T5_terminal_boundary_near_constraint|mixed_dynamics_terminal_boundary|early|nominal|high|mixed_mu|nominal,m2060_t5_011,,,,,osd_v0_0215_t5,smoke_proxy,t5_boundary_axis_retarget,true,false,L1_one_step,runs/m1674_controller_family_one_seed_public_pilot/configs/L1_one_step_seed167400.json,runs/m1674_controller_family_one_seed_public_pilot/profile_runs/L1_one_step/seed_167400/checkpoint.pt,210456,False,True,True,True,True,False,False,False,False,False,False,False,False,False,False,False,unavoidable
210457,checkpoint,30,True,False,0.6820829951428993,0.8572933865864993,1488.9309307842814,1.026848917782263,0.8903606586264191,-0.1041700201962581,0.5935279288576417,0.9088526847511555,0.6702911833937351,1.2973553728693448,1.2973553728693448,28,True,True,drift_required,True,False,1.0091199379505054,1.1676248852360662,-0.15850494728556086,obstacle_collision,False,obstacle_collision,collision_failure,-4.1254807598372345,-0.13751602532790783,0.690494083091494,1.4745856714976817,0.19999668598532855,0.03916541977528811,0.0,10.594443093943523,0.0037964864168316126,1,nan,nan,0.02,5.5,nan,nan,nan,nan,False,nan,0.03916541977528811,0.4789200831825753,False,False,10.456033426994253,0.014878588399135018,0.43905587820800235,11.299903045442425,11.299903045442425,0.0,nan,0.0,30,0.690494083091494,0.19999668598532855,10.594443093943523,-0.13751602532790783,0,nan,nan,nan,nan,0,nan,nan,nan,nan,m2063-osd-osd_v0_0215_t5::L2_window_50,m2063-osd-osd_v0_0215_t5,osd_v0_0215_t5,T5_terminal_boundary_near_constraint,m2060_no_rollout_outcome_supported_decisive_generator,mixed_dynamics_terminal_boundary,T5_terminal_boundary_near_constraint|mixed_dynamics_terminal_boundary|early|nominal|high|mixed_mu|nominal,m2060_t5_011,,,,,osd_v0_0215_t5,smoke_proxy,t5_boundary_axis_retarget,true,false,L2_window_50,runs/m1674_controller_family_one_seed_public_pilot/configs/L2_window_50_seed167400.json,runs/m1674_controller_family_one_seed_public_pilot/profile_runs/L2_window_50/seed_167400/checkpoint.pt,210457,False,True,True,True,True,False,False,False,False,False,False,False,False,False,False,False,drift_required
210458,checkpoint,33,True,False,1.0411910276788152,0.5817655764642344,1293.0994968886716,0.8917927564749459,1.0560954271415621,-0.03803483416782405,1.3895821129349495,0.9292309453521079,1.1001848416558158,2.025863510098342,2.025863510098342,29,True,True,unavoidable,True,False,1.6882140196447661,1.8656123495145853,-0.17739832986981918,obstacle_collision,False,obstacle_collision,collision_failure,5.387588978241713,0.16326027206793067,0.22047400175856288,0.40395311353711705,0.16324647103671358,0.02340895348049028,0.0,9.749620614410253,0.00297566968947649,1,nan,nan,0.02,5.5,nan,nan,nan,nan,False,nan,0.02340895348049028,0.43656360454733706,False,False,10.316284395232096,0.01597456115022738,0.15483425579362153,11.226746750735666,11.226746750735666,0.0,nan,0.0,33,0.22047400175856288,0.16324647103671358,9.749620614410253,0.16326027206793067,0,nan,nan,nan,nan,0,nan,nan,nan,nan,m2063-osd-osd_v0_0215_t5::L3_online_gru,m2063-osd-osd_v0_0215_t5,osd_v0_0215_t5,T5_terminal_boundary_near_constraint,m2060_no_rollout_outcome_supported_decisive_generator,mixed_dynamics_terminal_boundary,T5_terminal_boundary_near_constraint|mixed_dynamics_terminal_boundary|early|nominal|high|mixed_mu|nominal,m2060_t5_011,,,,,osd_v0_0215_t5,smoke_proxy,t5_boundary_axis_retarget,true,false,L3_online_gru,runs/m1674_controller_family_one_seed_public_pilot/configs/L3_online_gru_seed167400.json,runs/m1674_controller_family_one_seed_public_pilot/profile_runs/L3_online_gru/seed_167400/checkpoint.pt,210458,False,True,True,True,True,False,False,False,False,False,False,False,False,False,False,False,unavoidable
210459,checkpoint,25,True,False,1.05819234761866,0.9856651498962399,1733.1925116724185,1.195305180463737,0.9802180356775384,-0.01850137597273971,1.2738108320492614,0.7078796005430796,0.6382142849033683,1.1803052628755526,1.1803052628755526,21,True,True,unavoidable,True,False,1.2697393246460493,1.3874474454117713,-0.11770812076572201,obstacle_collision,False,obstacle_collision,collision_failure,-5.151991588444705,-0.2060796635377882,0.16514875169369042,0.3487459421779491,0.0659942212214625,0.029469906103124697,0.0,11.384869627636885,0.0016660321271046996,1,nan,nan,0.02,5.5,nan,nan,nan,nan,False,nan,0.029469906103124697,0.4911339285056501,False,False,11.476385371104001,0.010329635978270687,0.1732310503330319,12.08741389795505,12.08741389795505,0.0,nan,0.0,25,0.16514875169369042,0.0659942212214625,11.384869627636885,-0.2060796635377882,0,nan,nan,nan,nan,0,nan,nan,nan,nan,m2063-osd-osd_v0_0215_t5::L3_reset_control_corrected,m2063-osd-osd_v0_0215_t5,osd_v0_0215_t5,T5_terminal_boundary_near_constraint,m2060_no_rollout_outcome_supported_decisive_generator,mixed_dynamics_terminal_boundary,T5_terminal_boundary_near_constraint|mixed_dynamics_terminal_boundary|early|nominal|high|mixed_mu|nominal,m2060_t5_011,,,,,osd_v0_0215_t5,smoke_proxy,t5_boundary_axis_retarget,true,false,L3_reset_control_corrected,runs/m1674_controller_family_one_seed_public_pilot/configs/L3_reset_control_corrected_seed167400.json,runs/m1674_controller_family_one_seed_public_pilot/profile_runs/L3_reset_control_corrected/seed_167400/checkpoint.pt,210459,False,True,True,True,True,False,False,False,False,False,False,False,False,False,False,False,unavoidable
210460,checkpoint,44,True,False,0.5655339212013428,0.4856554540010978,1749.9540818710132,1.2068648840489746,0.9864075837415187,-0.059096140365917815,1.0532748466553565,0.8413725656486106,0.9754410248464993,2.127839015975035,2.127839015975035,19,True,True,unavoidable,True,False,1.7834260483859818,1.7847855000231774,-0.00135945163719553,obstacle_collision,False,obstacle_collision,collision_failure,12.589203261335626,0.28611825593944606,0.7296444812505372,1.3607845062762678,0.04264992053163022,0.009989730640102246,0.0,15.042425185312704,0.0012011232320219278,1,nan,nan,0.02,4.4,nan,nan,nan,nan,False,nan,0.009989730640102246,0.2005180954464607,False,False,15.15812901845271,1.499027005912147e-05,0.03433805530024126,15.168367577303743,15.168367577303743,0.0,nan,0.0,44,0.7296444812505372,0.04264992053163022,15.042425185312704,0.28611825593944606,0,nan,nan,nan,nan,0,nan,nan,nan,nan,m2063-osd-osd_v0_0216_t5::L0_current_masked,m2063-osd-osd_v0_0216_t5,osd_v0_0216_t5,T5_terminal_boundary_near_constraint,m2060_no_rollout_outcome_supported_decisive_generator,near_zero_clearance_margin,T5_terminal_boundary_near_constraint|near_zero_clearance_margin|medium|tight|straight_or_low|actuator_delay|high,m2060_t5_012,,,,,osd_v0_0216_t5,smoke_proxy,t5_boundary_axis_retarget,true,false,L0_current_masked,runs/m1674_controller_family_one_seed_public_pilot/configs/L0_current_masked_seed167400.json,runs/m1674_controller_family_one_seed_public_pilot/profile_runs/L0_current_masked/seed_167400/checkpoint.pt,210460,False,True,True,True,True,False,False,False,False,False,False,False,False,False,False,False,unavoidable
210461,checkpoint,73,False,True,1.1004967621042987,0.529575124940566,1209.731626479267,0.8342976734339773,1.287795222719102,0.015586324801070806,1.065633385498635,1.2941047260719027,1.169120617857976,2.7951962035027806,2.7951962035027806,31,True,True,aes_feasible,False,True,1.8491564611539608,1.5629202919537228,0.286236169200238,,True,obstacle_pass,success_obstacle_pass,85.52246887023846,1.1715406694553212,0.5418937491741496,1.3950865783767696,0.1571667365626371,0.025391885376878285,0.0,14.407755799388768,0.000945230305660516,1,nan,nan,0.02,4.4,73.0,1.46,73.0,1.46,True,0.0,0.025391885376878285,0.21971941607703682,False,True,nan,nan,nan,nan,0.0,0.0,nan,0.0,73,0.5418937491741496,0.1571667365626371,14.407755799388768,1.1715406694553212,0,nan,nan,nan,nan,0,nan,nan,nan,nan,m2063-osd-osd_v0_0216_t5::L1_one_step,m2063-osd-osd_v0_0216_t5,osd_v0_0216_t5,T5_terminal_boundary_near_constraint,m2060_no_rollout_outcome_supported_decisive_generator,near_zero_clearance_margin,T5_terminal_boundary_near_constraint|near_zero_clearance_margin|medium|tight|straight_or_low|actuator_delay|high,m2060_t5_012,,,,,osd_v0_0216_t5,smoke_proxy,t5_boundary_axis_retarget,true,false,L1_one_step,runs/m1674_controller_family_one_seed_public_pilot/configs/L1_one_step_seed167400.json,runs/m1674_controller_family_one_seed_public_pilot/profile_runs/L1_one_step/seed_167400/checkpoint.pt,210461,True,True,True,True,True,False,False,False,False,False,False,False,False,False,False,False,aes_feasible
210462,checkpoint,51,True,False,0.7136092112325634,0.7381375660031073,1391.3429965437658,0.9595468941681143,0.9941351237089133,-0.03094041950390891,1.3696088626392844,1.2170804192415017,1.182525396688482,2.7543444075777037,2.7543444075777037,16,True,True,drift_required,False,False,3.8103186928900734,1.8352169952600077,1.9751016976300657,off_track,False,off_track,off_track_noncollision_noncompletion,16.7741115850247,0.32890414872597445,1.959783785835449,4.5318333104644495,0.19429404192675373,0.060726979474211976,0.0,16.426589574610354,0.0032727369107306004,1,nan,nan,0.02,4.4,nan,nan,nan,nan,False,nan,0.060726979474211976,0.532697531762435,False,False,nan,nan,nan,nan,0.0,0.13183331046444913,1.02,0.13183331046444913,51,1.959783785835449,0.19429404192675373,16.426589574610354,0.32890414872597445,0,nan,nan,nan,nan,0,nan,nan,nan,nan,m2063-osd-osd_v0_0216_t5::L2_window_50,m2063-osd-osd_v0_0216_t5,osd_v0_0216_t5,T5_terminal_boundary_near_constraint,m2060_no_rollout_outcome_supported_decisive_generator,near_zero_clearance_margin,T5_terminal_boundary_near_constraint|near_zero_clearance_margin|medium|tight|straight_or_low|actuator_delay|high,m2060_t5_012,,,,,osd_v0_0216_t5,smoke_proxy,t5_boundary_axis_retarget,true,false,L2_window_50,runs/m1674_controller_family_one_seed_public_pilot/configs/L2_window_50_seed167400.json,runs/m1674_controller_family_one_seed_public_pilot/profile_runs/L2_window_50/seed_167400/checkpoint.pt,210462,False,True,True,True,True,False,False,False,False,False,False,False,False,False,False,False,drift_required
210463,checkpoint,35,True,False,1.1283181550002983,0.7068675157981175,1429.318757473055,0.9857370741193483,0.8119442519121278,-0.0691593918969784,0.9023206482373707,1.2661984429465496,0.9498809347857787,2.1564487330330233,2.1564487330330233,24,True,True,drift_required,True,False,1.1974010936255828,1.2402245237157548,-0.04282343009017198,obstacle_collision,False,obstacle_collision,collision_failure,2.448386347716607,0.0699538956490459,0.6951259087261862,1.1744258413955748,0.1998953649968705,0.007895842983486744,0.0,18.254495939020117,0.002488116268068552,1,nan,nan,0.02,4.4,nan,nan,nan,nan,False,nan,0.007895842983486744,0.2516722060900786,False,False,18.405502836464397,0.004409113958091254,0.11715734341380203,18.63354027823568,18.63354027823568,0.0,nan,0.0,35,0.6951259087261862,0.1998953649968705,18.254495939020117,0.0699538956490459,0,nan,nan,nan,nan,0,nan,nan,nan,nan,m2063-osd-osd_v0_0216_t5::L3_online_gru,m2063-osd-osd_v0_0216_t5,osd_v0_0216_t5,T5_terminal_boundary_near_constraint,m2060_no_rollout_outcome_supported_decisive_generator,near_zero_clearance_margin,T5_terminal_boundary_near_constraint|near_zero_clearance_margin|medium|tight|straight_or_low|actuator_delay|high,m2060_t5_012,,,,,osd_v0_0216_t5,smoke_proxy,t5_boundary_axis_retarget,true,false,L3_online_gru,runs/m1674_controller_family_one_seed_public_pilot/configs/L3_online_gru_seed167400.json,runs/m1674_controller_family_one_seed_public_pilot/profile_runs/L3_online_gru/seed_167400/checkpoint.pt,210463,False,True,True,True,True,False,False,False,False,False,False,False,False,False,False,False,drift_required
210464,checkpoint,59,False,True,0.4350010356957602,0.609568702378559,1349.6202178930487,0.9307725640641715,1.2588132316415874,0.016413167837546316,0.9493451481714488,0.633092143972807,0.617211647339457,1.9677274970291767,1.967727497029177,37,True,True,drift_required,False,True,2.385405305136586,1.3468373418346977,1.0385679633018885,,True,obstacle_pass,success_obstacle_pass,76.96867931035166,1.30455388661613,0.2404897622712892,0.6325470644088753,0.1833696792404939,0.02805895402645502,0.0,16.820198799580442,0.0005689846002496779,1,nan,nan,0.02,4.4,59.0,1.18,59.0,1.18,True,0.0,0.02805895402645502,0.25047843671789266,False,True,nan,nan,nan,nan,0.0,0.0,nan,0.0,59,0.2404897622712892,0.1833696792404939,16.820198799580442,1.30455388661613,0,nan,nan,nan,nan,0,nan,nan,nan,nan,m2063-osd-osd_v0_0216_t5::L3_reset_control_corrected,m2063-osd-osd_v0_0216_t5,osd_v0_0216_t5,T5_terminal_boundary_near_constraint,m2060_no_rollout_outcome_supported_decisive_generator,near_zero_clearance_margin,T5_terminal_boundary_near_constraint|near_zero_clearance_margin|medium|tight|straight_or_low|actuator_delay|high,m2060_t5_012,,,,,osd_v0_0216_t5,smoke_proxy,t5_boundary_axis_retarget,true,false,L3_reset_control_corrected,runs/m1674_controller_family_one_seed_public_pilot/configs/L3_reset_control_corrected_seed167400.json,runs/m1674_controller_family_one_seed_public_pilot/profile_runs/L3_reset_control_corrected/seed_167400/checkpoint.pt,210464,True,True,True,True,True,False,False,False,False,False,False,False,False,False,False,False,drift_required
210465,checkpoint,21,True,False,1.140877017265706,0.9989616826920796,1377.2874608703062,0.9498534212898664,1.0642838008742306,0.004535672920069178,0.901445552070216,0.8800927654066294,1.0330328175888517,0.7652369195088231,0.7652369195088231,14,True,True,unavoidable,True,False,1.657654186815026,1.7289591915148335,-0.07130500469980738,obstacle_collision,False,obstacle_collision,collision_failure,-10.073753557425952,-0.4797025503536168,0.2559280202459887,0.4189628397628482,0.10551472016258744,0.01457778169049432,0.0,10.47771327861681,0.004562069661915302,1,nan,nan,0.02,7.0,nan,nan,nan,nan,False,nan,0.01457778169049432,0.2560266604105694,False,False,10.5808702063611,0.004361944449914256,0.05905504495894658,10.945481706580988,10.945481706580988,0.0,nan,0.0,21,0.2559280202459887,0.10551472016258744,10.47771327861681,-0.4797025503536168,0,nan,nan,nan,nan,0,nan,nan,nan,nan,m2063-osd-osd_v0_0217_t5::L0_current_masked,m2063-osd-osd_v0_0217_t5,osd_v0_0217_t5,T5_terminal_boundary_near_constraint,m2060_no_rollout_outcome_supported_decisive_generator,late_terminal_boundary_margin,T5_terminal_boundary_near_constraint|late_terminal_boundary_margin|late|generous|moderate|nominal_mu|low,m2060_t5_013,,,,,osd_v0_0217_t5,smoke_proxy,t5_boundary_axis_retarget,true,false,L0_current_masked,runs/m1674_controller_family_one_seed_public_pilot/configs/L0_current_masked_seed167400.json,runs/m1674_controller_family_one_seed_public_pilot/profile_runs/L0_current_masked/seed_167400/checkpoint.pt,210465,False,True,True,True,True,False,False,False,False,False,False,False,False,False,False,False,unavoidable
210466,checkpoint,25,True,False,0.5701575992256643,0.8440951604621554,1721.5009047832555,1.187242003298797,0.9872338813730326,0.08860615673837424,1.3845086057263152,0.5582233527966349,0.8095530062208192,0.6925684567134899,0.6925684567134899,24,True,True,unavoidable,True,False,1.671890004655934,1.8551751899476132,-0.18328518529167925,obstacle_collision,False,obstacle_collision,collision_failure,-6.9829783904664176,-0.2793191356186567,0.19268556039068005,0.42386497534967305,0.28860303922167463,0.024152740239205096,0.0,11.076902599870735,0.004366226028650999,1,nan,nan,0.02,7.0,nan,nan,nan,nan,False,nan,0.024152740239205096,0.25499000347565925,False,False,11.214906592228127,0.004706069813166747,0.08210123823262619,12.14189567741637,12.14189567741637,0.0,nan,0.0,25,0.19268556039068005,0.28860303922167463,11.076902599870735,-0.2793191356186567,0,nan,nan,nan,nan,0,nan,nan,nan,nan,m2063-osd-osd_v0_0217_t5::L1_one_step,m2063-osd-osd_v0_0217_t5,osd_v0_0217_t5,T5_terminal_boundary_near_constraint,m2060_no_rollout_outcome_supported_decisive_generator,late_terminal_boundary_margin,T5_terminal_boundary_near_constraint|late_terminal_boundary_margin|late|generous|moderate|nominal_mu|low,m2060_t5_013,,,,,osd_v0_0217_t5,smoke_proxy,t5_boundary_axis_retarget,true,false,L1_one_step,runs/m1674_controller_family_one_seed_public_pilot/configs/L1_one_step_seed167400.json,runs/m1674_controller_family_one_seed_public_pilot/profile_runs/L1_one_step/seed_167400/checkpoint.pt,210466,False,True,True,True,True,False,False,False,False,False,False,False,False,False,False,False,unavoidable
210467,checkpoint,20,True,False,0.6539525393088144,1.01089012858746,1552.5246776659785,1.070706674252399,1.2762043333827267,0.08699080566106665,0.9482681856960324,0.997053396534437,0.7024923516215184,1.1327692430120857,1.1327692430120857,13,True,True,unavoidable,True,False,1.0182443015471772,1.1382170571332277,-0.11997275558605058,obstacle_collision,False,obstacle_collision,collision_failure,-11.897101053600945,-0.5948550526800472,0.19134773643425274,0.398217312509729,0.13338084318852664,0.03688370245041692,0.0,9.378733299778805,0.0047738030552864075,1,nan,nan,0.02,7.0,nan,nan,nan,nan,False,nan,0.03688370245041692,0.4572943268679446,False,False,9.24336712970463,0.03558524394619354,0.4572943268679446,9.906752962294775,9.906752962294775,0.0,nan,0.0,20,0.19134773643425274,0.13338084318852664,9.378733299778805,-0.5948550526800472,0,nan,nan,nan,nan,0,nan,nan,nan,nan,m2063-osd-osd_v0_0217_t5::L2_window_50,m2063-osd-osd_v0_0217_t5,osd_v0_0217_t5,T5_terminal_boundary_near_constraint,m2060_no_rollout_outcome_supported_decisive_generator,late_terminal_boundary_margin,T5_terminal_boundary_near_constraint|late_terminal_boundary_margin|late|generous|moderate|nominal_mu|low,m2060_t5_013,,,,,osd_v0_0217_t5,smoke_proxy,t5_boundary_axis_retarget,true,false,L2_window_50,runs/m1674_controller_family_one_seed_public_pilot/configs/L2_window_50_seed167400.json,runs/m1674_controller_family_one_seed_public_pilot/profile_runs/L2_window_50/seed_167400/checkpoint.pt,210467,False,True,True,True,True,False,False,False,False,False,False,False,False,False,False,False,unavoidable
210468,checkpoint,20,True,False,0.8240755148252874,1.0318503037219724,1648.6764450246962,1.1370182379480664,1.227543823041824,-0.10648394523304505,0.5807268731553863,1.3418984561994254,0.8651647476692139,1.1452314038581646,1.1452314038581646,16,True,True,unavoidable,True,False,1.1349454662364757,1.2783996081053046,-0.14345414186882888,obstacle_collision,False,obstacle_collision,collision_failure,-12.587055553466808,-0.6293527776733404,0.45848034380890956,0.49144923420866604,0.29428120516069906,0.033919909623590344,0.0,10.42559069980359,0.0044017755426466465,1,nan,nan,0.02,7.0,nan,nan,nan,nan,False,nan,0.033919909623590344,0.2820125895952749,False,False,10.434912966902163,0.002138520898388649,0.09055398341623247,11.162308335037123,11.162308335037123,0.0,nan,0.0,20,0.45848034380890956,0.29428120516069906,10.42559069980359,-0.6293527776733404,0,nan,nan,nan,nan,0,nan,nan,nan,nan,m2063-osd-osd_v0_0217_t5::L3_online_gru,m2063-osd-osd_v0_0217_t5,osd_v0_0217_t5,T5_terminal_boundary_near_constraint,m2060_no_rollout_outcome_supported_decisive_generator,late_terminal_boundary_margin,T5_terminal_boundary_near_constraint|late_terminal_boundary_margin|late|generous|moderate|nominal_mu|low,m2060_t5_013,,,,,osd_v0_0217_t5,smoke_proxy,t5_boundary_axis_retarget,true,false,L3_online_gru,runs/m1674_controller_family_one_seed_public_pilot/configs/L3_online_gru_seed167400.json,runs/m1674_controller_family_one_seed_public_pilot/profile_runs/L3_online_gru/seed_167400/checkpoint.pt,210468,False,True,True,True,True,False,False,False,False,False,False,False,False,False,False,False,unavoidable
210469,checkpoint,22,True,False,0.9034939283147219,0.7679269043248228,1226.7200310885414,0.8460138145438216,1.2008169202708765,-0.07572428425503741,1.0894414797148428,1.2748977397280818,0.8762025347066844,0.8789493640842212,0.8789493640842211,18,True,True,unavoidable,True,False,1.7487178360084246,1.811486517045144,-0.0627686810367194,obstacle_collision,False,obstacle_collision,collision_failure,-8.445611707021037,-0.38389144122822894,0.055048148823167865,0.12035865339217366,0.05876760428999879,0.019047398206108603,0.0,10.01633055625359,0.0019464439246803522,1,nan,nan,0.02,7.0,nan,nan,nan,nan,False,nan,0.019047398206108603,0.25363315417564986,False,False,10.046532233821152,0.011383713241761186,0.10945948621281397,10.377013444246911,10.377013444246911,0.0,nan,0.0,22,0.055048148823167865,0.05876760428999879,10.01633055625359,-0.38389144122822894,0,nan,nan,nan,nan,0,nan,nan,nan,nan,m2063-osd-osd_v0_0217_t5::L3_reset_control_corrected,m2063-osd-osd_v0_0217_t5,osd_v0_0217_t5,T5_terminal_boundary_near_constraint,m2060_no_rollout_outcome_supported_decisive_generator,late_terminal_boundary_margin,T5_terminal_boundary_near_constraint|late_terminal_boundary_margin|late|generous|moderate|nominal_mu|low,m2060_t5_013,,,,,osd_v0_0217_t5,smoke_proxy,t5_boundary_axis_retarget,true,false,L3_reset_control_corrected,runs/m1674_controller_family_one_seed_public_pilot/configs/L3_reset_control_corrected_seed167400.json,runs/m1674_controller_family_one_seed_public_pilot/profile_runs/L3_reset_control_corrected/seed_167400/checkpoint.pt,210469,False,True,True,True,True,False,False,False,False,False,False,False,False,False,False,False,unavoidable
210470,checkpoint,38,True,False,0.44242171885948056,0.44242171885948056,1241.7447889956452,0.8563757165487208,1.084723416688322,0.1086694256763292,1.1597179619449864,0.8030352238642237,1.0291803714519014,1.359675087119073,1.359675087119073,40,False,True,unavoidable,True,False,1.5300178815830872,1.5523252405781856,-0.022307358995098392,obstacle_collision,False,obstacle_collision,collision_failure,7.54213236067708,0.19847716738623894,0.41756715081709167,0.9645809527510636,0.2627669779407344,0.015411540168588226,0.0,8.422641023980708,0.002561429049819708,1,nan,nan,0.02,5.5,nan,nan,nan,nan,False,nan,0.015411540168588226,0.3917477819947836,False,False,8.76305569290636,0.0031867496694522146,0.027944027381033968,8.878980265454683,8.878980265454683,0.0,nan,0.0,38,0.41756715081709167,0.2627669779407344,8.422641023980708,0.19847716738623894,0,nan,nan,nan,nan,0,nan,nan,nan,nan,m2063-osd-osd_v0_0218_t5::L0_current_masked,m2063-osd-osd_v0_0218_t5,osd_v0_0218_t5,T5_terminal_boundary_near_constraint,m2060_no_rollout_outcome_supported_decisive_generator,tight_road_terminal_boundary,T5_terminal_boundary_near_constraint|tight_road_terminal_boundary|early|nominal|high|low_mu|nominal,m2060_t5_014,,,,,osd_v0_0218_t5,smoke_proxy,t5_boundary_axis_retarget,true,false,L0_current_masked,runs/m1674_controller_family_one_seed_public_pilot/configs/L0_current_masked_seed167400.json,runs/m1674_controller_family_one_seed_public_pilot/profile_runs/L0_current_masked/seed_167400/checkpoint.pt,210470,False,True,True,True,True,False,False,False,False,False,False,False,False,False,False,False,unavoidable
210471,checkpoint,35,True,False,0.7523561380102157,0.5481273345973832,1845.423400380824,1.2727057933660855,1.0991079610115544,0.1316143336880644,1.1257411958495465,1.298154375016064,1.2172873920755185,0.8778226004125915,0.8778226004125915,34,True,True,unavoidable,True,False,1.656970065318086,1.728125259793447,-0.071155194475361,obstacle_collision,False,obstacle_collision,collision_failure,3.6264921258462337,0.10361406073846383,0.2974761059176883,0.7100247638511092,0.146793046942585,0.020465234841237787,0.0,9.060325156898509,0.003054263535887003,1,nan,nan,0.02,5.5,nan,nan,nan,nan,False,nan,0.020465234841237787,0.4025037773792067,False,False,9.071858167827008,0.004339255606840991,0.054804632959470995,9.43528423130318,9.43528423130318,0.0,nan,0.0,35,0.2974761059176883,0.146793046942585,9.060325156898509,0.10361406073846383,0,nan,nan,nan,nan,0,nan,nan,nan,nan,m2063-osd-osd_v0_0218_t5::L1_one_step,m2063-osd-osd_v0_0218_t5,osd_v0_0218_t5,T5_terminal_boundary_near_constraint,m2060_no_rollout_outcome_supported_decisive_generator,tight_road_terminal_boundary,T5_terminal_boundary_near_constraint|tight_road_terminal_boundary|early|nominal|high|low_mu|nominal,m2060_t5_014,,,,,osd_v0_0218_t5,smoke_proxy,t5_boundary_axis_retarget,true,false,L1_one_step,runs/m1674_controller_family_one_seed_public_pilot/configs/L1_one_step_seed167400.json,runs/m1674_controller_family_one_seed_public_pilot/profile_runs/L1_one_step/seed_167400/checkpoint.pt,210471,False,True,True,True,True,False,False,False,False,False,False,False,False,False,False,False,unavoidable
210472,checkpoint,39,True,False,0.7713890270303245,0.4480915312603927,1306.2965247616278,0.9008941550080192,1.2448970735203906,0.11655343293893017,0.6190931697347408,0.6927363264897006,1.0487886416363446,0.7643862664491534,0.7643862664491534,38,True,True,unavoidable,True,False,1.5341096033455994,1.6168153179837885,-0.0827057146381891,obstacle_collision,False,obstacle_collision,collision_failure,13.890292133264829,0.35616133675038025,0.568624287651376,1.3810914588297933,0.029343000315589753,0.031937767810720545,0.0,8.698979539283338,0.003300255862995982,1,nan,nan,0.02,5.5,nan,nan,nan,nan,False,nan,0.031937767810720545,0.460103114817516,False,False,9.289399727373333,0.010314365798230843,0.460103114817516,9.754095794945144,9.754095794945144,0.0,nan,0.0,39,0.568624287651376,0.029343000315589753,8.698979539283338,0.35616133675038025,0,nan,nan,nan,nan,0,nan,nan,nan,nan,m2063-osd-osd_v0_0218_t5::L2_window_50,m2063-osd-osd_v0_0218_t5,osd_v0_0218_t5,T5_terminal_boundary_near_constraint,m2060_no_rollout_outcome_supported_decisive_generator,tight_road_terminal_boundary,T5_terminal_boundary_near_constraint|tight_road_terminal_boundary|early|nominal|high|low_mu|nominal,m2060_t5_014,,,,,osd_v0_0218_t5,smoke_proxy,t5_boundary_axis_retarget,true,false,L2_window_50,runs/m1674_controller_family_one_seed_public_pilot/configs/L2_window_50_seed167400.json,runs/m1674_controller_family_one_seed_public_pilot/profile_runs/L2_window_50/seed_167400/checkpoint.pt,210472,False,True,True,True,True,False,False,False,False,False,False,False,False,False,False,False,unavoidable
210473,checkpoint,37,True,False,0.5718820335312548,0.4660854381051545,1327.1705842220897,0.9152900580841998,1.205770959946916,-0.12542518467510289,1.1864147718694178,1.2323417023751801,1.0854307137716341,1.4849314633918147,1.4849314633918147,11,True,True,unavoidable,True,False,1.3862126279798377,1.5079997885569187,-0.12178716057708106,obstacle_collision,False,obstacle_collision,collision_failure,9.386989018863886,0.2537024059152402,0.21311646923265512,0.5106340936423734,0.19189636507884641,0.020273542053992434,0.0,8.679181833289427,0.00247830618172884,1,nan,nan,0.02,5.5,nan,nan,nan,nan,False,nan,0.020273542053992434,0.40599486431634724,False,False,9.09222843477416,0.01749147478196984,0.1321732877948328,9.723127303830033,9.723127303830033,0.0,nan,0.0,37,0.21311646923265512,0.19189636507884641,8.679181833289427,0.2537024059152402,0,nan,nan,nan,nan,0,nan,nan,nan,nan,m2063-osd-osd_v0_0218_t5::L3_online_gru,m2063-osd-osd_v0_0218_t5,osd_v0_0218_t5,T5_terminal_boundary_near_constraint,m2060_no_rollout_outcome_supported_decisive_generator,tight_road_terminal_boundary,T5_terminal_boundary_near_constraint|tight_road_terminal_boundary|early|nominal|high|low_mu|nominal,m2060_t5_014,,,,,osd_v0_0218_t5,smoke_proxy,t5_boundary_axis_retarget,true,false,L3_online_gru,runs/m1674_controller_family_one_seed_public_pilot/configs/L3_online_gru_seed167400.json,runs/m1674_controller_family_one_seed_public_pilot/profile_runs/L3_online_gru/seed_167400/checkpoint.pt,210473,False,True,True,True,True,False,False,False,False,False,False,False,False,False,False,False,unavoidable
210474,checkpoint,39,True,False,0.534022897631322,0.3804835789950088,1729.2638665059571,1.1925957700041083,0.8306088056425511,-0.024857532469296784,1.0246009345158034,1.1286203127687298,1.2613097934710253,1.1423594429520831,1.1423594429520831,26,True,True,unavoidable,True,False,1.155477491961163,1.1821517395011278,-0.026674247539964835,obstacle_collision,False,obstacle_collision,collision_failure,13.703003096139884,0.3513590537471765,0.3152784565349069,0.43160638673335683,0.15626062414027822,0.03297843528776337,0.0,7.987182112612342,0.0012493805261328816,1,nan,nan,0.02,5.5,nan,nan,nan,nan,False,nan,0.03297843528776337,0.3423267070241639,False,False,8.50198123218311,0.012625761732427708,0.11888844181516178,8.653554194930665,8.653554194930665,0.0,nan,0.0,39,0.3152784565349069,0.15626062414027822,7.987182112612342,0.3513590537471765,0,nan,nan,nan,nan,0,nan,nan,nan,nan,m2063-osd-osd_v0_0218_t5::L3_reset_control_corrected,m2063-osd-osd_v0_0218_t5,osd_v0_0218_t5,T5_terminal_boundary_near_constraint,m2060_no_rollout_outcome_supported_decisive_generator,tight_road_terminal_boundary,T5_terminal_boundary_near_constraint|tight_road_terminal_boundary|early|nominal|high|low_mu|nominal,m2060_t5_014,,,,,osd_v0_0218_t5,smoke_proxy,t5_boundary_axis_retarget,true,false,L3_reset_control_corrected,runs/m1674_controller_family_one_seed_public_pilot/configs/L3_reset_control_corrected_seed167400.json,runs/m1674_controller_family_one_seed_public_pilot/profile_runs/L3_reset_control_corrected/seed_167400/checkpoint.pt,210474,False,True,True,True,True,False,False,False,False,False,False,False,False,False,False,False,unavoidable
210475,checkpoint,52,False,True,0.6579348968486206,0.8329478509297316,1405.304743501045,0.9691756851731346,0.9438509677925611,0.08304265878262584,0.9865220447089077,0.6335544726557316,1.287575276827931,1.6985561330092707,1.6985561330092707,31,True,True,drift_required,False,True,1.9166642999265306,1.397200468738563,0.5194638311879676,,True,obstacle_pass,success_obstacle_pass,71.90089451353306,1.3827095098756357,0.2682228454633787,0.38951032396661134,0.14057129179289254,0.016962838232013215,0.0,16.531942412536175,0.0013465966330841184,1,nan,nan,0.02,4.4,52.0,1.04,52.0,1.04,True,0.0,0.016962838232013215,0.2149240320757258,False,True,nan,nan,nan,nan,0.0,0.0,nan,0.0,52,0.2682228454633787,0.14057129179289254,16.531942412536175,1.3827095098756357,0,nan,nan,nan,nan,0,nan,nan,nan,nan,m2063-osd-osd_v0_0219_t5::L0_current_masked,m2063-osd-osd_v0_0219_t5,osd_v0_0219_t5,T5_terminal_boundary_near_constraint,m2060_no_rollout_outcome_supported_decisive_generator,low_grip_terminal_boundary,T5_terminal_boundary_near_constraint|low_grip_terminal_boundary|medium|tight|straight_or_low|mixed_mu|high,m2060_t5_015,,,,,osd_v0_0219_t5,smoke_proxy,t5_boundary_axis_retarget,true,false,L0_current_masked,runs/m1674_controller_family_one_seed_public_pilot/configs/L0_current_masked_seed167400.json,runs/m1674_controller_family_one_seed_public_pilot/profile_runs/L0_current_masked/seed_167400/checkpoint.pt,210475,True,True,True,True,True,False,False,False,False,False,False,False,False,False,False,False,drift_required
210476,checkpoint,35,True,False,0.805851823271512,0.8191900398284084,1514.6190132590843,1.044564836730403,0.9259017866694588,-0.026764973784859647,1.2703700302549807,1.0437154124518604,1.2656419998061388,1.338269761076488,1.338269761076488,14,True,True,drift_required,True,False,1.715485721177195,1.9306867409353465,-0.21520101975815153,obstacle_collision,False,obstacle_collision,collision_failure,6.048150335445893,0.1728042952984541,0.10931590011324134,0.15964353487143512,0.05518520643702744,0.023228136613043224,0.0,14.218997411638641,0.0013625002466142178,1,nan,nan,0.02,4.4,nan,nan,nan,nan,False,nan,0.023228136613043224,0.17921438996434372,False,False,14.391124323213077,0.0019373304777881891,0.06299126066944725,15.474397213309674,15.474397213309674,0.0,nan,0.0,35,0.10931590011324134,0.05518520643702744,14.218997411638641,0.1728042952984541,0,nan,nan,nan,nan,0,nan,nan,nan,nan,m2063-osd-osd_v0_0219_t5::L1_one_step,m2063-osd-osd_v0_0219_t5,osd_v0_0219_t5,T5_terminal_boundary_near_constraint,m2060_no_rollout_outcome_supported_decisive_generator,low_grip_terminal_boundary,T5_terminal_boundary_near_constraint|low_grip_terminal_boundary|medium|tight|straight_or_low|mixed_mu|high,m2060_t5_015,,,,,osd_v0_0219_t5,smoke_proxy,t5_boundary_axis_retarget,true,false,L1_one_step,runs/m1674_controller_family_one_seed_public_pilot/configs/L1_one_step_seed167400.json,runs/m1674_controller_family_one_seed_public_pilot/profile_runs/L1_one_step/seed_167400/checkpoint.pt,210476,False,True,True,True,True,False,False,False,False,False,False,False,False,False,False,False,drift_required
210477,checkpoint,44,True,False,0.6923879710509311,0.9019244834896589,1546.8890255119647,1.0668200175944584,1.0278737804429714,0.04769478983962738,1.2871549897055798,1.2382671918690396,0.8266542326472434,1.2506880611175406,1.2506880611175406,14,True,True,drift_required,False,False,4.297246853942288,1.873686829673715,2.423560024268573,off_track,False,off_track,off_track_noncollision_noncompletion,9.639900252019867,0.2190886420913606,2.185463907633116,4.485947373431088,0.07950299052063993,0.09985838965371863,0.0,15.98631105441313,0.0035786002408713102,1,nan,nan,0.02,4.4,nan,nan,nan,nan,False,nan,0.09985838965371863,0.5954325925843822,False,False,nan,nan,nan,nan,0.0,0.08594737343108783,0.88,0.08594737343108783,44,2.185463907633116,0.07950299052063993,15.98631105441313,0.2190886420913606,0,nan,nan,nan,nan,0,nan,nan,nan,nan,m2063-osd-osd_v0_0219_t5::L2_window_50,m2063-osd-osd_v0_0219_t5,osd_v0_0219_t5,T5_terminal_boundary_near_constraint,m2060_no_rollout_outcome_supported_decisive_generator,low_grip_terminal_boundary,T5_terminal_boundary_near_constraint|low_grip_terminal_boundary|medium|tight|straight_or_low|mixed_mu|high,m2060_t5_015,,,,,osd_v0_0219_t5,smoke_proxy,t5_boundary_axis_retarget,true,false,L2_window_50,runs/m1674_controller_family_one_seed_public_pilot/configs/L2_window_50_seed167400.json,runs/m1674_controller_family_one_seed_public_pilot/profile_runs/L2_window_50/seed_167400/checkpoint.pt,210477,False,True,True,True,True,False,False,False,False,False,False,False,False,False,False,False,drift_required
210478,checkpoint,39,True,False,0.6770264805840932,0.9458575621105988,1774.8324258130624,1.2240223626296982,1.033130674559988,0.07129203002389661,1.3243127423157026,0.690959533030287,0.7006261437422708,1.1722601767309704,1.1722601767309704,34,True,True,aes_feasible,True,False,1.0467101643600727,1.1552604142854783,-0.10855024992540563,obstacle_collision,False,obstacle_collision,collision_failure,7.726900872722027,0.1981256634031289,0.6807764904448124,1.207813600182412,0.08644810475799329,0.011395272562162809,0.0,14.439842440862984,0.0019406909123063087,1,nan,nan,0.02,4.4,nan,nan,nan,nan,False,nan,0.011395272562162809,0.18860459162308849,False,False,14.697454339103253,0.0002030534850612134,0.13646277533125445,15.253953393005936,15.253953393005936,0.0,nan,0.0,39,0.6807764904448124,0.08644810475799329,14.439842440862984,0.1981256634031289,0,nan,nan,nan,nan,0,nan,nan,nan,nan,m2063-osd-osd_v0_0219_t5::L3_online_gru,m2063-osd-osd_v0_0219_t5,osd_v0_0219_t5,T5_terminal_boundary_near_constraint,m2060_no_rollout_outcome_supported_decisive_generator,low_grip_terminal_boundary,T5_terminal_boundary_near_constraint|low_grip_terminal_boundary|medium|tight|straight_or_low|mixed_mu|high,m2060_t5_015,,,,,osd_v0_0219_t5,smoke_proxy,t5_boundary_axis_retarget,true,false,L3_online_gru,runs/m1674_controller_family_one_seed_public_pilot/configs/L3_online_gru_seed167400.json,runs/m1674_controller_family_one_seed_public_pilot/profile_runs/L3_online_gru/seed_167400/checkpoint.pt,210478,False,True,True,True,True,False,False,False,False,False,False,False,False,False,False,False,aes_feasible
210479,checkpoint,42,False,True,0.9252811910889966,0.6731173652109856,1479.4227627568466,1.0202915605219631,0.8523277302698378,0.05816602802027471,1.0950331165537288,1.0895884980623576,1.077009348723688,1.863761040776152,1.863761040776152,12,True,True,drift_required,False,True,1.2622695671154556,1.159639257807387,0.10263030930806849,,True,obstacle_pass,success_obstacle_pass,57.67396325677533,1.3731896013517937,0.4350532763020875,0.4802451751108521,0.19304591398254245,0.04709764180014304,0.0,17.434052149689705,0.0007562460959888995,1,nan,nan,0.02,4.4,42.0,0.84,42.0,0.84,True,0.0,0.04709764180014304,0.2595155606558411,False,True,nan,nan,nan,nan,0.0,0.0,nan,0.0,42,0.4350532763020875,0.19304591398254245,17.434052149689705,1.3731896013517937,0,nan,nan,nan,nan,0,nan,nan,nan,nan,m2063-osd-osd_v0_0219_t5::L3_reset_control_corrected,m2063-osd-osd_v0_0219_t5,osd_v0_0219_t5,T5_terminal_boundary_near_constraint,m2060_no_rollout_outcome_supported_decisive_generator,low_grip_terminal_boundary,T5_terminal_boundary_near_constraint|low_grip_terminal_boundary|medium|tight|straight_or_low|mixed_mu|high,m2060_t5_015,,,,,osd_v0_0219_t5,smoke_proxy,t5_boundary_axis_retarget,true,false,L3_reset_control_corrected,runs/m1674_controller_family_one_seed_public_pilot/configs/L3_reset_control_corrected_seed167400.json,runs/m1674_controller_family_one_seed_public_pilot/profile_runs/L3_reset_control_corrected/seed_167400/checkpoint.pt,210479,True,True,True,True,True,False,False,False,False,False,False,False,False,False,False,False,drift_required
210480,checkpoint,20,True,False,0.8598842640324889,0.7782897538274167,1170.499776195415,0.8072412249623552,1.1611379440376681,-0.13553178452622983,0.5911089882765719,1.235266804918902,1.1208564895559077,2.153947229502172,2.153947229502172,9,True,True,unavoidable,True,False,1.1007012939640752,1.2192121823826796,-0.11851088841860435,obstacle_collision,False,obstacle_collision,collision_failure,-11.64946260837283,-0.5824731304186415,0.07742266220553982,0.1371502304353882,0.18670538945116605,0.07903375301062722,0.0,7.778967309837728,0.003813187126070261,1,nan,nan,0.02,7.0,nan,nan,nan,nan,False,nan,0.07903375301062722,0.2218330549868833,False,False,7.738862744770459,0.0041899184038686355,0.028594801083722147,8.336371626173786,8.336371626173786,0.0,nan,0.0,20,0.07742266220553982,0.18670538945116605,7.778967309837728,-0.5824731304186415,0,nan,nan,nan,nan,0,nan,nan,nan,nan,m2063-osd-osd_v0_0220_t5::L0_current_masked,m2063-osd-osd_v0_0220_t5,osd_v0_0220_t5,T5_terminal_boundary_near_constraint,m2060_no_rollout_outcome_supported_decisive_generator,actuator_delay_terminal_boundary,T5_terminal_boundary_near_constraint|actuator_delay_terminal_boundary|late|generous|moderate|actuator_delay|low,m2060_t5_016,,,,,osd_v0_0220_t5,smoke_proxy,t5_boundary_axis_retarget,true,false,L0_current_masked,runs/m1674_controller_family_one_seed_public_pilot/configs/L0_current_masked_seed167400.json,runs/m1674_controller_family_one_seed_public_pilot/profile_runs/L0_current_masked/seed_167400/checkpoint.pt,210480,False,True,True,True,True,False,False,False,False,False,False,False,False,False,False,False,unavoidable
210481,checkpoint,21,True,False,0.7060107128769224,0.7806133067364747,1705.5748708176875,1.176258531598405,1.1432309323115823,-0.0837918094250778,0.755595245324435,0.8087060928974803,1.2469257687772748,2.4029454453271115,2.4029454453271115,13,True,True,unavoidable,True,False,1.0429514629828898,1.137697871323543,-0.09474640834065329,obstacle_collision,False,obstacle_collision,collision_failure,-9.777920972653877,-0.4656152844120894,0.2979017317810372,0.4241095021653791,0.11338074752966926,0.007813491561152122,0.0,8.698938440938589,0.004224492236971855,1,nan,nan,0.02,7.0,nan,nan,nan,nan,False,nan,0.007813491561152122,0.2082831638031039,False,False,8.857734640004395,0.004314202496838471,0.04519725952673702,9.338143508908756,9.338143508908756,0.0,nan,0.0,21,0.2979017317810372,0.11338074752966926,8.698938440938589,-0.4656152844120894,0,nan,nan,nan,nan,0,nan,nan,nan,nan,m2063-osd-osd_v0_0220_t5::L1_one_step,m2063-osd-osd_v0_0220_t5,osd_v0_0220_t5,T5_terminal_boundary_near_constraint,m2060_no_rollout_outcome_supported_decisive_generator,actuator_delay_terminal_boundary,T5_terminal_boundary_near_constraint|actuator_delay_terminal_boundary|late|generous|moderate|actuator_delay|low,m2060_t5_016,,,,,osd_v0_0220_t5,smoke_proxy,t5_boundary_axis_retarget,true,false,L1_one_step,runs/m1674_controller_family_one_seed_public_pilot/configs/L1_one_step_seed167400.json,runs/m1674_controller_family_one_seed_public_pilot/profile_runs/L1_one_step/seed_167400/checkpoint.pt,210481,False,True,True,True,True,False,False,False,False,False,False,False,False,False,False,False,unavoidable
210482,checkpoint,32,True,False,0.5575669235553222,0.6935068125374614,1277.2822056847972,0.8808842797826187,1.2381303202972207,0.014575358791082182,1.065487599303302,0.963352495947943,1.099090841050805,1.9717138795385103,1.9717138795385103,28,True,True,drift_required,True,False,1.1230605086788565,1.2618536534395846,-0.13879314476072802,obstacle_collision,False,obstacle_collision,collision_failure,2.8293145628126055,0.08841608008789392,0.39863392392714,0.9451621416123643,0.09047405456271392,0.04829599929986047,0.0,9.055992475393204,0.003894080873578787,1,nan,nan,0.02,7.0,nan,nan,nan,nan,False,nan,0.04829599929986047,0.47747388561877446,False,False,9.2704167576584,0.04475123510693009,0.47747388561877446,10.03450548757738,10.03450548757738,0.0,nan,0.0,32,0.39863392392714,0.09047405456271392,9.055992475393204,0.08841608008789392,0,nan,nan,nan,nan,0,nan,nan,nan,nan,m2063-osd-osd_v0_0220_t5::L2_window_50,m2063-osd-osd_v0_0220_t5,osd_v0_0220_t5,T5_terminal_boundary_near_constraint,m2060_no_rollout_outcome_supported_decisive_generator,actuator_delay_terminal_boundary,T5_terminal_boundary_near_constraint|actuator_delay_terminal_boundary|late|generous|moderate|actuator_delay|low,m2060_t5_016,,,,,osd_v0_0220_t5,smoke_proxy,t5_boundary_axis_retarget,true,false,L2_window_50,runs/m1674_controller_family_one_seed_public_pilot/configs/L2_window_50_seed167400.json,runs/m1674_controller_family_one_seed_public_pilot/profile_runs/L2_window_50/seed_167400/checkpoint.pt,210482,False,True,True,True,True,False,False,False,False,False,False,False,False,False,False,False,drift_required
210483,checkpoint,28,True,False,0.8489998514231436,0.4882446980575367,1486.8213005556133,1.0253940003831816,1.1847741550651463,0.10041095086032481,1.067394515944176,0.7600760236402384,0.9909503151505369,2.0100290600504778,2.0100290600504778,17,True,True,unavoidable,True,False,1.214400477694809,1.3514389697659872,-0.13703849207117824,obstacle_collision,False,obstacle_collision,collision_failure,-0.6993995902361583,-0.02497855679414851,0.16007476368815168,0.2057380507905613,0.16289061600164936,0.011059722951094142,0.0,7.78172315491066,0.002914705313742161,1,nan,nan,0.02,7.0,nan,nan,nan,nan,False,nan,0.011059722951094142,0.1772704729219609,False,False,8.18246520426394,0.010899143053178233,0.09660681755227368,8.882767917901646,8.882767917901646,0.0,nan,0.0,28,0.16007476368815168,0.16289061600164936,7.78172315491066,-0.02497855679414851,0,nan,nan,nan,nan,0,nan,nan,nan,nan,m2063-osd-osd_v0_0220_t5::L3_online_gru,m2063-osd-osd_v0_0220_t5,osd_v0_0220_t5,T5_terminal_boundary_near_constraint,m2060_no_rollout_outcome_supported_decisive_generator,actuator_delay_terminal_boundary,T5_terminal_boundary_near_constraint|actuator_delay_terminal_boundary|late|generous|moderate|actuator_delay|low,m2060_t5_016,,,,,osd_v0_0220_t5,smoke_proxy,t5_boundary_axis_retarget,true,false,L3_online_gru,runs/m1674_controller_family_one_seed_public_pilot/configs/L3_online_gru_seed167400.json,runs/m1674_controller_family_one_seed_public_pilot/profile_runs/L3_online_gru/seed_167400/checkpoint.pt,210483,False,True,True,True,True,False,False,False,False,False,False,False,False,False,False,False,unavoidable
210484,checkpoint,26,True,False,0.34777790229615463,0.739388904975461,1256.2481230087126,0.8663780158680776,1.080653722222989,-0.039198979584564864,0.8960263950006293,1.174634293925484,0.796579924510684,2.3770207278576354,2.3770207278576354,16,True,True,unavoidable,True,False,1.4830263806416206,1.6650935341660755,-0.1820671535244549,obstacle_collision,False,obstacle_collision,collision_failure,-4.203717147371474,-0.1616814287450567,0.09652444928804745,0.20413762053607343,0.041330608865984386,0.008696111261671906,0.0,10.369937866513542,0.0016406535869464278,1,nan,nan,0.02,7.0,nan,nan,nan,nan,False,nan,0.008696111261671906,0.26007696385876966,False,False,10.382453708443114,0.008696111261671906,0.10835471640378094,11.307973003336603,11.307973003336603,0.0,nan,0.0,26,0.09652444928804745,0.041330608865984386,10.369937866513542,-0.1616814287450567,0,nan,nan,nan,nan,0,nan,nan,nan,nan,m2063-osd-osd_v0_0220_t5::L3_reset_control_corrected,m2063-osd-osd_v0_0220_t5,osd_v0_0220_t5,T5_terminal_boundary_near_constraint,m2060_no_rollout_outcome_supported_decisive_generator,actuator_delay_terminal_boundary,T5_terminal_boundary_near_constraint|actuator_delay_terminal_boundary|late|generous|moderate|actuator_delay|low,m2060_t5_016,,,,,osd_v0_0220_t5,smoke_proxy,t5_boundary_axis_retarget,true,false,L3_reset_control_corrected,runs/m1674_controller_family_one_seed_public_pilot/configs/L3_reset_control_corrected_seed167400.json,runs/m1674_controller_family_one_seed_public_pilot/profile_runs/L3_reset_control_corrected/seed_167400/checkpoint.pt,210484,False,True,True,True,True,False,False,False,False,False,False,False,False,False,False,False,unavoidable
210485,checkpoint,26,True,False,0.48681512832597157,1.02342976788159,1394.5644939816386,0.9617686165390611,0.8681051243158161,0.1211586409473202,0.8303425692612654,0.6960430022230134,0.6415614237859621,0.8659340106601512,0.8659340106601512,12,True,True,drift_required,True,False,1.1366075478470017,1.2550946380658696,-0.11848709021886794,obstacle_collision,False,obstacle_collision,collision_failure,-7.116739187835311,-0.2737207379936658,0.6277642234733471,1.059177514748992,0.25903378352556566,0.04333950408837702,0.0,11.424793273357057,0.003932842053472996,1,nan,nan,0.02,5.5,nan,nan,nan,nan,False,nan,0.04333950408837702,0.5146231792872594,False,False,11.41746487786378,0.0013694500696956634,0.025277921129428237,12.013112846105912,12.013112846105912,0.0,nan,0.0,26,0.6277642234733471,0.25903378352556566,11.424793273357057,-0.2737207379936658,0,nan,nan,nan,nan,0,nan,nan,nan,nan,m2063-osd-osd_v0_0221_t5::L0_current_masked,m2063-osd-osd_v0_0221_t5,osd_v0_0221_t5,T5_terminal_boundary_near_constraint,m2060_no_rollout_outcome_supported_decisive_generator,mixed_dynamics_terminal_boundary,T5_terminal_boundary_near_constraint|mixed_dynamics_terminal_boundary|early|nominal|high|nominal_mu|nominal,m2060_t5_017,,,,,osd_v0_0221_t5,smoke_proxy,t5_boundary_axis_retarget,true,false,L0_current_masked,runs/m1674_controller_family_one_seed_public_pilot/configs/L0_current_masked_seed167400.json,runs/m1674_controller_family_one_seed_public_pilot/profile_runs/L0_current_masked/seed_167400/checkpoint.pt,210485,False,True,True,True,True,False,False,False,False,False,False,False,False,False,False,False,drift_required
210486,checkpoint,22,True,False,0.8510233386904171,1.003767605942042,1744.2778551173117,1.2029502449084908,0.9332826457866545,0.022011093268704762,0.9752701910290733,1.0430268046453466,0.898530326221575,1.1443422282345084,1.1443422282345084,21,True,True,unavoidable,True,False,1.280743229449713,1.281521350134589,-0.000778120684876038,obstacle_collision,False,obstacle_collision,collision_failure,-9.345984870275121,-0.4248174941034146,0.21425121999410351,0.31458942748247054,0.05792717242276429,0.04519567388552752,0.0,10.227100951696762,0.0026389574632048607,1,nan,nan,0.02,5.5,nan,nan,nan,nan,False,nan,0.04519567388552752,0.45085370283681137,False,False,10.19646411323269,9.006068086604581e-05,0.0035629004697816788,10.200756037044481,10.200756037044481,0.0,nan,0.0,22,0.21425121999410351,0.05792717242276429,10.227100951696762,-0.4248174941034146,0,nan,nan,nan,nan,0,nan,nan,nan,nan,m2063-osd-osd_v0_0221_t5::L1_one_step,m2063-osd-osd_v0_0221_t5,osd_v0_0221_t5,T5_terminal_boundary_near_constraint,m2060_no_rollout_outcome_supported_decisive_generator,mixed_dynamics_terminal_boundary,T5_terminal_boundary_near_constraint|mixed_dynamics_terminal_boundary|early|nominal|high|nominal_mu|nominal,m2060_t5_017,,,,,osd_v0_0221_t5,smoke_proxy,t5_boundary_axis_retarget,true,false,L1_one_step,runs/m1674_controller_family_one_seed_public_pilot/configs/L1_one_step_seed167400.json,runs/m1674_controller_family_one_seed_public_pilot/profile_runs/L1_one_step/seed_167400/checkpoint.pt,210486,False,True,True,True,True,False,False,False,False,False,False,False,False,False,False,False,unavoidable
210487,checkpoint,30,True,False,1.0881332892543194,0.861241659617012,1321.7601342843625,0.9115587132995603,1.2476668443491614,0.01879122718351378,1.2316820035860827,1.2976144391047209,0.6348039559308059,1.2743638286745358,1.2743638286745358,22,True,True,drift_required,True,False,1.083463402510738,1.1204649747469881,-0.037001572236250224,obstacle_collision,False,obstacle_collision,collision_failure,-4.399933388321514,-0.14666444627738381,0.5455874310426391,1.270788766783653,0.27266131519074643,0.05400661873999453,0.0,10.734392112464297,0.003996553365141153,1,nan,nan,0.02,5.5,nan,nan,nan,nan,False,nan,0.05400661873999453,0.5180578162824376,False,False,10.24855436236337,0.04330421797685818,0.5050900066869908,10.505723333201749,10.505723333201749,0.0,nan,0.0,30,0.5455874310426391,0.27266131519074643,10.734392112464297,-0.14666444627738381,0,nan,nan,nan,nan,0,nan,nan,nan,nan,m2063-osd-osd_v0_0221_t5::L2_window_50,m2063-osd-osd_v0_0221_t5,osd_v0_0221_t5,T5_terminal_boundary_near_constraint,m2060_no_rollout_outcome_supported_decisive_generator,mixed_dynamics_terminal_boundary,T5_terminal_boundary_near_constraint|mixed_dynamics_terminal_boundary|early|nominal|high|nominal_mu|nominal,m2060_t5_017,,,,,osd_v0_0221_t5,smoke_proxy,t5_boundary_axis_retarget,true,false,L2_window_50,runs/m1674_controller_family_one_seed_public_pilot/configs/L2_window_50_seed167400.json,runs/m1674_controller_family_one_seed_public_pilot/profile_runs/L2_window_50/seed_167400/checkpoint.pt,210487,False,True,True,True,True,False,False,False,False,False,False,False,False,False,False,False,drift_required
210488,checkpoint,28,True,False,0.747749030138418,0.8805843396681354,1167.0876090736006,0.8048880062576556,1.156474048556012,-0.033560602293795094,0.5912822418154002,1.1640063395640208,0.6708082454169138,1.1699076611458064,1.1699076611458064,12,True,True,unavoidable,True,False,1.818322377091084,1.8829816708387046,-0.0646592937476207,obstacle_collision,False,obstacle_collision,collision_failure,-4.413415777850943,-0.1576219920661051,0.4044634176719318,0.7802337471013736,0.22804702972401386,0.019241664525087316,0.0,11.351407495187976,0.0036350276786834,1,nan,nan,0.02,5.5,nan,nan,nan,nan,False,nan,0.019241664525087316,0.5644292839522458,False,False,11.285802333017163,0.0025625372306588468,0.16183748992895783,11.626563819363492,11.626563819363492,0.0,nan,0.0,28,0.4044634176719318,0.22804702972401386,11.351407495187976,-0.1576219920661051,0,nan,nan,nan,nan,0,nan,nan,nan,nan,m2063-osd-osd_v0_0221_t5::L3_online_gru,m2063-osd-osd_v0_0221_t5,osd_v0_0221_t5,T5_terminal_boundary_near_constraint,m2060_no_rollout_outcome_supported_decisive_generator,mixed_dynamics_terminal_boundary,T5_terminal_boundary_near_constraint|mixed_dynamics_terminal_boundary|early|nominal|high|nominal_mu|nominal,m2060_t5_017,,,,,osd_v0_0221_t5,smoke_proxy,t5_boundary_axis_retarget,true,false,L3_online_gru,runs/m1674_controller_family_one_seed_public_pilot/configs/L3_online_gru_seed167400.json,runs/m1674_controller_family_one_seed_public_pilot/profile_runs/L3_online_gru/seed_167400/checkpoint.pt,210488,False,True,True,True,True,False,False,False,False,False,False,False,False,False,False,False,unavoidable
210489,checkpoint,31,True,False,0.49081437827969465,0.7743241804488916,1770.0982323558965,1.2207574016247562,0.9905428340477193,-0.09684339208917514,1.0772202125965948,1.2896860525955252,0.9318633223617558,0.9461573951164245,0.9461573951164245,19,True,True,drift_required,True,False,0.9636956127010251,1.1374215219993842,-0.17372590929835907,obstacle_collision,False,obstacle_collision,collision_failure,0.5562361917334151,0.017943102959142424,0.2555362738455715,0.5824989635577289,0.09483282643545773,0.01107433409853565,0.0,10.658506133732802,0.0016903558280318975,1,nan,nan,0.02,5.5,nan,nan,nan,nan,False,nan,0.01107433409853565,0.46558986790049267,False,False,10.724861758435798,0.010262498838287178,0.1490303833728199,11.61352559268402,11.61352559268402,0.0,nan,0.0,31,0.2555362738455715,0.09483282643545773,10.658506133732802,0.017943102959142424,0,nan,nan,nan,nan,0,nan,nan,nan,nan,m2063-osd-osd_v0_0221_t5::L3_reset_control_corrected,m2063-osd-osd_v0_0221_t5,osd_v0_0221_t5,T5_terminal_boundary_near_constraint,m2060_no_rollout_outcome_supported_decisive_generator,mixed_dynamics_terminal_boundary,T5_terminal_boundary_near_constraint|mixed_dynamics_terminal_boundary|early|nominal|high|nominal_mu|nominal,m2060_t5_017,,,,,osd_v0_0221_t5,smoke_proxy,t5_boundary_axis_retarget,true,false,L3_reset_control_corrected,runs/m1674_controller_family_one_seed_public_pilot/configs/L3_reset_control_corrected_seed167400.json,runs/m1674_controller_family_one_seed_public_pilot/profile_runs/L3_reset_control_corrected/seed_167400/checkpoint.pt,210489,False,True,True,True,True,False,False,False,False,False,False,False,False,False,False,False,drift_required
210490,checkpoint,61,True,False,0.44872537794609646,0.4946605097732881,1631.599927159624,1.1252413290756027,1.038039233267861,0.12246479794583998,0.9174998167198352,1.335012964486019,0.6478433172883039,1.4745980388970217,1.4745980388970217,18,True,True,drift_required,True,False,1.5824613306839401,1.6825496848253296,-0.1000883541413895,obstacle_collision,False,obstacle_collision,collision_failure,24.002782341510184,0.3934882351067243,0.757991795021727,1.6706258561980434,0.2710214004616679,0.007784936395235949,0.0,13.251245250306564,0.0008058063103817403,1,nan,nan,0.02,4.4,nan,nan,nan,nan,False,nan,0.007784936395235949,0.19627499780128865,False,False,12.322100069273917,0.00012516910872346955,0.07527665223648324,12.830132089758875,12.830132089758875,0.0,nan,0.0,61,0.757991795021727,0.2710214004616679,13.251245250306564,0.3934882351067243,0,nan,nan,nan,nan,0,nan,nan,nan,nan,m2063-osd-osd_v0_0222_t5::L0_current_masked,m2063-osd-osd_v0_0222_t5,osd_v0_0222_t5,T5_terminal_boundary_near_constraint,m2060_no_rollout_outcome_supported_decisive_generator,near_zero_clearance_margin,T5_terminal_boundary_near_constraint|near_zero_clearance_margin|medium|tight|straight_or_low|low_mu|high,m2060_t5_018,,,,,osd_v0_0222_t5,smoke_proxy,t5_boundary_axis_retarget,true,false,L0_current_masked,runs/m1674_controller_family_one_seed_public_pilot/configs/L0_current_masked_seed167400.json,runs/m1674_controller_family_one_seed_public_pilot/profile_runs/L0_current_masked/seed_167400/checkpoint.pt,210490,False,True,True,True,True,False,False,False,False,False,False,False,False,False,False,False,drift_required
210491,checkpoint,81,False,True,0.41382589123394053,0.4303405094376249,1568.2156542482533,1.0815280374125884,1.2336139227173328,0.017524946345263803,1.399670087418658,1.3021269575648684,1.2195617321162198,0.9386300781726838,0.9386300781726837,34,True,True,drift_required,False,True,2.3184393303969304,1.9544275021583757,0.3640118282385547,,True,obstacle_pass,success_obstacle_pass,94.52154194953604,1.1669326166609388,0.6471641198015865,1.6289444105525845,0.08747007368225615,0.03246368889643316,0.0,13.844373742945224,0.0008557530236430466,1,nan,nan,0.02,4.4,81.0,1.62,81.0,1.62,True,0.0,0.03246368889643316,0.21508100705010924,False,True,nan,nan,nan,nan,0.0,0.0,nan,0.0,81,0.6471641198015865,0.08747007368225615,13.844373742945224,1.1669326166609388,0,nan,nan,nan,nan,0,nan,nan,nan,nan,m2063-osd-osd_v0_0222_t5::L1_one_step,m2063-osd-osd_v0_0222_t5,osd_v0_0222_t5,T5_terminal_boundary_near_constraint,m2060_no_rollout_outcome_supported_decisive_generator,near_zero_clearance_margin,T5_terminal_boundary_near_constraint|near_zero_clearance_margin|medium|tight|straight_or_low|low_mu|high,m2060_t5_018,,,,,osd_v0_0222_t5,smoke_proxy,t5_boundary_axis_retarget,true,false,L1_one_step,runs/m1674_controller_family_one_seed_public_pilot/configs/L1_one_step_seed167400.json,runs/m1674_controller_family_one_seed_public_pilot/profile_runs/L1_one_step/seed_167400/checkpoint.pt,210491,True,True,True,True,True,False,False,False,False,False,False,False,False,False,False,False,drift_required
210492,checkpoint,55,True,False,0.501540193180263,0.39145161718427357,1568.6994530063037,1.0818616917284853,1.0711641811584371,-0.041763440426493936,0.8397360038175441,0.5896139514798456,0.7265733528118996,1.0115978102103795,1.0115978102103795,36,True,True,drift_required,True,False,1.520781351240027,1.7109961978763573,-0.19021484663633026,obstacle_collision,False,obstacle_collision,collision_failure,13.60147064471522,0.24729946626754948,1.2415917463970887,2.939841227997249,0.24244483664501995,0.07324838591103758,0.0,14.030202628738381,0.0027912361547350883,1,nan,nan,0.02,4.4,nan,nan,nan,nan,False,nan,0.07324838591103758,0.443609417744705,False,False,14.050966579872723,0.07324838591103758,0.443609417744705,15.083025947784364,15.083025947784364,0.0,nan,0.0,55,1.2415917463970887,0.24244483664501995,14.030202628738381,0.24729946626754948,0,nan,nan,nan,nan,0,nan,nan,nan,nan,m2063-osd-osd_v0_0222_t5::L2_window_50,m2063-osd-osd_v0_0222_t5,osd_v0_0222_t5,T5_terminal_boundary_near_constraint,m2060_no_rollout_outcome_supported_decisive_generator,near_zero_clearance_margin,T5_terminal_boundary_near_constraint|near_zero_clearance_margin|medium|tight|straight_or_low|low_mu|high,m2060_t5_018,,,,,osd_v0_0222_t5,smoke_proxy,t5_boundary_axis_retarget,true,false,L2_window_50,runs/m1674_controller_family_one_seed_public_pilot/configs/L2_window_50_seed167400.json,runs/m1674_controller_family_one_seed_public_pilot/profile_runs/L2_window_50/seed_167400/checkpoint.pt,210492,False,True,True,True,True,False,False,False,False,False,False,False,False,False,False,False,drift_required
210493,checkpoint,76,True,False,0.840496234645326,0.39227111587780433,1631.0973596187466,1.1248947307715493,1.242738960563068,0.052656743712177434,1.2817795030738848,1.299410288797452,1.1645662558245435,0.8502629967688282,0.8502629967688283,28,True,True,drift_required,True,False,1.9592075778328184,2.111068569666354,-0.15186099183353563,obstacle_collision,False,obstacle_collision,collision_failure,36.7400554362123,0.483421782055425,1.1945259502266634,2.5924012799274934,0.3111018576757223,0.048475366500631036,0.0,14.728117553059878,0.0010841632029041648,1,nan,nan,0.02,4.4,nan,nan,nan,nan,False,nan,0.048475366500631036,0.22928391882124508,False,False,15.51452031753151,3.839144681695774e-05,0.13611521099479193,16.287455993522077,16.287455993522077,0.0,nan,0.0,76,1.1945259502266634,0.3111018576757223,14.728117553059878,0.483421782055425,0,nan,nan,nan,nan,0,nan,nan,nan,nan,m2063-osd-osd_v0_0222_t5::L3_online_gru,m2063-osd-osd_v0_0222_t5,osd_v0_0222_t5,T5_terminal_boundary_near_constraint,m2060_no_rollout_outcome_supported_decisive_generator,near_zero_clearance_margin,T5_terminal_boundary_near_constraint|near_zero_clearance_margin|medium|tight|straight_or_low|low_mu|high,m2060_t5_018,,,,,osd_v0_0222_t5,smoke_proxy,t5_boundary_axis_retarget,true,false,L3_online_gru,runs/m1674_controller_family_one_seed_public_pilot/configs/L3_online_gru_seed167400.json,runs/m1674_controller_family_one_seed_public_pilot/profile_runs/L3_online_gru/seed_167400/checkpoint.pt,210493,False,True,True,True,True,False,False,False,False,False,False,False,False,False,False,False,drift_required
210494,checkpoint,60,False,True,0.6248883779564411,0.42196038773819067,1435.523595766452,0.9900162729423807,1.025620856957557,-0.02081247903793937,0.7244585760673117,0.7234209631536317,0.6593225784714354,1.1201982686380962,1.1201982686380962,12,True,True,unavoidable,False,True,2.5736747715042156,1.9762571340045514,0.5974176374996643,,True,obstacle_pass,success_obstacle_pass,76.04075992136241,1.2673459986893734,0.745237171310795,0.956470326172159,0.12142186366168135,0.07189719862412017,0.0,14.3132095666338,0.0005189442308619618,1,nan,nan,0.02,4.4,60.0,1.2,60.0,1.2,True,0.0,0.07189719862412017,0.23089847085177506,False,True,nan,nan,nan,nan,0.0,0.0,nan,0.0,60,0.745237171310795,0.12142186366168135,14.3132095666338,1.2673459986893734,0,nan,nan,nan,nan,0,nan,nan,nan,nan,m2063-osd-osd_v0_0222_t5::L3_reset_control_corrected,m2063-osd-osd_v0_0222_t5,osd_v0_0222_t5,T5_terminal_boundary_near_constraint,m2060_no_rollout_outcome_supported_decisive_generator,near_zero_clearance_margin,T5_terminal_boundary_near_constraint|near_zero_clearance_margin|medium|tight|straight_or_low|low_mu|high,m2060_t5_018,,,,,osd_v0_0222_t5,smoke_proxy,t5_boundary_axis_retarget,true,false,L3_reset_control_corrected,runs/m1674_controller_family_one_seed_public_pilot/configs/L3_reset_control_corrected_seed167400.json,runs/m1674_controller_family_one_seed_public_pilot/profile_runs/L3_reset_control_corrected/seed_167400/checkpoint.pt,210494,True,True,True,True,True,False,False,False,False,False,False,False,False,False,False,False,unavoidable
210495,checkpoint,27,True,False,0.7255042064284052,0.8165117590109681,1592.9157096931701,1.0985625584090828,0.9883691172203855,0.08086536955691281,1.0697921763786615,1.1587232931888487,1.149837353158227,1.836714948136195,1.8367149481361948,19,True,True,unavoidable,True,False,1.6788829934416962,1.7173372674855298,-0.038454274043833614,obstacle_collision,False,obstacle_collision,collision_failure,-4.502201546284251,-0.16674820541793522,0.41190552874455616,0.6085421631913377,0.17562657097629938,0.022530685189228832,0.0,9.837399653817897,0.003483711276203394,1,nan,nan,0.02,7.0,nan,nan,nan,nan,False,nan,0.022530685189228832,0.23166593507562638,False,False,9.857362080863489,0.0047597712227353635,0.06485726181371627,10.058499062875395,10.058499062875395,0.0,nan,0.0,27,0.41190552874455616,0.17562657097629938,9.837399653817897,-0.16674820541793522,0,nan,nan,nan,nan,0,nan,nan,nan,nan,m2063-osd-osd_v0_0223_t5::L0_current_masked,m2063-osd-osd_v0_0223_t5,osd_v0_0223_t5,T5_terminal_boundary_near_constraint,m2060_no_rollout_outcome_supported_decisive_generator,late_terminal_boundary_margin,T5_terminal_boundary_near_constraint|late_terminal_boundary_margin|late|generous|moderate|mixed_mu|low,m2060_t5_019,,,,,osd_v0_0223_t5,smoke_proxy,t5_boundary_axis_retarget,true,false,L0_current_masked,runs/m1674_controller_family_one_seed_public_pilot/configs/L0_current_masked_seed167400.json,runs/m1674_controller_family_one_seed_public_pilot/profile_runs/L0_current_masked/seed_167400/checkpoint.pt,210495,False,True,True,True,True,False,False,False,False,False,False,False,False,False,False,False,unavoidable
210496,checkpoint,8,True,False,0.5418072974896394,0.5418072974896394,1407.3272717027235,0.9705705322087748,0.8863906642692223,0.093560875580176,0.8235548068237553,1.042360414989933,1.1854597089624312,0.9339093118025298,0.9339093118025298,10,False,True,unavoidable,True,False,1.4083796295110487,1.5030511676993812,-0.09467153818833252,obstacle_collision,False,obstacle_collision,collision_failure,-24.545782354419593,-3.068222794302449,0.021908424644559957,0.040577411138968955,0.25408506274944725,0.024129638381025918,0.0,9.849861191904019,0.00441674655303359,1,nan,nan,0.02,7.0,nan,nan,nan,nan,False,nan,0.024129638381025918,0.24955974926140603,False,False,9.879123232353132,0.0012130045757260124,0.04824459407991639,10.35791188499065,10.35791188499065,0.0,nan,0.0,8,0.021908424644559957,0.25408506274944725,9.849861191904019,-3.068222794302449,0,nan,nan,nan,nan,0,nan,nan,nan,nan,m2063-osd-osd_v0_0223_t5::L1_one_step,m2063-osd-osd_v0_0223_t5,osd_v0_0223_t5,T5_terminal_boundary_near_constraint,m2060_no_rollout_outcome_supported_decisive_generator,late_terminal_boundary_margin,T5_terminal_boundary_near_constraint|late_terminal_boundary_margin|late|generous|moderate|mixed_mu|low,m2060_t5_019,,,,,osd_v0_0223_t5,smoke_proxy,t5_boundary_axis_retarget,true,false,L1_one_step,runs/m1674_controller_family_one_seed_public_pilot/configs/L1_one_step_seed167400.json,runs/m1674_controller_family_one_seed_public_pilot/profile_runs/L1_one_step/seed_167400/checkpoint.pt,210496,False,True,True,True,True,False,False,False,False,False,False,False,False,False,False,False,unavoidable
210497,checkpoint,26,True,False,0.65054654659327,0.3063875194154481,1382.287331692734,0.9533016080639545,0.9355277851028077,-0.06182127215890354,0.7394770061904286,0.646248664029135,0.670418190207621,2.032169922940956,2.032169922940956,18,True,True,unavoidable,True,False,1.5366751000694598,1.5886762073628908,-0.05200110729343099,obstacle_collision,False,obstacle_collision,collision_failure,-4.870160618720302,-0.18731386995078084,0.43542006368889924,0.5550404514487113,0.22676975400580995,0.08257399088540782,0.0,7.620787960798586,0.003710508579388261,1,nan,nan,0.02,7.0,nan,nan,nan,nan,False,nan,0.08257399088540782,0.3770046186697184,False,False,7.653121746911649,0.05167122773457623,0.3770046186697184,7.976663359113063,7.976663359113063,0.0,nan,0.0,26,0.43542006368889924,0.22676975400580995,7.620787960798586,-0.18731386995078084,0,nan,nan,nan,nan,0,nan,nan,nan,nan,m2063-osd-osd_v0_0223_t5::L2_window_50,m2063-osd-osd_v0_0223_t5,osd_v0_0223_t5,T5_terminal_boundary_near_constraint,m2060_no_rollout_outcome_supported_decisive_generator,late_terminal_boundary_margin,T5_terminal_boundary_near_constraint|late_terminal_boundary_margin|late|generous|moderate|mixed_mu|low,m2060_t5_019,,,,,osd_v0_0223_t5,smoke_proxy,t5_boundary_axis_retarget,true,false,L2_window_50,runs/m1674_controller_family_one_seed_public_pilot/configs/L2_window_50_seed167400.json,runs/m1674_controller_family_one_seed_public_pilot/profile_runs/L2_window_50/seed_167400/checkpoint.pt,210497,False,True,True,True,True,False,False,False,False,False,False,False,False,False,False,False,unavoidable
210498,checkpoint,41,True,False,0.3913203666224834,0.6018313576930473,1814.3485289330376,1.251274847540026,1.0850142337704822,-0.13361463106429428,0.5863260353665319,1.1184300945863281,0.8025559387274316,1.162215616350914,1.162215616350914,26,True,True,drift_required,True,False,1.0532230374260392,1.1908888029600833,-0.13766576553404408,obstacle_collision,False,obstacle_collision,collision_failure,12.736880196804034,0.31065561455619595,0.2955055424538614,0.6550137611431026,0.05808083978104508,0.04569590867045198,0.0,9.820156990939847,0.0021176389418542385,1,nan,nan,0.02,7.0,nan,nan,nan,nan,False,nan,0.04569590867045198,0.2716519155120513,False,False,9.93247826563427,0.003538450638013168,0.09682291154224744,10.632258609777722,10.632258609777722,0.0,nan,0.0,41,0.2955055424538614,0.05808083978104508,9.820156990939847,0.31065561455619595,0,nan,nan,nan,nan,0,nan,nan,nan,nan,m2063-osd-osd_v0_0223_t5::L3_online_gru,m2063-osd-osd_v0_0223_t5,osd_v0_0223_t5,T5_terminal_boundary_near_constraint,m2060_no_rollout_outcome_supported_decisive_generator,late_terminal_boundary_margin,T5_terminal_boundary_near_constraint|late_terminal_boundary_margin|late|generous|moderate|mixed_mu|low,m2060_t5_019,,,,,osd_v0_0223_t5,smoke_proxy,t5_boundary_axis_retarget,true,false,L3_online_gru,runs/m1674_controller_family_one_seed_public_pilot/configs/L3_online_gru_seed167400.json,runs/m1674_controller_family_one_seed_public_pilot/profile_runs/L3_online_gru/seed_167400/checkpoint.pt,210498,False,True,True,True,True,False,False,False,False,False,False,False,False,False,False,False,drift_required
210499,checkpoint,6,True,False,0.5912892786929402,0.5912892786929402,1535.5418391331211,1.0589943718159456,0.8095122347612259,-0.10194625655252487,0.6833830454869965,1.0499541672664998,1.1777600377377833,0.9174006836023674,0.9174006836023674,8,False,True,unavoidable,True,False,1.3222698991040962,1.4012925207866809,-0.07902262168258467,obstacle_collision,False,obstacle_collision,collision_failure,-26.17274284303194,-4.36212380717199,0.0721539907132597,0.0808259526788575,0.09778420649177362,0.017149446946356905,0.0,7.490968447748468,0.0048022642731666565,1,nan,nan,0.02,7.0,nan,nan,nan,nan,False,nan,0.017149446946356905,0.17352077590005172,False,False,7.5473751727409795,0.011627851384870793,0.09522453013644508,7.957824659859983,7.957824659859983,0.0,nan,0.0,6,0.0721539907132597,0.09778420649177362,7.490968447748468,-4.36212380717199,0,nan,nan,nan,nan,0,nan,nan,nan,nan,m2063-osd-osd_v0_0223_t5::L3_reset_control_corrected,m2063-osd-osd_v0_0223_t5,osd_v0_0223_t5,T5_terminal_boundary_near_constraint,m2060_no_rollout_outcome_supported_decisive_generator,late_terminal_boundary_margin,T5_terminal_boundary_near_constraint|late_terminal_boundary_margin|late|generous|moderate|mixed_mu|low,m2060_t5_019,,,,,osd_v0_0223_t5,smoke_proxy,t5_boundary_axis_retarget,true,false,L3_reset_control_corrected,runs/m1674_controller_family_one_seed_public_pilot/configs/L3_reset_control_corrected_seed167400.json,runs/m1674_controller_family_one_seed_public_pilot/profile_runs/L3_reset_control_corrected/seed_167400/checkpoint.pt,210499,False,True,True,True,True,False,False,False,False,False,False,False,False,False,False,False,unavoidable
210500,checkpoint,33,True,False,0.4332797262452077,0.500722245336146,1434.4716048557298,0.9892907619694689,0.9544794842346171,0.0715745330719435,1.1523417300507104,0.9641910675208706,0.9061769186012916,1.9979926489813618,1.9979926489813618,29,True,True,unavoidable,True,False,1.536258068606051,1.5650228713116299,-0.028764802705578907,obstacle_collision,False,obstacle_collision,collision_failure,-1.5915816147079234,-0.0482297459002401,0.8818792063514547,1.4830781506947197,0.23512885390237123,0.05469682415155505,0.0,8.64973861511702,0.00282150786370039,1,nan,nan,0.02,5.5,nan,nan,nan,nan,False,nan,0.05469682415155505,0.4190109465214911,False,False,8.663847310379605,0.0019318099844067482,0.016471817795275647,8.810284410679229,8.810284410679229,0.0,nan,0.0,33,0.8818792063514547,0.23512885390237123,8.64973861511702,-0.0482297459002401,0,nan,nan,nan,nan,0,nan,nan,nan,nan,m2063-osd-osd_v0_0224_t5::L0_current_masked,m2063-osd-osd_v0_0224_t5,osd_v0_0224_t5,T5_terminal_boundary_near_constraint,m2060_no_rollout_outcome_supported_decisive_generator,tight_road_terminal_boundary,T5_terminal_boundary_near_constraint|tight_road_terminal_boundary|early|nominal|high|actuator_delay|nominal,m2060_t5_020,,,,,osd_v0_0224_t5,smoke_proxy,t5_boundary_axis_retarget,true,false,L0_current_masked,runs/m1674_controller_family_one_seed_public_pilot/configs/L0_current_masked_seed167400.json,runs/m1674_controller_family_one_seed_public_pilot/profile_runs/L0_current_masked/seed_167400/checkpoint.pt,210500,False,True,True,True,True,False,False,False,False,False,False,False,False,False,False,False,unavoidable
210501,checkpoint,32,True,False,1.0439461289711367,0.4917568777788074,1698.0315944515726,1.1710562720355673,1.251430357655369,-0.01525579078183692,1.1917386870320077,1.3124807614626903,1.0435503352573685,2.163679774090494,2.163679774090494,12,True,True,unavoidable,True,False,1.1382434762216695,1.2582106275351805,-0.11996715131351099,obstacle_collision,False,obstacle_collision,collision_failure,0.7988602768109097,0.024964383650340927,0.25798419552396473,0.3861035693941268,0.13760797959156315,0.03622687116786252,0.0,8.470411057434742,0.0032761183101683855,1,nan,nan,0.02,5.5,nan,nan,nan,nan,False,nan,0.03622687116786252,0.4042246041173102,False,False,8.355449744842046,0.005090779821874322,0.03895009451610409,8.96172590077215,8.96172590077215,0.0,nan,0.0,32,0.25798419552396473,0.13760797959156315,8.470411057434742,0.024964383650340927,0,nan,nan,nan,nan,0,nan,nan,nan,nan,m2063-osd-osd_v0_0224_t5::L1_one_step,m2063-osd-osd_v0_0224_t5,osd_v0_0224_t5,T5_terminal_boundary_near_constraint,m2060_no_rollout_outcome_supported_decisive_generator,tight_road_terminal_boundary,T5_terminal_boundary_near_constraint|tight_road_terminal_boundary|early|nominal|high|actuator_delay|nominal,m2060_t5_020,,,,,osd_v0_0224_t5,smoke_proxy,t5_boundary_axis_retarget,true,false,L1_one_step,runs/m1674_controller_family_one_seed_public_pilot/configs/L1_one_step_seed167400.json,runs/m1674_controller_family_one_seed_public_pilot/profile_runs/L1_one_step/seed_167400/checkpoint.pt,210501,False,True,True,True,True,False,False,False,False,False,False,False,False,False,False,False,unavoidable
210502,checkpoint,36,True,False,1.0476501914512406,0.6710060600401975,1223.7340743747884,0.8439545340515782,1.2412622957345891,-0.09440565094259346,1.0765588439215883,1.2946065067532928,1.2910799112323095,1.8716743815913837,1.8716743815913837,14,True,True,drift_required,True,False,1.308954860252925,1.469665479111923,-0.16071061885899796,obstacle_collision,False,obstacle_collision,collision_failure,3.548216484377072,0.09856156901047422,0.6946077639010906,1.659200325493103,0.16481762501278677,0.048101072159114286,0.0,10.131203349785261,0.00349943689070642,1,nan,nan,0.02,5.5,nan,nan,nan,nan,False,nan,0.048101072159114286,0.48672309488609433,False,False,10.362686972105777,0.04808096082945167,0.48672309488609433,11.238952856304103,11.238952856304103,0.0,nan,0.0,36,0.6946077639010906,0.16481762501278677,10.131203349785261,0.09856156901047422,0,nan,nan,nan,nan,0,nan,nan,nan,nan,m2063-osd-osd_v0_0224_t5::L2_window_50,m2063-osd-osd_v0_0224_t5,osd_v0_0224_t5,T5_terminal_boundary_near_constraint,m2060_no_rollout_outcome_supported_decisive_generator,tight_road_terminal_boundary,T5_terminal_boundary_near_constraint|tight_road_terminal_boundary|early|nominal|high|actuator_delay|nominal,m2060_t5_020,,,,,osd_v0_0224_t5,smoke_proxy,t5_boundary_axis_retarget,true,false,L2_window_50,runs/m1674_controller_family_one_seed_public_pilot/configs/L2_window_50_seed167400.json,runs/m1674_controller_family_one_seed_public_pilot/profile_runs/L2_window_50/seed_167400/checkpoint.pt,210502,False,True,True,True,True,False,False,False,False,False,False,False,False,False,False,False,drift_required
210503,checkpoint,36,True,False,0.602310485947591,0.498509836058488,1607.1487886283153,1.1083784749160794,1.067263279712038,0.025628567766973642,1.1599984984374268,0.7338820052458572,0.7675592999787401,2.6842590469782333,2.6842590469782333,19,True,True,unavoidable,True,False,1.242380039609728,1.2714079165624967,-0.02902787695276876,obstacle_collision,False,obstacle_collision,collision_failure,12.543609549059035,0.3484335985849732,0.30073960328454763,0.32578867395200106,0.029102133721401652,0.0959729833661698,0.0,8.698518634385412,0.0025058796163648367,1,nan,nan,0.02,5.5,nan,nan,nan,nan,False,nan,0.0959729833661698,0.462632224709297,False,False,8.912746887568938,0.009766173901244195,0.12971664169619995,9.075741023453023,9.075741023453023,0.0,nan,0.0,36,0.30073960328454763,0.029102133721401652,8.698518634385412,0.3484335985849732,0,nan,nan,nan,nan,0,nan,nan,nan,nan,m2063-osd-osd_v0_0224_t5::L3_online_gru,m2063-osd-osd_v0_0224_t5,osd_v0_0224_t5,T5_terminal_boundary_near_constraint,m2060_no_rollout_outcome_supported_decisive_generator,tight_road_terminal_boundary,T5_terminal_boundary_near_constraint|tight_road_terminal_boundary|early|nominal|high|actuator_delay|nominal,m2060_t5_020,,,,,osd_v0_0224_t5,smoke_proxy,t5_boundary_axis_retarget,true,false,L3_online_gru,runs/m1674_controller_family_one_seed_public_pilot/configs/L3_online_gru_seed167400.json,runs/m1674_controller_family_one_seed_public_pilot/profile_runs/L3_online_gru/seed_167400/checkpoint.pt,210503,False,True,True,True,True,False,False,False,False,False,False,False,False,False,False,False,unavoidable
210504,checkpoint,31,True,False,1.096123838737247,0.7010094492298724,1496.7693149711658,1.0322546999801143,1.0837228628973794,-0.020574088659295775,0.9026015855983407,1.0867328838407233,0.731356904474332,2.2856487601297992,2.2856487601297992,8,True,True,unavoidable,True,False,1.6675065791145214,1.7865297445011508,-0.11902316538662938,obstacle_collision,False,obstacle_collision,collision_failure,-0.5224521127902086,-0.016853293960974472,0.3731688206523803,0.8243148495585757,0.09610183114295577,0.012685122769806411,0.0,10.090401021875413,0.001713454257696867,1,nan,nan,0.02,5.5,nan,nan,nan,nan,False,nan,0.012685122769806411,0.4644149602412607,False,False,10.101439019159667,0.010949237770898386,0.15072852246857585,10.717102317225121,10.717102317225121,0.0,nan,0.0,31,0.3731688206523803,0.09610183114295577,10.090401021875413,-0.016853293960974472,0,nan,nan,nan,nan,0,nan,nan,nan,nan,m2063-osd-osd_v0_0224_t5::L3_reset_control_corrected,m2063-osd-osd_v0_0224_t5,osd_v0_0224_t5,T5_terminal_boundary_near_constraint,m2060_no_rollout_outcome_supported_decisive_generator,tight_road_terminal_boundary,T5_terminal_boundary_near_constraint|tight_road_terminal_boundary|early|nominal|high|actuator_delay|nominal,m2060_t5_020,,,,,osd_v0_0224_t5,smoke_proxy,t5_boundary_axis_retarget,true,false,L3_reset_control_corrected,runs/m1674_controller_family_one_seed_public_pilot/configs/L3_reset_control_corrected_seed167400.json,runs/m1674_controller_family_one_seed_public_pilot/profile_runs/L3_reset_control_corrected/seed_167400/checkpoint.pt,210504,False,True,True,True,True,False,False,False,False,False,False,False,False,False,False,False,unavoidable
210505,checkpoint,27,True,False,0.7586692984779719,0.8582182563106134,1634.373147673346,1.1271538949471351,0.9527403609736196,0.02411519968489828,0.8554326094456751,0.9137637380936776,1.0587820592514372,0.6872951591284968,0.6872951591284968,19,True,True,unavoidable,True,False,1.148204455388507,1.2605403322201312,-0.11233587683162427,obstacle_collision,False,obstacle_collision,collision_failure,-3.5010159986580938,-0.12966725920955902,0.30689565425888204,0.43946656545008267,0.13927910065002036,0.042144085526376114,0.0,18.123879482845478,0.0016293834196403623,1,nan,nan,0.02,4.4,nan,nan,nan,nan,False,nan,0.042144085526376114,0.262021686654833,False,False,18.197254295427392,0.0039476962405268524,0.014711185436167624,18.762378646249395,18.762378646249395,0.0,nan,0.0,27,0.30689565425888204,0.13927910065002036,18.123879482845478,-0.12966725920955902,0,nan,nan,nan,nan,0,nan,nan,nan,nan,m2063-osd-osd_v0_0225_t5::L0_current_masked,m2063-osd-osd_v0_0225_t5,osd_v0_0225_t5,T5_terminal_boundary_near_constraint,m2060_no_rollout_outcome_supported_decisive_generator,low_grip_terminal_boundary,T5_terminal_boundary_near_constraint|low_grip_terminal_boundary|medium|tight|straight_or_low|nominal_mu|high,m2060_t5_021,,,,,osd_v0_0225_t5,smoke_proxy,t5_boundary_axis_retarget,true,false,L0_current_masked,runs/m1674_controller_family_one_seed_public_pilot/configs/L0_current_masked_seed167400.json,runs/m1674_controller_family_one_seed_public_pilot/profile_runs/L0_current_masked/seed_167400/checkpoint.pt,210505,False,True,True,True,True,False,False,False,False,False,False,False,False,False,False,False,unavoidable
210506,checkpoint,32,True,False,0.4203875154476526,0.9373183858553504,1432.4261359150037,0.9878800937344853,1.250062436218781,-0.02026313411065761,1.244088248914999,1.0271501485243757,1.0697788418410963,1.292039911347771,1.292039911347771,10,True,True,unavoidable,True,False,1.5265427069777677,1.7165677530363501,-0.1900250460585824,obstacle_collision,False,obstacle_collision,collision_failure,4.1879240931732475,0.13087262791166399,0.052734583637347315,0.07639329102462966,0.07342873013315859,0.08600921067780354,0.0,19.369693443759445,0.0015561690088361502,1,nan,nan,0.02,4.4,nan,nan,nan,nan,False,nan,0.08600921067780354,0.3133035369866912,False,False,19.297027061463822,0.059612737642797446,0.1947529684212221,20.296433957420252,20.296433957420252,0.0,nan,0.0,32,0.052734583637347315,0.07342873013315859,19.369693443759445,0.13087262791166399,0,nan,nan,nan,nan,0,nan,nan,nan,nan,m2063-osd-osd_v0_0225_t5::L1_one_step,m2063-osd-osd_v0_0225_t5,osd_v0_0225_t5,T5_terminal_boundary_near_constraint,m2060_no_rollout_outcome_supported_decisive_generator,low_grip_terminal_boundary,T5_terminal_boundary_near_constraint|low_grip_terminal_boundary|medium|tight|straight_or_low|nominal_mu|high,m2060_t5_021,,,,,osd_v0_0225_t5,smoke_proxy,t5_boundary_axis_retarget,true,false,L1_one_step,runs/m1674_controller_family_one_seed_public_pilot/configs/L1_one_step_seed167400.json,runs/m1674_controller_family_one_seed_public_pilot/profile_runs/L1_one_step/seed_167400/checkpoint.pt,210506,False,True,True,True,True,False,False,False,False,False,False,False,False,False,False,False,unavoidable
210507,checkpoint,45,True,False,0.8181272210516817,0.8466761766948911,1321.3133827318154,0.9112506087805623,1.107172282035181,-0.10072430299854362,1.069191532715437,0.7575292782343503,0.6601440970275602,0.7578451030154787,0.7578451030154787,30,True,True,drift_required,False,False,2.441859647172698,1.339038617349528,1.1028210298231702,off_track,False,off_track,off_track_noncollision_noncompletion,16.731779421633867,0.3718173204807526,2.063085624243508,4.4638951361565375,0.03423105063420818,0.09591132504677918,0.0,18.839343587760503,0.003911992069333792,1,nan,nan,0.02,4.4,nan,nan,nan,nan,False,nan,0.09591132504677918,0.5937592985925267,False,False,nan,nan,nan,nan,0.0,0.06389513615653719,0.9,0.06389513615653719,45,2.063085624243508,0.03423105063420818,18.839343587760503,0.3718173204807526,0,nan,nan,nan,nan,0,nan,nan,nan,nan,m2063-osd-osd_v0_0225_t5::L2_window_50,m2063-osd-osd_v0_0225_t5,osd_v0_0225_t5,T5_terminal_boundary_near_constraint,m2060_no_rollout_outcome_supported_decisive_generator,low_grip_terminal_boundary,T5_terminal_boundary_near_constraint|low_grip_terminal_boundary|medium|tight|straight_or_low|nominal_mu|high,m2060_t5_021,,,,,osd_v0_0225_t5,smoke_proxy,t5_boundary_axis_retarget,true,false,L2_window_50,runs/m1674_controller_family_one_seed_public_pilot/configs/L2_window_50_seed167400.json,runs/m1674_controller_family_one_seed_public_pilot/profile_runs/L2_window_50/seed_167400/checkpoint.pt,210507,False,True,True,True,True,False,False,False,False,False,False,False,False,False,False,False,drift_required
210508,checkpoint,25,True,False,0.8937638857848691,0.9858637975171165,1700.0145477026936,1.1724238260018576,0.8540571575231464,-0.033810407789443664,0.6656368029056168,0.5529037911695331,0.9859558312370453,1.1738545439459167,1.1738545439459167,22,True,True,unavoidable,True,False,1.0053097261122204,1.3493788825692783,-0.34406915645705793,obstacle_collision,False,obstacle_collision,collision_failure,-7.620593901793136,-0.3048237560717254,0.6913137045610537,1.1820520104445364,0.2950516759889843,0.025040319292144217,0.0,20.007509527348276,0.0027443303260952234,1,nan,nan,0.02,4.4,nan,nan,nan,nan,False,nan,0.025040319292144217,0.2994850583874159,False,False,20.400036398153436,0.019127199144101832,0.12353335052661613,22.142299115063437,22.142299115063437,0.0,nan,0.0,25,0.6913137045610537,0.2950516759889843,20.007509527348276,-0.3048237560717254,0,nan,nan,nan,nan,0,nan,nan,nan,nan,m2063-osd-osd_v0_0225_t5::L3_online_gru,m2063-osd-osd_v0_0225_t5,osd_v0_0225_t5,T5_terminal_boundary_near_constraint,m2060_no_rollout_outcome_supported_decisive_generator,low_grip_terminal_boundary,T5_terminal_boundary_near_constraint|low_grip_terminal_boundary|medium|tight|straight_or_low|nominal_mu|high,m2060_t5_021,,,,,osd_v0_0225_t5,smoke_proxy,t5_boundary_axis_retarget,true,false,L3_online_gru,runs/m1674_controller_family_one_seed_public_pilot/configs/L3_online_gru_seed167400.json,runs/m1674_controller_family_one_seed_public_pilot/profile_runs/L3_online_gru/seed_167400/checkpoint.pt,210508,False,True,True,True,True,False,False,False,False,False,False,False,False,False,False,False,unavoidable
210509,checkpoint,46,True,False,0.959642752144886,0.7983737085671079,1203.246308856295,0.8298250405905483,1.1310484924396822,0.035750131270029906,0.8616024813896179,0.7059807002437537,0.8137251959342361,0.7053536154077975,0.7053536154077975,16,True,True,drift_required,True,False,1.7516715400362939,1.758208776592248,-0.006537236555954173,obstacle_collision,False,obstacle_collision,collision_failure,19.009201935004768,0.4132435203261906,0.24703710500826698,0.2973777130959263,0.1538472327075699,0.002041333492679692,0.0,14.848065868113475,0.000628581503406167,1,nan,nan,0.02,4.4,nan,nan,nan,nan,False,nan,0.002041333492679692,0.20841533125512574,False,False,15.420905788041189,0.0007239027460899204,0.14319844119043787,15.468273766313047,15.468273766313047,0.0,nan,0.0,46,0.24703710500826698,0.1538472327075699,14.848065868113475,0.4132435203261906,0,nan,nan,nan,nan,0,nan,nan,nan,nan,m2063-osd-osd_v0_0225_t5::L3_reset_control_corrected,m2063-osd-osd_v0_0225_t5,osd_v0_0225_t5,T5_terminal_boundary_near_constraint,m2060_no_rollout_outcome_supported_decisive_generator,low_grip_terminal_boundary,T5_terminal_boundary_near_constraint|low_grip_terminal_boundary|medium|tight|straight_or_low|nominal_mu|high,m2060_t5_021,,,,,osd_v0_0225_t5,smoke_proxy,t5_boundary_axis_retarget,true,false,L3_reset_control_corrected,runs/m1674_controller_family_one_seed_public_pilot/configs/L3_reset_control_corrected_seed167400.json,runs/m1674_controller_family_one_seed_public_pilot/profile_runs/L3_reset_control_corrected/seed_167400/checkpoint.pt,210509,False,True,True,True,True,False,False,False,False,False,False,False,False,False,False,False,drift_required
210510,checkpoint,36,True,False,1.107502752780321,0.5292459511431734,1353.8769488819762,0.9337082406082594,1.1961813898193259,0.05096101717836854,1.047914747882125,1.0388930375115673,0.739712441258856,0.9814023352156054,0.9814023352156054,13,True,True,drift_required,True,False,0.9832136724439019,1.1032340014389055,-0.12002032899500359,obstacle_collision,False,obstacle_collision,collision_failure,4.8478720455454365,0.13466311237626213,0.4282175262507984,0.5227048913592398,0.11603879553235953,0.010595426421288242,0.0,7.1769315642128895,0.0023362624924629927,1,nan,nan,0.02,7.0,nan,nan,nan,nan,False,nan,0.010595426421288242,0.17498585034087266,False,False,6.911468119327426,0.010595426421288242,0.06565636568601302,7.52343311408169,7.52343311408169,0.0,nan,0.0,36,0.4282175262507984,0.11603879553235953,7.1769315642128895,0.13466311237626213,0,nan,nan,nan,nan,0,nan,nan,nan,nan,m2063-osd-osd_v0_0226_t5::L0_current_masked,m2063-osd-osd_v0_0226_t5,osd_v0_0226_t5,T5_terminal_boundary_near_constraint,m2060_no_rollout_outcome_supported_decisive_generator,actuator_delay_terminal_boundary,T5_terminal_boundary_near_constraint|actuator_delay_terminal_boundary|late|generous|moderate|low_mu|low,m2060_t5_022,,,,,osd_v0_0226_t5,smoke_proxy,t5_boundary_axis_retarget,true,false,L0_current_masked,runs/m1674_controller_family_one_seed_public_pilot/configs/L0_current_masked_seed167400.json,runs/m1674_controller_family_one_seed_public_pilot/profile_runs/L0_current_masked/seed_167400/checkpoint.pt,210510,False,True,True,True,True,False,False,False,False,False,False,False,False,False,False,False,drift_required
210511,checkpoint,35,True,False,1.047071140092822,0.4545113260440147,1839.2764816255071,1.268466539052074,0.850683643860555,0.08376913606447545,0.7937852230239272,1.1245060032629897,1.0564057762560126,1.6006973340348627,1.600697334034863,30,True,True,unavoidable,True,False,1.2284197418650207,1.3597845063406884,-0.1313647644756677,obstacle_collision,False,obstacle_collision,collision_failure,1.7982698271585278,0.05137913791881508,0.36326547218249977,0.6956039594027175,0.3096984117306369,0.044870225352677484,0.0,7.660348236241489,0.002772381529211998,1,nan,nan,0.02,7.0,nan,nan,nan,nan,False,nan,0.044870225352677484,0.1988578956671453,False,False,7.637926020978706,0.006601984039085542,0.06851258348434833,8.304902093725023,8.304902093725023,0.0,nan,0.0,35,0.36326547218249977,0.3096984117306369,7.660348236241489,0.05137913791881508,0,nan,nan,nan,nan,0,nan,nan,nan,nan,m2063-osd-osd_v0_0226_t5::L1_one_step,m2063-osd-osd_v0_0226_t5,osd_v0_0226_t5,T5_terminal_boundary_near_constraint,m2060_no_rollout_outcome_supported_decisive_generator,actuator_delay_terminal_boundary,T5_terminal_boundary_near_constraint|actuator_delay_terminal_boundary|late|generous|moderate|low_mu|low,m2060_t5_022,,,,,osd_v0_0226_t5,smoke_proxy,t5_boundary_axis_retarget,true,false,L1_one_step,runs/m1674_controller_family_one_seed_public_pilot/configs/L1_one_step_seed167400.json,runs/m1674_controller_family_one_seed_public_pilot/profile_runs/L1_one_step/seed_167400/checkpoint.pt,210511,False,True,True,True,True,False,False,False,False,False,False,False,False,False,False,False,unavoidable
210512,checkpoint,78,False,True,1.0424014264328731,0.3571491198390886,1458.5580226552481,1.0059020845898263,1.0636354799583214,0.13505043798134042,0.6906896743628642,0.9441410334206063,0.9277361579975596,1.1002017922307752,1.1002017922307752,18,True,True,drift_required,False,True,1.499724125057189,1.4493190149921906,0.05040511006499848,,True,obstacle_pass,success_obstacle_pass,57.917558709104924,0.7425328039628837,2.6474072351328823,5.820275954524028,0.06523205005305097,0.037891361613028016,0.0,8.581083055883123,0.0028313116636127234,1,nan,nan,0.02,7.0,78.0,1.56,nan,nan,False,nan,0.037891361613028016,0.46632800464947083,False,False,nan,nan,nan,nan,0.0,0.0,nan,0.0,78,2.6474072351328823,0.06523205005305097,8.581083055883123,0.7425328039628837,0,nan,nan,nan,nan,0,nan,nan,nan,nan,m2063-osd-osd_v0_0226_t5::L2_window_50,m2063-osd-osd_v0_0226_t5,osd_v0_0226_t5,T5_terminal_boundary_near_constraint,m2060_no_rollout_outcome_supported_decisive_generator,actuator_delay_terminal_boundary,T5_terminal_boundary_near_constraint|actuator_delay_terminal_boundary|late|generous|moderate|low_mu|low,m2060_t5_022,,,,,osd_v0_0226_t5,smoke_proxy,t5_boundary_axis_retarget,true,false,L2_window_50,runs/m1674_controller_family_one_seed_public_pilot/configs/L2_window_50_seed167400.json,runs/m1674_controller_family_one_seed_public_pilot/profile_runs/L2_window_50/seed_167400/checkpoint.pt,210512,True,True,True,True,True,False,False,False,False,False,False,False,False,False,False,False,drift_required
210513,checkpoint,40,True,False,1.0813119105625648,0.470175545490931,1170.8633819111917,0.8074919875249598,1.1608594890826118,0.03891661257007728,0.6438961806065928,1.145327297187925,0.8133222372269366,0.8655292868014973,0.8655292868014972,13,True,True,unavoidable,True,False,1.350338939553224,1.4738932943693968,-0.12355435481617283,obstacle_collision,False,obstacle_collision,collision_failure,10.973825189712198,0.27434562974280496,0.28721818382223285,0.3241599820192782,0.14074821850910244,0.032694768445485085,0.0,10.182210777425954,0.002208661288022995,1,nan,nan,0.02,7.0,nan,nan,nan,nan,False,nan,0.032694768445485085,0.2904825560689058,False,False,10.34062246938445,0.0056341967661550025,0.10787116282485347,10.971998458130876,10.971998458130876,0.0,nan,0.0,40,0.28721818382223285,0.14074821850910244,10.182210777425954,0.27434562974280496,0,nan,nan,nan,nan,0,nan,nan,nan,nan,m2063-osd-osd_v0_0226_t5::L3_online_gru,m2063-osd-osd_v0_0226_t5,osd_v0_0226_t5,T5_terminal_boundary_near_constraint,m2060_no_rollout_outcome_supported_decisive_generator,actuator_delay_terminal_boundary,T5_terminal_boundary_near_constraint|actuator_delay_terminal_boundary|late|generous|moderate|low_mu|low,m2060_t5_022,,,,,osd_v0_0226_t5,smoke_proxy,t5_boundary_axis_retarget,true,false,L3_online_gru,runs/m1674_controller_family_one_seed_public_pilot/configs/L3_online_gru_seed167400.json,runs/m1674_controller_family_one_seed_public_pilot/profile_runs/L3_online_gru/seed_167400/checkpoint.pt,210513,False,True,True,True,True,False,False,False,False,False,False,False,False,False,False,False,unavoidable
210514,checkpoint,35,True,False,0.6277368328205051,0.5077659799594249,1642.5366205579899,1.1327838762468896,1.278117103847499,0.08620136777384957,0.8441762134862316,0.6198599814162091,1.2082515820131359,1.3144970259003879,1.3144970259003879,8,True,True,unavoidable,True,False,1.746603183491362,1.7648994753819496,-0.018296291890587568,obstacle_collision,False,obstacle_collision,collision_failure,8.39006499185173,0.23971614262433516,0.14096590829502703,0.22334863228794077,0.24662841075101966,0.016726404044742755,0.0,9.264091471319535,0.0013558256905525923,1,nan,nan,0.02,7.0,nan,nan,nan,nan,False,nan,0.016726404044742755,0.22482129287180858,False,False,10.004893244278241,0.0054785569131661285,0.11314546624802752,10.110428528812564,10.110428528812564,0.0,nan,0.0,35,0.14096590829502703,0.24662841075101966,9.264091471319535,0.23971614262433516,0,nan,nan,nan,nan,0,nan,nan,nan,nan,m2063-osd-osd_v0_0226_t5::L3_reset_control_corrected,m2063-osd-osd_v0_0226_t5,osd_v0_0226_t5,T5_terminal_boundary_near_constraint,m2060_no_rollout_outcome_supported_decisive_generator,actuator_delay_terminal_boundary,T5_terminal_boundary_near_constraint|actuator_delay_terminal_boundary|late|generous|moderate|low_mu|low,m2060_t5_022,,,,,osd_v0_0226_t5,smoke_proxy,t5_boundary_axis_retarget,true,false,L3_reset_control_corrected,runs/m1674_controller_family_one_seed_public_pilot/configs/L3_reset_control_corrected_seed167400.json,runs/m1674_controller_family_one_seed_public_pilot/profile_runs/L3_reset_control_corrected/seed_167400/checkpoint.pt,210514,False,True,True,True,True,False,False,False,False,False,False,False,False,False,False,False,unavoidable
210515,checkpoint,27,True,False,0.43086707738328867,0.9067272807562873,1805.17727710273,1.2449498462777449,1.2580684797709585,0.07853926575763626,0.6449086588386678,0.6796774155581793,0.8827285557782146,2.104876236336235,2.104876236336235,23,True,True,drift_required,True,False,1.0952963904834558,1.1344974656438518,-0.03920107516039595,obstacle_collision,False,obstacle_collision,collision_failure,-4.205882818642834,-0.15577343772751237,1.015052467230646,1.503986069121943,0.039918347444636786,0.042846172680947814,0.0,10.616072629317943,0.003532085567712784,1,nan,nan,0.02,5.5,nan,nan,nan,nan,False,nan,0.042846172680947814,0.5058430968439593,False,False,10.739443003214722,0.006244846836916242,0.02520793824200571,10.94109159625936,10.94109159625936,0.0,nan,0.0,27,1.015052467230646,0.039918347444636786,10.616072629317943,-0.15577343772751237,0,nan,nan,nan,nan,0,nan,nan,nan,nan,m2063-osd-osd_v0_0227_t5::L0_current_masked,m2063-osd-osd_v0_0227_t5,osd_v0_0227_t5,T5_terminal_boundary_near_constraint,m2060_no_rollout_outcome_supported_decisive_generator,mixed_dynamics_terminal_boundary,T5_terminal_boundary_near_constraint|mixed_dynamics_terminal_boundary|early|nominal|high|mixed_mu|nominal,m2060_t5_023,,,,,osd_v0_0227_t5,smoke_proxy,t5_boundary_axis_retarget,true,false,L0_current_masked,runs/m1674_controller_family_one_seed_public_pilot/configs/L0_current_masked_seed167400.json,runs/m1674_controller_family_one_seed_public_pilot/profile_runs/L0_current_masked/seed_167400/checkpoint.pt,210515,False,True,True,True,True,False,False,False,False,False,False,False,False,False,False,False,drift_required
210516,checkpoint,44,True,False,0.5018677532169857,0.3333329968992229,1631.456033456424,1.125142092038913,1.188801369000107,0.010792256261799027,0.9221270834337354,0.731313531587492,1.2973131953428578,1.2724444025379444,1.2724444025379444,33,True,True,unavoidable,True,False,1.572940924142302,1.676987193650557,-0.10404626950825491,obstacle_collision,False,obstacle_collision,collision_failure,21.203866143888785,0.48190604872474513,0.31322884259059175,0.7141119448224273,0.14989827157788918,0.04238686743361157,0.0,7.610216978127951,0.0024271539878100157,1,nan,nan,0.02,5.5,nan,nan,nan,nan,False,nan,0.04238686743361157,0.33980883933673445,False,False,8.225479165814686,0.004457192487425547,0.062407792636221836,8.754179888863296,8.754179888863296,0.0,nan,0.0,44,0.31322884259059175,0.14989827157788918,7.610216978127951,0.48190604872474513,0,nan,nan,nan,nan,0,nan,nan,nan,nan,m2063-osd-osd_v0_0227_t5::L1_one_step,m2063-osd-osd_v0_0227_t5,osd_v0_0227_t5,T5_terminal_boundary_near_constraint,m2060_no_rollout_outcome_supported_decisive_generator,mixed_dynamics_terminal_boundary,T5_terminal_boundary_near_constraint|mixed_dynamics_terminal_boundary|early|nominal|high|mixed_mu|nominal,m2060_t5_023,,,,,osd_v0_0227_t5,smoke_proxy,t5_boundary_axis_retarget,true,false,L1_one_step,runs/m1674_controller_family_one_seed_public_pilot/configs/L1_one_step_seed167400.json,runs/m1674_controller_family_one_seed_public_pilot/profile_runs/L1_one_step/seed_167400/checkpoint.pt,210516,False,True,True,True,True,False,False,False,False,False,False,False,False,False,False,False,unavoidable
210517,checkpoint,42,True,False,0.37617000203014833,0.3274176712545598,1280.0019641934537,0.8827599753058301,0.8434212963959395,0.058207042024691846,1.3409795218572198,0.6818155044833927,1.2272510815567466,1.4972833275414934,1.4972833275414934,19,True,True,unavoidable,True,False,1.7213508429806024,1.8047663085803425,-0.08341546559974011,obstacle_collision,False,obstacle_collision,collision_failure,13.492926089326545,0.3212601449839654,0.7116309148571331,1.644957493708862,0.1832161508730565,0.09846833212904896,0.0,7.541365671570237,0.002911987015977502,1,nan,nan,0.02,5.5,nan,nan,nan,nan,False,nan,0.09846833212904896,0.8548553615492005,False,False,8.126486358629451,0.09846833212904896,0.8548553615492005,8.678283388847596,8.678283388847596,0.0,nan,0.0,42,0.7116309148571331,0.1832161508730565,7.541365671570237,0.3212601449839654,0,nan,nan,nan,nan,0,nan,nan,nan,nan,m2063-osd-osd_v0_0227_t5::L2_window_50,m2063-osd-osd_v0_0227_t5,osd_v0_0227_t5,T5_terminal_boundary_near_constraint,m2060_no_rollout_outcome_supported_decisive_generator,mixed_dynamics_terminal_boundary,T5_terminal_boundary_near_constraint|mixed_dynamics_terminal_boundary|early|nominal|high|mixed_mu|nominal,m2060_t5_023,,,,,osd_v0_0227_t5,smoke_proxy,t5_boundary_axis_retarget,true,false,L2_window_50,runs/m1674_controller_family_one_seed_public_pilot/configs/L2_window_50_seed167400.json,runs/m1674_controller_family_one_seed_public_pilot/profile_runs/L2_window_50/seed_167400/checkpoint.pt,210517,False,True,True,True,True,False,False,False,False,False,False,False,False,False,False,False,unavoidable
210518,checkpoint,27,True,False,0.7680358758235246,0.7861995774310824,1453.2845534725654,1.0022652092914244,0.8802787780565805,-0.09886659203219983,0.9472307797956458,1.246589750781746,1.0977363999991177,0.9930941594362537,0.9930941594362537,18,True,True,unavoidable,True,False,1.050564964321352,1.2221842067687692,-0.17161924244741722,obstacle_collision,False,obstacle_collision,collision_failure,-2.6776472125187283,-0.09917211898217512,0.15184964412846724,0.37085761539254136,0.1458139442886529,0.01850233990200068,0.0,10.52849180944538,0.003444620640948415,1,nan,nan,0.02,5.5,nan,nan,nan,nan,False,nan,0.01850233990200068,0.463062327166068,False,False,10.80313027873586,0.011865757947436013,0.1579149961275228,11.682950869559418,11.682950869559418,0.0,nan,0.0,27,0.15184964412846724,0.1458139442886529,10.52849180944538,-0.09917211898217512,0,nan,nan,nan,nan,0,nan,nan,nan,nan,m2063-osd-osd_v0_0227_t5::L3_online_gru,m2063-osd-osd_v0_0227_t5,osd_v0_0227_t5,T5_terminal_boundary_near_constraint,m2060_no_rollout_outcome_supported_decisive_generator,mixed_dynamics_terminal_boundary,T5_terminal_boundary_near_constraint|mixed_dynamics_terminal_boundary|early|nominal|high|mixed_mu|nominal,m2060_t5_023,,,,,osd_v0_0227_t5,smoke_proxy,t5_boundary_axis_retarget,true,false,L3_online_gru,runs/m1674_controller_family_one_seed_public_pilot/configs/L3_online_gru_seed167400.json,runs/m1674_controller_family_one_seed_public_pilot/profile_runs/L3_online_gru/seed_167400/checkpoint.pt,210518,False,True,True,True,True,False,False,False,False,False,False,False,False,False,False,False,unavoidable
210519,checkpoint,35,True,False,1.0515435274653064,0.5551424998359129,1639.619813633852,1.1307722852647255,1.0366964377150658,-0.13110890720957924,0.9525211199574986,1.330690861941759,0.6670153046028984,0.6871179675875806,0.6871179675875806,20,True,True,unavoidable,True,False,1.1910924290992468,1.2542632884620057,-0.0631708593627589,obstacle_collision,False,obstacle_collision,collision_failure,3.52560278879686,0.10073150825133885,0.25293116756637146,0.5883505182274398,0.1843951756644148,0.015742938939795278,0.0,8.922910502439613,0.0014585251919925213,1,nan,nan,0.02,5.5,nan,nan,nan,nan,False,nan,0.015742938939795278,0.41700231528340526,False,False,8.730275566038694,0.01444438373943785,0.1197037681250169,9.065322431534709,9.065322431534709,0.0,nan,0.0,35,0.25293116756637146,0.1843951756644148,8.922910502439613,0.10073150825133885,0,nan,nan,nan,nan,0,nan,nan,nan,nan,m2063-osd-osd_v0_0227_t5::L3_reset_control_corrected,m2063-osd-osd_v0_0227_t5,osd_v0_0227_t5,T5_terminal_boundary_near_constraint,m2060_no_rollout_outcome_supported_decisive_generator,mixed_dynamics_terminal_boundary,T5_terminal_boundary_near_constraint|mixed_dynamics_terminal_boundary|early|nominal|high|mixed_mu|nominal,m2060_t5_023,,,,,osd_v0_0227_t5,smoke_proxy,t5_boundary_axis_retarget,true,false,L3_reset_control_corrected,runs/m1674_controller_family_one_seed_public_pilot/configs/L3_reset_control_corrected_seed167400.json,runs/m1674_controller_family_one_seed_public_pilot/profile_runs/L3_reset_control_corrected/seed_167400/checkpoint.pt,210519,False,True,True,True,True,False,False,False,False,False,False,False,False,False,False,False,unavoidable
210520,checkpoint,51,True,False,0.9727411610694219,0.48342996781271885,1188.8582943302424,0.8199022719518914,0.8733711828692812,-0.12919985332676664,1.013347265864141,0.9243584368632899,1.1722867821519003,2.5528502735478136,2.5528502735478136,15,True,True,drift_required,True,False,1.8342288844048549,1.9005841541405526,-0.06635526973569772,obstacle_collision,False,obstacle_collision,collision_failure,20.073728574387154,0.3936025210664148,0.6470706370330457,1.513910132632894,0.16417914572860273,0.03193592151437188,0.0,14.942855626602105,0.0013690012274309993,1,nan,nan,0.02,4.4,nan,nan,nan,nan,False,nan,0.03193592151437188,0.2266763897588683,False,False,15.32327033301186,0.0010486205984435455,0.030818209357897034,15.65865281292536,15.65865281292536,0.0,nan,0.0,51,0.6470706370330457,0.16417914572860273,14.942855626602105,0.3936025210664148,0,nan,nan,nan,nan,0,nan,nan,nan,nan,m2063-osd-osd_v0_0228_t5::L0_current_masked,m2063-osd-osd_v0_0228_t5,osd_v0_0228_t5,T5_terminal_boundary_near_constraint,m2060_no_rollout_outcome_supported_decisive_generator,near_zero_clearance_margin,T5_terminal_boundary_near_constraint|near_zero_clearance_margin|medium|tight|straight_or_low|actuator_delay|high,m2060_t5_024,,,,,osd_v0_0228_t5,smoke_proxy,t5_boundary_axis_retarget,true,false,L0_current_masked,runs/m1674_controller_family_one_seed_public_pilot/configs/L0_current_masked_seed167400.json,runs/m1674_controller_family_one_seed_public_pilot/profile_runs/L0_current_masked/seed_167400/checkpoint.pt,210520,False,True,True,True,True,False,False,False,False,False,False,False,False,False,False,False,drift_required
210521,checkpoint,52,True,False,0.8923424096621415,0.6777917337425584,1714.1228641023833,1.182153699380954,0.9126899542925845,0.10304232921306933,1.397499610450532,0.7434505041106133,1.2699605062517771,1.806427025992084,1.8064270259920843,29,True,True,drift_required,True,False,1.613291956800479,1.6964481016060318,-0.08315614480555267,obstacle_collision,False,obstacle_collision,collision_failure,16.428978094496202,0.3159418864326193,1.15510716776122,2.4205098079301166,0.11573865198606445,0.01499266232191119,0.0,16.63170103697203,0.0013201120309531689,1,nan,nan,0.02,4.4,nan,nan,nan,nan,False,nan,0.01499266232191119,0.20465439194755775,False,False,17.20413813860321,0.0009474561306114744,0.05151169578348171,17.625543760274624,17.625543760274624,0.0,nan,0.0,52,1.15510716776122,0.11573865198606445,16.63170103697203,0.3159418864326193,0,nan,nan,nan,nan,0,nan,nan,nan,nan,m2063-osd-osd_v0_0228_t5::L1_one_step,m2063-osd-osd_v0_0228_t5,osd_v0_0228_t5,T5_terminal_boundary_near_constraint,m2060_no_rollout_outcome_supported_decisive_generator,near_zero_clearance_margin,T5_terminal_boundary_near_constraint|near_zero_clearance_margin|medium|tight|straight_or_low|actuator_delay|high,m2060_t5_024,,,,,osd_v0_0228_t5,smoke_proxy,t5_boundary_axis_retarget,true,false,L1_one_step,runs/m1674_controller_family_one_seed_public_pilot/configs/L1_one_step_seed167400.json,runs/m1674_controller_family_one_seed_public_pilot/profile_runs/L1_one_step/seed_167400/checkpoint.pt,210521,False,True,True,True,True,False,False,False,False,False,False,False,False,False,False,False,drift_required
210522,checkpoint,56,True,False,0.4063148231552177,0.45537579523544197,1425.1254629394953,0.9828451468548243,1.006349742912069,-0.10997291982932533,1.2362427294138991,0.9465298957806356,0.868159253993574,2.4347455763171353,2.4347455763171357,26,True,True,drift_required,True,False,1.906116552091833,1.9402603297768897,-0.03414377768505661,obstacle_collision,False,obstacle_collision,collision_failure,8.308733015637033,0.14837023242208988,1.446247437278367,3.353094448754625,0.2209101660552182,0.07459196680094206,0.0,13.950347605619045,0.0027390634641051292,1,nan,nan,0.02,4.4,nan,nan,nan,nan,False,nan,0.07459196680094206,0.40531934194073554,False,False,13.76704232378678,0.07459196680094206,0.4051998494509738,14.015577180557631,14.015577180557631,0.0,nan,0.0,56,1.446247437278367,0.2209101660552182,13.950347605619045,0.14837023242208988,0,nan,nan,nan,nan,0,nan,nan,nan,nan,m2063-osd-osd_v0_0228_t5::L2_window_50,m2063-osd-osd_v0_0228_t5,osd_v0_0228_t5,T5_terminal_boundary_near_constraint,m2060_no_rollout_outcome_supported_decisive_generator,near_zero_clearance_margin,T5_terminal_boundary_near_constraint|near_zero_clearance_margin|medium|tight|straight_or_low|actuator_delay|high,m2060_t5_024,,,,,osd_v0_0228_t5,smoke_proxy,t5_boundary_axis_retarget,true,false,L2_window_50,runs/m1674_controller_family_one_seed_public_pilot/configs/L2_window_50_seed167400.json,runs/m1674_controller_family_one_seed_public_pilot/profile_runs/L2_window_50/seed_167400/checkpoint.pt,210522,False,True,True,True,True,False,False,False,False,False,False,False,False,False,False,False,drift_required
210523,checkpoint,60,True,False,0.4865236525092892,0.48395806579527606,1664.05593099824,1.1476247799987862,0.9944305401143448,0.11951157684792113,0.6289280693974787,1.0680463452327906,0.7184651701811986,1.9181777972678735,1.9181777972678737,24,True,True,drift_required,True,False,1.1867483485451882,1.2881743399571137,-0.10142599141192554,obstacle_collision,False,obstacle_collision,collision_failure,23.941435502664653,0.39902392504441087,0.9815552525154592,1.7738325581906196,0.1957272042768881,0.012605131265375338,0.0,14.388602113094613,0.001405396149493754,1,nan,nan,0.02,4.4,nan,nan,nan,nan,False,nan,0.012605131265375338,0.2113222488091573,False,False,14.450522525823251,0.012605131265375338,0.12830845399962473,14.976785893915528,14.976785893915528,0.0,nan,0.0,60,0.9815552525154592,0.1957272042768881,14.388602113094613,0.39902392504441087,0,nan,nan,nan,nan,0,nan,nan,nan,nan,m2063-osd-osd_v0_0228_t5::L3_online_gru,m2063-osd-osd_v0_0228_t5,osd_v0_0228_t5,T5_terminal_boundary_near_constraint,m2060_no_rollout_outcome_supported_decisive_generator,near_zero_clearance_margin,T5_terminal_boundary_near_constraint|near_zero_clearance_margin|medium|tight|straight_or_low|actuator_delay|high,m2060_t5_024,,,,,osd_v0_0228_t5,smoke_proxy,t5_boundary_axis_retarget,true,false,L3_online_gru,runs/m1674_controller_family_one_seed_public_pilot/configs/L3_online_gru_seed167400.json,runs/m1674_controller_family_one_seed_public_pilot/profile_runs/L3_online_gru/seed_167400/checkpoint.pt,210523,False,True,True,True,True,False,False,False,False,False,False,False,False,False,False,False,drift_required
210524,checkpoint,36,True,False,1.018490298966424,0.7126126555013483,1540.9582647597238,1.0627298377653267,1.2830611749489071,0.1388528249138461,1.1869716631359886,1.1642417984679505,0.925802669868302,2.0298724108674553,2.0298724108674553,9,True,True,drift_required,True,False,1.4826094283308526,1.6252038565530382,-0.1425944282221856,obstacle_collision,False,obstacle_collision,collision_failure,5.360097990427779,0.14889161084521607,0.39646323173657644,0.8145167047605568,0.11910369752430561,0.013768676078670447,0.0,14.702397391720568,0.0008362686494365335,1,nan,nan,0.02,4.4,nan,nan,nan,nan,False,nan,0.013768676078670447,0.20443326345319607,False,False,14.841234129828688,0.0007206521751735866,0.1533727402411962,15.569903871051322,15.569903871051322,0.0,nan,0.0,36,0.39646323173657644,0.11910369752430561,14.702397391720568,0.14889161084521607,0,nan,nan,nan,nan,0,nan,nan,nan,nan,m2063-osd-osd_v0_0228_t5::L3_reset_control_corrected,m2063-osd-osd_v0_0228_t5,osd_v0_0228_t5,T5_terminal_boundary_near_constraint,m2060_no_rollout_outcome_supported_decisive_generator,near_zero_clearance_margin,T5_terminal_boundary_near_constraint|near_zero_clearance_margin|medium|tight|straight_or_low|actuator_delay|high,m2060_t5_024,,,,,osd_v0_0228_t5,smoke_proxy,t5_boundary_axis_retarget,true,false,L3_reset_control_corrected,runs/m1674_controller_family_one_seed_public_pilot/configs/L3_reset_control_corrected_seed167400.json,runs/m1674_controller_family_one_seed_public_pilot/profile_runs/L3_reset_control_corrected/seed_167400/checkpoint.pt,210524,False,True,True,True,True,False,False,False,False,False,False,False,False,False,False,False,drift_required
210525,checkpoint,12,True,False,0.7349774988238045,0.9331307006263698,1732.3564675351909,1.1947285983001317,0.9123785200804935,0.12989952126731508,1.3305960352558905,0.5825001474663687,1.2822942845130547,0.9737120916312851,0.9737120916312852,11,True,True,unavoidable,True,False,1.0130643306095761,1.1331213027693492,-0.12005697215977307,obstacle_collision,False,obstacle_collision,collision_failure,-19.640982199758497,-1.6367485166465414,0.039403168606740285,0.05049383149297881,0.14048084937398617,0.0016959066358801923,0.0,8.574325004626784,0.006872684229165316,1,nan,nan,0.02,7.0,nan,nan,nan,nan,False,nan,0.0016959066358801923,0.15602264812578776,False,False,8.734178880183018,0.0006666639434387538,0.009402072547107699,9.335737280208313,9.335737280208313,0.0,nan,0.0,12,0.039403168606740285,0.14048084937398617,8.574325004626784,-1.6367485166465414,0,nan,nan,nan,nan,0,nan,nan,nan,nan,m2063-osd-osd_v0_0229_t5::L0_current_masked,m2063-osd-osd_v0_0229_t5,osd_v0_0229_t5,T5_terminal_boundary_near_constraint,m2060_no_rollout_outcome_supported_decisive_generator,late_terminal_boundary_margin,T5_terminal_boundary_near_constraint|late_terminal_boundary_margin|late|generous|moderate|nominal_mu|low,m2060_t5_025,,,,,osd_v0_0229_t5,smoke_proxy,t5_boundary_axis_retarget,true,false,L0_current_masked,runs/m1674_controller_family_one_seed_public_pilot/configs/L0_current_masked_seed167400.json,runs/m1674_controller_family_one_seed_public_pilot/profile_runs/L0_current_masked/seed_167400/checkpoint.pt,210525,False,True,True,True,True,False,False,False,False,False,False,False,False,False,False,False,unavoidable
210526,checkpoint,18,True,False,0.9272171989297346,0.9367031176040994,1175.4853349387495,0.8106795413370687,1.2843941636455685,0.039672494866009655,1.062138990118631,1.2940940890390387,0.9915519835036559,1.305267382236889,1.305267382236889,11,True,True,unavoidable,True,False,1.176769285876685,1.18625818703979,-0.009488901163104968,obstacle_collision,False,obstacle_collision,collision_failure,-14.637855913442628,-0.8132142174134793,0.24695964434943043,0.2669825937987156,0.2869436584453423,0.009827628353552312,0.0,8.108609525271321,0.0049938117153942585,1,nan,nan,0.02,7.0,nan,nan,nan,nan,False,nan,0.009827628353552312,0.19223078146497002,False,False,7.980080265142028,0.009827628353552312,0.06613122097522577,8.039051707231852,8.039051707231852,0.0,nan,0.0,18,0.24695964434943043,0.2869436584453423,8.108609525271321,-0.8132142174134793,0,nan,nan,nan,nan,0,nan,nan,nan,nan,m2063-osd-osd_v0_0229_t5::L1_one_step,m2063-osd-osd_v0_0229_t5,osd_v0_0229_t5,T5_terminal_boundary_near_constraint,m2060_no_rollout_outcome_supported_decisive_generator,late_terminal_boundary_margin,T5_terminal_boundary_near_constraint|late_terminal_boundary_margin|late|generous|moderate|nominal_mu|low,m2060_t5_025,,,,,osd_v0_0229_t5,smoke_proxy,t5_boundary_axis_retarget,true,false,L1_one_step,runs/m1674_controller_family_one_seed_public_pilot/configs/L1_one_step_seed167400.json,runs/m1674_controller_family_one_seed_public_pilot/profile_runs/L1_one_step/seed_167400/checkpoint.pt,210526,False,True,True,True,True,False,False,False,False,False,False,False,False,False,False,False,unavoidable
210527,checkpoint,13,True,False,0.5361127037923681,0.9047640654550502,1736.5047584637864,1.1975894885957148,1.2663633367254827,0.11256961939924914,1.4150914825039056,0.7303356952017406,0.69795979611539,0.8457305836209411,0.8457305836209411,11,True,True,unavoidable,True,False,1.3095989991465493,1.3332188428671807,-0.023619843720631417,obstacle_collision,False,obstacle_collision,collision_failure,-19.050643818946266,-1.4654341399189437,0.06723361280373791,0.13422445830997987,0.19515153908210464,0.049628369254000756,0.0,7.431113210347505,0.006265716627240181,1,nan,nan,0.02,7.0,nan,nan,nan,nan,False,nan,0.049628369254000756,0.36456399816307244,False,False,7.424388899370511,0.049628369254000756,0.36456399816307244,7.603758702416975,7.603758702416975,0.0,nan,0.0,13,0.06723361280373791,0.19515153908210464,7.431113210347505,-1.4654341399189437,0,nan,nan,nan,nan,0,nan,nan,nan,nan,m2063-osd-osd_v0_0229_t5::L2_window_50,m2063-osd-osd_v0_0229_t5,osd_v0_0229_t5,T5_terminal_boundary_near_constraint,m2060_no_rollout_outcome_supported_decisive_generator,late_terminal_boundary_margin,T5_terminal_boundary_near_constraint|late_terminal_boundary_margin|late|generous|moderate|nominal_mu|low,m2060_t5_025,,,,,osd_v0_0229_t5,smoke_proxy,t5_boundary_axis_retarget,true,false,L2_window_50,runs/m1674_controller_family_one_seed_public_pilot/configs/L2_window_50_seed167400.json,runs/m1674_controller_family_one_seed_public_pilot/profile_runs/L2_window_50/seed_167400/checkpoint.pt,210527,False,True,True,True,True,False,False,False,False,False,False,False,False,False,False,False,unavoidable
210528,checkpoint,22,True,False,0.3042307620790127,1.0497939353163792,1705.853349466616,1.1764505858390455,1.067394301404613,-0.016634749334507593,0.88369669479748,0.9934389934197518,1.2620758900836098,1.205962087947828,1.205962087947828,12,True,True,unavoidable,True,False,1.5025475374920902,1.5063091527474861,-0.003761615255395867,obstacle_collision,False,obstacle_collision,collision_failure,-8.351884864852174,-0.37963113022055334,0.3498108753849329,0.4360373511000475,0.24987036778533633,0.016397246766180047,0.0,11.25171997628761,0.0037549796979874372,1,nan,nan,0.02,7.0,nan,nan,nan,nan,False,nan,0.016397246766180047,0.2749210071605262,False,False,11.530613172946925,0.016397246766180047,0.22505180016406134,11.5801250526234,11.5801250526234,0.0,nan,0.0,22,0.3498108753849329,0.24987036778533633,11.25171997628761,-0.37963113022055334,0,nan,nan,nan,nan,0,nan,nan,nan,nan,m2063-osd-osd_v0_0229_t5::L3_online_gru,m2063-osd-osd_v0_0229_t5,osd_v0_0229_t5,T5_terminal_boundary_near_constraint,m2060_no_rollout_outcome_supported_decisive_generator,late_terminal_boundary_margin,T5_terminal_boundary_near_constraint|late_terminal_boundary_margin|late|generous|moderate|nominal_mu|low,m2060_t5_025,,,,,osd_v0_0229_t5,smoke_proxy,t5_boundary_axis_retarget,true,false,L3_online_gru,runs/m1674_controller_family_one_seed_public_pilot/configs/L3_online_gru_seed167400.json,runs/m1674_controller_family_one_seed_public_pilot/profile_runs/L3_online_gru/seed_167400/checkpoint.pt,210528,False,True,True,True,True,False,False,False,False,False,False,False,False,False,False,False,unavoidable
210529,checkpoint,12,True,False,0.9312814533417717,0.9757227136258149,1720.257443545562,1.1863844438245255,1.2482792713617847,0.1341462593776721,0.9149367122914365,1.2838535499369603,1.091793226228333,1.3388958714039658,1.3388958714039658,11,True,True,unavoidable,True,False,0.9696928984051635,1.1122173805006008,-0.14252448209543733,obstacle_collision,False,obstacle_collision,collision_failure,-20.13128574002387,-1.6776071450019892,0.23813946552622506,0.3498426880239407,0.1975185426932492,0.05379290409167671,0.0,10.779045717591439,0.0033229247201234102,1,nan,nan,0.02,7.0,nan,nan,nan,nan,False,nan,0.05379290409167671,0.29276374290953217,False,False,10.838421417156697,0.005693602512713515,0.14204410661803352,11.568095039552043,11.568095039552043,0.0,nan,0.0,12,0.23813946552622506,0.1975185426932492,10.779045717591439,-1.6776071450019892,0,nan,nan,nan,nan,0,nan,nan,nan,nan,m2063-osd-osd_v0_0229_t5::L3_reset_control_corrected,m2063-osd-osd_v0_0229_t5,osd_v0_0229_t5,T5_terminal_boundary_near_constraint,m2060_no_rollout_outcome_supported_decisive_generator,late_terminal_boundary_margin,T5_terminal_boundary_near_constraint|late_terminal_boundary_margin|late|generous|moderate|nominal_mu|low,m2060_t5_025,,,,,osd_v0_0229_t5,smoke_proxy,t5_boundary_axis_retarget,true,false,L3_reset_control_corrected,runs/m1674_controller_family_one_seed_public_pilot/configs/L3_reset_control_corrected_seed167400.json,runs/m1674_controller_family_one_seed_public_pilot/profile_runs/L3_reset_control_corrected/seed_167400/checkpoint.pt,210529,False,True,True,True,True,False,False,False,False,False,False,False,False,False,False,False,unavoidable
210530,checkpoint,43,True,False,1.119135384798241,0.3541285706842381,1587.2721027927134,1.0946704157191127,0.8496773886709892,0.0317065906656091,0.907712420042871,1.0829322405491109,1.2902851673237952,1.3221116173573677,1.3221116173573677,33,True,True,unavoidable,True,False,1.706526901945852,1.723854684703129,-0.017327782757277088,obstacle_collision,False,obstacle_collision,collision_failure,16.956511257991696,0.39433747111608597,0.26593343821426735,0.6294073982365695,0.06896425023354139,0.04883793085566668,0.0,7.530290564784596,0.0022619597148150206,1,nan,nan,0.02,5.5,nan,nan,nan,nan,False,nan,0.04883793085566668,0.33852615435513567,False,False,7.832447058361297,0.004728562551558876,0.039394663310462895,7.9253897197545085,7.9253897197545085,0.0,nan,0.0,43,0.26593343821426735,0.06896425023354139,7.530290564784596,0.39433747111608597,0,nan,nan,nan,nan,0,nan,nan,nan,nan,m2063-osd-osd_v0_0230_t5::L0_current_masked,m2063-osd-osd_v0_0230_t5,osd_v0_0230_t5,T5_terminal_boundary_near_constraint,m2060_no_rollout_outcome_supported_decisive_generator,tight_road_terminal_boundary,T5_terminal_boundary_near_constraint|tight_road_terminal_boundary|early|nominal|high|low_mu|nominal,m2060_t5_026,,,,,osd_v0_0230_t5,smoke_proxy,t5_boundary_axis_retarget,true,false,L0_current_masked,runs/m1674_controller_family_one_seed_public_pilot/configs/L0_current_masked_seed167400.json,runs/m1674_controller_family_one_seed_public_pilot/profile_runs/L0_current_masked/seed_167400/checkpoint.pt,210530,False,True,True,True,True,False,False,False,False,False,False,False,False,False,False,False,unavoidable
210531,checkpoint,33,True,False,0.46374744225674824,0.46374744225674824,1497.4889711479307,1.0327510145847798,0.9777719697812681,0.09854243572822607,1.33977561992039,1.277116120434477,0.9612052701052427,1.0908657617418553,1.0908657617418553,34,False,True,unavoidable,True,False,1.2532097952294106,1.2960536328634995,-0.042843837634088944,obstacle_collision,False,obstacle_collision,collision_failure,-1.3669219642714978,-0.041421877705196904,0.8258887612800572,1.01255563222756,0.28450303786606274,0.03997659515044314,0.0,8.14484929478534,0.0032528878655284643,1,nan,nan,0.02,5.5,nan,nan,nan,nan,False,nan,0.03997659515044314,0.3815843703243283,False,False,7.953870942832658,0.007738407906348745,0.06043241164094776,8.178002576120372,8.178002576120372,0.0,nan,0.0,33,0.8258887612800572,0.28450303786606274,8.14484929478534,-0.041421877705196904,0,nan,nan,nan,nan,0,nan,nan,nan,nan,m2063-osd-osd_v0_0230_t5::L1_one_step,m2063-osd-osd_v0_0230_t5,osd_v0_0230_t5,T5_terminal_boundary_near_constraint,m2060_no_rollout_outcome_supported_decisive_generator,tight_road_terminal_boundary,T5_terminal_boundary_near_constraint|tight_road_terminal_boundary|early|nominal|high|low_mu|nominal,m2060_t5_026,,,,,osd_v0_0230_t5,smoke_proxy,t5_boundary_axis_retarget,true,false,L1_one_step,runs/m1674_controller_family_one_seed_public_pilot/configs/L1_one_step_seed167400.json,runs/m1674_controller_family_one_seed_public_pilot/profile_runs/L1_one_step/seed_167400/checkpoint.pt,210531,False,True,True,True,True,False,False,False,False,False,False,False,False,False,False,False,unavoidable
210532,checkpoint,34,True,False,0.41938349818918635,0.5126099930022596,1779.2493406931953,1.2270685108228934,1.2497998228041687,0.01137494010970519,0.5885589295560963,1.3462133871432673,0.7400839056676992,1.2616310144784557,1.2616310144784557,19,True,True,unavoidable,True,False,1.4150397507998045,1.5158691649845242,-0.10082941418471969,obstacle_collision,False,obstacle_collision,collision_failure,5.323820025189569,0.15658294191734026,0.3773614098938118,0.8983648714492745,0.027838588140433565,0.07231354237907085,0.0,8.419952502901099,0.0033066326286643744,1,nan,nan,0.02,5.5,nan,nan,nan,nan,False,nan,0.07231354237907085,0.4179762841632728,False,False,8.072318554002221,0.020113924907371707,0.38889412653118643,8.625412000032624,8.625412000032624,0.0,nan,0.0,34,0.3773614098938118,0.027838588140433565,8.419952502901099,0.15658294191734026,0,nan,nan,nan,nan,0,nan,nan,nan,nan,m2063-osd-osd_v0_0230_t5::L2_window_50,m2063-osd-osd_v0_0230_t5,osd_v0_0230_t5,T5_terminal_boundary_near_constraint,m2060_no_rollout_outcome_supported_decisive_generator,tight_road_terminal_boundary,T5_terminal_boundary_near_constraint|tight_road_terminal_boundary|early|nominal|high|low_mu|nominal,m2060_t5_026,,,,,osd_v0_0230_t5,smoke_proxy,t5_boundary_axis_retarget,true,false,L2_window_50,runs/m1674_controller_family_one_seed_public_pilot/configs/L2_window_50_seed167400.json,runs/m1674_controller_family_one_seed_public_pilot/profile_runs/L2_window_50/seed_167400/checkpoint.pt,210532,False,True,True,True,True,False,False,False,False,False,False,False,False,False,False,False,unavoidable
210533,checkpoint,40,True,False,0.36254818916879783,0.37731315877717436,1279.533998087479,0.8824372400603303,1.1198541157352517,0.12359013148110765,1.2144433199763442,0.968467288162154,1.03419647273168,1.253883134153947,1.253883134153947,32,True,True,drift_required,True,False,1.182817922025351,1.2381338840635872,-0.05531596203823619,obstacle_collision,False,obstacle_collision,collision_failure,16.558586886545033,0.4139646721636258,0.30013142136938403,0.7106435700435014,0.08902670971559276,0.09084907327129921,0.0,8.049050606557126,0.0020456998609006405,1,nan,nan,0.02,5.5,nan,nan,nan,nan,False,nan,0.09084907327129921,0.41367166400502453,False,False,8.677203970192734,0.013507245428839831,0.14551592807517,8.975088995905853,8.975088995905853,0.0,nan,0.0,40,0.30013142136938403,0.08902670971559276,8.049050606557126,0.4139646721636258,0,nan,nan,nan,nan,0,nan,nan,nan,nan,m2063-osd-osd_v0_0230_t5::L3_online_gru,m2063-osd-osd_v0_0230_t5,osd_v0_0230_t5,T5_terminal_boundary_near_constraint,m2060_no_rollout_outcome_supported_decisive_generator,tight_road_terminal_boundary,T5_terminal_boundary_near_constraint|tight_road_terminal_boundary|early|nominal|high|low_mu|nominal,m2060_t5_026,,,,,osd_v0_0230_t5,smoke_proxy,t5_boundary_axis_retarget,true,false,L3_online_gru,runs/m1674_controller_family_one_seed_public_pilot/configs/L3_online_gru_seed167400.json,runs/m1674_controller_family_one_seed_public_pilot/profile_runs/L3_online_gru/seed_167400/checkpoint.pt,210533,False,True,True,True,True,False,False,False,False,False,False,False,False,False,False,False,drift_required
210534,checkpoint,35,True,False,0.9505161943624134,0.511628725241374,1644.6619904480983,1.1342496485848954,0.9857667234912708,0.01263783889553971,1.0396476166267368,1.0740998787949452,0.8898504427431544,1.1391765213446108,1.1391765213446108,14,True,True,unavoidable,True,False,1.3945118011495596,1.5502166903506018,-0.1557048892010422,obstacle_collision,False,obstacle_collision,collision_failure,3.6860808817912236,0.1053165966226064,0.165806858381833,0.3822046809028876,0.29620053286197845,0.029086573181118534,0.0,8.88123772620519,0.0014436966739594936,1,nan,nan,0.02,5.5,nan,nan,nan,nan,False,nan,0.029086573181118534,0.40159677992533005,False,False,9.05312936969801,0.012417855615459585,0.13040931358106622,9.850903674869057,9.850903674869057,0.0,nan,0.0,35,0.165806858381833,0.29620053286197845,8.88123772620519,0.1053165966226064,0,nan,nan,nan,nan,0,nan,nan,nan,nan,m2063-osd-osd_v0_0230_t5::L3_reset_control_corrected,m2063-osd-osd_v0_0230_t5,osd_v0_0230_t5,T5_terminal_boundary_near_constraint,m2060_no_rollout_outcome_supported_decisive_generator,tight_road_terminal_boundary,T5_terminal_boundary_near_constraint|tight_road_terminal_boundary|early|nominal|high|low_mu|nominal,m2060_t5_026,,,,,osd_v0_0230_t5,smoke_proxy,t5_boundary_axis_retarget,true,false,L3_reset_control_corrected,runs/m1674_controller_family_one_seed_public_pilot/configs/L3_reset_control_corrected_seed167400.json,runs/m1674_controller_family_one_seed_public_pilot/profile_runs/L3_reset_control_corrected/seed_167400/checkpoint.pt,210534,False,True,True,True,True,False,False,False,False,False,False,False,False,False,False,False,unavoidable
210535,checkpoint,50,True,False,0.3226410431495536,0.75573065828648,1714.5339537221157,1.182437209463528,0.9172492691291979,0.12416855741964983,1.1407926731337996,0.5791693498398954,0.821154774161282,0.7296643241941971,0.7296643241941971,15,True,True,drift_required,True,False,1.8592749753715374,2.0601989618995056,-0.20092398652796817,obstacle_collision,False,obstacle_collision,collision_failure,16.09404066741486,0.32188081334829716,0.8318109414291036,1.9193904338411087,0.25674858872741385,0.010658457430001503,0.0,17.50086497344155,0.0015194490551948547,1,nan,nan,0.02,4.4,nan,nan,nan,nan,False,nan,0.010658457430001503,0.23288177022892703,False,False,17.756256552988972,0.0012046902898393895,0.02771238643550716,18.764250069417283,18.764250069417283,0.0,nan,0.0,50,0.8318109414291036,0.25674858872741385,17.50086497344155,0.32188081334829716,0,nan,nan,nan,nan,0,nan,nan,nan,nan,m2063-osd-osd_v0_0231_t5::L0_current_masked,m2063-osd-osd_v0_0231_t5,osd_v0_0231_t5,T5_terminal_boundary_near_constraint,m2060_no_rollout_outcome_supported_decisive_generator,low_grip_terminal_boundary,T5_terminal_boundary_near_constraint|low_grip_terminal_boundary|medium|tight|straight_or_low|mixed_mu|high,m2060_t5_027,,,,,osd_v0_0231_t5,smoke_proxy,t5_boundary_axis_retarget,true,false,L0_current_masked,runs/m1674_controller_family_one_seed_public_pilot/configs/L0_current_masked_seed167400.json,runs/m1674_controller_family_one_seed_public_pilot/profile_runs/L0_current_masked/seed_167400/checkpoint.pt,210535,False,True,True,True,True,False,False,False,False,False,False,False,False,False,False,False,drift_required
210536,checkpoint,35,True,False,0.544728144105745,0.5748773759757922,1806.8888255121524,1.2461302244911396,0.940150444780403,0.1365746403667374,1.25792226390947,0.964144325326989,1.155078627272034,1.142466075474466,1.142466075474466,29,True,True,unavoidable,True,False,1.627640648255966,1.6435345202634424,-0.015893872007476384,obstacle_collision,False,obstacle_collision,collision_failure,3.0420733465020042,0.0869163813286287,0.3799496730790472,0.45506616405013744,0.2904994124211716,0.03180007312678236,0.0,16.549842380966396,0.0014601565198972821,1,nan,nan,0.02,4.4,nan,nan,nan,nan,False,nan,0.03180007312678236,0.23371308934069682,False,False,16.66700130490151,0.0024232264286920924,0.07227309516093204,16.75490958766933,16.75490958766933,0.0,nan,0.0,35,0.3799496730790472,0.2904994124211716,16.549842380966396,0.0869163813286287,0,nan,nan,nan,nan,0,nan,nan,nan,nan,m2063-osd-osd_v0_0231_t5::L1_one_step,m2063-osd-osd_v0_0231_t5,osd_v0_0231_t5,T5_terminal_boundary_near_constraint,m2060_no_rollout_outcome_supported_decisive_generator,low_grip_terminal_boundary,T5_terminal_boundary_near_constraint|low_grip_terminal_boundary|medium|tight|straight_or_low|mixed_mu|high,m2060_t5_027,,,,,osd_v0_0231_t5,smoke_proxy,t5_boundary_axis_retarget,true,false,L1_one_step,runs/m1674_controller_family_one_seed_public_pilot/configs/L1_one_step_seed167400.json,runs/m1674_controller_family_one_seed_public_pilot/profile_runs/L1_one_step/seed_167400/checkpoint.pt,210536,False,True,True,True,True,False,False,False,False,False,False,False,False,False,False,False,unavoidable
210537,checkpoint,39,True,False,1.1472689733542418,0.5331746691376501,1198.5652233342523,0.8265967057477602,1.2188169215321036,-0.04861170598614839,0.6885678520406987,0.8875351045943713,0.6281789748312766,0.6612301983844802,0.6612301983844802,20,True,True,unavoidable,True,False,1.4589490645837495,1.5597290101798689,-0.10077994559611936,obstacle_collision,False,obstacle_collision,collision_failure,-1.1915351641428984,-0.030552183695971753,1.36075868827002,2.691713091735906,0.0542162697826198,0.01969842796976582,0.0,15.316405413229667,0.003329111263155937,1,nan,nan,0.02,4.4,nan,nan,nan,nan,False,nan,0.01969842796976582,0.6223758926038978,False,False,14.869062373191586,0.011544979092476123,0.6223758926038978,15.44097217997881,15.44097217997881,0.0,nan,0.0,39,1.36075868827002,0.0542162697826198,15.316405413229667,-0.030552183695971753,0,nan,nan,nan,nan,0,nan,nan,nan,nan,m2063-osd-osd_v0_0231_t5::L2_window_50,m2063-osd-osd_v0_0231_t5,osd_v0_0231_t5,T5_terminal_boundary_near_constraint,m2060_no_rollout_outcome_supported_decisive_generator,low_grip_terminal_boundary,T5_terminal_boundary_near_constraint|low_grip_terminal_boundary|medium|tight|straight_or_low|mixed_mu|high,m2060_t5_027,,,,,osd_v0_0231_t5,smoke_proxy,t5_boundary_axis_retarget,true,false,L2_window_50,runs/m1674_controller_family_one_seed_public_pilot/configs/L2_window_50_seed167400.json,runs/m1674_controller_family_one_seed_public_pilot/profile_runs/L2_window_50/seed_167400/checkpoint.pt,210537,False,True,True,True,True,False,False,False,False,False,False,False,False,False,False,False,unavoidable
210538,checkpoint,67,False,True,0.5040695928018374,0.5671036064008375,1675.8098720092462,1.1557309462132732,1.2557198598472066,-0.09693147708645689,0.6999608186134064,0.76617854055956,0.924834363083541,0.7584402812131615,0.7584402812131615,17,True,True,drift_required,False,True,3.086988625388792,1.7867674795066486,1.3002211458821435,,True,obstacle_pass,success_obstacle_pass,85.06562010501554,1.2696361209703813,0.6964128773697789,0.8662335794672273,0.2606266622727605,0.041271883588813105,0.0,16.773987294793496,0.0011164253810420632,1,nan,nan,0.02,4.4,67.0,1.34,67.0,1.34,True,0.0,0.041271883588813105,0.24849173826423218,False,True,nan,nan,nan,nan,0.0,0.0,nan,0.0,67,0.6964128773697789,0.2606266622727605,16.773987294793496,1.2696361209703813,0,nan,nan,nan,nan,0,nan,nan,nan,nan,m2063-osd-osd_v0_0231_t5::L3_online_gru,m2063-osd-osd_v0_0231_t5,osd_v0_0231_t5,T5_terminal_boundary_near_constraint,m2060_no_rollout_outcome_supported_decisive_generator,low_grip_terminal_boundary,T5_terminal_boundary_near_constraint|low_grip_terminal_boundary|medium|tight|straight_or_low|mixed_mu|high,m2060_t5_027,,,,,osd_v0_0231_t5,smoke_proxy,t5_boundary_axis_retarget,true,false,L3_online_gru,runs/m1674_controller_family_one_seed_public_pilot/configs/L3_online_gru_seed167400.json,runs/m1674_controller_family_one_seed_public_pilot/profile_runs/L3_online_gru/seed_167400/checkpoint.pt,210538,True,True,True,True,True,False,False,False,False,False,False,False,False,False,False,False,drift_required
210539,checkpoint,39,True,False,0.37120651254907205,0.8599172713007919,1601.266112402553,1.104321456829347,1.0337643671473897,0.08824317882290544,0.6722061451394716,0.8330709291720859,0.8336750679808809,1.2809670102503445,1.2809670102503445,21,True,True,drift_required,True,False,1.8815696440574998,1.97541382062413,-0.09384417656663024,obstacle_collision,False,obstacle_collision,collision_failure,5.626605273765399,0.1442719300965487,0.9024510802894463,1.6132445745974167,0.24455286919864486,0.07194923036258752,0.0,18.296354301633684,0.0007004906074143946,1,nan,nan,0.02,4.4,nan,nan,nan,nan,False,nan,0.07194923036258752,0.28584124139576994,False,False,18.554775852698786,0.030313761910307577,0.18345739056825958,19.057499355543918,19.057499355543918,0.0,nan,0.0,39,0.9024510802894463,0.24455286919864486,18.296354301633684,0.1442719300965487,0,nan,nan,nan,nan,0,nan,nan,nan,nan,m2063-osd-osd_v0_0231_t5::L3_reset_control_corrected,m2063-osd-osd_v0_0231_t5,osd_v0_0231_t5,T5_terminal_boundary_near_constraint,m2060_no_rollout_outcome_supported_decisive_generator,low_grip_terminal_boundary,T5_terminal_boundary_near_constraint|low_grip_terminal_boundary|medium|tight|straight_or_low|mixed_mu|high,m2060_t5_027,,,,,osd_v0_0231_t5,smoke_proxy,t5_boundary_axis_retarget,true,false,L3_reset_control_corrected,runs/m1674_controller_family_one_seed_public_pilot/configs/L3_reset_control_corrected_seed167400.json,runs/m1674_controller_family_one_seed_public_pilot/profile_runs/L3_reset_control_corrected/seed_167400/checkpoint.pt,210539,False,True,True,True,True,False,False,False,False,False,False,False,False,False,False,False,drift_required
210540,checkpoint,26,True,False,0.7326288677476955,0.7015965187564512,1396.380718277843,0.9630211850192021,0.9618427011099681,-0.046520771089300306,1.238965471766328,0.588439847697587,0.6562308993510358,2.3368007209555,2.3368007209555,18,True,True,unavoidable,True,False,1.1464598952098204,1.2836726438312844,-0.13721274862146404,obstacle_collision,False,obstacle_collision,collision_failure,-5.756467493721388,-0.22140259591236108,0.1905818838418959,0.21015068590552488,0.2543210219126919,0.03268450882056531,0.0,7.798867200280617,0.003278114600107074,1,nan,nan,0.02,7.0,nan,nan,nan,nan,False,nan,0.03268450882056531,0.18240229321371002,False,False,7.841468794992729,0.007919303556343026,0.05157042264336082,8.536649232142556,8.536649232142556,0.0,nan,0.0,26,0.1905818838418959,0.2543210219126919,7.798867200280617,-0.22140259591236108,0,nan,nan,nan,nan,0,nan,nan,nan,nan,m2063-osd-osd_v0_0232_t5::L0_current_masked,m2063-osd-osd_v0_0232_t5,osd_v0_0232_t5,T5_terminal_boundary_near_constraint,m2060_no_rollout_outcome_supported_decisive_generator,actuator_delay_terminal_boundary,T5_terminal_boundary_near_constraint|actuator_delay_terminal_boundary|late|generous|moderate|actuator_delay|low,m2060_t5_028,,,,,osd_v0_0232_t5,smoke_proxy,t5_boundary_axis_retarget,true,false,L0_current_masked,runs/m1674_controller_family_one_seed_public_pilot/configs/L0_current_masked_seed167400.json,runs/m1674_controller_family_one_seed_public_pilot/profile_runs/L0_current_masked/seed_167400/checkpoint.pt,210540,False,True,True,True,True,False,False,False,False,False,False,False,False,False,False,False,unavoidable
210541,checkpoint,32,True,False,0.5762832442178534,0.5170439756017262,1810.5315319718345,1.2486424358426444,1.0637575440431366,-0.09818991667456323,1.19653374999871,0.8484805384131503,1.2368480365593597,2.512397949626489,2.512397949626489,14,True,True,unavoidable,True,False,1.1709726698587903,1.193631300021698,-0.0226586301629077,obstacle_collision,False,obstacle_collision,collision_failure,1.0901512948449028,0.03406722796390321,0.06690063955317367,0.19166557009090468,0.3004715153063381,0.03453297222267733,0.0,11.000500597254726,0.0033652987331151962,1,nan,nan,0.02,7.0,nan,nan,nan,nan,False,nan,0.03453297222267733,0.28441913974051186,False,False,11.226792462303164,0.00531020144103257,0.07494418557839401,11.35023513239606,11.35023513239606,0.0,nan,0.0,32,0.06690063955317367,0.3004715153063381,11.000500597254726,0.03406722796390321,0,nan,nan,nan,nan,0,nan,nan,nan,nan,m2063-osd-osd_v0_0232_t5::L1_one_step,m2063-osd-osd_v0_0232_t5,osd_v0_0232_t5,T5_terminal_boundary_near_constraint,m2060_no_rollout_outcome_supported_decisive_generator,actuator_delay_terminal_boundary,T5_terminal_boundary_near_constraint|actuator_delay_terminal_boundary|late|generous|moderate|actuator_delay|low,m2060_t5_028,,,,,osd_v0_0232_t5,smoke_proxy,t5_boundary_axis_retarget,true,false,L1_one_step,runs/m1674_controller_family_one_seed_public_pilot/configs/L1_one_step_seed167400.json,runs/m1674_controller_family_one_seed_public_pilot/profile_runs/L1_one_step/seed_167400/checkpoint.pt,210541,False,True,True,True,True,False,False,False,False,False,False,False,False,False,False,False,unavoidable
210542,checkpoint,25,True,False,0.4090072647245453,0.6614968903058673,1443.8759083690097,0.9957764885303515,0.9718465309137088,-0.029719254164884745,0.7985299221467511,0.6558288018017764,1.2601403975551837,2.325151833738002,2.325151833738002,21,True,True,unavoidable,True,False,1.1807498368481835,1.2837802902076663,-0.1030304533594828,obstacle_collision,False,obstacle_collision,collision_failure,-2.9959707953639345,-0.11983883181455739,0.7292281443924529,0.9538592127518228,0.04629525891772889,0.04229803560180879,0.0,7.944851474804958,0.003969657700508833,1,nan,nan,0.02,7.0,nan,nan,nan,nan,False,nan,0.04229803560180879,0.4636610423067891,False,False,8.304405089715901,0.02565827006177166,0.4636610423067891,8.878752595774879,8.878752595774879,0.0,nan,0.0,25,0.7292281443924529,0.04629525891772889,7.944851474804958,-0.11983883181455739,0,nan,nan,nan,nan,0,nan,nan,nan,nan,m2063-osd-osd_v0_0232_t5::L2_window_50,m2063-osd-osd_v0_0232_t5,osd_v0_0232_t5,T5_terminal_boundary_near_constraint,m2060_no_rollout_outcome_supported_decisive_generator,actuator_delay_terminal_boundary,T5_terminal_boundary_near_constraint|actuator_delay_terminal_boundary|late|generous|moderate|actuator_delay|low,m2060_t5_028,,,,,osd_v0_0232_t5,smoke_proxy,t5_boundary_axis_retarget,true,false,L2_window_50,runs/m1674_controller_family_one_seed_public_pilot/configs/L2_window_50_seed167400.json,runs/m1674_controller_family_one_seed_public_pilot/profile_runs/L2_window_50/seed_167400/checkpoint.pt,210542,False,True,True,True,True,False,False,False,False,False,False,False,False,False,False,False,unavoidable
210543,checkpoint,31,True,False,0.5547625580887907,0.5207101257629536,1256.9298038715967,0.8668481406011012,1.1775199055916161,-0.06741986171191128,0.6891042536810397,0.5792171280592698,0.8450216772405155,2.18016800732133,2.1801680073213294,29,True,True,unavoidable,True,False,1.0068641426764775,1.139647253797715,-0.13278311112123742,obstacle_collision,False,obstacle_collision,collision_failure,3.1758857853728912,0.10244792856041585,0.20238114959417963,0.3620234261989381,0.21466320198203195,0.012393145416911423,0.0,7.449260369287122,0.0026690333615988493,1,nan,nan,0.02,7.0,nan,nan,nan,nan,False,nan,0.012393145416911423,0.17826813232038335,False,False,7.938851614138812,0.012222749332232921,0.09176123407253509,8.61805466781837,8.61805466781837,0.0,nan,0.0,31,0.20238114959417963,0.21466320198203195,7.449260369287122,0.10244792856041585,0,nan,nan,nan,nan,0,nan,nan,nan,nan,m2063-osd-osd_v0_0232_t5::L3_online_gru,m2063-osd-osd_v0_0232_t5,osd_v0_0232_t5,T5_terminal_boundary_near_constraint,m2060_no_rollout_outcome_supported_decisive_generator,actuator_delay_terminal_boundary,T5_terminal_boundary_near_constraint|actuator_delay_terminal_boundary|late|generous|moderate|actuator_delay|low,m2060_t5_028,,,,,osd_v0_0232_t5,smoke_proxy,t5_boundary_axis_retarget,true,false,L3_online_gru,runs/m1674_controller_family_one_seed_public_pilot/configs/L3_online_gru_seed167400.json,runs/m1674_controller_family_one_seed_public_pilot/profile_runs/L3_online_gru/seed_167400/checkpoint.pt,210543,False,True,True,True,True,False,False,False,False,False,False,False,False,False,False,False,unavoidable
210544,checkpoint,33,True,False,0.6113620201591274,0.6113620201591274,1187.558075823439,0.8190055695334062,1.0348709912856728,0.0798980116251351,0.6922449870295246,0.9417617504594167,0.9782235478588512,2.6305402996589216,2.6305402996589216,38,False,True,unavoidable,True,False,1.7972810423499674,1.8126358955778574,-0.015354853227889986,obstacle_collision,False,obstacle_collision,collision_failure,2.9032827513133483,0.08797826519131359,0.42695873313880633,0.852073898745104,0.23224323013025527,0.027949125764752458,0.0,9.853858155165767,0.0013636128278449178,1,nan,nan,0.02,7.0,nan,nan,nan,nan,False,nan,0.027949125764752458,0.25709621989451437,False,False,10.232018123648825,0.006471931177552593,0.11781520200539174,10.323809875577592,10.323809875577592,0.0,nan,0.0,33,0.42695873313880633,0.23224323013025527,9.853858155165767,0.08797826519131359,0,nan,nan,nan,nan,0,nan,nan,nan,nan,m2063-osd-osd_v0_0232_t5::L3_reset_control_corrected,m2063-osd-osd_v0_0232_t5,osd_v0_0232_t5,T5_terminal_boundary_near_constraint,m2060_no_rollout_outcome_supported_decisive_generator,actuator_delay_terminal_boundary,T5_terminal_boundary_near_constraint|actuator_delay_terminal_boundary|late|generous|moderate|actuator_delay|low,m2060_t5_028,,,,,osd_v0_0232_t5,smoke_proxy,t5_boundary_axis_retarget,true,false,L3_reset_control_corrected,runs/m1674_controller_family_one_seed_public_pilot/configs/L3_reset_control_corrected_seed167400.json,runs/m1674_controller_family_one_seed_public_pilot/profile_runs/L3_reset_control_corrected/seed_167400/checkpoint.pt,210544,False,True,True,True,True,False,False,False,False,False,False,False,False,False,False,False,unavoidable
210545,checkpoint,23,True,False,1.0901628867533824,1.0168926639187392,1632.1770692693694,1.1256393581168065,0.9986559169456879,-0.10705618172743603,0.6476006906062819,1.27747839891855,1.1282795310381912,1.273985352442502,1.273985352442502,17,True,True,unavoidable,True,False,1.2856845250652127,1.4003781413526033,-0.11469361628739061,obstacle_collision,False,obstacle_collision,collision_failure,-9.987859744395749,-0.4342547714954673,0.5607142257861277,0.6853461966775924,0.25218740344751867,0.015176823061837178,0.0,9.985982101080833,0.001919189584441483,1,nan,nan,0.02,5.5,nan,nan,nan,nan,False,nan,0.015176823061837178,0.45682203467182314,False,False,9.964572464053262,0.0024438802964683514,0.013252106941828476,10.540587696332633,10.540587696332633,0.0,nan,0.0,23,0.5607142257861277,0.25218740344751867,9.985982101080833,-0.4342547714954673,0,nan,nan,nan,nan,0,nan,nan,nan,nan,m2063-osd-osd_v0_0233_t5::L0_current_masked,m2063-osd-osd_v0_0233_t5,osd_v0_0233_t5,T5_terminal_boundary_near_constraint,m2060_no_rollout_outcome_supported_decisive_generator,mixed_dynamics_terminal_boundary,T5_terminal_boundary_near_constraint|mixed_dynamics_terminal_boundary|early|nominal|high|nominal_mu|nominal,m2060_t5_029,,,,,osd_v0_0233_t5,smoke_proxy,t5_boundary_axis_retarget,true,false,L0_current_masked,runs/m1674_controller_family_one_seed_public_pilot/configs/L0_current_masked_seed167400.json,runs/m1674_controller_family_one_seed_public_pilot/profile_runs/L0_current_masked/seed_167400/checkpoint.pt,210545,False,True,True,True,True,False,False,False,False,False,False,False,False,False,False,False,unavoidable
210546,checkpoint,27,True,False,0.9928476477414296,0.878918065664483,1713.5371602519633,1.1817497656910092,0.812949019332113,-0.11893783626879095,0.9304875783251629,0.7916989206901874,1.013720699870133,1.0629079806731863,1.0629079806731863,24,True,True,unavoidable,True,False,1.6703967280084462,1.821245084983429,-0.15084835697498278,obstacle_collision,False,obstacle_collision,collision_failure,-3.8247394690828997,-0.14165701737344072,0.15737029016250098,0.20149681928366192,0.23203921784829482,0.08065806763400682,0.0,10.383832846332844,0.00411720247939229,1,nan,nan,0.02,5.5,nan,nan,nan,nan,False,nan,0.08065806763400682,0.4845294349439099,False,False,10.53941461039908,0.000589733764041164,0.011424525737180734,11.295093714729733,11.295093714729733,0.0,nan,0.0,27,0.15737029016250098,0.23203921784829482,10.383832846332844,-0.14165701737344072,0,nan,nan,nan,nan,0,nan,nan,nan,nan,m2063-osd-osd_v0_0233_t5::L1_one_step,m2063-osd-osd_v0_0233_t5,osd_v0_0233_t5,T5_terminal_boundary_near_constraint,m2060_no_rollout_outcome_supported_decisive_generator,mixed_dynamics_terminal_boundary,T5_terminal_boundary_near_constraint|mixed_dynamics_terminal_boundary|early|nominal|high|nominal_mu|nominal,m2060_t5_029,,,,,osd_v0_0233_t5,smoke_proxy,t5_boundary_axis_retarget,true,false,L1_one_step,runs/m1674_controller_family_one_seed_public_pilot/configs/L1_one_step_seed167400.json,runs/m1674_controller_family_one_seed_public_pilot/profile_runs/L1_one_step/seed_167400/checkpoint.pt,210546,False,True,True,True,True,False,False,False,False,False,False,False,False,False,False,False,unavoidable
210547,checkpoint,23,True,False,0.4039596432639698,0.9381218502975002,1261.8524957898046,0.8702431005446928,1.1298120928693778,-0.11390466859447068,0.8974778560636366,0.5780381296140646,0.9523229105239017,1.257677485024966,1.257677485024966,17,True,True,unavoidable,True,False,1.1638974125235895,1.2894487669801156,-0.1255513544565261,obstacle_collision,False,obstacle_collision,collision_failure,-7.178438543706456,-0.31210602363941115,0.5974369148949213,1.1075197023778962,0.09727606177210225,0.042337773032733735,0.0,11.321260631053805,0.0037203223910182714,1,nan,nan,0.02,5.5,nan,nan,nan,nan,False,nan,0.042337773032733735,0.5669415304459182,False,False,11.60181113216674,0.0016295362299773148,0.5669415304459182,12.28707682560895,12.28707682560895,0.0,nan,0.0,23,0.5974369148949213,0.09727606177210225,11.321260631053805,-0.31210602363941115,0,nan,nan,nan,nan,0,nan,nan,nan,nan,m2063-osd-osd_v0_0233_t5::L2_window_50,m2063-osd-osd_v0_0233_t5,osd_v0_0233_t5,T5_terminal_boundary_near_constraint,m2060_no_rollout_outcome_supported_decisive_generator,mixed_dynamics_terminal_boundary,T5_terminal_boundary_near_constraint|mixed_dynamics_terminal_boundary|early|nominal|high|nominal_mu|nominal,m2060_t5_029,,,,,osd_v0_0233_t5,smoke_proxy,t5_boundary_axis_retarget,true,false,L2_window_50,runs/m1674_controller_family_one_seed_public_pilot/configs/L2_window_50_seed167400.json,runs/m1674_controller_family_one_seed_public_pilot/profile_runs/L2_window_50/seed_167400/checkpoint.pt,210547,False,True,True,True,True,False,False,False,False,False,False,False,False,False,False,False,unavoidable
210548,checkpoint,29,True,False,0.38170840820085034,0.8952497212598207,1814.252508728278,1.2512086267091571,1.034067007852645,-0.055473450564430093,1.2342520475788938,1.318754384210673,0.6126966341912012,0.7965449709077402,0.7965449709077402,11,True,True,unavoidable,True,False,1.422987988949474,1.5865742026680074,-0.16358621371853332,obstacle_collision,False,obstacle_collision,collision_failure,-3.3228465736537096,-0.11458091633288654,0.25690509374088133,0.5575149468836322,0.2517004191512411,0.02182833294213203,0.0,11.027790007430484,0.0035436765756458044,1,nan,nan,0.02,5.5,nan,nan,nan,nan,False,nan,0.02182833294213203,0.49918153977513635,False,False,10.872802716854979,0.009470748531713594,0.15140962042280742,11.710610121755785,11.710610121755785,0.0,nan,0.0,29,0.25690509374088133,0.2517004191512411,11.027790007430484,-0.11458091633288654,0,nan,nan,nan,nan,0,nan,nan,nan,nan,m2063-osd-osd_v0_0233_t5::L3_online_gru,m2063-osd-osd_v0_0233_t5,osd_v0_0233_t5,T5_terminal_boundary_near_constraint,m2060_no_rollout_outcome_supported_decisive_generator,mixed_dynamics_terminal_boundary,T5_terminal_boundary_near_constraint|mixed_dynamics_terminal_boundary|early|nominal|high|nominal_mu|nominal,m2060_t5_029,,,,,osd_v0_0233_t5,smoke_proxy,t5_boundary_axis_retarget,true,false,L3_online_gru,runs/m1674_controller_family_one_seed_public_pilot/configs/L3_online_gru_seed167400.json,runs/m1674_controller_family_one_seed_public_pilot/profile_runs/L3_online_gru/seed_167400/checkpoint.pt,210548,False,True,True,True,True,False,False,False,False,False,False,False,False,False,False,False,unavoidable
210549,checkpoint,24,True,False,0.4237412935367238,0.8584151448464551,1315.7722848788483,0.9074291619854126,0.9246382916988375,0.028211256768339465,1.0382976387483793,0.767568667281241,1.2664221651234584,1.1674681434895888,1.1674681434895888,24,True,True,unavoidable,True,False,1.2458231317798927,1.3146967399688052,-0.06887360818891253,obstacle_collision,False,obstacle_collision,collision_failure,-6.726179393188444,-0.2802574747161852,0.5626592647330372,0.7506531880906167,0.2999421310298947,0.03350047903432733,0.0,10.7606472367353,0.001487145316787064,1,nan,nan,0.02,5.5,nan,nan,nan,nan,False,nan,0.03350047903432733,0.459999661295066,False,False,11.331217215677343,0.009892332295943461,0.18684470028057323,11.699215892797936,11.699215892797936,0.0,nan,0.0,24,0.5626592647330372,0.2999421310298947,10.7606472367353,-0.2802574747161852,0,nan,nan,nan,nan,0,nan,nan,nan,nan,m2063-osd-osd_v0_0233_t5::L3_reset_control_corrected,m2063-osd-osd_v0_0233_t5,osd_v0_0233_t5,T5_terminal_boundary_near_constraint,m2060_no_rollout_outcome_supported_decisive_generator,mixed_dynamics_terminal_boundary,T5_terminal_boundary_near_constraint|mixed_dynamics_terminal_boundary|early|nominal|high|nominal_mu|nominal,m2060_t5_029,,,,,osd_v0_0233_t5,smoke_proxy,t5_boundary_axis_retarget,true,false,L3_reset_control_corrected,runs/m1674_controller_family_one_seed_public_pilot/configs/L3_reset_control_corrected_seed167400.json,runs/m1674_controller_family_one_seed_public_pilot/profile_runs/L3_reset_control_corrected/seed_167400/checkpoint.pt,210549,False,True,True,True,True,False,False,False,False,False,False,False,False,False,False,False,unavoidable
210550,checkpoint,69,False,True,1.1235938794382632,0.43106175158006915,1508.2588666996028,1.0401785287583467,0.9291067005833975,0.054163193136328225,0.861222994438311,0.6153226314591573,1.0960686898264775,1.5010597288188876,1.5010597288188876,28,True,True,drift_required,False,True,3.254536010168825,1.5526778808387827,1.7018581293300425,,True,obstacle_pass,success_obstacle_pass,92.60928860966527,1.342163603038627,0.4292785811125596,0.6113917651967213,0.06661446887222952,0.057089712127524526,0.0,14.699642556116347,0.0008876763167791069,1,nan,nan,0.02,4.4,69.0,1.3800000000000001,69.0,1.3800000000000001,True,0.0,0.057089712127524526,0.22353469605959536,False,True,nan,nan,nan,nan,0.0,0.0,nan,0.0,69,0.4292785811125596,0.06661446887222952,14.699642556116347,1.342163603038627,0,nan,nan,nan,nan,0,nan,nan,nan,nan,m2063-osd-osd_v0_0234_t5::L0_current_masked,m2063-osd-osd_v0_0234_t5,osd_v0_0234_t5,T5_terminal_boundary_near_constraint,m2060_no_rollout_outcome_supported_decisive_generator,near_zero_clearance_margin,T5_terminal_boundary_near_constraint|near_zero_clearance_margin|medium|tight|straight_or_low|low_mu|high,m2060_t5_030,,,,,osd_v0_0234_t5,smoke_proxy,t5_boundary_axis_retarget,true,false,L0_current_masked,runs/m1674_controller_family_one_seed_public_pilot/configs/L0_current_masked_seed167400.json,runs/m1674_controller_family_one_seed_public_pilot/profile_runs/L0_current_masked/seed_167400/checkpoint.pt,210550,True,True,True,True,True,False,False,False,False,False,False,False,False,False,False,False,drift_required
210551,checkpoint,73,True,False,0.5723501054318099,0.3926222330620871,1323.6485989870537,0.9128611027496922,1.1280001891719846,-0.10095046002164687,0.953051815938543,1.0734014914178833,0.7534185398216144,1.622785228065522,1.622785228065522,39,True,True,drift_required,True,False,1.838209471543525,2.0379520638202098,-0.19974259227668467,obstacle_collision,False,obstacle_collision,collision_failure,-4.386379059556749,-0.06008738437748971,2.2660484266280188,4.244243294664386,0.10942051195509188,0.034333735228441575,0.0,13.382264811197144,0.000998444389551878,1,nan,nan,0.02,4.4,nan,nan,nan,nan,False,nan,0.034333735228441575,0.2221327598763213,False,False,12.745957337741517,0.0029810461266063897,0.06142521363088884,13.752303343551333,13.752303343551333,0.0,nan,0.0,73,2.2660484266280188,0.10942051195509188,13.382264811197144,-0.06008738437748971,0,nan,nan,nan,nan,0,nan,nan,nan,nan,m2063-osd-osd_v0_0234_t5::L1_one_step,m2063-osd-osd_v0_0234_t5,osd_v0_0234_t5,T5_terminal_boundary_near_constraint,m2060_no_rollout_outcome_supported_decisive_generator,near_zero_clearance_margin,T5_terminal_boundary_near_constraint|near_zero_clearance_margin|medium|tight|straight_or_low|low_mu|high,m2060_t5_030,,,,,osd_v0_0234_t5,smoke_proxy,t5_boundary_axis_retarget,true,false,L1_one_step,runs/m1674_controller_family_one_seed_public_pilot/configs/L1_one_step_seed167400.json,runs/m1674_controller_family_one_seed_public_pilot/profile_runs/L1_one_step/seed_167400/checkpoint.pt,210551,False,True,True,True,True,False,False,False,False,False,False,False,False,False,False,False,drift_required
210552,checkpoint,59,True,False,0.3539817054478407,0.4231855659425157,1411.2811856488943,0.9732973694130306,1.0505784171574382,0.11452254166678566,0.6354264390086842,1.0705713186993036,1.209946715718531,1.2091294174826106,1.2091294174826106,35,True,True,drift_required,False,False,4.260441797822901,1.773466938252413,2.486974859570488,off_track,False,off_track,off_track_noncollision_noncompletion,24.368407619251318,0.4130238579534122,1.9963617476718478,4.417475007974204,0.24395028227835808,0.19165437668174012,0.0,14.67447611270181,0.0027595884166657925,1,nan,nan,0.02,4.4,nan,nan,nan,nan,False,nan,0.19165437668174012,0.5901798731785446,False,False,nan,nan,nan,nan,0.0,0.01747500797420365,1.18,0.01747500797420365,59,1.9963617476718478,0.24395028227835808,14.67447611270181,0.4130238579534122,0,nan,nan,nan,nan,0,nan,nan,nan,nan,m2063-osd-osd_v0_0234_t5::L2_window_50,m2063-osd-osd_v0_0234_t5,osd_v0_0234_t5,T5_terminal_boundary_near_constraint,m2060_no_rollout_outcome_supported_decisive_generator,near_zero_clearance_margin,T5_terminal_boundary_near_constraint|near_zero_clearance_margin|medium|tight|straight_or_low|low_mu|high,m2060_t5_030,,,,,osd_v0_0234_t5,smoke_proxy,t5_boundary_axis_retarget,true,false,L2_window_50,runs/m1674_controller_family_one_seed_public_pilot/configs/L2_window_50_seed167400.json,runs/m1674_controller_family_one_seed_public_pilot/profile_runs/L2_window_50/seed_167400/checkpoint.pt,210552,False,True,True,True,True,False,False,False,False,False,False,False,False,False,False,False,drift_required
210553,checkpoint,47,True,False,0.5873675962561496,0.43898130651568174,1292.3417682246486,0.8912701849825163,0.9130032466203086,0.03128972055571433,0.5967515043771526,1.0790334100702481,1.0568936289086885,1.4656718329751288,1.4656718329751288,18,True,True,drift_required,True,False,1.410472355116201,1.5241563745304463,-0.11368401941424522,obstacle_collision,False,obstacle_collision,collision_failure,19.882697886469998,0.4230361252440425,0.22855540734993446,0.46608813313683584,0.27891836706159606,0.04197507581335849,0.0,15.103387649735117,0.0016292986692860723,1,nan,nan,0.02,4.4,nan,nan,nan,nan,False,nan,0.04197507581335849,0.22778074530176312,False,False,15.714936071346457,0.010177491029027376,0.11704188690449863,16.300149102622644,16.300149102622644,0.0,nan,0.0,47,0.22855540734993446,0.27891836706159606,15.103387649735117,0.4230361252440425,0,nan,nan,nan,nan,0,nan,nan,nan,nan,m2063-osd-osd_v0_0234_t5::L3_online_gru,m2063-osd-osd_v0_0234_t5,osd_v0_0234_t5,T5_terminal_boundary_near_constraint,m2060_no_rollout_outcome_supported_decisive_generator,near_zero_clearance_margin,T5_terminal_boundary_near_constraint|near_zero_clearance_margin|medium|tight|straight_or_low|low_mu|high,m2060_t5_030,,,,,osd_v0_0234_t5,smoke_proxy,t5_boundary_axis_retarget,true,false,L3_online_gru,runs/m1674_controller_family_one_seed_public_pilot/configs/L3_online_gru_seed167400.json,runs/m1674_controller_family_one_seed_public_pilot/profile_runs/L3_online_gru/seed_167400/checkpoint.pt,210553,False,True,True,True,True,False,False,False,False,False,False,False,False,False,False,False,drift_required
210554,checkpoint,39,True,False,0.5394202911701531,0.5285331167668267,1728.5797833370932,1.1921239885083401,0.9055035261650035,-0.09889592656457591,0.6057807074232775,1.1792987626400242,0.8441179141768853,1.2227038121722615,1.2227038121722615,28,True,True,unavoidable,True,False,1.4574558959091637,1.5858045829314076,-0.1283486870222439,obstacle_collision,False,obstacle_collision,collision_failure,6.536776350791278,0.16760965002028919,0.521987197690747,0.9744989344269968,0.26606429947629684,0.043373301866341876,0.0,15.889532851055545,0.0007037239847704768,1,nan,nan,0.02,4.4,nan,nan,nan,nan,False,nan,0.043373301866341876,0.24910313884243893,False,False,15.934638695128285,0.011125989696825135,0.11258744354374582,16.59320386944229,16.59320386944229,0.0,nan,0.0,39,0.521987197690747,0.26606429947629684,15.889532851055545,0.16760965002028919,0,nan,nan,nan,nan,0,nan,nan,nan,nan,m2063-osd-osd_v0_0234_t5::L3_reset_control_corrected,m2063-osd-osd_v0_0234_t5,osd_v0_0234_t5,T5_terminal_boundary_near_constraint,m2060_no_rollout_outcome_supported_decisive_generator,near_zero_clearance_margin,T5_terminal_boundary_near_constraint|near_zero_clearance_margin|medium|tight|straight_or_low|low_mu|high,m2060_t5_030,,,,,osd_v0_0234_t5,smoke_proxy,t5_boundary_axis_retarget,true,false,L3_reset_control_corrected,runs/m1674_controller_family_one_seed_public_pilot/configs/L3_reset_control_corrected_seed167400.json,runs/m1674_controller_family_one_seed_public_pilot/profile_runs/L3_reset_control_corrected/seed_167400/checkpoint.pt,210554,False,True,True,True,True,False,False,False,False,False,False,False,False,False,False,False,unavoidable
210555,checkpoint,29,True,False,0.5023045477826519,0.6108268863429556,1753.483519580386,1.2092989790209558,1.2446609275322524,0.13817778936704306,0.6331782512151762,0.6686646860655842,1.094807887660285,1.97821871382102,1.9782187138210199,13,True,True,unavoidable,True,False,1.4705849298433538,1.6165475787324133,-0.14596264888905952,obstacle_collision,False,obstacle_collision,collision_failure,-0.1483712847531926,-0.005116251198385952,0.5392535529142041,0.6057971684756218,0.09728004839120173,0.04816881093436056,0.0,8.127237635763466,0.0027793999761343002,1,nan,nan,0.02,7.0,nan,nan,nan,nan,False,nan,0.04816881093436056,0.21183573364375924,False,False,8.363938226624509,0.0024626491532082307,0.05018188568838475,9.10000098421525,9.10000098421525,0.0,nan,0.0,29,0.5392535529142041,0.09728004839120173,8.127237635763466,-0.005116251198385952,0,nan,nan,nan,nan,0,nan,nan,nan,nan,m2063-osd-osd_v0_0235_t5::L0_current_masked,m2063-osd-osd_v0_0235_t5,osd_v0_0235_t5,T5_terminal_boundary_near_constraint,m2060_no_rollout_outcome_supported_decisive_generator,late_terminal_boundary_margin,T5_terminal_boundary_near_constraint|late_terminal_boundary_margin|late|generous|moderate|mixed_mu|low,m2060_t5_031,,,,,osd_v0_0235_t5,smoke_proxy,t5_boundary_axis_retarget,true,false,L0_current_masked,runs/m1674_controller_family_one_seed_public_pilot/configs/L0_current_masked_seed167400.json,runs/m1674_controller_family_one_seed_public_pilot/profile_runs/L0_current_masked/seed_167400/checkpoint.pt,210555,False,True,True,True,True,False,False,False,False,False,False,False,False,False,False,False,unavoidable
210556,checkpoint,25,True,False,1.0670964346144105,0.687704239248843,1304.58999894265,0.8997172406501035,1.2664949409366262,-0.11196744140503467,1.2844840319935238,0.7032386400229068,0.9918602277961625,1.2509030784064947,1.2509030784064947,10,True,True,unavoidable,True,False,1.0556780248636635,1.173185127122267,-0.11750710225860361,obstacle_collision,False,obstacle_collision,collision_failure,-5.021973253875625,-0.200878930155025,0.15701051238995128,0.33927913684487976,0.08513907113971364,0.010660774641369877,0.0,9.201588249893037,0.0038351581897586584,1,nan,nan,0.02,7.0,nan,nan,nan,nan,False,nan,0.010660774641369877,0.2194770673563013,False,False,9.408044236191676,0.009062449065719633,0.06951656114129277,10.007062628131683,10.007062628131683,0.0,nan,0.0,25,0.15701051238995128,0.08513907113971364,9.201588249893037,-0.200878930155025,0,nan,nan,nan,nan,0,nan,nan,nan,nan,m2063-osd-osd_v0_0235_t5::L1_one_step,m2063-osd-osd_v0_0235_t5,osd_v0_0235_t5,T5_terminal_boundary_near_constraint,m2060_no_rollout_outcome_supported_decisive_generator,late_terminal_boundary_margin,T5_terminal_boundary_near_constraint|late_terminal_boundary_margin|late|generous|moderate|mixed_mu|low,m2060_t5_031,,,,,osd_v0_0235_t5,smoke_proxy,t5_boundary_axis_retarget,true,false,L1_one_step,runs/m1674_controller_family_one_seed_public_pilot/configs/L1_one_step_seed167400.json,runs/m1674_controller_family_one_seed_public_pilot/profile_runs/L1_one_step/seed_167400/checkpoint.pt,210556,False,True,True,True,True,False,False,False,False,False,False,False,False,False,False,False,unavoidable
210557,checkpoint,27,True,False,0.9357278737812829,0.7925540680805309,1748.5139535484195,1.2058716921023582,1.2537731869250655,-0.05601692027992988,0.8864779010543669,0.8361860204585758,0.93880206156521,1.2166182149402747,1.2166182149402747,14,True,True,unavoidable,True,False,1.1567643361603075,1.1804097442926464,-0.023645408132338952,obstacle_collision,False,obstacle_collision,collision_failure,-2.668683591444335,-0.09884013301645685,0.3662041268673055,0.7281456576251273,0.07400658920615805,0.043482773830374605,0.0,10.868692169195567,0.0045670028775930405,1,nan,nan,0.02,7.0,nan,nan,nan,nan,False,nan,0.043482773830374605,0.5217073178769518,False,False,10.920739434312305,0.022895326406617098,0.5217073178769518,11.102584869965003,11.102584869965003,0.0,nan,0.0,27,0.3662041268673055,0.07400658920615805,10.868692169195567,-0.09884013301645685,0,nan,nan,nan,nan,0,nan,nan,nan,nan,m2063-osd-osd_v0_0235_t5::L2_window_50,m2063-osd-osd_v0_0235_t5,osd_v0_0235_t5,T5_terminal_boundary_near_constraint,m2060_no_rollout_outcome_supported_decisive_generator,late_terminal_boundary_margin,T5_terminal_boundary_near_constraint|late_terminal_boundary_margin|late|generous|moderate|mixed_mu|low,m2060_t5_031,,,,,osd_v0_0235_t5,smoke_proxy,t5_boundary_axis_retarget,true,false,L2_window_50,runs/m1674_controller_family_one_seed_public_pilot/configs/L2_window_50_seed167400.json,runs/m1674_controller_family_one_seed_public_pilot/profile_runs/L2_window_50/seed_167400/checkpoint.pt,210557,False,True,True,True,True,False,False,False,False,False,False,False,False,False,False,False,unavoidable
210559,checkpoint,27,True,False,0.742295442387724,0.9226429243538223,1642.9412617880787,1.1330629391641922,1.139404014936111,-0.13508488810344432,1.2401160265898739,1.0816698091899004,0.9050547359020982,1.060694199229816,1.060694199229816,21,True,True,drift_required,True,False,1.232808019663895,1.27194838558193,-0.039140365918034936,obstacle_collision,False,obstacle_collision,collision_failure,-1.9347672772332274,-0.07165804730493434,0.21217174882154782,0.2781282950198758,0.033160586054352806,0.042568665685840244,0.0,10.683303966277949,0.0016171610914170742,1,nan,nan,0.02,7.0,nan,nan,nan,nan,False,nan,0.042568665685840244,0.2773697891101657,False,False,10.815885725143811,0.009920631138984788,0.11038713399448191,11.027586583702927,11.027586583702927,0.0,nan,0.0,27,0.21217174882154782,0.033160586054352806,10.683303966277949,-0.07165804730493434,0,nan,nan,nan,nan,0,nan,nan,nan,nan,m2063-osd-osd_v0_0235_t5::L3_reset_control_corrected,m2063-osd-osd_v0_0235_t5,osd_v0_0235_t5,T5_terminal_boundary_near_constraint,m2060_no_rollout_outcome_supported_decisive_generator,late_terminal_boundary_margin,T5_terminal_boundary_near_constraint|late_terminal_boundary_margin|late|generous|moderate|mixed_mu|low,m2060_t5_031,,,,,osd_v0_0235_t5,smoke_proxy,t5_boundary_axis_retarget,true,false,L3_reset_control_corrected,runs/m1674_controller_family_one_seed_public_pilot/configs/L3_reset_control_corrected_seed167400.json,runs/m1674_controller_family_one_seed_public_pilot/profile_runs/L3_reset_control_corrected/seed_167400/checkpoint.pt,210559,False,True,True,True,True,False,False,False,False,False,False,False,False,False,False,False,drift_required
210560,checkpoint,31,True,False,0.8086236629780073,0.8373130897716878,1271.8493316536717,0.8771374701059805,1.0103296988646149,0.125254774755168,0.9840032970297096,1.2336194436538719,0.9380452762475232,1.9652853451177976,1.9652853451177978,31,True,True,drift_required,True,False,1.2526817069104976,1.400885622444783,-0.14820391553428536,obstacle_collision,False,obstacle_collision,collision_failure,-3.4099999797015244,-0.10999999934521046,0.5405666972119266,1.1894679971780313,0.2505452621485879,0.07993933818010246,0.0,10.12799076190913,0.00376361352391541,1,nan,nan,0.02,5.5,nan,nan,nan,nan,False,nan,0.07993933818010246,0.5318318134658994,False,False,9.955624725317147,0.0009887284797184346,0.005927095223802162,10.697731376750813,10.697731376750813,0.0,nan,0.0,31,0.5405666972119266,0.2505452621485879,10.12799076190913,-0.10999999934521046,0,nan,nan,nan,nan,0,nan,nan,nan,nan,m2063-osd-osd_v0_0236_t5::L0_current_masked,m2063-osd-osd_v0_0236_t5,osd_v0_0236_t5,T5_terminal_boundary_near_constraint,m2060_no_rollout_outcome_supported_decisive_generator,tight_road_terminal_boundary,T5_terminal_boundary_near_constraint|tight_road_terminal_boundary|early|nominal|high|actuator_delay|nominal,m2060_t5_032,,,,,osd_v0_0236_t5,smoke_proxy,t5_boundary_axis_retarget,true,false,L0_current_masked,runs/m1674_controller_family_one_seed_public_pilot/configs/L0_current_masked_seed167400.json,runs/m1674_controller_family_one_seed_public_pilot/profile_runs/L0_current_masked/seed_167400/checkpoint.pt,210560,False,True,True,True,True,False,False,False,False,False,False,False,False,False,False,False,drift_required
210561,checkpoint,29,True,False,0.9255279441556883,0.6023667005622376,1462.9845088224836,1.0089548336706784,0.9678790623122852,0.0023916424833068106,1.3331959523142318,0.7240297633211739,0.6625490380956977,2.571281184768469,2.571281184768469,23,True,True,unavoidable,True,False,1.0849119728309469,1.259586397338109,-0.17467442450716208,obstacle_collision,False,obstacle_collision,collision_failure,-3.7170060546988566,-0.12817262257582265,0.4875300753197623,0.8538665836190624,0.24285057308715016,0.03470027631061628,0.0,9.46133896604116,0.003802239429205656,1,nan,nan,0.02,5.5,nan,nan,nan,nan,False,nan,0.03470027631061628,0.4276675025296144,False,False,9.447533479798992,0.002223256489351017,0.019783683188256913,10.323995598898303,10.323995598898303,0.0,nan,0.0,29,0.4875300753197623,0.24285057308715016,9.46133896604116,-0.12817262257582265,0,nan,nan,nan,nan,0,nan,nan,nan,nan,m2063-osd-osd_v0_0236_t5::L1_one_step,m2063-osd-osd_v0_0236_t5,osd_v0_0236_t5,T5_terminal_boundary_near_constraint,m2060_no_rollout_outcome_supported_decisive_generator,tight_road_terminal_boundary,T5_terminal_boundary_near_constraint|tight_road_terminal_boundary|early|nominal|high|actuator_delay|nominal,m2060_t5_032,,,,,osd_v0_0236_t5,smoke_proxy,t5_boundary_axis_retarget,true,false,L1_one_step,runs/m1674_controller_family_one_seed_public_pilot/configs/L1_one_step_seed167400.json,runs/m1674_controller_family_one_seed_public_pilot/profile_runs/L1_one_step/seed_167400/checkpoint.pt,210561,False,True,True,True,True,False,False,False,False,False,False,False,False,False,False,False,unavoidable
210562,checkpoint,35,True,False,0.6365483908311161,0.5605782169064822,1546.1638320675054,1.0663198841844865,1.0185406558404015,-0.03999708538792612,1.244047763270615,0.681275551631755,0.6769645811226256,2.2981774301026525,2.2981774301026525,22,True,True,unavoidable,True,False,1.4034312268611076,1.5433336867990395,-0.13990245993793193,obstacle_collision,False,obstacle_collision,collision_failure,-0.8096695665045033,-0.023133416185842953,1.2538766053399415,2.2358465157330727,0.1392015099680897,0.0470752517117143,0.0,9.1704315847873,0.0033215745352208614,1,nan,nan,0.02,5.5,nan,nan,nan,nan,False,nan,0.0470752517117143,0.4353634342220059,False,False,9.232354444988639,0.04560954185792874,0.4353634342220059,9.998207859029463,9.998207859029463,0.0,nan,0.0,35,1.2538766053399415,0.1392015099680897,9.1704315847873,-0.023133416185842953,0,nan,nan,nan,nan,0,nan,nan,nan,nan,m2063-osd-osd_v0_0236_t5::L2_window_50,m2063-osd-osd_v0_0236_t5,osd_v0_0236_t5,T5_terminal_boundary_near_constraint,m2060_no_rollout_outcome_supported_decisive_generator,tight_road_terminal_boundary,T5_terminal_boundary_near_constraint|tight_road_terminal_boundary|early|nominal|high|actuator_delay|nominal,m2060_t5_032,,,,,osd_v0_0236_t5,smoke_proxy,t5_boundary_axis_retarget,true,false,L2_window_50,runs/m1674_controller_family_one_seed_public_pilot/configs/L2_window_50_seed167400.json,runs/m1674_controller_family_one_seed_public_pilot/profile_runs/L2_window_50/seed_167400/checkpoint.pt,210562,False,True,True,True,True,False,False,False,False,False,False,False,False,False,False,False,unavoidable
210563,checkpoint,31,True,False,0.4044203441744712,0.7111062425134395,1752.164628207961,1.208389398764111,1.0038317934583831,0.04636474777606492,0.7684764131907804,0.910400471233288,0.7817028435225677,2.4682646807062905,2.4682646807062905,13,True,True,unavoidable,True,False,1.5497277187196012,1.70890898433499,-0.1591812656153888,obstacle_collision,False,obstacle_collision,collision_failure,-0.3926318645815101,-0.012665544018758391,0.5493140323431708,1.016875210783816,0.18403147097316389,0.029670759218566885,0.0,10.13226850957789,0.0031707200687378645,1,nan,nan,0.02,5.5,nan,nan,nan,nan,False,nan,0.029670759218566885,0.4620335456431496,False,False,10.27839801202699,0.004034874828806241,0.15461699023344505,11.091783476541682,11.091783476541682,0.0,nan,0.0,31,0.5493140323431708,0.18403147097316389,10.13226850957789,-0.012665544018758391,0,nan,nan,nan,nan,0,nan,nan,nan,nan,m2063-osd-osd_v0_0236_t5::L3_online_gru,m2063-osd-osd_v0_0236_t5,osd_v0_0236_t5,T5_terminal_boundary_near_constraint,m2060_no_rollout_outcome_supported_decisive_generator,tight_road_terminal_boundary,T5_terminal_boundary_near_constraint|tight_road_terminal_boundary|early|nominal|high|actuator_delay|nominal,m2060_t5_032,,,,,osd_v0_0236_t5,smoke_proxy,t5_boundary_axis_retarget,true,false,L3_online_gru,runs/m1674_controller_family_one_seed_public_pilot/configs/L3_online_gru_seed167400.json,runs/m1674_controller_family_one_seed_public_pilot/profile_runs/L3_online_gru/seed_167400/checkpoint.pt,210563,False,True,True,True,True,False,False,False,False,False,False,False,False,False,False,False,unavoidable
210564,checkpoint,37,True,False,0.3035551612061158,0.4883311085866157,1382.4264391009576,0.953397544207557,1.2678277234571418,-0.0977327169667348,0.7855392541326006,0.912103037687374,0.8660276578168635,1.9297631322688409,1.9297631322688409,17,True,True,unavoidable,True,False,1.1472785491788295,1.308573010697316,-0.16129446151848637,obstacle_collision,False,obstacle_collision,collision_failure,10.42370379052894,0.2817217240683497,0.3841278697712356,0.831303671606193,0.04353968702636803,0.03401054940238463,0.0,8.781272354002203,0.0013073320733383298,1,nan,nan,0.02,5.5,nan,nan,nan,nan,False,nan,0.03401054940238463,0.418045640547248,False,False,9.081563114379351,0.012709502659115473,0.13087250360947691,9.90747742366229,9.90747742366229,0.0,nan,0.0,37,0.3841278697712356,0.04353968702636803,8.781272354002203,0.2817217240683497,0,nan,nan,nan,nan,0,nan,nan,nan,nan,m2063-osd-osd_v0_0236_t5::L3_reset_control_corrected,m2063-osd-osd_v0_0236_t5,osd_v0_0236_t5,T5_terminal_boundary_near_constraint,m2060_no_rollout_outcome_supported_decisive_generator,tight_road_terminal_boundary,T5_terminal_boundary_near_constraint|tight_road_terminal_boundary|early|nominal|high|actuator_delay|nominal,m2060_t5_032,,,,,osd_v0_0236_t5,smoke_proxy,t5_boundary_axis_retarget,true,false,L3_reset_control_corrected,runs/m1674_controller_family_one_seed_public_pilot/configs/L3_reset_control_corrected_seed167400.json,runs/m1674_controller_family_one_seed_public_pilot/profile_runs/L3_reset_control_corrected/seed_167400/checkpoint.pt,210564,False,True,True,True,True,False,False,False,False,False,False,False,False,False,False,False,unavoidable
210565,checkpoint,38,True,False,0.9226342764891688,0.8219258916238511,1648.1198852358493,1.1366344036109306,1.038559131102012,0.09713620019717939,0.7561561374387149,0.6064954493587834,1.1461781841682224,0.7698337784199009,0.7698337784199009,32,True,True,drift_required,True,False,1.7830486193766824,1.91856286016565,-0.13551424078896757,obstacle_collision,False,obstacle_collision,collision_failure,8.427308870764222,0.22177128607274268,0.6136958547375272,1.1436778016815552,0.13269624180550296,0.029206895184930044,0.0,17.506585506451508,0.0015093781985342503,1,nan,nan,0.02,4.4,nan,nan,nan,nan,False,nan,0.029206895184930044,0.25080285961447063,False,False,17.954161018546618,0.0019427432302694643,0.012151280643734403,18.63391872217096,18.63391872217096,0.0,nan,0.0,38,0.6136958547375272,0.13269624180550296,17.506585506451508,0.22177128607274268,0,nan,nan,nan,nan,0,nan,nan,nan,nan,m2063-osd-osd_v0_0237_t5::L0_current_masked,m2063-osd-osd_v0_0237_t5,osd_v0_0237_t5,T5_terminal_boundary_near_constraint,m2060_no_rollout_outcome_supported_decisive_generator,low_grip_terminal_boundary,T5_terminal_boundary_near_constraint|low_grip_terminal_boundary|medium|tight|straight_or_low|nominal_mu|high,m2060_t5_033,,,,,osd_v0_0237_t5,smoke_proxy,t5_boundary_axis_retarget,true,false,L0_current_masked,runs/m1674_controller_family_one_seed_public_pilot/configs/L0_current_masked_seed167400.json,runs/m1674_controller_family_one_seed_public_pilot/profile_runs/L0_current_masked/seed_167400/checkpoint.pt,210565,False,True,True,True,True,False,False,False,False,False,False,False,False,False,False,False,drift_required
210566,checkpoint,55,True,False,1.07875864511855,0.7694282102711169,1533.0558482817921,1.0572798953667533,1.1271432183663508,0.10329243411232314,0.6566566848676894,0.9000627056186853,0.8261603806473445,0.8007521773650106,0.8007521773650106,28,True,True,drift_required,True,False,1.8162235258856578,1.8973948012912563,-0.08117127540559843,obstacle_collision,False,obstacle_collision,collision_failure,23.098908660256306,0.4199801574592056,0.6009838572313742,1.319024253608518,0.15173044862722426,0.015985551669045344,0.0,16.30390508871984,0.0011163597228005528,1,nan,nan,0.02,4.4,nan,nan,nan,nan,False,nan,0.015985551669045344,0.2454435899113159,False,False,16.18355848410453,0.007062928531911436,0.08007873335282824,16.60095419873376,16.60095419873376,0.0,nan,0.0,55,0.6009838572313742,0.15173044862722426,16.30390508871984,0.4199801574592056,0,nan,nan,nan,nan,0,nan,nan,nan,nan,m2063-osd-osd_v0_0237_t5::L1_one_step,m2063-osd-osd_v0_0237_t5,osd_v0_0237_t5,T5_terminal_boundary_near_constraint,m2060_no_rollout_outcome_supported_decisive_generator,low_grip_terminal_boundary,T5_terminal_boundary_near_constraint|low_grip_terminal_boundary|medium|tight|straight_or_low|nominal_mu|high,m2060_t5_033,,,,,osd_v0_0237_t5,smoke_proxy,t5_boundary_axis_retarget,true,false,L1_one_step,runs/m1674_controller_family_one_seed_public_pilot/configs/L1_one_step_seed167400.json,runs/m1674_controller_family_one_seed_public_pilot/profile_runs/L1_one_step/seed_167400/checkpoint.pt,210566,False,True,True,True,True,False,False,False,False,False,False,False,False,False,False,False,drift_required
210567,checkpoint,42,True,False,1.0302516772022907,0.9241624048151644,1557.925582068982,1.0744314359096427,0.8297568689955873,-0.06739527336092643,1.2087794306892161,0.56148767086037,1.0832895682251025,1.3271663824738174,1.3271663824738171,29,True,True,aes_feasible,False,False,3.5692439825592097,1.3494213225561231,2.2198226600030866,off_track,False,off_track,off_track_noncollision_noncompletion,12.347736350591955,0.2939937226331418,2.107948066738669,4.430684814987771,0.06900327016617151,0.1170332750838243,0.0,17.85483007269819,0.003992742393165827,1,nan,nan,0.02,4.4,nan,nan,nan,nan,False,nan,0.1170332750838243,0.8134671705168379,False,False,nan,nan,nan,nan,0.0,0.030684814987770537,0.84,0.030684814987770537,42,2.107948066738669,0.06900327016617151,17.85483007269819,0.2939937226331418,0,nan,nan,nan,nan,0,nan,nan,nan,nan,m2063-osd-osd_v0_0237_t5::L2_window_50,m2063-osd-osd_v0_0237_t5,osd_v0_0237_t5,T5_terminal_boundary_near_constraint,m2060_no_rollout_outcome_supported_decisive_generator,low_grip_terminal_boundary,T5_terminal_boundary_near_constraint|low_grip_terminal_boundary|medium|tight|straight_or_low|nominal_mu|high,m2060_t5_033,,,,,osd_v0_0237_t5,smoke_proxy,t5_boundary_axis_retarget,true,false,L2_window_50,runs/m1674_controller_family_one_seed_public_pilot/configs/L2_window_50_seed167400.json,runs/m1674_controller_family_one_seed_public_pilot/profile_runs/L2_window_50/seed_167400/checkpoint.pt,210567,False,True,True,True,True,False,False,False,False,False,False,False,False,False,False,False,aes_feasible
210568,checkpoint,29,True,False,0.8442626179422057,1.0198190209655453,1428.2615862368505,0.9850079905081728,1.1810770145112002,-0.06794411429656799,0.9743914920340079,1.2838758765309282,0.7749322596653007,1.2529485950106882,1.2529485950106882,26,True,True,unavoidable,True,False,1.8151784675863538,1.8265986203465534,-0.011420152760199587,obstacle_collision,False,obstacle_collision,collision_failure,-1.970361103294234,-0.06794348632049083,0.36735942814081607,0.44570014400702007,0.07221177505749968,0.03691440245127792,0.0,14.595951168608519,0.0028804296161979437,1,nan,nan,0.02,4.4,nan,nan,nan,nan,False,nan,0.03691440245127792,0.22272861498774782,False,False,14.566601953845081,0.0013933980136470148,0.10658909950839894,14.635058326603742,14.635058326603742,0.0,nan,0.0,29,0.36735942814081607,0.07221177505749968,14.595951168608519,-0.06794348632049083,0,nan,nan,nan,nan,0,nan,nan,nan,nan,m2063-osd-osd_v0_0237_t5::L3_online_gru,m2063-osd-osd_v0_0237_t5,osd_v0_0237_t5,T5_terminal_boundary_near_constraint,m2060_no_rollout_outcome_supported_decisive_generator,low_grip_terminal_boundary,T5_terminal_boundary_near_constraint|low_grip_terminal_boundary|medium|tight|straight_or_low|nominal_mu|high,m2060_t5_033,,,,,osd_v0_0237_t5,smoke_proxy,t5_boundary_axis_retarget,true,false,L3_online_gru,runs/m1674_controller_family_one_seed_public_pilot/configs/L3_online_gru_seed167400.json,runs/m1674_controller_family_one_seed_public_pilot/profile_runs/L3_online_gru/seed_167400/checkpoint.pt,210568,False,True,True,True,True,False,False,False,False,False,False,False,False,False,False,False,unavoidable
210569,checkpoint,53,False,True,0.5028941305500951,0.8810709111019487,1269.2084262214546,0.8753161560147963,1.2222474687701164,-0.02170946657760142,1.141804750610524,0.9162130678711841,0.6240693962488044,0.9023360221382261,0.9023360221382261,28,True,True,drift_required,False,True,2.947274946775281,1.448272576226039,1.499002370549242,,True,obstacle_pass,success_obstacle_pass,69.45371188532634,1.3104473940627612,0.17277151074033556,0.3535911258694284,0.13313387114751937,0.06137682661416034,0.0,19.35289997788196,0.0006192647269926965,1,nan,nan,0.02,4.4,53.0,1.06,53.0,1.06,True,0.0,0.06137682661416034,0.31194838215843046,False,True,nan,nan,nan,nan,0.0,0.0,nan,0.0,53,0.17277151074033556,0.13313387114751937,19.35289997788196,1.3104473940627612,0,nan,nan,nan,nan,0,nan,nan,nan,nan,m2063-osd-osd_v0_0237_t5::L3_reset_control_corrected,m2063-osd-osd_v0_0237_t5,osd_v0_0237_t5,T5_terminal_boundary_near_constraint,m2060_no_rollout_outcome_supported_decisive_generator,low_grip_terminal_boundary,T5_terminal_boundary_near_constraint|low_grip_terminal_boundary|medium|tight|straight_or_low|nominal_mu|high,m2060_t5_033,,,,,osd_v0_0237_t5,smoke_proxy,t5_boundary_axis_retarget,true,false,L3_reset_control_corrected,runs/m1674_controller_family_one_seed_public_pilot/configs/L3_reset_control_corrected_seed167400.json,runs/m1674_controller_family_one_seed_public_pilot/profile_runs/L3_reset_control_corrected/seed_167400/checkpoint.pt,210569,True,True,True,True,True,False,False,False,False,False,False,False,False,False,False,False,drift_required
210570,checkpoint,42,True,False,1.0660753182805147,0.45153317790798353,1244.2408706790914,0.8580971521924768,0.8978883025503195,0.03896887598021159,1.3732833820049501,1.0861890721004963,0.9166722440710328,1.6180123915977527,1.6180123915977527,25,True,True,unavoidable,True,False,1.8336737451919547,1.86771676554218,-0.03404302035022533,obstacle_collision,False,obstacle_collision,collision_failure,9.82885335815913,0.23402031805140786,0.3447315256251489,0.7203844232117405,0.23128370516657726,0.040041847471312196,0.0,10.676131507297926,0.0025370365474373102,1,nan,nan,0.02,7.0,nan,nan,nan,nan,False,nan,0.040041847471312196,0.30737342651559163,False,False,10.51470272358626,0.0067191773891811775,0.07387923915276046,10.695665337947254,10.695665337947254,0.0,nan,0.0,42,0.3447315256251489,0.23128370516657726,10.676131507297926,0.23402031805140786,0,nan,nan,nan,nan,0,nan,nan,nan,nan,m2063-osd-osd_v0_0238_t5::L0_current_masked,m2063-osd-osd_v0_0238_t5,osd_v0_0238_t5,T5_terminal_boundary_near_constraint,m2060_no_rollout_outcome_supported_decisive_generator,actuator_delay_terminal_boundary,T5_terminal_boundary_near_constraint|actuator_delay_terminal_boundary|late|generous|moderate|low_mu|low,m2060_t5_034,,,,,osd_v0_0238_t5,smoke_proxy,t5_boundary_axis_retarget,true,false,L0_current_masked,runs/m1674_controller_family_one_seed_public_pilot/configs/L0_current_masked_seed167400.json,runs/m1674_controller_family_one_seed_public_pilot/profile_runs/L0_current_masked/seed_167400/checkpoint.pt,210570,False,True,True,True,True,False,False,False,False,False,False,False,False,False,False,False,unavoidable
210571,checkpoint,32,True,False,0.7202908774740662,0.4948915616587332,1164.320043815441,0.8029793405623732,1.288816796076083,0.09632679214131246,1.2032736616396367,0.8295442092306348,1.1944967929726125,1.0864976099685344,1.0864976099685344,26,True,True,unavoidable,True,False,1.1255301788171723,1.2161313272560876,-0.09060114843891531,obstacle_collision,False,obstacle_collision,collision_failure,2.402710213681731,0.07508469417755409,0.5252397281411272,0.9570212532684508,0.21972843108529697,0.02636533501518917,0.0,11.339603780820047,0.003471532603725791,1,nan,nan,0.02,7.0,nan,nan,nan,nan,False,nan,0.02636533501518917,0.30634390302229253,False,False,11.733549932322841,0.005326637518830826,0.08381680333712664,12.197600673610546,12.197600673610546,0.0,nan,0.0,32,0.5252397281411272,0.21972843108529697,11.339603780820047,0.07508469417755409,0,nan,nan,nan,nan,0,nan,nan,nan,nan,m2063-osd-osd_v0_0238_t5::L1_one_step,m2063-osd-osd_v0_0238_t5,osd_v0_0238_t5,T5_terminal_boundary_near_constraint,m2060_no_rollout_outcome_supported_decisive_generator,actuator_delay_terminal_boundary,T5_terminal_boundary_near_constraint|actuator_delay_terminal_boundary|late|generous|moderate|low_mu|low,m2060_t5_034,,,,,osd_v0_0238_t5,smoke_proxy,t5_boundary_axis_retarget,true,false,L1_one_step,runs/m1674_controller_family_one_seed_public_pilot/configs/L1_one_step_seed167400.json,runs/m1674_controller_family_one_seed_public_pilot/profile_runs/L1_one_step/seed_167400/checkpoint.pt,210571,False,True,True,True,True,False,False,False,False,False,False,False,False,False,False,False,unavoidable
210572,checkpoint,45,True,False,0.8085747252262161,0.36228926810106044,1161.9267411997437,0.801328787034306,1.2982864075143594,-0.06345131597907261,0.8932277240614253,0.569184646743572,0.6067880382360764,1.4838714849459445,1.4838714849459445,21,True,True,unavoidable,True,False,1.5393511769895405,1.5806840864653555,-0.04133290947581503,obstacle_collision,False,obstacle_collision,collision_failure,11.635469772180713,0.25856599493734916,0.6312211741515711,1.5264036786938604,0.25870024968993877,0.054341611224244024,0.0,8.976180892415252,0.003407315816730261,1,nan,nan,0.02,7.0,nan,nan,nan,nan,False,nan,0.054341611224244024,0.4679715808496599,False,False,9.097948978169368,0.05243242324701414,0.4679715808496599,9.377626895256917,9.377626895256917,0.0,nan,0.0,45,0.6312211741515711,0.25870024968993877,8.976180892415252,0.25856599493734916,0,nan,nan,nan,nan,0,nan,nan,nan,nan,m2063-osd-osd_v0_0238_t5::L2_window_50,m2063-osd-osd_v0_0238_t5,osd_v0_0238_t5,T5_terminal_boundary_near_constraint,m2060_no_rollout_outcome_supported_decisive_generator,actuator_delay_terminal_boundary,T5_terminal_boundary_near_constraint|actuator_delay_terminal_boundary|late|generous|moderate|low_mu|low,m2060_t5_034,,,,,osd_v0_0238_t5,smoke_proxy,t5_boundary_axis_retarget,true,false,L2_window_50,runs/m1674_controller_family_one_seed_public_pilot/configs/L2_window_50_seed167400.json,runs/m1674_controller_family_one_seed_public_pilot/profile_runs/L2_window_50/seed_167400/checkpoint.pt,210572,False,True,True,True,True,False,False,False,False,False,False,False,False,False,False,False,unavoidable
210573,checkpoint,57,True,False,0.9172883918595949,0.3592151977325093,1477.8460538919114,1.01920417509787,0.9418746196003385,0.04227577508885361,0.7219525304273946,0.7935673247005247,1.037745813742467,1.085050324609251,1.0850503246092509,18,True,True,drift_required,True,False,1.1125152768998137,1.1726900404848963,-0.06017476358508267,obstacle_collision,False,obstacle_collision,collision_failure,36.2999180123402,0.6368406668831614,0.46124422282555755,1.0757505860774401,0.10744054770129385,0.010548240324660929,0.0,9.78846912881477,0.001459804130718112,1,nan,nan,0.02,7.0,nan,nan,nan,nan,False,nan,0.010548240324660929,0.22862576179015504,False,False,10.766348901645285,0.00434686482876628,0.124958331834287,11.081891985168511,11.081891985168511,0.0,nan,0.0,57,0.46124422282555755,0.10744054770129385,9.78846912881477,0.6368406668831614,0,nan,nan,nan,nan,0,nan,nan,nan,nan,m2063-osd-osd_v0_0238_t5::L3_online_gru,m2063-osd-osd_v0_0238_t5,osd_v0_0238_t5,T5_terminal_boundary_near_constraint,m2060_no_rollout_outcome_supported_decisive_generator,actuator_delay_terminal_boundary,T5_terminal_boundary_near_constraint|actuator_delay_terminal_boundary|late|generous|moderate|low_mu|low,m2060_t5_034,,,,,osd_v0_0238_t5,smoke_proxy,t5_boundary_axis_retarget,true,false,L3_online_gru,runs/m1674_controller_family_one_seed_public_pilot/configs/L3_online_gru_seed167400.json,runs/m1674_controller_family_one_seed_public_pilot/profile_runs/L3_online_gru/seed_167400/checkpoint.pt,210573,False,True,True,True,True,False,False,False,False,False,False,False,False,False,False,False,drift_required
210574,checkpoint,50,True,False,0.848789228721013,0.41592620745987735,1249.7896519365138,0.8619238978872509,0.8902157039663983,0.09901038596611667,0.7038439134572905,1.15637861720488,0.8864575392947118,0.7754371376190908,0.7754371376190908,32,True,True,drift_required,True,False,1.730254471223711,1.864376125218616,-0.13412165399490505,obstacle_collision,False,obstacle_collision,collision_failure,21.921315514668457,0.43842631029336915,0.7706713941547322,1.382792044220004,0.05058295074326061,0.01339853234940116,0.0,10.321468649208443,0.000976275943685323,1,nan,nan,0.02,7.0,nan,nan,nan,nan,False,nan,0.01339853234940116,0.269759058516808,False,False,10.54145222865415,0.005081801202904065,0.12492767939257761,11.227094167169385,11.227094167169385,0.0,nan,0.0,50,0.7706713941547322,0.05058295074326061,10.321468649208443,0.43842631029336915,0,nan,nan,nan,nan,0,nan,nan,nan,nan,m2063-osd-osd_v0_0238_t5::L3_reset_control_corrected,m2063-osd-osd_v0_0238_t5,osd_v0_0238_t5,T5_terminal_boundary_near_constraint,m2060_no_rollout_outcome_supported_decisive_generator,actuator_delay_terminal_boundary,T5_terminal_boundary_near_constraint|actuator_delay_terminal_boundary|late|generous|moderate|low_mu|low,m2060_t5_034,,,,,osd_v0_0238_t5,smoke_proxy,t5_boundary_axis_retarget,true,false,L3_reset_control_corrected,runs/m1674_controller_family_one_seed_public_pilot/configs/L3_reset_control_corrected_seed167400.json,runs/m1674_controller_family_one_seed_public_pilot/profile_runs/L3_reset_control_corrected/seed_167400/checkpoint.pt,210574,False,True,True,True,True,False,False,False,False,False,False,False,False,False,False,False,drift_required
210575,checkpoint,25,True,False,0.5411854316580544,1.04862728574291,1415.4600212556797,0.976179325003917,0.8853169887095969,-0.10953990726096641,0.6100204808880716,0.7153031154706135,1.2602071184562658,1.6829281891512768,1.6829281891512768,14,True,True,drift_required,True,False,1.286860928745234,1.3045970468542494,-0.01773611810901543,obstacle_collision,False,obstacle_collision,collision_failure,-0.5593479943547237,-0.022373919774188948,0.12885217419798478,0.28273120640087157,0.023662909746283902,0.07983492913468582,0.0,11.555596225103589,0.002103213220834732,1,nan,nan,0.02,5.5,nan,nan,nan,nan,False,nan,0.07983492913468582,0.5473074530175711,False,False,11.918063038974902,0.006376590917820767,0.050125908982266494,12.014944515877117,12.014944515877117,0.0,nan,0.0,25,0.12885217419798478,0.023662909746283902,11.555596225103589,-0.022373919774188948,0,nan,nan,nan,nan,0,nan,nan,nan,nan,m2063-osd-osd_v0_0239_t5::L0_current_masked,m2063-osd-osd_v0_0239_t5,osd_v0_0239_t5,T5_terminal_boundary_near_constraint,m2060_no_rollout_outcome_supported_decisive_generator,mixed_dynamics_terminal_boundary,T5_terminal_boundary_near_constraint|mixed_dynamics_terminal_boundary|early|nominal|high|mixed_mu|nominal,m2060_t5_035,,,,,osd_v0_0239_t5,smoke_proxy,t5_boundary_axis_retarget,true,false,L0_current_masked,runs/m1674_controller_family_one_seed_public_pilot/configs/L0_current_masked_seed167400.json,runs/m1674_controller_family_one_seed_public_pilot/profile_runs/L0_current_masked/seed_167400/checkpoint.pt,210575,False,True,True,True,True,False,False,False,False,False,False,False,False,False,False,False,drift_required
210576,checkpoint,34,True,False,0.7688755089771253,0.5794420686176707,1477.1889642483072,1.0187510098264188,0.985618908219679,-0.0812407075080479,1.349067828492649,0.7511156578299079,1.1619192007036405,2.08430574939998,2.08430574939998,18,True,True,unavoidable,True,False,1.4948608339870177,1.6320109227275923,-0.13715008874057455,obstacle_collision,False,obstacle_collision,collision_failure,3.8005924422704567,0.11178213065501343,0.4296886634014123,1.0004245398534337,0.15782730289640343,0.026368888072757734,0.0,9.598800732371071,0.00327563239261508,1,nan,nan,0.02,5.5,nan,nan,nan,nan,False,nan,0.026368888072757734,0.4177877128227708,False,False,9.984473017547561,0.0029516885521611363,0.02637362080735098,10.67433666760725,10.67433666760725,0.0,nan,0.0,34,0.4296886634014123,0.15782730289640343,9.598800732371071,0.11178213065501343,0,nan,nan,nan,nan,0,nan,nan,nan,nan,m2063-osd-osd_v0_0239_t5::L1_one_step,m2063-osd-osd_v0_0239_t5,osd_v0_0239_t5,T5_terminal_boundary_near_constraint,m2060_no_rollout_outcome_supported_decisive_generator,mixed_dynamics_terminal_boundary,T5_terminal_boundary_near_constraint|mixed_dynamics_terminal_boundary|early|nominal|high|mixed_mu|nominal,m2060_t5_035,,,,,osd_v0_0239_t5,smoke_proxy,t5_boundary_axis_retarget,true,false,L1_one_step,runs/m1674_controller_family_one_seed_public_pilot/configs/L1_one_step_seed167400.json,runs/m1674_controller_family_one_seed_public_pilot/profile_runs/L1_one_step/seed_167400/checkpoint.pt,210576,False,True,True,True,True,False,False,False,False,False,False,False,False,False,False,False,unavoidable
210577,checkpoint,35,True,False,0.6329239288093367,0.6329239288093367,1545.2704178125598,1.065703736422455,0.9750037711827635,0.13857625599832413,1.0343364615812602,0.6813982565069501,0.7969679290351278,1.4185219216899148,1.4185219216899148,36,False,True,unavoidable,True,False,1.6520009368263384,1.8217894714332208,-0.16978853460688237,obstacle_collision,False,obstacle_collision,collision_failure,1.8964488047712535,0.05418425156489296,0.7191134457068213,1.5882878887925997,0.22861837088608666,0.07596866295221934,0.0,9.833945841318576,0.003667043522000313,1,nan,nan,0.02,5.5,nan,nan,nan,nan,False,nan,0.07596866295221934,0.5008121829974688,False,False,10.001148885990121,0.01997036646005514,0.5008121829974688,10.910157960554306,10.910157960554306,0.0,nan,0.0,35,0.7191134457068213,0.22861837088608666,9.833945841318576,0.05418425156489296,0,nan,nan,nan,nan,0,nan,nan,nan,nan,m2063-osd-osd_v0_0239_t5::L2_window_50,m2063-osd-osd_v0_0239_t5,osd_v0_0239_t5,T5_terminal_boundary_near_constraint,m2060_no_rollout_outcome_supported_decisive_generator,mixed_dynamics_terminal_boundary,T5_terminal_boundary_near_constraint|mixed_dynamics_terminal_boundary|early|nominal|high|mixed_mu|nominal,m2060_t5_035,,,,,osd_v0_0239_t5,smoke_proxy,t5_boundary_axis_retarget,true,false,L2_window_50,runs/m1674_controller_family_one_seed_public_pilot/configs/L2_window_50_seed167400.json,runs/m1674_controller_family_one_seed_public_pilot/profile_runs/L2_window_50/seed_167400/checkpoint.pt,210577,False,True,True,True,True,False,False,False,False,False,False,False,False,False,False,False,unavoidable
210578,checkpoint,53,False,True,1.1123679291894675,0.4801535125563283,1522.761865534326,1.050180596920225,0.8268751529921721,-0.08703438175482625,1.2027449203415883,0.8407821070776946,1.2984594465996877,0.8323364556646213,0.8323364556646213,17,True,True,unavoidable,False,True,2.1858265224227407,1.7422012945759886,0.44362522784675207,,True,obstacle_pass,success_obstacle_pass,79.83023750813665,1.5062308963799367,0.4195242138507657,1.0191102169028312,0.09672333103802123,0.17780400100363283,0.0,9.12815959979581,0.001880839467048645,1,nan,nan,0.02,5.5,53.0,1.06,53.0,1.06,True,0.0,0.17780400100363283,0.9649571011337295,False,True,nan,nan,nan,nan,0.0,0.0,nan,0.0,53,0.4195242138507657,0.09672333103802123,9.12815959979581,1.5062308963799367,0,nan,nan,nan,nan,0,nan,nan,nan,nan,m2063-osd-osd_v0_0239_t5::L3_online_gru,m2063-osd-osd_v0_0239_t5,osd_v0_0239_t5,T5_terminal_boundary_near_constraint,m2060_no_rollout_outcome_supported_decisive_generator,mixed_dynamics_terminal_boundary,T5_terminal_boundary_near_constraint|mixed_dynamics_terminal_boundary|early|nominal|high|mixed_mu|nominal,m2060_t5_035,,,,,osd_v0_0239_t5,smoke_proxy,t5_boundary_axis_retarget,true,false,L3_online_gru,runs/m1674_controller_family_one_seed_public_pilot/configs/L3_online_gru_seed167400.json,runs/m1674_controller_family_one_seed_public_pilot/profile_runs/L3_online_gru/seed_167400/checkpoint.pt,210578,True,True,True,True,True,False,False,False,False,False,False,False,False,False,False,False,unavoidable
210579,checkpoint,31,True,False,0.672818742155567,0.672818742155567,1644.7012026355712,1.1342766914728077,1.1448723025376837,0.12931149632180694,1.158466851775572,1.1232625879268352,0.6960947422540263,1.223663191072796,1.223663191072796,32,False,True,unavoidable,True,False,1.255359462744276,1.3598535217167687,-0.10449405897249275,obstacle_collision,False,obstacle_collision,collision_failure,-2.921073847167431,-0.09422818861830423,1.09983857656551,1.544656973694309,0.12223032716911213,0.029276873339284325,0.0,9.969925895063138,0.0015986200887709856,1,nan,nan,0.02,5.5,nan,nan,nan,nan,False,nan,0.029276873339284325,0.46433217323080855,False,False,9.936035129934357,0.009606450390341772,0.15415442849750227,10.478724092841743,10.478724092841743,0.0,nan,0.0,31,1.09983857656551,0.12223032716911213,9.969925895063138,-0.09422818861830423,0,nan,nan,nan,nan,0,nan,nan,nan,nan,m2063-osd-osd_v0_0239_t5::L3_reset_control_corrected,m2063-osd-osd_v0_0239_t5,osd_v0_0239_t5,T5_terminal_boundary_near_constraint,m2060_no_rollout_outcome_supported_decisive_generator,mixed_dynamics_terminal_boundary,T5_terminal_boundary_near_constraint|mixed_dynamics_terminal_boundary|early|nominal|high|mixed_mu|nominal,m2060_t5_035,,,,,osd_v0_0239_t5,smoke_proxy,t5_boundary_axis_retarget,true,false,L3_reset_control_corrected,runs/m1674_controller_family_one_seed_public_pilot/configs/L3_reset_control_corrected_seed167400.json,runs/m1674_controller_family_one_seed_public_pilot/profile_runs/L3_reset_control_corrected/seed_167400/checkpoint.pt,210579,False,True,True,True,True,False,False,False,False,False,False,False,False,False,False,False,unavoidable
