calibration_workload_id,calibration_spec_id,base_task_source_id,profile_name,task_family,source_edge,window_tag,executable_source_family,env_template_family,track_width_scale,finish_variant,max_steps_scale,profile_config_path,checkpoint_path,config_exists,checkpoint_exists,environment_rollout_scheduled,training_scheduled,profile_specific_tuning,scale_up_variant_label,scale_up_workload_id
m1680-spec-0000::tw1::finish_original::max1::L0_current_masked,m1680-spec-0000::tw1::finish_original::max1,m1680-spec-0000,L0_current_masked,T4,actuator_delay_step|capability_step_up,reveal_plus_4,capability_step_up,t4_capability_step_temporal,1.0,original,1.0,runs/m1674_controller_family_one_seed_public_pilot/configs/L0_current_masked_seed167400.json,runs/m1674_controller_family_one_seed_public_pilot/profile_runs/L0_current_masked/seed_167400/checkpoint.pt,True,True,False,False,False,original_axis_baseline,m1680-spec-0000::tw1::finish_original::max1::L0_current_masked
m1680-spec-0000::tw1::finish_original::max1::L1_one_step,m1680-spec-0000::tw1::finish_original::max1,m1680-spec-0000,L1_one_step,T4,actuator_delay_step|capability_step_up,reveal_plus_4,capability_step_up,t4_capability_step_temporal,1.0,original,1.0,runs/m1674_controller_family_one_seed_public_pilot/configs/L1_one_step_seed167400.json,runs/m1674_controller_family_one_seed_public_pilot/profile_runs/L1_one_step/seed_167400/checkpoint.pt,True,True,False,False,False,original_axis_baseline,m1680-spec-0000::tw1::finish_original::max1::L1_one_step
m1680-spec-0000::tw1::finish_original::max1::L2_window_13,m1680-spec-0000::tw1::finish_original::max1,m1680-spec-0000,L2_window_13,T4,actuator_delay_step|capability_step_up,reveal_plus_4,capability_step_up,t4_capability_step_temporal,1.0,original,1.0,runs/m1674_controller_family_one_seed_public_pilot/configs/L2_window_13_seed167400.json,runs/m1674_controller_family_one_seed_public_pilot/profile_runs/L2_window_13/seed_167400/checkpoint.pt,True,True,False,False,False,original_axis_baseline,m1680-spec-0000::tw1::finish_original::max1::L2_window_13
m1680-spec-0000::tw1::finish_original::max1::L2_window_13_current_tiled,m1680-spec-0000::tw1::finish_original::max1,m1680-spec-0000,L2_window_13_current_tiled,T4,actuator_delay_step|capability_step_up,reveal_plus_4,capability_step_up,t4_capability_step_temporal,1.0,original,1.0,runs/m1674_controller_family_one_seed_public_pilot/configs/L2_window_13_current_tiled_seed167400.json,runs/m1674_controller_family_one_seed_public_pilot/profile_runs/L2_window_13_current_tiled/seed_167400/checkpoint.pt,True,True,False,False,False,original_axis_baseline,m1680-spec-0000::tw1::finish_original::max1::L2_window_13_current_tiled
m1680-spec-0000::tw1::finish_original::max1::L2_window_25,m1680-spec-0000::tw1::finish_original::max1,m1680-spec-0000,L2_window_25,T4,actuator_delay_step|capability_step_up,reveal_plus_4,capability_step_up,t4_capability_step_temporal,1.0,original,1.0,runs/m1674_controller_family_one_seed_public_pilot/configs/L2_window_25_seed167400.json,runs/m1674_controller_family_one_seed_public_pilot/profile_runs/L2_window_25/seed_167400/checkpoint.pt,True,True,False,False,False,original_axis_baseline,m1680-spec-0000::tw1::finish_original::max1::L2_window_25
m1680-spec-0000::tw1::finish_original::max1::L2_window_25_current_tiled,m1680-spec-0000::tw1::finish_original::max1,m1680-spec-0000,L2_window_25_current_tiled,T4,actuator_delay_step|capability_step_up,reveal_plus_4,capability_step_up,t4_capability_step_temporal,1.0,original,1.0,runs/m1674_controller_family_one_seed_public_pilot/configs/L2_window_25_current_tiled_seed167400.json,runs/m1674_controller_family_one_seed_public_pilot/profile_runs/L2_window_25_current_tiled/seed_167400/checkpoint.pt,True,True,False,False,False,original_axis_baseline,m1680-spec-0000::tw1::finish_original::max1::L2_window_25_current_tiled
m1680-spec-0000::tw1::finish_original::max1::L2_window_50,m1680-spec-0000::tw1::finish_original::max1,m1680-spec-0000,L2_window_50,T4,actuator_delay_step|capability_step_up,reveal_plus_4,capability_step_up,t4_capability_step_temporal,1.0,original,1.0,runs/m1674_controller_family_one_seed_public_pilot/configs/L2_window_50_seed167400.json,runs/m1674_controller_family_one_seed_public_pilot/profile_runs/L2_window_50/seed_167400/checkpoint.pt,True,True,False,False,False,original_axis_baseline,m1680-spec-0000::tw1::finish_original::max1::L2_window_50
m1680-spec-0000::tw1::finish_original::max1::L2_window_50_current_tiled,m1680-spec-0000::tw1::finish_original::max1,m1680-spec-0000,L2_window_50_current_tiled,T4,actuator_delay_step|capability_step_up,reveal_plus_4,capability_step_up,t4_capability_step_temporal,1.0,original,1.0,runs/m1674_controller_family_one_seed_public_pilot/configs/L2_window_50_current_tiled_seed167400.json,runs/m1674_controller_family_one_seed_public_pilot/profile_runs/L2_window_50_current_tiled/seed_167400/checkpoint.pt,True,True,False,False,False,original_axis_baseline,m1680-spec-0000::tw1::finish_original::max1::L2_window_50_current_tiled
m1680-spec-0000::tw1::finish_original::max1::L2_window_100,m1680-spec-0000::tw1::finish_original::max1,m1680-spec-0000,L2_window_100,T4,actuator_delay_step|capability_step_up,reveal_plus_4,capability_step_up,t4_capability_step_temporal,1.0,original,1.0,runs/m1674_controller_family_one_seed_public_pilot/configs/L2_window_100_seed167400.json,runs/m1674_controller_family_one_seed_public_pilot/profile_runs/L2_window_100/seed_167400/checkpoint.pt,True,True,False,False,False,original_axis_baseline,m1680-spec-0000::tw1::finish_original::max1::L2_window_100
m1680-spec-0000::tw1::finish_original::max1::L2_window_100_current_tiled,m1680-spec-0000::tw1::finish_original::max1,m1680-spec-0000,L2_window_100_current_tiled,T4,actuator_delay_step|capability_step_up,reveal_plus_4,capability_step_up,t4_capability_step_temporal,1.0,original,1.0,runs/m1674_controller_family_one_seed_public_pilot/configs/L2_window_100_current_tiled_seed167400.json,runs/m1674_controller_family_one_seed_public_pilot/profile_runs/L2_window_100_current_tiled/seed_167400/checkpoint.pt,True,True,False,False,False,original_axis_baseline,m1680-spec-0000::tw1::finish_original::max1::L2_window_100_current_tiled
m1680-spec-0000::tw1::finish_original::max1::L3_online_gru,m1680-spec-0000::tw1::finish_original::max1,m1680-spec-0000,L3_online_gru,T4,actuator_delay_step|capability_step_up,reveal_plus_4,capability_step_up,t4_capability_step_temporal,1.0,original,1.0,runs/m1674_controller_family_one_seed_public_pilot/configs/L3_online_gru_seed167400.json,runs/m1674_controller_family_one_seed_public_pilot/profile_runs/L3_online_gru/seed_167400/checkpoint.pt,True,True,False,False,False,original_axis_baseline,m1680-spec-0000::tw1::finish_original::max1::L3_online_gru
m1680-spec-0000::tw1::finish_original::max1::L3_reset_control_corrected,m1680-spec-0000::tw1::finish_original::max1,m1680-spec-0000,L3_reset_control_corrected,T4,actuator_delay_step|capability_step_up,reveal_plus_4,capability_step_up,t4_capability_step_temporal,1.0,original,1.0,runs/m1674_controller_family_one_seed_public_pilot/configs/L3_reset_control_corrected_seed167400.json,runs/m1674_controller_family_one_seed_public_pilot/profile_runs/L3_reset_control_corrected/seed_167400/checkpoint.pt,True,True,False,False,False,original_axis_baseline,m1680-spec-0000::tw1::finish_original::max1::L3_reset_control_corrected
m1680-spec-0000::tw1.5::finish_relaxed::max1.5::L0_current_masked,m1680-spec-0000::tw1.5::finish_relaxed::max1.5,m1680-spec-0000,L0_current_masked,T4,actuator_delay_step|capability_step_up,reveal_plus_4,capability_step_up,t4_capability_step_temporal,1.5,relaxed,1.5,runs/m1674_controller_family_one_seed_public_pilot/configs/L0_current_masked_seed167400.json,runs/m1674_controller_family_one_seed_public_pilot/profile_runs/L0_current_masked/seed_167400/checkpoint.pt,True,True,False,False,False,mid_calibration_variant,m1680-spec-0000::tw1.5::finish_relaxed::max1.5::L0_current_masked
m1680-spec-0000::tw1.5::finish_relaxed::max1.5::L1_one_step,m1680-spec-0000::tw1.5::finish_relaxed::max1.5,m1680-spec-0000,L1_one_step,T4,actuator_delay_step|capability_step_up,reveal_plus_4,capability_step_up,t4_capability_step_temporal,1.5,relaxed,1.5,runs/m1674_controller_family_one_seed_public_pilot/configs/L1_one_step_seed167400.json,runs/m1674_controller_family_one_seed_public_pilot/profile_runs/L1_one_step/seed_167400/checkpoint.pt,True,True,False,False,False,mid_calibration_variant,m1680-spec-0000::tw1.5::finish_relaxed::max1.5::L1_one_step
m1680-spec-0000::tw1.5::finish_relaxed::max1.5::L2_window_13,m1680-spec-0000::tw1.5::finish_relaxed::max1.5,m1680-spec-0000,L2_window_13,T4,actuator_delay_step|capability_step_up,reveal_plus_4,capability_step_up,t4_capability_step_temporal,1.5,relaxed,1.5,runs/m1674_controller_family_one_seed_public_pilot/configs/L2_window_13_seed167400.json,runs/m1674_controller_family_one_seed_public_pilot/profile_runs/L2_window_13/seed_167400/checkpoint.pt,True,True,False,False,False,mid_calibration_variant,m1680-spec-0000::tw1.5::finish_relaxed::max1.5::L2_window_13
m1680-spec-0000::tw1.5::finish_relaxed::max1.5::L2_window_13_current_tiled,m1680-spec-0000::tw1.5::finish_relaxed::max1.5,m1680-spec-0000,L2_window_13_current_tiled,T4,actuator_delay_step|capability_step_up,reveal_plus_4,capability_step_up,t4_capability_step_temporal,1.5,relaxed,1.5,runs/m1674_controller_family_one_seed_public_pilot/configs/L2_window_13_current_tiled_seed167400.json,runs/m1674_controller_family_one_seed_public_pilot/profile_runs/L2_window_13_current_tiled/seed_167400/checkpoint.pt,True,True,False,False,False,mid_calibration_variant,m1680-spec-0000::tw1.5::finish_relaxed::max1.5::L2_window_13_current_tiled
m1680-spec-0000::tw1.5::finish_relaxed::max1.5::L2_window_25,m1680-spec-0000::tw1.5::finish_relaxed::max1.5,m1680-spec-0000,L2_window_25,T4,actuator_delay_step|capability_step_up,reveal_plus_4,capability_step_up,t4_capability_step_temporal,1.5,relaxed,1.5,runs/m1674_controller_family_one_seed_public_pilot/configs/L2_window_25_seed167400.json,runs/m1674_controller_family_one_seed_public_pilot/profile_runs/L2_window_25/seed_167400/checkpoint.pt,True,True,False,False,False,mid_calibration_variant,m1680-spec-0000::tw1.5::finish_relaxed::max1.5::L2_window_25
m1680-spec-0000::tw1.5::finish_relaxed::max1.5::L2_window_25_current_tiled,m1680-spec-0000::tw1.5::finish_relaxed::max1.5,m1680-spec-0000,L2_window_25_current_tiled,T4,actuator_delay_step|capability_step_up,reveal_plus_4,capability_step_up,t4_capability_step_temporal,1.5,relaxed,1.5,runs/m1674_controller_family_one_seed_public_pilot/configs/L2_window_25_current_tiled_seed167400.json,runs/m1674_controller_family_one_seed_public_pilot/profile_runs/L2_window_25_current_tiled/seed_167400/checkpoint.pt,True,True,False,False,False,mid_calibration_variant,m1680-spec-0000::tw1.5::finish_relaxed::max1.5::L2_window_25_current_tiled
m1680-spec-0000::tw1.5::finish_relaxed::max1.5::L2_window_50,m1680-spec-0000::tw1.5::finish_relaxed::max1.5,m1680-spec-0000,L2_window_50,T4,actuator_delay_step|capability_step_up,reveal_plus_4,capability_step_up,t4_capability_step_temporal,1.5,relaxed,1.5,runs/m1674_controller_family_one_seed_public_pilot/configs/L2_window_50_seed167400.json,runs/m1674_controller_family_one_seed_public_pilot/profile_runs/L2_window_50/seed_167400/checkpoint.pt,True,True,False,False,False,mid_calibration_variant,m1680-spec-0000::tw1.5::finish_relaxed::max1.5::L2_window_50
m1680-spec-0000::tw1.5::finish_relaxed::max1.5::L2_window_50_current_tiled,m1680-spec-0000::tw1.5::finish_relaxed::max1.5,m1680-spec-0000,L2_window_50_current_tiled,T4,actuator_delay_step|capability_step_up,reveal_plus_4,capability_step_up,t4_capability_step_temporal,1.5,relaxed,1.5,runs/m1674_controller_family_one_seed_public_pilot/configs/L2_window_50_current_tiled_seed167400.json,runs/m1674_controller_family_one_seed_public_pilot/profile_runs/L2_window_50_current_tiled/seed_167400/checkpoint.pt,True,True,False,False,False,mid_calibration_variant,m1680-spec-0000::tw1.5::finish_relaxed::max1.5::L2_window_50_current_tiled
m1680-spec-0000::tw1.5::finish_relaxed::max1.5::L2_window_100,m1680-spec-0000::tw1.5::finish_relaxed::max1.5,m1680-spec-0000,L2_window_100,T4,actuator_delay_step|capability_step_up,reveal_plus_4,capability_step_up,t4_capability_step_temporal,1.5,relaxed,1.5,runs/m1674_controller_family_one_seed_public_pilot/configs/L2_window_100_seed167400.json,runs/m1674_controller_family_one_seed_public_pilot/profile_runs/L2_window_100/seed_167400/checkpoint.pt,True,True,False,False,False,mid_calibration_variant,m1680-spec-0000::tw1.5::finish_relaxed::max1.5::L2_window_100
m1680-spec-0000::tw1.5::finish_relaxed::max1.5::L2_window_100_current_tiled,m1680-spec-0000::tw1.5::finish_relaxed::max1.5,m1680-spec-0000,L2_window_100_current_tiled,T4,actuator_delay_step|capability_step_up,reveal_plus_4,capability_step_up,t4_capability_step_temporal,1.5,relaxed,1.5,runs/m1674_controller_family_one_seed_public_pilot/configs/L2_window_100_current_tiled_seed167400.json,runs/m1674_controller_family_one_seed_public_pilot/profile_runs/L2_window_100_current_tiled/seed_167400/checkpoint.pt,True,True,False,False,False,mid_calibration_variant,m1680-spec-0000::tw1.5::finish_relaxed::max1.5::L2_window_100_current_tiled
m1680-spec-0000::tw1.5::finish_relaxed::max1.5::L3_online_gru,m1680-spec-0000::tw1.5::finish_relaxed::max1.5,m1680-spec-0000,L3_online_gru,T4,actuator_delay_step|capability_step_up,reveal_plus_4,capability_step_up,t4_capability_step_temporal,1.5,relaxed,1.5,runs/m1674_controller_family_one_seed_public_pilot/configs/L3_online_gru_seed167400.json,runs/m1674_controller_family_one_seed_public_pilot/profile_runs/L3_online_gru/seed_167400/checkpoint.pt,True,True,False,False,False,mid_calibration_variant,m1680-spec-0000::tw1.5::finish_relaxed::max1.5::L3_online_gru
m1680-spec-0000::tw1.5::finish_relaxed::max1.5::L3_reset_control_corrected,m1680-spec-0000::tw1.5::finish_relaxed::max1.5,m1680-spec-0000,L3_reset_control_corrected,T4,actuator_delay_step|capability_step_up,reveal_plus_4,capability_step_up,t4_capability_step_temporal,1.5,relaxed,1.5,runs/m1674_controller_family_one_seed_public_pilot/configs/L3_reset_control_corrected_seed167400.json,runs/m1674_controller_family_one_seed_public_pilot/profile_runs/L3_reset_control_corrected/seed_167400/checkpoint.pt,True,True,False,False,False,mid_calibration_variant,m1680-spec-0000::tw1.5::finish_relaxed::max1.5::L3_reset_control_corrected
m1680-spec-0000::tw2::finish_original::max1.5::L0_current_masked,m1680-spec-0000::tw2::finish_original::max1.5,m1680-spec-0000,L0_current_masked,T4,actuator_delay_step|capability_step_up,reveal_plus_4,capability_step_up,t4_capability_step_temporal,2.0,original,1.5,runs/m1674_controller_family_one_seed_public_pilot/configs/L0_current_masked_seed167400.json,runs/m1674_controller_family_one_seed_public_pilot/profile_runs/L0_current_masked/seed_167400/checkpoint.pt,True,True,False,False,False,best_off_track_variant,m1680-spec-0000::tw2::finish_original::max1.5::L0_current_masked
m1680-spec-0000::tw2::finish_original::max1.5::L1_one_step,m1680-spec-0000::tw2::finish_original::max1.5,m1680-spec-0000,L1_one_step,T4,actuator_delay_step|capability_step_up,reveal_plus_4,capability_step_up,t4_capability_step_temporal,2.0,original,1.5,runs/m1674_controller_family_one_seed_public_pilot/configs/L1_one_step_seed167400.json,runs/m1674_controller_family_one_seed_public_pilot/profile_runs/L1_one_step/seed_167400/checkpoint.pt,True,True,False,False,False,best_off_track_variant,m1680-spec-0000::tw2::finish_original::max1.5::L1_one_step
m1680-spec-0000::tw2::finish_original::max1.5::L2_window_13,m1680-spec-0000::tw2::finish_original::max1.5,m1680-spec-0000,L2_window_13,T4,actuator_delay_step|capability_step_up,reveal_plus_4,capability_step_up,t4_capability_step_temporal,2.0,original,1.5,runs/m1674_controller_family_one_seed_public_pilot/configs/L2_window_13_seed167400.json,runs/m1674_controller_family_one_seed_public_pilot/profile_runs/L2_window_13/seed_167400/checkpoint.pt,True,True,False,False,False,best_off_track_variant,m1680-spec-0000::tw2::finish_original::max1.5::L2_window_13
m1680-spec-0000::tw2::finish_original::max1.5::L2_window_13_current_tiled,m1680-spec-0000::tw2::finish_original::max1.5,m1680-spec-0000,L2_window_13_current_tiled,T4,actuator_delay_step|capability_step_up,reveal_plus_4,capability_step_up,t4_capability_step_temporal,2.0,original,1.5,runs/m1674_controller_family_one_seed_public_pilot/configs/L2_window_13_current_tiled_seed167400.json,runs/m1674_controller_family_one_seed_public_pilot/profile_runs/L2_window_13_current_tiled/seed_167400/checkpoint.pt,True,True,False,False,False,best_off_track_variant,m1680-spec-0000::tw2::finish_original::max1.5::L2_window_13_current_tiled
m1680-spec-0000::tw2::finish_original::max1.5::L2_window_25,m1680-spec-0000::tw2::finish_original::max1.5,m1680-spec-0000,L2_window_25,T4,actuator_delay_step|capability_step_up,reveal_plus_4,capability_step_up,t4_capability_step_temporal,2.0,original,1.5,runs/m1674_controller_family_one_seed_public_pilot/configs/L2_window_25_seed167400.json,runs/m1674_controller_family_one_seed_public_pilot/profile_runs/L2_window_25/seed_167400/checkpoint.pt,True,True,False,False,False,best_off_track_variant,m1680-spec-0000::tw2::finish_original::max1.5::L2_window_25
m1680-spec-0000::tw2::finish_original::max1.5::L2_window_25_current_tiled,m1680-spec-0000::tw2::finish_original::max1.5,m1680-spec-0000,L2_window_25_current_tiled,T4,actuator_delay_step|capability_step_up,reveal_plus_4,capability_step_up,t4_capability_step_temporal,2.0,original,1.5,runs/m1674_controller_family_one_seed_public_pilot/configs/L2_window_25_current_tiled_seed167400.json,runs/m1674_controller_family_one_seed_public_pilot/profile_runs/L2_window_25_current_tiled/seed_167400/checkpoint.pt,True,True,False,False,False,best_off_track_variant,m1680-spec-0000::tw2::finish_original::max1.5::L2_window_25_current_tiled
m1680-spec-0000::tw2::finish_original::max1.5::L2_window_50,m1680-spec-0000::tw2::finish_original::max1.5,m1680-spec-0000,L2_window_50,T4,actuator_delay_step|capability_step_up,reveal_plus_4,capability_step_up,t4_capability_step_temporal,2.0,original,1.5,runs/m1674_controller_family_one_seed_public_pilot/configs/L2_window_50_seed167400.json,runs/m1674_controller_family_one_seed_public_pilot/profile_runs/L2_window_50/seed_167400/checkpoint.pt,True,True,False,False,False,best_off_track_variant,m1680-spec-0000::tw2::finish_original::max1.5::L2_window_50
m1680-spec-0000::tw2::finish_original::max1.5::L2_window_50_current_tiled,m1680-spec-0000::tw2::finish_original::max1.5,m1680-spec-0000,L2_window_50_current_tiled,T4,actuator_delay_step|capability_step_up,reveal_plus_4,capability_step_up,t4_capability_step_temporal,2.0,original,1.5,runs/m1674_controller_family_one_seed_public_pilot/configs/L2_window_50_current_tiled_seed167400.json,runs/m1674_controller_family_one_seed_public_pilot/profile_runs/L2_window_50_current_tiled/seed_167400/checkpoint.pt,True,True,False,False,False,best_off_track_variant,m1680-spec-0000::tw2::finish_original::max1.5::L2_window_50_current_tiled
m1680-spec-0000::tw2::finish_original::max1.5::L2_window_100,m1680-spec-0000::tw2::finish_original::max1.5,m1680-spec-0000,L2_window_100,T4,actuator_delay_step|capability_step_up,reveal_plus_4,capability_step_up,t4_capability_step_temporal,2.0,original,1.5,runs/m1674_controller_family_one_seed_public_pilot/configs/L2_window_100_seed167400.json,runs/m1674_controller_family_one_seed_public_pilot/profile_runs/L2_window_100/seed_167400/checkpoint.pt,True,True,False,False,False,best_off_track_variant,m1680-spec-0000::tw2::finish_original::max1.5::L2_window_100
m1680-spec-0000::tw2::finish_original::max1.5::L2_window_100_current_tiled,m1680-spec-0000::tw2::finish_original::max1.5,m1680-spec-0000,L2_window_100_current_tiled,T4,actuator_delay_step|capability_step_up,reveal_plus_4,capability_step_up,t4_capability_step_temporal,2.0,original,1.5,runs/m1674_controller_family_one_seed_public_pilot/configs/L2_window_100_current_tiled_seed167400.json,runs/m1674_controller_family_one_seed_public_pilot/profile_runs/L2_window_100_current_tiled/seed_167400/checkpoint.pt,True,True,False,False,False,best_off_track_variant,m1680-spec-0000::tw2::finish_original::max1.5::L2_window_100_current_tiled
m1680-spec-0000::tw2::finish_original::max1.5::L3_online_gru,m1680-spec-0000::tw2::finish_original::max1.5,m1680-spec-0000,L3_online_gru,T4,actuator_delay_step|capability_step_up,reveal_plus_4,capability_step_up,t4_capability_step_temporal,2.0,original,1.5,runs/m1674_controller_family_one_seed_public_pilot/configs/L3_online_gru_seed167400.json,runs/m1674_controller_family_one_seed_public_pilot/profile_runs/L3_online_gru/seed_167400/checkpoint.pt,True,True,False,False,False,best_off_track_variant,m1680-spec-0000::tw2::finish_original::max1.5::L3_online_gru
m1680-spec-0000::tw2::finish_original::max1.5::L3_reset_control_corrected,m1680-spec-0000::tw2::finish_original::max1.5,m1680-spec-0000,L3_reset_control_corrected,T4,actuator_delay_step|capability_step_up,reveal_plus_4,capability_step_up,t4_capability_step_temporal,2.0,original,1.5,runs/m1674_controller_family_one_seed_public_pilot/configs/L3_reset_control_corrected_seed167400.json,runs/m1674_controller_family_one_seed_public_pilot/profile_runs/L3_reset_control_corrected/seed_167400/checkpoint.pt,True,True,False,False,False,best_off_track_variant,m1680-spec-0000::tw2::finish_original::max1.5::L3_reset_control_corrected
m1680-spec-0000::tw2::finish_relaxed::max1::L0_current_masked,m1680-spec-0000::tw2::finish_relaxed::max1,m1680-spec-0000,L0_current_masked,T4,actuator_delay_step|capability_step_up,reveal_plus_4,capability_step_up,t4_capability_step_temporal,2.0,relaxed,1.0,runs/m1674_controller_family_one_seed_public_pilot/configs/L0_current_masked_seed167400.json,runs/m1674_controller_family_one_seed_public_pilot/profile_runs/L0_current_masked/seed_167400/checkpoint.pt,True,True,False,False,False,collision_control_wide_relaxed,m1680-spec-0000::tw2::finish_relaxed::max1::L0_current_masked
m1680-spec-0000::tw2::finish_relaxed::max1::L1_one_step,m1680-spec-0000::tw2::finish_relaxed::max1,m1680-spec-0000,L1_one_step,T4,actuator_delay_step|capability_step_up,reveal_plus_4,capability_step_up,t4_capability_step_temporal,2.0,relaxed,1.0,runs/m1674_controller_family_one_seed_public_pilot/configs/L1_one_step_seed167400.json,runs/m1674_controller_family_one_seed_public_pilot/profile_runs/L1_one_step/seed_167400/checkpoint.pt,True,True,False,False,False,collision_control_wide_relaxed,m1680-spec-0000::tw2::finish_relaxed::max1::L1_one_step
m1680-spec-0000::tw2::finish_relaxed::max1::L2_window_13,m1680-spec-0000::tw2::finish_relaxed::max1,m1680-spec-0000,L2_window_13,T4,actuator_delay_step|capability_step_up,reveal_plus_4,capability_step_up,t4_capability_step_temporal,2.0,relaxed,1.0,runs/m1674_controller_family_one_seed_public_pilot/configs/L2_window_13_seed167400.json,runs/m1674_controller_family_one_seed_public_pilot/profile_runs/L2_window_13/seed_167400/checkpoint.pt,True,True,False,False,False,collision_control_wide_relaxed,m1680-spec-0000::tw2::finish_relaxed::max1::L2_window_13
m1680-spec-0000::tw2::finish_relaxed::max1::L2_window_13_current_tiled,m1680-spec-0000::tw2::finish_relaxed::max1,m1680-spec-0000,L2_window_13_current_tiled,T4,actuator_delay_step|capability_step_up,reveal_plus_4,capability_step_up,t4_capability_step_temporal,2.0,relaxed,1.0,runs/m1674_controller_family_one_seed_public_pilot/configs/L2_window_13_current_tiled_seed167400.json,runs/m1674_controller_family_one_seed_public_pilot/profile_runs/L2_window_13_current_tiled/seed_167400/checkpoint.pt,True,True,False,False,False,collision_control_wide_relaxed,m1680-spec-0000::tw2::finish_relaxed::max1::L2_window_13_current_tiled
m1680-spec-0000::tw2::finish_relaxed::max1::L2_window_25,m1680-spec-0000::tw2::finish_relaxed::max1,m1680-spec-0000,L2_window_25,T4,actuator_delay_step|capability_step_up,reveal_plus_4,capability_step_up,t4_capability_step_temporal,2.0,relaxed,1.0,runs/m1674_controller_family_one_seed_public_pilot/configs/L2_window_25_seed167400.json,runs/m1674_controller_family_one_seed_public_pilot/profile_runs/L2_window_25/seed_167400/checkpoint.pt,True,True,False,False,False,collision_control_wide_relaxed,m1680-spec-0000::tw2::finish_relaxed::max1::L2_window_25
m1680-spec-0000::tw2::finish_relaxed::max1::L2_window_25_current_tiled,m1680-spec-0000::tw2::finish_relaxed::max1,m1680-spec-0000,L2_window_25_current_tiled,T4,actuator_delay_step|capability_step_up,reveal_plus_4,capability_step_up,t4_capability_step_temporal,2.0,relaxed,1.0,runs/m1674_controller_family_one_seed_public_pilot/configs/L2_window_25_current_tiled_seed167400.json,runs/m1674_controller_family_one_seed_public_pilot/profile_runs/L2_window_25_current_tiled/seed_167400/checkpoint.pt,True,True,False,False,False,collision_control_wide_relaxed,m1680-spec-0000::tw2::finish_relaxed::max1::L2_window_25_current_tiled
m1680-spec-0000::tw2::finish_relaxed::max1::L2_window_50,m1680-spec-0000::tw2::finish_relaxed::max1,m1680-spec-0000,L2_window_50,T4,actuator_delay_step|capability_step_up,reveal_plus_4,capability_step_up,t4_capability_step_temporal,2.0,relaxed,1.0,runs/m1674_controller_family_one_seed_public_pilot/configs/L2_window_50_seed167400.json,runs/m1674_controller_family_one_seed_public_pilot/profile_runs/L2_window_50/seed_167400/checkpoint.pt,True,True,False,False,False,collision_control_wide_relaxed,m1680-spec-0000::tw2::finish_relaxed::max1::L2_window_50
m1680-spec-0000::tw2::finish_relaxed::max1::L2_window_50_current_tiled,m1680-spec-0000::tw2::finish_relaxed::max1,m1680-spec-0000,L2_window_50_current_tiled,T4,actuator_delay_step|capability_step_up,reveal_plus_4,capability_step_up,t4_capability_step_temporal,2.0,relaxed,1.0,runs/m1674_controller_family_one_seed_public_pilot/configs/L2_window_50_current_tiled_seed167400.json,runs/m1674_controller_family_one_seed_public_pilot/profile_runs/L2_window_50_current_tiled/seed_167400/checkpoint.pt,True,True,False,False,False,collision_control_wide_relaxed,m1680-spec-0000::tw2::finish_relaxed::max1::L2_window_50_current_tiled
m1680-spec-0000::tw2::finish_relaxed::max1::L2_window_100,m1680-spec-0000::tw2::finish_relaxed::max1,m1680-spec-0000,L2_window_100,T4,actuator_delay_step|capability_step_up,reveal_plus_4,capability_step_up,t4_capability_step_temporal,2.0,relaxed,1.0,runs/m1674_controller_family_one_seed_public_pilot/configs/L2_window_100_seed167400.json,runs/m1674_controller_family_one_seed_public_pilot/profile_runs/L2_window_100/seed_167400/checkpoint.pt,True,True,False,False,False,collision_control_wide_relaxed,m1680-spec-0000::tw2::finish_relaxed::max1::L2_window_100
m1680-spec-0000::tw2::finish_relaxed::max1::L2_window_100_current_tiled,m1680-spec-0000::tw2::finish_relaxed::max1,m1680-spec-0000,L2_window_100_current_tiled,T4,actuator_delay_step|capability_step_up,reveal_plus_4,capability_step_up,t4_capability_step_temporal,2.0,relaxed,1.0,runs/m1674_controller_family_one_seed_public_pilot/configs/L2_window_100_current_tiled_seed167400.json,runs/m1674_controller_family_one_seed_public_pilot/profile_runs/L2_window_100_current_tiled/seed_167400/checkpoint.pt,True,True,False,False,False,collision_control_wide_relaxed,m1680-spec-0000::tw2::finish_relaxed::max1::L2_window_100_current_tiled
m1680-spec-0000::tw2::finish_relaxed::max1::L3_online_gru,m1680-spec-0000::tw2::finish_relaxed::max1,m1680-spec-0000,L3_online_gru,T4,actuator_delay_step|capability_step_up,reveal_plus_4,capability_step_up,t4_capability_step_temporal,2.0,relaxed,1.0,runs/m1674_controller_family_one_seed_public_pilot/configs/L3_online_gru_seed167400.json,runs/m1674_controller_family_one_seed_public_pilot/profile_runs/L3_online_gru/seed_167400/checkpoint.pt,True,True,False,False,False,collision_control_wide_relaxed,m1680-spec-0000::tw2::finish_relaxed::max1::L3_online_gru
m1680-spec-0000::tw2::finish_relaxed::max1::L3_reset_control_corrected,m1680-spec-0000::tw2::finish_relaxed::max1,m1680-spec-0000,L3_reset_control_corrected,T4,actuator_delay_step|capability_step_up,reveal_plus_4,capability_step_up,t4_capability_step_temporal,2.0,relaxed,1.0,runs/m1674_controller_family_one_seed_public_pilot/configs/L3_reset_control_corrected_seed167400.json,runs/m1674_controller_family_one_seed_public_pilot/profile_runs/L3_reset_control_corrected/seed_167400/checkpoint.pt,True,True,False,False,False,collision_control_wide_relaxed,m1680-spec-0000::tw2::finish_relaxed::max1::L3_reset_control_corrected
m1680-spec-0001::tw1::finish_original::max1::L0_current_masked,m1680-spec-0001::tw1::finish_original::max1,m1680-spec-0001,L0_current_masked,T4,actuator_delay_step|t4_capability_step_temporal,mapping_window_unspecified,actuator_delay_step,t4_actuator_delay_response,1.0,original,1.0,runs/m1674_controller_family_one_seed_public_pilot/configs/L0_current_masked_seed167400.json,runs/m1674_controller_family_one_seed_public_pilot/profile_runs/L0_current_masked/seed_167400/checkpoint.pt,True,True,False,False,False,original_axis_baseline,m1680-spec-0001::tw1::finish_original::max1::L0_current_masked
m1680-spec-0001::tw1::finish_original::max1::L1_one_step,m1680-spec-0001::tw1::finish_original::max1,m1680-spec-0001,L1_one_step,T4,actuator_delay_step|t4_capability_step_temporal,mapping_window_unspecified,actuator_delay_step,t4_actuator_delay_response,1.0,original,1.0,runs/m1674_controller_family_one_seed_public_pilot/configs/L1_one_step_seed167400.json,runs/m1674_controller_family_one_seed_public_pilot/profile_runs/L1_one_step/seed_167400/checkpoint.pt,True,True,False,False,False,original_axis_baseline,m1680-spec-0001::tw1::finish_original::max1::L1_one_step
m1680-spec-0001::tw1::finish_original::max1::L2_window_13,m1680-spec-0001::tw1::finish_original::max1,m1680-spec-0001,L2_window_13,T4,actuator_delay_step|t4_capability_step_temporal,mapping_window_unspecified,actuator_delay_step,t4_actuator_delay_response,1.0,original,1.0,runs/m1674_controller_family_one_seed_public_pilot/configs/L2_window_13_seed167400.json,runs/m1674_controller_family_one_seed_public_pilot/profile_runs/L2_window_13/seed_167400/checkpoint.pt,True,True,False,False,False,original_axis_baseline,m1680-spec-0001::tw1::finish_original::max1::L2_window_13
m1680-spec-0001::tw1::finish_original::max1::L2_window_13_current_tiled,m1680-spec-0001::tw1::finish_original::max1,m1680-spec-0001,L2_window_13_current_tiled,T4,actuator_delay_step|t4_capability_step_temporal,mapping_window_unspecified,actuator_delay_step,t4_actuator_delay_response,1.0,original,1.0,runs/m1674_controller_family_one_seed_public_pilot/configs/L2_window_13_current_tiled_seed167400.json,runs/m1674_controller_family_one_seed_public_pilot/profile_runs/L2_window_13_current_tiled/seed_167400/checkpoint.pt,True,True,False,False,False,original_axis_baseline,m1680-spec-0001::tw1::finish_original::max1::L2_window_13_current_tiled
m1680-spec-0001::tw1::finish_original::max1::L2_window_25,m1680-spec-0001::tw1::finish_original::max1,m1680-spec-0001,L2_window_25,T4,actuator_delay_step|t4_capability_step_temporal,mapping_window_unspecified,actuator_delay_step,t4_actuator_delay_response,1.0,original,1.0,runs/m1674_controller_family_one_seed_public_pilot/configs/L2_window_25_seed167400.json,runs/m1674_controller_family_one_seed_public_pilot/profile_runs/L2_window_25/seed_167400/checkpoint.pt,True,True,False,False,False,original_axis_baseline,m1680-spec-0001::tw1::finish_original::max1::L2_window_25
m1680-spec-0001::tw1::finish_original::max1::L2_window_25_current_tiled,m1680-spec-0001::tw1::finish_original::max1,m1680-spec-0001,L2_window_25_current_tiled,T4,actuator_delay_step|t4_capability_step_temporal,mapping_window_unspecified,actuator_delay_step,t4_actuator_delay_response,1.0,original,1.0,runs/m1674_controller_family_one_seed_public_pilot/configs/L2_window_25_current_tiled_seed167400.json,runs/m1674_controller_family_one_seed_public_pilot/profile_runs/L2_window_25_current_tiled/seed_167400/checkpoint.pt,True,True,False,False,False,original_axis_baseline,m1680-spec-0001::tw1::finish_original::max1::L2_window_25_current_tiled
m1680-spec-0001::tw1::finish_original::max1::L2_window_50,m1680-spec-0001::tw1::finish_original::max1,m1680-spec-0001,L2_window_50,T4,actuator_delay_step|t4_capability_step_temporal,mapping_window_unspecified,actuator_delay_step,t4_actuator_delay_response,1.0,original,1.0,runs/m1674_controller_family_one_seed_public_pilot/configs/L2_window_50_seed167400.json,runs/m1674_controller_family_one_seed_public_pilot/profile_runs/L2_window_50/seed_167400/checkpoint.pt,True,True,False,False,False,original_axis_baseline,m1680-spec-0001::tw1::finish_original::max1::L2_window_50
m1680-spec-0001::tw1::finish_original::max1::L2_window_50_current_tiled,m1680-spec-0001::tw1::finish_original::max1,m1680-spec-0001,L2_window_50_current_tiled,T4,actuator_delay_step|t4_capability_step_temporal,mapping_window_unspecified,actuator_delay_step,t4_actuator_delay_response,1.0,original,1.0,runs/m1674_controller_family_one_seed_public_pilot/configs/L2_window_50_current_tiled_seed167400.json,runs/m1674_controller_family_one_seed_public_pilot/profile_runs/L2_window_50_current_tiled/seed_167400/checkpoint.pt,True,True,False,False,False,original_axis_baseline,m1680-spec-0001::tw1::finish_original::max1::L2_window_50_current_tiled
m1680-spec-0001::tw1::finish_original::max1::L2_window_100,m1680-spec-0001::tw1::finish_original::max1,m1680-spec-0001,L2_window_100,T4,actuator_delay_step|t4_capability_step_temporal,mapping_window_unspecified,actuator_delay_step,t4_actuator_delay_response,1.0,original,1.0,runs/m1674_controller_family_one_seed_public_pilot/configs/L2_window_100_seed167400.json,runs/m1674_controller_family_one_seed_public_pilot/profile_runs/L2_window_100/seed_167400/checkpoint.pt,True,True,False,False,False,original_axis_baseline,m1680-spec-0001::tw1::finish_original::max1::L2_window_100
m1680-spec-0001::tw1::finish_original::max1::L2_window_100_current_tiled,m1680-spec-0001::tw1::finish_original::max1,m1680-spec-0001,L2_window_100_current_tiled,T4,actuator_delay_step|t4_capability_step_temporal,mapping_window_unspecified,actuator_delay_step,t4_actuator_delay_response,1.0,original,1.0,runs/m1674_controller_family_one_seed_public_pilot/configs/L2_window_100_current_tiled_seed167400.json,runs/m1674_controller_family_one_seed_public_pilot/profile_runs/L2_window_100_current_tiled/seed_167400/checkpoint.pt,True,True,False,False,False,original_axis_baseline,m1680-spec-0001::tw1::finish_original::max1::L2_window_100_current_tiled
m1680-spec-0001::tw1::finish_original::max1::L3_online_gru,m1680-spec-0001::tw1::finish_original::max1,m1680-spec-0001,L3_online_gru,T4,actuator_delay_step|t4_capability_step_temporal,mapping_window_unspecified,actuator_delay_step,t4_actuator_delay_response,1.0,original,1.0,runs/m1674_controller_family_one_seed_public_pilot/configs/L3_online_gru_seed167400.json,runs/m1674_controller_family_one_seed_public_pilot/profile_runs/L3_online_gru/seed_167400/checkpoint.pt,True,True,False,False,False,original_axis_baseline,m1680-spec-0001::tw1::finish_original::max1::L3_online_gru
m1680-spec-0001::tw1::finish_original::max1::L3_reset_control_corrected,m1680-spec-0001::tw1::finish_original::max1,m1680-spec-0001,L3_reset_control_corrected,T4,actuator_delay_step|t4_capability_step_temporal,mapping_window_unspecified,actuator_delay_step,t4_actuator_delay_response,1.0,original,1.0,runs/m1674_controller_family_one_seed_public_pilot/configs/L3_reset_control_corrected_seed167400.json,runs/m1674_controller_family_one_seed_public_pilot/profile_runs/L3_reset_control_corrected/seed_167400/checkpoint.pt,True,True,False,False,False,original_axis_baseline,m1680-spec-0001::tw1::finish_original::max1::L3_reset_control_corrected
m1680-spec-0001::tw1.5::finish_relaxed::max1.5::L0_current_masked,m1680-spec-0001::tw1.5::finish_relaxed::max1.5,m1680-spec-0001,L0_current_masked,T4,actuator_delay_step|t4_capability_step_temporal,mapping_window_unspecified,actuator_delay_step,t4_actuator_delay_response,1.5,relaxed,1.5,runs/m1674_controller_family_one_seed_public_pilot/configs/L0_current_masked_seed167400.json,runs/m1674_controller_family_one_seed_public_pilot/profile_runs/L0_current_masked/seed_167400/checkpoint.pt,True,True,False,False,False,mid_calibration_variant,m1680-spec-0001::tw1.5::finish_relaxed::max1.5::L0_current_masked
m1680-spec-0001::tw1.5::finish_relaxed::max1.5::L1_one_step,m1680-spec-0001::tw1.5::finish_relaxed::max1.5,m1680-spec-0001,L1_one_step,T4,actuator_delay_step|t4_capability_step_temporal,mapping_window_unspecified,actuator_delay_step,t4_actuator_delay_response,1.5,relaxed,1.5,runs/m1674_controller_family_one_seed_public_pilot/configs/L1_one_step_seed167400.json,runs/m1674_controller_family_one_seed_public_pilot/profile_runs/L1_one_step/seed_167400/checkpoint.pt,True,True,False,False,False,mid_calibration_variant,m1680-spec-0001::tw1.5::finish_relaxed::max1.5::L1_one_step
m1680-spec-0001::tw1.5::finish_relaxed::max1.5::L2_window_13,m1680-spec-0001::tw1.5::finish_relaxed::max1.5,m1680-spec-0001,L2_window_13,T4,actuator_delay_step|t4_capability_step_temporal,mapping_window_unspecified,actuator_delay_step,t4_actuator_delay_response,1.5,relaxed,1.5,runs/m1674_controller_family_one_seed_public_pilot/configs/L2_window_13_seed167400.json,runs/m1674_controller_family_one_seed_public_pilot/profile_runs/L2_window_13/seed_167400/checkpoint.pt,True,True,False,False,False,mid_calibration_variant,m1680-spec-0001::tw1.5::finish_relaxed::max1.5::L2_window_13
m1680-spec-0001::tw1.5::finish_relaxed::max1.5::L2_window_13_current_tiled,m1680-spec-0001::tw1.5::finish_relaxed::max1.5,m1680-spec-0001,L2_window_13_current_tiled,T4,actuator_delay_step|t4_capability_step_temporal,mapping_window_unspecified,actuator_delay_step,t4_actuator_delay_response,1.5,relaxed,1.5,runs/m1674_controller_family_one_seed_public_pilot/configs/L2_window_13_current_tiled_seed167400.json,runs/m1674_controller_family_one_seed_public_pilot/profile_runs/L2_window_13_current_tiled/seed_167400/checkpoint.pt,True,True,False,False,False,mid_calibration_variant,m1680-spec-0001::tw1.5::finish_relaxed::max1.5::L2_window_13_current_tiled
m1680-spec-0001::tw1.5::finish_relaxed::max1.5::L2_window_25,m1680-spec-0001::tw1.5::finish_relaxed::max1.5,m1680-spec-0001,L2_window_25,T4,actuator_delay_step|t4_capability_step_temporal,mapping_window_unspecified,actuator_delay_step,t4_actuator_delay_response,1.5,relaxed,1.5,runs/m1674_controller_family_one_seed_public_pilot/configs/L2_window_25_seed167400.json,runs/m1674_controller_family_one_seed_public_pilot/profile_runs/L2_window_25/seed_167400/checkpoint.pt,True,True,False,False,False,mid_calibration_variant,m1680-spec-0001::tw1.5::finish_relaxed::max1.5::L2_window_25
m1680-spec-0001::tw1.5::finish_relaxed::max1.5::L2_window_25_current_tiled,m1680-spec-0001::tw1.5::finish_relaxed::max1.5,m1680-spec-0001,L2_window_25_current_tiled,T4,actuator_delay_step|t4_capability_step_temporal,mapping_window_unspecified,actuator_delay_step,t4_actuator_delay_response,1.5,relaxed,1.5,runs/m1674_controller_family_one_seed_public_pilot/configs/L2_window_25_current_tiled_seed167400.json,runs/m1674_controller_family_one_seed_public_pilot/profile_runs/L2_window_25_current_tiled/seed_167400/checkpoint.pt,True,True,False,False,False,mid_calibration_variant,m1680-spec-0001::tw1.5::finish_relaxed::max1.5::L2_window_25_current_tiled
m1680-spec-0001::tw1.5::finish_relaxed::max1.5::L2_window_50,m1680-spec-0001::tw1.5::finish_relaxed::max1.5,m1680-spec-0001,L2_window_50,T4,actuator_delay_step|t4_capability_step_temporal,mapping_window_unspecified,actuator_delay_step,t4_actuator_delay_response,1.5,relaxed,1.5,runs/m1674_controller_family_one_seed_public_pilot/configs/L2_window_50_seed167400.json,runs/m1674_controller_family_one_seed_public_pilot/profile_runs/L2_window_50/seed_167400/checkpoint.pt,True,True,False,False,False,mid_calibration_variant,m1680-spec-0001::tw1.5::finish_relaxed::max1.5::L2_window_50
m1680-spec-0001::tw1.5::finish_relaxed::max1.5::L2_window_50_current_tiled,m1680-spec-0001::tw1.5::finish_relaxed::max1.5,m1680-spec-0001,L2_window_50_current_tiled,T4,actuator_delay_step|t4_capability_step_temporal,mapping_window_unspecified,actuator_delay_step,t4_actuator_delay_response,1.5,relaxed,1.5,runs/m1674_controller_family_one_seed_public_pilot/configs/L2_window_50_current_tiled_seed167400.json,runs/m1674_controller_family_one_seed_public_pilot/profile_runs/L2_window_50_current_tiled/seed_167400/checkpoint.pt,True,True,False,False,False,mid_calibration_variant,m1680-spec-0001::tw1.5::finish_relaxed::max1.5::L2_window_50_current_tiled
m1680-spec-0001::tw1.5::finish_relaxed::max1.5::L2_window_100,m1680-spec-0001::tw1.5::finish_relaxed::max1.5,m1680-spec-0001,L2_window_100,T4,actuator_delay_step|t4_capability_step_temporal,mapping_window_unspecified,actuator_delay_step,t4_actuator_delay_response,1.5,relaxed,1.5,runs/m1674_controller_family_one_seed_public_pilot/configs/L2_window_100_seed167400.json,runs/m1674_controller_family_one_seed_public_pilot/profile_runs/L2_window_100/seed_167400/checkpoint.pt,True,True,False,False,False,mid_calibration_variant,m1680-spec-0001::tw1.5::finish_relaxed::max1.5::L2_window_100
m1680-spec-0001::tw1.5::finish_relaxed::max1.5::L2_window_100_current_tiled,m1680-spec-0001::tw1.5::finish_relaxed::max1.5,m1680-spec-0001,L2_window_100_current_tiled,T4,actuator_delay_step|t4_capability_step_temporal,mapping_window_unspecified,actuator_delay_step,t4_actuator_delay_response,1.5,relaxed,1.5,runs/m1674_controller_family_one_seed_public_pilot/configs/L2_window_100_current_tiled_seed167400.json,runs/m1674_controller_family_one_seed_public_pilot/profile_runs/L2_window_100_current_tiled/seed_167400/checkpoint.pt,True,True,False,False,False,mid_calibration_variant,m1680-spec-0001::tw1.5::finish_relaxed::max1.5::L2_window_100_current_tiled
m1680-spec-0001::tw1.5::finish_relaxed::max1.5::L3_online_gru,m1680-spec-0001::tw1.5::finish_relaxed::max1.5,m1680-spec-0001,L3_online_gru,T4,actuator_delay_step|t4_capability_step_temporal,mapping_window_unspecified,actuator_delay_step,t4_actuator_delay_response,1.5,relaxed,1.5,runs/m1674_controller_family_one_seed_public_pilot/configs/L3_online_gru_seed167400.json,runs/m1674_controller_family_one_seed_public_pilot/profile_runs/L3_online_gru/seed_167400/checkpoint.pt,True,True,False,False,False,mid_calibration_variant,m1680-spec-0001::tw1.5::finish_relaxed::max1.5::L3_online_gru
m1680-spec-0001::tw1.5::finish_relaxed::max1.5::L3_reset_control_corrected,m1680-spec-0001::tw1.5::finish_relaxed::max1.5,m1680-spec-0001,L3_reset_control_corrected,T4,actuator_delay_step|t4_capability_step_temporal,mapping_window_unspecified,actuator_delay_step,t4_actuator_delay_response,1.5,relaxed,1.5,runs/m1674_controller_family_one_seed_public_pilot/configs/L3_reset_control_corrected_seed167400.json,runs/m1674_controller_family_one_seed_public_pilot/profile_runs/L3_reset_control_corrected/seed_167400/checkpoint.pt,True,True,False,False,False,mid_calibration_variant,m1680-spec-0001::tw1.5::finish_relaxed::max1.5::L3_reset_control_corrected
m1680-spec-0001::tw2::finish_original::max1.5::L0_current_masked,m1680-spec-0001::tw2::finish_original::max1.5,m1680-spec-0001,L0_current_masked,T4,actuator_delay_step|t4_capability_step_temporal,mapping_window_unspecified,actuator_delay_step,t4_actuator_delay_response,2.0,original,1.5,runs/m1674_controller_family_one_seed_public_pilot/configs/L0_current_masked_seed167400.json,runs/m1674_controller_family_one_seed_public_pilot/profile_runs/L0_current_masked/seed_167400/checkpoint.pt,True,True,False,False,False,best_off_track_variant,m1680-spec-0001::tw2::finish_original::max1.5::L0_current_masked
m1680-spec-0001::tw2::finish_original::max1.5::L1_one_step,m1680-spec-0001::tw2::finish_original::max1.5,m1680-spec-0001,L1_one_step,T4,actuator_delay_step|t4_capability_step_temporal,mapping_window_unspecified,actuator_delay_step,t4_actuator_delay_response,2.0,original,1.5,runs/m1674_controller_family_one_seed_public_pilot/configs/L1_one_step_seed167400.json,runs/m1674_controller_family_one_seed_public_pilot/profile_runs/L1_one_step/seed_167400/checkpoint.pt,True,True,False,False,False,best_off_track_variant,m1680-spec-0001::tw2::finish_original::max1.5::L1_one_step
m1680-spec-0001::tw2::finish_original::max1.5::L2_window_13,m1680-spec-0001::tw2::finish_original::max1.5,m1680-spec-0001,L2_window_13,T4,actuator_delay_step|t4_capability_step_temporal,mapping_window_unspecified,actuator_delay_step,t4_actuator_delay_response,2.0,original,1.5,runs/m1674_controller_family_one_seed_public_pilot/configs/L2_window_13_seed167400.json,runs/m1674_controller_family_one_seed_public_pilot/profile_runs/L2_window_13/seed_167400/checkpoint.pt,True,True,False,False,False,best_off_track_variant,m1680-spec-0001::tw2::finish_original::max1.5::L2_window_13
m1680-spec-0001::tw2::finish_original::max1.5::L2_window_13_current_tiled,m1680-spec-0001::tw2::finish_original::max1.5,m1680-spec-0001,L2_window_13_current_tiled,T4,actuator_delay_step|t4_capability_step_temporal,mapping_window_unspecified,actuator_delay_step,t4_actuator_delay_response,2.0,original,1.5,runs/m1674_controller_family_one_seed_public_pilot/configs/L2_window_13_current_tiled_seed167400.json,runs/m1674_controller_family_one_seed_public_pilot/profile_runs/L2_window_13_current_tiled/seed_167400/checkpoint.pt,True,True,False,False,False,best_off_track_variant,m1680-spec-0001::tw2::finish_original::max1.5::L2_window_13_current_tiled
m1680-spec-0001::tw2::finish_original::max1.5::L2_window_25,m1680-spec-0001::tw2::finish_original::max1.5,m1680-spec-0001,L2_window_25,T4,actuator_delay_step|t4_capability_step_temporal,mapping_window_unspecified,actuator_delay_step,t4_actuator_delay_response,2.0,original,1.5,runs/m1674_controller_family_one_seed_public_pilot/configs/L2_window_25_seed167400.json,runs/m1674_controller_family_one_seed_public_pilot/profile_runs/L2_window_25/seed_167400/checkpoint.pt,True,True,False,False,False,best_off_track_variant,m1680-spec-0001::tw2::finish_original::max1.5::L2_window_25
m1680-spec-0001::tw2::finish_original::max1.5::L2_window_25_current_tiled,m1680-spec-0001::tw2::finish_original::max1.5,m1680-spec-0001,L2_window_25_current_tiled,T4,actuator_delay_step|t4_capability_step_temporal,mapping_window_unspecified,actuator_delay_step,t4_actuator_delay_response,2.0,original,1.5,runs/m1674_controller_family_one_seed_public_pilot/configs/L2_window_25_current_tiled_seed167400.json,runs/m1674_controller_family_one_seed_public_pilot/profile_runs/L2_window_25_current_tiled/seed_167400/checkpoint.pt,True,True,False,False,False,best_off_track_variant,m1680-spec-0001::tw2::finish_original::max1.5::L2_window_25_current_tiled
m1680-spec-0001::tw2::finish_original::max1.5::L2_window_50,m1680-spec-0001::tw2::finish_original::max1.5,m1680-spec-0001,L2_window_50,T4,actuator_delay_step|t4_capability_step_temporal,mapping_window_unspecified,actuator_delay_step,t4_actuator_delay_response,2.0,original,1.5,runs/m1674_controller_family_one_seed_public_pilot/configs/L2_window_50_seed167400.json,runs/m1674_controller_family_one_seed_public_pilot/profile_runs/L2_window_50/seed_167400/checkpoint.pt,True,True,False,False,False,best_off_track_variant,m1680-spec-0001::tw2::finish_original::max1.5::L2_window_50
m1680-spec-0001::tw2::finish_original::max1.5::L2_window_50_current_tiled,m1680-spec-0001::tw2::finish_original::max1.5,m1680-spec-0001,L2_window_50_current_tiled,T4,actuator_delay_step|t4_capability_step_temporal,mapping_window_unspecified,actuator_delay_step,t4_actuator_delay_response,2.0,original,1.5,runs/m1674_controller_family_one_seed_public_pilot/configs/L2_window_50_current_tiled_seed167400.json,runs/m1674_controller_family_one_seed_public_pilot/profile_runs/L2_window_50_current_tiled/seed_167400/checkpoint.pt,True,True,False,False,False,best_off_track_variant,m1680-spec-0001::tw2::finish_original::max1.5::L2_window_50_current_tiled
m1680-spec-0001::tw2::finish_original::max1.5::L2_window_100,m1680-spec-0001::tw2::finish_original::max1.5,m1680-spec-0001,L2_window_100,T4,actuator_delay_step|t4_capability_step_temporal,mapping_window_unspecified,actuator_delay_step,t4_actuator_delay_response,2.0,original,1.5,runs/m1674_controller_family_one_seed_public_pilot/configs/L2_window_100_seed167400.json,runs/m1674_controller_family_one_seed_public_pilot/profile_runs/L2_window_100/seed_167400/checkpoint.pt,True,True,False,False,False,best_off_track_variant,m1680-spec-0001::tw2::finish_original::max1.5::L2_window_100
m1680-spec-0001::tw2::finish_original::max1.5::L2_window_100_current_tiled,m1680-spec-0001::tw2::finish_original::max1.5,m1680-spec-0001,L2_window_100_current_tiled,T4,actuator_delay_step|t4_capability_step_temporal,mapping_window_unspecified,actuator_delay_step,t4_actuator_delay_response,2.0,original,1.5,runs/m1674_controller_family_one_seed_public_pilot/configs/L2_window_100_current_tiled_seed167400.json,runs/m1674_controller_family_one_seed_public_pilot/profile_runs/L2_window_100_current_tiled/seed_167400/checkpoint.pt,True,True,False,False,False,best_off_track_variant,m1680-spec-0001::tw2::finish_original::max1.5::L2_window_100_current_tiled
m1680-spec-0001::tw2::finish_original::max1.5::L3_online_gru,m1680-spec-0001::tw2::finish_original::max1.5,m1680-spec-0001,L3_online_gru,T4,actuator_delay_step|t4_capability_step_temporal,mapping_window_unspecified,actuator_delay_step,t4_actuator_delay_response,2.0,original,1.5,runs/m1674_controller_family_one_seed_public_pilot/configs/L3_online_gru_seed167400.json,runs/m1674_controller_family_one_seed_public_pilot/profile_runs/L3_online_gru/seed_167400/checkpoint.pt,True,True,False,False,False,best_off_track_variant,m1680-spec-0001::tw2::finish_original::max1.5::L3_online_gru
m1680-spec-0001::tw2::finish_original::max1.5::L3_reset_control_corrected,m1680-spec-0001::tw2::finish_original::max1.5,m1680-spec-0001,L3_reset_control_corrected,T4,actuator_delay_step|t4_capability_step_temporal,mapping_window_unspecified,actuator_delay_step,t4_actuator_delay_response,2.0,original,1.5,runs/m1674_controller_family_one_seed_public_pilot/configs/L3_reset_control_corrected_seed167400.json,runs/m1674_controller_family_one_seed_public_pilot/profile_runs/L3_reset_control_corrected/seed_167400/checkpoint.pt,True,True,False,False,False,best_off_track_variant,m1680-spec-0001::tw2::finish_original::max1.5::L3_reset_control_corrected
m1680-spec-0001::tw2::finish_relaxed::max1::L0_current_masked,m1680-spec-0001::tw2::finish_relaxed::max1,m1680-spec-0001,L0_current_masked,T4,actuator_delay_step|t4_capability_step_temporal,mapping_window_unspecified,actuator_delay_step,t4_actuator_delay_response,2.0,relaxed,1.0,runs/m1674_controller_family_one_seed_public_pilot/configs/L0_current_masked_seed167400.json,runs/m1674_controller_family_one_seed_public_pilot/profile_runs/L0_current_masked/seed_167400/checkpoint.pt,True,True,False,False,False,collision_control_wide_relaxed,m1680-spec-0001::tw2::finish_relaxed::max1::L0_current_masked
m1680-spec-0001::tw2::finish_relaxed::max1::L1_one_step,m1680-spec-0001::tw2::finish_relaxed::max1,m1680-spec-0001,L1_one_step,T4,actuator_delay_step|t4_capability_step_temporal,mapping_window_unspecified,actuator_delay_step,t4_actuator_delay_response,2.0,relaxed,1.0,runs/m1674_controller_family_one_seed_public_pilot/configs/L1_one_step_seed167400.json,runs/m1674_controller_family_one_seed_public_pilot/profile_runs/L1_one_step/seed_167400/checkpoint.pt,True,True,False,False,False,collision_control_wide_relaxed,m1680-spec-0001::tw2::finish_relaxed::max1::L1_one_step
m1680-spec-0001::tw2::finish_relaxed::max1::L2_window_13,m1680-spec-0001::tw2::finish_relaxed::max1,m1680-spec-0001,L2_window_13,T4,actuator_delay_step|t4_capability_step_temporal,mapping_window_unspecified,actuator_delay_step,t4_actuator_delay_response,2.0,relaxed,1.0,runs/m1674_controller_family_one_seed_public_pilot/configs/L2_window_13_seed167400.json,runs/m1674_controller_family_one_seed_public_pilot/profile_runs/L2_window_13/seed_167400/checkpoint.pt,True,True,False,False,False,collision_control_wide_relaxed,m1680-spec-0001::tw2::finish_relaxed::max1::L2_window_13
m1680-spec-0001::tw2::finish_relaxed::max1::L2_window_13_current_tiled,m1680-spec-0001::tw2::finish_relaxed::max1,m1680-spec-0001,L2_window_13_current_tiled,T4,actuator_delay_step|t4_capability_step_temporal,mapping_window_unspecified,actuator_delay_step,t4_actuator_delay_response,2.0,relaxed,1.0,runs/m1674_controller_family_one_seed_public_pilot/configs/L2_window_13_current_tiled_seed167400.json,runs/m1674_controller_family_one_seed_public_pilot/profile_runs/L2_window_13_current_tiled/seed_167400/checkpoint.pt,True,True,False,False,False,collision_control_wide_relaxed,m1680-spec-0001::tw2::finish_relaxed::max1::L2_window_13_current_tiled
m1680-spec-0001::tw2::finish_relaxed::max1::L2_window_25,m1680-spec-0001::tw2::finish_relaxed::max1,m1680-spec-0001,L2_window_25,T4,actuator_delay_step|t4_capability_step_temporal,mapping_window_unspecified,actuator_delay_step,t4_actuator_delay_response,2.0,relaxed,1.0,runs/m1674_controller_family_one_seed_public_pilot/configs/L2_window_25_seed167400.json,runs/m1674_controller_family_one_seed_public_pilot/profile_runs/L2_window_25/seed_167400/checkpoint.pt,True,True,False,False,False,collision_control_wide_relaxed,m1680-spec-0001::tw2::finish_relaxed::max1::L2_window_25
m1680-spec-0001::tw2::finish_relaxed::max1::L2_window_25_current_tiled,m1680-spec-0001::tw2::finish_relaxed::max1,m1680-spec-0001,L2_window_25_current_tiled,T4,actuator_delay_step|t4_capability_step_temporal,mapping_window_unspecified,actuator_delay_step,t4_actuator_delay_response,2.0,relaxed,1.0,runs/m1674_controller_family_one_seed_public_pilot/configs/L2_window_25_current_tiled_seed167400.json,runs/m1674_controller_family_one_seed_public_pilot/profile_runs/L2_window_25_current_tiled/seed_167400/checkpoint.pt,True,True,False,False,False,collision_control_wide_relaxed,m1680-spec-0001::tw2::finish_relaxed::max1::L2_window_25_current_tiled
m1680-spec-0001::tw2::finish_relaxed::max1::L2_window_50,m1680-spec-0001::tw2::finish_relaxed::max1,m1680-spec-0001,L2_window_50,T4,actuator_delay_step|t4_capability_step_temporal,mapping_window_unspecified,actuator_delay_step,t4_actuator_delay_response,2.0,relaxed,1.0,runs/m1674_controller_family_one_seed_public_pilot/configs/L2_window_50_seed167400.json,runs/m1674_controller_family_one_seed_public_pilot/profile_runs/L2_window_50/seed_167400/checkpoint.pt,True,True,False,False,False,collision_control_wide_relaxed,m1680-spec-0001::tw2::finish_relaxed::max1::L2_window_50
m1680-spec-0001::tw2::finish_relaxed::max1::L2_window_50_current_tiled,m1680-spec-0001::tw2::finish_relaxed::max1,m1680-spec-0001,L2_window_50_current_tiled,T4,actuator_delay_step|t4_capability_step_temporal,mapping_window_unspecified,actuator_delay_step,t4_actuator_delay_response,2.0,relaxed,1.0,runs/m1674_controller_family_one_seed_public_pilot/configs/L2_window_50_current_tiled_seed167400.json,runs/m1674_controller_family_one_seed_public_pilot/profile_runs/L2_window_50_current_tiled/seed_167400/checkpoint.pt,True,True,False,False,False,collision_control_wide_relaxed,m1680-spec-0001::tw2::finish_relaxed::max1::L2_window_50_current_tiled
m1680-spec-0001::tw2::finish_relaxed::max1::L2_window_100,m1680-spec-0001::tw2::finish_relaxed::max1,m1680-spec-0001,L2_window_100,T4,actuator_delay_step|t4_capability_step_temporal,mapping_window_unspecified,actuator_delay_step,t4_actuator_delay_response,2.0,relaxed,1.0,runs/m1674_controller_family_one_seed_public_pilot/configs/L2_window_100_seed167400.json,runs/m1674_controller_family_one_seed_public_pilot/profile_runs/L2_window_100/seed_167400/checkpoint.pt,True,True,False,False,False,collision_control_wide_relaxed,m1680-spec-0001::tw2::finish_relaxed::max1::L2_window_100
m1680-spec-0001::tw2::finish_relaxed::max1::L2_window_100_current_tiled,m1680-spec-0001::tw2::finish_relaxed::max1,m1680-spec-0001,L2_window_100_current_tiled,T4,actuator_delay_step|t4_capability_step_temporal,mapping_window_unspecified,actuator_delay_step,t4_actuator_delay_response,2.0,relaxed,1.0,runs/m1674_controller_family_one_seed_public_pilot/configs/L2_window_100_current_tiled_seed167400.json,runs/m1674_controller_family_one_seed_public_pilot/profile_runs/L2_window_100_current_tiled/seed_167400/checkpoint.pt,True,True,False,False,False,collision_control_wide_relaxed,m1680-spec-0001::tw2::finish_relaxed::max1::L2_window_100_current_tiled
m1680-spec-0001::tw2::finish_relaxed::max1::L3_online_gru,m1680-spec-0001::tw2::finish_relaxed::max1,m1680-spec-0001,L3_online_gru,T4,actuator_delay_step|t4_capability_step_temporal,mapping_window_unspecified,actuator_delay_step,t4_actuator_delay_response,2.0,relaxed,1.0,runs/m1674_controller_family_one_seed_public_pilot/configs/L3_online_gru_seed167400.json,runs/m1674_controller_family_one_seed_public_pilot/profile_runs/L3_online_gru/seed_167400/checkpoint.pt,True,True,False,False,False,collision_control_wide_relaxed,m1680-spec-0001::tw2::finish_relaxed::max1::L3_online_gru
m1680-spec-0001::tw2::finish_relaxed::max1::L3_reset_control_corrected,m1680-spec-0001::tw2::finish_relaxed::max1,m1680-spec-0001,L3_reset_control_corrected,T4,actuator_delay_step|t4_capability_step_temporal,mapping_window_unspecified,actuator_delay_step,t4_actuator_delay_response,2.0,relaxed,1.0,runs/m1674_controller_family_one_seed_public_pilot/configs/L3_reset_control_corrected_seed167400.json,runs/m1674_controller_family_one_seed_public_pilot/profile_runs/L3_reset_control_corrected/seed_167400/checkpoint.pt,True,True,False,False,False,collision_control_wide_relaxed,m1680-spec-0001::tw2::finish_relaxed::max1::L3_reset_control_corrected
m1680-spec-0002::tw1::finish_original::max1::L0_current_masked,m1680-spec-0002::tw1::finish_original::max1,m1680-spec-0002,L0_current_masked,T4,capability_step_down|t4_actuator_delay_response,mapping_window_unspecified,capability_step_down,t4_capability_step_temporal,1.0,original,1.0,runs/m1674_controller_family_one_seed_public_pilot/configs/L0_current_masked_seed167400.json,runs/m1674_controller_family_one_seed_public_pilot/profile_runs/L0_current_masked/seed_167400/checkpoint.pt,True,True,False,False,False,original_axis_baseline,m1680-spec-0002::tw1::finish_original::max1::L0_current_masked
m1680-spec-0002::tw1::finish_original::max1::L1_one_step,m1680-spec-0002::tw1::finish_original::max1,m1680-spec-0002,L1_one_step,T4,capability_step_down|t4_actuator_delay_response,mapping_window_unspecified,capability_step_down,t4_capability_step_temporal,1.0,original,1.0,runs/m1674_controller_family_one_seed_public_pilot/configs/L1_one_step_seed167400.json,runs/m1674_controller_family_one_seed_public_pilot/profile_runs/L1_one_step/seed_167400/checkpoint.pt,True,True,False,False,False,original_axis_baseline,m1680-spec-0002::tw1::finish_original::max1::L1_one_step
m1680-spec-0002::tw1::finish_original::max1::L2_window_13,m1680-spec-0002::tw1::finish_original::max1,m1680-spec-0002,L2_window_13,T4,capability_step_down|t4_actuator_delay_response,mapping_window_unspecified,capability_step_down,t4_capability_step_temporal,1.0,original,1.0,runs/m1674_controller_family_one_seed_public_pilot/configs/L2_window_13_seed167400.json,runs/m1674_controller_family_one_seed_public_pilot/profile_runs/L2_window_13/seed_167400/checkpoint.pt,True,True,False,False,False,original_axis_baseline,m1680-spec-0002::tw1::finish_original::max1::L2_window_13
m1680-spec-0002::tw1::finish_original::max1::L2_window_13_current_tiled,m1680-spec-0002::tw1::finish_original::max1,m1680-spec-0002,L2_window_13_current_tiled,T4,capability_step_down|t4_actuator_delay_response,mapping_window_unspecified,capability_step_down,t4_capability_step_temporal,1.0,original,1.0,runs/m1674_controller_family_one_seed_public_pilot/configs/L2_window_13_current_tiled_seed167400.json,runs/m1674_controller_family_one_seed_public_pilot/profile_runs/L2_window_13_current_tiled/seed_167400/checkpoint.pt,True,True,False,False,False,original_axis_baseline,m1680-spec-0002::tw1::finish_original::max1::L2_window_13_current_tiled
m1680-spec-0002::tw1::finish_original::max1::L2_window_25,m1680-spec-0002::tw1::finish_original::max1,m1680-spec-0002,L2_window_25,T4,capability_step_down|t4_actuator_delay_response,mapping_window_unspecified,capability_step_down,t4_capability_step_temporal,1.0,original,1.0,runs/m1674_controller_family_one_seed_public_pilot/configs/L2_window_25_seed167400.json,runs/m1674_controller_family_one_seed_public_pilot/profile_runs/L2_window_25/seed_167400/checkpoint.pt,True,True,False,False,False,original_axis_baseline,m1680-spec-0002::tw1::finish_original::max1::L2_window_25
m1680-spec-0002::tw1::finish_original::max1::L2_window_25_current_tiled,m1680-spec-0002::tw1::finish_original::max1,m1680-spec-0002,L2_window_25_current_tiled,T4,capability_step_down|t4_actuator_delay_response,mapping_window_unspecified,capability_step_down,t4_capability_step_temporal,1.0,original,1.0,runs/m1674_controller_family_one_seed_public_pilot/configs/L2_window_25_current_tiled_seed167400.json,runs/m1674_controller_family_one_seed_public_pilot/profile_runs/L2_window_25_current_tiled/seed_167400/checkpoint.pt,True,True,False,False,False,original_axis_baseline,m1680-spec-0002::tw1::finish_original::max1::L2_window_25_current_tiled
m1680-spec-0002::tw1::finish_original::max1::L2_window_50,m1680-spec-0002::tw1::finish_original::max1,m1680-spec-0002,L2_window_50,T4,capability_step_down|t4_actuator_delay_response,mapping_window_unspecified,capability_step_down,t4_capability_step_temporal,1.0,original,1.0,runs/m1674_controller_family_one_seed_public_pilot/configs/L2_window_50_seed167400.json,runs/m1674_controller_family_one_seed_public_pilot/profile_runs/L2_window_50/seed_167400/checkpoint.pt,True,True,False,False,False,original_axis_baseline,m1680-spec-0002::tw1::finish_original::max1::L2_window_50
m1680-spec-0002::tw1::finish_original::max1::L2_window_50_current_tiled,m1680-spec-0002::tw1::finish_original::max1,m1680-spec-0002,L2_window_50_current_tiled,T4,capability_step_down|t4_actuator_delay_response,mapping_window_unspecified,capability_step_down,t4_capability_step_temporal,1.0,original,1.0,runs/m1674_controller_family_one_seed_public_pilot/configs/L2_window_50_current_tiled_seed167400.json,runs/m1674_controller_family_one_seed_public_pilot/profile_runs/L2_window_50_current_tiled/seed_167400/checkpoint.pt,True,True,False,False,False,original_axis_baseline,m1680-spec-0002::tw1::finish_original::max1::L2_window_50_current_tiled
m1680-spec-0002::tw1::finish_original::max1::L2_window_100,m1680-spec-0002::tw1::finish_original::max1,m1680-spec-0002,L2_window_100,T4,capability_step_down|t4_actuator_delay_response,mapping_window_unspecified,capability_step_down,t4_capability_step_temporal,1.0,original,1.0,runs/m1674_controller_family_one_seed_public_pilot/configs/L2_window_100_seed167400.json,runs/m1674_controller_family_one_seed_public_pilot/profile_runs/L2_window_100/seed_167400/checkpoint.pt,True,True,False,False,False,original_axis_baseline,m1680-spec-0002::tw1::finish_original::max1::L2_window_100
m1680-spec-0002::tw1::finish_original::max1::L2_window_100_current_tiled,m1680-spec-0002::tw1::finish_original::max1,m1680-spec-0002,L2_window_100_current_tiled,T4,capability_step_down|t4_actuator_delay_response,mapping_window_unspecified,capability_step_down,t4_capability_step_temporal,1.0,original,1.0,runs/m1674_controller_family_one_seed_public_pilot/configs/L2_window_100_current_tiled_seed167400.json,runs/m1674_controller_family_one_seed_public_pilot/profile_runs/L2_window_100_current_tiled/seed_167400/checkpoint.pt,True,True,False,False,False,original_axis_baseline,m1680-spec-0002::tw1::finish_original::max1::L2_window_100_current_tiled
m1680-spec-0002::tw1::finish_original::max1::L3_online_gru,m1680-spec-0002::tw1::finish_original::max1,m1680-spec-0002,L3_online_gru,T4,capability_step_down|t4_actuator_delay_response,mapping_window_unspecified,capability_step_down,t4_capability_step_temporal,1.0,original,1.0,runs/m1674_controller_family_one_seed_public_pilot/configs/L3_online_gru_seed167400.json,runs/m1674_controller_family_one_seed_public_pilot/profile_runs/L3_online_gru/seed_167400/checkpoint.pt,True,True,False,False,False,original_axis_baseline,m1680-spec-0002::tw1::finish_original::max1::L3_online_gru
m1680-spec-0002::tw1::finish_original::max1::L3_reset_control_corrected,m1680-spec-0002::tw1::finish_original::max1,m1680-spec-0002,L3_reset_control_corrected,T4,capability_step_down|t4_actuator_delay_response,mapping_window_unspecified,capability_step_down,t4_capability_step_temporal,1.0,original,1.0,runs/m1674_controller_family_one_seed_public_pilot/configs/L3_reset_control_corrected_seed167400.json,runs/m1674_controller_family_one_seed_public_pilot/profile_runs/L3_reset_control_corrected/seed_167400/checkpoint.pt,True,True,False,False,False,original_axis_baseline,m1680-spec-0002::tw1::finish_original::max1::L3_reset_control_corrected
m1680-spec-0002::tw1.5::finish_relaxed::max1.5::L0_current_masked,m1680-spec-0002::tw1.5::finish_relaxed::max1.5,m1680-spec-0002,L0_current_masked,T4,capability_step_down|t4_actuator_delay_response,mapping_window_unspecified,capability_step_down,t4_capability_step_temporal,1.5,relaxed,1.5,runs/m1674_controller_family_one_seed_public_pilot/configs/L0_current_masked_seed167400.json,runs/m1674_controller_family_one_seed_public_pilot/profile_runs/L0_current_masked/seed_167400/checkpoint.pt,True,True,False,False,False,mid_calibration_variant,m1680-spec-0002::tw1.5::finish_relaxed::max1.5::L0_current_masked
m1680-spec-0002::tw1.5::finish_relaxed::max1.5::L1_one_step,m1680-spec-0002::tw1.5::finish_relaxed::max1.5,m1680-spec-0002,L1_one_step,T4,capability_step_down|t4_actuator_delay_response,mapping_window_unspecified,capability_step_down,t4_capability_step_temporal,1.5,relaxed,1.5,runs/m1674_controller_family_one_seed_public_pilot/configs/L1_one_step_seed167400.json,runs/m1674_controller_family_one_seed_public_pilot/profile_runs/L1_one_step/seed_167400/checkpoint.pt,True,True,False,False,False,mid_calibration_variant,m1680-spec-0002::tw1.5::finish_relaxed::max1.5::L1_one_step
m1680-spec-0002::tw1.5::finish_relaxed::max1.5::L2_window_13,m1680-spec-0002::tw1.5::finish_relaxed::max1.5,m1680-spec-0002,L2_window_13,T4,capability_step_down|t4_actuator_delay_response,mapping_window_unspecified,capability_step_down,t4_capability_step_temporal,1.5,relaxed,1.5,runs/m1674_controller_family_one_seed_public_pilot/configs/L2_window_13_seed167400.json,runs/m1674_controller_family_one_seed_public_pilot/profile_runs/L2_window_13/seed_167400/checkpoint.pt,True,True,False,False,False,mid_calibration_variant,m1680-spec-0002::tw1.5::finish_relaxed::max1.5::L2_window_13
m1680-spec-0002::tw1.5::finish_relaxed::max1.5::L2_window_13_current_tiled,m1680-spec-0002::tw1.5::finish_relaxed::max1.5,m1680-spec-0002,L2_window_13_current_tiled,T4,capability_step_down|t4_actuator_delay_response,mapping_window_unspecified,capability_step_down,t4_capability_step_temporal,1.5,relaxed,1.5,runs/m1674_controller_family_one_seed_public_pilot/configs/L2_window_13_current_tiled_seed167400.json,runs/m1674_controller_family_one_seed_public_pilot/profile_runs/L2_window_13_current_tiled/seed_167400/checkpoint.pt,True,True,False,False,False,mid_calibration_variant,m1680-spec-0002::tw1.5::finish_relaxed::max1.5::L2_window_13_current_tiled
m1680-spec-0002::tw1.5::finish_relaxed::max1.5::L2_window_25,m1680-spec-0002::tw1.5::finish_relaxed::max1.5,m1680-spec-0002,L2_window_25,T4,capability_step_down|t4_actuator_delay_response,mapping_window_unspecified,capability_step_down,t4_capability_step_temporal,1.5,relaxed,1.5,runs/m1674_controller_family_one_seed_public_pilot/configs/L2_window_25_seed167400.json,runs/m1674_controller_family_one_seed_public_pilot/profile_runs/L2_window_25/seed_167400/checkpoint.pt,True,True,False,False,False,mid_calibration_variant,m1680-spec-0002::tw1.5::finish_relaxed::max1.5::L2_window_25
m1680-spec-0002::tw1.5::finish_relaxed::max1.5::L2_window_25_current_tiled,m1680-spec-0002::tw1.5::finish_relaxed::max1.5,m1680-spec-0002,L2_window_25_current_tiled,T4,capability_step_down|t4_actuator_delay_response,mapping_window_unspecified,capability_step_down,t4_capability_step_temporal,1.5,relaxed,1.5,runs/m1674_controller_family_one_seed_public_pilot/configs/L2_window_25_current_tiled_seed167400.json,runs/m1674_controller_family_one_seed_public_pilot/profile_runs/L2_window_25_current_tiled/seed_167400/checkpoint.pt,True,True,False,False,False,mid_calibration_variant,m1680-spec-0002::tw1.5::finish_relaxed::max1.5::L2_window_25_current_tiled
m1680-spec-0002::tw1.5::finish_relaxed::max1.5::L2_window_50,m1680-spec-0002::tw1.5::finish_relaxed::max1.5,m1680-spec-0002,L2_window_50,T4,capability_step_down|t4_actuator_delay_response,mapping_window_unspecified,capability_step_down,t4_capability_step_temporal,1.5,relaxed,1.5,runs/m1674_controller_family_one_seed_public_pilot/configs/L2_window_50_seed167400.json,runs/m1674_controller_family_one_seed_public_pilot/profile_runs/L2_window_50/seed_167400/checkpoint.pt,True,True,False,False,False,mid_calibration_variant,m1680-spec-0002::tw1.5::finish_relaxed::max1.5::L2_window_50
m1680-spec-0002::tw1.5::finish_relaxed::max1.5::L2_window_50_current_tiled,m1680-spec-0002::tw1.5::finish_relaxed::max1.5,m1680-spec-0002,L2_window_50_current_tiled,T4,capability_step_down|t4_actuator_delay_response,mapping_window_unspecified,capability_step_down,t4_capability_step_temporal,1.5,relaxed,1.5,runs/m1674_controller_family_one_seed_public_pilot/configs/L2_window_50_current_tiled_seed167400.json,runs/m1674_controller_family_one_seed_public_pilot/profile_runs/L2_window_50_current_tiled/seed_167400/checkpoint.pt,True,True,False,False,False,mid_calibration_variant,m1680-spec-0002::tw1.5::finish_relaxed::max1.5::L2_window_50_current_tiled
m1680-spec-0002::tw1.5::finish_relaxed::max1.5::L2_window_100,m1680-spec-0002::tw1.5::finish_relaxed::max1.5,m1680-spec-0002,L2_window_100,T4,capability_step_down|t4_actuator_delay_response,mapping_window_unspecified,capability_step_down,t4_capability_step_temporal,1.5,relaxed,1.5,runs/m1674_controller_family_one_seed_public_pilot/configs/L2_window_100_seed167400.json,runs/m1674_controller_family_one_seed_public_pilot/profile_runs/L2_window_100/seed_167400/checkpoint.pt,True,True,False,False,False,mid_calibration_variant,m1680-spec-0002::tw1.5::finish_relaxed::max1.5::L2_window_100
m1680-spec-0002::tw1.5::finish_relaxed::max1.5::L2_window_100_current_tiled,m1680-spec-0002::tw1.5::finish_relaxed::max1.5,m1680-spec-0002,L2_window_100_current_tiled,T4,capability_step_down|t4_actuator_delay_response,mapping_window_unspecified,capability_step_down,t4_capability_step_temporal,1.5,relaxed,1.5,runs/m1674_controller_family_one_seed_public_pilot/configs/L2_window_100_current_tiled_seed167400.json,runs/m1674_controller_family_one_seed_public_pilot/profile_runs/L2_window_100_current_tiled/seed_167400/checkpoint.pt,True,True,False,False,False,mid_calibration_variant,m1680-spec-0002::tw1.5::finish_relaxed::max1.5::L2_window_100_current_tiled
m1680-spec-0002::tw1.5::finish_relaxed::max1.5::L3_online_gru,m1680-spec-0002::tw1.5::finish_relaxed::max1.5,m1680-spec-0002,L3_online_gru,T4,capability_step_down|t4_actuator_delay_response,mapping_window_unspecified,capability_step_down,t4_capability_step_temporal,1.5,relaxed,1.5,runs/m1674_controller_family_one_seed_public_pilot/configs/L3_online_gru_seed167400.json,runs/m1674_controller_family_one_seed_public_pilot/profile_runs/L3_online_gru/seed_167400/checkpoint.pt,True,True,False,False,False,mid_calibration_variant,m1680-spec-0002::tw1.5::finish_relaxed::max1.5::L3_online_gru
m1680-spec-0002::tw1.5::finish_relaxed::max1.5::L3_reset_control_corrected,m1680-spec-0002::tw1.5::finish_relaxed::max1.5,m1680-spec-0002,L3_reset_control_corrected,T4,capability_step_down|t4_actuator_delay_response,mapping_window_unspecified,capability_step_down,t4_capability_step_temporal,1.5,relaxed,1.5,runs/m1674_controller_family_one_seed_public_pilot/configs/L3_reset_control_corrected_seed167400.json,runs/m1674_controller_family_one_seed_public_pilot/profile_runs/L3_reset_control_corrected/seed_167400/checkpoint.pt,True,True,False,False,False,mid_calibration_variant,m1680-spec-0002::tw1.5::finish_relaxed::max1.5::L3_reset_control_corrected
m1680-spec-0002::tw2::finish_original::max1.5::L0_current_masked,m1680-spec-0002::tw2::finish_original::max1.5,m1680-spec-0002,L0_current_masked,T4,capability_step_down|t4_actuator_delay_response,mapping_window_unspecified,capability_step_down,t4_capability_step_temporal,2.0,original,1.5,runs/m1674_controller_family_one_seed_public_pilot/configs/L0_current_masked_seed167400.json,runs/m1674_controller_family_one_seed_public_pilot/profile_runs/L0_current_masked/seed_167400/checkpoint.pt,True,True,False,False,False,best_off_track_variant,m1680-spec-0002::tw2::finish_original::max1.5::L0_current_masked
m1680-spec-0002::tw2::finish_original::max1.5::L1_one_step,m1680-spec-0002::tw2::finish_original::max1.5,m1680-spec-0002,L1_one_step,T4,capability_step_down|t4_actuator_delay_response,mapping_window_unspecified,capability_step_down,t4_capability_step_temporal,2.0,original,1.5,runs/m1674_controller_family_one_seed_public_pilot/configs/L1_one_step_seed167400.json,runs/m1674_controller_family_one_seed_public_pilot/profile_runs/L1_one_step/seed_167400/checkpoint.pt,True,True,False,False,False,best_off_track_variant,m1680-spec-0002::tw2::finish_original::max1.5::L1_one_step
m1680-spec-0002::tw2::finish_original::max1.5::L2_window_13,m1680-spec-0002::tw2::finish_original::max1.5,m1680-spec-0002,L2_window_13,T4,capability_step_down|t4_actuator_delay_response,mapping_window_unspecified,capability_step_down,t4_capability_step_temporal,2.0,original,1.5,runs/m1674_controller_family_one_seed_public_pilot/configs/L2_window_13_seed167400.json,runs/m1674_controller_family_one_seed_public_pilot/profile_runs/L2_window_13/seed_167400/checkpoint.pt,True,True,False,False,False,best_off_track_variant,m1680-spec-0002::tw2::finish_original::max1.5::L2_window_13
m1680-spec-0002::tw2::finish_original::max1.5::L2_window_13_current_tiled,m1680-spec-0002::tw2::finish_original::max1.5,m1680-spec-0002,L2_window_13_current_tiled,T4,capability_step_down|t4_actuator_delay_response,mapping_window_unspecified,capability_step_down,t4_capability_step_temporal,2.0,original,1.5,runs/m1674_controller_family_one_seed_public_pilot/configs/L2_window_13_current_tiled_seed167400.json,runs/m1674_controller_family_one_seed_public_pilot/profile_runs/L2_window_13_current_tiled/seed_167400/checkpoint.pt,True,True,False,False,False,best_off_track_variant,m1680-spec-0002::tw2::finish_original::max1.5::L2_window_13_current_tiled
m1680-spec-0002::tw2::finish_original::max1.5::L2_window_25,m1680-spec-0002::tw2::finish_original::max1.5,m1680-spec-0002,L2_window_25,T4,capability_step_down|t4_actuator_delay_response,mapping_window_unspecified,capability_step_down,t4_capability_step_temporal,2.0,original,1.5,runs/m1674_controller_family_one_seed_public_pilot/configs/L2_window_25_seed167400.json,runs/m1674_controller_family_one_seed_public_pilot/profile_runs/L2_window_25/seed_167400/checkpoint.pt,True,True,False,False,False,best_off_track_variant,m1680-spec-0002::tw2::finish_original::max1.5::L2_window_25
m1680-spec-0002::tw2::finish_original::max1.5::L2_window_25_current_tiled,m1680-spec-0002::tw2::finish_original::max1.5,m1680-spec-0002,L2_window_25_current_tiled,T4,capability_step_down|t4_actuator_delay_response,mapping_window_unspecified,capability_step_down,t4_capability_step_temporal,2.0,original,1.5,runs/m1674_controller_family_one_seed_public_pilot/configs/L2_window_25_current_tiled_seed167400.json,runs/m1674_controller_family_one_seed_public_pilot/profile_runs/L2_window_25_current_tiled/seed_167400/checkpoint.pt,True,True,False,False,False,best_off_track_variant,m1680-spec-0002::tw2::finish_original::max1.5::L2_window_25_current_tiled
m1680-spec-0002::tw2::finish_original::max1.5::L2_window_50,m1680-spec-0002::tw2::finish_original::max1.5,m1680-spec-0002,L2_window_50,T4,capability_step_down|t4_actuator_delay_response,mapping_window_unspecified,capability_step_down,t4_capability_step_temporal,2.0,original,1.5,runs/m1674_controller_family_one_seed_public_pilot/configs/L2_window_50_seed167400.json,runs/m1674_controller_family_one_seed_public_pilot/profile_runs/L2_window_50/seed_167400/checkpoint.pt,True,True,False,False,False,best_off_track_variant,m1680-spec-0002::tw2::finish_original::max1.5::L2_window_50
m1680-spec-0002::tw2::finish_original::max1.5::L2_window_50_current_tiled,m1680-spec-0002::tw2::finish_original::max1.5,m1680-spec-0002,L2_window_50_current_tiled,T4,capability_step_down|t4_actuator_delay_response,mapping_window_unspecified,capability_step_down,t4_capability_step_temporal,2.0,original,1.5,runs/m1674_controller_family_one_seed_public_pilot/configs/L2_window_50_current_tiled_seed167400.json,runs/m1674_controller_family_one_seed_public_pilot/profile_runs/L2_window_50_current_tiled/seed_167400/checkpoint.pt,True,True,False,False,False,best_off_track_variant,m1680-spec-0002::tw2::finish_original::max1.5::L2_window_50_current_tiled
m1680-spec-0002::tw2::finish_original::max1.5::L2_window_100,m1680-spec-0002::tw2::finish_original::max1.5,m1680-spec-0002,L2_window_100,T4,capability_step_down|t4_actuator_delay_response,mapping_window_unspecified,capability_step_down,t4_capability_step_temporal,2.0,original,1.5,runs/m1674_controller_family_one_seed_public_pilot/configs/L2_window_100_seed167400.json,runs/m1674_controller_family_one_seed_public_pilot/profile_runs/L2_window_100/seed_167400/checkpoint.pt,True,True,False,False,False,best_off_track_variant,m1680-spec-0002::tw2::finish_original::max1.5::L2_window_100
m1680-spec-0002::tw2::finish_original::max1.5::L2_window_100_current_tiled,m1680-spec-0002::tw2::finish_original::max1.5,m1680-spec-0002,L2_window_100_current_tiled,T4,capability_step_down|t4_actuator_delay_response,mapping_window_unspecified,capability_step_down,t4_capability_step_temporal,2.0,original,1.5,runs/m1674_controller_family_one_seed_public_pilot/configs/L2_window_100_current_tiled_seed167400.json,runs/m1674_controller_family_one_seed_public_pilot/profile_runs/L2_window_100_current_tiled/seed_167400/checkpoint.pt,True,True,False,False,False,best_off_track_variant,m1680-spec-0002::tw2::finish_original::max1.5::L2_window_100_current_tiled
m1680-spec-0002::tw2::finish_original::max1.5::L3_online_gru,m1680-spec-0002::tw2::finish_original::max1.5,m1680-spec-0002,L3_online_gru,T4,capability_step_down|t4_actuator_delay_response,mapping_window_unspecified,capability_step_down,t4_capability_step_temporal,2.0,original,1.5,runs/m1674_controller_family_one_seed_public_pilot/configs/L3_online_gru_seed167400.json,runs/m1674_controller_family_one_seed_public_pilot/profile_runs/L3_online_gru/seed_167400/checkpoint.pt,True,True,False,False,False,best_off_track_variant,m1680-spec-0002::tw2::finish_original::max1.5::L3_online_gru
m1680-spec-0002::tw2::finish_original::max1.5::L3_reset_control_corrected,m1680-spec-0002::tw2::finish_original::max1.5,m1680-spec-0002,L3_reset_control_corrected,T4,capability_step_down|t4_actuator_delay_response,mapping_window_unspecified,capability_step_down,t4_capability_step_temporal,2.0,original,1.5,runs/m1674_controller_family_one_seed_public_pilot/configs/L3_reset_control_corrected_seed167400.json,runs/m1674_controller_family_one_seed_public_pilot/profile_runs/L3_reset_control_corrected/seed_167400/checkpoint.pt,True,True,False,False,False,best_off_track_variant,m1680-spec-0002::tw2::finish_original::max1.5::L3_reset_control_corrected
m1680-spec-0002::tw2::finish_relaxed::max1::L0_current_masked,m1680-spec-0002::tw2::finish_relaxed::max1,m1680-spec-0002,L0_current_masked,T4,capability_step_down|t4_actuator_delay_response,mapping_window_unspecified,capability_step_down,t4_capability_step_temporal,2.0,relaxed,1.0,runs/m1674_controller_family_one_seed_public_pilot/configs/L0_current_masked_seed167400.json,runs/m1674_controller_family_one_seed_public_pilot/profile_runs/L0_current_masked/seed_167400/checkpoint.pt,True,True,False,False,False,collision_control_wide_relaxed,m1680-spec-0002::tw2::finish_relaxed::max1::L0_current_masked
m1680-spec-0002::tw2::finish_relaxed::max1::L1_one_step,m1680-spec-0002::tw2::finish_relaxed::max1,m1680-spec-0002,L1_one_step,T4,capability_step_down|t4_actuator_delay_response,mapping_window_unspecified,capability_step_down,t4_capability_step_temporal,2.0,relaxed,1.0,runs/m1674_controller_family_one_seed_public_pilot/configs/L1_one_step_seed167400.json,runs/m1674_controller_family_one_seed_public_pilot/profile_runs/L1_one_step/seed_167400/checkpoint.pt,True,True,False,False,False,collision_control_wide_relaxed,m1680-spec-0002::tw2::finish_relaxed::max1::L1_one_step
m1680-spec-0002::tw2::finish_relaxed::max1::L2_window_13,m1680-spec-0002::tw2::finish_relaxed::max1,m1680-spec-0002,L2_window_13,T4,capability_step_down|t4_actuator_delay_response,mapping_window_unspecified,capability_step_down,t4_capability_step_temporal,2.0,relaxed,1.0,runs/m1674_controller_family_one_seed_public_pilot/configs/L2_window_13_seed167400.json,runs/m1674_controller_family_one_seed_public_pilot/profile_runs/L2_window_13/seed_167400/checkpoint.pt,True,True,False,False,False,collision_control_wide_relaxed,m1680-spec-0002::tw2::finish_relaxed::max1::L2_window_13
m1680-spec-0002::tw2::finish_relaxed::max1::L2_window_13_current_tiled,m1680-spec-0002::tw2::finish_relaxed::max1,m1680-spec-0002,L2_window_13_current_tiled,T4,capability_step_down|t4_actuator_delay_response,mapping_window_unspecified,capability_step_down,t4_capability_step_temporal,2.0,relaxed,1.0,runs/m1674_controller_family_one_seed_public_pilot/configs/L2_window_13_current_tiled_seed167400.json,runs/m1674_controller_family_one_seed_public_pilot/profile_runs/L2_window_13_current_tiled/seed_167400/checkpoint.pt,True,True,False,False,False,collision_control_wide_relaxed,m1680-spec-0002::tw2::finish_relaxed::max1::L2_window_13_current_tiled
m1680-spec-0002::tw2::finish_relaxed::max1::L2_window_25,m1680-spec-0002::tw2::finish_relaxed::max1,m1680-spec-0002,L2_window_25,T4,capability_step_down|t4_actuator_delay_response,mapping_window_unspecified,capability_step_down,t4_capability_step_temporal,2.0,relaxed,1.0,runs/m1674_controller_family_one_seed_public_pilot/configs/L2_window_25_seed167400.json,runs/m1674_controller_family_one_seed_public_pilot/profile_runs/L2_window_25/seed_167400/checkpoint.pt,True,True,False,False,False,collision_control_wide_relaxed,m1680-spec-0002::tw2::finish_relaxed::max1::L2_window_25
m1680-spec-0002::tw2::finish_relaxed::max1::L2_window_25_current_tiled,m1680-spec-0002::tw2::finish_relaxed::max1,m1680-spec-0002,L2_window_25_current_tiled,T4,capability_step_down|t4_actuator_delay_response,mapping_window_unspecified,capability_step_down,t4_capability_step_temporal,2.0,relaxed,1.0,runs/m1674_controller_family_one_seed_public_pilot/configs/L2_window_25_current_tiled_seed167400.json,runs/m1674_controller_family_one_seed_public_pilot/profile_runs/L2_window_25_current_tiled/seed_167400/checkpoint.pt,True,True,False,False,False,collision_control_wide_relaxed,m1680-spec-0002::tw2::finish_relaxed::max1::L2_window_25_current_tiled
m1680-spec-0002::tw2::finish_relaxed::max1::L2_window_50,m1680-spec-0002::tw2::finish_relaxed::max1,m1680-spec-0002,L2_window_50,T4,capability_step_down|t4_actuator_delay_response,mapping_window_unspecified,capability_step_down,t4_capability_step_temporal,2.0,relaxed,1.0,runs/m1674_controller_family_one_seed_public_pilot/configs/L2_window_50_seed167400.json,runs/m1674_controller_family_one_seed_public_pilot/profile_runs/L2_window_50/seed_167400/checkpoint.pt,True,True,False,False,False,collision_control_wide_relaxed,m1680-spec-0002::tw2::finish_relaxed::max1::L2_window_50
m1680-spec-0002::tw2::finish_relaxed::max1::L2_window_50_current_tiled,m1680-spec-0002::tw2::finish_relaxed::max1,m1680-spec-0002,L2_window_50_current_tiled,T4,capability_step_down|t4_actuator_delay_response,mapping_window_unspecified,capability_step_down,t4_capability_step_temporal,2.0,relaxed,1.0,runs/m1674_controller_family_one_seed_public_pilot/configs/L2_window_50_current_tiled_seed167400.json,runs/m1674_controller_family_one_seed_public_pilot/profile_runs/L2_window_50_current_tiled/seed_167400/checkpoint.pt,True,True,False,False,False,collision_control_wide_relaxed,m1680-spec-0002::tw2::finish_relaxed::max1::L2_window_50_current_tiled
m1680-spec-0002::tw2::finish_relaxed::max1::L2_window_100,m1680-spec-0002::tw2::finish_relaxed::max1,m1680-spec-0002,L2_window_100,T4,capability_step_down|t4_actuator_delay_response,mapping_window_unspecified,capability_step_down,t4_capability_step_temporal,2.0,relaxed,1.0,runs/m1674_controller_family_one_seed_public_pilot/configs/L2_window_100_seed167400.json,runs/m1674_controller_family_one_seed_public_pilot/profile_runs/L2_window_100/seed_167400/checkpoint.pt,True,True,False,False,False,collision_control_wide_relaxed,m1680-spec-0002::tw2::finish_relaxed::max1::L2_window_100
m1680-spec-0002::tw2::finish_relaxed::max1::L2_window_100_current_tiled,m1680-spec-0002::tw2::finish_relaxed::max1,m1680-spec-0002,L2_window_100_current_tiled,T4,capability_step_down|t4_actuator_delay_response,mapping_window_unspecified,capability_step_down,t4_capability_step_temporal,2.0,relaxed,1.0,runs/m1674_controller_family_one_seed_public_pilot/configs/L2_window_100_current_tiled_seed167400.json,runs/m1674_controller_family_one_seed_public_pilot/profile_runs/L2_window_100_current_tiled/seed_167400/checkpoint.pt,True,True,False,False,False,collision_control_wide_relaxed,m1680-spec-0002::tw2::finish_relaxed::max1::L2_window_100_current_tiled
m1680-spec-0002::tw2::finish_relaxed::max1::L3_online_gru,m1680-spec-0002::tw2::finish_relaxed::max1,m1680-spec-0002,L3_online_gru,T4,capability_step_down|t4_actuator_delay_response,mapping_window_unspecified,capability_step_down,t4_capability_step_temporal,2.0,relaxed,1.0,runs/m1674_controller_family_one_seed_public_pilot/configs/L3_online_gru_seed167400.json,runs/m1674_controller_family_one_seed_public_pilot/profile_runs/L3_online_gru/seed_167400/checkpoint.pt,True,True,False,False,False,collision_control_wide_relaxed,m1680-spec-0002::tw2::finish_relaxed::max1::L3_online_gru
m1680-spec-0002::tw2::finish_relaxed::max1::L3_reset_control_corrected,m1680-spec-0002::tw2::finish_relaxed::max1,m1680-spec-0002,L3_reset_control_corrected,T4,capability_step_down|t4_actuator_delay_response,mapping_window_unspecified,capability_step_down,t4_capability_step_temporal,2.0,relaxed,1.0,runs/m1674_controller_family_one_seed_public_pilot/configs/L3_reset_control_corrected_seed167400.json,runs/m1674_controller_family_one_seed_public_pilot/profile_runs/L3_reset_control_corrected/seed_167400/checkpoint.pt,True,True,False,False,False,collision_control_wide_relaxed,m1680-spec-0002::tw2::finish_relaxed::max1::L3_reset_control_corrected
m1680-spec-0003::tw1::finish_original::max1::L0_current_masked,m1680-spec-0003::tw1::finish_original::max1,m1680-spec-0003,L0_current_masked,T4,t4_actuator_delay_response|actuator_delay_step,mapping_window_unspecified,t4_actuator_delay_response,t4_actuator_delay_response,1.0,original,1.0,runs/m1674_controller_family_one_seed_public_pilot/configs/L0_current_masked_seed167400.json,runs/m1674_controller_family_one_seed_public_pilot/profile_runs/L0_current_masked/seed_167400/checkpoint.pt,True,True,False,False,False,original_axis_baseline,m1680-spec-0003::tw1::finish_original::max1::L0_current_masked
m1680-spec-0003::tw1::finish_original::max1::L1_one_step,m1680-spec-0003::tw1::finish_original::max1,m1680-spec-0003,L1_one_step,T4,t4_actuator_delay_response|actuator_delay_step,mapping_window_unspecified,t4_actuator_delay_response,t4_actuator_delay_response,1.0,original,1.0,runs/m1674_controller_family_one_seed_public_pilot/configs/L1_one_step_seed167400.json,runs/m1674_controller_family_one_seed_public_pilot/profile_runs/L1_one_step/seed_167400/checkpoint.pt,True,True,False,False,False,original_axis_baseline,m1680-spec-0003::tw1::finish_original::max1::L1_one_step
m1680-spec-0003::tw1::finish_original::max1::L2_window_13,m1680-spec-0003::tw1::finish_original::max1,m1680-spec-0003,L2_window_13,T4,t4_actuator_delay_response|actuator_delay_step,mapping_window_unspecified,t4_actuator_delay_response,t4_actuator_delay_response,1.0,original,1.0,runs/m1674_controller_family_one_seed_public_pilot/configs/L2_window_13_seed167400.json,runs/m1674_controller_family_one_seed_public_pilot/profile_runs/L2_window_13/seed_167400/checkpoint.pt,True,True,False,False,False,original_axis_baseline,m1680-spec-0003::tw1::finish_original::max1::L2_window_13
m1680-spec-0003::tw1::finish_original::max1::L2_window_13_current_tiled,m1680-spec-0003::tw1::finish_original::max1,m1680-spec-0003,L2_window_13_current_tiled,T4,t4_actuator_delay_response|actuator_delay_step,mapping_window_unspecified,t4_actuator_delay_response,t4_actuator_delay_response,1.0,original,1.0,runs/m1674_controller_family_one_seed_public_pilot/configs/L2_window_13_current_tiled_seed167400.json,runs/m1674_controller_family_one_seed_public_pilot/profile_runs/L2_window_13_current_tiled/seed_167400/checkpoint.pt,True,True,False,False,False,original_axis_baseline,m1680-spec-0003::tw1::finish_original::max1::L2_window_13_current_tiled
m1680-spec-0003::tw1::finish_original::max1::L2_window_25,m1680-spec-0003::tw1::finish_original::max1,m1680-spec-0003,L2_window_25,T4,t4_actuator_delay_response|actuator_delay_step,mapping_window_unspecified,t4_actuator_delay_response,t4_actuator_delay_response,1.0,original,1.0,runs/m1674_controller_family_one_seed_public_pilot/configs/L2_window_25_seed167400.json,runs/m1674_controller_family_one_seed_public_pilot/profile_runs/L2_window_25/seed_167400/checkpoint.pt,True,True,False,False,False,original_axis_baseline,m1680-spec-0003::tw1::finish_original::max1::L2_window_25
m1680-spec-0003::tw1::finish_original::max1::L2_window_25_current_tiled,m1680-spec-0003::tw1::finish_original::max1,m1680-spec-0003,L2_window_25_current_tiled,T4,t4_actuator_delay_response|actuator_delay_step,mapping_window_unspecified,t4_actuator_delay_response,t4_actuator_delay_response,1.0,original,1.0,runs/m1674_controller_family_one_seed_public_pilot/configs/L2_window_25_current_tiled_seed167400.json,runs/m1674_controller_family_one_seed_public_pilot/profile_runs/L2_window_25_current_tiled/seed_167400/checkpoint.pt,True,True,False,False,False,original_axis_baseline,m1680-spec-0003::tw1::finish_original::max1::L2_window_25_current_tiled
m1680-spec-0003::tw1::finish_original::max1::L2_window_50,m1680-spec-0003::tw1::finish_original::max1,m1680-spec-0003,L2_window_50,T4,t4_actuator_delay_response|actuator_delay_step,mapping_window_unspecified,t4_actuator_delay_response,t4_actuator_delay_response,1.0,original,1.0,runs/m1674_controller_family_one_seed_public_pilot/configs/L2_window_50_seed167400.json,runs/m1674_controller_family_one_seed_public_pilot/profile_runs/L2_window_50/seed_167400/checkpoint.pt,True,True,False,False,False,original_axis_baseline,m1680-spec-0003::tw1::finish_original::max1::L2_window_50
m1680-spec-0003::tw1::finish_original::max1::L2_window_50_current_tiled,m1680-spec-0003::tw1::finish_original::max1,m1680-spec-0003,L2_window_50_current_tiled,T4,t4_actuator_delay_response|actuator_delay_step,mapping_window_unspecified,t4_actuator_delay_response,t4_actuator_delay_response,1.0,original,1.0,runs/m1674_controller_family_one_seed_public_pilot/configs/L2_window_50_current_tiled_seed167400.json,runs/m1674_controller_family_one_seed_public_pilot/profile_runs/L2_window_50_current_tiled/seed_167400/checkpoint.pt,True,True,False,False,False,original_axis_baseline,m1680-spec-0003::tw1::finish_original::max1::L2_window_50_current_tiled
m1680-spec-0003::tw1::finish_original::max1::L2_window_100,m1680-spec-0003::tw1::finish_original::max1,m1680-spec-0003,L2_window_100,T4,t4_actuator_delay_response|actuator_delay_step,mapping_window_unspecified,t4_actuator_delay_response,t4_actuator_delay_response,1.0,original,1.0,runs/m1674_controller_family_one_seed_public_pilot/configs/L2_window_100_seed167400.json,runs/m1674_controller_family_one_seed_public_pilot/profile_runs/L2_window_100/seed_167400/checkpoint.pt,True,True,False,False,False,original_axis_baseline,m1680-spec-0003::tw1::finish_original::max1::L2_window_100
m1680-spec-0003::tw1::finish_original::max1::L2_window_100_current_tiled,m1680-spec-0003::tw1::finish_original::max1,m1680-spec-0003,L2_window_100_current_tiled,T4,t4_actuator_delay_response|actuator_delay_step,mapping_window_unspecified,t4_actuator_delay_response,t4_actuator_delay_response,1.0,original,1.0,runs/m1674_controller_family_one_seed_public_pilot/configs/L2_window_100_current_tiled_seed167400.json,runs/m1674_controller_family_one_seed_public_pilot/profile_runs/L2_window_100_current_tiled/seed_167400/checkpoint.pt,True,True,False,False,False,original_axis_baseline,m1680-spec-0003::tw1::finish_original::max1::L2_window_100_current_tiled
m1680-spec-0003::tw1::finish_original::max1::L3_online_gru,m1680-spec-0003::tw1::finish_original::max1,m1680-spec-0003,L3_online_gru,T4,t4_actuator_delay_response|actuator_delay_step,mapping_window_unspecified,t4_actuator_delay_response,t4_actuator_delay_response,1.0,original,1.0,runs/m1674_controller_family_one_seed_public_pilot/configs/L3_online_gru_seed167400.json,runs/m1674_controller_family_one_seed_public_pilot/profile_runs/L3_online_gru/seed_167400/checkpoint.pt,True,True,False,False,False,original_axis_baseline,m1680-spec-0003::tw1::finish_original::max1::L3_online_gru
m1680-spec-0003::tw1::finish_original::max1::L3_reset_control_corrected,m1680-spec-0003::tw1::finish_original::max1,m1680-spec-0003,L3_reset_control_corrected,T4,t4_actuator_delay_response|actuator_delay_step,mapping_window_unspecified,t4_actuator_delay_response,t4_actuator_delay_response,1.0,original,1.0,runs/m1674_controller_family_one_seed_public_pilot/configs/L3_reset_control_corrected_seed167400.json,runs/m1674_controller_family_one_seed_public_pilot/profile_runs/L3_reset_control_corrected/seed_167400/checkpoint.pt,True,True,False,False,False,original_axis_baseline,m1680-spec-0003::tw1::finish_original::max1::L3_reset_control_corrected
m1680-spec-0003::tw1.5::finish_relaxed::max1.5::L0_current_masked,m1680-spec-0003::tw1.5::finish_relaxed::max1.5,m1680-spec-0003,L0_current_masked,T4,t4_actuator_delay_response|actuator_delay_step,mapping_window_unspecified,t4_actuator_delay_response,t4_actuator_delay_response,1.5,relaxed,1.5,runs/m1674_controller_family_one_seed_public_pilot/configs/L0_current_masked_seed167400.json,runs/m1674_controller_family_one_seed_public_pilot/profile_runs/L0_current_masked/seed_167400/checkpoint.pt,True,True,False,False,False,mid_calibration_variant,m1680-spec-0003::tw1.5::finish_relaxed::max1.5::L0_current_masked
m1680-spec-0003::tw1.5::finish_relaxed::max1.5::L1_one_step,m1680-spec-0003::tw1.5::finish_relaxed::max1.5,m1680-spec-0003,L1_one_step,T4,t4_actuator_delay_response|actuator_delay_step,mapping_window_unspecified,t4_actuator_delay_response,t4_actuator_delay_response,1.5,relaxed,1.5,runs/m1674_controller_family_one_seed_public_pilot/configs/L1_one_step_seed167400.json,runs/m1674_controller_family_one_seed_public_pilot/profile_runs/L1_one_step/seed_167400/checkpoint.pt,True,True,False,False,False,mid_calibration_variant,m1680-spec-0003::tw1.5::finish_relaxed::max1.5::L1_one_step
m1680-spec-0003::tw1.5::finish_relaxed::max1.5::L2_window_13,m1680-spec-0003::tw1.5::finish_relaxed::max1.5,m1680-spec-0003,L2_window_13,T4,t4_actuator_delay_response|actuator_delay_step,mapping_window_unspecified,t4_actuator_delay_response,t4_actuator_delay_response,1.5,relaxed,1.5,runs/m1674_controller_family_one_seed_public_pilot/configs/L2_window_13_seed167400.json,runs/m1674_controller_family_one_seed_public_pilot/profile_runs/L2_window_13/seed_167400/checkpoint.pt,True,True,False,False,False,mid_calibration_variant,m1680-spec-0003::tw1.5::finish_relaxed::max1.5::L2_window_13
m1680-spec-0003::tw1.5::finish_relaxed::max1.5::L2_window_13_current_tiled,m1680-spec-0003::tw1.5::finish_relaxed::max1.5,m1680-spec-0003,L2_window_13_current_tiled,T4,t4_actuator_delay_response|actuator_delay_step,mapping_window_unspecified,t4_actuator_delay_response,t4_actuator_delay_response,1.5,relaxed,1.5,runs/m1674_controller_family_one_seed_public_pilot/configs/L2_window_13_current_tiled_seed167400.json,runs/m1674_controller_family_one_seed_public_pilot/profile_runs/L2_window_13_current_tiled/seed_167400/checkpoint.pt,True,True,False,False,False,mid_calibration_variant,m1680-spec-0003::tw1.5::finish_relaxed::max1.5::L2_window_13_current_tiled
m1680-spec-0003::tw1.5::finish_relaxed::max1.5::L2_window_25,m1680-spec-0003::tw1.5::finish_relaxed::max1.5,m1680-spec-0003,L2_window_25,T4,t4_actuator_delay_response|actuator_delay_step,mapping_window_unspecified,t4_actuator_delay_response,t4_actuator_delay_response,1.5,relaxed,1.5,runs/m1674_controller_family_one_seed_public_pilot/configs/L2_window_25_seed167400.json,runs/m1674_controller_family_one_seed_public_pilot/profile_runs/L2_window_25/seed_167400/checkpoint.pt,True,True,False,False,False,mid_calibration_variant,m1680-spec-0003::tw1.5::finish_relaxed::max1.5::L2_window_25
m1680-spec-0003::tw1.5::finish_relaxed::max1.5::L2_window_25_current_tiled,m1680-spec-0003::tw1.5::finish_relaxed::max1.5,m1680-spec-0003,L2_window_25_current_tiled,T4,t4_actuator_delay_response|actuator_delay_step,mapping_window_unspecified,t4_actuator_delay_response,t4_actuator_delay_response,1.5,relaxed,1.5,runs/m1674_controller_family_one_seed_public_pilot/configs/L2_window_25_current_tiled_seed167400.json,runs/m1674_controller_family_one_seed_public_pilot/profile_runs/L2_window_25_current_tiled/seed_167400/checkpoint.pt,True,True,False,False,False,mid_calibration_variant,m1680-spec-0003::tw1.5::finish_relaxed::max1.5::L2_window_25_current_tiled
m1680-spec-0003::tw1.5::finish_relaxed::max1.5::L2_window_50,m1680-spec-0003::tw1.5::finish_relaxed::max1.5,m1680-spec-0003,L2_window_50,T4,t4_actuator_delay_response|actuator_delay_step,mapping_window_unspecified,t4_actuator_delay_response,t4_actuator_delay_response,1.5,relaxed,1.5,runs/m1674_controller_family_one_seed_public_pilot/configs/L2_window_50_seed167400.json,runs/m1674_controller_family_one_seed_public_pilot/profile_runs/L2_window_50/seed_167400/checkpoint.pt,True,True,False,False,False,mid_calibration_variant,m1680-spec-0003::tw1.5::finish_relaxed::max1.5::L2_window_50
m1680-spec-0003::tw1.5::finish_relaxed::max1.5::L2_window_50_current_tiled,m1680-spec-0003::tw1.5::finish_relaxed::max1.5,m1680-spec-0003,L2_window_50_current_tiled,T4,t4_actuator_delay_response|actuator_delay_step,mapping_window_unspecified,t4_actuator_delay_response,t4_actuator_delay_response,1.5,relaxed,1.5,runs/m1674_controller_family_one_seed_public_pilot/configs/L2_window_50_current_tiled_seed167400.json,runs/m1674_controller_family_one_seed_public_pilot/profile_runs/L2_window_50_current_tiled/seed_167400/checkpoint.pt,True,True,False,False,False,mid_calibration_variant,m1680-spec-0003::tw1.5::finish_relaxed::max1.5::L2_window_50_current_tiled
m1680-spec-0003::tw1.5::finish_relaxed::max1.5::L2_window_100,m1680-spec-0003::tw1.5::finish_relaxed::max1.5,m1680-spec-0003,L2_window_100,T4,t4_actuator_delay_response|actuator_delay_step,mapping_window_unspecified,t4_actuator_delay_response,t4_actuator_delay_response,1.5,relaxed,1.5,runs/m1674_controller_family_one_seed_public_pilot/configs/L2_window_100_seed167400.json,runs/m1674_controller_family_one_seed_public_pilot/profile_runs/L2_window_100/seed_167400/checkpoint.pt,True,True,False,False,False,mid_calibration_variant,m1680-spec-0003::tw1.5::finish_relaxed::max1.5::L2_window_100
m1680-spec-0003::tw1.5::finish_relaxed::max1.5::L2_window_100_current_tiled,m1680-spec-0003::tw1.5::finish_relaxed::max1.5,m1680-spec-0003,L2_window_100_current_tiled,T4,t4_actuator_delay_response|actuator_delay_step,mapping_window_unspecified,t4_actuator_delay_response,t4_actuator_delay_response,1.5,relaxed,1.5,runs/m1674_controller_family_one_seed_public_pilot/configs/L2_window_100_current_tiled_seed167400.json,runs/m1674_controller_family_one_seed_public_pilot/profile_runs/L2_window_100_current_tiled/seed_167400/checkpoint.pt,True,True,False,False,False,mid_calibration_variant,m1680-spec-0003::tw1.5::finish_relaxed::max1.5::L2_window_100_current_tiled
m1680-spec-0003::tw1.5::finish_relaxed::max1.5::L3_online_gru,m1680-spec-0003::tw1.5::finish_relaxed::max1.5,m1680-spec-0003,L3_online_gru,T4,t4_actuator_delay_response|actuator_delay_step,mapping_window_unspecified,t4_actuator_delay_response,t4_actuator_delay_response,1.5,relaxed,1.5,runs/m1674_controller_family_one_seed_public_pilot/configs/L3_online_gru_seed167400.json,runs/m1674_controller_family_one_seed_public_pilot/profile_runs/L3_online_gru/seed_167400/checkpoint.pt,True,True,False,False,False,mid_calibration_variant,m1680-spec-0003::tw1.5::finish_relaxed::max1.5::L3_online_gru
m1680-spec-0003::tw1.5::finish_relaxed::max1.5::L3_reset_control_corrected,m1680-spec-0003::tw1.5::finish_relaxed::max1.5,m1680-spec-0003,L3_reset_control_corrected,T4,t4_actuator_delay_response|actuator_delay_step,mapping_window_unspecified,t4_actuator_delay_response,t4_actuator_delay_response,1.5,relaxed,1.5,runs/m1674_controller_family_one_seed_public_pilot/configs/L3_reset_control_corrected_seed167400.json,runs/m1674_controller_family_one_seed_public_pilot/profile_runs/L3_reset_control_corrected/seed_167400/checkpoint.pt,True,True,False,False,False,mid_calibration_variant,m1680-spec-0003::tw1.5::finish_relaxed::max1.5::L3_reset_control_corrected
m1680-spec-0003::tw2::finish_original::max1.5::L0_current_masked,m1680-spec-0003::tw2::finish_original::max1.5,m1680-spec-0003,L0_current_masked,T4,t4_actuator_delay_response|actuator_delay_step,mapping_window_unspecified,t4_actuator_delay_response,t4_actuator_delay_response,2.0,original,1.5,runs/m1674_controller_family_one_seed_public_pilot/configs/L0_current_masked_seed167400.json,runs/m1674_controller_family_one_seed_public_pilot/profile_runs/L0_current_masked/seed_167400/checkpoint.pt,True,True,False,False,False,best_off_track_variant,m1680-spec-0003::tw2::finish_original::max1.5::L0_current_masked
m1680-spec-0003::tw2::finish_original::max1.5::L1_one_step,m1680-spec-0003::tw2::finish_original::max1.5,m1680-spec-0003,L1_one_step,T4,t4_actuator_delay_response|actuator_delay_step,mapping_window_unspecified,t4_actuator_delay_response,t4_actuator_delay_response,2.0,original,1.5,runs/m1674_controller_family_one_seed_public_pilot/configs/L1_one_step_seed167400.json,runs/m1674_controller_family_one_seed_public_pilot/profile_runs/L1_one_step/seed_167400/checkpoint.pt,True,True,False,False,False,best_off_track_variant,m1680-spec-0003::tw2::finish_original::max1.5::L1_one_step
m1680-spec-0003::tw2::finish_original::max1.5::L2_window_13,m1680-spec-0003::tw2::finish_original::max1.5,m1680-spec-0003,L2_window_13,T4,t4_actuator_delay_response|actuator_delay_step,mapping_window_unspecified,t4_actuator_delay_response,t4_actuator_delay_response,2.0,original,1.5,runs/m1674_controller_family_one_seed_public_pilot/configs/L2_window_13_seed167400.json,runs/m1674_controller_family_one_seed_public_pilot/profile_runs/L2_window_13/seed_167400/checkpoint.pt,True,True,False,False,False,best_off_track_variant,m1680-spec-0003::tw2::finish_original::max1.5::L2_window_13
m1680-spec-0003::tw2::finish_original::max1.5::L2_window_13_current_tiled,m1680-spec-0003::tw2::finish_original::max1.5,m1680-spec-0003,L2_window_13_current_tiled,T4,t4_actuator_delay_response|actuator_delay_step,mapping_window_unspecified,t4_actuator_delay_response,t4_actuator_delay_response,2.0,original,1.5,runs/m1674_controller_family_one_seed_public_pilot/configs/L2_window_13_current_tiled_seed167400.json,runs/m1674_controller_family_one_seed_public_pilot/profile_runs/L2_window_13_current_tiled/seed_167400/checkpoint.pt,True,True,False,False,False,best_off_track_variant,m1680-spec-0003::tw2::finish_original::max1.5::L2_window_13_current_tiled
m1680-spec-0003::tw2::finish_original::max1.5::L2_window_25,m1680-spec-0003::tw2::finish_original::max1.5,m1680-spec-0003,L2_window_25,T4,t4_actuator_delay_response|actuator_delay_step,mapping_window_unspecified,t4_actuator_delay_response,t4_actuator_delay_response,2.0,original,1.5,runs/m1674_controller_family_one_seed_public_pilot/configs/L2_window_25_seed167400.json,runs/m1674_controller_family_one_seed_public_pilot/profile_runs/L2_window_25/seed_167400/checkpoint.pt,True,True,False,False,False,best_off_track_variant,m1680-spec-0003::tw2::finish_original::max1.5::L2_window_25
m1680-spec-0003::tw2::finish_original::max1.5::L2_window_25_current_tiled,m1680-spec-0003::tw2::finish_original::max1.5,m1680-spec-0003,L2_window_25_current_tiled,T4,t4_actuator_delay_response|actuator_delay_step,mapping_window_unspecified,t4_actuator_delay_response,t4_actuator_delay_response,2.0,original,1.5,runs/m1674_controller_family_one_seed_public_pilot/configs/L2_window_25_current_tiled_seed167400.json,runs/m1674_controller_family_one_seed_public_pilot/profile_runs/L2_window_25_current_tiled/seed_167400/checkpoint.pt,True,True,False,False,False,best_off_track_variant,m1680-spec-0003::tw2::finish_original::max1.5::L2_window_25_current_tiled
m1680-spec-0003::tw2::finish_original::max1.5::L2_window_50,m1680-spec-0003::tw2::finish_original::max1.5,m1680-spec-0003,L2_window_50,T4,t4_actuator_delay_response|actuator_delay_step,mapping_window_unspecified,t4_actuator_delay_response,t4_actuator_delay_response,2.0,original,1.5,runs/m1674_controller_family_one_seed_public_pilot/configs/L2_window_50_seed167400.json,runs/m1674_controller_family_one_seed_public_pilot/profile_runs/L2_window_50/seed_167400/checkpoint.pt,True,True,False,False,False,best_off_track_variant,m1680-spec-0003::tw2::finish_original::max1.5::L2_window_50
m1680-spec-0003::tw2::finish_original::max1.5::L2_window_50_current_tiled,m1680-spec-0003::tw2::finish_original::max1.5,m1680-spec-0003,L2_window_50_current_tiled,T4,t4_actuator_delay_response|actuator_delay_step,mapping_window_unspecified,t4_actuator_delay_response,t4_actuator_delay_response,2.0,original,1.5,runs/m1674_controller_family_one_seed_public_pilot/configs/L2_window_50_current_tiled_seed167400.json,runs/m1674_controller_family_one_seed_public_pilot/profile_runs/L2_window_50_current_tiled/seed_167400/checkpoint.pt,True,True,False,False,False,best_off_track_variant,m1680-spec-0003::tw2::finish_original::max1.5::L2_window_50_current_tiled
m1680-spec-0003::tw2::finish_original::max1.5::L2_window_100,m1680-spec-0003::tw2::finish_original::max1.5,m1680-spec-0003,L2_window_100,T4,t4_actuator_delay_response|actuator_delay_step,mapping_window_unspecified,t4_actuator_delay_response,t4_actuator_delay_response,2.0,original,1.5,runs/m1674_controller_family_one_seed_public_pilot/configs/L2_window_100_seed167400.json,runs/m1674_controller_family_one_seed_public_pilot/profile_runs/L2_window_100/seed_167400/checkpoint.pt,True,True,False,False,False,best_off_track_variant,m1680-spec-0003::tw2::finish_original::max1.5::L2_window_100
m1680-spec-0003::tw2::finish_original::max1.5::L2_window_100_current_tiled,m1680-spec-0003::tw2::finish_original::max1.5,m1680-spec-0003,L2_window_100_current_tiled,T4,t4_actuator_delay_response|actuator_delay_step,mapping_window_unspecified,t4_actuator_delay_response,t4_actuator_delay_response,2.0,original,1.5,runs/m1674_controller_family_one_seed_public_pilot/configs/L2_window_100_current_tiled_seed167400.json,runs/m1674_controller_family_one_seed_public_pilot/profile_runs/L2_window_100_current_tiled/seed_167400/checkpoint.pt,True,True,False,False,False,best_off_track_variant,m1680-spec-0003::tw2::finish_original::max1.5::L2_window_100_current_tiled
m1680-spec-0003::tw2::finish_original::max1.5::L3_online_gru,m1680-spec-0003::tw2::finish_original::max1.5,m1680-spec-0003,L3_online_gru,T4,t4_actuator_delay_response|actuator_delay_step,mapping_window_unspecified,t4_actuator_delay_response,t4_actuator_delay_response,2.0,original,1.5,runs/m1674_controller_family_one_seed_public_pilot/configs/L3_online_gru_seed167400.json,runs/m1674_controller_family_one_seed_public_pilot/profile_runs/L3_online_gru/seed_167400/checkpoint.pt,True,True,False,False,False,best_off_track_variant,m1680-spec-0003::tw2::finish_original::max1.5::L3_online_gru
m1680-spec-0003::tw2::finish_original::max1.5::L3_reset_control_corrected,m1680-spec-0003::tw2::finish_original::max1.5,m1680-spec-0003,L3_reset_control_corrected,T4,t4_actuator_delay_response|actuator_delay_step,mapping_window_unspecified,t4_actuator_delay_response,t4_actuator_delay_response,2.0,original,1.5,runs/m1674_controller_family_one_seed_public_pilot/configs/L3_reset_control_corrected_seed167400.json,runs/m1674_controller_family_one_seed_public_pilot/profile_runs/L3_reset_control_corrected/seed_167400/checkpoint.pt,True,True,False,False,False,best_off_track_variant,m1680-spec-0003::tw2::finish_original::max1.5::L3_reset_control_corrected
m1680-spec-0003::tw2::finish_relaxed::max1::L0_current_masked,m1680-spec-0003::tw2::finish_relaxed::max1,m1680-spec-0003,L0_current_masked,T4,t4_actuator_delay_response|actuator_delay_step,mapping_window_unspecified,t4_actuator_delay_response,t4_actuator_delay_response,2.0,relaxed,1.0,runs/m1674_controller_family_one_seed_public_pilot/configs/L0_current_masked_seed167400.json,runs/m1674_controller_family_one_seed_public_pilot/profile_runs/L0_current_masked/seed_167400/checkpoint.pt,True,True,False,False,False,collision_control_wide_relaxed,m1680-spec-0003::tw2::finish_relaxed::max1::L0_current_masked
m1680-spec-0003::tw2::finish_relaxed::max1::L1_one_step,m1680-spec-0003::tw2::finish_relaxed::max1,m1680-spec-0003,L1_one_step,T4,t4_actuator_delay_response|actuator_delay_step,mapping_window_unspecified,t4_actuator_delay_response,t4_actuator_delay_response,2.0,relaxed,1.0,runs/m1674_controller_family_one_seed_public_pilot/configs/L1_one_step_seed167400.json,runs/m1674_controller_family_one_seed_public_pilot/profile_runs/L1_one_step/seed_167400/checkpoint.pt,True,True,False,False,False,collision_control_wide_relaxed,m1680-spec-0003::tw2::finish_relaxed::max1::L1_one_step
m1680-spec-0003::tw2::finish_relaxed::max1::L2_window_13,m1680-spec-0003::tw2::finish_relaxed::max1,m1680-spec-0003,L2_window_13,T4,t4_actuator_delay_response|actuator_delay_step,mapping_window_unspecified,t4_actuator_delay_response,t4_actuator_delay_response,2.0,relaxed,1.0,runs/m1674_controller_family_one_seed_public_pilot/configs/L2_window_13_seed167400.json,runs/m1674_controller_family_one_seed_public_pilot/profile_runs/L2_window_13/seed_167400/checkpoint.pt,True,True,False,False,False,collision_control_wide_relaxed,m1680-spec-0003::tw2::finish_relaxed::max1::L2_window_13
m1680-spec-0003::tw2::finish_relaxed::max1::L2_window_13_current_tiled,m1680-spec-0003::tw2::finish_relaxed::max1,m1680-spec-0003,L2_window_13_current_tiled,T4,t4_actuator_delay_response|actuator_delay_step,mapping_window_unspecified,t4_actuator_delay_response,t4_actuator_delay_response,2.0,relaxed,1.0,runs/m1674_controller_family_one_seed_public_pilot/configs/L2_window_13_current_tiled_seed167400.json,runs/m1674_controller_family_one_seed_public_pilot/profile_runs/L2_window_13_current_tiled/seed_167400/checkpoint.pt,True,True,False,False,False,collision_control_wide_relaxed,m1680-spec-0003::tw2::finish_relaxed::max1::L2_window_13_current_tiled
m1680-spec-0003::tw2::finish_relaxed::max1::L2_window_25,m1680-spec-0003::tw2::finish_relaxed::max1,m1680-spec-0003,L2_window_25,T4,t4_actuator_delay_response|actuator_delay_step,mapping_window_unspecified,t4_actuator_delay_response,t4_actuator_delay_response,2.0,relaxed,1.0,runs/m1674_controller_family_one_seed_public_pilot/configs/L2_window_25_seed167400.json,runs/m1674_controller_family_one_seed_public_pilot/profile_runs/L2_window_25/seed_167400/checkpoint.pt,True,True,False,False,False,collision_control_wide_relaxed,m1680-spec-0003::tw2::finish_relaxed::max1::L2_window_25
m1680-spec-0003::tw2::finish_relaxed::max1::L2_window_25_current_tiled,m1680-spec-0003::tw2::finish_relaxed::max1,m1680-spec-0003,L2_window_25_current_tiled,T4,t4_actuator_delay_response|actuator_delay_step,mapping_window_unspecified,t4_actuator_delay_response,t4_actuator_delay_response,2.0,relaxed,1.0,runs/m1674_controller_family_one_seed_public_pilot/configs/L2_window_25_current_tiled_seed167400.json,runs/m1674_controller_family_one_seed_public_pilot/profile_runs/L2_window_25_current_tiled/seed_167400/checkpoint.pt,True,True,False,False,False,collision_control_wide_relaxed,m1680-spec-0003::tw2::finish_relaxed::max1::L2_window_25_current_tiled
m1680-spec-0003::tw2::finish_relaxed::max1::L2_window_50,m1680-spec-0003::tw2::finish_relaxed::max1,m1680-spec-0003,L2_window_50,T4,t4_actuator_delay_response|actuator_delay_step,mapping_window_unspecified,t4_actuator_delay_response,t4_actuator_delay_response,2.0,relaxed,1.0,runs/m1674_controller_family_one_seed_public_pilot/configs/L2_window_50_seed167400.json,runs/m1674_controller_family_one_seed_public_pilot/profile_runs/L2_window_50/seed_167400/checkpoint.pt,True,True,False,False,False,collision_control_wide_relaxed,m1680-spec-0003::tw2::finish_relaxed::max1::L2_window_50
m1680-spec-0003::tw2::finish_relaxed::max1::L2_window_50_current_tiled,m1680-spec-0003::tw2::finish_relaxed::max1,m1680-spec-0003,L2_window_50_current_tiled,T4,t4_actuator_delay_response|actuator_delay_step,mapping_window_unspecified,t4_actuator_delay_response,t4_actuator_delay_response,2.0,relaxed,1.0,runs/m1674_controller_family_one_seed_public_pilot/configs/L2_window_50_current_tiled_seed167400.json,runs/m1674_controller_family_one_seed_public_pilot/profile_runs/L2_window_50_current_tiled/seed_167400/checkpoint.pt,True,True,False,False,False,collision_control_wide_relaxed,m1680-spec-0003::tw2::finish_relaxed::max1::L2_window_50_current_tiled
m1680-spec-0003::tw2::finish_relaxed::max1::L2_window_100,m1680-spec-0003::tw2::finish_relaxed::max1,m1680-spec-0003,L2_window_100,T4,t4_actuator_delay_response|actuator_delay_step,mapping_window_unspecified,t4_actuator_delay_response,t4_actuator_delay_response,2.0,relaxed,1.0,runs/m1674_controller_family_one_seed_public_pilot/configs/L2_window_100_seed167400.json,runs/m1674_controller_family_one_seed_public_pilot/profile_runs/L2_window_100/seed_167400/checkpoint.pt,True,True,False,False,False,collision_control_wide_relaxed,m1680-spec-0003::tw2::finish_relaxed::max1::L2_window_100
m1680-spec-0003::tw2::finish_relaxed::max1::L2_window_100_current_tiled,m1680-spec-0003::tw2::finish_relaxed::max1,m1680-spec-0003,L2_window_100_current_tiled,T4,t4_actuator_delay_response|actuator_delay_step,mapping_window_unspecified,t4_actuator_delay_response,t4_actuator_delay_response,2.0,relaxed,1.0,runs/m1674_controller_family_one_seed_public_pilot/configs/L2_window_100_current_tiled_seed167400.json,runs/m1674_controller_family_one_seed_public_pilot/profile_runs/L2_window_100_current_tiled/seed_167400/checkpoint.pt,True,True,False,False,False,collision_control_wide_relaxed,m1680-spec-0003::tw2::finish_relaxed::max1::L2_window_100_current_tiled
m1680-spec-0003::tw2::finish_relaxed::max1::L3_online_gru,m1680-spec-0003::tw2::finish_relaxed::max1,m1680-spec-0003,L3_online_gru,T4,t4_actuator_delay_response|actuator_delay_step,mapping_window_unspecified,t4_actuator_delay_response,t4_actuator_delay_response,2.0,relaxed,1.0,runs/m1674_controller_family_one_seed_public_pilot/configs/L3_online_gru_seed167400.json,runs/m1674_controller_family_one_seed_public_pilot/profile_runs/L3_online_gru/seed_167400/checkpoint.pt,True,True,False,False,False,collision_control_wide_relaxed,m1680-spec-0003::tw2::finish_relaxed::max1::L3_online_gru
m1680-spec-0003::tw2::finish_relaxed::max1::L3_reset_control_corrected,m1680-spec-0003::tw2::finish_relaxed::max1,m1680-spec-0003,L3_reset_control_corrected,T4,t4_actuator_delay_response|actuator_delay_step,mapping_window_unspecified,t4_actuator_delay_response,t4_actuator_delay_response,2.0,relaxed,1.0,runs/m1674_controller_family_one_seed_public_pilot/configs/L3_reset_control_corrected_seed167400.json,runs/m1674_controller_family_one_seed_public_pilot/profile_runs/L3_reset_control_corrected/seed_167400/checkpoint.pt,True,True,False,False,False,collision_control_wide_relaxed,m1680-spec-0003::tw2::finish_relaxed::max1::L3_reset_control_corrected
m1680-spec-0004::tw1::finish_original::max1::L0_current_masked,m1680-spec-0004::tw1::finish_original::max1,m1680-spec-0004,L0_current_masked,T4,t4_actuator_delay_response|capability_step_up,mapping_window_unspecified,t4_actuator_delay_response,t4_actuator_delay_response,1.0,original,1.0,runs/m1674_controller_family_one_seed_public_pilot/configs/L0_current_masked_seed167400.json,runs/m1674_controller_family_one_seed_public_pilot/profile_runs/L0_current_masked/seed_167400/checkpoint.pt,True,True,False,False,False,original_axis_baseline,m1680-spec-0004::tw1::finish_original::max1::L0_current_masked
m1680-spec-0004::tw1::finish_original::max1::L1_one_step,m1680-spec-0004::tw1::finish_original::max1,m1680-spec-0004,L1_one_step,T4,t4_actuator_delay_response|capability_step_up,mapping_window_unspecified,t4_actuator_delay_response,t4_actuator_delay_response,1.0,original,1.0,runs/m1674_controller_family_one_seed_public_pilot/configs/L1_one_step_seed167400.json,runs/m1674_controller_family_one_seed_public_pilot/profile_runs/L1_one_step/seed_167400/checkpoint.pt,True,True,False,False,False,original_axis_baseline,m1680-spec-0004::tw1::finish_original::max1::L1_one_step
m1680-spec-0004::tw1::finish_original::max1::L2_window_13,m1680-spec-0004::tw1::finish_original::max1,m1680-spec-0004,L2_window_13,T4,t4_actuator_delay_response|capability_step_up,mapping_window_unspecified,t4_actuator_delay_response,t4_actuator_delay_response,1.0,original,1.0,runs/m1674_controller_family_one_seed_public_pilot/configs/L2_window_13_seed167400.json,runs/m1674_controller_family_one_seed_public_pilot/profile_runs/L2_window_13/seed_167400/checkpoint.pt,True,True,False,False,False,original_axis_baseline,m1680-spec-0004::tw1::finish_original::max1::L2_window_13
m1680-spec-0004::tw1::finish_original::max1::L2_window_13_current_tiled,m1680-spec-0004::tw1::finish_original::max1,m1680-spec-0004,L2_window_13_current_tiled,T4,t4_actuator_delay_response|capability_step_up,mapping_window_unspecified,t4_actuator_delay_response,t4_actuator_delay_response,1.0,original,1.0,runs/m1674_controller_family_one_seed_public_pilot/configs/L2_window_13_current_tiled_seed167400.json,runs/m1674_controller_family_one_seed_public_pilot/profile_runs/L2_window_13_current_tiled/seed_167400/checkpoint.pt,True,True,False,False,False,original_axis_baseline,m1680-spec-0004::tw1::finish_original::max1::L2_window_13_current_tiled
m1680-spec-0004::tw1::finish_original::max1::L2_window_25,m1680-spec-0004::tw1::finish_original::max1,m1680-spec-0004,L2_window_25,T4,t4_actuator_delay_response|capability_step_up,mapping_window_unspecified,t4_actuator_delay_response,t4_actuator_delay_response,1.0,original,1.0,runs/m1674_controller_family_one_seed_public_pilot/configs/L2_window_25_seed167400.json,runs/m1674_controller_family_one_seed_public_pilot/profile_runs/L2_window_25/seed_167400/checkpoint.pt,True,True,False,False,False,original_axis_baseline,m1680-spec-0004::tw1::finish_original::max1::L2_window_25
m1680-spec-0004::tw1::finish_original::max1::L2_window_25_current_tiled,m1680-spec-0004::tw1::finish_original::max1,m1680-spec-0004,L2_window_25_current_tiled,T4,t4_actuator_delay_response|capability_step_up,mapping_window_unspecified,t4_actuator_delay_response,t4_actuator_delay_response,1.0,original,1.0,runs/m1674_controller_family_one_seed_public_pilot/configs/L2_window_25_current_tiled_seed167400.json,runs/m1674_controller_family_one_seed_public_pilot/profile_runs/L2_window_25_current_tiled/seed_167400/checkpoint.pt,True,True,False,False,False,original_axis_baseline,m1680-spec-0004::tw1::finish_original::max1::L2_window_25_current_tiled
m1680-spec-0004::tw1::finish_original::max1::L2_window_50,m1680-spec-0004::tw1::finish_original::max1,m1680-spec-0004,L2_window_50,T4,t4_actuator_delay_response|capability_step_up,mapping_window_unspecified,t4_actuator_delay_response,t4_actuator_delay_response,1.0,original,1.0,runs/m1674_controller_family_one_seed_public_pilot/configs/L2_window_50_seed167400.json,runs/m1674_controller_family_one_seed_public_pilot/profile_runs/L2_window_50/seed_167400/checkpoint.pt,True,True,False,False,False,original_axis_baseline,m1680-spec-0004::tw1::finish_original::max1::L2_window_50
m1680-spec-0004::tw1::finish_original::max1::L2_window_50_current_tiled,m1680-spec-0004::tw1::finish_original::max1,m1680-spec-0004,L2_window_50_current_tiled,T4,t4_actuator_delay_response|capability_step_up,mapping_window_unspecified,t4_actuator_delay_response,t4_actuator_delay_response,1.0,original,1.0,runs/m1674_controller_family_one_seed_public_pilot/configs/L2_window_50_current_tiled_seed167400.json,runs/m1674_controller_family_one_seed_public_pilot/profile_runs/L2_window_50_current_tiled/seed_167400/checkpoint.pt,True,True,False,False,False,original_axis_baseline,m1680-spec-0004::tw1::finish_original::max1::L2_window_50_current_tiled
m1680-spec-0004::tw1::finish_original::max1::L2_window_100,m1680-spec-0004::tw1::finish_original::max1,m1680-spec-0004,L2_window_100,T4,t4_actuator_delay_response|capability_step_up,mapping_window_unspecified,t4_actuator_delay_response,t4_actuator_delay_response,1.0,original,1.0,runs/m1674_controller_family_one_seed_public_pilot/configs/L2_window_100_seed167400.json,runs/m1674_controller_family_one_seed_public_pilot/profile_runs/L2_window_100/seed_167400/checkpoint.pt,True,True,False,False,False,original_axis_baseline,m1680-spec-0004::tw1::finish_original::max1::L2_window_100
m1680-spec-0004::tw1::finish_original::max1::L2_window_100_current_tiled,m1680-spec-0004::tw1::finish_original::max1,m1680-spec-0004,L2_window_100_current_tiled,T4,t4_actuator_delay_response|capability_step_up,mapping_window_unspecified,t4_actuator_delay_response,t4_actuator_delay_response,1.0,original,1.0,runs/m1674_controller_family_one_seed_public_pilot/configs/L2_window_100_current_tiled_seed167400.json,runs/m1674_controller_family_one_seed_public_pilot/profile_runs/L2_window_100_current_tiled/seed_167400/checkpoint.pt,True,True,False,False,False,original_axis_baseline,m1680-spec-0004::tw1::finish_original::max1::L2_window_100_current_tiled
m1680-spec-0004::tw1::finish_original::max1::L3_online_gru,m1680-spec-0004::tw1::finish_original::max1,m1680-spec-0004,L3_online_gru,T4,t4_actuator_delay_response|capability_step_up,mapping_window_unspecified,t4_actuator_delay_response,t4_actuator_delay_response,1.0,original,1.0,runs/m1674_controller_family_one_seed_public_pilot/configs/L3_online_gru_seed167400.json,runs/m1674_controller_family_one_seed_public_pilot/profile_runs/L3_online_gru/seed_167400/checkpoint.pt,True,True,False,False,False,original_axis_baseline,m1680-spec-0004::tw1::finish_original::max1::L3_online_gru
m1680-spec-0004::tw1::finish_original::max1::L3_reset_control_corrected,m1680-spec-0004::tw1::finish_original::max1,m1680-spec-0004,L3_reset_control_corrected,T4,t4_actuator_delay_response|capability_step_up,mapping_window_unspecified,t4_actuator_delay_response,t4_actuator_delay_response,1.0,original,1.0,runs/m1674_controller_family_one_seed_public_pilot/configs/L3_reset_control_corrected_seed167400.json,runs/m1674_controller_family_one_seed_public_pilot/profile_runs/L3_reset_control_corrected/seed_167400/checkpoint.pt,True,True,False,False,False,original_axis_baseline,m1680-spec-0004::tw1::finish_original::max1::L3_reset_control_corrected
m1680-spec-0004::tw1.5::finish_relaxed::max1.5::L0_current_masked,m1680-spec-0004::tw1.5::finish_relaxed::max1.5,m1680-spec-0004,L0_current_masked,T4,t4_actuator_delay_response|capability_step_up,mapping_window_unspecified,t4_actuator_delay_response,t4_actuator_delay_response,1.5,relaxed,1.5,runs/m1674_controller_family_one_seed_public_pilot/configs/L0_current_masked_seed167400.json,runs/m1674_controller_family_one_seed_public_pilot/profile_runs/L0_current_masked/seed_167400/checkpoint.pt,True,True,False,False,False,mid_calibration_variant,m1680-spec-0004::tw1.5::finish_relaxed::max1.5::L0_current_masked
m1680-spec-0004::tw1.5::finish_relaxed::max1.5::L1_one_step,m1680-spec-0004::tw1.5::finish_relaxed::max1.5,m1680-spec-0004,L1_one_step,T4,t4_actuator_delay_response|capability_step_up,mapping_window_unspecified,t4_actuator_delay_response,t4_actuator_delay_response,1.5,relaxed,1.5,runs/m1674_controller_family_one_seed_public_pilot/configs/L1_one_step_seed167400.json,runs/m1674_controller_family_one_seed_public_pilot/profile_runs/L1_one_step/seed_167400/checkpoint.pt,True,True,False,False,False,mid_calibration_variant,m1680-spec-0004::tw1.5::finish_relaxed::max1.5::L1_one_step
m1680-spec-0004::tw1.5::finish_relaxed::max1.5::L2_window_13,m1680-spec-0004::tw1.5::finish_relaxed::max1.5,m1680-spec-0004,L2_window_13,T4,t4_actuator_delay_response|capability_step_up,mapping_window_unspecified,t4_actuator_delay_response,t4_actuator_delay_response,1.5,relaxed,1.5,runs/m1674_controller_family_one_seed_public_pilot/configs/L2_window_13_seed167400.json,runs/m1674_controller_family_one_seed_public_pilot/profile_runs/L2_window_13/seed_167400/checkpoint.pt,True,True,False,False,False,mid_calibration_variant,m1680-spec-0004::tw1.5::finish_relaxed::max1.5::L2_window_13
m1680-spec-0004::tw1.5::finish_relaxed::max1.5::L2_window_13_current_tiled,m1680-spec-0004::tw1.5::finish_relaxed::max1.5,m1680-spec-0004,L2_window_13_current_tiled,T4,t4_actuator_delay_response|capability_step_up,mapping_window_unspecified,t4_actuator_delay_response,t4_actuator_delay_response,1.5,relaxed,1.5,runs/m1674_controller_family_one_seed_public_pilot/configs/L2_window_13_current_tiled_seed167400.json,runs/m1674_controller_family_one_seed_public_pilot/profile_runs/L2_window_13_current_tiled/seed_167400/checkpoint.pt,True,True,False,False,False,mid_calibration_variant,m1680-spec-0004::tw1.5::finish_relaxed::max1.5::L2_window_13_current_tiled
m1680-spec-0004::tw1.5::finish_relaxed::max1.5::L2_window_25,m1680-spec-0004::tw1.5::finish_relaxed::max1.5,m1680-spec-0004,L2_window_25,T4,t4_actuator_delay_response|capability_step_up,mapping_window_unspecified,t4_actuator_delay_response,t4_actuator_delay_response,1.5,relaxed,1.5,runs/m1674_controller_family_one_seed_public_pilot/configs/L2_window_25_seed167400.json,runs/m1674_controller_family_one_seed_public_pilot/profile_runs/L2_window_25/seed_167400/checkpoint.pt,True,True,False,False,False,mid_calibration_variant,m1680-spec-0004::tw1.5::finish_relaxed::max1.5::L2_window_25
m1680-spec-0004::tw1.5::finish_relaxed::max1.5::L2_window_25_current_tiled,m1680-spec-0004::tw1.5::finish_relaxed::max1.5,m1680-spec-0004,L2_window_25_current_tiled,T4,t4_actuator_delay_response|capability_step_up,mapping_window_unspecified,t4_actuator_delay_response,t4_actuator_delay_response,1.5,relaxed,1.5,runs/m1674_controller_family_one_seed_public_pilot/configs/L2_window_25_current_tiled_seed167400.json,runs/m1674_controller_family_one_seed_public_pilot/profile_runs/L2_window_25_current_tiled/seed_167400/checkpoint.pt,True,True,False,False,False,mid_calibration_variant,m1680-spec-0004::tw1.5::finish_relaxed::max1.5::L2_window_25_current_tiled
m1680-spec-0004::tw1.5::finish_relaxed::max1.5::L2_window_50,m1680-spec-0004::tw1.5::finish_relaxed::max1.5,m1680-spec-0004,L2_window_50,T4,t4_actuator_delay_response|capability_step_up,mapping_window_unspecified,t4_actuator_delay_response,t4_actuator_delay_response,1.5,relaxed,1.5,runs/m1674_controller_family_one_seed_public_pilot/configs/L2_window_50_seed167400.json,runs/m1674_controller_family_one_seed_public_pilot/profile_runs/L2_window_50/seed_167400/checkpoint.pt,True,True,False,False,False,mid_calibration_variant,m1680-spec-0004::tw1.5::finish_relaxed::max1.5::L2_window_50
m1680-spec-0004::tw1.5::finish_relaxed::max1.5::L2_window_50_current_tiled,m1680-spec-0004::tw1.5::finish_relaxed::max1.5,m1680-spec-0004,L2_window_50_current_tiled,T4,t4_actuator_delay_response|capability_step_up,mapping_window_unspecified,t4_actuator_delay_response,t4_actuator_delay_response,1.5,relaxed,1.5,runs/m1674_controller_family_one_seed_public_pilot/configs/L2_window_50_current_tiled_seed167400.json,runs/m1674_controller_family_one_seed_public_pilot/profile_runs/L2_window_50_current_tiled/seed_167400/checkpoint.pt,True,True,False,False,False,mid_calibration_variant,m1680-spec-0004::tw1.5::finish_relaxed::max1.5::L2_window_50_current_tiled
m1680-spec-0004::tw1.5::finish_relaxed::max1.5::L2_window_100,m1680-spec-0004::tw1.5::finish_relaxed::max1.5,m1680-spec-0004,L2_window_100,T4,t4_actuator_delay_response|capability_step_up,mapping_window_unspecified,t4_actuator_delay_response,t4_actuator_delay_response,1.5,relaxed,1.5,runs/m1674_controller_family_one_seed_public_pilot/configs/L2_window_100_seed167400.json,runs/m1674_controller_family_one_seed_public_pilot/profile_runs/L2_window_100/seed_167400/checkpoint.pt,True,True,False,False,False,mid_calibration_variant,m1680-spec-0004::tw1.5::finish_relaxed::max1.5::L2_window_100
m1680-spec-0004::tw1.5::finish_relaxed::max1.5::L2_window_100_current_tiled,m1680-spec-0004::tw1.5::finish_relaxed::max1.5,m1680-spec-0004,L2_window_100_current_tiled,T4,t4_actuator_delay_response|capability_step_up,mapping_window_unspecified,t4_actuator_delay_response,t4_actuator_delay_response,1.5,relaxed,1.5,runs/m1674_controller_family_one_seed_public_pilot/configs/L2_window_100_current_tiled_seed167400.json,runs/m1674_controller_family_one_seed_public_pilot/profile_runs/L2_window_100_current_tiled/seed_167400/checkpoint.pt,True,True,False,False,False,mid_calibration_variant,m1680-spec-0004::tw1.5::finish_relaxed::max1.5::L2_window_100_current_tiled
m1680-spec-0004::tw1.5::finish_relaxed::max1.5::L3_online_gru,m1680-spec-0004::tw1.5::finish_relaxed::max1.5,m1680-spec-0004,L3_online_gru,T4,t4_actuator_delay_response|capability_step_up,mapping_window_unspecified,t4_actuator_delay_response,t4_actuator_delay_response,1.5,relaxed,1.5,runs/m1674_controller_family_one_seed_public_pilot/configs/L3_online_gru_seed167400.json,runs/m1674_controller_family_one_seed_public_pilot/profile_runs/L3_online_gru/seed_167400/checkpoint.pt,True,True,False,False,False,mid_calibration_variant,m1680-spec-0004::tw1.5::finish_relaxed::max1.5::L3_online_gru
m1680-spec-0004::tw1.5::finish_relaxed::max1.5::L3_reset_control_corrected,m1680-spec-0004::tw1.5::finish_relaxed::max1.5,m1680-spec-0004,L3_reset_control_corrected,T4,t4_actuator_delay_response|capability_step_up,mapping_window_unspecified,t4_actuator_delay_response,t4_actuator_delay_response,1.5,relaxed,1.5,runs/m1674_controller_family_one_seed_public_pilot/configs/L3_reset_control_corrected_seed167400.json,runs/m1674_controller_family_one_seed_public_pilot/profile_runs/L3_reset_control_corrected/seed_167400/checkpoint.pt,True,True,False,False,False,mid_calibration_variant,m1680-spec-0004::tw1.5::finish_relaxed::max1.5::L3_reset_control_corrected
m1680-spec-0004::tw2::finish_original::max1.5::L0_current_masked,m1680-spec-0004::tw2::finish_original::max1.5,m1680-spec-0004,L0_current_masked,T4,t4_actuator_delay_response|capability_step_up,mapping_window_unspecified,t4_actuator_delay_response,t4_actuator_delay_response,2.0,original,1.5,runs/m1674_controller_family_one_seed_public_pilot/configs/L0_current_masked_seed167400.json,runs/m1674_controller_family_one_seed_public_pilot/profile_runs/L0_current_masked/seed_167400/checkpoint.pt,True,True,False,False,False,best_off_track_variant,m1680-spec-0004::tw2::finish_original::max1.5::L0_current_masked
m1680-spec-0004::tw2::finish_original::max1.5::L1_one_step,m1680-spec-0004::tw2::finish_original::max1.5,m1680-spec-0004,L1_one_step,T4,t4_actuator_delay_response|capability_step_up,mapping_window_unspecified,t4_actuator_delay_response,t4_actuator_delay_response,2.0,original,1.5,runs/m1674_controller_family_one_seed_public_pilot/configs/L1_one_step_seed167400.json,runs/m1674_controller_family_one_seed_public_pilot/profile_runs/L1_one_step/seed_167400/checkpoint.pt,True,True,False,False,False,best_off_track_variant,m1680-spec-0004::tw2::finish_original::max1.5::L1_one_step
m1680-spec-0004::tw2::finish_original::max1.5::L2_window_13,m1680-spec-0004::tw2::finish_original::max1.5,m1680-spec-0004,L2_window_13,T4,t4_actuator_delay_response|capability_step_up,mapping_window_unspecified,t4_actuator_delay_response,t4_actuator_delay_response,2.0,original,1.5,runs/m1674_controller_family_one_seed_public_pilot/configs/L2_window_13_seed167400.json,runs/m1674_controller_family_one_seed_public_pilot/profile_runs/L2_window_13/seed_167400/checkpoint.pt,True,True,False,False,False,best_off_track_variant,m1680-spec-0004::tw2::finish_original::max1.5::L2_window_13
m1680-spec-0004::tw2::finish_original::max1.5::L2_window_13_current_tiled,m1680-spec-0004::tw2::finish_original::max1.5,m1680-spec-0004,L2_window_13_current_tiled,T4,t4_actuator_delay_response|capability_step_up,mapping_window_unspecified,t4_actuator_delay_response,t4_actuator_delay_response,2.0,original,1.5,runs/m1674_controller_family_one_seed_public_pilot/configs/L2_window_13_current_tiled_seed167400.json,runs/m1674_controller_family_one_seed_public_pilot/profile_runs/L2_window_13_current_tiled/seed_167400/checkpoint.pt,True,True,False,False,False,best_off_track_variant,m1680-spec-0004::tw2::finish_original::max1.5::L2_window_13_current_tiled
m1680-spec-0004::tw2::finish_original::max1.5::L2_window_25,m1680-spec-0004::tw2::finish_original::max1.5,m1680-spec-0004,L2_window_25,T4,t4_actuator_delay_response|capability_step_up,mapping_window_unspecified,t4_actuator_delay_response,t4_actuator_delay_response,2.0,original,1.5,runs/m1674_controller_family_one_seed_public_pilot/configs/L2_window_25_seed167400.json,runs/m1674_controller_family_one_seed_public_pilot/profile_runs/L2_window_25/seed_167400/checkpoint.pt,True,True,False,False,False,best_off_track_variant,m1680-spec-0004::tw2::finish_original::max1.5::L2_window_25
m1680-spec-0004::tw2::finish_original::max1.5::L2_window_25_current_tiled,m1680-spec-0004::tw2::finish_original::max1.5,m1680-spec-0004,L2_window_25_current_tiled,T4,t4_actuator_delay_response|capability_step_up,mapping_window_unspecified,t4_actuator_delay_response,t4_actuator_delay_response,2.0,original,1.5,runs/m1674_controller_family_one_seed_public_pilot/configs/L2_window_25_current_tiled_seed167400.json,runs/m1674_controller_family_one_seed_public_pilot/profile_runs/L2_window_25_current_tiled/seed_167400/checkpoint.pt,True,True,False,False,False,best_off_track_variant,m1680-spec-0004::tw2::finish_original::max1.5::L2_window_25_current_tiled
m1680-spec-0004::tw2::finish_original::max1.5::L2_window_50,m1680-spec-0004::tw2::finish_original::max1.5,m1680-spec-0004,L2_window_50,T4,t4_actuator_delay_response|capability_step_up,mapping_window_unspecified,t4_actuator_delay_response,t4_actuator_delay_response,2.0,original,1.5,runs/m1674_controller_family_one_seed_public_pilot/configs/L2_window_50_seed167400.json,runs/m1674_controller_family_one_seed_public_pilot/profile_runs/L2_window_50/seed_167400/checkpoint.pt,True,True,False,False,False,best_off_track_variant,m1680-spec-0004::tw2::finish_original::max1.5::L2_window_50
m1680-spec-0004::tw2::finish_original::max1.5::L2_window_50_current_tiled,m1680-spec-0004::tw2::finish_original::max1.5,m1680-spec-0004,L2_window_50_current_tiled,T4,t4_actuator_delay_response|capability_step_up,mapping_window_unspecified,t4_actuator_delay_response,t4_actuator_delay_response,2.0,original,1.5,runs/m1674_controller_family_one_seed_public_pilot/configs/L2_window_50_current_tiled_seed167400.json,runs/m1674_controller_family_one_seed_public_pilot/profile_runs/L2_window_50_current_tiled/seed_167400/checkpoint.pt,True,True,False,False,False,best_off_track_variant,m1680-spec-0004::tw2::finish_original::max1.5::L2_window_50_current_tiled
m1680-spec-0004::tw2::finish_original::max1.5::L2_window_100,m1680-spec-0004::tw2::finish_original::max1.5,m1680-spec-0004,L2_window_100,T4,t4_actuator_delay_response|capability_step_up,mapping_window_unspecified,t4_actuator_delay_response,t4_actuator_delay_response,2.0,original,1.5,runs/m1674_controller_family_one_seed_public_pilot/configs/L2_window_100_seed167400.json,runs/m1674_controller_family_one_seed_public_pilot/profile_runs/L2_window_100/seed_167400/checkpoint.pt,True,True,False,False,False,best_off_track_variant,m1680-spec-0004::tw2::finish_original::max1.5::L2_window_100
m1680-spec-0004::tw2::finish_original::max1.5::L2_window_100_current_tiled,m1680-spec-0004::tw2::finish_original::max1.5,m1680-spec-0004,L2_window_100_current_tiled,T4,t4_actuator_delay_response|capability_step_up,mapping_window_unspecified,t4_actuator_delay_response,t4_actuator_delay_response,2.0,original,1.5,runs/m1674_controller_family_one_seed_public_pilot/configs/L2_window_100_current_tiled_seed167400.json,runs/m1674_controller_family_one_seed_public_pilot/profile_runs/L2_window_100_current_tiled/seed_167400/checkpoint.pt,True,True,False,False,False,best_off_track_variant,m1680-spec-0004::tw2::finish_original::max1.5::L2_window_100_current_tiled
m1680-spec-0004::tw2::finish_original::max1.5::L3_online_gru,m1680-spec-0004::tw2::finish_original::max1.5,m1680-spec-0004,L3_online_gru,T4,t4_actuator_delay_response|capability_step_up,mapping_window_unspecified,t4_actuator_delay_response,t4_actuator_delay_response,2.0,original,1.5,runs/m1674_controller_family_one_seed_public_pilot/configs/L3_online_gru_seed167400.json,runs/m1674_controller_family_one_seed_public_pilot/profile_runs/L3_online_gru/seed_167400/checkpoint.pt,True,True,False,False,False,best_off_track_variant,m1680-spec-0004::tw2::finish_original::max1.5::L3_online_gru
m1680-spec-0004::tw2::finish_original::max1.5::L3_reset_control_corrected,m1680-spec-0004::tw2::finish_original::max1.5,m1680-spec-0004,L3_reset_control_corrected,T4,t4_actuator_delay_response|capability_step_up,mapping_window_unspecified,t4_actuator_delay_response,t4_actuator_delay_response,2.0,original,1.5,runs/m1674_controller_family_one_seed_public_pilot/configs/L3_reset_control_corrected_seed167400.json,runs/m1674_controller_family_one_seed_public_pilot/profile_runs/L3_reset_control_corrected/seed_167400/checkpoint.pt,True,True,False,False,False,best_off_track_variant,m1680-spec-0004::tw2::finish_original::max1.5::L3_reset_control_corrected
m1680-spec-0004::tw2::finish_relaxed::max1::L0_current_masked,m1680-spec-0004::tw2::finish_relaxed::max1,m1680-spec-0004,L0_current_masked,T4,t4_actuator_delay_response|capability_step_up,mapping_window_unspecified,t4_actuator_delay_response,t4_actuator_delay_response,2.0,relaxed,1.0,runs/m1674_controller_family_one_seed_public_pilot/configs/L0_current_masked_seed167400.json,runs/m1674_controller_family_one_seed_public_pilot/profile_runs/L0_current_masked/seed_167400/checkpoint.pt,True,True,False,False,False,collision_control_wide_relaxed,m1680-spec-0004::tw2::finish_relaxed::max1::L0_current_masked
m1680-spec-0004::tw2::finish_relaxed::max1::L1_one_step,m1680-spec-0004::tw2::finish_relaxed::max1,m1680-spec-0004,L1_one_step,T4,t4_actuator_delay_response|capability_step_up,mapping_window_unspecified,t4_actuator_delay_response,t4_actuator_delay_response,2.0,relaxed,1.0,runs/m1674_controller_family_one_seed_public_pilot/configs/L1_one_step_seed167400.json,runs/m1674_controller_family_one_seed_public_pilot/profile_runs/L1_one_step/seed_167400/checkpoint.pt,True,True,False,False,False,collision_control_wide_relaxed,m1680-spec-0004::tw2::finish_relaxed::max1::L1_one_step
m1680-spec-0004::tw2::finish_relaxed::max1::L2_window_13,m1680-spec-0004::tw2::finish_relaxed::max1,m1680-spec-0004,L2_window_13,T4,t4_actuator_delay_response|capability_step_up,mapping_window_unspecified,t4_actuator_delay_response,t4_actuator_delay_response,2.0,relaxed,1.0,runs/m1674_controller_family_one_seed_public_pilot/configs/L2_window_13_seed167400.json,runs/m1674_controller_family_one_seed_public_pilot/profile_runs/L2_window_13/seed_167400/checkpoint.pt,True,True,False,False,False,collision_control_wide_relaxed,m1680-spec-0004::tw2::finish_relaxed::max1::L2_window_13
m1680-spec-0004::tw2::finish_relaxed::max1::L2_window_13_current_tiled,m1680-spec-0004::tw2::finish_relaxed::max1,m1680-spec-0004,L2_window_13_current_tiled,T4,t4_actuator_delay_response|capability_step_up,mapping_window_unspecified,t4_actuator_delay_response,t4_actuator_delay_response,2.0,relaxed,1.0,runs/m1674_controller_family_one_seed_public_pilot/configs/L2_window_13_current_tiled_seed167400.json,runs/m1674_controller_family_one_seed_public_pilot/profile_runs/L2_window_13_current_tiled/seed_167400/checkpoint.pt,True,True,False,False,False,collision_control_wide_relaxed,m1680-spec-0004::tw2::finish_relaxed::max1::L2_window_13_current_tiled
m1680-spec-0004::tw2::finish_relaxed::max1::L2_window_25,m1680-spec-0004::tw2::finish_relaxed::max1,m1680-spec-0004,L2_window_25,T4,t4_actuator_delay_response|capability_step_up,mapping_window_unspecified,t4_actuator_delay_response,t4_actuator_delay_response,2.0,relaxed,1.0,runs/m1674_controller_family_one_seed_public_pilot/configs/L2_window_25_seed167400.json,runs/m1674_controller_family_one_seed_public_pilot/profile_runs/L2_window_25/seed_167400/checkpoint.pt,True,True,False,False,False,collision_control_wide_relaxed,m1680-spec-0004::tw2::finish_relaxed::max1::L2_window_25
m1680-spec-0004::tw2::finish_relaxed::max1::L2_window_25_current_tiled,m1680-spec-0004::tw2::finish_relaxed::max1,m1680-spec-0004,L2_window_25_current_tiled,T4,t4_actuator_delay_response|capability_step_up,mapping_window_unspecified,t4_actuator_delay_response,t4_actuator_delay_response,2.0,relaxed,1.0,runs/m1674_controller_family_one_seed_public_pilot/configs/L2_window_25_current_tiled_seed167400.json,runs/m1674_controller_family_one_seed_public_pilot/profile_runs/L2_window_25_current_tiled/seed_167400/checkpoint.pt,True,True,False,False,False,collision_control_wide_relaxed,m1680-spec-0004::tw2::finish_relaxed::max1::L2_window_25_current_tiled
m1680-spec-0004::tw2::finish_relaxed::max1::L2_window_50,m1680-spec-0004::tw2::finish_relaxed::max1,m1680-spec-0004,L2_window_50,T4,t4_actuator_delay_response|capability_step_up,mapping_window_unspecified,t4_actuator_delay_response,t4_actuator_delay_response,2.0,relaxed,1.0,runs/m1674_controller_family_one_seed_public_pilot/configs/L2_window_50_seed167400.json,runs/m1674_controller_family_one_seed_public_pilot/profile_runs/L2_window_50/seed_167400/checkpoint.pt,True,True,False,False,False,collision_control_wide_relaxed,m1680-spec-0004::tw2::finish_relaxed::max1::L2_window_50
m1680-spec-0004::tw2::finish_relaxed::max1::L2_window_50_current_tiled,m1680-spec-0004::tw2::finish_relaxed::max1,m1680-spec-0004,L2_window_50_current_tiled,T4,t4_actuator_delay_response|capability_step_up,mapping_window_unspecified,t4_actuator_delay_response,t4_actuator_delay_response,2.0,relaxed,1.0,runs/m1674_controller_family_one_seed_public_pilot/configs/L2_window_50_current_tiled_seed167400.json,runs/m1674_controller_family_one_seed_public_pilot/profile_runs/L2_window_50_current_tiled/seed_167400/checkpoint.pt,True,True,False,False,False,collision_control_wide_relaxed,m1680-spec-0004::tw2::finish_relaxed::max1::L2_window_50_current_tiled
m1680-spec-0004::tw2::finish_relaxed::max1::L2_window_100,m1680-spec-0004::tw2::finish_relaxed::max1,m1680-spec-0004,L2_window_100,T4,t4_actuator_delay_response|capability_step_up,mapping_window_unspecified,t4_actuator_delay_response,t4_actuator_delay_response,2.0,relaxed,1.0,runs/m1674_controller_family_one_seed_public_pilot/configs/L2_window_100_seed167400.json,runs/m1674_controller_family_one_seed_public_pilot/profile_runs/L2_window_100/seed_167400/checkpoint.pt,True,True,False,False,False,collision_control_wide_relaxed,m1680-spec-0004::tw2::finish_relaxed::max1::L2_window_100
m1680-spec-0004::tw2::finish_relaxed::max1::L2_window_100_current_tiled,m1680-spec-0004::tw2::finish_relaxed::max1,m1680-spec-0004,L2_window_100_current_tiled,T4,t4_actuator_delay_response|capability_step_up,mapping_window_unspecified,t4_actuator_delay_response,t4_actuator_delay_response,2.0,relaxed,1.0,runs/m1674_controller_family_one_seed_public_pilot/configs/L2_window_100_current_tiled_seed167400.json,runs/m1674_controller_family_one_seed_public_pilot/profile_runs/L2_window_100_current_tiled/seed_167400/checkpoint.pt,True,True,False,False,False,collision_control_wide_relaxed,m1680-spec-0004::tw2::finish_relaxed::max1::L2_window_100_current_tiled
m1680-spec-0004::tw2::finish_relaxed::max1::L3_online_gru,m1680-spec-0004::tw2::finish_relaxed::max1,m1680-spec-0004,L3_online_gru,T4,t4_actuator_delay_response|capability_step_up,mapping_window_unspecified,t4_actuator_delay_response,t4_actuator_delay_response,2.0,relaxed,1.0,runs/m1674_controller_family_one_seed_public_pilot/configs/L3_online_gru_seed167400.json,runs/m1674_controller_family_one_seed_public_pilot/profile_runs/L3_online_gru/seed_167400/checkpoint.pt,True,True,False,False,False,collision_control_wide_relaxed,m1680-spec-0004::tw2::finish_relaxed::max1::L3_online_gru
m1680-spec-0004::tw2::finish_relaxed::max1::L3_reset_control_corrected,m1680-spec-0004::tw2::finish_relaxed::max1,m1680-spec-0004,L3_reset_control_corrected,T4,t4_actuator_delay_response|capability_step_up,mapping_window_unspecified,t4_actuator_delay_response,t4_actuator_delay_response,2.0,relaxed,1.0,runs/m1674_controller_family_one_seed_public_pilot/configs/L3_reset_control_corrected_seed167400.json,runs/m1674_controller_family_one_seed_public_pilot/profile_runs/L3_reset_control_corrected/seed_167400/checkpoint.pt,True,True,False,False,False,collision_control_wide_relaxed,m1680-spec-0004::tw2::finish_relaxed::max1::L3_reset_control_corrected
m1680-spec-0005::tw1::finish_original::max1::L0_current_masked,m1680-spec-0005::tw1::finish_original::max1,m1680-spec-0005,L0_current_masked,T4,t4_capability_step_temporal|capability_step_down,mapping_window_unspecified,t4_capability_step_temporal,t4_capability_step_temporal,1.0,original,1.0,runs/m1674_controller_family_one_seed_public_pilot/configs/L0_current_masked_seed167400.json,runs/m1674_controller_family_one_seed_public_pilot/profile_runs/L0_current_masked/seed_167400/checkpoint.pt,True,True,False,False,False,original_axis_baseline,m1680-spec-0005::tw1::finish_original::max1::L0_current_masked
m1680-spec-0005::tw1::finish_original::max1::L1_one_step,m1680-spec-0005::tw1::finish_original::max1,m1680-spec-0005,L1_one_step,T4,t4_capability_step_temporal|capability_step_down,mapping_window_unspecified,t4_capability_step_temporal,t4_capability_step_temporal,1.0,original,1.0,runs/m1674_controller_family_one_seed_public_pilot/configs/L1_one_step_seed167400.json,runs/m1674_controller_family_one_seed_public_pilot/profile_runs/L1_one_step/seed_167400/checkpoint.pt,True,True,False,False,False,original_axis_baseline,m1680-spec-0005::tw1::finish_original::max1::L1_one_step
m1680-spec-0005::tw1::finish_original::max1::L2_window_13,m1680-spec-0005::tw1::finish_original::max1,m1680-spec-0005,L2_window_13,T4,t4_capability_step_temporal|capability_step_down,mapping_window_unspecified,t4_capability_step_temporal,t4_capability_step_temporal,1.0,original,1.0,runs/m1674_controller_family_one_seed_public_pilot/configs/L2_window_13_seed167400.json,runs/m1674_controller_family_one_seed_public_pilot/profile_runs/L2_window_13/seed_167400/checkpoint.pt,True,True,False,False,False,original_axis_baseline,m1680-spec-0005::tw1::finish_original::max1::L2_window_13
m1680-spec-0005::tw1::finish_original::max1::L2_window_13_current_tiled,m1680-spec-0005::tw1::finish_original::max1,m1680-spec-0005,L2_window_13_current_tiled,T4,t4_capability_step_temporal|capability_step_down,mapping_window_unspecified,t4_capability_step_temporal,t4_capability_step_temporal,1.0,original,1.0,runs/m1674_controller_family_one_seed_public_pilot/configs/L2_window_13_current_tiled_seed167400.json,runs/m1674_controller_family_one_seed_public_pilot/profile_runs/L2_window_13_current_tiled/seed_167400/checkpoint.pt,True,True,False,False,False,original_axis_baseline,m1680-spec-0005::tw1::finish_original::max1::L2_window_13_current_tiled
m1680-spec-0005::tw1::finish_original::max1::L2_window_25,m1680-spec-0005::tw1::finish_original::max1,m1680-spec-0005,L2_window_25,T4,t4_capability_step_temporal|capability_step_down,mapping_window_unspecified,t4_capability_step_temporal,t4_capability_step_temporal,1.0,original,1.0,runs/m1674_controller_family_one_seed_public_pilot/configs/L2_window_25_seed167400.json,runs/m1674_controller_family_one_seed_public_pilot/profile_runs/L2_window_25/seed_167400/checkpoint.pt,True,True,False,False,False,original_axis_baseline,m1680-spec-0005::tw1::finish_original::max1::L2_window_25
m1680-spec-0005::tw1::finish_original::max1::L2_window_25_current_tiled,m1680-spec-0005::tw1::finish_original::max1,m1680-spec-0005,L2_window_25_current_tiled,T4,t4_capability_step_temporal|capability_step_down,mapping_window_unspecified,t4_capability_step_temporal,t4_capability_step_temporal,1.0,original,1.0,runs/m1674_controller_family_one_seed_public_pilot/configs/L2_window_25_current_tiled_seed167400.json,runs/m1674_controller_family_one_seed_public_pilot/profile_runs/L2_window_25_current_tiled/seed_167400/checkpoint.pt,True,True,False,False,False,original_axis_baseline,m1680-spec-0005::tw1::finish_original::max1::L2_window_25_current_tiled
m1680-spec-0005::tw1::finish_original::max1::L2_window_50,m1680-spec-0005::tw1::finish_original::max1,m1680-spec-0005,L2_window_50,T4,t4_capability_step_temporal|capability_step_down,mapping_window_unspecified,t4_capability_step_temporal,t4_capability_step_temporal,1.0,original,1.0,runs/m1674_controller_family_one_seed_public_pilot/configs/L2_window_50_seed167400.json,runs/m1674_controller_family_one_seed_public_pilot/profile_runs/L2_window_50/seed_167400/checkpoint.pt,True,True,False,False,False,original_axis_baseline,m1680-spec-0005::tw1::finish_original::max1::L2_window_50
m1680-spec-0005::tw1::finish_original::max1::L2_window_50_current_tiled,m1680-spec-0005::tw1::finish_original::max1,m1680-spec-0005,L2_window_50_current_tiled,T4,t4_capability_step_temporal|capability_step_down,mapping_window_unspecified,t4_capability_step_temporal,t4_capability_step_temporal,1.0,original,1.0,runs/m1674_controller_family_one_seed_public_pilot/configs/L2_window_50_current_tiled_seed167400.json,runs/m1674_controller_family_one_seed_public_pilot/profile_runs/L2_window_50_current_tiled/seed_167400/checkpoint.pt,True,True,False,False,False,original_axis_baseline,m1680-spec-0005::tw1::finish_original::max1::L2_window_50_current_tiled
m1680-spec-0005::tw1::finish_original::max1::L2_window_100,m1680-spec-0005::tw1::finish_original::max1,m1680-spec-0005,L2_window_100,T4,t4_capability_step_temporal|capability_step_down,mapping_window_unspecified,t4_capability_step_temporal,t4_capability_step_temporal,1.0,original,1.0,runs/m1674_controller_family_one_seed_public_pilot/configs/L2_window_100_seed167400.json,runs/m1674_controller_family_one_seed_public_pilot/profile_runs/L2_window_100/seed_167400/checkpoint.pt,True,True,False,False,False,original_axis_baseline,m1680-spec-0005::tw1::finish_original::max1::L2_window_100
m1680-spec-0005::tw1::finish_original::max1::L2_window_100_current_tiled,m1680-spec-0005::tw1::finish_original::max1,m1680-spec-0005,L2_window_100_current_tiled,T4,t4_capability_step_temporal|capability_step_down,mapping_window_unspecified,t4_capability_step_temporal,t4_capability_step_temporal,1.0,original,1.0,runs/m1674_controller_family_one_seed_public_pilot/configs/L2_window_100_current_tiled_seed167400.json,runs/m1674_controller_family_one_seed_public_pilot/profile_runs/L2_window_100_current_tiled/seed_167400/checkpoint.pt,True,True,False,False,False,original_axis_baseline,m1680-spec-0005::tw1::finish_original::max1::L2_window_100_current_tiled
m1680-spec-0005::tw1::finish_original::max1::L3_online_gru,m1680-spec-0005::tw1::finish_original::max1,m1680-spec-0005,L3_online_gru,T4,t4_capability_step_temporal|capability_step_down,mapping_window_unspecified,t4_capability_step_temporal,t4_capability_step_temporal,1.0,original,1.0,runs/m1674_controller_family_one_seed_public_pilot/configs/L3_online_gru_seed167400.json,runs/m1674_controller_family_one_seed_public_pilot/profile_runs/L3_online_gru/seed_167400/checkpoint.pt,True,True,False,False,False,original_axis_baseline,m1680-spec-0005::tw1::finish_original::max1::L3_online_gru
m1680-spec-0005::tw1::finish_original::max1::L3_reset_control_corrected,m1680-spec-0005::tw1::finish_original::max1,m1680-spec-0005,L3_reset_control_corrected,T4,t4_capability_step_temporal|capability_step_down,mapping_window_unspecified,t4_capability_step_temporal,t4_capability_step_temporal,1.0,original,1.0,runs/m1674_controller_family_one_seed_public_pilot/configs/L3_reset_control_corrected_seed167400.json,runs/m1674_controller_family_one_seed_public_pilot/profile_runs/L3_reset_control_corrected/seed_167400/checkpoint.pt,True,True,False,False,False,original_axis_baseline,m1680-spec-0005::tw1::finish_original::max1::L3_reset_control_corrected
m1680-spec-0005::tw1.5::finish_relaxed::max1.5::L0_current_masked,m1680-spec-0005::tw1.5::finish_relaxed::max1.5,m1680-spec-0005,L0_current_masked,T4,t4_capability_step_temporal|capability_step_down,mapping_window_unspecified,t4_capability_step_temporal,t4_capability_step_temporal,1.5,relaxed,1.5,runs/m1674_controller_family_one_seed_public_pilot/configs/L0_current_masked_seed167400.json,runs/m1674_controller_family_one_seed_public_pilot/profile_runs/L0_current_masked/seed_167400/checkpoint.pt,True,True,False,False,False,mid_calibration_variant,m1680-spec-0005::tw1.5::finish_relaxed::max1.5::L0_current_masked
m1680-spec-0005::tw1.5::finish_relaxed::max1.5::L1_one_step,m1680-spec-0005::tw1.5::finish_relaxed::max1.5,m1680-spec-0005,L1_one_step,T4,t4_capability_step_temporal|capability_step_down,mapping_window_unspecified,t4_capability_step_temporal,t4_capability_step_temporal,1.5,relaxed,1.5,runs/m1674_controller_family_one_seed_public_pilot/configs/L1_one_step_seed167400.json,runs/m1674_controller_family_one_seed_public_pilot/profile_runs/L1_one_step/seed_167400/checkpoint.pt,True,True,False,False,False,mid_calibration_variant,m1680-spec-0005::tw1.5::finish_relaxed::max1.5::L1_one_step
m1680-spec-0005::tw1.5::finish_relaxed::max1.5::L2_window_13,m1680-spec-0005::tw1.5::finish_relaxed::max1.5,m1680-spec-0005,L2_window_13,T4,t4_capability_step_temporal|capability_step_down,mapping_window_unspecified,t4_capability_step_temporal,t4_capability_step_temporal,1.5,relaxed,1.5,runs/m1674_controller_family_one_seed_public_pilot/configs/L2_window_13_seed167400.json,runs/m1674_controller_family_one_seed_public_pilot/profile_runs/L2_window_13/seed_167400/checkpoint.pt,True,True,False,False,False,mid_calibration_variant,m1680-spec-0005::tw1.5::finish_relaxed::max1.5::L2_window_13
m1680-spec-0005::tw1.5::finish_relaxed::max1.5::L2_window_13_current_tiled,m1680-spec-0005::tw1.5::finish_relaxed::max1.5,m1680-spec-0005,L2_window_13_current_tiled,T4,t4_capability_step_temporal|capability_step_down,mapping_window_unspecified,t4_capability_step_temporal,t4_capability_step_temporal,1.5,relaxed,1.5,runs/m1674_controller_family_one_seed_public_pilot/configs/L2_window_13_current_tiled_seed167400.json,runs/m1674_controller_family_one_seed_public_pilot/profile_runs/L2_window_13_current_tiled/seed_167400/checkpoint.pt,True,True,False,False,False,mid_calibration_variant,m1680-spec-0005::tw1.5::finish_relaxed::max1.5::L2_window_13_current_tiled
m1680-spec-0005::tw1.5::finish_relaxed::max1.5::L2_window_25,m1680-spec-0005::tw1.5::finish_relaxed::max1.5,m1680-spec-0005,L2_window_25,T4,t4_capability_step_temporal|capability_step_down,mapping_window_unspecified,t4_capability_step_temporal,t4_capability_step_temporal,1.5,relaxed,1.5,runs/m1674_controller_family_one_seed_public_pilot/configs/L2_window_25_seed167400.json,runs/m1674_controller_family_one_seed_public_pilot/profile_runs/L2_window_25/seed_167400/checkpoint.pt,True,True,False,False,False,mid_calibration_variant,m1680-spec-0005::tw1.5::finish_relaxed::max1.5::L2_window_25
m1680-spec-0005::tw1.5::finish_relaxed::max1.5::L2_window_25_current_tiled,m1680-spec-0005::tw1.5::finish_relaxed::max1.5,m1680-spec-0005,L2_window_25_current_tiled,T4,t4_capability_step_temporal|capability_step_down,mapping_window_unspecified,t4_capability_step_temporal,t4_capability_step_temporal,1.5,relaxed,1.5,runs/m1674_controller_family_one_seed_public_pilot/configs/L2_window_25_current_tiled_seed167400.json,runs/m1674_controller_family_one_seed_public_pilot/profile_runs/L2_window_25_current_tiled/seed_167400/checkpoint.pt,True,True,False,False,False,mid_calibration_variant,m1680-spec-0005::tw1.5::finish_relaxed::max1.5::L2_window_25_current_tiled
m1680-spec-0005::tw1.5::finish_relaxed::max1.5::L2_window_50,m1680-spec-0005::tw1.5::finish_relaxed::max1.5,m1680-spec-0005,L2_window_50,T4,t4_capability_step_temporal|capability_step_down,mapping_window_unspecified,t4_capability_step_temporal,t4_capability_step_temporal,1.5,relaxed,1.5,runs/m1674_controller_family_one_seed_public_pilot/configs/L2_window_50_seed167400.json,runs/m1674_controller_family_one_seed_public_pilot/profile_runs/L2_window_50/seed_167400/checkpoint.pt,True,True,False,False,False,mid_calibration_variant,m1680-spec-0005::tw1.5::finish_relaxed::max1.5::L2_window_50
m1680-spec-0005::tw1.5::finish_relaxed::max1.5::L2_window_50_current_tiled,m1680-spec-0005::tw1.5::finish_relaxed::max1.5,m1680-spec-0005,L2_window_50_current_tiled,T4,t4_capability_step_temporal|capability_step_down,mapping_window_unspecified,t4_capability_step_temporal,t4_capability_step_temporal,1.5,relaxed,1.5,runs/m1674_controller_family_one_seed_public_pilot/configs/L2_window_50_current_tiled_seed167400.json,runs/m1674_controller_family_one_seed_public_pilot/profile_runs/L2_window_50_current_tiled/seed_167400/checkpoint.pt,True,True,False,False,False,mid_calibration_variant,m1680-spec-0005::tw1.5::finish_relaxed::max1.5::L2_window_50_current_tiled
m1680-spec-0005::tw1.5::finish_relaxed::max1.5::L2_window_100,m1680-spec-0005::tw1.5::finish_relaxed::max1.5,m1680-spec-0005,L2_window_100,T4,t4_capability_step_temporal|capability_step_down,mapping_window_unspecified,t4_capability_step_temporal,t4_capability_step_temporal,1.5,relaxed,1.5,runs/m1674_controller_family_one_seed_public_pilot/configs/L2_window_100_seed167400.json,runs/m1674_controller_family_one_seed_public_pilot/profile_runs/L2_window_100/seed_167400/checkpoint.pt,True,True,False,False,False,mid_calibration_variant,m1680-spec-0005::tw1.5::finish_relaxed::max1.5::L2_window_100
m1680-spec-0005::tw1.5::finish_relaxed::max1.5::L2_window_100_current_tiled,m1680-spec-0005::tw1.5::finish_relaxed::max1.5,m1680-spec-0005,L2_window_100_current_tiled,T4,t4_capability_step_temporal|capability_step_down,mapping_window_unspecified,t4_capability_step_temporal,t4_capability_step_temporal,1.5,relaxed,1.5,runs/m1674_controller_family_one_seed_public_pilot/configs/L2_window_100_current_tiled_seed167400.json,runs/m1674_controller_family_one_seed_public_pilot/profile_runs/L2_window_100_current_tiled/seed_167400/checkpoint.pt,True,True,False,False,False,mid_calibration_variant,m1680-spec-0005::tw1.5::finish_relaxed::max1.5::L2_window_100_current_tiled
m1680-spec-0005::tw1.5::finish_relaxed::max1.5::L3_online_gru,m1680-spec-0005::tw1.5::finish_relaxed::max1.5,m1680-spec-0005,L3_online_gru,T4,t4_capability_step_temporal|capability_step_down,mapping_window_unspecified,t4_capability_step_temporal,t4_capability_step_temporal,1.5,relaxed,1.5,runs/m1674_controller_family_one_seed_public_pilot/configs/L3_online_gru_seed167400.json,runs/m1674_controller_family_one_seed_public_pilot/profile_runs/L3_online_gru/seed_167400/checkpoint.pt,True,True,False,False,False,mid_calibration_variant,m1680-spec-0005::tw1.5::finish_relaxed::max1.5::L3_online_gru
m1680-spec-0005::tw1.5::finish_relaxed::max1.5::L3_reset_control_corrected,m1680-spec-0005::tw1.5::finish_relaxed::max1.5,m1680-spec-0005,L3_reset_control_corrected,T4,t4_capability_step_temporal|capability_step_down,mapping_window_unspecified,t4_capability_step_temporal,t4_capability_step_temporal,1.5,relaxed,1.5,runs/m1674_controller_family_one_seed_public_pilot/configs/L3_reset_control_corrected_seed167400.json,runs/m1674_controller_family_one_seed_public_pilot/profile_runs/L3_reset_control_corrected/seed_167400/checkpoint.pt,True,True,False,False,False,mid_calibration_variant,m1680-spec-0005::tw1.5::finish_relaxed::max1.5::L3_reset_control_corrected
m1680-spec-0005::tw2::finish_original::max1.5::L0_current_masked,m1680-spec-0005::tw2::finish_original::max1.5,m1680-spec-0005,L0_current_masked,T4,t4_capability_step_temporal|capability_step_down,mapping_window_unspecified,t4_capability_step_temporal,t4_capability_step_temporal,2.0,original,1.5,runs/m1674_controller_family_one_seed_public_pilot/configs/L0_current_masked_seed167400.json,runs/m1674_controller_family_one_seed_public_pilot/profile_runs/L0_current_masked/seed_167400/checkpoint.pt,True,True,False,False,False,best_off_track_variant,m1680-spec-0005::tw2::finish_original::max1.5::L0_current_masked
m1680-spec-0005::tw2::finish_original::max1.5::L1_one_step,m1680-spec-0005::tw2::finish_original::max1.5,m1680-spec-0005,L1_one_step,T4,t4_capability_step_temporal|capability_step_down,mapping_window_unspecified,t4_capability_step_temporal,t4_capability_step_temporal,2.0,original,1.5,runs/m1674_controller_family_one_seed_public_pilot/configs/L1_one_step_seed167400.json,runs/m1674_controller_family_one_seed_public_pilot/profile_runs/L1_one_step/seed_167400/checkpoint.pt,True,True,False,False,False,best_off_track_variant,m1680-spec-0005::tw2::finish_original::max1.5::L1_one_step
m1680-spec-0005::tw2::finish_original::max1.5::L2_window_13,m1680-spec-0005::tw2::finish_original::max1.5,m1680-spec-0005,L2_window_13,T4,t4_capability_step_temporal|capability_step_down,mapping_window_unspecified,t4_capability_step_temporal,t4_capability_step_temporal,2.0,original,1.5,runs/m1674_controller_family_one_seed_public_pilot/configs/L2_window_13_seed167400.json,runs/m1674_controller_family_one_seed_public_pilot/profile_runs/L2_window_13/seed_167400/checkpoint.pt,True,True,False,False,False,best_off_track_variant,m1680-spec-0005::tw2::finish_original::max1.5::L2_window_13
m1680-spec-0005::tw2::finish_original::max1.5::L2_window_13_current_tiled,m1680-spec-0005::tw2::finish_original::max1.5,m1680-spec-0005,L2_window_13_current_tiled,T4,t4_capability_step_temporal|capability_step_down,mapping_window_unspecified,t4_capability_step_temporal,t4_capability_step_temporal,2.0,original,1.5,runs/m1674_controller_family_one_seed_public_pilot/configs/L2_window_13_current_tiled_seed167400.json,runs/m1674_controller_family_one_seed_public_pilot/profile_runs/L2_window_13_current_tiled/seed_167400/checkpoint.pt,True,True,False,False,False,best_off_track_variant,m1680-spec-0005::tw2::finish_original::max1.5::L2_window_13_current_tiled
m1680-spec-0005::tw2::finish_original::max1.5::L2_window_25,m1680-spec-0005::tw2::finish_original::max1.5,m1680-spec-0005,L2_window_25,T4,t4_capability_step_temporal|capability_step_down,mapping_window_unspecified,t4_capability_step_temporal,t4_capability_step_temporal,2.0,original,1.5,runs/m1674_controller_family_one_seed_public_pilot/configs/L2_window_25_seed167400.json,runs/m1674_controller_family_one_seed_public_pilot/profile_runs/L2_window_25/seed_167400/checkpoint.pt,True,True,False,False,False,best_off_track_variant,m1680-spec-0005::tw2::finish_original::max1.5::L2_window_25
m1680-spec-0005::tw2::finish_original::max1.5::L2_window_25_current_tiled,m1680-spec-0005::tw2::finish_original::max1.5,m1680-spec-0005,L2_window_25_current_tiled,T4,t4_capability_step_temporal|capability_step_down,mapping_window_unspecified,t4_capability_step_temporal,t4_capability_step_temporal,2.0,original,1.5,runs/m1674_controller_family_one_seed_public_pilot/configs/L2_window_25_current_tiled_seed167400.json,runs/m1674_controller_family_one_seed_public_pilot/profile_runs/L2_window_25_current_tiled/seed_167400/checkpoint.pt,True,True,False,False,False,best_off_track_variant,m1680-spec-0005::tw2::finish_original::max1.5::L2_window_25_current_tiled
m1680-spec-0005::tw2::finish_original::max1.5::L2_window_50,m1680-spec-0005::tw2::finish_original::max1.5,m1680-spec-0005,L2_window_50,T4,t4_capability_step_temporal|capability_step_down,mapping_window_unspecified,t4_capability_step_temporal,t4_capability_step_temporal,2.0,original,1.5,runs/m1674_controller_family_one_seed_public_pilot/configs/L2_window_50_seed167400.json,runs/m1674_controller_family_one_seed_public_pilot/profile_runs/L2_window_50/seed_167400/checkpoint.pt,True,True,False,False,False,best_off_track_variant,m1680-spec-0005::tw2::finish_original::max1.5::L2_window_50
m1680-spec-0005::tw2::finish_original::max1.5::L2_window_50_current_tiled,m1680-spec-0005::tw2::finish_original::max1.5,m1680-spec-0005,L2_window_50_current_tiled,T4,t4_capability_step_temporal|capability_step_down,mapping_window_unspecified,t4_capability_step_temporal,t4_capability_step_temporal,2.0,original,1.5,runs/m1674_controller_family_one_seed_public_pilot/configs/L2_window_50_current_tiled_seed167400.json,runs/m1674_controller_family_one_seed_public_pilot/profile_runs/L2_window_50_current_tiled/seed_167400/checkpoint.pt,True,True,False,False,False,best_off_track_variant,m1680-spec-0005::tw2::finish_original::max1.5::L2_window_50_current_tiled
m1680-spec-0005::tw2::finish_original::max1.5::L2_window_100,m1680-spec-0005::tw2::finish_original::max1.5,m1680-spec-0005,L2_window_100,T4,t4_capability_step_temporal|capability_step_down,mapping_window_unspecified,t4_capability_step_temporal,t4_capability_step_temporal,2.0,original,1.5,runs/m1674_controller_family_one_seed_public_pilot/configs/L2_window_100_seed167400.json,runs/m1674_controller_family_one_seed_public_pilot/profile_runs/L2_window_100/seed_167400/checkpoint.pt,True,True,False,False,False,best_off_track_variant,m1680-spec-0005::tw2::finish_original::max1.5::L2_window_100
m1680-spec-0005::tw2::finish_original::max1.5::L2_window_100_current_tiled,m1680-spec-0005::tw2::finish_original::max1.5,m1680-spec-0005,L2_window_100_current_tiled,T4,t4_capability_step_temporal|capability_step_down,mapping_window_unspecified,t4_capability_step_temporal,t4_capability_step_temporal,2.0,original,1.5,runs/m1674_controller_family_one_seed_public_pilot/configs/L2_window_100_current_tiled_seed167400.json,runs/m1674_controller_family_one_seed_public_pilot/profile_runs/L2_window_100_current_tiled/seed_167400/checkpoint.pt,True,True,False,False,False,best_off_track_variant,m1680-spec-0005::tw2::finish_original::max1.5::L2_window_100_current_tiled
m1680-spec-0005::tw2::finish_original::max1.5::L3_online_gru,m1680-spec-0005::tw2::finish_original::max1.5,m1680-spec-0005,L3_online_gru,T4,t4_capability_step_temporal|capability_step_down,mapping_window_unspecified,t4_capability_step_temporal,t4_capability_step_temporal,2.0,original,1.5,runs/m1674_controller_family_one_seed_public_pilot/configs/L3_online_gru_seed167400.json,runs/m1674_controller_family_one_seed_public_pilot/profile_runs/L3_online_gru/seed_167400/checkpoint.pt,True,True,False,False,False,best_off_track_variant,m1680-spec-0005::tw2::finish_original::max1.5::L3_online_gru
m1680-spec-0005::tw2::finish_original::max1.5::L3_reset_control_corrected,m1680-spec-0005::tw2::finish_original::max1.5,m1680-spec-0005,L3_reset_control_corrected,T4,t4_capability_step_temporal|capability_step_down,mapping_window_unspecified,t4_capability_step_temporal,t4_capability_step_temporal,2.0,original,1.5,runs/m1674_controller_family_one_seed_public_pilot/configs/L3_reset_control_corrected_seed167400.json,runs/m1674_controller_family_one_seed_public_pilot/profile_runs/L3_reset_control_corrected/seed_167400/checkpoint.pt,True,True,False,False,False,best_off_track_variant,m1680-spec-0005::tw2::finish_original::max1.5::L3_reset_control_corrected
m1680-spec-0005::tw2::finish_relaxed::max1::L0_current_masked,m1680-spec-0005::tw2::finish_relaxed::max1,m1680-spec-0005,L0_current_masked,T4,t4_capability_step_temporal|capability_step_down,mapping_window_unspecified,t4_capability_step_temporal,t4_capability_step_temporal,2.0,relaxed,1.0,runs/m1674_controller_family_one_seed_public_pilot/configs/L0_current_masked_seed167400.json,runs/m1674_controller_family_one_seed_public_pilot/profile_runs/L0_current_masked/seed_167400/checkpoint.pt,True,True,False,False,False,collision_control_wide_relaxed,m1680-spec-0005::tw2::finish_relaxed::max1::L0_current_masked
m1680-spec-0005::tw2::finish_relaxed::max1::L1_one_step,m1680-spec-0005::tw2::finish_relaxed::max1,m1680-spec-0005,L1_one_step,T4,t4_capability_step_temporal|capability_step_down,mapping_window_unspecified,t4_capability_step_temporal,t4_capability_step_temporal,2.0,relaxed,1.0,runs/m1674_controller_family_one_seed_public_pilot/configs/L1_one_step_seed167400.json,runs/m1674_controller_family_one_seed_public_pilot/profile_runs/L1_one_step/seed_167400/checkpoint.pt,True,True,False,False,False,collision_control_wide_relaxed,m1680-spec-0005::tw2::finish_relaxed::max1::L1_one_step
m1680-spec-0005::tw2::finish_relaxed::max1::L2_window_13,m1680-spec-0005::tw2::finish_relaxed::max1,m1680-spec-0005,L2_window_13,T4,t4_capability_step_temporal|capability_step_down,mapping_window_unspecified,t4_capability_step_temporal,t4_capability_step_temporal,2.0,relaxed,1.0,runs/m1674_controller_family_one_seed_public_pilot/configs/L2_window_13_seed167400.json,runs/m1674_controller_family_one_seed_public_pilot/profile_runs/L2_window_13/seed_167400/checkpoint.pt,True,True,False,False,False,collision_control_wide_relaxed,m1680-spec-0005::tw2::finish_relaxed::max1::L2_window_13
m1680-spec-0005::tw2::finish_relaxed::max1::L2_window_13_current_tiled,m1680-spec-0005::tw2::finish_relaxed::max1,m1680-spec-0005,L2_window_13_current_tiled,T4,t4_capability_step_temporal|capability_step_down,mapping_window_unspecified,t4_capability_step_temporal,t4_capability_step_temporal,2.0,relaxed,1.0,runs/m1674_controller_family_one_seed_public_pilot/configs/L2_window_13_current_tiled_seed167400.json,runs/m1674_controller_family_one_seed_public_pilot/profile_runs/L2_window_13_current_tiled/seed_167400/checkpoint.pt,True,True,False,False,False,collision_control_wide_relaxed,m1680-spec-0005::tw2::finish_relaxed::max1::L2_window_13_current_tiled
m1680-spec-0005::tw2::finish_relaxed::max1::L2_window_25,m1680-spec-0005::tw2::finish_relaxed::max1,m1680-spec-0005,L2_window_25,T4,t4_capability_step_temporal|capability_step_down,mapping_window_unspecified,t4_capability_step_temporal,t4_capability_step_temporal,2.0,relaxed,1.0,runs/m1674_controller_family_one_seed_public_pilot/configs/L2_window_25_seed167400.json,runs/m1674_controller_family_one_seed_public_pilot/profile_runs/L2_window_25/seed_167400/checkpoint.pt,True,True,False,False,False,collision_control_wide_relaxed,m1680-spec-0005::tw2::finish_relaxed::max1::L2_window_25
m1680-spec-0005::tw2::finish_relaxed::max1::L2_window_25_current_tiled,m1680-spec-0005::tw2::finish_relaxed::max1,m1680-spec-0005,L2_window_25_current_tiled,T4,t4_capability_step_temporal|capability_step_down,mapping_window_unspecified,t4_capability_step_temporal,t4_capability_step_temporal,2.0,relaxed,1.0,runs/m1674_controller_family_one_seed_public_pilot/configs/L2_window_25_current_tiled_seed167400.json,runs/m1674_controller_family_one_seed_public_pilot/profile_runs/L2_window_25_current_tiled/seed_167400/checkpoint.pt,True,True,False,False,False,collision_control_wide_relaxed,m1680-spec-0005::tw2::finish_relaxed::max1::L2_window_25_current_tiled
m1680-spec-0005::tw2::finish_relaxed::max1::L2_window_50,m1680-spec-0005::tw2::finish_relaxed::max1,m1680-spec-0005,L2_window_50,T4,t4_capability_step_temporal|capability_step_down,mapping_window_unspecified,t4_capability_step_temporal,t4_capability_step_temporal,2.0,relaxed,1.0,runs/m1674_controller_family_one_seed_public_pilot/configs/L2_window_50_seed167400.json,runs/m1674_controller_family_one_seed_public_pilot/profile_runs/L2_window_50/seed_167400/checkpoint.pt,True,True,False,False,False,collision_control_wide_relaxed,m1680-spec-0005::tw2::finish_relaxed::max1::L2_window_50
m1680-spec-0005::tw2::finish_relaxed::max1::L2_window_50_current_tiled,m1680-spec-0005::tw2::finish_relaxed::max1,m1680-spec-0005,L2_window_50_current_tiled,T4,t4_capability_step_temporal|capability_step_down,mapping_window_unspecified,t4_capability_step_temporal,t4_capability_step_temporal,2.0,relaxed,1.0,runs/m1674_controller_family_one_seed_public_pilot/configs/L2_window_50_current_tiled_seed167400.json,runs/m1674_controller_family_one_seed_public_pilot/profile_runs/L2_window_50_current_tiled/seed_167400/checkpoint.pt,True,True,False,False,False,collision_control_wide_relaxed,m1680-spec-0005::tw2::finish_relaxed::max1::L2_window_50_current_tiled
m1680-spec-0005::tw2::finish_relaxed::max1::L2_window_100,m1680-spec-0005::tw2::finish_relaxed::max1,m1680-spec-0005,L2_window_100,T4,t4_capability_step_temporal|capability_step_down,mapping_window_unspecified,t4_capability_step_temporal,t4_capability_step_temporal,2.0,relaxed,1.0,runs/m1674_controller_family_one_seed_public_pilot/configs/L2_window_100_seed167400.json,runs/m1674_controller_family_one_seed_public_pilot/profile_runs/L2_window_100/seed_167400/checkpoint.pt,True,True,False,False,False,collision_control_wide_relaxed,m1680-spec-0005::tw2::finish_relaxed::max1::L2_window_100
m1680-spec-0005::tw2::finish_relaxed::max1::L2_window_100_current_tiled,m1680-spec-0005::tw2::finish_relaxed::max1,m1680-spec-0005,L2_window_100_current_tiled,T4,t4_capability_step_temporal|capability_step_down,mapping_window_unspecified,t4_capability_step_temporal,t4_capability_step_temporal,2.0,relaxed,1.0,runs/m1674_controller_family_one_seed_public_pilot/configs/L2_window_100_current_tiled_seed167400.json,runs/m1674_controller_family_one_seed_public_pilot/profile_runs/L2_window_100_current_tiled/seed_167400/checkpoint.pt,True,True,False,False,False,collision_control_wide_relaxed,m1680-spec-0005::tw2::finish_relaxed::max1::L2_window_100_current_tiled
m1680-spec-0005::tw2::finish_relaxed::max1::L3_online_gru,m1680-spec-0005::tw2::finish_relaxed::max1,m1680-spec-0005,L3_online_gru,T4,t4_capability_step_temporal|capability_step_down,mapping_window_unspecified,t4_capability_step_temporal,t4_capability_step_temporal,2.0,relaxed,1.0,runs/m1674_controller_family_one_seed_public_pilot/configs/L3_online_gru_seed167400.json,runs/m1674_controller_family_one_seed_public_pilot/profile_runs/L3_online_gru/seed_167400/checkpoint.pt,True,True,False,False,False,collision_control_wide_relaxed,m1680-spec-0005::tw2::finish_relaxed::max1::L3_online_gru
m1680-spec-0005::tw2::finish_relaxed::max1::L3_reset_control_corrected,m1680-spec-0005::tw2::finish_relaxed::max1,m1680-spec-0005,L3_reset_control_corrected,T4,t4_capability_step_temporal|capability_step_down,mapping_window_unspecified,t4_capability_step_temporal,t4_capability_step_temporal,2.0,relaxed,1.0,runs/m1674_controller_family_one_seed_public_pilot/configs/L3_reset_control_corrected_seed167400.json,runs/m1674_controller_family_one_seed_public_pilot/profile_runs/L3_reset_control_corrected/seed_167400/checkpoint.pt,True,True,False,False,False,collision_control_wide_relaxed,m1680-spec-0005::tw2::finish_relaxed::max1::L3_reset_control_corrected
m1680-spec-0006::tw1::finish_original::max1::L0_current_masked,m1680-spec-0006::tw1::finish_original::max1,m1680-spec-0006,L0_current_masked,T4,t4_staged_warmup_capability|capability_step_up,mapping_window_unspecified,t4_staged_warmup_capability,t4_staged_warmup_capability,1.0,original,1.0,runs/m1674_controller_family_one_seed_public_pilot/configs/L0_current_masked_seed167400.json,runs/m1674_controller_family_one_seed_public_pilot/profile_runs/L0_current_masked/seed_167400/checkpoint.pt,True,True,False,False,False,original_axis_baseline,m1680-spec-0006::tw1::finish_original::max1::L0_current_masked
m1680-spec-0006::tw1::finish_original::max1::L1_one_step,m1680-spec-0006::tw1::finish_original::max1,m1680-spec-0006,L1_one_step,T4,t4_staged_warmup_capability|capability_step_up,mapping_window_unspecified,t4_staged_warmup_capability,t4_staged_warmup_capability,1.0,original,1.0,runs/m1674_controller_family_one_seed_public_pilot/configs/L1_one_step_seed167400.json,runs/m1674_controller_family_one_seed_public_pilot/profile_runs/L1_one_step/seed_167400/checkpoint.pt,True,True,False,False,False,original_axis_baseline,m1680-spec-0006::tw1::finish_original::max1::L1_one_step
m1680-spec-0006::tw1::finish_original::max1::L2_window_13,m1680-spec-0006::tw1::finish_original::max1,m1680-spec-0006,L2_window_13,T4,t4_staged_warmup_capability|capability_step_up,mapping_window_unspecified,t4_staged_warmup_capability,t4_staged_warmup_capability,1.0,original,1.0,runs/m1674_controller_family_one_seed_public_pilot/configs/L2_window_13_seed167400.json,runs/m1674_controller_family_one_seed_public_pilot/profile_runs/L2_window_13/seed_167400/checkpoint.pt,True,True,False,False,False,original_axis_baseline,m1680-spec-0006::tw1::finish_original::max1::L2_window_13
m1680-spec-0006::tw1::finish_original::max1::L2_window_13_current_tiled,m1680-spec-0006::tw1::finish_original::max1,m1680-spec-0006,L2_window_13_current_tiled,T4,t4_staged_warmup_capability|capability_step_up,mapping_window_unspecified,t4_staged_warmup_capability,t4_staged_warmup_capability,1.0,original,1.0,runs/m1674_controller_family_one_seed_public_pilot/configs/L2_window_13_current_tiled_seed167400.json,runs/m1674_controller_family_one_seed_public_pilot/profile_runs/L2_window_13_current_tiled/seed_167400/checkpoint.pt,True,True,False,False,False,original_axis_baseline,m1680-spec-0006::tw1::finish_original::max1::L2_window_13_current_tiled
m1680-spec-0006::tw1::finish_original::max1::L2_window_25,m1680-spec-0006::tw1::finish_original::max1,m1680-spec-0006,L2_window_25,T4,t4_staged_warmup_capability|capability_step_up,mapping_window_unspecified,t4_staged_warmup_capability,t4_staged_warmup_capability,1.0,original,1.0,runs/m1674_controller_family_one_seed_public_pilot/configs/L2_window_25_seed167400.json,runs/m1674_controller_family_one_seed_public_pilot/profile_runs/L2_window_25/seed_167400/checkpoint.pt,True,True,False,False,False,original_axis_baseline,m1680-spec-0006::tw1::finish_original::max1::L2_window_25
m1680-spec-0006::tw1::finish_original::max1::L2_window_25_current_tiled,m1680-spec-0006::tw1::finish_original::max1,m1680-spec-0006,L2_window_25_current_tiled,T4,t4_staged_warmup_capability|capability_step_up,mapping_window_unspecified,t4_staged_warmup_capability,t4_staged_warmup_capability,1.0,original,1.0,runs/m1674_controller_family_one_seed_public_pilot/configs/L2_window_25_current_tiled_seed167400.json,runs/m1674_controller_family_one_seed_public_pilot/profile_runs/L2_window_25_current_tiled/seed_167400/checkpoint.pt,True,True,False,False,False,original_axis_baseline,m1680-spec-0006::tw1::finish_original::max1::L2_window_25_current_tiled
m1680-spec-0006::tw1::finish_original::max1::L2_window_50,m1680-spec-0006::tw1::finish_original::max1,m1680-spec-0006,L2_window_50,T4,t4_staged_warmup_capability|capability_step_up,mapping_window_unspecified,t4_staged_warmup_capability,t4_staged_warmup_capability,1.0,original,1.0,runs/m1674_controller_family_one_seed_public_pilot/configs/L2_window_50_seed167400.json,runs/m1674_controller_family_one_seed_public_pilot/profile_runs/L2_window_50/seed_167400/checkpoint.pt,True,True,False,False,False,original_axis_baseline,m1680-spec-0006::tw1::finish_original::max1::L2_window_50
m1680-spec-0006::tw1::finish_original::max1::L2_window_50_current_tiled,m1680-spec-0006::tw1::finish_original::max1,m1680-spec-0006,L2_window_50_current_tiled,T4,t4_staged_warmup_capability|capability_step_up,mapping_window_unspecified,t4_staged_warmup_capability,t4_staged_warmup_capability,1.0,original,1.0,runs/m1674_controller_family_one_seed_public_pilot/configs/L2_window_50_current_tiled_seed167400.json,runs/m1674_controller_family_one_seed_public_pilot/profile_runs/L2_window_50_current_tiled/seed_167400/checkpoint.pt,True,True,False,False,False,original_axis_baseline,m1680-spec-0006::tw1::finish_original::max1::L2_window_50_current_tiled
m1680-spec-0006::tw1::finish_original::max1::L2_window_100,m1680-spec-0006::tw1::finish_original::max1,m1680-spec-0006,L2_window_100,T4,t4_staged_warmup_capability|capability_step_up,mapping_window_unspecified,t4_staged_warmup_capability,t4_staged_warmup_capability,1.0,original,1.0,runs/m1674_controller_family_one_seed_public_pilot/configs/L2_window_100_seed167400.json,runs/m1674_controller_family_one_seed_public_pilot/profile_runs/L2_window_100/seed_167400/checkpoint.pt,True,True,False,False,False,original_axis_baseline,m1680-spec-0006::tw1::finish_original::max1::L2_window_100
m1680-spec-0006::tw1::finish_original::max1::L2_window_100_current_tiled,m1680-spec-0006::tw1::finish_original::max1,m1680-spec-0006,L2_window_100_current_tiled,T4,t4_staged_warmup_capability|capability_step_up,mapping_window_unspecified,t4_staged_warmup_capability,t4_staged_warmup_capability,1.0,original,1.0,runs/m1674_controller_family_one_seed_public_pilot/configs/L2_window_100_current_tiled_seed167400.json,runs/m1674_controller_family_one_seed_public_pilot/profile_runs/L2_window_100_current_tiled/seed_167400/checkpoint.pt,True,True,False,False,False,original_axis_baseline,m1680-spec-0006::tw1::finish_original::max1::L2_window_100_current_tiled
m1680-spec-0006::tw1::finish_original::max1::L3_online_gru,m1680-spec-0006::tw1::finish_original::max1,m1680-spec-0006,L3_online_gru,T4,t4_staged_warmup_capability|capability_step_up,mapping_window_unspecified,t4_staged_warmup_capability,t4_staged_warmup_capability,1.0,original,1.0,runs/m1674_controller_family_one_seed_public_pilot/configs/L3_online_gru_seed167400.json,runs/m1674_controller_family_one_seed_public_pilot/profile_runs/L3_online_gru/seed_167400/checkpoint.pt,True,True,False,False,False,original_axis_baseline,m1680-spec-0006::tw1::finish_original::max1::L3_online_gru
m1680-spec-0006::tw1::finish_original::max1::L3_reset_control_corrected,m1680-spec-0006::tw1::finish_original::max1,m1680-spec-0006,L3_reset_control_corrected,T4,t4_staged_warmup_capability|capability_step_up,mapping_window_unspecified,t4_staged_warmup_capability,t4_staged_warmup_capability,1.0,original,1.0,runs/m1674_controller_family_one_seed_public_pilot/configs/L3_reset_control_corrected_seed167400.json,runs/m1674_controller_family_one_seed_public_pilot/profile_runs/L3_reset_control_corrected/seed_167400/checkpoint.pt,True,True,False,False,False,original_axis_baseline,m1680-spec-0006::tw1::finish_original::max1::L3_reset_control_corrected
m1680-spec-0006::tw1.5::finish_relaxed::max1.5::L0_current_masked,m1680-spec-0006::tw1.5::finish_relaxed::max1.5,m1680-spec-0006,L0_current_masked,T4,t4_staged_warmup_capability|capability_step_up,mapping_window_unspecified,t4_staged_warmup_capability,t4_staged_warmup_capability,1.5,relaxed,1.5,runs/m1674_controller_family_one_seed_public_pilot/configs/L0_current_masked_seed167400.json,runs/m1674_controller_family_one_seed_public_pilot/profile_runs/L0_current_masked/seed_167400/checkpoint.pt,True,True,False,False,False,mid_calibration_variant,m1680-spec-0006::tw1.5::finish_relaxed::max1.5::L0_current_masked
m1680-spec-0006::tw1.5::finish_relaxed::max1.5::L1_one_step,m1680-spec-0006::tw1.5::finish_relaxed::max1.5,m1680-spec-0006,L1_one_step,T4,t4_staged_warmup_capability|capability_step_up,mapping_window_unspecified,t4_staged_warmup_capability,t4_staged_warmup_capability,1.5,relaxed,1.5,runs/m1674_controller_family_one_seed_public_pilot/configs/L1_one_step_seed167400.json,runs/m1674_controller_family_one_seed_public_pilot/profile_runs/L1_one_step/seed_167400/checkpoint.pt,True,True,False,False,False,mid_calibration_variant,m1680-spec-0006::tw1.5::finish_relaxed::max1.5::L1_one_step
m1680-spec-0006::tw1.5::finish_relaxed::max1.5::L2_window_13,m1680-spec-0006::tw1.5::finish_relaxed::max1.5,m1680-spec-0006,L2_window_13,T4,t4_staged_warmup_capability|capability_step_up,mapping_window_unspecified,t4_staged_warmup_capability,t4_staged_warmup_capability,1.5,relaxed,1.5,runs/m1674_controller_family_one_seed_public_pilot/configs/L2_window_13_seed167400.json,runs/m1674_controller_family_one_seed_public_pilot/profile_runs/L2_window_13/seed_167400/checkpoint.pt,True,True,False,False,False,mid_calibration_variant,m1680-spec-0006::tw1.5::finish_relaxed::max1.5::L2_window_13
m1680-spec-0006::tw1.5::finish_relaxed::max1.5::L2_window_13_current_tiled,m1680-spec-0006::tw1.5::finish_relaxed::max1.5,m1680-spec-0006,L2_window_13_current_tiled,T4,t4_staged_warmup_capability|capability_step_up,mapping_window_unspecified,t4_staged_warmup_capability,t4_staged_warmup_capability,1.5,relaxed,1.5,runs/m1674_controller_family_one_seed_public_pilot/configs/L2_window_13_current_tiled_seed167400.json,runs/m1674_controller_family_one_seed_public_pilot/profile_runs/L2_window_13_current_tiled/seed_167400/checkpoint.pt,True,True,False,False,False,mid_calibration_variant,m1680-spec-0006::tw1.5::finish_relaxed::max1.5::L2_window_13_current_tiled
m1680-spec-0006::tw1.5::finish_relaxed::max1.5::L2_window_25,m1680-spec-0006::tw1.5::finish_relaxed::max1.5,m1680-spec-0006,L2_window_25,T4,t4_staged_warmup_capability|capability_step_up,mapping_window_unspecified,t4_staged_warmup_capability,t4_staged_warmup_capability,1.5,relaxed,1.5,runs/m1674_controller_family_one_seed_public_pilot/configs/L2_window_25_seed167400.json,runs/m1674_controller_family_one_seed_public_pilot/profile_runs/L2_window_25/seed_167400/checkpoint.pt,True,True,False,False,False,mid_calibration_variant,m1680-spec-0006::tw1.5::finish_relaxed::max1.5::L2_window_25
m1680-spec-0006::tw1.5::finish_relaxed::max1.5::L2_window_25_current_tiled,m1680-spec-0006::tw1.5::finish_relaxed::max1.5,m1680-spec-0006,L2_window_25_current_tiled,T4,t4_staged_warmup_capability|capability_step_up,mapping_window_unspecified,t4_staged_warmup_capability,t4_staged_warmup_capability,1.5,relaxed,1.5,runs/m1674_controller_family_one_seed_public_pilot/configs/L2_window_25_current_tiled_seed167400.json,runs/m1674_controller_family_one_seed_public_pilot/profile_runs/L2_window_25_current_tiled/seed_167400/checkpoint.pt,True,True,False,False,False,mid_calibration_variant,m1680-spec-0006::tw1.5::finish_relaxed::max1.5::L2_window_25_current_tiled
m1680-spec-0006::tw1.5::finish_relaxed::max1.5::L2_window_50,m1680-spec-0006::tw1.5::finish_relaxed::max1.5,m1680-spec-0006,L2_window_50,T4,t4_staged_warmup_capability|capability_step_up,mapping_window_unspecified,t4_staged_warmup_capability,t4_staged_warmup_capability,1.5,relaxed,1.5,runs/m1674_controller_family_one_seed_public_pilot/configs/L2_window_50_seed167400.json,runs/m1674_controller_family_one_seed_public_pilot/profile_runs/L2_window_50/seed_167400/checkpoint.pt,True,True,False,False,False,mid_calibration_variant,m1680-spec-0006::tw1.5::finish_relaxed::max1.5::L2_window_50
m1680-spec-0006::tw1.5::finish_relaxed::max1.5::L2_window_50_current_tiled,m1680-spec-0006::tw1.5::finish_relaxed::max1.5,m1680-spec-0006,L2_window_50_current_tiled,T4,t4_staged_warmup_capability|capability_step_up,mapping_window_unspecified,t4_staged_warmup_capability,t4_staged_warmup_capability,1.5,relaxed,1.5,runs/m1674_controller_family_one_seed_public_pilot/configs/L2_window_50_current_tiled_seed167400.json,runs/m1674_controller_family_one_seed_public_pilot/profile_runs/L2_window_50_current_tiled/seed_167400/checkpoint.pt,True,True,False,False,False,mid_calibration_variant,m1680-spec-0006::tw1.5::finish_relaxed::max1.5::L2_window_50_current_tiled
m1680-spec-0006::tw1.5::finish_relaxed::max1.5::L2_window_100,m1680-spec-0006::tw1.5::finish_relaxed::max1.5,m1680-spec-0006,L2_window_100,T4,t4_staged_warmup_capability|capability_step_up,mapping_window_unspecified,t4_staged_warmup_capability,t4_staged_warmup_capability,1.5,relaxed,1.5,runs/m1674_controller_family_one_seed_public_pilot/configs/L2_window_100_seed167400.json,runs/m1674_controller_family_one_seed_public_pilot/profile_runs/L2_window_100/seed_167400/checkpoint.pt,True,True,False,False,False,mid_calibration_variant,m1680-spec-0006::tw1.5::finish_relaxed::max1.5::L2_window_100
m1680-spec-0006::tw1.5::finish_relaxed::max1.5::L2_window_100_current_tiled,m1680-spec-0006::tw1.5::finish_relaxed::max1.5,m1680-spec-0006,L2_window_100_current_tiled,T4,t4_staged_warmup_capability|capability_step_up,mapping_window_unspecified,t4_staged_warmup_capability,t4_staged_warmup_capability,1.5,relaxed,1.5,runs/m1674_controller_family_one_seed_public_pilot/configs/L2_window_100_current_tiled_seed167400.json,runs/m1674_controller_family_one_seed_public_pilot/profile_runs/L2_window_100_current_tiled/seed_167400/checkpoint.pt,True,True,False,False,False,mid_calibration_variant,m1680-spec-0006::tw1.5::finish_relaxed::max1.5::L2_window_100_current_tiled
m1680-spec-0006::tw1.5::finish_relaxed::max1.5::L3_online_gru,m1680-spec-0006::tw1.5::finish_relaxed::max1.5,m1680-spec-0006,L3_online_gru,T4,t4_staged_warmup_capability|capability_step_up,mapping_window_unspecified,t4_staged_warmup_capability,t4_staged_warmup_capability,1.5,relaxed,1.5,runs/m1674_controller_family_one_seed_public_pilot/configs/L3_online_gru_seed167400.json,runs/m1674_controller_family_one_seed_public_pilot/profile_runs/L3_online_gru/seed_167400/checkpoint.pt,True,True,False,False,False,mid_calibration_variant,m1680-spec-0006::tw1.5::finish_relaxed::max1.5::L3_online_gru
m1680-spec-0006::tw1.5::finish_relaxed::max1.5::L3_reset_control_corrected,m1680-spec-0006::tw1.5::finish_relaxed::max1.5,m1680-spec-0006,L3_reset_control_corrected,T4,t4_staged_warmup_capability|capability_step_up,mapping_window_unspecified,t4_staged_warmup_capability,t4_staged_warmup_capability,1.5,relaxed,1.5,runs/m1674_controller_family_one_seed_public_pilot/configs/L3_reset_control_corrected_seed167400.json,runs/m1674_controller_family_one_seed_public_pilot/profile_runs/L3_reset_control_corrected/seed_167400/checkpoint.pt,True,True,False,False,False,mid_calibration_variant,m1680-spec-0006::tw1.5::finish_relaxed::max1.5::L3_reset_control_corrected
m1680-spec-0006::tw2::finish_original::max1.5::L0_current_masked,m1680-spec-0006::tw2::finish_original::max1.5,m1680-spec-0006,L0_current_masked,T4,t4_staged_warmup_capability|capability_step_up,mapping_window_unspecified,t4_staged_warmup_capability,t4_staged_warmup_capability,2.0,original,1.5,runs/m1674_controller_family_one_seed_public_pilot/configs/L0_current_masked_seed167400.json,runs/m1674_controller_family_one_seed_public_pilot/profile_runs/L0_current_masked/seed_167400/checkpoint.pt,True,True,False,False,False,best_off_track_variant,m1680-spec-0006::tw2::finish_original::max1.5::L0_current_masked
m1680-spec-0006::tw2::finish_original::max1.5::L1_one_step,m1680-spec-0006::tw2::finish_original::max1.5,m1680-spec-0006,L1_one_step,T4,t4_staged_warmup_capability|capability_step_up,mapping_window_unspecified,t4_staged_warmup_capability,t4_staged_warmup_capability,2.0,original,1.5,runs/m1674_controller_family_one_seed_public_pilot/configs/L1_one_step_seed167400.json,runs/m1674_controller_family_one_seed_public_pilot/profile_runs/L1_one_step/seed_167400/checkpoint.pt,True,True,False,False,False,best_off_track_variant,m1680-spec-0006::tw2::finish_original::max1.5::L1_one_step
m1680-spec-0006::tw2::finish_original::max1.5::L2_window_13,m1680-spec-0006::tw2::finish_original::max1.5,m1680-spec-0006,L2_window_13,T4,t4_staged_warmup_capability|capability_step_up,mapping_window_unspecified,t4_staged_warmup_capability,t4_staged_warmup_capability,2.0,original,1.5,runs/m1674_controller_family_one_seed_public_pilot/configs/L2_window_13_seed167400.json,runs/m1674_controller_family_one_seed_public_pilot/profile_runs/L2_window_13/seed_167400/checkpoint.pt,True,True,False,False,False,best_off_track_variant,m1680-spec-0006::tw2::finish_original::max1.5::L2_window_13
m1680-spec-0006::tw2::finish_original::max1.5::L2_window_13_current_tiled,m1680-spec-0006::tw2::finish_original::max1.5,m1680-spec-0006,L2_window_13_current_tiled,T4,t4_staged_warmup_capability|capability_step_up,mapping_window_unspecified,t4_staged_warmup_capability,t4_staged_warmup_capability,2.0,original,1.5,runs/m1674_controller_family_one_seed_public_pilot/configs/L2_window_13_current_tiled_seed167400.json,runs/m1674_controller_family_one_seed_public_pilot/profile_runs/L2_window_13_current_tiled/seed_167400/checkpoint.pt,True,True,False,False,False,best_off_track_variant,m1680-spec-0006::tw2::finish_original::max1.5::L2_window_13_current_tiled
m1680-spec-0006::tw2::finish_original::max1.5::L2_window_25,m1680-spec-0006::tw2::finish_original::max1.5,m1680-spec-0006,L2_window_25,T4,t4_staged_warmup_capability|capability_step_up,mapping_window_unspecified,t4_staged_warmup_capability,t4_staged_warmup_capability,2.0,original,1.5,runs/m1674_controller_family_one_seed_public_pilot/configs/L2_window_25_seed167400.json,runs/m1674_controller_family_one_seed_public_pilot/profile_runs/L2_window_25/seed_167400/checkpoint.pt,True,True,False,False,False,best_off_track_variant,m1680-spec-0006::tw2::finish_original::max1.5::L2_window_25
m1680-spec-0006::tw2::finish_original::max1.5::L2_window_25_current_tiled,m1680-spec-0006::tw2::finish_original::max1.5,m1680-spec-0006,L2_window_25_current_tiled,T4,t4_staged_warmup_capability|capability_step_up,mapping_window_unspecified,t4_staged_warmup_capability,t4_staged_warmup_capability,2.0,original,1.5,runs/m1674_controller_family_one_seed_public_pilot/configs/L2_window_25_current_tiled_seed167400.json,runs/m1674_controller_family_one_seed_public_pilot/profile_runs/L2_window_25_current_tiled/seed_167400/checkpoint.pt,True,True,False,False,False,best_off_track_variant,m1680-spec-0006::tw2::finish_original::max1.5::L2_window_25_current_tiled
m1680-spec-0006::tw2::finish_original::max1.5::L2_window_50,m1680-spec-0006::tw2::finish_original::max1.5,m1680-spec-0006,L2_window_50,T4,t4_staged_warmup_capability|capability_step_up,mapping_window_unspecified,t4_staged_warmup_capability,t4_staged_warmup_capability,2.0,original,1.5,runs/m1674_controller_family_one_seed_public_pilot/configs/L2_window_50_seed167400.json,runs/m1674_controller_family_one_seed_public_pilot/profile_runs/L2_window_50/seed_167400/checkpoint.pt,True,True,False,False,False,best_off_track_variant,m1680-spec-0006::tw2::finish_original::max1.5::L2_window_50
m1680-spec-0006::tw2::finish_original::max1.5::L2_window_50_current_tiled,m1680-spec-0006::tw2::finish_original::max1.5,m1680-spec-0006,L2_window_50_current_tiled,T4,t4_staged_warmup_capability|capability_step_up,mapping_window_unspecified,t4_staged_warmup_capability,t4_staged_warmup_capability,2.0,original,1.5,runs/m1674_controller_family_one_seed_public_pilot/configs/L2_window_50_current_tiled_seed167400.json,runs/m1674_controller_family_one_seed_public_pilot/profile_runs/L2_window_50_current_tiled/seed_167400/checkpoint.pt,True,True,False,False,False,best_off_track_variant,m1680-spec-0006::tw2::finish_original::max1.5::L2_window_50_current_tiled
m1680-spec-0006::tw2::finish_original::max1.5::L2_window_100,m1680-spec-0006::tw2::finish_original::max1.5,m1680-spec-0006,L2_window_100,T4,t4_staged_warmup_capability|capability_step_up,mapping_window_unspecified,t4_staged_warmup_capability,t4_staged_warmup_capability,2.0,original,1.5,runs/m1674_controller_family_one_seed_public_pilot/configs/L2_window_100_seed167400.json,runs/m1674_controller_family_one_seed_public_pilot/profile_runs/L2_window_100/seed_167400/checkpoint.pt,True,True,False,False,False,best_off_track_variant,m1680-spec-0006::tw2::finish_original::max1.5::L2_window_100
m1680-spec-0006::tw2::finish_original::max1.5::L2_window_100_current_tiled,m1680-spec-0006::tw2::finish_original::max1.5,m1680-spec-0006,L2_window_100_current_tiled,T4,t4_staged_warmup_capability|capability_step_up,mapping_window_unspecified,t4_staged_warmup_capability,t4_staged_warmup_capability,2.0,original,1.5,runs/m1674_controller_family_one_seed_public_pilot/configs/L2_window_100_current_tiled_seed167400.json,runs/m1674_controller_family_one_seed_public_pilot/profile_runs/L2_window_100_current_tiled/seed_167400/checkpoint.pt,True,True,False,False,False,best_off_track_variant,m1680-spec-0006::tw2::finish_original::max1.5::L2_window_100_current_tiled
m1680-spec-0006::tw2::finish_original::max1.5::L3_online_gru,m1680-spec-0006::tw2::finish_original::max1.5,m1680-spec-0006,L3_online_gru,T4,t4_staged_warmup_capability|capability_step_up,mapping_window_unspecified,t4_staged_warmup_capability,t4_staged_warmup_capability,2.0,original,1.5,runs/m1674_controller_family_one_seed_public_pilot/configs/L3_online_gru_seed167400.json,runs/m1674_controller_family_one_seed_public_pilot/profile_runs/L3_online_gru/seed_167400/checkpoint.pt,True,True,False,False,False,best_off_track_variant,m1680-spec-0006::tw2::finish_original::max1.5::L3_online_gru
m1680-spec-0006::tw2::finish_original::max1.5::L3_reset_control_corrected,m1680-spec-0006::tw2::finish_original::max1.5,m1680-spec-0006,L3_reset_control_corrected,T4,t4_staged_warmup_capability|capability_step_up,mapping_window_unspecified,t4_staged_warmup_capability,t4_staged_warmup_capability,2.0,original,1.5,runs/m1674_controller_family_one_seed_public_pilot/configs/L3_reset_control_corrected_seed167400.json,runs/m1674_controller_family_one_seed_public_pilot/profile_runs/L3_reset_control_corrected/seed_167400/checkpoint.pt,True,True,False,False,False,best_off_track_variant,m1680-spec-0006::tw2::finish_original::max1.5::L3_reset_control_corrected
m1680-spec-0006::tw2::finish_relaxed::max1::L0_current_masked,m1680-spec-0006::tw2::finish_relaxed::max1,m1680-spec-0006,L0_current_masked,T4,t4_staged_warmup_capability|capability_step_up,mapping_window_unspecified,t4_staged_warmup_capability,t4_staged_warmup_capability,2.0,relaxed,1.0,runs/m1674_controller_family_one_seed_public_pilot/configs/L0_current_masked_seed167400.json,runs/m1674_controller_family_one_seed_public_pilot/profile_runs/L0_current_masked/seed_167400/checkpoint.pt,True,True,False,False,False,collision_control_wide_relaxed,m1680-spec-0006::tw2::finish_relaxed::max1::L0_current_masked
m1680-spec-0006::tw2::finish_relaxed::max1::L1_one_step,m1680-spec-0006::tw2::finish_relaxed::max1,m1680-spec-0006,L1_one_step,T4,t4_staged_warmup_capability|capability_step_up,mapping_window_unspecified,t4_staged_warmup_capability,t4_staged_warmup_capability,2.0,relaxed,1.0,runs/m1674_controller_family_one_seed_public_pilot/configs/L1_one_step_seed167400.json,runs/m1674_controller_family_one_seed_public_pilot/profile_runs/L1_one_step/seed_167400/checkpoint.pt,True,True,False,False,False,collision_control_wide_relaxed,m1680-spec-0006::tw2::finish_relaxed::max1::L1_one_step
m1680-spec-0006::tw2::finish_relaxed::max1::L2_window_13,m1680-spec-0006::tw2::finish_relaxed::max1,m1680-spec-0006,L2_window_13,T4,t4_staged_warmup_capability|capability_step_up,mapping_window_unspecified,t4_staged_warmup_capability,t4_staged_warmup_capability,2.0,relaxed,1.0,runs/m1674_controller_family_one_seed_public_pilot/configs/L2_window_13_seed167400.json,runs/m1674_controller_family_one_seed_public_pilot/profile_runs/L2_window_13/seed_167400/checkpoint.pt,True,True,False,False,False,collision_control_wide_relaxed,m1680-spec-0006::tw2::finish_relaxed::max1::L2_window_13
m1680-spec-0006::tw2::finish_relaxed::max1::L2_window_13_current_tiled,m1680-spec-0006::tw2::finish_relaxed::max1,m1680-spec-0006,L2_window_13_current_tiled,T4,t4_staged_warmup_capability|capability_step_up,mapping_window_unspecified,t4_staged_warmup_capability,t4_staged_warmup_capability,2.0,relaxed,1.0,runs/m1674_controller_family_one_seed_public_pilot/configs/L2_window_13_current_tiled_seed167400.json,runs/m1674_controller_family_one_seed_public_pilot/profile_runs/L2_window_13_current_tiled/seed_167400/checkpoint.pt,True,True,False,False,False,collision_control_wide_relaxed,m1680-spec-0006::tw2::finish_relaxed::max1::L2_window_13_current_tiled
m1680-spec-0006::tw2::finish_relaxed::max1::L2_window_25,m1680-spec-0006::tw2::finish_relaxed::max1,m1680-spec-0006,L2_window_25,T4,t4_staged_warmup_capability|capability_step_up,mapping_window_unspecified,t4_staged_warmup_capability,t4_staged_warmup_capability,2.0,relaxed,1.0,runs/m1674_controller_family_one_seed_public_pilot/configs/L2_window_25_seed167400.json,runs/m1674_controller_family_one_seed_public_pilot/profile_runs/L2_window_25/seed_167400/checkpoint.pt,True,True,False,False,False,collision_control_wide_relaxed,m1680-spec-0006::tw2::finish_relaxed::max1::L2_window_25
m1680-spec-0006::tw2::finish_relaxed::max1::L2_window_25_current_tiled,m1680-spec-0006::tw2::finish_relaxed::max1,m1680-spec-0006,L2_window_25_current_tiled,T4,t4_staged_warmup_capability|capability_step_up,mapping_window_unspecified,t4_staged_warmup_capability,t4_staged_warmup_capability,2.0,relaxed,1.0,runs/m1674_controller_family_one_seed_public_pilot/configs/L2_window_25_current_tiled_seed167400.json,runs/m1674_controller_family_one_seed_public_pilot/profile_runs/L2_window_25_current_tiled/seed_167400/checkpoint.pt,True,True,False,False,False,collision_control_wide_relaxed,m1680-spec-0006::tw2::finish_relaxed::max1::L2_window_25_current_tiled
m1680-spec-0006::tw2::finish_relaxed::max1::L2_window_50,m1680-spec-0006::tw2::finish_relaxed::max1,m1680-spec-0006,L2_window_50,T4,t4_staged_warmup_capability|capability_step_up,mapping_window_unspecified,t4_staged_warmup_capability,t4_staged_warmup_capability,2.0,relaxed,1.0,runs/m1674_controller_family_one_seed_public_pilot/configs/L2_window_50_seed167400.json,runs/m1674_controller_family_one_seed_public_pilot/profile_runs/L2_window_50/seed_167400/checkpoint.pt,True,True,False,False,False,collision_control_wide_relaxed,m1680-spec-0006::tw2::finish_relaxed::max1::L2_window_50
m1680-spec-0006::tw2::finish_relaxed::max1::L2_window_50_current_tiled,m1680-spec-0006::tw2::finish_relaxed::max1,m1680-spec-0006,L2_window_50_current_tiled,T4,t4_staged_warmup_capability|capability_step_up,mapping_window_unspecified,t4_staged_warmup_capability,t4_staged_warmup_capability,2.0,relaxed,1.0,runs/m1674_controller_family_one_seed_public_pilot/configs/L2_window_50_current_tiled_seed167400.json,runs/m1674_controller_family_one_seed_public_pilot/profile_runs/L2_window_50_current_tiled/seed_167400/checkpoint.pt,True,True,False,False,False,collision_control_wide_relaxed,m1680-spec-0006::tw2::finish_relaxed::max1::L2_window_50_current_tiled
m1680-spec-0006::tw2::finish_relaxed::max1::L2_window_100,m1680-spec-0006::tw2::finish_relaxed::max1,m1680-spec-0006,L2_window_100,T4,t4_staged_warmup_capability|capability_step_up,mapping_window_unspecified,t4_staged_warmup_capability,t4_staged_warmup_capability,2.0,relaxed,1.0,runs/m1674_controller_family_one_seed_public_pilot/configs/L2_window_100_seed167400.json,runs/m1674_controller_family_one_seed_public_pilot/profile_runs/L2_window_100/seed_167400/checkpoint.pt,True,True,False,False,False,collision_control_wide_relaxed,m1680-spec-0006::tw2::finish_relaxed::max1::L2_window_100
m1680-spec-0006::tw2::finish_relaxed::max1::L2_window_100_current_tiled,m1680-spec-0006::tw2::finish_relaxed::max1,m1680-spec-0006,L2_window_100_current_tiled,T4,t4_staged_warmup_capability|capability_step_up,mapping_window_unspecified,t4_staged_warmup_capability,t4_staged_warmup_capability,2.0,relaxed,1.0,runs/m1674_controller_family_one_seed_public_pilot/configs/L2_window_100_current_tiled_seed167400.json,runs/m1674_controller_family_one_seed_public_pilot/profile_runs/L2_window_100_current_tiled/seed_167400/checkpoint.pt,True,True,False,False,False,collision_control_wide_relaxed,m1680-spec-0006::tw2::finish_relaxed::max1::L2_window_100_current_tiled
m1680-spec-0006::tw2::finish_relaxed::max1::L3_online_gru,m1680-spec-0006::tw2::finish_relaxed::max1,m1680-spec-0006,L3_online_gru,T4,t4_staged_warmup_capability|capability_step_up,mapping_window_unspecified,t4_staged_warmup_capability,t4_staged_warmup_capability,2.0,relaxed,1.0,runs/m1674_controller_family_one_seed_public_pilot/configs/L3_online_gru_seed167400.json,runs/m1674_controller_family_one_seed_public_pilot/profile_runs/L3_online_gru/seed_167400/checkpoint.pt,True,True,False,False,False,collision_control_wide_relaxed,m1680-spec-0006::tw2::finish_relaxed::max1::L3_online_gru
m1680-spec-0006::tw2::finish_relaxed::max1::L3_reset_control_corrected,m1680-spec-0006::tw2::finish_relaxed::max1,m1680-spec-0006,L3_reset_control_corrected,T4,t4_staged_warmup_capability|capability_step_up,mapping_window_unspecified,t4_staged_warmup_capability,t4_staged_warmup_capability,2.0,relaxed,1.0,runs/m1674_controller_family_one_seed_public_pilot/configs/L3_reset_control_corrected_seed167400.json,runs/m1674_controller_family_one_seed_public_pilot/profile_runs/L3_reset_control_corrected/seed_167400/checkpoint.pt,True,True,False,False,False,collision_control_wide_relaxed,m1680-spec-0006::tw2::finish_relaxed::max1::L3_reset_control_corrected
m1680-spec-0007::tw1::finish_original::max1::L0_current_masked,m1680-spec-0007::tw1::finish_original::max1,m1680-spec-0007,L0_current_masked,T4,actuator_delay_step|capability_step_up,reveal_plus_4,capability_step_up,t4_capability_step_temporal,1.0,original,1.0,runs/m1674_controller_family_one_seed_public_pilot/configs/L0_current_masked_seed167400.json,runs/m1674_controller_family_one_seed_public_pilot/profile_runs/L0_current_masked/seed_167400/checkpoint.pt,True,True,False,False,False,original_axis_baseline,m1680-spec-0007::tw1::finish_original::max1::L0_current_masked
m1680-spec-0007::tw1::finish_original::max1::L1_one_step,m1680-spec-0007::tw1::finish_original::max1,m1680-spec-0007,L1_one_step,T4,actuator_delay_step|capability_step_up,reveal_plus_4,capability_step_up,t4_capability_step_temporal,1.0,original,1.0,runs/m1674_controller_family_one_seed_public_pilot/configs/L1_one_step_seed167400.json,runs/m1674_controller_family_one_seed_public_pilot/profile_runs/L1_one_step/seed_167400/checkpoint.pt,True,True,False,False,False,original_axis_baseline,m1680-spec-0007::tw1::finish_original::max1::L1_one_step
m1680-spec-0007::tw1::finish_original::max1::L2_window_13,m1680-spec-0007::tw1::finish_original::max1,m1680-spec-0007,L2_window_13,T4,actuator_delay_step|capability_step_up,reveal_plus_4,capability_step_up,t4_capability_step_temporal,1.0,original,1.0,runs/m1674_controller_family_one_seed_public_pilot/configs/L2_window_13_seed167400.json,runs/m1674_controller_family_one_seed_public_pilot/profile_runs/L2_window_13/seed_167400/checkpoint.pt,True,True,False,False,False,original_axis_baseline,m1680-spec-0007::tw1::finish_original::max1::L2_window_13
m1680-spec-0007::tw1::finish_original::max1::L2_window_13_current_tiled,m1680-spec-0007::tw1::finish_original::max1,m1680-spec-0007,L2_window_13_current_tiled,T4,actuator_delay_step|capability_step_up,reveal_plus_4,capability_step_up,t4_capability_step_temporal,1.0,original,1.0,runs/m1674_controller_family_one_seed_public_pilot/configs/L2_window_13_current_tiled_seed167400.json,runs/m1674_controller_family_one_seed_public_pilot/profile_runs/L2_window_13_current_tiled/seed_167400/checkpoint.pt,True,True,False,False,False,original_axis_baseline,m1680-spec-0007::tw1::finish_original::max1::L2_window_13_current_tiled
m1680-spec-0007::tw1::finish_original::max1::L2_window_25,m1680-spec-0007::tw1::finish_original::max1,m1680-spec-0007,L2_window_25,T4,actuator_delay_step|capability_step_up,reveal_plus_4,capability_step_up,t4_capability_step_temporal,1.0,original,1.0,runs/m1674_controller_family_one_seed_public_pilot/configs/L2_window_25_seed167400.json,runs/m1674_controller_family_one_seed_public_pilot/profile_runs/L2_window_25/seed_167400/checkpoint.pt,True,True,False,False,False,original_axis_baseline,m1680-spec-0007::tw1::finish_original::max1::L2_window_25
m1680-spec-0007::tw1::finish_original::max1::L2_window_25_current_tiled,m1680-spec-0007::tw1::finish_original::max1,m1680-spec-0007,L2_window_25_current_tiled,T4,actuator_delay_step|capability_step_up,reveal_plus_4,capability_step_up,t4_capability_step_temporal,1.0,original,1.0,runs/m1674_controller_family_one_seed_public_pilot/configs/L2_window_25_current_tiled_seed167400.json,runs/m1674_controller_family_one_seed_public_pilot/profile_runs/L2_window_25_current_tiled/seed_167400/checkpoint.pt,True,True,False,False,False,original_axis_baseline,m1680-spec-0007::tw1::finish_original::max1::L2_window_25_current_tiled
m1680-spec-0007::tw1::finish_original::max1::L2_window_50,m1680-spec-0007::tw1::finish_original::max1,m1680-spec-0007,L2_window_50,T4,actuator_delay_step|capability_step_up,reveal_plus_4,capability_step_up,t4_capability_step_temporal,1.0,original,1.0,runs/m1674_controller_family_one_seed_public_pilot/configs/L2_window_50_seed167400.json,runs/m1674_controller_family_one_seed_public_pilot/profile_runs/L2_window_50/seed_167400/checkpoint.pt,True,True,False,False,False,original_axis_baseline,m1680-spec-0007::tw1::finish_original::max1::L2_window_50
m1680-spec-0007::tw1::finish_original::max1::L2_window_50_current_tiled,m1680-spec-0007::tw1::finish_original::max1,m1680-spec-0007,L2_window_50_current_tiled,T4,actuator_delay_step|capability_step_up,reveal_plus_4,capability_step_up,t4_capability_step_temporal,1.0,original,1.0,runs/m1674_controller_family_one_seed_public_pilot/configs/L2_window_50_current_tiled_seed167400.json,runs/m1674_controller_family_one_seed_public_pilot/profile_runs/L2_window_50_current_tiled/seed_167400/checkpoint.pt,True,True,False,False,False,original_axis_baseline,m1680-spec-0007::tw1::finish_original::max1::L2_window_50_current_tiled
m1680-spec-0007::tw1::finish_original::max1::L2_window_100,m1680-spec-0007::tw1::finish_original::max1,m1680-spec-0007,L2_window_100,T4,actuator_delay_step|capability_step_up,reveal_plus_4,capability_step_up,t4_capability_step_temporal,1.0,original,1.0,runs/m1674_controller_family_one_seed_public_pilot/configs/L2_window_100_seed167400.json,runs/m1674_controller_family_one_seed_public_pilot/profile_runs/L2_window_100/seed_167400/checkpoint.pt,True,True,False,False,False,original_axis_baseline,m1680-spec-0007::tw1::finish_original::max1::L2_window_100
m1680-spec-0007::tw1::finish_original::max1::L2_window_100_current_tiled,m1680-spec-0007::tw1::finish_original::max1,m1680-spec-0007,L2_window_100_current_tiled,T4,actuator_delay_step|capability_step_up,reveal_plus_4,capability_step_up,t4_capability_step_temporal,1.0,original,1.0,runs/m1674_controller_family_one_seed_public_pilot/configs/L2_window_100_current_tiled_seed167400.json,runs/m1674_controller_family_one_seed_public_pilot/profile_runs/L2_window_100_current_tiled/seed_167400/checkpoint.pt,True,True,False,False,False,original_axis_baseline,m1680-spec-0007::tw1::finish_original::max1::L2_window_100_current_tiled
m1680-spec-0007::tw1::finish_original::max1::L3_online_gru,m1680-spec-0007::tw1::finish_original::max1,m1680-spec-0007,L3_online_gru,T4,actuator_delay_step|capability_step_up,reveal_plus_4,capability_step_up,t4_capability_step_temporal,1.0,original,1.0,runs/m1674_controller_family_one_seed_public_pilot/configs/L3_online_gru_seed167400.json,runs/m1674_controller_family_one_seed_public_pilot/profile_runs/L3_online_gru/seed_167400/checkpoint.pt,True,True,False,False,False,original_axis_baseline,m1680-spec-0007::tw1::finish_original::max1::L3_online_gru
m1680-spec-0007::tw1::finish_original::max1::L3_reset_control_corrected,m1680-spec-0007::tw1::finish_original::max1,m1680-spec-0007,L3_reset_control_corrected,T4,actuator_delay_step|capability_step_up,reveal_plus_4,capability_step_up,t4_capability_step_temporal,1.0,original,1.0,runs/m1674_controller_family_one_seed_public_pilot/configs/L3_reset_control_corrected_seed167400.json,runs/m1674_controller_family_one_seed_public_pilot/profile_runs/L3_reset_control_corrected/seed_167400/checkpoint.pt,True,True,False,False,False,original_axis_baseline,m1680-spec-0007::tw1::finish_original::max1::L3_reset_control_corrected
m1680-spec-0007::tw1.5::finish_relaxed::max1.5::L0_current_masked,m1680-spec-0007::tw1.5::finish_relaxed::max1.5,m1680-spec-0007,L0_current_masked,T4,actuator_delay_step|capability_step_up,reveal_plus_4,capability_step_up,t4_capability_step_temporal,1.5,relaxed,1.5,runs/m1674_controller_family_one_seed_public_pilot/configs/L0_current_masked_seed167400.json,runs/m1674_controller_family_one_seed_public_pilot/profile_runs/L0_current_masked/seed_167400/checkpoint.pt,True,True,False,False,False,mid_calibration_variant,m1680-spec-0007::tw1.5::finish_relaxed::max1.5::L0_current_masked
m1680-spec-0007::tw1.5::finish_relaxed::max1.5::L1_one_step,m1680-spec-0007::tw1.5::finish_relaxed::max1.5,m1680-spec-0007,L1_one_step,T4,actuator_delay_step|capability_step_up,reveal_plus_4,capability_step_up,t4_capability_step_temporal,1.5,relaxed,1.5,runs/m1674_controller_family_one_seed_public_pilot/configs/L1_one_step_seed167400.json,runs/m1674_controller_family_one_seed_public_pilot/profile_runs/L1_one_step/seed_167400/checkpoint.pt,True,True,False,False,False,mid_calibration_variant,m1680-spec-0007::tw1.5::finish_relaxed::max1.5::L1_one_step
m1680-spec-0007::tw1.5::finish_relaxed::max1.5::L2_window_13,m1680-spec-0007::tw1.5::finish_relaxed::max1.5,m1680-spec-0007,L2_window_13,T4,actuator_delay_step|capability_step_up,reveal_plus_4,capability_step_up,t4_capability_step_temporal,1.5,relaxed,1.5,runs/m1674_controller_family_one_seed_public_pilot/configs/L2_window_13_seed167400.json,runs/m1674_controller_family_one_seed_public_pilot/profile_runs/L2_window_13/seed_167400/checkpoint.pt,True,True,False,False,False,mid_calibration_variant,m1680-spec-0007::tw1.5::finish_relaxed::max1.5::L2_window_13
m1680-spec-0007::tw1.5::finish_relaxed::max1.5::L2_window_13_current_tiled,m1680-spec-0007::tw1.5::finish_relaxed::max1.5,m1680-spec-0007,L2_window_13_current_tiled,T4,actuator_delay_step|capability_step_up,reveal_plus_4,capability_step_up,t4_capability_step_temporal,1.5,relaxed,1.5,runs/m1674_controller_family_one_seed_public_pilot/configs/L2_window_13_current_tiled_seed167400.json,runs/m1674_controller_family_one_seed_public_pilot/profile_runs/L2_window_13_current_tiled/seed_167400/checkpoint.pt,True,True,False,False,False,mid_calibration_variant,m1680-spec-0007::tw1.5::finish_relaxed::max1.5::L2_window_13_current_tiled
m1680-spec-0007::tw1.5::finish_relaxed::max1.5::L2_window_25,m1680-spec-0007::tw1.5::finish_relaxed::max1.5,m1680-spec-0007,L2_window_25,T4,actuator_delay_step|capability_step_up,reveal_plus_4,capability_step_up,t4_capability_step_temporal,1.5,relaxed,1.5,runs/m1674_controller_family_one_seed_public_pilot/configs/L2_window_25_seed167400.json,runs/m1674_controller_family_one_seed_public_pilot/profile_runs/L2_window_25/seed_167400/checkpoint.pt,True,True,False,False,False,mid_calibration_variant,m1680-spec-0007::tw1.5::finish_relaxed::max1.5::L2_window_25
m1680-spec-0007::tw1.5::finish_relaxed::max1.5::L2_window_25_current_tiled,m1680-spec-0007::tw1.5::finish_relaxed::max1.5,m1680-spec-0007,L2_window_25_current_tiled,T4,actuator_delay_step|capability_step_up,reveal_plus_4,capability_step_up,t4_capability_step_temporal,1.5,relaxed,1.5,runs/m1674_controller_family_one_seed_public_pilot/configs/L2_window_25_current_tiled_seed167400.json,runs/m1674_controller_family_one_seed_public_pilot/profile_runs/L2_window_25_current_tiled/seed_167400/checkpoint.pt,True,True,False,False,False,mid_calibration_variant,m1680-spec-0007::tw1.5::finish_relaxed::max1.5::L2_window_25_current_tiled
m1680-spec-0007::tw1.5::finish_relaxed::max1.5::L2_window_50,m1680-spec-0007::tw1.5::finish_relaxed::max1.5,m1680-spec-0007,L2_window_50,T4,actuator_delay_step|capability_step_up,reveal_plus_4,capability_step_up,t4_capability_step_temporal,1.5,relaxed,1.5,runs/m1674_controller_family_one_seed_public_pilot/configs/L2_window_50_seed167400.json,runs/m1674_controller_family_one_seed_public_pilot/profile_runs/L2_window_50/seed_167400/checkpoint.pt,True,True,False,False,False,mid_calibration_variant,m1680-spec-0007::tw1.5::finish_relaxed::max1.5::L2_window_50
m1680-spec-0007::tw1.5::finish_relaxed::max1.5::L2_window_50_current_tiled,m1680-spec-0007::tw1.5::finish_relaxed::max1.5,m1680-spec-0007,L2_window_50_current_tiled,T4,actuator_delay_step|capability_step_up,reveal_plus_4,capability_step_up,t4_capability_step_temporal,1.5,relaxed,1.5,runs/m1674_controller_family_one_seed_public_pilot/configs/L2_window_50_current_tiled_seed167400.json,runs/m1674_controller_family_one_seed_public_pilot/profile_runs/L2_window_50_current_tiled/seed_167400/checkpoint.pt,True,True,False,False,False,mid_calibration_variant,m1680-spec-0007::tw1.5::finish_relaxed::max1.5::L2_window_50_current_tiled
m1680-spec-0007::tw1.5::finish_relaxed::max1.5::L2_window_100,m1680-spec-0007::tw1.5::finish_relaxed::max1.5,m1680-spec-0007,L2_window_100,T4,actuator_delay_step|capability_step_up,reveal_plus_4,capability_step_up,t4_capability_step_temporal,1.5,relaxed,1.5,runs/m1674_controller_family_one_seed_public_pilot/configs/L2_window_100_seed167400.json,runs/m1674_controller_family_one_seed_public_pilot/profile_runs/L2_window_100/seed_167400/checkpoint.pt,True,True,False,False,False,mid_calibration_variant,m1680-spec-0007::tw1.5::finish_relaxed::max1.5::L2_window_100
m1680-spec-0007::tw1.5::finish_relaxed::max1.5::L2_window_100_current_tiled,m1680-spec-0007::tw1.5::finish_relaxed::max1.5,m1680-spec-0007,L2_window_100_current_tiled,T4,actuator_delay_step|capability_step_up,reveal_plus_4,capability_step_up,t4_capability_step_temporal,1.5,relaxed,1.5,runs/m1674_controller_family_one_seed_public_pilot/configs/L2_window_100_current_tiled_seed167400.json,runs/m1674_controller_family_one_seed_public_pilot/profile_runs/L2_window_100_current_tiled/seed_167400/checkpoint.pt,True,True,False,False,False,mid_calibration_variant,m1680-spec-0007::tw1.5::finish_relaxed::max1.5::L2_window_100_current_tiled
m1680-spec-0007::tw1.5::finish_relaxed::max1.5::L3_online_gru,m1680-spec-0007::tw1.5::finish_relaxed::max1.5,m1680-spec-0007,L3_online_gru,T4,actuator_delay_step|capability_step_up,reveal_plus_4,capability_step_up,t4_capability_step_temporal,1.5,relaxed,1.5,runs/m1674_controller_family_one_seed_public_pilot/configs/L3_online_gru_seed167400.json,runs/m1674_controller_family_one_seed_public_pilot/profile_runs/L3_online_gru/seed_167400/checkpoint.pt,True,True,False,False,False,mid_calibration_variant,m1680-spec-0007::tw1.5::finish_relaxed::max1.5::L3_online_gru
m1680-spec-0007::tw1.5::finish_relaxed::max1.5::L3_reset_control_corrected,m1680-spec-0007::tw1.5::finish_relaxed::max1.5,m1680-spec-0007,L3_reset_control_corrected,T4,actuator_delay_step|capability_step_up,reveal_plus_4,capability_step_up,t4_capability_step_temporal,1.5,relaxed,1.5,runs/m1674_controller_family_one_seed_public_pilot/configs/L3_reset_control_corrected_seed167400.json,runs/m1674_controller_family_one_seed_public_pilot/profile_runs/L3_reset_control_corrected/seed_167400/checkpoint.pt,True,True,False,False,False,mid_calibration_variant,m1680-spec-0007::tw1.5::finish_relaxed::max1.5::L3_reset_control_corrected
m1680-spec-0007::tw2::finish_original::max1.5::L0_current_masked,m1680-spec-0007::tw2::finish_original::max1.5,m1680-spec-0007,L0_current_masked,T4,actuator_delay_step|capability_step_up,reveal_plus_4,capability_step_up,t4_capability_step_temporal,2.0,original,1.5,runs/m1674_controller_family_one_seed_public_pilot/configs/L0_current_masked_seed167400.json,runs/m1674_controller_family_one_seed_public_pilot/profile_runs/L0_current_masked/seed_167400/checkpoint.pt,True,True,False,False,False,best_off_track_variant,m1680-spec-0007::tw2::finish_original::max1.5::L0_current_masked
m1680-spec-0007::tw2::finish_original::max1.5::L1_one_step,m1680-spec-0007::tw2::finish_original::max1.5,m1680-spec-0007,L1_one_step,T4,actuator_delay_step|capability_step_up,reveal_plus_4,capability_step_up,t4_capability_step_temporal,2.0,original,1.5,runs/m1674_controller_family_one_seed_public_pilot/configs/L1_one_step_seed167400.json,runs/m1674_controller_family_one_seed_public_pilot/profile_runs/L1_one_step/seed_167400/checkpoint.pt,True,True,False,False,False,best_off_track_variant,m1680-spec-0007::tw2::finish_original::max1.5::L1_one_step
m1680-spec-0007::tw2::finish_original::max1.5::L2_window_13,m1680-spec-0007::tw2::finish_original::max1.5,m1680-spec-0007,L2_window_13,T4,actuator_delay_step|capability_step_up,reveal_plus_4,capability_step_up,t4_capability_step_temporal,2.0,original,1.5,runs/m1674_controller_family_one_seed_public_pilot/configs/L2_window_13_seed167400.json,runs/m1674_controller_family_one_seed_public_pilot/profile_runs/L2_window_13/seed_167400/checkpoint.pt,True,True,False,False,False,best_off_track_variant,m1680-spec-0007::tw2::finish_original::max1.5::L2_window_13
m1680-spec-0007::tw2::finish_original::max1.5::L2_window_13_current_tiled,m1680-spec-0007::tw2::finish_original::max1.5,m1680-spec-0007,L2_window_13_current_tiled,T4,actuator_delay_step|capability_step_up,reveal_plus_4,capability_step_up,t4_capability_step_temporal,2.0,original,1.5,runs/m1674_controller_family_one_seed_public_pilot/configs/L2_window_13_current_tiled_seed167400.json,runs/m1674_controller_family_one_seed_public_pilot/profile_runs/L2_window_13_current_tiled/seed_167400/checkpoint.pt,True,True,False,False,False,best_off_track_variant,m1680-spec-0007::tw2::finish_original::max1.5::L2_window_13_current_tiled
m1680-spec-0007::tw2::finish_original::max1.5::L2_window_25,m1680-spec-0007::tw2::finish_original::max1.5,m1680-spec-0007,L2_window_25,T4,actuator_delay_step|capability_step_up,reveal_plus_4,capability_step_up,t4_capability_step_temporal,2.0,original,1.5,runs/m1674_controller_family_one_seed_public_pilot/configs/L2_window_25_seed167400.json,runs/m1674_controller_family_one_seed_public_pilot/profile_runs/L2_window_25/seed_167400/checkpoint.pt,True,True,False,False,False,best_off_track_variant,m1680-spec-0007::tw2::finish_original::max1.5::L2_window_25
m1680-spec-0007::tw2::finish_original::max1.5::L2_window_25_current_tiled,m1680-spec-0007::tw2::finish_original::max1.5,m1680-spec-0007,L2_window_25_current_tiled,T4,actuator_delay_step|capability_step_up,reveal_plus_4,capability_step_up,t4_capability_step_temporal,2.0,original,1.5,runs/m1674_controller_family_one_seed_public_pilot/configs/L2_window_25_current_tiled_seed167400.json,runs/m1674_controller_family_one_seed_public_pilot/profile_runs/L2_window_25_current_tiled/seed_167400/checkpoint.pt,True,True,False,False,False,best_off_track_variant,m1680-spec-0007::tw2::finish_original::max1.5::L2_window_25_current_tiled
m1680-spec-0007::tw2::finish_original::max1.5::L2_window_50,m1680-spec-0007::tw2::finish_original::max1.5,m1680-spec-0007,L2_window_50,T4,actuator_delay_step|capability_step_up,reveal_plus_4,capability_step_up,t4_capability_step_temporal,2.0,original,1.5,runs/m1674_controller_family_one_seed_public_pilot/configs/L2_window_50_seed167400.json,runs/m1674_controller_family_one_seed_public_pilot/profile_runs/L2_window_50/seed_167400/checkpoint.pt,True,True,False,False,False,best_off_track_variant,m1680-spec-0007::tw2::finish_original::max1.5::L2_window_50
m1680-spec-0007::tw2::finish_original::max1.5::L2_window_50_current_tiled,m1680-spec-0007::tw2::finish_original::max1.5,m1680-spec-0007,L2_window_50_current_tiled,T4,actuator_delay_step|capability_step_up,reveal_plus_4,capability_step_up,t4_capability_step_temporal,2.0,original,1.5,runs/m1674_controller_family_one_seed_public_pilot/configs/L2_window_50_current_tiled_seed167400.json,runs/m1674_controller_family_one_seed_public_pilot/profile_runs/L2_window_50_current_tiled/seed_167400/checkpoint.pt,True,True,False,False,False,best_off_track_variant,m1680-spec-0007::tw2::finish_original::max1.5::L2_window_50_current_tiled
m1680-spec-0007::tw2::finish_original::max1.5::L2_window_100,m1680-spec-0007::tw2::finish_original::max1.5,m1680-spec-0007,L2_window_100,T4,actuator_delay_step|capability_step_up,reveal_plus_4,capability_step_up,t4_capability_step_temporal,2.0,original,1.5,runs/m1674_controller_family_one_seed_public_pilot/configs/L2_window_100_seed167400.json,runs/m1674_controller_family_one_seed_public_pilot/profile_runs/L2_window_100/seed_167400/checkpoint.pt,True,True,False,False,False,best_off_track_variant,m1680-spec-0007::tw2::finish_original::max1.5::L2_window_100
m1680-spec-0007::tw2::finish_original::max1.5::L2_window_100_current_tiled,m1680-spec-0007::tw2::finish_original::max1.5,m1680-spec-0007,L2_window_100_current_tiled,T4,actuator_delay_step|capability_step_up,reveal_plus_4,capability_step_up,t4_capability_step_temporal,2.0,original,1.5,runs/m1674_controller_family_one_seed_public_pilot/configs/L2_window_100_current_tiled_seed167400.json,runs/m1674_controller_family_one_seed_public_pilot/profile_runs/L2_window_100_current_tiled/seed_167400/checkpoint.pt,True,True,False,False,False,best_off_track_variant,m1680-spec-0007::tw2::finish_original::max1.5::L2_window_100_current_tiled
m1680-spec-0007::tw2::finish_original::max1.5::L3_online_gru,m1680-spec-0007::tw2::finish_original::max1.5,m1680-spec-0007,L3_online_gru,T4,actuator_delay_step|capability_step_up,reveal_plus_4,capability_step_up,t4_capability_step_temporal,2.0,original,1.5,runs/m1674_controller_family_one_seed_public_pilot/configs/L3_online_gru_seed167400.json,runs/m1674_controller_family_one_seed_public_pilot/profile_runs/L3_online_gru/seed_167400/checkpoint.pt,True,True,False,False,False,best_off_track_variant,m1680-spec-0007::tw2::finish_original::max1.5::L3_online_gru
m1680-spec-0007::tw2::finish_original::max1.5::L3_reset_control_corrected,m1680-spec-0007::tw2::finish_original::max1.5,m1680-spec-0007,L3_reset_control_corrected,T4,actuator_delay_step|capability_step_up,reveal_plus_4,capability_step_up,t4_capability_step_temporal,2.0,original,1.5,runs/m1674_controller_family_one_seed_public_pilot/configs/L3_reset_control_corrected_seed167400.json,runs/m1674_controller_family_one_seed_public_pilot/profile_runs/L3_reset_control_corrected/seed_167400/checkpoint.pt,True,True,False,False,False,best_off_track_variant,m1680-spec-0007::tw2::finish_original::max1.5::L3_reset_control_corrected
m1680-spec-0007::tw2::finish_relaxed::max1::L0_current_masked,m1680-spec-0007::tw2::finish_relaxed::max1,m1680-spec-0007,L0_current_masked,T4,actuator_delay_step|capability_step_up,reveal_plus_4,capability_step_up,t4_capability_step_temporal,2.0,relaxed,1.0,runs/m1674_controller_family_one_seed_public_pilot/configs/L0_current_masked_seed167400.json,runs/m1674_controller_family_one_seed_public_pilot/profile_runs/L0_current_masked/seed_167400/checkpoint.pt,True,True,False,False,False,collision_control_wide_relaxed,m1680-spec-0007::tw2::finish_relaxed::max1::L0_current_masked
m1680-spec-0007::tw2::finish_relaxed::max1::L1_one_step,m1680-spec-0007::tw2::finish_relaxed::max1,m1680-spec-0007,L1_one_step,T4,actuator_delay_step|capability_step_up,reveal_plus_4,capability_step_up,t4_capability_step_temporal,2.0,relaxed,1.0,runs/m1674_controller_family_one_seed_public_pilot/configs/L1_one_step_seed167400.json,runs/m1674_controller_family_one_seed_public_pilot/profile_runs/L1_one_step/seed_167400/checkpoint.pt,True,True,False,False,False,collision_control_wide_relaxed,m1680-spec-0007::tw2::finish_relaxed::max1::L1_one_step
m1680-spec-0007::tw2::finish_relaxed::max1::L2_window_13,m1680-spec-0007::tw2::finish_relaxed::max1,m1680-spec-0007,L2_window_13,T4,actuator_delay_step|capability_step_up,reveal_plus_4,capability_step_up,t4_capability_step_temporal,2.0,relaxed,1.0,runs/m1674_controller_family_one_seed_public_pilot/configs/L2_window_13_seed167400.json,runs/m1674_controller_family_one_seed_public_pilot/profile_runs/L2_window_13/seed_167400/checkpoint.pt,True,True,False,False,False,collision_control_wide_relaxed,m1680-spec-0007::tw2::finish_relaxed::max1::L2_window_13
m1680-spec-0007::tw2::finish_relaxed::max1::L2_window_13_current_tiled,m1680-spec-0007::tw2::finish_relaxed::max1,m1680-spec-0007,L2_window_13_current_tiled,T4,actuator_delay_step|capability_step_up,reveal_plus_4,capability_step_up,t4_capability_step_temporal,2.0,relaxed,1.0,runs/m1674_controller_family_one_seed_public_pilot/configs/L2_window_13_current_tiled_seed167400.json,runs/m1674_controller_family_one_seed_public_pilot/profile_runs/L2_window_13_current_tiled/seed_167400/checkpoint.pt,True,True,False,False,False,collision_control_wide_relaxed,m1680-spec-0007::tw2::finish_relaxed::max1::L2_window_13_current_tiled
m1680-spec-0007::tw2::finish_relaxed::max1::L2_window_25,m1680-spec-0007::tw2::finish_relaxed::max1,m1680-spec-0007,L2_window_25,T4,actuator_delay_step|capability_step_up,reveal_plus_4,capability_step_up,t4_capability_step_temporal,2.0,relaxed,1.0,runs/m1674_controller_family_one_seed_public_pilot/configs/L2_window_25_seed167400.json,runs/m1674_controller_family_one_seed_public_pilot/profile_runs/L2_window_25/seed_167400/checkpoint.pt,True,True,False,False,False,collision_control_wide_relaxed,m1680-spec-0007::tw2::finish_relaxed::max1::L2_window_25
m1680-spec-0007::tw2::finish_relaxed::max1::L2_window_25_current_tiled,m1680-spec-0007::tw2::finish_relaxed::max1,m1680-spec-0007,L2_window_25_current_tiled,T4,actuator_delay_step|capability_step_up,reveal_plus_4,capability_step_up,t4_capability_step_temporal,2.0,relaxed,1.0,runs/m1674_controller_family_one_seed_public_pilot/configs/L2_window_25_current_tiled_seed167400.json,runs/m1674_controller_family_one_seed_public_pilot/profile_runs/L2_window_25_current_tiled/seed_167400/checkpoint.pt,True,True,False,False,False,collision_control_wide_relaxed,m1680-spec-0007::tw2::finish_relaxed::max1::L2_window_25_current_tiled
m1680-spec-0007::tw2::finish_relaxed::max1::L2_window_50,m1680-spec-0007::tw2::finish_relaxed::max1,m1680-spec-0007,L2_window_50,T4,actuator_delay_step|capability_step_up,reveal_plus_4,capability_step_up,t4_capability_step_temporal,2.0,relaxed,1.0,runs/m1674_controller_family_one_seed_public_pilot/configs/L2_window_50_seed167400.json,runs/m1674_controller_family_one_seed_public_pilot/profile_runs/L2_window_50/seed_167400/checkpoint.pt,True,True,False,False,False,collision_control_wide_relaxed,m1680-spec-0007::tw2::finish_relaxed::max1::L2_window_50
m1680-spec-0007::tw2::finish_relaxed::max1::L2_window_50_current_tiled,m1680-spec-0007::tw2::finish_relaxed::max1,m1680-spec-0007,L2_window_50_current_tiled,T4,actuator_delay_step|capability_step_up,reveal_plus_4,capability_step_up,t4_capability_step_temporal,2.0,relaxed,1.0,runs/m1674_controller_family_one_seed_public_pilot/configs/L2_window_50_current_tiled_seed167400.json,runs/m1674_controller_family_one_seed_public_pilot/profile_runs/L2_window_50_current_tiled/seed_167400/checkpoint.pt,True,True,False,False,False,collision_control_wide_relaxed,m1680-spec-0007::tw2::finish_relaxed::max1::L2_window_50_current_tiled
m1680-spec-0007::tw2::finish_relaxed::max1::L2_window_100,m1680-spec-0007::tw2::finish_relaxed::max1,m1680-spec-0007,L2_window_100,T4,actuator_delay_step|capability_step_up,reveal_plus_4,capability_step_up,t4_capability_step_temporal,2.0,relaxed,1.0,runs/m1674_controller_family_one_seed_public_pilot/configs/L2_window_100_seed167400.json,runs/m1674_controller_family_one_seed_public_pilot/profile_runs/L2_window_100/seed_167400/checkpoint.pt,True,True,False,False,False,collision_control_wide_relaxed,m1680-spec-0007::tw2::finish_relaxed::max1::L2_window_100
m1680-spec-0007::tw2::finish_relaxed::max1::L2_window_100_current_tiled,m1680-spec-0007::tw2::finish_relaxed::max1,m1680-spec-0007,L2_window_100_current_tiled,T4,actuator_delay_step|capability_step_up,reveal_plus_4,capability_step_up,t4_capability_step_temporal,2.0,relaxed,1.0,runs/m1674_controller_family_one_seed_public_pilot/configs/L2_window_100_current_tiled_seed167400.json,runs/m1674_controller_family_one_seed_public_pilot/profile_runs/L2_window_100_current_tiled/seed_167400/checkpoint.pt,True,True,False,False,False,collision_control_wide_relaxed,m1680-spec-0007::tw2::finish_relaxed::max1::L2_window_100_current_tiled
m1680-spec-0007::tw2::finish_relaxed::max1::L3_online_gru,m1680-spec-0007::tw2::finish_relaxed::max1,m1680-spec-0007,L3_online_gru,T4,actuator_delay_step|capability_step_up,reveal_plus_4,capability_step_up,t4_capability_step_temporal,2.0,relaxed,1.0,runs/m1674_controller_family_one_seed_public_pilot/configs/L3_online_gru_seed167400.json,runs/m1674_controller_family_one_seed_public_pilot/profile_runs/L3_online_gru/seed_167400/checkpoint.pt,True,True,False,False,False,collision_control_wide_relaxed,m1680-spec-0007::tw2::finish_relaxed::max1::L3_online_gru
m1680-spec-0007::tw2::finish_relaxed::max1::L3_reset_control_corrected,m1680-spec-0007::tw2::finish_relaxed::max1,m1680-spec-0007,L3_reset_control_corrected,T4,actuator_delay_step|capability_step_up,reveal_plus_4,capability_step_up,t4_capability_step_temporal,2.0,relaxed,1.0,runs/m1674_controller_family_one_seed_public_pilot/configs/L3_reset_control_corrected_seed167400.json,runs/m1674_controller_family_one_seed_public_pilot/profile_runs/L3_reset_control_corrected/seed_167400/checkpoint.pt,True,True,False,False,False,collision_control_wide_relaxed,m1680-spec-0007::tw2::finish_relaxed::max1::L3_reset_control_corrected
m1680-spec-0008::tw1::finish_original::max1::L0_current_masked,m1680-spec-0008::tw1::finish_original::max1,m1680-spec-0008,L0_current_masked,T4,actuator_delay_step|t4_capability_step_temporal,mapping_window_unspecified,actuator_delay_step,t4_actuator_delay_response,1.0,original,1.0,runs/m1674_controller_family_one_seed_public_pilot/configs/L0_current_masked_seed167400.json,runs/m1674_controller_family_one_seed_public_pilot/profile_runs/L0_current_masked/seed_167400/checkpoint.pt,True,True,False,False,False,original_axis_baseline,m1680-spec-0008::tw1::finish_original::max1::L0_current_masked
m1680-spec-0008::tw1::finish_original::max1::L1_one_step,m1680-spec-0008::tw1::finish_original::max1,m1680-spec-0008,L1_one_step,T4,actuator_delay_step|t4_capability_step_temporal,mapping_window_unspecified,actuator_delay_step,t4_actuator_delay_response,1.0,original,1.0,runs/m1674_controller_family_one_seed_public_pilot/configs/L1_one_step_seed167400.json,runs/m1674_controller_family_one_seed_public_pilot/profile_runs/L1_one_step/seed_167400/checkpoint.pt,True,True,False,False,False,original_axis_baseline,m1680-spec-0008::tw1::finish_original::max1::L1_one_step
m1680-spec-0008::tw1::finish_original::max1::L2_window_13,m1680-spec-0008::tw1::finish_original::max1,m1680-spec-0008,L2_window_13,T4,actuator_delay_step|t4_capability_step_temporal,mapping_window_unspecified,actuator_delay_step,t4_actuator_delay_response,1.0,original,1.0,runs/m1674_controller_family_one_seed_public_pilot/configs/L2_window_13_seed167400.json,runs/m1674_controller_family_one_seed_public_pilot/profile_runs/L2_window_13/seed_167400/checkpoint.pt,True,True,False,False,False,original_axis_baseline,m1680-spec-0008::tw1::finish_original::max1::L2_window_13
m1680-spec-0008::tw1::finish_original::max1::L2_window_13_current_tiled,m1680-spec-0008::tw1::finish_original::max1,m1680-spec-0008,L2_window_13_current_tiled,T4,actuator_delay_step|t4_capability_step_temporal,mapping_window_unspecified,actuator_delay_step,t4_actuator_delay_response,1.0,original,1.0,runs/m1674_controller_family_one_seed_public_pilot/configs/L2_window_13_current_tiled_seed167400.json,runs/m1674_controller_family_one_seed_public_pilot/profile_runs/L2_window_13_current_tiled/seed_167400/checkpoint.pt,True,True,False,False,False,original_axis_baseline,m1680-spec-0008::tw1::finish_original::max1::L2_window_13_current_tiled
m1680-spec-0008::tw1::finish_original::max1::L2_window_25,m1680-spec-0008::tw1::finish_original::max1,m1680-spec-0008,L2_window_25,T4,actuator_delay_step|t4_capability_step_temporal,mapping_window_unspecified,actuator_delay_step,t4_actuator_delay_response,1.0,original,1.0,runs/m1674_controller_family_one_seed_public_pilot/configs/L2_window_25_seed167400.json,runs/m1674_controller_family_one_seed_public_pilot/profile_runs/L2_window_25/seed_167400/checkpoint.pt,True,True,False,False,False,original_axis_baseline,m1680-spec-0008::tw1::finish_original::max1::L2_window_25
m1680-spec-0008::tw1::finish_original::max1::L2_window_25_current_tiled,m1680-spec-0008::tw1::finish_original::max1,m1680-spec-0008,L2_window_25_current_tiled,T4,actuator_delay_step|t4_capability_step_temporal,mapping_window_unspecified,actuator_delay_step,t4_actuator_delay_response,1.0,original,1.0,runs/m1674_controller_family_one_seed_public_pilot/configs/L2_window_25_current_tiled_seed167400.json,runs/m1674_controller_family_one_seed_public_pilot/profile_runs/L2_window_25_current_tiled/seed_167400/checkpoint.pt,True,True,False,False,False,original_axis_baseline,m1680-spec-0008::tw1::finish_original::max1::L2_window_25_current_tiled
m1680-spec-0008::tw1::finish_original::max1::L2_window_50,m1680-spec-0008::tw1::finish_original::max1,m1680-spec-0008,L2_window_50,T4,actuator_delay_step|t4_capability_step_temporal,mapping_window_unspecified,actuator_delay_step,t4_actuator_delay_response,1.0,original,1.0,runs/m1674_controller_family_one_seed_public_pilot/configs/L2_window_50_seed167400.json,runs/m1674_controller_family_one_seed_public_pilot/profile_runs/L2_window_50/seed_167400/checkpoint.pt,True,True,False,False,False,original_axis_baseline,m1680-spec-0008::tw1::finish_original::max1::L2_window_50
m1680-spec-0008::tw1::finish_original::max1::L2_window_50_current_tiled,m1680-spec-0008::tw1::finish_original::max1,m1680-spec-0008,L2_window_50_current_tiled,T4,actuator_delay_step|t4_capability_step_temporal,mapping_window_unspecified,actuator_delay_step,t4_actuator_delay_response,1.0,original,1.0,runs/m1674_controller_family_one_seed_public_pilot/configs/L2_window_50_current_tiled_seed167400.json,runs/m1674_controller_family_one_seed_public_pilot/profile_runs/L2_window_50_current_tiled/seed_167400/checkpoint.pt,True,True,False,False,False,original_axis_baseline,m1680-spec-0008::tw1::finish_original::max1::L2_window_50_current_tiled
m1680-spec-0008::tw1::finish_original::max1::L2_window_100,m1680-spec-0008::tw1::finish_original::max1,m1680-spec-0008,L2_window_100,T4,actuator_delay_step|t4_capability_step_temporal,mapping_window_unspecified,actuator_delay_step,t4_actuator_delay_response,1.0,original,1.0,runs/m1674_controller_family_one_seed_public_pilot/configs/L2_window_100_seed167400.json,runs/m1674_controller_family_one_seed_public_pilot/profile_runs/L2_window_100/seed_167400/checkpoint.pt,True,True,False,False,False,original_axis_baseline,m1680-spec-0008::tw1::finish_original::max1::L2_window_100
m1680-spec-0008::tw1::finish_original::max1::L2_window_100_current_tiled,m1680-spec-0008::tw1::finish_original::max1,m1680-spec-0008,L2_window_100_current_tiled,T4,actuator_delay_step|t4_capability_step_temporal,mapping_window_unspecified,actuator_delay_step,t4_actuator_delay_response,1.0,original,1.0,runs/m1674_controller_family_one_seed_public_pilot/configs/L2_window_100_current_tiled_seed167400.json,runs/m1674_controller_family_one_seed_public_pilot/profile_runs/L2_window_100_current_tiled/seed_167400/checkpoint.pt,True,True,False,False,False,original_axis_baseline,m1680-spec-0008::tw1::finish_original::max1::L2_window_100_current_tiled
m1680-spec-0008::tw1::finish_original::max1::L3_online_gru,m1680-spec-0008::tw1::finish_original::max1,m1680-spec-0008,L3_online_gru,T4,actuator_delay_step|t4_capability_step_temporal,mapping_window_unspecified,actuator_delay_step,t4_actuator_delay_response,1.0,original,1.0,runs/m1674_controller_family_one_seed_public_pilot/configs/L3_online_gru_seed167400.json,runs/m1674_controller_family_one_seed_public_pilot/profile_runs/L3_online_gru/seed_167400/checkpoint.pt,True,True,False,False,False,original_axis_baseline,m1680-spec-0008::tw1::finish_original::max1::L3_online_gru
m1680-spec-0008::tw1::finish_original::max1::L3_reset_control_corrected,m1680-spec-0008::tw1::finish_original::max1,m1680-spec-0008,L3_reset_control_corrected,T4,actuator_delay_step|t4_capability_step_temporal,mapping_window_unspecified,actuator_delay_step,t4_actuator_delay_response,1.0,original,1.0,runs/m1674_controller_family_one_seed_public_pilot/configs/L3_reset_control_corrected_seed167400.json,runs/m1674_controller_family_one_seed_public_pilot/profile_runs/L3_reset_control_corrected/seed_167400/checkpoint.pt,True,True,False,False,False,original_axis_baseline,m1680-spec-0008::tw1::finish_original::max1::L3_reset_control_corrected
m1680-spec-0008::tw1.5::finish_relaxed::max1.5::L0_current_masked,m1680-spec-0008::tw1.5::finish_relaxed::max1.5,m1680-spec-0008,L0_current_masked,T4,actuator_delay_step|t4_capability_step_temporal,mapping_window_unspecified,actuator_delay_step,t4_actuator_delay_response,1.5,relaxed,1.5,runs/m1674_controller_family_one_seed_public_pilot/configs/L0_current_masked_seed167400.json,runs/m1674_controller_family_one_seed_public_pilot/profile_runs/L0_current_masked/seed_167400/checkpoint.pt,True,True,False,False,False,mid_calibration_variant,m1680-spec-0008::tw1.5::finish_relaxed::max1.5::L0_current_masked
m1680-spec-0008::tw1.5::finish_relaxed::max1.5::L1_one_step,m1680-spec-0008::tw1.5::finish_relaxed::max1.5,m1680-spec-0008,L1_one_step,T4,actuator_delay_step|t4_capability_step_temporal,mapping_window_unspecified,actuator_delay_step,t4_actuator_delay_response,1.5,relaxed,1.5,runs/m1674_controller_family_one_seed_public_pilot/configs/L1_one_step_seed167400.json,runs/m1674_controller_family_one_seed_public_pilot/profile_runs/L1_one_step/seed_167400/checkpoint.pt,True,True,False,False,False,mid_calibration_variant,m1680-spec-0008::tw1.5::finish_relaxed::max1.5::L1_one_step
m1680-spec-0008::tw1.5::finish_relaxed::max1.5::L2_window_13,m1680-spec-0008::tw1.5::finish_relaxed::max1.5,m1680-spec-0008,L2_window_13,T4,actuator_delay_step|t4_capability_step_temporal,mapping_window_unspecified,actuator_delay_step,t4_actuator_delay_response,1.5,relaxed,1.5,runs/m1674_controller_family_one_seed_public_pilot/configs/L2_window_13_seed167400.json,runs/m1674_controller_family_one_seed_public_pilot/profile_runs/L2_window_13/seed_167400/checkpoint.pt,True,True,False,False,False,mid_calibration_variant,m1680-spec-0008::tw1.5::finish_relaxed::max1.5::L2_window_13
m1680-spec-0008::tw1.5::finish_relaxed::max1.5::L2_window_13_current_tiled,m1680-spec-0008::tw1.5::finish_relaxed::max1.5,m1680-spec-0008,L2_window_13_current_tiled,T4,actuator_delay_step|t4_capability_step_temporal,mapping_window_unspecified,actuator_delay_step,t4_actuator_delay_response,1.5,relaxed,1.5,runs/m1674_controller_family_one_seed_public_pilot/configs/L2_window_13_current_tiled_seed167400.json,runs/m1674_controller_family_one_seed_public_pilot/profile_runs/L2_window_13_current_tiled/seed_167400/checkpoint.pt,True,True,False,False,False,mid_calibration_variant,m1680-spec-0008::tw1.5::finish_relaxed::max1.5::L2_window_13_current_tiled
m1680-spec-0008::tw1.5::finish_relaxed::max1.5::L2_window_25,m1680-spec-0008::tw1.5::finish_relaxed::max1.5,m1680-spec-0008,L2_window_25,T4,actuator_delay_step|t4_capability_step_temporal,mapping_window_unspecified,actuator_delay_step,t4_actuator_delay_response,1.5,relaxed,1.5,runs/m1674_controller_family_one_seed_public_pilot/configs/L2_window_25_seed167400.json,runs/m1674_controller_family_one_seed_public_pilot/profile_runs/L2_window_25/seed_167400/checkpoint.pt,True,True,False,False,False,mid_calibration_variant,m1680-spec-0008::tw1.5::finish_relaxed::max1.5::L2_window_25
m1680-spec-0008::tw1.5::finish_relaxed::max1.5::L2_window_25_current_tiled,m1680-spec-0008::tw1.5::finish_relaxed::max1.5,m1680-spec-0008,L2_window_25_current_tiled,T4,actuator_delay_step|t4_capability_step_temporal,mapping_window_unspecified,actuator_delay_step,t4_actuator_delay_response,1.5,relaxed,1.5,runs/m1674_controller_family_one_seed_public_pilot/configs/L2_window_25_current_tiled_seed167400.json,runs/m1674_controller_family_one_seed_public_pilot/profile_runs/L2_window_25_current_tiled/seed_167400/checkpoint.pt,True,True,False,False,False,mid_calibration_variant,m1680-spec-0008::tw1.5::finish_relaxed::max1.5::L2_window_25_current_tiled
m1680-spec-0008::tw1.5::finish_relaxed::max1.5::L2_window_50,m1680-spec-0008::tw1.5::finish_relaxed::max1.5,m1680-spec-0008,L2_window_50,T4,actuator_delay_step|t4_capability_step_temporal,mapping_window_unspecified,actuator_delay_step,t4_actuator_delay_response,1.5,relaxed,1.5,runs/m1674_controller_family_one_seed_public_pilot/configs/L2_window_50_seed167400.json,runs/m1674_controller_family_one_seed_public_pilot/profile_runs/L2_window_50/seed_167400/checkpoint.pt,True,True,False,False,False,mid_calibration_variant,m1680-spec-0008::tw1.5::finish_relaxed::max1.5::L2_window_50
m1680-spec-0008::tw1.5::finish_relaxed::max1.5::L2_window_50_current_tiled,m1680-spec-0008::tw1.5::finish_relaxed::max1.5,m1680-spec-0008,L2_window_50_current_tiled,T4,actuator_delay_step|t4_capability_step_temporal,mapping_window_unspecified,actuator_delay_step,t4_actuator_delay_response,1.5,relaxed,1.5,runs/m1674_controller_family_one_seed_public_pilot/configs/L2_window_50_current_tiled_seed167400.json,runs/m1674_controller_family_one_seed_public_pilot/profile_runs/L2_window_50_current_tiled/seed_167400/checkpoint.pt,True,True,False,False,False,mid_calibration_variant,m1680-spec-0008::tw1.5::finish_relaxed::max1.5::L2_window_50_current_tiled
m1680-spec-0008::tw1.5::finish_relaxed::max1.5::L2_window_100,m1680-spec-0008::tw1.5::finish_relaxed::max1.5,m1680-spec-0008,L2_window_100,T4,actuator_delay_step|t4_capability_step_temporal,mapping_window_unspecified,actuator_delay_step,t4_actuator_delay_response,1.5,relaxed,1.5,runs/m1674_controller_family_one_seed_public_pilot/configs/L2_window_100_seed167400.json,runs/m1674_controller_family_one_seed_public_pilot/profile_runs/L2_window_100/seed_167400/checkpoint.pt,True,True,False,False,False,mid_calibration_variant,m1680-spec-0008::tw1.5::finish_relaxed::max1.5::L2_window_100
m1680-spec-0008::tw1.5::finish_relaxed::max1.5::L2_window_100_current_tiled,m1680-spec-0008::tw1.5::finish_relaxed::max1.5,m1680-spec-0008,L2_window_100_current_tiled,T4,actuator_delay_step|t4_capability_step_temporal,mapping_window_unspecified,actuator_delay_step,t4_actuator_delay_response,1.5,relaxed,1.5,runs/m1674_controller_family_one_seed_public_pilot/configs/L2_window_100_current_tiled_seed167400.json,runs/m1674_controller_family_one_seed_public_pilot/profile_runs/L2_window_100_current_tiled/seed_167400/checkpoint.pt,True,True,False,False,False,mid_calibration_variant,m1680-spec-0008::tw1.5::finish_relaxed::max1.5::L2_window_100_current_tiled
m1680-spec-0008::tw1.5::finish_relaxed::max1.5::L3_online_gru,m1680-spec-0008::tw1.5::finish_relaxed::max1.5,m1680-spec-0008,L3_online_gru,T4,actuator_delay_step|t4_capability_step_temporal,mapping_window_unspecified,actuator_delay_step,t4_actuator_delay_response,1.5,relaxed,1.5,runs/m1674_controller_family_one_seed_public_pilot/configs/L3_online_gru_seed167400.json,runs/m1674_controller_family_one_seed_public_pilot/profile_runs/L3_online_gru/seed_167400/checkpoint.pt,True,True,False,False,False,mid_calibration_variant,m1680-spec-0008::tw1.5::finish_relaxed::max1.5::L3_online_gru
m1680-spec-0008::tw1.5::finish_relaxed::max1.5::L3_reset_control_corrected,m1680-spec-0008::tw1.5::finish_relaxed::max1.5,m1680-spec-0008,L3_reset_control_corrected,T4,actuator_delay_step|t4_capability_step_temporal,mapping_window_unspecified,actuator_delay_step,t4_actuator_delay_response,1.5,relaxed,1.5,runs/m1674_controller_family_one_seed_public_pilot/configs/L3_reset_control_corrected_seed167400.json,runs/m1674_controller_family_one_seed_public_pilot/profile_runs/L3_reset_control_corrected/seed_167400/checkpoint.pt,True,True,False,False,False,mid_calibration_variant,m1680-spec-0008::tw1.5::finish_relaxed::max1.5::L3_reset_control_corrected
m1680-spec-0008::tw2::finish_original::max1.5::L0_current_masked,m1680-spec-0008::tw2::finish_original::max1.5,m1680-spec-0008,L0_current_masked,T4,actuator_delay_step|t4_capability_step_temporal,mapping_window_unspecified,actuator_delay_step,t4_actuator_delay_response,2.0,original,1.5,runs/m1674_controller_family_one_seed_public_pilot/configs/L0_current_masked_seed167400.json,runs/m1674_controller_family_one_seed_public_pilot/profile_runs/L0_current_masked/seed_167400/checkpoint.pt,True,True,False,False,False,best_off_track_variant,m1680-spec-0008::tw2::finish_original::max1.5::L0_current_masked
m1680-spec-0008::tw2::finish_original::max1.5::L1_one_step,m1680-spec-0008::tw2::finish_original::max1.5,m1680-spec-0008,L1_one_step,T4,actuator_delay_step|t4_capability_step_temporal,mapping_window_unspecified,actuator_delay_step,t4_actuator_delay_response,2.0,original,1.5,runs/m1674_controller_family_one_seed_public_pilot/configs/L1_one_step_seed167400.json,runs/m1674_controller_family_one_seed_public_pilot/profile_runs/L1_one_step/seed_167400/checkpoint.pt,True,True,False,False,False,best_off_track_variant,m1680-spec-0008::tw2::finish_original::max1.5::L1_one_step
m1680-spec-0008::tw2::finish_original::max1.5::L2_window_13,m1680-spec-0008::tw2::finish_original::max1.5,m1680-spec-0008,L2_window_13,T4,actuator_delay_step|t4_capability_step_temporal,mapping_window_unspecified,actuator_delay_step,t4_actuator_delay_response,2.0,original,1.5,runs/m1674_controller_family_one_seed_public_pilot/configs/L2_window_13_seed167400.json,runs/m1674_controller_family_one_seed_public_pilot/profile_runs/L2_window_13/seed_167400/checkpoint.pt,True,True,False,False,False,best_off_track_variant,m1680-spec-0008::tw2::finish_original::max1.5::L2_window_13
m1680-spec-0008::tw2::finish_original::max1.5::L2_window_13_current_tiled,m1680-spec-0008::tw2::finish_original::max1.5,m1680-spec-0008,L2_window_13_current_tiled,T4,actuator_delay_step|t4_capability_step_temporal,mapping_window_unspecified,actuator_delay_step,t4_actuator_delay_response,2.0,original,1.5,runs/m1674_controller_family_one_seed_public_pilot/configs/L2_window_13_current_tiled_seed167400.json,runs/m1674_controller_family_one_seed_public_pilot/profile_runs/L2_window_13_current_tiled/seed_167400/checkpoint.pt,True,True,False,False,False,best_off_track_variant,m1680-spec-0008::tw2::finish_original::max1.5::L2_window_13_current_tiled
m1680-spec-0008::tw2::finish_original::max1.5::L2_window_25,m1680-spec-0008::tw2::finish_original::max1.5,m1680-spec-0008,L2_window_25,T4,actuator_delay_step|t4_capability_step_temporal,mapping_window_unspecified,actuator_delay_step,t4_actuator_delay_response,2.0,original,1.5,runs/m1674_controller_family_one_seed_public_pilot/configs/L2_window_25_seed167400.json,runs/m1674_controller_family_one_seed_public_pilot/profile_runs/L2_window_25/seed_167400/checkpoint.pt,True,True,False,False,False,best_off_track_variant,m1680-spec-0008::tw2::finish_original::max1.5::L2_window_25
m1680-spec-0008::tw2::finish_original::max1.5::L2_window_25_current_tiled,m1680-spec-0008::tw2::finish_original::max1.5,m1680-spec-0008,L2_window_25_current_tiled,T4,actuator_delay_step|t4_capability_step_temporal,mapping_window_unspecified,actuator_delay_step,t4_actuator_delay_response,2.0,original,1.5,runs/m1674_controller_family_one_seed_public_pilot/configs/L2_window_25_current_tiled_seed167400.json,runs/m1674_controller_family_one_seed_public_pilot/profile_runs/L2_window_25_current_tiled/seed_167400/checkpoint.pt,True,True,False,False,False,best_off_track_variant,m1680-spec-0008::tw2::finish_original::max1.5::L2_window_25_current_tiled
m1680-spec-0008::tw2::finish_original::max1.5::L2_window_50,m1680-spec-0008::tw2::finish_original::max1.5,m1680-spec-0008,L2_window_50,T4,actuator_delay_step|t4_capability_step_temporal,mapping_window_unspecified,actuator_delay_step,t4_actuator_delay_response,2.0,original,1.5,runs/m1674_controller_family_one_seed_public_pilot/configs/L2_window_50_seed167400.json,runs/m1674_controller_family_one_seed_public_pilot/profile_runs/L2_window_50/seed_167400/checkpoint.pt,True,True,False,False,False,best_off_track_variant,m1680-spec-0008::tw2::finish_original::max1.5::L2_window_50
m1680-spec-0008::tw2::finish_original::max1.5::L2_window_50_current_tiled,m1680-spec-0008::tw2::finish_original::max1.5,m1680-spec-0008,L2_window_50_current_tiled,T4,actuator_delay_step|t4_capability_step_temporal,mapping_window_unspecified,actuator_delay_step,t4_actuator_delay_response,2.0,original,1.5,runs/m1674_controller_family_one_seed_public_pilot/configs/L2_window_50_current_tiled_seed167400.json,runs/m1674_controller_family_one_seed_public_pilot/profile_runs/L2_window_50_current_tiled/seed_167400/checkpoint.pt,True,True,False,False,False,best_off_track_variant,m1680-spec-0008::tw2::finish_original::max1.5::L2_window_50_current_tiled
m1680-spec-0008::tw2::finish_original::max1.5::L2_window_100,m1680-spec-0008::tw2::finish_original::max1.5,m1680-spec-0008,L2_window_100,T4,actuator_delay_step|t4_capability_step_temporal,mapping_window_unspecified,actuator_delay_step,t4_actuator_delay_response,2.0,original,1.5,runs/m1674_controller_family_one_seed_public_pilot/configs/L2_window_100_seed167400.json,runs/m1674_controller_family_one_seed_public_pilot/profile_runs/L2_window_100/seed_167400/checkpoint.pt,True,True,False,False,False,best_off_track_variant,m1680-spec-0008::tw2::finish_original::max1.5::L2_window_100
m1680-spec-0008::tw2::finish_original::max1.5::L2_window_100_current_tiled,m1680-spec-0008::tw2::finish_original::max1.5,m1680-spec-0008,L2_window_100_current_tiled,T4,actuator_delay_step|t4_capability_step_temporal,mapping_window_unspecified,actuator_delay_step,t4_actuator_delay_response,2.0,original,1.5,runs/m1674_controller_family_one_seed_public_pilot/configs/L2_window_100_current_tiled_seed167400.json,runs/m1674_controller_family_one_seed_public_pilot/profile_runs/L2_window_100_current_tiled/seed_167400/checkpoint.pt,True,True,False,False,False,best_off_track_variant,m1680-spec-0008::tw2::finish_original::max1.5::L2_window_100_current_tiled
m1680-spec-0008::tw2::finish_original::max1.5::L3_online_gru,m1680-spec-0008::tw2::finish_original::max1.5,m1680-spec-0008,L3_online_gru,T4,actuator_delay_step|t4_capability_step_temporal,mapping_window_unspecified,actuator_delay_step,t4_actuator_delay_response,2.0,original,1.5,runs/m1674_controller_family_one_seed_public_pilot/configs/L3_online_gru_seed167400.json,runs/m1674_controller_family_one_seed_public_pilot/profile_runs/L3_online_gru/seed_167400/checkpoint.pt,True,True,False,False,False,best_off_track_variant,m1680-spec-0008::tw2::finish_original::max1.5::L3_online_gru
m1680-spec-0008::tw2::finish_original::max1.5::L3_reset_control_corrected,m1680-spec-0008::tw2::finish_original::max1.5,m1680-spec-0008,L3_reset_control_corrected,T4,actuator_delay_step|t4_capability_step_temporal,mapping_window_unspecified,actuator_delay_step,t4_actuator_delay_response,2.0,original,1.5,runs/m1674_controller_family_one_seed_public_pilot/configs/L3_reset_control_corrected_seed167400.json,runs/m1674_controller_family_one_seed_public_pilot/profile_runs/L3_reset_control_corrected/seed_167400/checkpoint.pt,True,True,False,False,False,best_off_track_variant,m1680-spec-0008::tw2::finish_original::max1.5::L3_reset_control_corrected
m1680-spec-0008::tw2::finish_relaxed::max1::L0_current_masked,m1680-spec-0008::tw2::finish_relaxed::max1,m1680-spec-0008,L0_current_masked,T4,actuator_delay_step|t4_capability_step_temporal,mapping_window_unspecified,actuator_delay_step,t4_actuator_delay_response,2.0,relaxed,1.0,runs/m1674_controller_family_one_seed_public_pilot/configs/L0_current_masked_seed167400.json,runs/m1674_controller_family_one_seed_public_pilot/profile_runs/L0_current_masked/seed_167400/checkpoint.pt,True,True,False,False,False,collision_control_wide_relaxed,m1680-spec-0008::tw2::finish_relaxed::max1::L0_current_masked
m1680-spec-0008::tw2::finish_relaxed::max1::L1_one_step,m1680-spec-0008::tw2::finish_relaxed::max1,m1680-spec-0008,L1_one_step,T4,actuator_delay_step|t4_capability_step_temporal,mapping_window_unspecified,actuator_delay_step,t4_actuator_delay_response,2.0,relaxed,1.0,runs/m1674_controller_family_one_seed_public_pilot/configs/L1_one_step_seed167400.json,runs/m1674_controller_family_one_seed_public_pilot/profile_runs/L1_one_step/seed_167400/checkpoint.pt,True,True,False,False,False,collision_control_wide_relaxed,m1680-spec-0008::tw2::finish_relaxed::max1::L1_one_step
m1680-spec-0008::tw2::finish_relaxed::max1::L2_window_13,m1680-spec-0008::tw2::finish_relaxed::max1,m1680-spec-0008,L2_window_13,T4,actuator_delay_step|t4_capability_step_temporal,mapping_window_unspecified,actuator_delay_step,t4_actuator_delay_response,2.0,relaxed,1.0,runs/m1674_controller_family_one_seed_public_pilot/configs/L2_window_13_seed167400.json,runs/m1674_controller_family_one_seed_public_pilot/profile_runs/L2_window_13/seed_167400/checkpoint.pt,True,True,False,False,False,collision_control_wide_relaxed,m1680-spec-0008::tw2::finish_relaxed::max1::L2_window_13
m1680-spec-0008::tw2::finish_relaxed::max1::L2_window_13_current_tiled,m1680-spec-0008::tw2::finish_relaxed::max1,m1680-spec-0008,L2_window_13_current_tiled,T4,actuator_delay_step|t4_capability_step_temporal,mapping_window_unspecified,actuator_delay_step,t4_actuator_delay_response,2.0,relaxed,1.0,runs/m1674_controller_family_one_seed_public_pilot/configs/L2_window_13_current_tiled_seed167400.json,runs/m1674_controller_family_one_seed_public_pilot/profile_runs/L2_window_13_current_tiled/seed_167400/checkpoint.pt,True,True,False,False,False,collision_control_wide_relaxed,m1680-spec-0008::tw2::finish_relaxed::max1::L2_window_13_current_tiled
m1680-spec-0008::tw2::finish_relaxed::max1::L2_window_25,m1680-spec-0008::tw2::finish_relaxed::max1,m1680-spec-0008,L2_window_25,T4,actuator_delay_step|t4_capability_step_temporal,mapping_window_unspecified,actuator_delay_step,t4_actuator_delay_response,2.0,relaxed,1.0,runs/m1674_controller_family_one_seed_public_pilot/configs/L2_window_25_seed167400.json,runs/m1674_controller_family_one_seed_public_pilot/profile_runs/L2_window_25/seed_167400/checkpoint.pt,True,True,False,False,False,collision_control_wide_relaxed,m1680-spec-0008::tw2::finish_relaxed::max1::L2_window_25
m1680-spec-0008::tw2::finish_relaxed::max1::L2_window_25_current_tiled,m1680-spec-0008::tw2::finish_relaxed::max1,m1680-spec-0008,L2_window_25_current_tiled,T4,actuator_delay_step|t4_capability_step_temporal,mapping_window_unspecified,actuator_delay_step,t4_actuator_delay_response,2.0,relaxed,1.0,runs/m1674_controller_family_one_seed_public_pilot/configs/L2_window_25_current_tiled_seed167400.json,runs/m1674_controller_family_one_seed_public_pilot/profile_runs/L2_window_25_current_tiled/seed_167400/checkpoint.pt,True,True,False,False,False,collision_control_wide_relaxed,m1680-spec-0008::tw2::finish_relaxed::max1::L2_window_25_current_tiled
m1680-spec-0008::tw2::finish_relaxed::max1::L2_window_50,m1680-spec-0008::tw2::finish_relaxed::max1,m1680-spec-0008,L2_window_50,T4,actuator_delay_step|t4_capability_step_temporal,mapping_window_unspecified,actuator_delay_step,t4_actuator_delay_response,2.0,relaxed,1.0,runs/m1674_controller_family_one_seed_public_pilot/configs/L2_window_50_seed167400.json,runs/m1674_controller_family_one_seed_public_pilot/profile_runs/L2_window_50/seed_167400/checkpoint.pt,True,True,False,False,False,collision_control_wide_relaxed,m1680-spec-0008::tw2::finish_relaxed::max1::L2_window_50
m1680-spec-0008::tw2::finish_relaxed::max1::L2_window_50_current_tiled,m1680-spec-0008::tw2::finish_relaxed::max1,m1680-spec-0008,L2_window_50_current_tiled,T4,actuator_delay_step|t4_capability_step_temporal,mapping_window_unspecified,actuator_delay_step,t4_actuator_delay_response,2.0,relaxed,1.0,runs/m1674_controller_family_one_seed_public_pilot/configs/L2_window_50_current_tiled_seed167400.json,runs/m1674_controller_family_one_seed_public_pilot/profile_runs/L2_window_50_current_tiled/seed_167400/checkpoint.pt,True,True,False,False,False,collision_control_wide_relaxed,m1680-spec-0008::tw2::finish_relaxed::max1::L2_window_50_current_tiled
m1680-spec-0008::tw2::finish_relaxed::max1::L2_window_100,m1680-spec-0008::tw2::finish_relaxed::max1,m1680-spec-0008,L2_window_100,T4,actuator_delay_step|t4_capability_step_temporal,mapping_window_unspecified,actuator_delay_step,t4_actuator_delay_response,2.0,relaxed,1.0,runs/m1674_controller_family_one_seed_public_pilot/configs/L2_window_100_seed167400.json,runs/m1674_controller_family_one_seed_public_pilot/profile_runs/L2_window_100/seed_167400/checkpoint.pt,True,True,False,False,False,collision_control_wide_relaxed,m1680-spec-0008::tw2::finish_relaxed::max1::L2_window_100
m1680-spec-0008::tw2::finish_relaxed::max1::L2_window_100_current_tiled,m1680-spec-0008::tw2::finish_relaxed::max1,m1680-spec-0008,L2_window_100_current_tiled,T4,actuator_delay_step|t4_capability_step_temporal,mapping_window_unspecified,actuator_delay_step,t4_actuator_delay_response,2.0,relaxed,1.0,runs/m1674_controller_family_one_seed_public_pilot/configs/L2_window_100_current_tiled_seed167400.json,runs/m1674_controller_family_one_seed_public_pilot/profile_runs/L2_window_100_current_tiled/seed_167400/checkpoint.pt,True,True,False,False,False,collision_control_wide_relaxed,m1680-spec-0008::tw2::finish_relaxed::max1::L2_window_100_current_tiled
m1680-spec-0008::tw2::finish_relaxed::max1::L3_online_gru,m1680-spec-0008::tw2::finish_relaxed::max1,m1680-spec-0008,L3_online_gru,T4,actuator_delay_step|t4_capability_step_temporal,mapping_window_unspecified,actuator_delay_step,t4_actuator_delay_response,2.0,relaxed,1.0,runs/m1674_controller_family_one_seed_public_pilot/configs/L3_online_gru_seed167400.json,runs/m1674_controller_family_one_seed_public_pilot/profile_runs/L3_online_gru/seed_167400/checkpoint.pt,True,True,False,False,False,collision_control_wide_relaxed,m1680-spec-0008::tw2::finish_relaxed::max1::L3_online_gru
m1680-spec-0008::tw2::finish_relaxed::max1::L3_reset_control_corrected,m1680-spec-0008::tw2::finish_relaxed::max1,m1680-spec-0008,L3_reset_control_corrected,T4,actuator_delay_step|t4_capability_step_temporal,mapping_window_unspecified,actuator_delay_step,t4_actuator_delay_response,2.0,relaxed,1.0,runs/m1674_controller_family_one_seed_public_pilot/configs/L3_reset_control_corrected_seed167400.json,runs/m1674_controller_family_one_seed_public_pilot/profile_runs/L3_reset_control_corrected/seed_167400/checkpoint.pt,True,True,False,False,False,collision_control_wide_relaxed,m1680-spec-0008::tw2::finish_relaxed::max1::L3_reset_control_corrected
m1680-spec-0036::tw1::finish_original::max1::L0_current_masked,m1680-spec-0036::tw1::finish_original::max1,m1680-spec-0036,L0_current_masked,T5,actuator_delay_step|t5_near_boundary_warmup,reveal_plus_4,t5_near_boundary_warmup,t5_near_boundary_warmup,1.0,original,1.0,runs/m1674_controller_family_one_seed_public_pilot/configs/L0_current_masked_seed167400.json,runs/m1674_controller_family_one_seed_public_pilot/profile_runs/L0_current_masked/seed_167400/checkpoint.pt,True,True,False,False,False,original_axis_baseline,m1680-spec-0036::tw1::finish_original::max1::L0_current_masked
m1680-spec-0036::tw1::finish_original::max1::L1_one_step,m1680-spec-0036::tw1::finish_original::max1,m1680-spec-0036,L1_one_step,T5,actuator_delay_step|t5_near_boundary_warmup,reveal_plus_4,t5_near_boundary_warmup,t5_near_boundary_warmup,1.0,original,1.0,runs/m1674_controller_family_one_seed_public_pilot/configs/L1_one_step_seed167400.json,runs/m1674_controller_family_one_seed_public_pilot/profile_runs/L1_one_step/seed_167400/checkpoint.pt,True,True,False,False,False,original_axis_baseline,m1680-spec-0036::tw1::finish_original::max1::L1_one_step
m1680-spec-0036::tw1::finish_original::max1::L2_window_13,m1680-spec-0036::tw1::finish_original::max1,m1680-spec-0036,L2_window_13,T5,actuator_delay_step|t5_near_boundary_warmup,reveal_plus_4,t5_near_boundary_warmup,t5_near_boundary_warmup,1.0,original,1.0,runs/m1674_controller_family_one_seed_public_pilot/configs/L2_window_13_seed167400.json,runs/m1674_controller_family_one_seed_public_pilot/profile_runs/L2_window_13/seed_167400/checkpoint.pt,True,True,False,False,False,original_axis_baseline,m1680-spec-0036::tw1::finish_original::max1::L2_window_13
m1680-spec-0036::tw1::finish_original::max1::L2_window_13_current_tiled,m1680-spec-0036::tw1::finish_original::max1,m1680-spec-0036,L2_window_13_current_tiled,T5,actuator_delay_step|t5_near_boundary_warmup,reveal_plus_4,t5_near_boundary_warmup,t5_near_boundary_warmup,1.0,original,1.0,runs/m1674_controller_family_one_seed_public_pilot/configs/L2_window_13_current_tiled_seed167400.json,runs/m1674_controller_family_one_seed_public_pilot/profile_runs/L2_window_13_current_tiled/seed_167400/checkpoint.pt,True,True,False,False,False,original_axis_baseline,m1680-spec-0036::tw1::finish_original::max1::L2_window_13_current_tiled
m1680-spec-0036::tw1::finish_original::max1::L2_window_25,m1680-spec-0036::tw1::finish_original::max1,m1680-spec-0036,L2_window_25,T5,actuator_delay_step|t5_near_boundary_warmup,reveal_plus_4,t5_near_boundary_warmup,t5_near_boundary_warmup,1.0,original,1.0,runs/m1674_controller_family_one_seed_public_pilot/configs/L2_window_25_seed167400.json,runs/m1674_controller_family_one_seed_public_pilot/profile_runs/L2_window_25/seed_167400/checkpoint.pt,True,True,False,False,False,original_axis_baseline,m1680-spec-0036::tw1::finish_original::max1::L2_window_25
m1680-spec-0036::tw1::finish_original::max1::L2_window_25_current_tiled,m1680-spec-0036::tw1::finish_original::max1,m1680-spec-0036,L2_window_25_current_tiled,T5,actuator_delay_step|t5_near_boundary_warmup,reveal_plus_4,t5_near_boundary_warmup,t5_near_boundary_warmup,1.0,original,1.0,runs/m1674_controller_family_one_seed_public_pilot/configs/L2_window_25_current_tiled_seed167400.json,runs/m1674_controller_family_one_seed_public_pilot/profile_runs/L2_window_25_current_tiled/seed_167400/checkpoint.pt,True,True,False,False,False,original_axis_baseline,m1680-spec-0036::tw1::finish_original::max1::L2_window_25_current_tiled
m1680-spec-0036::tw1::finish_original::max1::L2_window_50,m1680-spec-0036::tw1::finish_original::max1,m1680-spec-0036,L2_window_50,T5,actuator_delay_step|t5_near_boundary_warmup,reveal_plus_4,t5_near_boundary_warmup,t5_near_boundary_warmup,1.0,original,1.0,runs/m1674_controller_family_one_seed_public_pilot/configs/L2_window_50_seed167400.json,runs/m1674_controller_family_one_seed_public_pilot/profile_runs/L2_window_50/seed_167400/checkpoint.pt,True,True,False,False,False,original_axis_baseline,m1680-spec-0036::tw1::finish_original::max1::L2_window_50
m1680-spec-0036::tw1::finish_original::max1::L2_window_50_current_tiled,m1680-spec-0036::tw1::finish_original::max1,m1680-spec-0036,L2_window_50_current_tiled,T5,actuator_delay_step|t5_near_boundary_warmup,reveal_plus_4,t5_near_boundary_warmup,t5_near_boundary_warmup,1.0,original,1.0,runs/m1674_controller_family_one_seed_public_pilot/configs/L2_window_50_current_tiled_seed167400.json,runs/m1674_controller_family_one_seed_public_pilot/profile_runs/L2_window_50_current_tiled/seed_167400/checkpoint.pt,True,True,False,False,False,original_axis_baseline,m1680-spec-0036::tw1::finish_original::max1::L2_window_50_current_tiled
m1680-spec-0036::tw1::finish_original::max1::L2_window_100,m1680-spec-0036::tw1::finish_original::max1,m1680-spec-0036,L2_window_100,T5,actuator_delay_step|t5_near_boundary_warmup,reveal_plus_4,t5_near_boundary_warmup,t5_near_boundary_warmup,1.0,original,1.0,runs/m1674_controller_family_one_seed_public_pilot/configs/L2_window_100_seed167400.json,runs/m1674_controller_family_one_seed_public_pilot/profile_runs/L2_window_100/seed_167400/checkpoint.pt,True,True,False,False,False,original_axis_baseline,m1680-spec-0036::tw1::finish_original::max1::L2_window_100
m1680-spec-0036::tw1::finish_original::max1::L2_window_100_current_tiled,m1680-spec-0036::tw1::finish_original::max1,m1680-spec-0036,L2_window_100_current_tiled,T5,actuator_delay_step|t5_near_boundary_warmup,reveal_plus_4,t5_near_boundary_warmup,t5_near_boundary_warmup,1.0,original,1.0,runs/m1674_controller_family_one_seed_public_pilot/configs/L2_window_100_current_tiled_seed167400.json,runs/m1674_controller_family_one_seed_public_pilot/profile_runs/L2_window_100_current_tiled/seed_167400/checkpoint.pt,True,True,False,False,False,original_axis_baseline,m1680-spec-0036::tw1::finish_original::max1::L2_window_100_current_tiled
m1680-spec-0036::tw1::finish_original::max1::L3_online_gru,m1680-spec-0036::tw1::finish_original::max1,m1680-spec-0036,L3_online_gru,T5,actuator_delay_step|t5_near_boundary_warmup,reveal_plus_4,t5_near_boundary_warmup,t5_near_boundary_warmup,1.0,original,1.0,runs/m1674_controller_family_one_seed_public_pilot/configs/L3_online_gru_seed167400.json,runs/m1674_controller_family_one_seed_public_pilot/profile_runs/L3_online_gru/seed_167400/checkpoint.pt,True,True,False,False,False,original_axis_baseline,m1680-spec-0036::tw1::finish_original::max1::L3_online_gru
m1680-spec-0036::tw1::finish_original::max1::L3_reset_control_corrected,m1680-spec-0036::tw1::finish_original::max1,m1680-spec-0036,L3_reset_control_corrected,T5,actuator_delay_step|t5_near_boundary_warmup,reveal_plus_4,t5_near_boundary_warmup,t5_near_boundary_warmup,1.0,original,1.0,runs/m1674_controller_family_one_seed_public_pilot/configs/L3_reset_control_corrected_seed167400.json,runs/m1674_controller_family_one_seed_public_pilot/profile_runs/L3_reset_control_corrected/seed_167400/checkpoint.pt,True,True,False,False,False,original_axis_baseline,m1680-spec-0036::tw1::finish_original::max1::L3_reset_control_corrected
m1680-spec-0036::tw1.5::finish_relaxed::max1.5::L0_current_masked,m1680-spec-0036::tw1.5::finish_relaxed::max1.5,m1680-spec-0036,L0_current_masked,T5,actuator_delay_step|t5_near_boundary_warmup,reveal_plus_4,t5_near_boundary_warmup,t5_near_boundary_warmup,1.5,relaxed,1.5,runs/m1674_controller_family_one_seed_public_pilot/configs/L0_current_masked_seed167400.json,runs/m1674_controller_family_one_seed_public_pilot/profile_runs/L0_current_masked/seed_167400/checkpoint.pt,True,True,False,False,False,mid_calibration_variant,m1680-spec-0036::tw1.5::finish_relaxed::max1.5::L0_current_masked
m1680-spec-0036::tw1.5::finish_relaxed::max1.5::L1_one_step,m1680-spec-0036::tw1.5::finish_relaxed::max1.5,m1680-spec-0036,L1_one_step,T5,actuator_delay_step|t5_near_boundary_warmup,reveal_plus_4,t5_near_boundary_warmup,t5_near_boundary_warmup,1.5,relaxed,1.5,runs/m1674_controller_family_one_seed_public_pilot/configs/L1_one_step_seed167400.json,runs/m1674_controller_family_one_seed_public_pilot/profile_runs/L1_one_step/seed_167400/checkpoint.pt,True,True,False,False,False,mid_calibration_variant,m1680-spec-0036::tw1.5::finish_relaxed::max1.5::L1_one_step
m1680-spec-0036::tw1.5::finish_relaxed::max1.5::L2_window_13,m1680-spec-0036::tw1.5::finish_relaxed::max1.5,m1680-spec-0036,L2_window_13,T5,actuator_delay_step|t5_near_boundary_warmup,reveal_plus_4,t5_near_boundary_warmup,t5_near_boundary_warmup,1.5,relaxed,1.5,runs/m1674_controller_family_one_seed_public_pilot/configs/L2_window_13_seed167400.json,runs/m1674_controller_family_one_seed_public_pilot/profile_runs/L2_window_13/seed_167400/checkpoint.pt,True,True,False,False,False,mid_calibration_variant,m1680-spec-0036::tw1.5::finish_relaxed::max1.5::L2_window_13
m1680-spec-0036::tw1.5::finish_relaxed::max1.5::L2_window_13_current_tiled,m1680-spec-0036::tw1.5::finish_relaxed::max1.5,m1680-spec-0036,L2_window_13_current_tiled,T5,actuator_delay_step|t5_near_boundary_warmup,reveal_plus_4,t5_near_boundary_warmup,t5_near_boundary_warmup,1.5,relaxed,1.5,runs/m1674_controller_family_one_seed_public_pilot/configs/L2_window_13_current_tiled_seed167400.json,runs/m1674_controller_family_one_seed_public_pilot/profile_runs/L2_window_13_current_tiled/seed_167400/checkpoint.pt,True,True,False,False,False,mid_calibration_variant,m1680-spec-0036::tw1.5::finish_relaxed::max1.5::L2_window_13_current_tiled
m1680-spec-0036::tw1.5::finish_relaxed::max1.5::L2_window_25,m1680-spec-0036::tw1.5::finish_relaxed::max1.5,m1680-spec-0036,L2_window_25,T5,actuator_delay_step|t5_near_boundary_warmup,reveal_plus_4,t5_near_boundary_warmup,t5_near_boundary_warmup,1.5,relaxed,1.5,runs/m1674_controller_family_one_seed_public_pilot/configs/L2_window_25_seed167400.json,runs/m1674_controller_family_one_seed_public_pilot/profile_runs/L2_window_25/seed_167400/checkpoint.pt,True,True,False,False,False,mid_calibration_variant,m1680-spec-0036::tw1.5::finish_relaxed::max1.5::L2_window_25
m1680-spec-0036::tw1.5::finish_relaxed::max1.5::L2_window_25_current_tiled,m1680-spec-0036::tw1.5::finish_relaxed::max1.5,m1680-spec-0036,L2_window_25_current_tiled,T5,actuator_delay_step|t5_near_boundary_warmup,reveal_plus_4,t5_near_boundary_warmup,t5_near_boundary_warmup,1.5,relaxed,1.5,runs/m1674_controller_family_one_seed_public_pilot/configs/L2_window_25_current_tiled_seed167400.json,runs/m1674_controller_family_one_seed_public_pilot/profile_runs/L2_window_25_current_tiled/seed_167400/checkpoint.pt,True,True,False,False,False,mid_calibration_variant,m1680-spec-0036::tw1.5::finish_relaxed::max1.5::L2_window_25_current_tiled
m1680-spec-0036::tw1.5::finish_relaxed::max1.5::L2_window_50,m1680-spec-0036::tw1.5::finish_relaxed::max1.5,m1680-spec-0036,L2_window_50,T5,actuator_delay_step|t5_near_boundary_warmup,reveal_plus_4,t5_near_boundary_warmup,t5_near_boundary_warmup,1.5,relaxed,1.5,runs/m1674_controller_family_one_seed_public_pilot/configs/L2_window_50_seed167400.json,runs/m1674_controller_family_one_seed_public_pilot/profile_runs/L2_window_50/seed_167400/checkpoint.pt,True,True,False,False,False,mid_calibration_variant,m1680-spec-0036::tw1.5::finish_relaxed::max1.5::L2_window_50
m1680-spec-0036::tw1.5::finish_relaxed::max1.5::L2_window_50_current_tiled,m1680-spec-0036::tw1.5::finish_relaxed::max1.5,m1680-spec-0036,L2_window_50_current_tiled,T5,actuator_delay_step|t5_near_boundary_warmup,reveal_plus_4,t5_near_boundary_warmup,t5_near_boundary_warmup,1.5,relaxed,1.5,runs/m1674_controller_family_one_seed_public_pilot/configs/L2_window_50_current_tiled_seed167400.json,runs/m1674_controller_family_one_seed_public_pilot/profile_runs/L2_window_50_current_tiled/seed_167400/checkpoint.pt,True,True,False,False,False,mid_calibration_variant,m1680-spec-0036::tw1.5::finish_relaxed::max1.5::L2_window_50_current_tiled
m1680-spec-0036::tw1.5::finish_relaxed::max1.5::L2_window_100,m1680-spec-0036::tw1.5::finish_relaxed::max1.5,m1680-spec-0036,L2_window_100,T5,actuator_delay_step|t5_near_boundary_warmup,reveal_plus_4,t5_near_boundary_warmup,t5_near_boundary_warmup,1.5,relaxed,1.5,runs/m1674_controller_family_one_seed_public_pilot/configs/L2_window_100_seed167400.json,runs/m1674_controller_family_one_seed_public_pilot/profile_runs/L2_window_100/seed_167400/checkpoint.pt,True,True,False,False,False,mid_calibration_variant,m1680-spec-0036::tw1.5::finish_relaxed::max1.5::L2_window_100
m1680-spec-0036::tw1.5::finish_relaxed::max1.5::L2_window_100_current_tiled,m1680-spec-0036::tw1.5::finish_relaxed::max1.5,m1680-spec-0036,L2_window_100_current_tiled,T5,actuator_delay_step|t5_near_boundary_warmup,reveal_plus_4,t5_near_boundary_warmup,t5_near_boundary_warmup,1.5,relaxed,1.5,runs/m1674_controller_family_one_seed_public_pilot/configs/L2_window_100_current_tiled_seed167400.json,runs/m1674_controller_family_one_seed_public_pilot/profile_runs/L2_window_100_current_tiled/seed_167400/checkpoint.pt,True,True,False,False,False,mid_calibration_variant,m1680-spec-0036::tw1.5::finish_relaxed::max1.5::L2_window_100_current_tiled
m1680-spec-0036::tw1.5::finish_relaxed::max1.5::L3_online_gru,m1680-spec-0036::tw1.5::finish_relaxed::max1.5,m1680-spec-0036,L3_online_gru,T5,actuator_delay_step|t5_near_boundary_warmup,reveal_plus_4,t5_near_boundary_warmup,t5_near_boundary_warmup,1.5,relaxed,1.5,runs/m1674_controller_family_one_seed_public_pilot/configs/L3_online_gru_seed167400.json,runs/m1674_controller_family_one_seed_public_pilot/profile_runs/L3_online_gru/seed_167400/checkpoint.pt,True,True,False,False,False,mid_calibration_variant,m1680-spec-0036::tw1.5::finish_relaxed::max1.5::L3_online_gru
m1680-spec-0036::tw1.5::finish_relaxed::max1.5::L3_reset_control_corrected,m1680-spec-0036::tw1.5::finish_relaxed::max1.5,m1680-spec-0036,L3_reset_control_corrected,T5,actuator_delay_step|t5_near_boundary_warmup,reveal_plus_4,t5_near_boundary_warmup,t5_near_boundary_warmup,1.5,relaxed,1.5,runs/m1674_controller_family_one_seed_public_pilot/configs/L3_reset_control_corrected_seed167400.json,runs/m1674_controller_family_one_seed_public_pilot/profile_runs/L3_reset_control_corrected/seed_167400/checkpoint.pt,True,True,False,False,False,mid_calibration_variant,m1680-spec-0036::tw1.5::finish_relaxed::max1.5::L3_reset_control_corrected
m1680-spec-0036::tw2::finish_original::max1.5::L0_current_masked,m1680-spec-0036::tw2::finish_original::max1.5,m1680-spec-0036,L0_current_masked,T5,actuator_delay_step|t5_near_boundary_warmup,reveal_plus_4,t5_near_boundary_warmup,t5_near_boundary_warmup,2.0,original,1.5,runs/m1674_controller_family_one_seed_public_pilot/configs/L0_current_masked_seed167400.json,runs/m1674_controller_family_one_seed_public_pilot/profile_runs/L0_current_masked/seed_167400/checkpoint.pt,True,True,False,False,False,best_off_track_variant,m1680-spec-0036::tw2::finish_original::max1.5::L0_current_masked
m1680-spec-0036::tw2::finish_original::max1.5::L1_one_step,m1680-spec-0036::tw2::finish_original::max1.5,m1680-spec-0036,L1_one_step,T5,actuator_delay_step|t5_near_boundary_warmup,reveal_plus_4,t5_near_boundary_warmup,t5_near_boundary_warmup,2.0,original,1.5,runs/m1674_controller_family_one_seed_public_pilot/configs/L1_one_step_seed167400.json,runs/m1674_controller_family_one_seed_public_pilot/profile_runs/L1_one_step/seed_167400/checkpoint.pt,True,True,False,False,False,best_off_track_variant,m1680-spec-0036::tw2::finish_original::max1.5::L1_one_step
m1680-spec-0036::tw2::finish_original::max1.5::L2_window_13,m1680-spec-0036::tw2::finish_original::max1.5,m1680-spec-0036,L2_window_13,T5,actuator_delay_step|t5_near_boundary_warmup,reveal_plus_4,t5_near_boundary_warmup,t5_near_boundary_warmup,2.0,original,1.5,runs/m1674_controller_family_one_seed_public_pilot/configs/L2_window_13_seed167400.json,runs/m1674_controller_family_one_seed_public_pilot/profile_runs/L2_window_13/seed_167400/checkpoint.pt,True,True,False,False,False,best_off_track_variant,m1680-spec-0036::tw2::finish_original::max1.5::L2_window_13
m1680-spec-0036::tw2::finish_original::max1.5::L2_window_13_current_tiled,m1680-spec-0036::tw2::finish_original::max1.5,m1680-spec-0036,L2_window_13_current_tiled,T5,actuator_delay_step|t5_near_boundary_warmup,reveal_plus_4,t5_near_boundary_warmup,t5_near_boundary_warmup,2.0,original,1.5,runs/m1674_controller_family_one_seed_public_pilot/configs/L2_window_13_current_tiled_seed167400.json,runs/m1674_controller_family_one_seed_public_pilot/profile_runs/L2_window_13_current_tiled/seed_167400/checkpoint.pt,True,True,False,False,False,best_off_track_variant,m1680-spec-0036::tw2::finish_original::max1.5::L2_window_13_current_tiled
m1680-spec-0036::tw2::finish_original::max1.5::L2_window_25,m1680-spec-0036::tw2::finish_original::max1.5,m1680-spec-0036,L2_window_25,T5,actuator_delay_step|t5_near_boundary_warmup,reveal_plus_4,t5_near_boundary_warmup,t5_near_boundary_warmup,2.0,original,1.5,runs/m1674_controller_family_one_seed_public_pilot/configs/L2_window_25_seed167400.json,runs/m1674_controller_family_one_seed_public_pilot/profile_runs/L2_window_25/seed_167400/checkpoint.pt,True,True,False,False,False,best_off_track_variant,m1680-spec-0036::tw2::finish_original::max1.5::L2_window_25
m1680-spec-0036::tw2::finish_original::max1.5::L2_window_25_current_tiled,m1680-spec-0036::tw2::finish_original::max1.5,m1680-spec-0036,L2_window_25_current_tiled,T5,actuator_delay_step|t5_near_boundary_warmup,reveal_plus_4,t5_near_boundary_warmup,t5_near_boundary_warmup,2.0,original,1.5,runs/m1674_controller_family_one_seed_public_pilot/configs/L2_window_25_current_tiled_seed167400.json,runs/m1674_controller_family_one_seed_public_pilot/profile_runs/L2_window_25_current_tiled/seed_167400/checkpoint.pt,True,True,False,False,False,best_off_track_variant,m1680-spec-0036::tw2::finish_original::max1.5::L2_window_25_current_tiled
m1680-spec-0036::tw2::finish_original::max1.5::L2_window_50,m1680-spec-0036::tw2::finish_original::max1.5,m1680-spec-0036,L2_window_50,T5,actuator_delay_step|t5_near_boundary_warmup,reveal_plus_4,t5_near_boundary_warmup,t5_near_boundary_warmup,2.0,original,1.5,runs/m1674_controller_family_one_seed_public_pilot/configs/L2_window_50_seed167400.json,runs/m1674_controller_family_one_seed_public_pilot/profile_runs/L2_window_50/seed_167400/checkpoint.pt,True,True,False,False,False,best_off_track_variant,m1680-spec-0036::tw2::finish_original::max1.5::L2_window_50
m1680-spec-0036::tw2::finish_original::max1.5::L2_window_50_current_tiled,m1680-spec-0036::tw2::finish_original::max1.5,m1680-spec-0036,L2_window_50_current_tiled,T5,actuator_delay_step|t5_near_boundary_warmup,reveal_plus_4,t5_near_boundary_warmup,t5_near_boundary_warmup,2.0,original,1.5,runs/m1674_controller_family_one_seed_public_pilot/configs/L2_window_50_current_tiled_seed167400.json,runs/m1674_controller_family_one_seed_public_pilot/profile_runs/L2_window_50_current_tiled/seed_167400/checkpoint.pt,True,True,False,False,False,best_off_track_variant,m1680-spec-0036::tw2::finish_original::max1.5::L2_window_50_current_tiled
m1680-spec-0036::tw2::finish_original::max1.5::L2_window_100,m1680-spec-0036::tw2::finish_original::max1.5,m1680-spec-0036,L2_window_100,T5,actuator_delay_step|t5_near_boundary_warmup,reveal_plus_4,t5_near_boundary_warmup,t5_near_boundary_warmup,2.0,original,1.5,runs/m1674_controller_family_one_seed_public_pilot/configs/L2_window_100_seed167400.json,runs/m1674_controller_family_one_seed_public_pilot/profile_runs/L2_window_100/seed_167400/checkpoint.pt,True,True,False,False,False,best_off_track_variant,m1680-spec-0036::tw2::finish_original::max1.5::L2_window_100
m1680-spec-0036::tw2::finish_original::max1.5::L2_window_100_current_tiled,m1680-spec-0036::tw2::finish_original::max1.5,m1680-spec-0036,L2_window_100_current_tiled,T5,actuator_delay_step|t5_near_boundary_warmup,reveal_plus_4,t5_near_boundary_warmup,t5_near_boundary_warmup,2.0,original,1.5,runs/m1674_controller_family_one_seed_public_pilot/configs/L2_window_100_current_tiled_seed167400.json,runs/m1674_controller_family_one_seed_public_pilot/profile_runs/L2_window_100_current_tiled/seed_167400/checkpoint.pt,True,True,False,False,False,best_off_track_variant,m1680-spec-0036::tw2::finish_original::max1.5::L2_window_100_current_tiled
m1680-spec-0036::tw2::finish_original::max1.5::L3_online_gru,m1680-spec-0036::tw2::finish_original::max1.5,m1680-spec-0036,L3_online_gru,T5,actuator_delay_step|t5_near_boundary_warmup,reveal_plus_4,t5_near_boundary_warmup,t5_near_boundary_warmup,2.0,original,1.5,runs/m1674_controller_family_one_seed_public_pilot/configs/L3_online_gru_seed167400.json,runs/m1674_controller_family_one_seed_public_pilot/profile_runs/L3_online_gru/seed_167400/checkpoint.pt,True,True,False,False,False,best_off_track_variant,m1680-spec-0036::tw2::finish_original::max1.5::L3_online_gru
m1680-spec-0036::tw2::finish_original::max1.5::L3_reset_control_corrected,m1680-spec-0036::tw2::finish_original::max1.5,m1680-spec-0036,L3_reset_control_corrected,T5,actuator_delay_step|t5_near_boundary_warmup,reveal_plus_4,t5_near_boundary_warmup,t5_near_boundary_warmup,2.0,original,1.5,runs/m1674_controller_family_one_seed_public_pilot/configs/L3_reset_control_corrected_seed167400.json,runs/m1674_controller_family_one_seed_public_pilot/profile_runs/L3_reset_control_corrected/seed_167400/checkpoint.pt,True,True,False,False,False,best_off_track_variant,m1680-spec-0036::tw2::finish_original::max1.5::L3_reset_control_corrected
m1680-spec-0036::tw2::finish_relaxed::max1::L0_current_masked,m1680-spec-0036::tw2::finish_relaxed::max1,m1680-spec-0036,L0_current_masked,T5,actuator_delay_step|t5_near_boundary_warmup,reveal_plus_4,t5_near_boundary_warmup,t5_near_boundary_warmup,2.0,relaxed,1.0,runs/m1674_controller_family_one_seed_public_pilot/configs/L0_current_masked_seed167400.json,runs/m1674_controller_family_one_seed_public_pilot/profile_runs/L0_current_masked/seed_167400/checkpoint.pt,True,True,False,False,False,collision_control_wide_relaxed,m1680-spec-0036::tw2::finish_relaxed::max1::L0_current_masked
m1680-spec-0036::tw2::finish_relaxed::max1::L1_one_step,m1680-spec-0036::tw2::finish_relaxed::max1,m1680-spec-0036,L1_one_step,T5,actuator_delay_step|t5_near_boundary_warmup,reveal_plus_4,t5_near_boundary_warmup,t5_near_boundary_warmup,2.0,relaxed,1.0,runs/m1674_controller_family_one_seed_public_pilot/configs/L1_one_step_seed167400.json,runs/m1674_controller_family_one_seed_public_pilot/profile_runs/L1_one_step/seed_167400/checkpoint.pt,True,True,False,False,False,collision_control_wide_relaxed,m1680-spec-0036::tw2::finish_relaxed::max1::L1_one_step
m1680-spec-0036::tw2::finish_relaxed::max1::L2_window_13,m1680-spec-0036::tw2::finish_relaxed::max1,m1680-spec-0036,L2_window_13,T5,actuator_delay_step|t5_near_boundary_warmup,reveal_plus_4,t5_near_boundary_warmup,t5_near_boundary_warmup,2.0,relaxed,1.0,runs/m1674_controller_family_one_seed_public_pilot/configs/L2_window_13_seed167400.json,runs/m1674_controller_family_one_seed_public_pilot/profile_runs/L2_window_13/seed_167400/checkpoint.pt,True,True,False,False,False,collision_control_wide_relaxed,m1680-spec-0036::tw2::finish_relaxed::max1::L2_window_13
m1680-spec-0036::tw2::finish_relaxed::max1::L2_window_13_current_tiled,m1680-spec-0036::tw2::finish_relaxed::max1,m1680-spec-0036,L2_window_13_current_tiled,T5,actuator_delay_step|t5_near_boundary_warmup,reveal_plus_4,t5_near_boundary_warmup,t5_near_boundary_warmup,2.0,relaxed,1.0,runs/m1674_controller_family_one_seed_public_pilot/configs/L2_window_13_current_tiled_seed167400.json,runs/m1674_controller_family_one_seed_public_pilot/profile_runs/L2_window_13_current_tiled/seed_167400/checkpoint.pt,True,True,False,False,False,collision_control_wide_relaxed,m1680-spec-0036::tw2::finish_relaxed::max1::L2_window_13_current_tiled
m1680-spec-0036::tw2::finish_relaxed::max1::L2_window_25,m1680-spec-0036::tw2::finish_relaxed::max1,m1680-spec-0036,L2_window_25,T5,actuator_delay_step|t5_near_boundary_warmup,reveal_plus_4,t5_near_boundary_warmup,t5_near_boundary_warmup,2.0,relaxed,1.0,runs/m1674_controller_family_one_seed_public_pilot/configs/L2_window_25_seed167400.json,runs/m1674_controller_family_one_seed_public_pilot/profile_runs/L2_window_25/seed_167400/checkpoint.pt,True,True,False,False,False,collision_control_wide_relaxed,m1680-spec-0036::tw2::finish_relaxed::max1::L2_window_25
m1680-spec-0036::tw2::finish_relaxed::max1::L2_window_25_current_tiled,m1680-spec-0036::tw2::finish_relaxed::max1,m1680-spec-0036,L2_window_25_current_tiled,T5,actuator_delay_step|t5_near_boundary_warmup,reveal_plus_4,t5_near_boundary_warmup,t5_near_boundary_warmup,2.0,relaxed,1.0,runs/m1674_controller_family_one_seed_public_pilot/configs/L2_window_25_current_tiled_seed167400.json,runs/m1674_controller_family_one_seed_public_pilot/profile_runs/L2_window_25_current_tiled/seed_167400/checkpoint.pt,True,True,False,False,False,collision_control_wide_relaxed,m1680-spec-0036::tw2::finish_relaxed::max1::L2_window_25_current_tiled
m1680-spec-0036::tw2::finish_relaxed::max1::L2_window_50,m1680-spec-0036::tw2::finish_relaxed::max1,m1680-spec-0036,L2_window_50,T5,actuator_delay_step|t5_near_boundary_warmup,reveal_plus_4,t5_near_boundary_warmup,t5_near_boundary_warmup,2.0,relaxed,1.0,runs/m1674_controller_family_one_seed_public_pilot/configs/L2_window_50_seed167400.json,runs/m1674_controller_family_one_seed_public_pilot/profile_runs/L2_window_50/seed_167400/checkpoint.pt,True,True,False,False,False,collision_control_wide_relaxed,m1680-spec-0036::tw2::finish_relaxed::max1::L2_window_50
m1680-spec-0036::tw2::finish_relaxed::max1::L2_window_50_current_tiled,m1680-spec-0036::tw2::finish_relaxed::max1,m1680-spec-0036,L2_window_50_current_tiled,T5,actuator_delay_step|t5_near_boundary_warmup,reveal_plus_4,t5_near_boundary_warmup,t5_near_boundary_warmup,2.0,relaxed,1.0,runs/m1674_controller_family_one_seed_public_pilot/configs/L2_window_50_current_tiled_seed167400.json,runs/m1674_controller_family_one_seed_public_pilot/profile_runs/L2_window_50_current_tiled/seed_167400/checkpoint.pt,True,True,False,False,False,collision_control_wide_relaxed,m1680-spec-0036::tw2::finish_relaxed::max1::L2_window_50_current_tiled
m1680-spec-0036::tw2::finish_relaxed::max1::L2_window_100,m1680-spec-0036::tw2::finish_relaxed::max1,m1680-spec-0036,L2_window_100,T5,actuator_delay_step|t5_near_boundary_warmup,reveal_plus_4,t5_near_boundary_warmup,t5_near_boundary_warmup,2.0,relaxed,1.0,runs/m1674_controller_family_one_seed_public_pilot/configs/L2_window_100_seed167400.json,runs/m1674_controller_family_one_seed_public_pilot/profile_runs/L2_window_100/seed_167400/checkpoint.pt,True,True,False,False,False,collision_control_wide_relaxed,m1680-spec-0036::tw2::finish_relaxed::max1::L2_window_100
m1680-spec-0036::tw2::finish_relaxed::max1::L2_window_100_current_tiled,m1680-spec-0036::tw2::finish_relaxed::max1,m1680-spec-0036,L2_window_100_current_tiled,T5,actuator_delay_step|t5_near_boundary_warmup,reveal_plus_4,t5_near_boundary_warmup,t5_near_boundary_warmup,2.0,relaxed,1.0,runs/m1674_controller_family_one_seed_public_pilot/configs/L2_window_100_current_tiled_seed167400.json,runs/m1674_controller_family_one_seed_public_pilot/profile_runs/L2_window_100_current_tiled/seed_167400/checkpoint.pt,True,True,False,False,False,collision_control_wide_relaxed,m1680-spec-0036::tw2::finish_relaxed::max1::L2_window_100_current_tiled
m1680-spec-0036::tw2::finish_relaxed::max1::L3_online_gru,m1680-spec-0036::tw2::finish_relaxed::max1,m1680-spec-0036,L3_online_gru,T5,actuator_delay_step|t5_near_boundary_warmup,reveal_plus_4,t5_near_boundary_warmup,t5_near_boundary_warmup,2.0,relaxed,1.0,runs/m1674_controller_family_one_seed_public_pilot/configs/L3_online_gru_seed167400.json,runs/m1674_controller_family_one_seed_public_pilot/profile_runs/L3_online_gru/seed_167400/checkpoint.pt,True,True,False,False,False,collision_control_wide_relaxed,m1680-spec-0036::tw2::finish_relaxed::max1::L3_online_gru
m1680-spec-0036::tw2::finish_relaxed::max1::L3_reset_control_corrected,m1680-spec-0036::tw2::finish_relaxed::max1,m1680-spec-0036,L3_reset_control_corrected,T5,actuator_delay_step|t5_near_boundary_warmup,reveal_plus_4,t5_near_boundary_warmup,t5_near_boundary_warmup,2.0,relaxed,1.0,runs/m1674_controller_family_one_seed_public_pilot/configs/L3_reset_control_corrected_seed167400.json,runs/m1674_controller_family_one_seed_public_pilot/profile_runs/L3_reset_control_corrected/seed_167400/checkpoint.pt,True,True,False,False,False,collision_control_wide_relaxed,m1680-spec-0036::tw2::finish_relaxed::max1::L3_reset_control_corrected
m1680-spec-0037::tw1::finish_original::max1::L0_current_masked,m1680-spec-0037::tw1::finish_original::max1,m1680-spec-0037,L0_current_masked,T5,brake_fade_or_loss_proxy|late_reveal_boundary,mapping_window_unspecified,brake_fade_or_loss_proxy,t5_near_boundary_warmup,1.0,original,1.0,runs/m1674_controller_family_one_seed_public_pilot/configs/L0_current_masked_seed167400.json,runs/m1674_controller_family_one_seed_public_pilot/profile_runs/L0_current_masked/seed_167400/checkpoint.pt,True,True,False,False,False,original_axis_baseline,m1680-spec-0037::tw1::finish_original::max1::L0_current_masked
m1680-spec-0037::tw1::finish_original::max1::L1_one_step,m1680-spec-0037::tw1::finish_original::max1,m1680-spec-0037,L1_one_step,T5,brake_fade_or_loss_proxy|late_reveal_boundary,mapping_window_unspecified,brake_fade_or_loss_proxy,t5_near_boundary_warmup,1.0,original,1.0,runs/m1674_controller_family_one_seed_public_pilot/configs/L1_one_step_seed167400.json,runs/m1674_controller_family_one_seed_public_pilot/profile_runs/L1_one_step/seed_167400/checkpoint.pt,True,True,False,False,False,original_axis_baseline,m1680-spec-0037::tw1::finish_original::max1::L1_one_step
m1680-spec-0037::tw1::finish_original::max1::L2_window_13,m1680-spec-0037::tw1::finish_original::max1,m1680-spec-0037,L2_window_13,T5,brake_fade_or_loss_proxy|late_reveal_boundary,mapping_window_unspecified,brake_fade_or_loss_proxy,t5_near_boundary_warmup,1.0,original,1.0,runs/m1674_controller_family_one_seed_public_pilot/configs/L2_window_13_seed167400.json,runs/m1674_controller_family_one_seed_public_pilot/profile_runs/L2_window_13/seed_167400/checkpoint.pt,True,True,False,False,False,original_axis_baseline,m1680-spec-0037::tw1::finish_original::max1::L2_window_13
m1680-spec-0037::tw1::finish_original::max1::L2_window_13_current_tiled,m1680-spec-0037::tw1::finish_original::max1,m1680-spec-0037,L2_window_13_current_tiled,T5,brake_fade_or_loss_proxy|late_reveal_boundary,mapping_window_unspecified,brake_fade_or_loss_proxy,t5_near_boundary_warmup,1.0,original,1.0,runs/m1674_controller_family_one_seed_public_pilot/configs/L2_window_13_current_tiled_seed167400.json,runs/m1674_controller_family_one_seed_public_pilot/profile_runs/L2_window_13_current_tiled/seed_167400/checkpoint.pt,True,True,False,False,False,original_axis_baseline,m1680-spec-0037::tw1::finish_original::max1::L2_window_13_current_tiled
m1680-spec-0037::tw1::finish_original::max1::L2_window_25,m1680-spec-0037::tw1::finish_original::max1,m1680-spec-0037,L2_window_25,T5,brake_fade_or_loss_proxy|late_reveal_boundary,mapping_window_unspecified,brake_fade_or_loss_proxy,t5_near_boundary_warmup,1.0,original,1.0,runs/m1674_controller_family_one_seed_public_pilot/configs/L2_window_25_seed167400.json,runs/m1674_controller_family_one_seed_public_pilot/profile_runs/L2_window_25/seed_167400/checkpoint.pt,True,True,False,False,False,original_axis_baseline,m1680-spec-0037::tw1::finish_original::max1::L2_window_25
m1680-spec-0037::tw1::finish_original::max1::L2_window_25_current_tiled,m1680-spec-0037::tw1::finish_original::max1,m1680-spec-0037,L2_window_25_current_tiled,T5,brake_fade_or_loss_proxy|late_reveal_boundary,mapping_window_unspecified,brake_fade_or_loss_proxy,t5_near_boundary_warmup,1.0,original,1.0,runs/m1674_controller_family_one_seed_public_pilot/configs/L2_window_25_current_tiled_seed167400.json,runs/m1674_controller_family_one_seed_public_pilot/profile_runs/L2_window_25_current_tiled/seed_167400/checkpoint.pt,True,True,False,False,False,original_axis_baseline,m1680-spec-0037::tw1::finish_original::max1::L2_window_25_current_tiled
m1680-spec-0037::tw1::finish_original::max1::L2_window_50,m1680-spec-0037::tw1::finish_original::max1,m1680-spec-0037,L2_window_50,T5,brake_fade_or_loss_proxy|late_reveal_boundary,mapping_window_unspecified,brake_fade_or_loss_proxy,t5_near_boundary_warmup,1.0,original,1.0,runs/m1674_controller_family_one_seed_public_pilot/configs/L2_window_50_seed167400.json,runs/m1674_controller_family_one_seed_public_pilot/profile_runs/L2_window_50/seed_167400/checkpoint.pt,True,True,False,False,False,original_axis_baseline,m1680-spec-0037::tw1::finish_original::max1::L2_window_50
m1680-spec-0037::tw1::finish_original::max1::L2_window_50_current_tiled,m1680-spec-0037::tw1::finish_original::max1,m1680-spec-0037,L2_window_50_current_tiled,T5,brake_fade_or_loss_proxy|late_reveal_boundary,mapping_window_unspecified,brake_fade_or_loss_proxy,t5_near_boundary_warmup,1.0,original,1.0,runs/m1674_controller_family_one_seed_public_pilot/configs/L2_window_50_current_tiled_seed167400.json,runs/m1674_controller_family_one_seed_public_pilot/profile_runs/L2_window_50_current_tiled/seed_167400/checkpoint.pt,True,True,False,False,False,original_axis_baseline,m1680-spec-0037::tw1::finish_original::max1::L2_window_50_current_tiled
m1680-spec-0037::tw1::finish_original::max1::L2_window_100,m1680-spec-0037::tw1::finish_original::max1,m1680-spec-0037,L2_window_100,T5,brake_fade_or_loss_proxy|late_reveal_boundary,mapping_window_unspecified,brake_fade_or_loss_proxy,t5_near_boundary_warmup,1.0,original,1.0,runs/m1674_controller_family_one_seed_public_pilot/configs/L2_window_100_seed167400.json,runs/m1674_controller_family_one_seed_public_pilot/profile_runs/L2_window_100/seed_167400/checkpoint.pt,True,True,False,False,False,original_axis_baseline,m1680-spec-0037::tw1::finish_original::max1::L2_window_100
m1680-spec-0037::tw1::finish_original::max1::L2_window_100_current_tiled,m1680-spec-0037::tw1::finish_original::max1,m1680-spec-0037,L2_window_100_current_tiled,T5,brake_fade_or_loss_proxy|late_reveal_boundary,mapping_window_unspecified,brake_fade_or_loss_proxy,t5_near_boundary_warmup,1.0,original,1.0,runs/m1674_controller_family_one_seed_public_pilot/configs/L2_window_100_current_tiled_seed167400.json,runs/m1674_controller_family_one_seed_public_pilot/profile_runs/L2_window_100_current_tiled/seed_167400/checkpoint.pt,True,True,False,False,False,original_axis_baseline,m1680-spec-0037::tw1::finish_original::max1::L2_window_100_current_tiled
m1680-spec-0037::tw1::finish_original::max1::L3_online_gru,m1680-spec-0037::tw1::finish_original::max1,m1680-spec-0037,L3_online_gru,T5,brake_fade_or_loss_proxy|late_reveal_boundary,mapping_window_unspecified,brake_fade_or_loss_proxy,t5_near_boundary_warmup,1.0,original,1.0,runs/m1674_controller_family_one_seed_public_pilot/configs/L3_online_gru_seed167400.json,runs/m1674_controller_family_one_seed_public_pilot/profile_runs/L3_online_gru/seed_167400/checkpoint.pt,True,True,False,False,False,original_axis_baseline,m1680-spec-0037::tw1::finish_original::max1::L3_online_gru
m1680-spec-0037::tw1::finish_original::max1::L3_reset_control_corrected,m1680-spec-0037::tw1::finish_original::max1,m1680-spec-0037,L3_reset_control_corrected,T5,brake_fade_or_loss_proxy|late_reveal_boundary,mapping_window_unspecified,brake_fade_or_loss_proxy,t5_near_boundary_warmup,1.0,original,1.0,runs/m1674_controller_family_one_seed_public_pilot/configs/L3_reset_control_corrected_seed167400.json,runs/m1674_controller_family_one_seed_public_pilot/profile_runs/L3_reset_control_corrected/seed_167400/checkpoint.pt,True,True,False,False,False,original_axis_baseline,m1680-spec-0037::tw1::finish_original::max1::L3_reset_control_corrected
m1680-spec-0037::tw1.5::finish_relaxed::max1.5::L0_current_masked,m1680-spec-0037::tw1.5::finish_relaxed::max1.5,m1680-spec-0037,L0_current_masked,T5,brake_fade_or_loss_proxy|late_reveal_boundary,mapping_window_unspecified,brake_fade_or_loss_proxy,t5_near_boundary_warmup,1.5,relaxed,1.5,runs/m1674_controller_family_one_seed_public_pilot/configs/L0_current_masked_seed167400.json,runs/m1674_controller_family_one_seed_public_pilot/profile_runs/L0_current_masked/seed_167400/checkpoint.pt,True,True,False,False,False,mid_calibration_variant,m1680-spec-0037::tw1.5::finish_relaxed::max1.5::L0_current_masked
m1680-spec-0037::tw1.5::finish_relaxed::max1.5::L1_one_step,m1680-spec-0037::tw1.5::finish_relaxed::max1.5,m1680-spec-0037,L1_one_step,T5,brake_fade_or_loss_proxy|late_reveal_boundary,mapping_window_unspecified,brake_fade_or_loss_proxy,t5_near_boundary_warmup,1.5,relaxed,1.5,runs/m1674_controller_family_one_seed_public_pilot/configs/L1_one_step_seed167400.json,runs/m1674_controller_family_one_seed_public_pilot/profile_runs/L1_one_step/seed_167400/checkpoint.pt,True,True,False,False,False,mid_calibration_variant,m1680-spec-0037::tw1.5::finish_relaxed::max1.5::L1_one_step
m1680-spec-0037::tw1.5::finish_relaxed::max1.5::L2_window_13,m1680-spec-0037::tw1.5::finish_relaxed::max1.5,m1680-spec-0037,L2_window_13,T5,brake_fade_or_loss_proxy|late_reveal_boundary,mapping_window_unspecified,brake_fade_or_loss_proxy,t5_near_boundary_warmup,1.5,relaxed,1.5,runs/m1674_controller_family_one_seed_public_pilot/configs/L2_window_13_seed167400.json,runs/m1674_controller_family_one_seed_public_pilot/profile_runs/L2_window_13/seed_167400/checkpoint.pt,True,True,False,False,False,mid_calibration_variant,m1680-spec-0037::tw1.5::finish_relaxed::max1.5::L2_window_13
m1680-spec-0037::tw1.5::finish_relaxed::max1.5::L2_window_13_current_tiled,m1680-spec-0037::tw1.5::finish_relaxed::max1.5,m1680-spec-0037,L2_window_13_current_tiled,T5,brake_fade_or_loss_proxy|late_reveal_boundary,mapping_window_unspecified,brake_fade_or_loss_proxy,t5_near_boundary_warmup,1.5,relaxed,1.5,runs/m1674_controller_family_one_seed_public_pilot/configs/L2_window_13_current_tiled_seed167400.json,runs/m1674_controller_family_one_seed_public_pilot/profile_runs/L2_window_13_current_tiled/seed_167400/checkpoint.pt,True,True,False,False,False,mid_calibration_variant,m1680-spec-0037::tw1.5::finish_relaxed::max1.5::L2_window_13_current_tiled
m1680-spec-0037::tw1.5::finish_relaxed::max1.5::L2_window_25,m1680-spec-0037::tw1.5::finish_relaxed::max1.5,m1680-spec-0037,L2_window_25,T5,brake_fade_or_loss_proxy|late_reveal_boundary,mapping_window_unspecified,brake_fade_or_loss_proxy,t5_near_boundary_warmup,1.5,relaxed,1.5,runs/m1674_controller_family_one_seed_public_pilot/configs/L2_window_25_seed167400.json,runs/m1674_controller_family_one_seed_public_pilot/profile_runs/L2_window_25/seed_167400/checkpoint.pt,True,True,False,False,False,mid_calibration_variant,m1680-spec-0037::tw1.5::finish_relaxed::max1.5::L2_window_25
m1680-spec-0037::tw1.5::finish_relaxed::max1.5::L2_window_25_current_tiled,m1680-spec-0037::tw1.5::finish_relaxed::max1.5,m1680-spec-0037,L2_window_25_current_tiled,T5,brake_fade_or_loss_proxy|late_reveal_boundary,mapping_window_unspecified,brake_fade_or_loss_proxy,t5_near_boundary_warmup,1.5,relaxed,1.5,runs/m1674_controller_family_one_seed_public_pilot/configs/L2_window_25_current_tiled_seed167400.json,runs/m1674_controller_family_one_seed_public_pilot/profile_runs/L2_window_25_current_tiled/seed_167400/checkpoint.pt,True,True,False,False,False,mid_calibration_variant,m1680-spec-0037::tw1.5::finish_relaxed::max1.5::L2_window_25_current_tiled
m1680-spec-0037::tw1.5::finish_relaxed::max1.5::L2_window_50,m1680-spec-0037::tw1.5::finish_relaxed::max1.5,m1680-spec-0037,L2_window_50,T5,brake_fade_or_loss_proxy|late_reveal_boundary,mapping_window_unspecified,brake_fade_or_loss_proxy,t5_near_boundary_warmup,1.5,relaxed,1.5,runs/m1674_controller_family_one_seed_public_pilot/configs/L2_window_50_seed167400.json,runs/m1674_controller_family_one_seed_public_pilot/profile_runs/L2_window_50/seed_167400/checkpoint.pt,True,True,False,False,False,mid_calibration_variant,m1680-spec-0037::tw1.5::finish_relaxed::max1.5::L2_window_50
m1680-spec-0037::tw1.5::finish_relaxed::max1.5::L2_window_50_current_tiled,m1680-spec-0037::tw1.5::finish_relaxed::max1.5,m1680-spec-0037,L2_window_50_current_tiled,T5,brake_fade_or_loss_proxy|late_reveal_boundary,mapping_window_unspecified,brake_fade_or_loss_proxy,t5_near_boundary_warmup,1.5,relaxed,1.5,runs/m1674_controller_family_one_seed_public_pilot/configs/L2_window_50_current_tiled_seed167400.json,runs/m1674_controller_family_one_seed_public_pilot/profile_runs/L2_window_50_current_tiled/seed_167400/checkpoint.pt,True,True,False,False,False,mid_calibration_variant,m1680-spec-0037::tw1.5::finish_relaxed::max1.5::L2_window_50_current_tiled
m1680-spec-0037::tw1.5::finish_relaxed::max1.5::L2_window_100,m1680-spec-0037::tw1.5::finish_relaxed::max1.5,m1680-spec-0037,L2_window_100,T5,brake_fade_or_loss_proxy|late_reveal_boundary,mapping_window_unspecified,brake_fade_or_loss_proxy,t5_near_boundary_warmup,1.5,relaxed,1.5,runs/m1674_controller_family_one_seed_public_pilot/configs/L2_window_100_seed167400.json,runs/m1674_controller_family_one_seed_public_pilot/profile_runs/L2_window_100/seed_167400/checkpoint.pt,True,True,False,False,False,mid_calibration_variant,m1680-spec-0037::tw1.5::finish_relaxed::max1.5::L2_window_100
m1680-spec-0037::tw1.5::finish_relaxed::max1.5::L2_window_100_current_tiled,m1680-spec-0037::tw1.5::finish_relaxed::max1.5,m1680-spec-0037,L2_window_100_current_tiled,T5,brake_fade_or_loss_proxy|late_reveal_boundary,mapping_window_unspecified,brake_fade_or_loss_proxy,t5_near_boundary_warmup,1.5,relaxed,1.5,runs/m1674_controller_family_one_seed_public_pilot/configs/L2_window_100_current_tiled_seed167400.json,runs/m1674_controller_family_one_seed_public_pilot/profile_runs/L2_window_100_current_tiled/seed_167400/checkpoint.pt,True,True,False,False,False,mid_calibration_variant,m1680-spec-0037::tw1.5::finish_relaxed::max1.5::L2_window_100_current_tiled
m1680-spec-0037::tw1.5::finish_relaxed::max1.5::L3_online_gru,m1680-spec-0037::tw1.5::finish_relaxed::max1.5,m1680-spec-0037,L3_online_gru,T5,brake_fade_or_loss_proxy|late_reveal_boundary,mapping_window_unspecified,brake_fade_or_loss_proxy,t5_near_boundary_warmup,1.5,relaxed,1.5,runs/m1674_controller_family_one_seed_public_pilot/configs/L3_online_gru_seed167400.json,runs/m1674_controller_family_one_seed_public_pilot/profile_runs/L3_online_gru/seed_167400/checkpoint.pt,True,True,False,False,False,mid_calibration_variant,m1680-spec-0037::tw1.5::finish_relaxed::max1.5::L3_online_gru
m1680-spec-0037::tw1.5::finish_relaxed::max1.5::L3_reset_control_corrected,m1680-spec-0037::tw1.5::finish_relaxed::max1.5,m1680-spec-0037,L3_reset_control_corrected,T5,brake_fade_or_loss_proxy|late_reveal_boundary,mapping_window_unspecified,brake_fade_or_loss_proxy,t5_near_boundary_warmup,1.5,relaxed,1.5,runs/m1674_controller_family_one_seed_public_pilot/configs/L3_reset_control_corrected_seed167400.json,runs/m1674_controller_family_one_seed_public_pilot/profile_runs/L3_reset_control_corrected/seed_167400/checkpoint.pt,True,True,False,False,False,mid_calibration_variant,m1680-spec-0037::tw1.5::finish_relaxed::max1.5::L3_reset_control_corrected
m1680-spec-0037::tw2::finish_original::max1.5::L0_current_masked,m1680-spec-0037::tw2::finish_original::max1.5,m1680-spec-0037,L0_current_masked,T5,brake_fade_or_loss_proxy|late_reveal_boundary,mapping_window_unspecified,brake_fade_or_loss_proxy,t5_near_boundary_warmup,2.0,original,1.5,runs/m1674_controller_family_one_seed_public_pilot/configs/L0_current_masked_seed167400.json,runs/m1674_controller_family_one_seed_public_pilot/profile_runs/L0_current_masked/seed_167400/checkpoint.pt,True,True,False,False,False,best_off_track_variant,m1680-spec-0037::tw2::finish_original::max1.5::L0_current_masked
m1680-spec-0037::tw2::finish_original::max1.5::L1_one_step,m1680-spec-0037::tw2::finish_original::max1.5,m1680-spec-0037,L1_one_step,T5,brake_fade_or_loss_proxy|late_reveal_boundary,mapping_window_unspecified,brake_fade_or_loss_proxy,t5_near_boundary_warmup,2.0,original,1.5,runs/m1674_controller_family_one_seed_public_pilot/configs/L1_one_step_seed167400.json,runs/m1674_controller_family_one_seed_public_pilot/profile_runs/L1_one_step/seed_167400/checkpoint.pt,True,True,False,False,False,best_off_track_variant,m1680-spec-0037::tw2::finish_original::max1.5::L1_one_step
m1680-spec-0037::tw2::finish_original::max1.5::L2_window_13,m1680-spec-0037::tw2::finish_original::max1.5,m1680-spec-0037,L2_window_13,T5,brake_fade_or_loss_proxy|late_reveal_boundary,mapping_window_unspecified,brake_fade_or_loss_proxy,t5_near_boundary_warmup,2.0,original,1.5,runs/m1674_controller_family_one_seed_public_pilot/configs/L2_window_13_seed167400.json,runs/m1674_controller_family_one_seed_public_pilot/profile_runs/L2_window_13/seed_167400/checkpoint.pt,True,True,False,False,False,best_off_track_variant,m1680-spec-0037::tw2::finish_original::max1.5::L2_window_13
m1680-spec-0037::tw2::finish_original::max1.5::L2_window_13_current_tiled,m1680-spec-0037::tw2::finish_original::max1.5,m1680-spec-0037,L2_window_13_current_tiled,T5,brake_fade_or_loss_proxy|late_reveal_boundary,mapping_window_unspecified,brake_fade_or_loss_proxy,t5_near_boundary_warmup,2.0,original,1.5,runs/m1674_controller_family_one_seed_public_pilot/configs/L2_window_13_current_tiled_seed167400.json,runs/m1674_controller_family_one_seed_public_pilot/profile_runs/L2_window_13_current_tiled/seed_167400/checkpoint.pt,True,True,False,False,False,best_off_track_variant,m1680-spec-0037::tw2::finish_original::max1.5::L2_window_13_current_tiled
m1680-spec-0037::tw2::finish_original::max1.5::L2_window_25,m1680-spec-0037::tw2::finish_original::max1.5,m1680-spec-0037,L2_window_25,T5,brake_fade_or_loss_proxy|late_reveal_boundary,mapping_window_unspecified,brake_fade_or_loss_proxy,t5_near_boundary_warmup,2.0,original,1.5,runs/m1674_controller_family_one_seed_public_pilot/configs/L2_window_25_seed167400.json,runs/m1674_controller_family_one_seed_public_pilot/profile_runs/L2_window_25/seed_167400/checkpoint.pt,True,True,False,False,False,best_off_track_variant,m1680-spec-0037::tw2::finish_original::max1.5::L2_window_25
m1680-spec-0037::tw2::finish_original::max1.5::L2_window_25_current_tiled,m1680-spec-0037::tw2::finish_original::max1.5,m1680-spec-0037,L2_window_25_current_tiled,T5,brake_fade_or_loss_proxy|late_reveal_boundary,mapping_window_unspecified,brake_fade_or_loss_proxy,t5_near_boundary_warmup,2.0,original,1.5,runs/m1674_controller_family_one_seed_public_pilot/configs/L2_window_25_current_tiled_seed167400.json,runs/m1674_controller_family_one_seed_public_pilot/profile_runs/L2_window_25_current_tiled/seed_167400/checkpoint.pt,True,True,False,False,False,best_off_track_variant,m1680-spec-0037::tw2::finish_original::max1.5::L2_window_25_current_tiled
m1680-spec-0037::tw2::finish_original::max1.5::L2_window_50,m1680-spec-0037::tw2::finish_original::max1.5,m1680-spec-0037,L2_window_50,T5,brake_fade_or_loss_proxy|late_reveal_boundary,mapping_window_unspecified,brake_fade_or_loss_proxy,t5_near_boundary_warmup,2.0,original,1.5,runs/m1674_controller_family_one_seed_public_pilot/configs/L2_window_50_seed167400.json,runs/m1674_controller_family_one_seed_public_pilot/profile_runs/L2_window_50/seed_167400/checkpoint.pt,True,True,False,False,False,best_off_track_variant,m1680-spec-0037::tw2::finish_original::max1.5::L2_window_50
m1680-spec-0037::tw2::finish_original::max1.5::L2_window_50_current_tiled,m1680-spec-0037::tw2::finish_original::max1.5,m1680-spec-0037,L2_window_50_current_tiled,T5,brake_fade_or_loss_proxy|late_reveal_boundary,mapping_window_unspecified,brake_fade_or_loss_proxy,t5_near_boundary_warmup,2.0,original,1.5,runs/m1674_controller_family_one_seed_public_pilot/configs/L2_window_50_current_tiled_seed167400.json,runs/m1674_controller_family_one_seed_public_pilot/profile_runs/L2_window_50_current_tiled/seed_167400/checkpoint.pt,True,True,False,False,False,best_off_track_variant,m1680-spec-0037::tw2::finish_original::max1.5::L2_window_50_current_tiled
m1680-spec-0037::tw2::finish_original::max1.5::L2_window_100,m1680-spec-0037::tw2::finish_original::max1.5,m1680-spec-0037,L2_window_100,T5,brake_fade_or_loss_proxy|late_reveal_boundary,mapping_window_unspecified,brake_fade_or_loss_proxy,t5_near_boundary_warmup,2.0,original,1.5,runs/m1674_controller_family_one_seed_public_pilot/configs/L2_window_100_seed167400.json,runs/m1674_controller_family_one_seed_public_pilot/profile_runs/L2_window_100/seed_167400/checkpoint.pt,True,True,False,False,False,best_off_track_variant,m1680-spec-0037::tw2::finish_original::max1.5::L2_window_100
m1680-spec-0037::tw2::finish_original::max1.5::L2_window_100_current_tiled,m1680-spec-0037::tw2::finish_original::max1.5,m1680-spec-0037,L2_window_100_current_tiled,T5,brake_fade_or_loss_proxy|late_reveal_boundary,mapping_window_unspecified,brake_fade_or_loss_proxy,t5_near_boundary_warmup,2.0,original,1.5,runs/m1674_controller_family_one_seed_public_pilot/configs/L2_window_100_current_tiled_seed167400.json,runs/m1674_controller_family_one_seed_public_pilot/profile_runs/L2_window_100_current_tiled/seed_167400/checkpoint.pt,True,True,False,False,False,best_off_track_variant,m1680-spec-0037::tw2::finish_original::max1.5::L2_window_100_current_tiled
m1680-spec-0037::tw2::finish_original::max1.5::L3_online_gru,m1680-spec-0037::tw2::finish_original::max1.5,m1680-spec-0037,L3_online_gru,T5,brake_fade_or_loss_proxy|late_reveal_boundary,mapping_window_unspecified,brake_fade_or_loss_proxy,t5_near_boundary_warmup,2.0,original,1.5,runs/m1674_controller_family_one_seed_public_pilot/configs/L3_online_gru_seed167400.json,runs/m1674_controller_family_one_seed_public_pilot/profile_runs/L3_online_gru/seed_167400/checkpoint.pt,True,True,False,False,False,best_off_track_variant,m1680-spec-0037::tw2::finish_original::max1.5::L3_online_gru
m1680-spec-0037::tw2::finish_original::max1.5::L3_reset_control_corrected,m1680-spec-0037::tw2::finish_original::max1.5,m1680-spec-0037,L3_reset_control_corrected,T5,brake_fade_or_loss_proxy|late_reveal_boundary,mapping_window_unspecified,brake_fade_or_loss_proxy,t5_near_boundary_warmup,2.0,original,1.5,runs/m1674_controller_family_one_seed_public_pilot/configs/L3_reset_control_corrected_seed167400.json,runs/m1674_controller_family_one_seed_public_pilot/profile_runs/L3_reset_control_corrected/seed_167400/checkpoint.pt,True,True,False,False,False,best_off_track_variant,m1680-spec-0037::tw2::finish_original::max1.5::L3_reset_control_corrected
m1680-spec-0037::tw2::finish_relaxed::max1::L0_current_masked,m1680-spec-0037::tw2::finish_relaxed::max1,m1680-spec-0037,L0_current_masked,T5,brake_fade_or_loss_proxy|late_reveal_boundary,mapping_window_unspecified,brake_fade_or_loss_proxy,t5_near_boundary_warmup,2.0,relaxed,1.0,runs/m1674_controller_family_one_seed_public_pilot/configs/L0_current_masked_seed167400.json,runs/m1674_controller_family_one_seed_public_pilot/profile_runs/L0_current_masked/seed_167400/checkpoint.pt,True,True,False,False,False,collision_control_wide_relaxed,m1680-spec-0037::tw2::finish_relaxed::max1::L0_current_masked
m1680-spec-0037::tw2::finish_relaxed::max1::L1_one_step,m1680-spec-0037::tw2::finish_relaxed::max1,m1680-spec-0037,L1_one_step,T5,brake_fade_or_loss_proxy|late_reveal_boundary,mapping_window_unspecified,brake_fade_or_loss_proxy,t5_near_boundary_warmup,2.0,relaxed,1.0,runs/m1674_controller_family_one_seed_public_pilot/configs/L1_one_step_seed167400.json,runs/m1674_controller_family_one_seed_public_pilot/profile_runs/L1_one_step/seed_167400/checkpoint.pt,True,True,False,False,False,collision_control_wide_relaxed,m1680-spec-0037::tw2::finish_relaxed::max1::L1_one_step
m1680-spec-0037::tw2::finish_relaxed::max1::L2_window_13,m1680-spec-0037::tw2::finish_relaxed::max1,m1680-spec-0037,L2_window_13,T5,brake_fade_or_loss_proxy|late_reveal_boundary,mapping_window_unspecified,brake_fade_or_loss_proxy,t5_near_boundary_warmup,2.0,relaxed,1.0,runs/m1674_controller_family_one_seed_public_pilot/configs/L2_window_13_seed167400.json,runs/m1674_controller_family_one_seed_public_pilot/profile_runs/L2_window_13/seed_167400/checkpoint.pt,True,True,False,False,False,collision_control_wide_relaxed,m1680-spec-0037::tw2::finish_relaxed::max1::L2_window_13
m1680-spec-0037::tw2::finish_relaxed::max1::L2_window_13_current_tiled,m1680-spec-0037::tw2::finish_relaxed::max1,m1680-spec-0037,L2_window_13_current_tiled,T5,brake_fade_or_loss_proxy|late_reveal_boundary,mapping_window_unspecified,brake_fade_or_loss_proxy,t5_near_boundary_warmup,2.0,relaxed,1.0,runs/m1674_controller_family_one_seed_public_pilot/configs/L2_window_13_current_tiled_seed167400.json,runs/m1674_controller_family_one_seed_public_pilot/profile_runs/L2_window_13_current_tiled/seed_167400/checkpoint.pt,True,True,False,False,False,collision_control_wide_relaxed,m1680-spec-0037::tw2::finish_relaxed::max1::L2_window_13_current_tiled
m1680-spec-0037::tw2::finish_relaxed::max1::L2_window_25,m1680-spec-0037::tw2::finish_relaxed::max1,m1680-spec-0037,L2_window_25,T5,brake_fade_or_loss_proxy|late_reveal_boundary,mapping_window_unspecified,brake_fade_or_loss_proxy,t5_near_boundary_warmup,2.0,relaxed,1.0,runs/m1674_controller_family_one_seed_public_pilot/configs/L2_window_25_seed167400.json,runs/m1674_controller_family_one_seed_public_pilot/profile_runs/L2_window_25/seed_167400/checkpoint.pt,True,True,False,False,False,collision_control_wide_relaxed,m1680-spec-0037::tw2::finish_relaxed::max1::L2_window_25
m1680-spec-0037::tw2::finish_relaxed::max1::L2_window_25_current_tiled,m1680-spec-0037::tw2::finish_relaxed::max1,m1680-spec-0037,L2_window_25_current_tiled,T5,brake_fade_or_loss_proxy|late_reveal_boundary,mapping_window_unspecified,brake_fade_or_loss_proxy,t5_near_boundary_warmup,2.0,relaxed,1.0,runs/m1674_controller_family_one_seed_public_pilot/configs/L2_window_25_current_tiled_seed167400.json,runs/m1674_controller_family_one_seed_public_pilot/profile_runs/L2_window_25_current_tiled/seed_167400/checkpoint.pt,True,True,False,False,False,collision_control_wide_relaxed,m1680-spec-0037::tw2::finish_relaxed::max1::L2_window_25_current_tiled
m1680-spec-0037::tw2::finish_relaxed::max1::L2_window_50,m1680-spec-0037::tw2::finish_relaxed::max1,m1680-spec-0037,L2_window_50,T5,brake_fade_or_loss_proxy|late_reveal_boundary,mapping_window_unspecified,brake_fade_or_loss_proxy,t5_near_boundary_warmup,2.0,relaxed,1.0,runs/m1674_controller_family_one_seed_public_pilot/configs/L2_window_50_seed167400.json,runs/m1674_controller_family_one_seed_public_pilot/profile_runs/L2_window_50/seed_167400/checkpoint.pt,True,True,False,False,False,collision_control_wide_relaxed,m1680-spec-0037::tw2::finish_relaxed::max1::L2_window_50
m1680-spec-0037::tw2::finish_relaxed::max1::L2_window_50_current_tiled,m1680-spec-0037::tw2::finish_relaxed::max1,m1680-spec-0037,L2_window_50_current_tiled,T5,brake_fade_or_loss_proxy|late_reveal_boundary,mapping_window_unspecified,brake_fade_or_loss_proxy,t5_near_boundary_warmup,2.0,relaxed,1.0,runs/m1674_controller_family_one_seed_public_pilot/configs/L2_window_50_current_tiled_seed167400.json,runs/m1674_controller_family_one_seed_public_pilot/profile_runs/L2_window_50_current_tiled/seed_167400/checkpoint.pt,True,True,False,False,False,collision_control_wide_relaxed,m1680-spec-0037::tw2::finish_relaxed::max1::L2_window_50_current_tiled
m1680-spec-0037::tw2::finish_relaxed::max1::L2_window_100,m1680-spec-0037::tw2::finish_relaxed::max1,m1680-spec-0037,L2_window_100,T5,brake_fade_or_loss_proxy|late_reveal_boundary,mapping_window_unspecified,brake_fade_or_loss_proxy,t5_near_boundary_warmup,2.0,relaxed,1.0,runs/m1674_controller_family_one_seed_public_pilot/configs/L2_window_100_seed167400.json,runs/m1674_controller_family_one_seed_public_pilot/profile_runs/L2_window_100/seed_167400/checkpoint.pt,True,True,False,False,False,collision_control_wide_relaxed,m1680-spec-0037::tw2::finish_relaxed::max1::L2_window_100
m1680-spec-0037::tw2::finish_relaxed::max1::L2_window_100_current_tiled,m1680-spec-0037::tw2::finish_relaxed::max1,m1680-spec-0037,L2_window_100_current_tiled,T5,brake_fade_or_loss_proxy|late_reveal_boundary,mapping_window_unspecified,brake_fade_or_loss_proxy,t5_near_boundary_warmup,2.0,relaxed,1.0,runs/m1674_controller_family_one_seed_public_pilot/configs/L2_window_100_current_tiled_seed167400.json,runs/m1674_controller_family_one_seed_public_pilot/profile_runs/L2_window_100_current_tiled/seed_167400/checkpoint.pt,True,True,False,False,False,collision_control_wide_relaxed,m1680-spec-0037::tw2::finish_relaxed::max1::L2_window_100_current_tiled
m1680-spec-0037::tw2::finish_relaxed::max1::L3_online_gru,m1680-spec-0037::tw2::finish_relaxed::max1,m1680-spec-0037,L3_online_gru,T5,brake_fade_or_loss_proxy|late_reveal_boundary,mapping_window_unspecified,brake_fade_or_loss_proxy,t5_near_boundary_warmup,2.0,relaxed,1.0,runs/m1674_controller_family_one_seed_public_pilot/configs/L3_online_gru_seed167400.json,runs/m1674_controller_family_one_seed_public_pilot/profile_runs/L3_online_gru/seed_167400/checkpoint.pt,True,True,False,False,False,collision_control_wide_relaxed,m1680-spec-0037::tw2::finish_relaxed::max1::L3_online_gru
m1680-spec-0037::tw2::finish_relaxed::max1::L3_reset_control_corrected,m1680-spec-0037::tw2::finish_relaxed::max1,m1680-spec-0037,L3_reset_control_corrected,T5,brake_fade_or_loss_proxy|late_reveal_boundary,mapping_window_unspecified,brake_fade_or_loss_proxy,t5_near_boundary_warmup,2.0,relaxed,1.0,runs/m1674_controller_family_one_seed_public_pilot/configs/L3_reset_control_corrected_seed167400.json,runs/m1674_controller_family_one_seed_public_pilot/profile_runs/L3_reset_control_corrected/seed_167400/checkpoint.pt,True,True,False,False,False,collision_control_wide_relaxed,m1680-spec-0037::tw2::finish_relaxed::max1::L3_reset_control_corrected
m1680-spec-0038::tw1::finish_original::max1::L0_current_masked,m1680-spec-0038::tw1::finish_original::max1,m1680-spec-0038,L0_current_masked,T5,capability_step_down|t5_near_boundary_warmup,decision_minus_24,t5_near_boundary_warmup,t5_near_boundary_warmup,1.0,original,1.0,runs/m1674_controller_family_one_seed_public_pilot/configs/L0_current_masked_seed167400.json,runs/m1674_controller_family_one_seed_public_pilot/profile_runs/L0_current_masked/seed_167400/checkpoint.pt,True,True,False,False,False,original_axis_baseline,m1680-spec-0038::tw1::finish_original::max1::L0_current_masked
m1680-spec-0038::tw1::finish_original::max1::L1_one_step,m1680-spec-0038::tw1::finish_original::max1,m1680-spec-0038,L1_one_step,T5,capability_step_down|t5_near_boundary_warmup,decision_minus_24,t5_near_boundary_warmup,t5_near_boundary_warmup,1.0,original,1.0,runs/m1674_controller_family_one_seed_public_pilot/configs/L1_one_step_seed167400.json,runs/m1674_controller_family_one_seed_public_pilot/profile_runs/L1_one_step/seed_167400/checkpoint.pt,True,True,False,False,False,original_axis_baseline,m1680-spec-0038::tw1::finish_original::max1::L1_one_step
m1680-spec-0038::tw1::finish_original::max1::L2_window_13,m1680-spec-0038::tw1::finish_original::max1,m1680-spec-0038,L2_window_13,T5,capability_step_down|t5_near_boundary_warmup,decision_minus_24,t5_near_boundary_warmup,t5_near_boundary_warmup,1.0,original,1.0,runs/m1674_controller_family_one_seed_public_pilot/configs/L2_window_13_seed167400.json,runs/m1674_controller_family_one_seed_public_pilot/profile_runs/L2_window_13/seed_167400/checkpoint.pt,True,True,False,False,False,original_axis_baseline,m1680-spec-0038::tw1::finish_original::max1::L2_window_13
m1680-spec-0038::tw1::finish_original::max1::L2_window_13_current_tiled,m1680-spec-0038::tw1::finish_original::max1,m1680-spec-0038,L2_window_13_current_tiled,T5,capability_step_down|t5_near_boundary_warmup,decision_minus_24,t5_near_boundary_warmup,t5_near_boundary_warmup,1.0,original,1.0,runs/m1674_controller_family_one_seed_public_pilot/configs/L2_window_13_current_tiled_seed167400.json,runs/m1674_controller_family_one_seed_public_pilot/profile_runs/L2_window_13_current_tiled/seed_167400/checkpoint.pt,True,True,False,False,False,original_axis_baseline,m1680-spec-0038::tw1::finish_original::max1::L2_window_13_current_tiled
m1680-spec-0038::tw1::finish_original::max1::L2_window_25,m1680-spec-0038::tw1::finish_original::max1,m1680-spec-0038,L2_window_25,T5,capability_step_down|t5_near_boundary_warmup,decision_minus_24,t5_near_boundary_warmup,t5_near_boundary_warmup,1.0,original,1.0,runs/m1674_controller_family_one_seed_public_pilot/configs/L2_window_25_seed167400.json,runs/m1674_controller_family_one_seed_public_pilot/profile_runs/L2_window_25/seed_167400/checkpoint.pt,True,True,False,False,False,original_axis_baseline,m1680-spec-0038::tw1::finish_original::max1::L2_window_25
m1680-spec-0038::tw1::finish_original::max1::L2_window_25_current_tiled,m1680-spec-0038::tw1::finish_original::max1,m1680-spec-0038,L2_window_25_current_tiled,T5,capability_step_down|t5_near_boundary_warmup,decision_minus_24,t5_near_boundary_warmup,t5_near_boundary_warmup,1.0,original,1.0,runs/m1674_controller_family_one_seed_public_pilot/configs/L2_window_25_current_tiled_seed167400.json,runs/m1674_controller_family_one_seed_public_pilot/profile_runs/L2_window_25_current_tiled/seed_167400/checkpoint.pt,True,True,False,False,False,original_axis_baseline,m1680-spec-0038::tw1::finish_original::max1::L2_window_25_current_tiled
m1680-spec-0038::tw1::finish_original::max1::L2_window_50,m1680-spec-0038::tw1::finish_original::max1,m1680-spec-0038,L2_window_50,T5,capability_step_down|t5_near_boundary_warmup,decision_minus_24,t5_near_boundary_warmup,t5_near_boundary_warmup,1.0,original,1.0,runs/m1674_controller_family_one_seed_public_pilot/configs/L2_window_50_seed167400.json,runs/m1674_controller_family_one_seed_public_pilot/profile_runs/L2_window_50/seed_167400/checkpoint.pt,True,True,False,False,False,original_axis_baseline,m1680-spec-0038::tw1::finish_original::max1::L2_window_50
m1680-spec-0038::tw1::finish_original::max1::L2_window_50_current_tiled,m1680-spec-0038::tw1::finish_original::max1,m1680-spec-0038,L2_window_50_current_tiled,T5,capability_step_down|t5_near_boundary_warmup,decision_minus_24,t5_near_boundary_warmup,t5_near_boundary_warmup,1.0,original,1.0,runs/m1674_controller_family_one_seed_public_pilot/configs/L2_window_50_current_tiled_seed167400.json,runs/m1674_controller_family_one_seed_public_pilot/profile_runs/L2_window_50_current_tiled/seed_167400/checkpoint.pt,True,True,False,False,False,original_axis_baseline,m1680-spec-0038::tw1::finish_original::max1::L2_window_50_current_tiled
m1680-spec-0038::tw1::finish_original::max1::L2_window_100,m1680-spec-0038::tw1::finish_original::max1,m1680-spec-0038,L2_window_100,T5,capability_step_down|t5_near_boundary_warmup,decision_minus_24,t5_near_boundary_warmup,t5_near_boundary_warmup,1.0,original,1.0,runs/m1674_controller_family_one_seed_public_pilot/configs/L2_window_100_seed167400.json,runs/m1674_controller_family_one_seed_public_pilot/profile_runs/L2_window_100/seed_167400/checkpoint.pt,True,True,False,False,False,original_axis_baseline,m1680-spec-0038::tw1::finish_original::max1::L2_window_100
m1680-spec-0038::tw1::finish_original::max1::L2_window_100_current_tiled,m1680-spec-0038::tw1::finish_original::max1,m1680-spec-0038,L2_window_100_current_tiled,T5,capability_step_down|t5_near_boundary_warmup,decision_minus_24,t5_near_boundary_warmup,t5_near_boundary_warmup,1.0,original,1.0,runs/m1674_controller_family_one_seed_public_pilot/configs/L2_window_100_current_tiled_seed167400.json,runs/m1674_controller_family_one_seed_public_pilot/profile_runs/L2_window_100_current_tiled/seed_167400/checkpoint.pt,True,True,False,False,False,original_axis_baseline,m1680-spec-0038::tw1::finish_original::max1::L2_window_100_current_tiled
m1680-spec-0038::tw1::finish_original::max1::L3_online_gru,m1680-spec-0038::tw1::finish_original::max1,m1680-spec-0038,L3_online_gru,T5,capability_step_down|t5_near_boundary_warmup,decision_minus_24,t5_near_boundary_warmup,t5_near_boundary_warmup,1.0,original,1.0,runs/m1674_controller_family_one_seed_public_pilot/configs/L3_online_gru_seed167400.json,runs/m1674_controller_family_one_seed_public_pilot/profile_runs/L3_online_gru/seed_167400/checkpoint.pt,True,True,False,False,False,original_axis_baseline,m1680-spec-0038::tw1::finish_original::max1::L3_online_gru
m1680-spec-0038::tw1::finish_original::max1::L3_reset_control_corrected,m1680-spec-0038::tw1::finish_original::max1,m1680-spec-0038,L3_reset_control_corrected,T5,capability_step_down|t5_near_boundary_warmup,decision_minus_24,t5_near_boundary_warmup,t5_near_boundary_warmup,1.0,original,1.0,runs/m1674_controller_family_one_seed_public_pilot/configs/L3_reset_control_corrected_seed167400.json,runs/m1674_controller_family_one_seed_public_pilot/profile_runs/L3_reset_control_corrected/seed_167400/checkpoint.pt,True,True,False,False,False,original_axis_baseline,m1680-spec-0038::tw1::finish_original::max1::L3_reset_control_corrected
m1680-spec-0038::tw1.5::finish_relaxed::max1.5::L0_current_masked,m1680-spec-0038::tw1.5::finish_relaxed::max1.5,m1680-spec-0038,L0_current_masked,T5,capability_step_down|t5_near_boundary_warmup,decision_minus_24,t5_near_boundary_warmup,t5_near_boundary_warmup,1.5,relaxed,1.5,runs/m1674_controller_family_one_seed_public_pilot/configs/L0_current_masked_seed167400.json,runs/m1674_controller_family_one_seed_public_pilot/profile_runs/L0_current_masked/seed_167400/checkpoint.pt,True,True,False,False,False,mid_calibration_variant,m1680-spec-0038::tw1.5::finish_relaxed::max1.5::L0_current_masked
m1680-spec-0038::tw1.5::finish_relaxed::max1.5::L1_one_step,m1680-spec-0038::tw1.5::finish_relaxed::max1.5,m1680-spec-0038,L1_one_step,T5,capability_step_down|t5_near_boundary_warmup,decision_minus_24,t5_near_boundary_warmup,t5_near_boundary_warmup,1.5,relaxed,1.5,runs/m1674_controller_family_one_seed_public_pilot/configs/L1_one_step_seed167400.json,runs/m1674_controller_family_one_seed_public_pilot/profile_runs/L1_one_step/seed_167400/checkpoint.pt,True,True,False,False,False,mid_calibration_variant,m1680-spec-0038::tw1.5::finish_relaxed::max1.5::L1_one_step
m1680-spec-0038::tw1.5::finish_relaxed::max1.5::L2_window_13,m1680-spec-0038::tw1.5::finish_relaxed::max1.5,m1680-spec-0038,L2_window_13,T5,capability_step_down|t5_near_boundary_warmup,decision_minus_24,t5_near_boundary_warmup,t5_near_boundary_warmup,1.5,relaxed,1.5,runs/m1674_controller_family_one_seed_public_pilot/configs/L2_window_13_seed167400.json,runs/m1674_controller_family_one_seed_public_pilot/profile_runs/L2_window_13/seed_167400/checkpoint.pt,True,True,False,False,False,mid_calibration_variant,m1680-spec-0038::tw1.5::finish_relaxed::max1.5::L2_window_13
m1680-spec-0038::tw1.5::finish_relaxed::max1.5::L2_window_13_current_tiled,m1680-spec-0038::tw1.5::finish_relaxed::max1.5,m1680-spec-0038,L2_window_13_current_tiled,T5,capability_step_down|t5_near_boundary_warmup,decision_minus_24,t5_near_boundary_warmup,t5_near_boundary_warmup,1.5,relaxed,1.5,runs/m1674_controller_family_one_seed_public_pilot/configs/L2_window_13_current_tiled_seed167400.json,runs/m1674_controller_family_one_seed_public_pilot/profile_runs/L2_window_13_current_tiled/seed_167400/checkpoint.pt,True,True,False,False,False,mid_calibration_variant,m1680-spec-0038::tw1.5::finish_relaxed::max1.5::L2_window_13_current_tiled
m1680-spec-0038::tw1.5::finish_relaxed::max1.5::L2_window_25,m1680-spec-0038::tw1.5::finish_relaxed::max1.5,m1680-spec-0038,L2_window_25,T5,capability_step_down|t5_near_boundary_warmup,decision_minus_24,t5_near_boundary_warmup,t5_near_boundary_warmup,1.5,relaxed,1.5,runs/m1674_controller_family_one_seed_public_pilot/configs/L2_window_25_seed167400.json,runs/m1674_controller_family_one_seed_public_pilot/profile_runs/L2_window_25/seed_167400/checkpoint.pt,True,True,False,False,False,mid_calibration_variant,m1680-spec-0038::tw1.5::finish_relaxed::max1.5::L2_window_25
m1680-spec-0038::tw1.5::finish_relaxed::max1.5::L2_window_25_current_tiled,m1680-spec-0038::tw1.5::finish_relaxed::max1.5,m1680-spec-0038,L2_window_25_current_tiled,T5,capability_step_down|t5_near_boundary_warmup,decision_minus_24,t5_near_boundary_warmup,t5_near_boundary_warmup,1.5,relaxed,1.5,runs/m1674_controller_family_one_seed_public_pilot/configs/L2_window_25_current_tiled_seed167400.json,runs/m1674_controller_family_one_seed_public_pilot/profile_runs/L2_window_25_current_tiled/seed_167400/checkpoint.pt,True,True,False,False,False,mid_calibration_variant,m1680-spec-0038::tw1.5::finish_relaxed::max1.5::L2_window_25_current_tiled
m1680-spec-0038::tw1.5::finish_relaxed::max1.5::L2_window_50,m1680-spec-0038::tw1.5::finish_relaxed::max1.5,m1680-spec-0038,L2_window_50,T5,capability_step_down|t5_near_boundary_warmup,decision_minus_24,t5_near_boundary_warmup,t5_near_boundary_warmup,1.5,relaxed,1.5,runs/m1674_controller_family_one_seed_public_pilot/configs/L2_window_50_seed167400.json,runs/m1674_controller_family_one_seed_public_pilot/profile_runs/L2_window_50/seed_167400/checkpoint.pt,True,True,False,False,False,mid_calibration_variant,m1680-spec-0038::tw1.5::finish_relaxed::max1.5::L2_window_50
m1680-spec-0038::tw1.5::finish_relaxed::max1.5::L2_window_50_current_tiled,m1680-spec-0038::tw1.5::finish_relaxed::max1.5,m1680-spec-0038,L2_window_50_current_tiled,T5,capability_step_down|t5_near_boundary_warmup,decision_minus_24,t5_near_boundary_warmup,t5_near_boundary_warmup,1.5,relaxed,1.5,runs/m1674_controller_family_one_seed_public_pilot/configs/L2_window_50_current_tiled_seed167400.json,runs/m1674_controller_family_one_seed_public_pilot/profile_runs/L2_window_50_current_tiled/seed_167400/checkpoint.pt,True,True,False,False,False,mid_calibration_variant,m1680-spec-0038::tw1.5::finish_relaxed::max1.5::L2_window_50_current_tiled
m1680-spec-0038::tw1.5::finish_relaxed::max1.5::L2_window_100,m1680-spec-0038::tw1.5::finish_relaxed::max1.5,m1680-spec-0038,L2_window_100,T5,capability_step_down|t5_near_boundary_warmup,decision_minus_24,t5_near_boundary_warmup,t5_near_boundary_warmup,1.5,relaxed,1.5,runs/m1674_controller_family_one_seed_public_pilot/configs/L2_window_100_seed167400.json,runs/m1674_controller_family_one_seed_public_pilot/profile_runs/L2_window_100/seed_167400/checkpoint.pt,True,True,False,False,False,mid_calibration_variant,m1680-spec-0038::tw1.5::finish_relaxed::max1.5::L2_window_100
m1680-spec-0038::tw1.5::finish_relaxed::max1.5::L2_window_100_current_tiled,m1680-spec-0038::tw1.5::finish_relaxed::max1.5,m1680-spec-0038,L2_window_100_current_tiled,T5,capability_step_down|t5_near_boundary_warmup,decision_minus_24,t5_near_boundary_warmup,t5_near_boundary_warmup,1.5,relaxed,1.5,runs/m1674_controller_family_one_seed_public_pilot/configs/L2_window_100_current_tiled_seed167400.json,runs/m1674_controller_family_one_seed_public_pilot/profile_runs/L2_window_100_current_tiled/seed_167400/checkpoint.pt,True,True,False,False,False,mid_calibration_variant,m1680-spec-0038::tw1.5::finish_relaxed::max1.5::L2_window_100_current_tiled
m1680-spec-0038::tw1.5::finish_relaxed::max1.5::L3_online_gru,m1680-spec-0038::tw1.5::finish_relaxed::max1.5,m1680-spec-0038,L3_online_gru,T5,capability_step_down|t5_near_boundary_warmup,decision_minus_24,t5_near_boundary_warmup,t5_near_boundary_warmup,1.5,relaxed,1.5,runs/m1674_controller_family_one_seed_public_pilot/configs/L3_online_gru_seed167400.json,runs/m1674_controller_family_one_seed_public_pilot/profile_runs/L3_online_gru/seed_167400/checkpoint.pt,True,True,False,False,False,mid_calibration_variant,m1680-spec-0038::tw1.5::finish_relaxed::max1.5::L3_online_gru
m1680-spec-0038::tw1.5::finish_relaxed::max1.5::L3_reset_control_corrected,m1680-spec-0038::tw1.5::finish_relaxed::max1.5,m1680-spec-0038,L3_reset_control_corrected,T5,capability_step_down|t5_near_boundary_warmup,decision_minus_24,t5_near_boundary_warmup,t5_near_boundary_warmup,1.5,relaxed,1.5,runs/m1674_controller_family_one_seed_public_pilot/configs/L3_reset_control_corrected_seed167400.json,runs/m1674_controller_family_one_seed_public_pilot/profile_runs/L3_reset_control_corrected/seed_167400/checkpoint.pt,True,True,False,False,False,mid_calibration_variant,m1680-spec-0038::tw1.5::finish_relaxed::max1.5::L3_reset_control_corrected
m1680-spec-0038::tw2::finish_original::max1.5::L0_current_masked,m1680-spec-0038::tw2::finish_original::max1.5,m1680-spec-0038,L0_current_masked,T5,capability_step_down|t5_near_boundary_warmup,decision_minus_24,t5_near_boundary_warmup,t5_near_boundary_warmup,2.0,original,1.5,runs/m1674_controller_family_one_seed_public_pilot/configs/L0_current_masked_seed167400.json,runs/m1674_controller_family_one_seed_public_pilot/profile_runs/L0_current_masked/seed_167400/checkpoint.pt,True,True,False,False,False,best_off_track_variant,m1680-spec-0038::tw2::finish_original::max1.5::L0_current_masked
m1680-spec-0038::tw2::finish_original::max1.5::L1_one_step,m1680-spec-0038::tw2::finish_original::max1.5,m1680-spec-0038,L1_one_step,T5,capability_step_down|t5_near_boundary_warmup,decision_minus_24,t5_near_boundary_warmup,t5_near_boundary_warmup,2.0,original,1.5,runs/m1674_controller_family_one_seed_public_pilot/configs/L1_one_step_seed167400.json,runs/m1674_controller_family_one_seed_public_pilot/profile_runs/L1_one_step/seed_167400/checkpoint.pt,True,True,False,False,False,best_off_track_variant,m1680-spec-0038::tw2::finish_original::max1.5::L1_one_step
m1680-spec-0038::tw2::finish_original::max1.5::L2_window_13,m1680-spec-0038::tw2::finish_original::max1.5,m1680-spec-0038,L2_window_13,T5,capability_step_down|t5_near_boundary_warmup,decision_minus_24,t5_near_boundary_warmup,t5_near_boundary_warmup,2.0,original,1.5,runs/m1674_controller_family_one_seed_public_pilot/configs/L2_window_13_seed167400.json,runs/m1674_controller_family_one_seed_public_pilot/profile_runs/L2_window_13/seed_167400/checkpoint.pt,True,True,False,False,False,best_off_track_variant,m1680-spec-0038::tw2::finish_original::max1.5::L2_window_13
m1680-spec-0038::tw2::finish_original::max1.5::L2_window_13_current_tiled,m1680-spec-0038::tw2::finish_original::max1.5,m1680-spec-0038,L2_window_13_current_tiled,T5,capability_step_down|t5_near_boundary_warmup,decision_minus_24,t5_near_boundary_warmup,t5_near_boundary_warmup,2.0,original,1.5,runs/m1674_controller_family_one_seed_public_pilot/configs/L2_window_13_current_tiled_seed167400.json,runs/m1674_controller_family_one_seed_public_pilot/profile_runs/L2_window_13_current_tiled/seed_167400/checkpoint.pt,True,True,False,False,False,best_off_track_variant,m1680-spec-0038::tw2::finish_original::max1.5::L2_window_13_current_tiled
m1680-spec-0038::tw2::finish_original::max1.5::L2_window_25,m1680-spec-0038::tw2::finish_original::max1.5,m1680-spec-0038,L2_window_25,T5,capability_step_down|t5_near_boundary_warmup,decision_minus_24,t5_near_boundary_warmup,t5_near_boundary_warmup,2.0,original,1.5,runs/m1674_controller_family_one_seed_public_pilot/configs/L2_window_25_seed167400.json,runs/m1674_controller_family_one_seed_public_pilot/profile_runs/L2_window_25/seed_167400/checkpoint.pt,True,True,False,False,False,best_off_track_variant,m1680-spec-0038::tw2::finish_original::max1.5::L2_window_25
m1680-spec-0038::tw2::finish_original::max1.5::L2_window_25_current_tiled,m1680-spec-0038::tw2::finish_original::max1.5,m1680-spec-0038,L2_window_25_current_tiled,T5,capability_step_down|t5_near_boundary_warmup,decision_minus_24,t5_near_boundary_warmup,t5_near_boundary_warmup,2.0,original,1.5,runs/m1674_controller_family_one_seed_public_pilot/configs/L2_window_25_current_tiled_seed167400.json,runs/m1674_controller_family_one_seed_public_pilot/profile_runs/L2_window_25_current_tiled/seed_167400/checkpoint.pt,True,True,False,False,False,best_off_track_variant,m1680-spec-0038::tw2::finish_original::max1.5::L2_window_25_current_tiled
m1680-spec-0038::tw2::finish_original::max1.5::L2_window_50,m1680-spec-0038::tw2::finish_original::max1.5,m1680-spec-0038,L2_window_50,T5,capability_step_down|t5_near_boundary_warmup,decision_minus_24,t5_near_boundary_warmup,t5_near_boundary_warmup,2.0,original,1.5,runs/m1674_controller_family_one_seed_public_pilot/configs/L2_window_50_seed167400.json,runs/m1674_controller_family_one_seed_public_pilot/profile_runs/L2_window_50/seed_167400/checkpoint.pt,True,True,False,False,False,best_off_track_variant,m1680-spec-0038::tw2::finish_original::max1.5::L2_window_50
m1680-spec-0038::tw2::finish_original::max1.5::L2_window_50_current_tiled,m1680-spec-0038::tw2::finish_original::max1.5,m1680-spec-0038,L2_window_50_current_tiled,T5,capability_step_down|t5_near_boundary_warmup,decision_minus_24,t5_near_boundary_warmup,t5_near_boundary_warmup,2.0,original,1.5,runs/m1674_controller_family_one_seed_public_pilot/configs/L2_window_50_current_tiled_seed167400.json,runs/m1674_controller_family_one_seed_public_pilot/profile_runs/L2_window_50_current_tiled/seed_167400/checkpoint.pt,True,True,False,False,False,best_off_track_variant,m1680-spec-0038::tw2::finish_original::max1.5::L2_window_50_current_tiled
m1680-spec-0038::tw2::finish_original::max1.5::L2_window_100,m1680-spec-0038::tw2::finish_original::max1.5,m1680-spec-0038,L2_window_100,T5,capability_step_down|t5_near_boundary_warmup,decision_minus_24,t5_near_boundary_warmup,t5_near_boundary_warmup,2.0,original,1.5,runs/m1674_controller_family_one_seed_public_pilot/configs/L2_window_100_seed167400.json,runs/m1674_controller_family_one_seed_public_pilot/profile_runs/L2_window_100/seed_167400/checkpoint.pt,True,True,False,False,False,best_off_track_variant,m1680-spec-0038::tw2::finish_original::max1.5::L2_window_100
m1680-spec-0038::tw2::finish_original::max1.5::L2_window_100_current_tiled,m1680-spec-0038::tw2::finish_original::max1.5,m1680-spec-0038,L2_window_100_current_tiled,T5,capability_step_down|t5_near_boundary_warmup,decision_minus_24,t5_near_boundary_warmup,t5_near_boundary_warmup,2.0,original,1.5,runs/m1674_controller_family_one_seed_public_pilot/configs/L2_window_100_current_tiled_seed167400.json,runs/m1674_controller_family_one_seed_public_pilot/profile_runs/L2_window_100_current_tiled/seed_167400/checkpoint.pt,True,True,False,False,False,best_off_track_variant,m1680-spec-0038::tw2::finish_original::max1.5::L2_window_100_current_tiled
m1680-spec-0038::tw2::finish_original::max1.5::L3_online_gru,m1680-spec-0038::tw2::finish_original::max1.5,m1680-spec-0038,L3_online_gru,T5,capability_step_down|t5_near_boundary_warmup,decision_minus_24,t5_near_boundary_warmup,t5_near_boundary_warmup,2.0,original,1.5,runs/m1674_controller_family_one_seed_public_pilot/configs/L3_online_gru_seed167400.json,runs/m1674_controller_family_one_seed_public_pilot/profile_runs/L3_online_gru/seed_167400/checkpoint.pt,True,True,False,False,False,best_off_track_variant,m1680-spec-0038::tw2::finish_original::max1.5::L3_online_gru
m1680-spec-0038::tw2::finish_original::max1.5::L3_reset_control_corrected,m1680-spec-0038::tw2::finish_original::max1.5,m1680-spec-0038,L3_reset_control_corrected,T5,capability_step_down|t5_near_boundary_warmup,decision_minus_24,t5_near_boundary_warmup,t5_near_boundary_warmup,2.0,original,1.5,runs/m1674_controller_family_one_seed_public_pilot/configs/L3_reset_control_corrected_seed167400.json,runs/m1674_controller_family_one_seed_public_pilot/profile_runs/L3_reset_control_corrected/seed_167400/checkpoint.pt,True,True,False,False,False,best_off_track_variant,m1680-spec-0038::tw2::finish_original::max1.5::L3_reset_control_corrected
m1680-spec-0038::tw2::finish_relaxed::max1::L0_current_masked,m1680-spec-0038::tw2::finish_relaxed::max1,m1680-spec-0038,L0_current_masked,T5,capability_step_down|t5_near_boundary_warmup,decision_minus_24,t5_near_boundary_warmup,t5_near_boundary_warmup,2.0,relaxed,1.0,runs/m1674_controller_family_one_seed_public_pilot/configs/L0_current_masked_seed167400.json,runs/m1674_controller_family_one_seed_public_pilot/profile_runs/L0_current_masked/seed_167400/checkpoint.pt,True,True,False,False,False,collision_control_wide_relaxed,m1680-spec-0038::tw2::finish_relaxed::max1::L0_current_masked
m1680-spec-0038::tw2::finish_relaxed::max1::L1_one_step,m1680-spec-0038::tw2::finish_relaxed::max1,m1680-spec-0038,L1_one_step,T5,capability_step_down|t5_near_boundary_warmup,decision_minus_24,t5_near_boundary_warmup,t5_near_boundary_warmup,2.0,relaxed,1.0,runs/m1674_controller_family_one_seed_public_pilot/configs/L1_one_step_seed167400.json,runs/m1674_controller_family_one_seed_public_pilot/profile_runs/L1_one_step/seed_167400/checkpoint.pt,True,True,False,False,False,collision_control_wide_relaxed,m1680-spec-0038::tw2::finish_relaxed::max1::L1_one_step
m1680-spec-0038::tw2::finish_relaxed::max1::L2_window_13,m1680-spec-0038::tw2::finish_relaxed::max1,m1680-spec-0038,L2_window_13,T5,capability_step_down|t5_near_boundary_warmup,decision_minus_24,t5_near_boundary_warmup,t5_near_boundary_warmup,2.0,relaxed,1.0,runs/m1674_controller_family_one_seed_public_pilot/configs/L2_window_13_seed167400.json,runs/m1674_controller_family_one_seed_public_pilot/profile_runs/L2_window_13/seed_167400/checkpoint.pt,True,True,False,False,False,collision_control_wide_relaxed,m1680-spec-0038::tw2::finish_relaxed::max1::L2_window_13
m1680-spec-0038::tw2::finish_relaxed::max1::L2_window_13_current_tiled,m1680-spec-0038::tw2::finish_relaxed::max1,m1680-spec-0038,L2_window_13_current_tiled,T5,capability_step_down|t5_near_boundary_warmup,decision_minus_24,t5_near_boundary_warmup,t5_near_boundary_warmup,2.0,relaxed,1.0,runs/m1674_controller_family_one_seed_public_pilot/configs/L2_window_13_current_tiled_seed167400.json,runs/m1674_controller_family_one_seed_public_pilot/profile_runs/L2_window_13_current_tiled/seed_167400/checkpoint.pt,True,True,False,False,False,collision_control_wide_relaxed,m1680-spec-0038::tw2::finish_relaxed::max1::L2_window_13_current_tiled
m1680-spec-0038::tw2::finish_relaxed::max1::L2_window_25,m1680-spec-0038::tw2::finish_relaxed::max1,m1680-spec-0038,L2_window_25,T5,capability_step_down|t5_near_boundary_warmup,decision_minus_24,t5_near_boundary_warmup,t5_near_boundary_warmup,2.0,relaxed,1.0,runs/m1674_controller_family_one_seed_public_pilot/configs/L2_window_25_seed167400.json,runs/m1674_controller_family_one_seed_public_pilot/profile_runs/L2_window_25/seed_167400/checkpoint.pt,True,True,False,False,False,collision_control_wide_relaxed,m1680-spec-0038::tw2::finish_relaxed::max1::L2_window_25
m1680-spec-0038::tw2::finish_relaxed::max1::L2_window_25_current_tiled,m1680-spec-0038::tw2::finish_relaxed::max1,m1680-spec-0038,L2_window_25_current_tiled,T5,capability_step_down|t5_near_boundary_warmup,decision_minus_24,t5_near_boundary_warmup,t5_near_boundary_warmup,2.0,relaxed,1.0,runs/m1674_controller_family_one_seed_public_pilot/configs/L2_window_25_current_tiled_seed167400.json,runs/m1674_controller_family_one_seed_public_pilot/profile_runs/L2_window_25_current_tiled/seed_167400/checkpoint.pt,True,True,False,False,False,collision_control_wide_relaxed,m1680-spec-0038::tw2::finish_relaxed::max1::L2_window_25_current_tiled
m1680-spec-0038::tw2::finish_relaxed::max1::L2_window_50,m1680-spec-0038::tw2::finish_relaxed::max1,m1680-spec-0038,L2_window_50,T5,capability_step_down|t5_near_boundary_warmup,decision_minus_24,t5_near_boundary_warmup,t5_near_boundary_warmup,2.0,relaxed,1.0,runs/m1674_controller_family_one_seed_public_pilot/configs/L2_window_50_seed167400.json,runs/m1674_controller_family_one_seed_public_pilot/profile_runs/L2_window_50/seed_167400/checkpoint.pt,True,True,False,False,False,collision_control_wide_relaxed,m1680-spec-0038::tw2::finish_relaxed::max1::L2_window_50
m1680-spec-0038::tw2::finish_relaxed::max1::L2_window_50_current_tiled,m1680-spec-0038::tw2::finish_relaxed::max1,m1680-spec-0038,L2_window_50_current_tiled,T5,capability_step_down|t5_near_boundary_warmup,decision_minus_24,t5_near_boundary_warmup,t5_near_boundary_warmup,2.0,relaxed,1.0,runs/m1674_controller_family_one_seed_public_pilot/configs/L2_window_50_current_tiled_seed167400.json,runs/m1674_controller_family_one_seed_public_pilot/profile_runs/L2_window_50_current_tiled/seed_167400/checkpoint.pt,True,True,False,False,False,collision_control_wide_relaxed,m1680-spec-0038::tw2::finish_relaxed::max1::L2_window_50_current_tiled
m1680-spec-0038::tw2::finish_relaxed::max1::L2_window_100,m1680-spec-0038::tw2::finish_relaxed::max1,m1680-spec-0038,L2_window_100,T5,capability_step_down|t5_near_boundary_warmup,decision_minus_24,t5_near_boundary_warmup,t5_near_boundary_warmup,2.0,relaxed,1.0,runs/m1674_controller_family_one_seed_public_pilot/configs/L2_window_100_seed167400.json,runs/m1674_controller_family_one_seed_public_pilot/profile_runs/L2_window_100/seed_167400/checkpoint.pt,True,True,False,False,False,collision_control_wide_relaxed,m1680-spec-0038::tw2::finish_relaxed::max1::L2_window_100
m1680-spec-0038::tw2::finish_relaxed::max1::L2_window_100_current_tiled,m1680-spec-0038::tw2::finish_relaxed::max1,m1680-spec-0038,L2_window_100_current_tiled,T5,capability_step_down|t5_near_boundary_warmup,decision_minus_24,t5_near_boundary_warmup,t5_near_boundary_warmup,2.0,relaxed,1.0,runs/m1674_controller_family_one_seed_public_pilot/configs/L2_window_100_current_tiled_seed167400.json,runs/m1674_controller_family_one_seed_public_pilot/profile_runs/L2_window_100_current_tiled/seed_167400/checkpoint.pt,True,True,False,False,False,collision_control_wide_relaxed,m1680-spec-0038::tw2::finish_relaxed::max1::L2_window_100_current_tiled
m1680-spec-0038::tw2::finish_relaxed::max1::L3_online_gru,m1680-spec-0038::tw2::finish_relaxed::max1,m1680-spec-0038,L3_online_gru,T5,capability_step_down|t5_near_boundary_warmup,decision_minus_24,t5_near_boundary_warmup,t5_near_boundary_warmup,2.0,relaxed,1.0,runs/m1674_controller_family_one_seed_public_pilot/configs/L3_online_gru_seed167400.json,runs/m1674_controller_family_one_seed_public_pilot/profile_runs/L3_online_gru/seed_167400/checkpoint.pt,True,True,False,False,False,collision_control_wide_relaxed,m1680-spec-0038::tw2::finish_relaxed::max1::L3_online_gru
m1680-spec-0038::tw2::finish_relaxed::max1::L3_reset_control_corrected,m1680-spec-0038::tw2::finish_relaxed::max1,m1680-spec-0038,L3_reset_control_corrected,T5,capability_step_down|t5_near_boundary_warmup,decision_minus_24,t5_near_boundary_warmup,t5_near_boundary_warmup,2.0,relaxed,1.0,runs/m1674_controller_family_one_seed_public_pilot/configs/L3_reset_control_corrected_seed167400.json,runs/m1674_controller_family_one_seed_public_pilot/profile_runs/L3_reset_control_corrected/seed_167400/checkpoint.pt,True,True,False,False,False,collision_control_wide_relaxed,m1680-spec-0038::tw2::finish_relaxed::max1::L3_reset_control_corrected
m1680-spec-0039::tw1::finish_original::max1::L0_current_masked,m1680-spec-0039::tw1::finish_original::max1,m1680-spec-0039,L0_current_masked,T5,curved_boundary_obstacle|drive_loss_proxy,mapping_window_unspecified,curved_boundary_obstacle,t5_boundary_axis_retarget,1.0,original,1.0,runs/m1674_controller_family_one_seed_public_pilot/configs/L0_current_masked_seed167400.json,runs/m1674_controller_family_one_seed_public_pilot/profile_runs/L0_current_masked/seed_167400/checkpoint.pt,True,True,False,False,False,original_axis_baseline,m1680-spec-0039::tw1::finish_original::max1::L0_current_masked
m1680-spec-0039::tw1::finish_original::max1::L1_one_step,m1680-spec-0039::tw1::finish_original::max1,m1680-spec-0039,L1_one_step,T5,curved_boundary_obstacle|drive_loss_proxy,mapping_window_unspecified,curved_boundary_obstacle,t5_boundary_axis_retarget,1.0,original,1.0,runs/m1674_controller_family_one_seed_public_pilot/configs/L1_one_step_seed167400.json,runs/m1674_controller_family_one_seed_public_pilot/profile_runs/L1_one_step/seed_167400/checkpoint.pt,True,True,False,False,False,original_axis_baseline,m1680-spec-0039::tw1::finish_original::max1::L1_one_step
m1680-spec-0039::tw1::finish_original::max1::L2_window_13,m1680-spec-0039::tw1::finish_original::max1,m1680-spec-0039,L2_window_13,T5,curved_boundary_obstacle|drive_loss_proxy,mapping_window_unspecified,curved_boundary_obstacle,t5_boundary_axis_retarget,1.0,original,1.0,runs/m1674_controller_family_one_seed_public_pilot/configs/L2_window_13_seed167400.json,runs/m1674_controller_family_one_seed_public_pilot/profile_runs/L2_window_13/seed_167400/checkpoint.pt,True,True,False,False,False,original_axis_baseline,m1680-spec-0039::tw1::finish_original::max1::L2_window_13
m1680-spec-0039::tw1::finish_original::max1::L2_window_13_current_tiled,m1680-spec-0039::tw1::finish_original::max1,m1680-spec-0039,L2_window_13_current_tiled,T5,curved_boundary_obstacle|drive_loss_proxy,mapping_window_unspecified,curved_boundary_obstacle,t5_boundary_axis_retarget,1.0,original,1.0,runs/m1674_controller_family_one_seed_public_pilot/configs/L2_window_13_current_tiled_seed167400.json,runs/m1674_controller_family_one_seed_public_pilot/profile_runs/L2_window_13_current_tiled/seed_167400/checkpoint.pt,True,True,False,False,False,original_axis_baseline,m1680-spec-0039::tw1::finish_original::max1::L2_window_13_current_tiled
m1680-spec-0039::tw1::finish_original::max1::L2_window_25,m1680-spec-0039::tw1::finish_original::max1,m1680-spec-0039,L2_window_25,T5,curved_boundary_obstacle|drive_loss_proxy,mapping_window_unspecified,curved_boundary_obstacle,t5_boundary_axis_retarget,1.0,original,1.0,runs/m1674_controller_family_one_seed_public_pilot/configs/L2_window_25_seed167400.json,runs/m1674_controller_family_one_seed_public_pilot/profile_runs/L2_window_25/seed_167400/checkpoint.pt,True,True,False,False,False,original_axis_baseline,m1680-spec-0039::tw1::finish_original::max1::L2_window_25
m1680-spec-0039::tw1::finish_original::max1::L2_window_25_current_tiled,m1680-spec-0039::tw1::finish_original::max1,m1680-spec-0039,L2_window_25_current_tiled,T5,curved_boundary_obstacle|drive_loss_proxy,mapping_window_unspecified,curved_boundary_obstacle,t5_boundary_axis_retarget,1.0,original,1.0,runs/m1674_controller_family_one_seed_public_pilot/configs/L2_window_25_current_tiled_seed167400.json,runs/m1674_controller_family_one_seed_public_pilot/profile_runs/L2_window_25_current_tiled/seed_167400/checkpoint.pt,True,True,False,False,False,original_axis_baseline,m1680-spec-0039::tw1::finish_original::max1::L2_window_25_current_tiled
m1680-spec-0039::tw1::finish_original::max1::L2_window_50,m1680-spec-0039::tw1::finish_original::max1,m1680-spec-0039,L2_window_50,T5,curved_boundary_obstacle|drive_loss_proxy,mapping_window_unspecified,curved_boundary_obstacle,t5_boundary_axis_retarget,1.0,original,1.0,runs/m1674_controller_family_one_seed_public_pilot/configs/L2_window_50_seed167400.json,runs/m1674_controller_family_one_seed_public_pilot/profile_runs/L2_window_50/seed_167400/checkpoint.pt,True,True,False,False,False,original_axis_baseline,m1680-spec-0039::tw1::finish_original::max1::L2_window_50
m1680-spec-0039::tw1::finish_original::max1::L2_window_50_current_tiled,m1680-spec-0039::tw1::finish_original::max1,m1680-spec-0039,L2_window_50_current_tiled,T5,curved_boundary_obstacle|drive_loss_proxy,mapping_window_unspecified,curved_boundary_obstacle,t5_boundary_axis_retarget,1.0,original,1.0,runs/m1674_controller_family_one_seed_public_pilot/configs/L2_window_50_current_tiled_seed167400.json,runs/m1674_controller_family_one_seed_public_pilot/profile_runs/L2_window_50_current_tiled/seed_167400/checkpoint.pt,True,True,False,False,False,original_axis_baseline,m1680-spec-0039::tw1::finish_original::max1::L2_window_50_current_tiled
m1680-spec-0039::tw1::finish_original::max1::L2_window_100,m1680-spec-0039::tw1::finish_original::max1,m1680-spec-0039,L2_window_100,T5,curved_boundary_obstacle|drive_loss_proxy,mapping_window_unspecified,curved_boundary_obstacle,t5_boundary_axis_retarget,1.0,original,1.0,runs/m1674_controller_family_one_seed_public_pilot/configs/L2_window_100_seed167400.json,runs/m1674_controller_family_one_seed_public_pilot/profile_runs/L2_window_100/seed_167400/checkpoint.pt,True,True,False,False,False,original_axis_baseline,m1680-spec-0039::tw1::finish_original::max1::L2_window_100
m1680-spec-0039::tw1::finish_original::max1::L2_window_100_current_tiled,m1680-spec-0039::tw1::finish_original::max1,m1680-spec-0039,L2_window_100_current_tiled,T5,curved_boundary_obstacle|drive_loss_proxy,mapping_window_unspecified,curved_boundary_obstacle,t5_boundary_axis_retarget,1.0,original,1.0,runs/m1674_controller_family_one_seed_public_pilot/configs/L2_window_100_current_tiled_seed167400.json,runs/m1674_controller_family_one_seed_public_pilot/profile_runs/L2_window_100_current_tiled/seed_167400/checkpoint.pt,True,True,False,False,False,original_axis_baseline,m1680-spec-0039::tw1::finish_original::max1::L2_window_100_current_tiled
m1680-spec-0039::tw1::finish_original::max1::L3_online_gru,m1680-spec-0039::tw1::finish_original::max1,m1680-spec-0039,L3_online_gru,T5,curved_boundary_obstacle|drive_loss_proxy,mapping_window_unspecified,curved_boundary_obstacle,t5_boundary_axis_retarget,1.0,original,1.0,runs/m1674_controller_family_one_seed_public_pilot/configs/L3_online_gru_seed167400.json,runs/m1674_controller_family_one_seed_public_pilot/profile_runs/L3_online_gru/seed_167400/checkpoint.pt,True,True,False,False,False,original_axis_baseline,m1680-spec-0039::tw1::finish_original::max1::L3_online_gru
m1680-spec-0039::tw1::finish_original::max1::L3_reset_control_corrected,m1680-spec-0039::tw1::finish_original::max1,m1680-spec-0039,L3_reset_control_corrected,T5,curved_boundary_obstacle|drive_loss_proxy,mapping_window_unspecified,curved_boundary_obstacle,t5_boundary_axis_retarget,1.0,original,1.0,runs/m1674_controller_family_one_seed_public_pilot/configs/L3_reset_control_corrected_seed167400.json,runs/m1674_controller_family_one_seed_public_pilot/profile_runs/L3_reset_control_corrected/seed_167400/checkpoint.pt,True,True,False,False,False,original_axis_baseline,m1680-spec-0039::tw1::finish_original::max1::L3_reset_control_corrected
m1680-spec-0039::tw1.5::finish_relaxed::max1.5::L0_current_masked,m1680-spec-0039::tw1.5::finish_relaxed::max1.5,m1680-spec-0039,L0_current_masked,T5,curved_boundary_obstacle|drive_loss_proxy,mapping_window_unspecified,curved_boundary_obstacle,t5_boundary_axis_retarget,1.5,relaxed,1.5,runs/m1674_controller_family_one_seed_public_pilot/configs/L0_current_masked_seed167400.json,runs/m1674_controller_family_one_seed_public_pilot/profile_runs/L0_current_masked/seed_167400/checkpoint.pt,True,True,False,False,False,mid_calibration_variant,m1680-spec-0039::tw1.5::finish_relaxed::max1.5::L0_current_masked
m1680-spec-0039::tw1.5::finish_relaxed::max1.5::L1_one_step,m1680-spec-0039::tw1.5::finish_relaxed::max1.5,m1680-spec-0039,L1_one_step,T5,curved_boundary_obstacle|drive_loss_proxy,mapping_window_unspecified,curved_boundary_obstacle,t5_boundary_axis_retarget,1.5,relaxed,1.5,runs/m1674_controller_family_one_seed_public_pilot/configs/L1_one_step_seed167400.json,runs/m1674_controller_family_one_seed_public_pilot/profile_runs/L1_one_step/seed_167400/checkpoint.pt,True,True,False,False,False,mid_calibration_variant,m1680-spec-0039::tw1.5::finish_relaxed::max1.5::L1_one_step
m1680-spec-0039::tw1.5::finish_relaxed::max1.5::L2_window_13,m1680-spec-0039::tw1.5::finish_relaxed::max1.5,m1680-spec-0039,L2_window_13,T5,curved_boundary_obstacle|drive_loss_proxy,mapping_window_unspecified,curved_boundary_obstacle,t5_boundary_axis_retarget,1.5,relaxed,1.5,runs/m1674_controller_family_one_seed_public_pilot/configs/L2_window_13_seed167400.json,runs/m1674_controller_family_one_seed_public_pilot/profile_runs/L2_window_13/seed_167400/checkpoint.pt,True,True,False,False,False,mid_calibration_variant,m1680-spec-0039::tw1.5::finish_relaxed::max1.5::L2_window_13
m1680-spec-0039::tw1.5::finish_relaxed::max1.5::L2_window_13_current_tiled,m1680-spec-0039::tw1.5::finish_relaxed::max1.5,m1680-spec-0039,L2_window_13_current_tiled,T5,curved_boundary_obstacle|drive_loss_proxy,mapping_window_unspecified,curved_boundary_obstacle,t5_boundary_axis_retarget,1.5,relaxed,1.5,runs/m1674_controller_family_one_seed_public_pilot/configs/L2_window_13_current_tiled_seed167400.json,runs/m1674_controller_family_one_seed_public_pilot/profile_runs/L2_window_13_current_tiled/seed_167400/checkpoint.pt,True,True,False,False,False,mid_calibration_variant,m1680-spec-0039::tw1.5::finish_relaxed::max1.5::L2_window_13_current_tiled
m1680-spec-0039::tw1.5::finish_relaxed::max1.5::L2_window_25,m1680-spec-0039::tw1.5::finish_relaxed::max1.5,m1680-spec-0039,L2_window_25,T5,curved_boundary_obstacle|drive_loss_proxy,mapping_window_unspecified,curved_boundary_obstacle,t5_boundary_axis_retarget,1.5,relaxed,1.5,runs/m1674_controller_family_one_seed_public_pilot/configs/L2_window_25_seed167400.json,runs/m1674_controller_family_one_seed_public_pilot/profile_runs/L2_window_25/seed_167400/checkpoint.pt,True,True,False,False,False,mid_calibration_variant,m1680-spec-0039::tw1.5::finish_relaxed::max1.5::L2_window_25
m1680-spec-0039::tw1.5::finish_relaxed::max1.5::L2_window_25_current_tiled,m1680-spec-0039::tw1.5::finish_relaxed::max1.5,m1680-spec-0039,L2_window_25_current_tiled,T5,curved_boundary_obstacle|drive_loss_proxy,mapping_window_unspecified,curved_boundary_obstacle,t5_boundary_axis_retarget,1.5,relaxed,1.5,runs/m1674_controller_family_one_seed_public_pilot/configs/L2_window_25_current_tiled_seed167400.json,runs/m1674_controller_family_one_seed_public_pilot/profile_runs/L2_window_25_current_tiled/seed_167400/checkpoint.pt,True,True,False,False,False,mid_calibration_variant,m1680-spec-0039::tw1.5::finish_relaxed::max1.5::L2_window_25_current_tiled
m1680-spec-0039::tw1.5::finish_relaxed::max1.5::L2_window_50,m1680-spec-0039::tw1.5::finish_relaxed::max1.5,m1680-spec-0039,L2_window_50,T5,curved_boundary_obstacle|drive_loss_proxy,mapping_window_unspecified,curved_boundary_obstacle,t5_boundary_axis_retarget,1.5,relaxed,1.5,runs/m1674_controller_family_one_seed_public_pilot/configs/L2_window_50_seed167400.json,runs/m1674_controller_family_one_seed_public_pilot/profile_runs/L2_window_50/seed_167400/checkpoint.pt,True,True,False,False,False,mid_calibration_variant,m1680-spec-0039::tw1.5::finish_relaxed::max1.5::L2_window_50
m1680-spec-0039::tw1.5::finish_relaxed::max1.5::L2_window_50_current_tiled,m1680-spec-0039::tw1.5::finish_relaxed::max1.5,m1680-spec-0039,L2_window_50_current_tiled,T5,curved_boundary_obstacle|drive_loss_proxy,mapping_window_unspecified,curved_boundary_obstacle,t5_boundary_axis_retarget,1.5,relaxed,1.5,runs/m1674_controller_family_one_seed_public_pilot/configs/L2_window_50_current_tiled_seed167400.json,runs/m1674_controller_family_one_seed_public_pilot/profile_runs/L2_window_50_current_tiled/seed_167400/checkpoint.pt,True,True,False,False,False,mid_calibration_variant,m1680-spec-0039::tw1.5::finish_relaxed::max1.5::L2_window_50_current_tiled
m1680-spec-0039::tw1.5::finish_relaxed::max1.5::L2_window_100,m1680-spec-0039::tw1.5::finish_relaxed::max1.5,m1680-spec-0039,L2_window_100,T5,curved_boundary_obstacle|drive_loss_proxy,mapping_window_unspecified,curved_boundary_obstacle,t5_boundary_axis_retarget,1.5,relaxed,1.5,runs/m1674_controller_family_one_seed_public_pilot/configs/L2_window_100_seed167400.json,runs/m1674_controller_family_one_seed_public_pilot/profile_runs/L2_window_100/seed_167400/checkpoint.pt,True,True,False,False,False,mid_calibration_variant,m1680-spec-0039::tw1.5::finish_relaxed::max1.5::L2_window_100
m1680-spec-0039::tw1.5::finish_relaxed::max1.5::L2_window_100_current_tiled,m1680-spec-0039::tw1.5::finish_relaxed::max1.5,m1680-spec-0039,L2_window_100_current_tiled,T5,curved_boundary_obstacle|drive_loss_proxy,mapping_window_unspecified,curved_boundary_obstacle,t5_boundary_axis_retarget,1.5,relaxed,1.5,runs/m1674_controller_family_one_seed_public_pilot/configs/L2_window_100_current_tiled_seed167400.json,runs/m1674_controller_family_one_seed_public_pilot/profile_runs/L2_window_100_current_tiled/seed_167400/checkpoint.pt,True,True,False,False,False,mid_calibration_variant,m1680-spec-0039::tw1.5::finish_relaxed::max1.5::L2_window_100_current_tiled
m1680-spec-0039::tw1.5::finish_relaxed::max1.5::L3_online_gru,m1680-spec-0039::tw1.5::finish_relaxed::max1.5,m1680-spec-0039,L3_online_gru,T5,curved_boundary_obstacle|drive_loss_proxy,mapping_window_unspecified,curved_boundary_obstacle,t5_boundary_axis_retarget,1.5,relaxed,1.5,runs/m1674_controller_family_one_seed_public_pilot/configs/L3_online_gru_seed167400.json,runs/m1674_controller_family_one_seed_public_pilot/profile_runs/L3_online_gru/seed_167400/checkpoint.pt,True,True,False,False,False,mid_calibration_variant,m1680-spec-0039::tw1.5::finish_relaxed::max1.5::L3_online_gru
m1680-spec-0039::tw1.5::finish_relaxed::max1.5::L3_reset_control_corrected,m1680-spec-0039::tw1.5::finish_relaxed::max1.5,m1680-spec-0039,L3_reset_control_corrected,T5,curved_boundary_obstacle|drive_loss_proxy,mapping_window_unspecified,curved_boundary_obstacle,t5_boundary_axis_retarget,1.5,relaxed,1.5,runs/m1674_controller_family_one_seed_public_pilot/configs/L3_reset_control_corrected_seed167400.json,runs/m1674_controller_family_one_seed_public_pilot/profile_runs/L3_reset_control_corrected/seed_167400/checkpoint.pt,True,True,False,False,False,mid_calibration_variant,m1680-spec-0039::tw1.5::finish_relaxed::max1.5::L3_reset_control_corrected
m1680-spec-0039::tw2::finish_original::max1.5::L0_current_masked,m1680-spec-0039::tw2::finish_original::max1.5,m1680-spec-0039,L0_current_masked,T5,curved_boundary_obstacle|drive_loss_proxy,mapping_window_unspecified,curved_boundary_obstacle,t5_boundary_axis_retarget,2.0,original,1.5,runs/m1674_controller_family_one_seed_public_pilot/configs/L0_current_masked_seed167400.json,runs/m1674_controller_family_one_seed_public_pilot/profile_runs/L0_current_masked/seed_167400/checkpoint.pt,True,True,False,False,False,best_off_track_variant,m1680-spec-0039::tw2::finish_original::max1.5::L0_current_masked
m1680-spec-0039::tw2::finish_original::max1.5::L1_one_step,m1680-spec-0039::tw2::finish_original::max1.5,m1680-spec-0039,L1_one_step,T5,curved_boundary_obstacle|drive_loss_proxy,mapping_window_unspecified,curved_boundary_obstacle,t5_boundary_axis_retarget,2.0,original,1.5,runs/m1674_controller_family_one_seed_public_pilot/configs/L1_one_step_seed167400.json,runs/m1674_controller_family_one_seed_public_pilot/profile_runs/L1_one_step/seed_167400/checkpoint.pt,True,True,False,False,False,best_off_track_variant,m1680-spec-0039::tw2::finish_original::max1.5::L1_one_step
m1680-spec-0039::tw2::finish_original::max1.5::L2_window_13,m1680-spec-0039::tw2::finish_original::max1.5,m1680-spec-0039,L2_window_13,T5,curved_boundary_obstacle|drive_loss_proxy,mapping_window_unspecified,curved_boundary_obstacle,t5_boundary_axis_retarget,2.0,original,1.5,runs/m1674_controller_family_one_seed_public_pilot/configs/L2_window_13_seed167400.json,runs/m1674_controller_family_one_seed_public_pilot/profile_runs/L2_window_13/seed_167400/checkpoint.pt,True,True,False,False,False,best_off_track_variant,m1680-spec-0039::tw2::finish_original::max1.5::L2_window_13
m1680-spec-0039::tw2::finish_original::max1.5::L2_window_13_current_tiled,m1680-spec-0039::tw2::finish_original::max1.5,m1680-spec-0039,L2_window_13_current_tiled,T5,curved_boundary_obstacle|drive_loss_proxy,mapping_window_unspecified,curved_boundary_obstacle,t5_boundary_axis_retarget,2.0,original,1.5,runs/m1674_controller_family_one_seed_public_pilot/configs/L2_window_13_current_tiled_seed167400.json,runs/m1674_controller_family_one_seed_public_pilot/profile_runs/L2_window_13_current_tiled/seed_167400/checkpoint.pt,True,True,False,False,False,best_off_track_variant,m1680-spec-0039::tw2::finish_original::max1.5::L2_window_13_current_tiled
m1680-spec-0039::tw2::finish_original::max1.5::L2_window_25,m1680-spec-0039::tw2::finish_original::max1.5,m1680-spec-0039,L2_window_25,T5,curved_boundary_obstacle|drive_loss_proxy,mapping_window_unspecified,curved_boundary_obstacle,t5_boundary_axis_retarget,2.0,original,1.5,runs/m1674_controller_family_one_seed_public_pilot/configs/L2_window_25_seed167400.json,runs/m1674_controller_family_one_seed_public_pilot/profile_runs/L2_window_25/seed_167400/checkpoint.pt,True,True,False,False,False,best_off_track_variant,m1680-spec-0039::tw2::finish_original::max1.5::L2_window_25
m1680-spec-0039::tw2::finish_original::max1.5::L2_window_25_current_tiled,m1680-spec-0039::tw2::finish_original::max1.5,m1680-spec-0039,L2_window_25_current_tiled,T5,curved_boundary_obstacle|drive_loss_proxy,mapping_window_unspecified,curved_boundary_obstacle,t5_boundary_axis_retarget,2.0,original,1.5,runs/m1674_controller_family_one_seed_public_pilot/configs/L2_window_25_current_tiled_seed167400.json,runs/m1674_controller_family_one_seed_public_pilot/profile_runs/L2_window_25_current_tiled/seed_167400/checkpoint.pt,True,True,False,False,False,best_off_track_variant,m1680-spec-0039::tw2::finish_original::max1.5::L2_window_25_current_tiled
m1680-spec-0039::tw2::finish_original::max1.5::L2_window_50,m1680-spec-0039::tw2::finish_original::max1.5,m1680-spec-0039,L2_window_50,T5,curved_boundary_obstacle|drive_loss_proxy,mapping_window_unspecified,curved_boundary_obstacle,t5_boundary_axis_retarget,2.0,original,1.5,runs/m1674_controller_family_one_seed_public_pilot/configs/L2_window_50_seed167400.json,runs/m1674_controller_family_one_seed_public_pilot/profile_runs/L2_window_50/seed_167400/checkpoint.pt,True,True,False,False,False,best_off_track_variant,m1680-spec-0039::tw2::finish_original::max1.5::L2_window_50
m1680-spec-0039::tw2::finish_original::max1.5::L2_window_50_current_tiled,m1680-spec-0039::tw2::finish_original::max1.5,m1680-spec-0039,L2_window_50_current_tiled,T5,curved_boundary_obstacle|drive_loss_proxy,mapping_window_unspecified,curved_boundary_obstacle,t5_boundary_axis_retarget,2.0,original,1.5,runs/m1674_controller_family_one_seed_public_pilot/configs/L2_window_50_current_tiled_seed167400.json,runs/m1674_controller_family_one_seed_public_pilot/profile_runs/L2_window_50_current_tiled/seed_167400/checkpoint.pt,True,True,False,False,False,best_off_track_variant,m1680-spec-0039::tw2::finish_original::max1.5::L2_window_50_current_tiled
m1680-spec-0039::tw2::finish_original::max1.5::L2_window_100,m1680-spec-0039::tw2::finish_original::max1.5,m1680-spec-0039,L2_window_100,T5,curved_boundary_obstacle|drive_loss_proxy,mapping_window_unspecified,curved_boundary_obstacle,t5_boundary_axis_retarget,2.0,original,1.5,runs/m1674_controller_family_one_seed_public_pilot/configs/L2_window_100_seed167400.json,runs/m1674_controller_family_one_seed_public_pilot/profile_runs/L2_window_100/seed_167400/checkpoint.pt,True,True,False,False,False,best_off_track_variant,m1680-spec-0039::tw2::finish_original::max1.5::L2_window_100
m1680-spec-0039::tw2::finish_original::max1.5::L2_window_100_current_tiled,m1680-spec-0039::tw2::finish_original::max1.5,m1680-spec-0039,L2_window_100_current_tiled,T5,curved_boundary_obstacle|drive_loss_proxy,mapping_window_unspecified,curved_boundary_obstacle,t5_boundary_axis_retarget,2.0,original,1.5,runs/m1674_controller_family_one_seed_public_pilot/configs/L2_window_100_current_tiled_seed167400.json,runs/m1674_controller_family_one_seed_public_pilot/profile_runs/L2_window_100_current_tiled/seed_167400/checkpoint.pt,True,True,False,False,False,best_off_track_variant,m1680-spec-0039::tw2::finish_original::max1.5::L2_window_100_current_tiled
m1680-spec-0039::tw2::finish_original::max1.5::L3_online_gru,m1680-spec-0039::tw2::finish_original::max1.5,m1680-spec-0039,L3_online_gru,T5,curved_boundary_obstacle|drive_loss_proxy,mapping_window_unspecified,curved_boundary_obstacle,t5_boundary_axis_retarget,2.0,original,1.5,runs/m1674_controller_family_one_seed_public_pilot/configs/L3_online_gru_seed167400.json,runs/m1674_controller_family_one_seed_public_pilot/profile_runs/L3_online_gru/seed_167400/checkpoint.pt,True,True,False,False,False,best_off_track_variant,m1680-spec-0039::tw2::finish_original::max1.5::L3_online_gru
m1680-spec-0039::tw2::finish_original::max1.5::L3_reset_control_corrected,m1680-spec-0039::tw2::finish_original::max1.5,m1680-spec-0039,L3_reset_control_corrected,T5,curved_boundary_obstacle|drive_loss_proxy,mapping_window_unspecified,curved_boundary_obstacle,t5_boundary_axis_retarget,2.0,original,1.5,runs/m1674_controller_family_one_seed_public_pilot/configs/L3_reset_control_corrected_seed167400.json,runs/m1674_controller_family_one_seed_public_pilot/profile_runs/L3_reset_control_corrected/seed_167400/checkpoint.pt,True,True,False,False,False,best_off_track_variant,m1680-spec-0039::tw2::finish_original::max1.5::L3_reset_control_corrected
m1680-spec-0039::tw2::finish_relaxed::max1::L0_current_masked,m1680-spec-0039::tw2::finish_relaxed::max1,m1680-spec-0039,L0_current_masked,T5,curved_boundary_obstacle|drive_loss_proxy,mapping_window_unspecified,curved_boundary_obstacle,t5_boundary_axis_retarget,2.0,relaxed,1.0,runs/m1674_controller_family_one_seed_public_pilot/configs/L0_current_masked_seed167400.json,runs/m1674_controller_family_one_seed_public_pilot/profile_runs/L0_current_masked/seed_167400/checkpoint.pt,True,True,False,False,False,collision_control_wide_relaxed,m1680-spec-0039::tw2::finish_relaxed::max1::L0_current_masked
m1680-spec-0039::tw2::finish_relaxed::max1::L1_one_step,m1680-spec-0039::tw2::finish_relaxed::max1,m1680-spec-0039,L1_one_step,T5,curved_boundary_obstacle|drive_loss_proxy,mapping_window_unspecified,curved_boundary_obstacle,t5_boundary_axis_retarget,2.0,relaxed,1.0,runs/m1674_controller_family_one_seed_public_pilot/configs/L1_one_step_seed167400.json,runs/m1674_controller_family_one_seed_public_pilot/profile_runs/L1_one_step/seed_167400/checkpoint.pt,True,True,False,False,False,collision_control_wide_relaxed,m1680-spec-0039::tw2::finish_relaxed::max1::L1_one_step
m1680-spec-0039::tw2::finish_relaxed::max1::L2_window_13,m1680-spec-0039::tw2::finish_relaxed::max1,m1680-spec-0039,L2_window_13,T5,curved_boundary_obstacle|drive_loss_proxy,mapping_window_unspecified,curved_boundary_obstacle,t5_boundary_axis_retarget,2.0,relaxed,1.0,runs/m1674_controller_family_one_seed_public_pilot/configs/L2_window_13_seed167400.json,runs/m1674_controller_family_one_seed_public_pilot/profile_runs/L2_window_13/seed_167400/checkpoint.pt,True,True,False,False,False,collision_control_wide_relaxed,m1680-spec-0039::tw2::finish_relaxed::max1::L2_window_13
m1680-spec-0039::tw2::finish_relaxed::max1::L2_window_13_current_tiled,m1680-spec-0039::tw2::finish_relaxed::max1,m1680-spec-0039,L2_window_13_current_tiled,T5,curved_boundary_obstacle|drive_loss_proxy,mapping_window_unspecified,curved_boundary_obstacle,t5_boundary_axis_retarget,2.0,relaxed,1.0,runs/m1674_controller_family_one_seed_public_pilot/configs/L2_window_13_current_tiled_seed167400.json,runs/m1674_controller_family_one_seed_public_pilot/profile_runs/L2_window_13_current_tiled/seed_167400/checkpoint.pt,True,True,False,False,False,collision_control_wide_relaxed,m1680-spec-0039::tw2::finish_relaxed::max1::L2_window_13_current_tiled
m1680-spec-0039::tw2::finish_relaxed::max1::L2_window_25,m1680-spec-0039::tw2::finish_relaxed::max1,m1680-spec-0039,L2_window_25,T5,curved_boundary_obstacle|drive_loss_proxy,mapping_window_unspecified,curved_boundary_obstacle,t5_boundary_axis_retarget,2.0,relaxed,1.0,runs/m1674_controller_family_one_seed_public_pilot/configs/L2_window_25_seed167400.json,runs/m1674_controller_family_one_seed_public_pilot/profile_runs/L2_window_25/seed_167400/checkpoint.pt,True,True,False,False,False,collision_control_wide_relaxed,m1680-spec-0039::tw2::finish_relaxed::max1::L2_window_25
m1680-spec-0039::tw2::finish_relaxed::max1::L2_window_25_current_tiled,m1680-spec-0039::tw2::finish_relaxed::max1,m1680-spec-0039,L2_window_25_current_tiled,T5,curved_boundary_obstacle|drive_loss_proxy,mapping_window_unspecified,curved_boundary_obstacle,t5_boundary_axis_retarget,2.0,relaxed,1.0,runs/m1674_controller_family_one_seed_public_pilot/configs/L2_window_25_current_tiled_seed167400.json,runs/m1674_controller_family_one_seed_public_pilot/profile_runs/L2_window_25_current_tiled/seed_167400/checkpoint.pt,True,True,False,False,False,collision_control_wide_relaxed,m1680-spec-0039::tw2::finish_relaxed::max1::L2_window_25_current_tiled
m1680-spec-0039::tw2::finish_relaxed::max1::L2_window_50,m1680-spec-0039::tw2::finish_relaxed::max1,m1680-spec-0039,L2_window_50,T5,curved_boundary_obstacle|drive_loss_proxy,mapping_window_unspecified,curved_boundary_obstacle,t5_boundary_axis_retarget,2.0,relaxed,1.0,runs/m1674_controller_family_one_seed_public_pilot/configs/L2_window_50_seed167400.json,runs/m1674_controller_family_one_seed_public_pilot/profile_runs/L2_window_50/seed_167400/checkpoint.pt,True,True,False,False,False,collision_control_wide_relaxed,m1680-spec-0039::tw2::finish_relaxed::max1::L2_window_50
m1680-spec-0039::tw2::finish_relaxed::max1::L2_window_50_current_tiled,m1680-spec-0039::tw2::finish_relaxed::max1,m1680-spec-0039,L2_window_50_current_tiled,T5,curved_boundary_obstacle|drive_loss_proxy,mapping_window_unspecified,curved_boundary_obstacle,t5_boundary_axis_retarget,2.0,relaxed,1.0,runs/m1674_controller_family_one_seed_public_pilot/configs/L2_window_50_current_tiled_seed167400.json,runs/m1674_controller_family_one_seed_public_pilot/profile_runs/L2_window_50_current_tiled/seed_167400/checkpoint.pt,True,True,False,False,False,collision_control_wide_relaxed,m1680-spec-0039::tw2::finish_relaxed::max1::L2_window_50_current_tiled
m1680-spec-0039::tw2::finish_relaxed::max1::L2_window_100,m1680-spec-0039::tw2::finish_relaxed::max1,m1680-spec-0039,L2_window_100,T5,curved_boundary_obstacle|drive_loss_proxy,mapping_window_unspecified,curved_boundary_obstacle,t5_boundary_axis_retarget,2.0,relaxed,1.0,runs/m1674_controller_family_one_seed_public_pilot/configs/L2_window_100_seed167400.json,runs/m1674_controller_family_one_seed_public_pilot/profile_runs/L2_window_100/seed_167400/checkpoint.pt,True,True,False,False,False,collision_control_wide_relaxed,m1680-spec-0039::tw2::finish_relaxed::max1::L2_window_100
m1680-spec-0039::tw2::finish_relaxed::max1::L2_window_100_current_tiled,m1680-spec-0039::tw2::finish_relaxed::max1,m1680-spec-0039,L2_window_100_current_tiled,T5,curved_boundary_obstacle|drive_loss_proxy,mapping_window_unspecified,curved_boundary_obstacle,t5_boundary_axis_retarget,2.0,relaxed,1.0,runs/m1674_controller_family_one_seed_public_pilot/configs/L2_window_100_current_tiled_seed167400.json,runs/m1674_controller_family_one_seed_public_pilot/profile_runs/L2_window_100_current_tiled/seed_167400/checkpoint.pt,True,True,False,False,False,collision_control_wide_relaxed,m1680-spec-0039::tw2::finish_relaxed::max1::L2_window_100_current_tiled
m1680-spec-0039::tw2::finish_relaxed::max1::L3_online_gru,m1680-spec-0039::tw2::finish_relaxed::max1,m1680-spec-0039,L3_online_gru,T5,curved_boundary_obstacle|drive_loss_proxy,mapping_window_unspecified,curved_boundary_obstacle,t5_boundary_axis_retarget,2.0,relaxed,1.0,runs/m1674_controller_family_one_seed_public_pilot/configs/L3_online_gru_seed167400.json,runs/m1674_controller_family_one_seed_public_pilot/profile_runs/L3_online_gru/seed_167400/checkpoint.pt,True,True,False,False,False,collision_control_wide_relaxed,m1680-spec-0039::tw2::finish_relaxed::max1::L3_online_gru
m1680-spec-0039::tw2::finish_relaxed::max1::L3_reset_control_corrected,m1680-spec-0039::tw2::finish_relaxed::max1,m1680-spec-0039,L3_reset_control_corrected,T5,curved_boundary_obstacle|drive_loss_proxy,mapping_window_unspecified,curved_boundary_obstacle,t5_boundary_axis_retarget,2.0,relaxed,1.0,runs/m1674_controller_family_one_seed_public_pilot/configs/L3_reset_control_corrected_seed167400.json,runs/m1674_controller_family_one_seed_public_pilot/profile_runs/L3_reset_control_corrected/seed_167400/checkpoint.pt,True,True,False,False,False,collision_control_wide_relaxed,m1680-spec-0039::tw2::finish_relaxed::max1::L3_reset_control_corrected
m1680-spec-0040::tw1::finish_original::max1::L0_current_masked,m1680-spec-0040::tw1::finish_original::max1,m1680-spec-0040,L0_current_masked,T5,curved_boundary_obstacle|t5_boundary_axis_retarget,decision_minus_32,t5_boundary_axis_retarget,t5_boundary_axis_retarget,1.0,original,1.0,runs/m1674_controller_family_one_seed_public_pilot/configs/L0_current_masked_seed167400.json,runs/m1674_controller_family_one_seed_public_pilot/profile_runs/L0_current_masked/seed_167400/checkpoint.pt,True,True,False,False,False,original_axis_baseline,m1680-spec-0040::tw1::finish_original::max1::L0_current_masked
m1680-spec-0040::tw1::finish_original::max1::L1_one_step,m1680-spec-0040::tw1::finish_original::max1,m1680-spec-0040,L1_one_step,T5,curved_boundary_obstacle|t5_boundary_axis_retarget,decision_minus_32,t5_boundary_axis_retarget,t5_boundary_axis_retarget,1.0,original,1.0,runs/m1674_controller_family_one_seed_public_pilot/configs/L1_one_step_seed167400.json,runs/m1674_controller_family_one_seed_public_pilot/profile_runs/L1_one_step/seed_167400/checkpoint.pt,True,True,False,False,False,original_axis_baseline,m1680-spec-0040::tw1::finish_original::max1::L1_one_step
m1680-spec-0040::tw1::finish_original::max1::L2_window_13,m1680-spec-0040::tw1::finish_original::max1,m1680-spec-0040,L2_window_13,T5,curved_boundary_obstacle|t5_boundary_axis_retarget,decision_minus_32,t5_boundary_axis_retarget,t5_boundary_axis_retarget,1.0,original,1.0,runs/m1674_controller_family_one_seed_public_pilot/configs/L2_window_13_seed167400.json,runs/m1674_controller_family_one_seed_public_pilot/profile_runs/L2_window_13/seed_167400/checkpoint.pt,True,True,False,False,False,original_axis_baseline,m1680-spec-0040::tw1::finish_original::max1::L2_window_13
m1680-spec-0040::tw1::finish_original::max1::L2_window_13_current_tiled,m1680-spec-0040::tw1::finish_original::max1,m1680-spec-0040,L2_window_13_current_tiled,T5,curved_boundary_obstacle|t5_boundary_axis_retarget,decision_minus_32,t5_boundary_axis_retarget,t5_boundary_axis_retarget,1.0,original,1.0,runs/m1674_controller_family_one_seed_public_pilot/configs/L2_window_13_current_tiled_seed167400.json,runs/m1674_controller_family_one_seed_public_pilot/profile_runs/L2_window_13_current_tiled/seed_167400/checkpoint.pt,True,True,False,False,False,original_axis_baseline,m1680-spec-0040::tw1::finish_original::max1::L2_window_13_current_tiled
m1680-spec-0040::tw1::finish_original::max1::L2_window_25,m1680-spec-0040::tw1::finish_original::max1,m1680-spec-0040,L2_window_25,T5,curved_boundary_obstacle|t5_boundary_axis_retarget,decision_minus_32,t5_boundary_axis_retarget,t5_boundary_axis_retarget,1.0,original,1.0,runs/m1674_controller_family_one_seed_public_pilot/configs/L2_window_25_seed167400.json,runs/m1674_controller_family_one_seed_public_pilot/profile_runs/L2_window_25/seed_167400/checkpoint.pt,True,True,False,False,False,original_axis_baseline,m1680-spec-0040::tw1::finish_original::max1::L2_window_25
m1680-spec-0040::tw1::finish_original::max1::L2_window_25_current_tiled,m1680-spec-0040::tw1::finish_original::max1,m1680-spec-0040,L2_window_25_current_tiled,T5,curved_boundary_obstacle|t5_boundary_axis_retarget,decision_minus_32,t5_boundary_axis_retarget,t5_boundary_axis_retarget,1.0,original,1.0,runs/m1674_controller_family_one_seed_public_pilot/configs/L2_window_25_current_tiled_seed167400.json,runs/m1674_controller_family_one_seed_public_pilot/profile_runs/L2_window_25_current_tiled/seed_167400/checkpoint.pt,True,True,False,False,False,original_axis_baseline,m1680-spec-0040::tw1::finish_original::max1::L2_window_25_current_tiled
m1680-spec-0040::tw1::finish_original::max1::L2_window_50,m1680-spec-0040::tw1::finish_original::max1,m1680-spec-0040,L2_window_50,T5,curved_boundary_obstacle|t5_boundary_axis_retarget,decision_minus_32,t5_boundary_axis_retarget,t5_boundary_axis_retarget,1.0,original,1.0,runs/m1674_controller_family_one_seed_public_pilot/configs/L2_window_50_seed167400.json,runs/m1674_controller_family_one_seed_public_pilot/profile_runs/L2_window_50/seed_167400/checkpoint.pt,True,True,False,False,False,original_axis_baseline,m1680-spec-0040::tw1::finish_original::max1::L2_window_50
m1680-spec-0040::tw1::finish_original::max1::L2_window_50_current_tiled,m1680-spec-0040::tw1::finish_original::max1,m1680-spec-0040,L2_window_50_current_tiled,T5,curved_boundary_obstacle|t5_boundary_axis_retarget,decision_minus_32,t5_boundary_axis_retarget,t5_boundary_axis_retarget,1.0,original,1.0,runs/m1674_controller_family_one_seed_public_pilot/configs/L2_window_50_current_tiled_seed167400.json,runs/m1674_controller_family_one_seed_public_pilot/profile_runs/L2_window_50_current_tiled/seed_167400/checkpoint.pt,True,True,False,False,False,original_axis_baseline,m1680-spec-0040::tw1::finish_original::max1::L2_window_50_current_tiled
m1680-spec-0040::tw1::finish_original::max1::L2_window_100,m1680-spec-0040::tw1::finish_original::max1,m1680-spec-0040,L2_window_100,T5,curved_boundary_obstacle|t5_boundary_axis_retarget,decision_minus_32,t5_boundary_axis_retarget,t5_boundary_axis_retarget,1.0,original,1.0,runs/m1674_controller_family_one_seed_public_pilot/configs/L2_window_100_seed167400.json,runs/m1674_controller_family_one_seed_public_pilot/profile_runs/L2_window_100/seed_167400/checkpoint.pt,True,True,False,False,False,original_axis_baseline,m1680-spec-0040::tw1::finish_original::max1::L2_window_100
m1680-spec-0040::tw1::finish_original::max1::L2_window_100_current_tiled,m1680-spec-0040::tw1::finish_original::max1,m1680-spec-0040,L2_window_100_current_tiled,T5,curved_boundary_obstacle|t5_boundary_axis_retarget,decision_minus_32,t5_boundary_axis_retarget,t5_boundary_axis_retarget,1.0,original,1.0,runs/m1674_controller_family_one_seed_public_pilot/configs/L2_window_100_current_tiled_seed167400.json,runs/m1674_controller_family_one_seed_public_pilot/profile_runs/L2_window_100_current_tiled/seed_167400/checkpoint.pt,True,True,False,False,False,original_axis_baseline,m1680-spec-0040::tw1::finish_original::max1::L2_window_100_current_tiled
m1680-spec-0040::tw1::finish_original::max1::L3_online_gru,m1680-spec-0040::tw1::finish_original::max1,m1680-spec-0040,L3_online_gru,T5,curved_boundary_obstacle|t5_boundary_axis_retarget,decision_minus_32,t5_boundary_axis_retarget,t5_boundary_axis_retarget,1.0,original,1.0,runs/m1674_controller_family_one_seed_public_pilot/configs/L3_online_gru_seed167400.json,runs/m1674_controller_family_one_seed_public_pilot/profile_runs/L3_online_gru/seed_167400/checkpoint.pt,True,True,False,False,False,original_axis_baseline,m1680-spec-0040::tw1::finish_original::max1::L3_online_gru
m1680-spec-0040::tw1::finish_original::max1::L3_reset_control_corrected,m1680-spec-0040::tw1::finish_original::max1,m1680-spec-0040,L3_reset_control_corrected,T5,curved_boundary_obstacle|t5_boundary_axis_retarget,decision_minus_32,t5_boundary_axis_retarget,t5_boundary_axis_retarget,1.0,original,1.0,runs/m1674_controller_family_one_seed_public_pilot/configs/L3_reset_control_corrected_seed167400.json,runs/m1674_controller_family_one_seed_public_pilot/profile_runs/L3_reset_control_corrected/seed_167400/checkpoint.pt,True,True,False,False,False,original_axis_baseline,m1680-spec-0040::tw1::finish_original::max1::L3_reset_control_corrected
m1680-spec-0040::tw1.5::finish_relaxed::max1.5::L0_current_masked,m1680-spec-0040::tw1.5::finish_relaxed::max1.5,m1680-spec-0040,L0_current_masked,T5,curved_boundary_obstacle|t5_boundary_axis_retarget,decision_minus_32,t5_boundary_axis_retarget,t5_boundary_axis_retarget,1.5,relaxed,1.5,runs/m1674_controller_family_one_seed_public_pilot/configs/L0_current_masked_seed167400.json,runs/m1674_controller_family_one_seed_public_pilot/profile_runs/L0_current_masked/seed_167400/checkpoint.pt,True,True,False,False,False,mid_calibration_variant,m1680-spec-0040::tw1.5::finish_relaxed::max1.5::L0_current_masked
m1680-spec-0040::tw1.5::finish_relaxed::max1.5::L1_one_step,m1680-spec-0040::tw1.5::finish_relaxed::max1.5,m1680-spec-0040,L1_one_step,T5,curved_boundary_obstacle|t5_boundary_axis_retarget,decision_minus_32,t5_boundary_axis_retarget,t5_boundary_axis_retarget,1.5,relaxed,1.5,runs/m1674_controller_family_one_seed_public_pilot/configs/L1_one_step_seed167400.json,runs/m1674_controller_family_one_seed_public_pilot/profile_runs/L1_one_step/seed_167400/checkpoint.pt,True,True,False,False,False,mid_calibration_variant,m1680-spec-0040::tw1.5::finish_relaxed::max1.5::L1_one_step
m1680-spec-0040::tw1.5::finish_relaxed::max1.5::L2_window_13,m1680-spec-0040::tw1.5::finish_relaxed::max1.5,m1680-spec-0040,L2_window_13,T5,curved_boundary_obstacle|t5_boundary_axis_retarget,decision_minus_32,t5_boundary_axis_retarget,t5_boundary_axis_retarget,1.5,relaxed,1.5,runs/m1674_controller_family_one_seed_public_pilot/configs/L2_window_13_seed167400.json,runs/m1674_controller_family_one_seed_public_pilot/profile_runs/L2_window_13/seed_167400/checkpoint.pt,True,True,False,False,False,mid_calibration_variant,m1680-spec-0040::tw1.5::finish_relaxed::max1.5::L2_window_13
m1680-spec-0040::tw1.5::finish_relaxed::max1.5::L2_window_13_current_tiled,m1680-spec-0040::tw1.5::finish_relaxed::max1.5,m1680-spec-0040,L2_window_13_current_tiled,T5,curved_boundary_obstacle|t5_boundary_axis_retarget,decision_minus_32,t5_boundary_axis_retarget,t5_boundary_axis_retarget,1.5,relaxed,1.5,runs/m1674_controller_family_one_seed_public_pilot/configs/L2_window_13_current_tiled_seed167400.json,runs/m1674_controller_family_one_seed_public_pilot/profile_runs/L2_window_13_current_tiled/seed_167400/checkpoint.pt,True,True,False,False,False,mid_calibration_variant,m1680-spec-0040::tw1.5::finish_relaxed::max1.5::L2_window_13_current_tiled
m1680-spec-0040::tw1.5::finish_relaxed::max1.5::L2_window_25,m1680-spec-0040::tw1.5::finish_relaxed::max1.5,m1680-spec-0040,L2_window_25,T5,curved_boundary_obstacle|t5_boundary_axis_retarget,decision_minus_32,t5_boundary_axis_retarget,t5_boundary_axis_retarget,1.5,relaxed,1.5,runs/m1674_controller_family_one_seed_public_pilot/configs/L2_window_25_seed167400.json,runs/m1674_controller_family_one_seed_public_pilot/profile_runs/L2_window_25/seed_167400/checkpoint.pt,True,True,False,False,False,mid_calibration_variant,m1680-spec-0040::tw1.5::finish_relaxed::max1.5::L2_window_25
m1680-spec-0040::tw1.5::finish_relaxed::max1.5::L2_window_25_current_tiled,m1680-spec-0040::tw1.5::finish_relaxed::max1.5,m1680-spec-0040,L2_window_25_current_tiled,T5,curved_boundary_obstacle|t5_boundary_axis_retarget,decision_minus_32,t5_boundary_axis_retarget,t5_boundary_axis_retarget,1.5,relaxed,1.5,runs/m1674_controller_family_one_seed_public_pilot/configs/L2_window_25_current_tiled_seed167400.json,runs/m1674_controller_family_one_seed_public_pilot/profile_runs/L2_window_25_current_tiled/seed_167400/checkpoint.pt,True,True,False,False,False,mid_calibration_variant,m1680-spec-0040::tw1.5::finish_relaxed::max1.5::L2_window_25_current_tiled
m1680-spec-0040::tw1.5::finish_relaxed::max1.5::L2_window_50,m1680-spec-0040::tw1.5::finish_relaxed::max1.5,m1680-spec-0040,L2_window_50,T5,curved_boundary_obstacle|t5_boundary_axis_retarget,decision_minus_32,t5_boundary_axis_retarget,t5_boundary_axis_retarget,1.5,relaxed,1.5,runs/m1674_controller_family_one_seed_public_pilot/configs/L2_window_50_seed167400.json,runs/m1674_controller_family_one_seed_public_pilot/profile_runs/L2_window_50/seed_167400/checkpoint.pt,True,True,False,False,False,mid_calibration_variant,m1680-spec-0040::tw1.5::finish_relaxed::max1.5::L2_window_50
m1680-spec-0040::tw1.5::finish_relaxed::max1.5::L2_window_50_current_tiled,m1680-spec-0040::tw1.5::finish_relaxed::max1.5,m1680-spec-0040,L2_window_50_current_tiled,T5,curved_boundary_obstacle|t5_boundary_axis_retarget,decision_minus_32,t5_boundary_axis_retarget,t5_boundary_axis_retarget,1.5,relaxed,1.5,runs/m1674_controller_family_one_seed_public_pilot/configs/L2_window_50_current_tiled_seed167400.json,runs/m1674_controller_family_one_seed_public_pilot/profile_runs/L2_window_50_current_tiled/seed_167400/checkpoint.pt,True,True,False,False,False,mid_calibration_variant,m1680-spec-0040::tw1.5::finish_relaxed::max1.5::L2_window_50_current_tiled
m1680-spec-0040::tw1.5::finish_relaxed::max1.5::L2_window_100,m1680-spec-0040::tw1.5::finish_relaxed::max1.5,m1680-spec-0040,L2_window_100,T5,curved_boundary_obstacle|t5_boundary_axis_retarget,decision_minus_32,t5_boundary_axis_retarget,t5_boundary_axis_retarget,1.5,relaxed,1.5,runs/m1674_controller_family_one_seed_public_pilot/configs/L2_window_100_seed167400.json,runs/m1674_controller_family_one_seed_public_pilot/profile_runs/L2_window_100/seed_167400/checkpoint.pt,True,True,False,False,False,mid_calibration_variant,m1680-spec-0040::tw1.5::finish_relaxed::max1.5::L2_window_100
m1680-spec-0040::tw1.5::finish_relaxed::max1.5::L2_window_100_current_tiled,m1680-spec-0040::tw1.5::finish_relaxed::max1.5,m1680-spec-0040,L2_window_100_current_tiled,T5,curved_boundary_obstacle|t5_boundary_axis_retarget,decision_minus_32,t5_boundary_axis_retarget,t5_boundary_axis_retarget,1.5,relaxed,1.5,runs/m1674_controller_family_one_seed_public_pilot/configs/L2_window_100_current_tiled_seed167400.json,runs/m1674_controller_family_one_seed_public_pilot/profile_runs/L2_window_100_current_tiled/seed_167400/checkpoint.pt,True,True,False,False,False,mid_calibration_variant,m1680-spec-0040::tw1.5::finish_relaxed::max1.5::L2_window_100_current_tiled
m1680-spec-0040::tw1.5::finish_relaxed::max1.5::L3_online_gru,m1680-spec-0040::tw1.5::finish_relaxed::max1.5,m1680-spec-0040,L3_online_gru,T5,curved_boundary_obstacle|t5_boundary_axis_retarget,decision_minus_32,t5_boundary_axis_retarget,t5_boundary_axis_retarget,1.5,relaxed,1.5,runs/m1674_controller_family_one_seed_public_pilot/configs/L3_online_gru_seed167400.json,runs/m1674_controller_family_one_seed_public_pilot/profile_runs/L3_online_gru/seed_167400/checkpoint.pt,True,True,False,False,False,mid_calibration_variant,m1680-spec-0040::tw1.5::finish_relaxed::max1.5::L3_online_gru
m1680-spec-0040::tw1.5::finish_relaxed::max1.5::L3_reset_control_corrected,m1680-spec-0040::tw1.5::finish_relaxed::max1.5,m1680-spec-0040,L3_reset_control_corrected,T5,curved_boundary_obstacle|t5_boundary_axis_retarget,decision_minus_32,t5_boundary_axis_retarget,t5_boundary_axis_retarget,1.5,relaxed,1.5,runs/m1674_controller_family_one_seed_public_pilot/configs/L3_reset_control_corrected_seed167400.json,runs/m1674_controller_family_one_seed_public_pilot/profile_runs/L3_reset_control_corrected/seed_167400/checkpoint.pt,True,True,False,False,False,mid_calibration_variant,m1680-spec-0040::tw1.5::finish_relaxed::max1.5::L3_reset_control_corrected
m1680-spec-0040::tw2::finish_original::max1.5::L0_current_masked,m1680-spec-0040::tw2::finish_original::max1.5,m1680-spec-0040,L0_current_masked,T5,curved_boundary_obstacle|t5_boundary_axis_retarget,decision_minus_32,t5_boundary_axis_retarget,t5_boundary_axis_retarget,2.0,original,1.5,runs/m1674_controller_family_one_seed_public_pilot/configs/L0_current_masked_seed167400.json,runs/m1674_controller_family_one_seed_public_pilot/profile_runs/L0_current_masked/seed_167400/checkpoint.pt,True,True,False,False,False,best_off_track_variant,m1680-spec-0040::tw2::finish_original::max1.5::L0_current_masked
m1680-spec-0040::tw2::finish_original::max1.5::L1_one_step,m1680-spec-0040::tw2::finish_original::max1.5,m1680-spec-0040,L1_one_step,T5,curved_boundary_obstacle|t5_boundary_axis_retarget,decision_minus_32,t5_boundary_axis_retarget,t5_boundary_axis_retarget,2.0,original,1.5,runs/m1674_controller_family_one_seed_public_pilot/configs/L1_one_step_seed167400.json,runs/m1674_controller_family_one_seed_public_pilot/profile_runs/L1_one_step/seed_167400/checkpoint.pt,True,True,False,False,False,best_off_track_variant,m1680-spec-0040::tw2::finish_original::max1.5::L1_one_step
m1680-spec-0040::tw2::finish_original::max1.5::L2_window_13,m1680-spec-0040::tw2::finish_original::max1.5,m1680-spec-0040,L2_window_13,T5,curved_boundary_obstacle|t5_boundary_axis_retarget,decision_minus_32,t5_boundary_axis_retarget,t5_boundary_axis_retarget,2.0,original,1.5,runs/m1674_controller_family_one_seed_public_pilot/configs/L2_window_13_seed167400.json,runs/m1674_controller_family_one_seed_public_pilot/profile_runs/L2_window_13/seed_167400/checkpoint.pt,True,True,False,False,False,best_off_track_variant,m1680-spec-0040::tw2::finish_original::max1.5::L2_window_13
m1680-spec-0040::tw2::finish_original::max1.5::L2_window_13_current_tiled,m1680-spec-0040::tw2::finish_original::max1.5,m1680-spec-0040,L2_window_13_current_tiled,T5,curved_boundary_obstacle|t5_boundary_axis_retarget,decision_minus_32,t5_boundary_axis_retarget,t5_boundary_axis_retarget,2.0,original,1.5,runs/m1674_controller_family_one_seed_public_pilot/configs/L2_window_13_current_tiled_seed167400.json,runs/m1674_controller_family_one_seed_public_pilot/profile_runs/L2_window_13_current_tiled/seed_167400/checkpoint.pt,True,True,False,False,False,best_off_track_variant,m1680-spec-0040::tw2::finish_original::max1.5::L2_window_13_current_tiled
m1680-spec-0040::tw2::finish_original::max1.5::L2_window_25,m1680-spec-0040::tw2::finish_original::max1.5,m1680-spec-0040,L2_window_25,T5,curved_boundary_obstacle|t5_boundary_axis_retarget,decision_minus_32,t5_boundary_axis_retarget,t5_boundary_axis_retarget,2.0,original,1.5,runs/m1674_controller_family_one_seed_public_pilot/configs/L2_window_25_seed167400.json,runs/m1674_controller_family_one_seed_public_pilot/profile_runs/L2_window_25/seed_167400/checkpoint.pt,True,True,False,False,False,best_off_track_variant,m1680-spec-0040::tw2::finish_original::max1.5::L2_window_25
m1680-spec-0040::tw2::finish_original::max1.5::L2_window_25_current_tiled,m1680-spec-0040::tw2::finish_original::max1.5,m1680-spec-0040,L2_window_25_current_tiled,T5,curved_boundary_obstacle|t5_boundary_axis_retarget,decision_minus_32,t5_boundary_axis_retarget,t5_boundary_axis_retarget,2.0,original,1.5,runs/m1674_controller_family_one_seed_public_pilot/configs/L2_window_25_current_tiled_seed167400.json,runs/m1674_controller_family_one_seed_public_pilot/profile_runs/L2_window_25_current_tiled/seed_167400/checkpoint.pt,True,True,False,False,False,best_off_track_variant,m1680-spec-0040::tw2::finish_original::max1.5::L2_window_25_current_tiled
m1680-spec-0040::tw2::finish_original::max1.5::L2_window_50,m1680-spec-0040::tw2::finish_original::max1.5,m1680-spec-0040,L2_window_50,T5,curved_boundary_obstacle|t5_boundary_axis_retarget,decision_minus_32,t5_boundary_axis_retarget,t5_boundary_axis_retarget,2.0,original,1.5,runs/m1674_controller_family_one_seed_public_pilot/configs/L2_window_50_seed167400.json,runs/m1674_controller_family_one_seed_public_pilot/profile_runs/L2_window_50/seed_167400/checkpoint.pt,True,True,False,False,False,best_off_track_variant,m1680-spec-0040::tw2::finish_original::max1.5::L2_window_50
m1680-spec-0040::tw2::finish_original::max1.5::L2_window_50_current_tiled,m1680-spec-0040::tw2::finish_original::max1.5,m1680-spec-0040,L2_window_50_current_tiled,T5,curved_boundary_obstacle|t5_boundary_axis_retarget,decision_minus_32,t5_boundary_axis_retarget,t5_boundary_axis_retarget,2.0,original,1.5,runs/m1674_controller_family_one_seed_public_pilot/configs/L2_window_50_current_tiled_seed167400.json,runs/m1674_controller_family_one_seed_public_pilot/profile_runs/L2_window_50_current_tiled/seed_167400/checkpoint.pt,True,True,False,False,False,best_off_track_variant,m1680-spec-0040::tw2::finish_original::max1.5::L2_window_50_current_tiled
m1680-spec-0040::tw2::finish_original::max1.5::L2_window_100,m1680-spec-0040::tw2::finish_original::max1.5,m1680-spec-0040,L2_window_100,T5,curved_boundary_obstacle|t5_boundary_axis_retarget,decision_minus_32,t5_boundary_axis_retarget,t5_boundary_axis_retarget,2.0,original,1.5,runs/m1674_controller_family_one_seed_public_pilot/configs/L2_window_100_seed167400.json,runs/m1674_controller_family_one_seed_public_pilot/profile_runs/L2_window_100/seed_167400/checkpoint.pt,True,True,False,False,False,best_off_track_variant,m1680-spec-0040::tw2::finish_original::max1.5::L2_window_100
m1680-spec-0040::tw2::finish_original::max1.5::L2_window_100_current_tiled,m1680-spec-0040::tw2::finish_original::max1.5,m1680-spec-0040,L2_window_100_current_tiled,T5,curved_boundary_obstacle|t5_boundary_axis_retarget,decision_minus_32,t5_boundary_axis_retarget,t5_boundary_axis_retarget,2.0,original,1.5,runs/m1674_controller_family_one_seed_public_pilot/configs/L2_window_100_current_tiled_seed167400.json,runs/m1674_controller_family_one_seed_public_pilot/profile_runs/L2_window_100_current_tiled/seed_167400/checkpoint.pt,True,True,False,False,False,best_off_track_variant,m1680-spec-0040::tw2::finish_original::max1.5::L2_window_100_current_tiled
m1680-spec-0040::tw2::finish_original::max1.5::L3_online_gru,m1680-spec-0040::tw2::finish_original::max1.5,m1680-spec-0040,L3_online_gru,T5,curved_boundary_obstacle|t5_boundary_axis_retarget,decision_minus_32,t5_boundary_axis_retarget,t5_boundary_axis_retarget,2.0,original,1.5,runs/m1674_controller_family_one_seed_public_pilot/configs/L3_online_gru_seed167400.json,runs/m1674_controller_family_one_seed_public_pilot/profile_runs/L3_online_gru/seed_167400/checkpoint.pt,True,True,False,False,False,best_off_track_variant,m1680-spec-0040::tw2::finish_original::max1.5::L3_online_gru
m1680-spec-0040::tw2::finish_original::max1.5::L3_reset_control_corrected,m1680-spec-0040::tw2::finish_original::max1.5,m1680-spec-0040,L3_reset_control_corrected,T5,curved_boundary_obstacle|t5_boundary_axis_retarget,decision_minus_32,t5_boundary_axis_retarget,t5_boundary_axis_retarget,2.0,original,1.5,runs/m1674_controller_family_one_seed_public_pilot/configs/L3_reset_control_corrected_seed167400.json,runs/m1674_controller_family_one_seed_public_pilot/profile_runs/L3_reset_control_corrected/seed_167400/checkpoint.pt,True,True,False,False,False,best_off_track_variant,m1680-spec-0040::tw2::finish_original::max1.5::L3_reset_control_corrected
m1680-spec-0040::tw2::finish_relaxed::max1::L0_current_masked,m1680-spec-0040::tw2::finish_relaxed::max1,m1680-spec-0040,L0_current_masked,T5,curved_boundary_obstacle|t5_boundary_axis_retarget,decision_minus_32,t5_boundary_axis_retarget,t5_boundary_axis_retarget,2.0,relaxed,1.0,runs/m1674_controller_family_one_seed_public_pilot/configs/L0_current_masked_seed167400.json,runs/m1674_controller_family_one_seed_public_pilot/profile_runs/L0_current_masked/seed_167400/checkpoint.pt,True,True,False,False,False,collision_control_wide_relaxed,m1680-spec-0040::tw2::finish_relaxed::max1::L0_current_masked
m1680-spec-0040::tw2::finish_relaxed::max1::L1_one_step,m1680-spec-0040::tw2::finish_relaxed::max1,m1680-spec-0040,L1_one_step,T5,curved_boundary_obstacle|t5_boundary_axis_retarget,decision_minus_32,t5_boundary_axis_retarget,t5_boundary_axis_retarget,2.0,relaxed,1.0,runs/m1674_controller_family_one_seed_public_pilot/configs/L1_one_step_seed167400.json,runs/m1674_controller_family_one_seed_public_pilot/profile_runs/L1_one_step/seed_167400/checkpoint.pt,True,True,False,False,False,collision_control_wide_relaxed,m1680-spec-0040::tw2::finish_relaxed::max1::L1_one_step
m1680-spec-0040::tw2::finish_relaxed::max1::L2_window_13,m1680-spec-0040::tw2::finish_relaxed::max1,m1680-spec-0040,L2_window_13,T5,curved_boundary_obstacle|t5_boundary_axis_retarget,decision_minus_32,t5_boundary_axis_retarget,t5_boundary_axis_retarget,2.0,relaxed,1.0,runs/m1674_controller_family_one_seed_public_pilot/configs/L2_window_13_seed167400.json,runs/m1674_controller_family_one_seed_public_pilot/profile_runs/L2_window_13/seed_167400/checkpoint.pt,True,True,False,False,False,collision_control_wide_relaxed,m1680-spec-0040::tw2::finish_relaxed::max1::L2_window_13
m1680-spec-0040::tw2::finish_relaxed::max1::L2_window_13_current_tiled,m1680-spec-0040::tw2::finish_relaxed::max1,m1680-spec-0040,L2_window_13_current_tiled,T5,curved_boundary_obstacle|t5_boundary_axis_retarget,decision_minus_32,t5_boundary_axis_retarget,t5_boundary_axis_retarget,2.0,relaxed,1.0,runs/m1674_controller_family_one_seed_public_pilot/configs/L2_window_13_current_tiled_seed167400.json,runs/m1674_controller_family_one_seed_public_pilot/profile_runs/L2_window_13_current_tiled/seed_167400/checkpoint.pt,True,True,False,False,False,collision_control_wide_relaxed,m1680-spec-0040::tw2::finish_relaxed::max1::L2_window_13_current_tiled
m1680-spec-0040::tw2::finish_relaxed::max1::L2_window_25,m1680-spec-0040::tw2::finish_relaxed::max1,m1680-spec-0040,L2_window_25,T5,curved_boundary_obstacle|t5_boundary_axis_retarget,decision_minus_32,t5_boundary_axis_retarget,t5_boundary_axis_retarget,2.0,relaxed,1.0,runs/m1674_controller_family_one_seed_public_pilot/configs/L2_window_25_seed167400.json,runs/m1674_controller_family_one_seed_public_pilot/profile_runs/L2_window_25/seed_167400/checkpoint.pt,True,True,False,False,False,collision_control_wide_relaxed,m1680-spec-0040::tw2::finish_relaxed::max1::L2_window_25
m1680-spec-0040::tw2::finish_relaxed::max1::L2_window_25_current_tiled,m1680-spec-0040::tw2::finish_relaxed::max1,m1680-spec-0040,L2_window_25_current_tiled,T5,curved_boundary_obstacle|t5_boundary_axis_retarget,decision_minus_32,t5_boundary_axis_retarget,t5_boundary_axis_retarget,2.0,relaxed,1.0,runs/m1674_controller_family_one_seed_public_pilot/configs/L2_window_25_current_tiled_seed167400.json,runs/m1674_controller_family_one_seed_public_pilot/profile_runs/L2_window_25_current_tiled/seed_167400/checkpoint.pt,True,True,False,False,False,collision_control_wide_relaxed,m1680-spec-0040::tw2::finish_relaxed::max1::L2_window_25_current_tiled
m1680-spec-0040::tw2::finish_relaxed::max1::L2_window_50,m1680-spec-0040::tw2::finish_relaxed::max1,m1680-spec-0040,L2_window_50,T5,curved_boundary_obstacle|t5_boundary_axis_retarget,decision_minus_32,t5_boundary_axis_retarget,t5_boundary_axis_retarget,2.0,relaxed,1.0,runs/m1674_controller_family_one_seed_public_pilot/configs/L2_window_50_seed167400.json,runs/m1674_controller_family_one_seed_public_pilot/profile_runs/L2_window_50/seed_167400/checkpoint.pt,True,True,False,False,False,collision_control_wide_relaxed,m1680-spec-0040::tw2::finish_relaxed::max1::L2_window_50
m1680-spec-0040::tw2::finish_relaxed::max1::L2_window_50_current_tiled,m1680-spec-0040::tw2::finish_relaxed::max1,m1680-spec-0040,L2_window_50_current_tiled,T5,curved_boundary_obstacle|t5_boundary_axis_retarget,decision_minus_32,t5_boundary_axis_retarget,t5_boundary_axis_retarget,2.0,relaxed,1.0,runs/m1674_controller_family_one_seed_public_pilot/configs/L2_window_50_current_tiled_seed167400.json,runs/m1674_controller_family_one_seed_public_pilot/profile_runs/L2_window_50_current_tiled/seed_167400/checkpoint.pt,True,True,False,False,False,collision_control_wide_relaxed,m1680-spec-0040::tw2::finish_relaxed::max1::L2_window_50_current_tiled
m1680-spec-0040::tw2::finish_relaxed::max1::L2_window_100,m1680-spec-0040::tw2::finish_relaxed::max1,m1680-spec-0040,L2_window_100,T5,curved_boundary_obstacle|t5_boundary_axis_retarget,decision_minus_32,t5_boundary_axis_retarget,t5_boundary_axis_retarget,2.0,relaxed,1.0,runs/m1674_controller_family_one_seed_public_pilot/configs/L2_window_100_seed167400.json,runs/m1674_controller_family_one_seed_public_pilot/profile_runs/L2_window_100/seed_167400/checkpoint.pt,True,True,False,False,False,collision_control_wide_relaxed,m1680-spec-0040::tw2::finish_relaxed::max1::L2_window_100
m1680-spec-0040::tw2::finish_relaxed::max1::L2_window_100_current_tiled,m1680-spec-0040::tw2::finish_relaxed::max1,m1680-spec-0040,L2_window_100_current_tiled,T5,curved_boundary_obstacle|t5_boundary_axis_retarget,decision_minus_32,t5_boundary_axis_retarget,t5_boundary_axis_retarget,2.0,relaxed,1.0,runs/m1674_controller_family_one_seed_public_pilot/configs/L2_window_100_current_tiled_seed167400.json,runs/m1674_controller_family_one_seed_public_pilot/profile_runs/L2_window_100_current_tiled/seed_167400/checkpoint.pt,True,True,False,False,False,collision_control_wide_relaxed,m1680-spec-0040::tw2::finish_relaxed::max1::L2_window_100_current_tiled
m1680-spec-0040::tw2::finish_relaxed::max1::L3_online_gru,m1680-spec-0040::tw2::finish_relaxed::max1,m1680-spec-0040,L3_online_gru,T5,curved_boundary_obstacle|t5_boundary_axis_retarget,decision_minus_32,t5_boundary_axis_retarget,t5_boundary_axis_retarget,2.0,relaxed,1.0,runs/m1674_controller_family_one_seed_public_pilot/configs/L3_online_gru_seed167400.json,runs/m1674_controller_family_one_seed_public_pilot/profile_runs/L3_online_gru/seed_167400/checkpoint.pt,True,True,False,False,False,collision_control_wide_relaxed,m1680-spec-0040::tw2::finish_relaxed::max1::L3_online_gru
m1680-spec-0040::tw2::finish_relaxed::max1::L3_reset_control_corrected,m1680-spec-0040::tw2::finish_relaxed::max1,m1680-spec-0040,L3_reset_control_corrected,T5,curved_boundary_obstacle|t5_boundary_axis_retarget,decision_minus_32,t5_boundary_axis_retarget,t5_boundary_axis_retarget,2.0,relaxed,1.0,runs/m1674_controller_family_one_seed_public_pilot/configs/L3_reset_control_corrected_seed167400.json,runs/m1674_controller_family_one_seed_public_pilot/profile_runs/L3_reset_control_corrected/seed_167400/checkpoint.pt,True,True,False,False,False,collision_control_wide_relaxed,m1680-spec-0040::tw2::finish_relaxed::max1::L3_reset_control_corrected
m1680-spec-0041::tw1::finish_original::max1::L0_current_masked,m1680-spec-0041::tw1::finish_original::max1,m1680-spec-0041,L0_current_masked,T5,drive_loss_proxy|curved_boundary_obstacle,mapping_window_unspecified,drive_loss_proxy,t5_near_boundary_warmup,1.0,original,1.0,runs/m1674_controller_family_one_seed_public_pilot/configs/L0_current_masked_seed167400.json,runs/m1674_controller_family_one_seed_public_pilot/profile_runs/L0_current_masked/seed_167400/checkpoint.pt,True,True,False,False,False,original_axis_baseline,m1680-spec-0041::tw1::finish_original::max1::L0_current_masked
m1680-spec-0041::tw1::finish_original::max1::L1_one_step,m1680-spec-0041::tw1::finish_original::max1,m1680-spec-0041,L1_one_step,T5,drive_loss_proxy|curved_boundary_obstacle,mapping_window_unspecified,drive_loss_proxy,t5_near_boundary_warmup,1.0,original,1.0,runs/m1674_controller_family_one_seed_public_pilot/configs/L1_one_step_seed167400.json,runs/m1674_controller_family_one_seed_public_pilot/profile_runs/L1_one_step/seed_167400/checkpoint.pt,True,True,False,False,False,original_axis_baseline,m1680-spec-0041::tw1::finish_original::max1::L1_one_step
m1680-spec-0041::tw1::finish_original::max1::L2_window_13,m1680-spec-0041::tw1::finish_original::max1,m1680-spec-0041,L2_window_13,T5,drive_loss_proxy|curved_boundary_obstacle,mapping_window_unspecified,drive_loss_proxy,t5_near_boundary_warmup,1.0,original,1.0,runs/m1674_controller_family_one_seed_public_pilot/configs/L2_window_13_seed167400.json,runs/m1674_controller_family_one_seed_public_pilot/profile_runs/L2_window_13/seed_167400/checkpoint.pt,True,True,False,False,False,original_axis_baseline,m1680-spec-0041::tw1::finish_original::max1::L2_window_13
m1680-spec-0041::tw1::finish_original::max1::L2_window_13_current_tiled,m1680-spec-0041::tw1::finish_original::max1,m1680-spec-0041,L2_window_13_current_tiled,T5,drive_loss_proxy|curved_boundary_obstacle,mapping_window_unspecified,drive_loss_proxy,t5_near_boundary_warmup,1.0,original,1.0,runs/m1674_controller_family_one_seed_public_pilot/configs/L2_window_13_current_tiled_seed167400.json,runs/m1674_controller_family_one_seed_public_pilot/profile_runs/L2_window_13_current_tiled/seed_167400/checkpoint.pt,True,True,False,False,False,original_axis_baseline,m1680-spec-0041::tw1::finish_original::max1::L2_window_13_current_tiled
m1680-spec-0041::tw1::finish_original::max1::L2_window_25,m1680-spec-0041::tw1::finish_original::max1,m1680-spec-0041,L2_window_25,T5,drive_loss_proxy|curved_boundary_obstacle,mapping_window_unspecified,drive_loss_proxy,t5_near_boundary_warmup,1.0,original,1.0,runs/m1674_controller_family_one_seed_public_pilot/configs/L2_window_25_seed167400.json,runs/m1674_controller_family_one_seed_public_pilot/profile_runs/L2_window_25/seed_167400/checkpoint.pt,True,True,False,False,False,original_axis_baseline,m1680-spec-0041::tw1::finish_original::max1::L2_window_25
m1680-spec-0041::tw1::finish_original::max1::L2_window_25_current_tiled,m1680-spec-0041::tw1::finish_original::max1,m1680-spec-0041,L2_window_25_current_tiled,T5,drive_loss_proxy|curved_boundary_obstacle,mapping_window_unspecified,drive_loss_proxy,t5_near_boundary_warmup,1.0,original,1.0,runs/m1674_controller_family_one_seed_public_pilot/configs/L2_window_25_current_tiled_seed167400.json,runs/m1674_controller_family_one_seed_public_pilot/profile_runs/L2_window_25_current_tiled/seed_167400/checkpoint.pt,True,True,False,False,False,original_axis_baseline,m1680-spec-0041::tw1::finish_original::max1::L2_window_25_current_tiled
m1680-spec-0041::tw1::finish_original::max1::L2_window_50,m1680-spec-0041::tw1::finish_original::max1,m1680-spec-0041,L2_window_50,T5,drive_loss_proxy|curved_boundary_obstacle,mapping_window_unspecified,drive_loss_proxy,t5_near_boundary_warmup,1.0,original,1.0,runs/m1674_controller_family_one_seed_public_pilot/configs/L2_window_50_seed167400.json,runs/m1674_controller_family_one_seed_public_pilot/profile_runs/L2_window_50/seed_167400/checkpoint.pt,True,True,False,False,False,original_axis_baseline,m1680-spec-0041::tw1::finish_original::max1::L2_window_50
m1680-spec-0041::tw1::finish_original::max1::L2_window_50_current_tiled,m1680-spec-0041::tw1::finish_original::max1,m1680-spec-0041,L2_window_50_current_tiled,T5,drive_loss_proxy|curved_boundary_obstacle,mapping_window_unspecified,drive_loss_proxy,t5_near_boundary_warmup,1.0,original,1.0,runs/m1674_controller_family_one_seed_public_pilot/configs/L2_window_50_current_tiled_seed167400.json,runs/m1674_controller_family_one_seed_public_pilot/profile_runs/L2_window_50_current_tiled/seed_167400/checkpoint.pt,True,True,False,False,False,original_axis_baseline,m1680-spec-0041::tw1::finish_original::max1::L2_window_50_current_tiled
m1680-spec-0041::tw1::finish_original::max1::L2_window_100,m1680-spec-0041::tw1::finish_original::max1,m1680-spec-0041,L2_window_100,T5,drive_loss_proxy|curved_boundary_obstacle,mapping_window_unspecified,drive_loss_proxy,t5_near_boundary_warmup,1.0,original,1.0,runs/m1674_controller_family_one_seed_public_pilot/configs/L2_window_100_seed167400.json,runs/m1674_controller_family_one_seed_public_pilot/profile_runs/L2_window_100/seed_167400/checkpoint.pt,True,True,False,False,False,original_axis_baseline,m1680-spec-0041::tw1::finish_original::max1::L2_window_100
m1680-spec-0041::tw1::finish_original::max1::L2_window_100_current_tiled,m1680-spec-0041::tw1::finish_original::max1,m1680-spec-0041,L2_window_100_current_tiled,T5,drive_loss_proxy|curved_boundary_obstacle,mapping_window_unspecified,drive_loss_proxy,t5_near_boundary_warmup,1.0,original,1.0,runs/m1674_controller_family_one_seed_public_pilot/configs/L2_window_100_current_tiled_seed167400.json,runs/m1674_controller_family_one_seed_public_pilot/profile_runs/L2_window_100_current_tiled/seed_167400/checkpoint.pt,True,True,False,False,False,original_axis_baseline,m1680-spec-0041::tw1::finish_original::max1::L2_window_100_current_tiled
m1680-spec-0041::tw1::finish_original::max1::L3_online_gru,m1680-spec-0041::tw1::finish_original::max1,m1680-spec-0041,L3_online_gru,T5,drive_loss_proxy|curved_boundary_obstacle,mapping_window_unspecified,drive_loss_proxy,t5_near_boundary_warmup,1.0,original,1.0,runs/m1674_controller_family_one_seed_public_pilot/configs/L3_online_gru_seed167400.json,runs/m1674_controller_family_one_seed_public_pilot/profile_runs/L3_online_gru/seed_167400/checkpoint.pt,True,True,False,False,False,original_axis_baseline,m1680-spec-0041::tw1::finish_original::max1::L3_online_gru
m1680-spec-0041::tw1::finish_original::max1::L3_reset_control_corrected,m1680-spec-0041::tw1::finish_original::max1,m1680-spec-0041,L3_reset_control_corrected,T5,drive_loss_proxy|curved_boundary_obstacle,mapping_window_unspecified,drive_loss_proxy,t5_near_boundary_warmup,1.0,original,1.0,runs/m1674_controller_family_one_seed_public_pilot/configs/L3_reset_control_corrected_seed167400.json,runs/m1674_controller_family_one_seed_public_pilot/profile_runs/L3_reset_control_corrected/seed_167400/checkpoint.pt,True,True,False,False,False,original_axis_baseline,m1680-spec-0041::tw1::finish_original::max1::L3_reset_control_corrected
m1680-spec-0041::tw1.5::finish_relaxed::max1.5::L0_current_masked,m1680-spec-0041::tw1.5::finish_relaxed::max1.5,m1680-spec-0041,L0_current_masked,T5,drive_loss_proxy|curved_boundary_obstacle,mapping_window_unspecified,drive_loss_proxy,t5_near_boundary_warmup,1.5,relaxed,1.5,runs/m1674_controller_family_one_seed_public_pilot/configs/L0_current_masked_seed167400.json,runs/m1674_controller_family_one_seed_public_pilot/profile_runs/L0_current_masked/seed_167400/checkpoint.pt,True,True,False,False,False,mid_calibration_variant,m1680-spec-0041::tw1.5::finish_relaxed::max1.5::L0_current_masked
m1680-spec-0041::tw1.5::finish_relaxed::max1.5::L1_one_step,m1680-spec-0041::tw1.5::finish_relaxed::max1.5,m1680-spec-0041,L1_one_step,T5,drive_loss_proxy|curved_boundary_obstacle,mapping_window_unspecified,drive_loss_proxy,t5_near_boundary_warmup,1.5,relaxed,1.5,runs/m1674_controller_family_one_seed_public_pilot/configs/L1_one_step_seed167400.json,runs/m1674_controller_family_one_seed_public_pilot/profile_runs/L1_one_step/seed_167400/checkpoint.pt,True,True,False,False,False,mid_calibration_variant,m1680-spec-0041::tw1.5::finish_relaxed::max1.5::L1_one_step
m1680-spec-0041::tw1.5::finish_relaxed::max1.5::L2_window_13,m1680-spec-0041::tw1.5::finish_relaxed::max1.5,m1680-spec-0041,L2_window_13,T5,drive_loss_proxy|curved_boundary_obstacle,mapping_window_unspecified,drive_loss_proxy,t5_near_boundary_warmup,1.5,relaxed,1.5,runs/m1674_controller_family_one_seed_public_pilot/configs/L2_window_13_seed167400.json,runs/m1674_controller_family_one_seed_public_pilot/profile_runs/L2_window_13/seed_167400/checkpoint.pt,True,True,False,False,False,mid_calibration_variant,m1680-spec-0041::tw1.5::finish_relaxed::max1.5::L2_window_13
m1680-spec-0041::tw1.5::finish_relaxed::max1.5::L2_window_13_current_tiled,m1680-spec-0041::tw1.5::finish_relaxed::max1.5,m1680-spec-0041,L2_window_13_current_tiled,T5,drive_loss_proxy|curved_boundary_obstacle,mapping_window_unspecified,drive_loss_proxy,t5_near_boundary_warmup,1.5,relaxed,1.5,runs/m1674_controller_family_one_seed_public_pilot/configs/L2_window_13_current_tiled_seed167400.json,runs/m1674_controller_family_one_seed_public_pilot/profile_runs/L2_window_13_current_tiled/seed_167400/checkpoint.pt,True,True,False,False,False,mid_calibration_variant,m1680-spec-0041::tw1.5::finish_relaxed::max1.5::L2_window_13_current_tiled
m1680-spec-0041::tw1.5::finish_relaxed::max1.5::L2_window_25,m1680-spec-0041::tw1.5::finish_relaxed::max1.5,m1680-spec-0041,L2_window_25,T5,drive_loss_proxy|curved_boundary_obstacle,mapping_window_unspecified,drive_loss_proxy,t5_near_boundary_warmup,1.5,relaxed,1.5,runs/m1674_controller_family_one_seed_public_pilot/configs/L2_window_25_seed167400.json,runs/m1674_controller_family_one_seed_public_pilot/profile_runs/L2_window_25/seed_167400/checkpoint.pt,True,True,False,False,False,mid_calibration_variant,m1680-spec-0041::tw1.5::finish_relaxed::max1.5::L2_window_25
m1680-spec-0041::tw1.5::finish_relaxed::max1.5::L2_window_25_current_tiled,m1680-spec-0041::tw1.5::finish_relaxed::max1.5,m1680-spec-0041,L2_window_25_current_tiled,T5,drive_loss_proxy|curved_boundary_obstacle,mapping_window_unspecified,drive_loss_proxy,t5_near_boundary_warmup,1.5,relaxed,1.5,runs/m1674_controller_family_one_seed_public_pilot/configs/L2_window_25_current_tiled_seed167400.json,runs/m1674_controller_family_one_seed_public_pilot/profile_runs/L2_window_25_current_tiled/seed_167400/checkpoint.pt,True,True,False,False,False,mid_calibration_variant,m1680-spec-0041::tw1.5::finish_relaxed::max1.5::L2_window_25_current_tiled
m1680-spec-0041::tw1.5::finish_relaxed::max1.5::L2_window_50,m1680-spec-0041::tw1.5::finish_relaxed::max1.5,m1680-spec-0041,L2_window_50,T5,drive_loss_proxy|curved_boundary_obstacle,mapping_window_unspecified,drive_loss_proxy,t5_near_boundary_warmup,1.5,relaxed,1.5,runs/m1674_controller_family_one_seed_public_pilot/configs/L2_window_50_seed167400.json,runs/m1674_controller_family_one_seed_public_pilot/profile_runs/L2_window_50/seed_167400/checkpoint.pt,True,True,False,False,False,mid_calibration_variant,m1680-spec-0041::tw1.5::finish_relaxed::max1.5::L2_window_50
m1680-spec-0041::tw1.5::finish_relaxed::max1.5::L2_window_50_current_tiled,m1680-spec-0041::tw1.5::finish_relaxed::max1.5,m1680-spec-0041,L2_window_50_current_tiled,T5,drive_loss_proxy|curved_boundary_obstacle,mapping_window_unspecified,drive_loss_proxy,t5_near_boundary_warmup,1.5,relaxed,1.5,runs/m1674_controller_family_one_seed_public_pilot/configs/L2_window_50_current_tiled_seed167400.json,runs/m1674_controller_family_one_seed_public_pilot/profile_runs/L2_window_50_current_tiled/seed_167400/checkpoint.pt,True,True,False,False,False,mid_calibration_variant,m1680-spec-0041::tw1.5::finish_relaxed::max1.5::L2_window_50_current_tiled
m1680-spec-0041::tw1.5::finish_relaxed::max1.5::L2_window_100,m1680-spec-0041::tw1.5::finish_relaxed::max1.5,m1680-spec-0041,L2_window_100,T5,drive_loss_proxy|curved_boundary_obstacle,mapping_window_unspecified,drive_loss_proxy,t5_near_boundary_warmup,1.5,relaxed,1.5,runs/m1674_controller_family_one_seed_public_pilot/configs/L2_window_100_seed167400.json,runs/m1674_controller_family_one_seed_public_pilot/profile_runs/L2_window_100/seed_167400/checkpoint.pt,True,True,False,False,False,mid_calibration_variant,m1680-spec-0041::tw1.5::finish_relaxed::max1.5::L2_window_100
m1680-spec-0041::tw1.5::finish_relaxed::max1.5::L2_window_100_current_tiled,m1680-spec-0041::tw1.5::finish_relaxed::max1.5,m1680-spec-0041,L2_window_100_current_tiled,T5,drive_loss_proxy|curved_boundary_obstacle,mapping_window_unspecified,drive_loss_proxy,t5_near_boundary_warmup,1.5,relaxed,1.5,runs/m1674_controller_family_one_seed_public_pilot/configs/L2_window_100_current_tiled_seed167400.json,runs/m1674_controller_family_one_seed_public_pilot/profile_runs/L2_window_100_current_tiled/seed_167400/checkpoint.pt,True,True,False,False,False,mid_calibration_variant,m1680-spec-0041::tw1.5::finish_relaxed::max1.5::L2_window_100_current_tiled
m1680-spec-0041::tw1.5::finish_relaxed::max1.5::L3_online_gru,m1680-spec-0041::tw1.5::finish_relaxed::max1.5,m1680-spec-0041,L3_online_gru,T5,drive_loss_proxy|curved_boundary_obstacle,mapping_window_unspecified,drive_loss_proxy,t5_near_boundary_warmup,1.5,relaxed,1.5,runs/m1674_controller_family_one_seed_public_pilot/configs/L3_online_gru_seed167400.json,runs/m1674_controller_family_one_seed_public_pilot/profile_runs/L3_online_gru/seed_167400/checkpoint.pt,True,True,False,False,False,mid_calibration_variant,m1680-spec-0041::tw1.5::finish_relaxed::max1.5::L3_online_gru
m1680-spec-0041::tw1.5::finish_relaxed::max1.5::L3_reset_control_corrected,m1680-spec-0041::tw1.5::finish_relaxed::max1.5,m1680-spec-0041,L3_reset_control_corrected,T5,drive_loss_proxy|curved_boundary_obstacle,mapping_window_unspecified,drive_loss_proxy,t5_near_boundary_warmup,1.5,relaxed,1.5,runs/m1674_controller_family_one_seed_public_pilot/configs/L3_reset_control_corrected_seed167400.json,runs/m1674_controller_family_one_seed_public_pilot/profile_runs/L3_reset_control_corrected/seed_167400/checkpoint.pt,True,True,False,False,False,mid_calibration_variant,m1680-spec-0041::tw1.5::finish_relaxed::max1.5::L3_reset_control_corrected
m1680-spec-0041::tw2::finish_original::max1.5::L0_current_masked,m1680-spec-0041::tw2::finish_original::max1.5,m1680-spec-0041,L0_current_masked,T5,drive_loss_proxy|curved_boundary_obstacle,mapping_window_unspecified,drive_loss_proxy,t5_near_boundary_warmup,2.0,original,1.5,runs/m1674_controller_family_one_seed_public_pilot/configs/L0_current_masked_seed167400.json,runs/m1674_controller_family_one_seed_public_pilot/profile_runs/L0_current_masked/seed_167400/checkpoint.pt,True,True,False,False,False,best_off_track_variant,m1680-spec-0041::tw2::finish_original::max1.5::L0_current_masked
m1680-spec-0041::tw2::finish_original::max1.5::L1_one_step,m1680-spec-0041::tw2::finish_original::max1.5,m1680-spec-0041,L1_one_step,T5,drive_loss_proxy|curved_boundary_obstacle,mapping_window_unspecified,drive_loss_proxy,t5_near_boundary_warmup,2.0,original,1.5,runs/m1674_controller_family_one_seed_public_pilot/configs/L1_one_step_seed167400.json,runs/m1674_controller_family_one_seed_public_pilot/profile_runs/L1_one_step/seed_167400/checkpoint.pt,True,True,False,False,False,best_off_track_variant,m1680-spec-0041::tw2::finish_original::max1.5::L1_one_step
m1680-spec-0041::tw2::finish_original::max1.5::L2_window_13,m1680-spec-0041::tw2::finish_original::max1.5,m1680-spec-0041,L2_window_13,T5,drive_loss_proxy|curved_boundary_obstacle,mapping_window_unspecified,drive_loss_proxy,t5_near_boundary_warmup,2.0,original,1.5,runs/m1674_controller_family_one_seed_public_pilot/configs/L2_window_13_seed167400.json,runs/m1674_controller_family_one_seed_public_pilot/profile_runs/L2_window_13/seed_167400/checkpoint.pt,True,True,False,False,False,best_off_track_variant,m1680-spec-0041::tw2::finish_original::max1.5::L2_window_13
m1680-spec-0041::tw2::finish_original::max1.5::L2_window_13_current_tiled,m1680-spec-0041::tw2::finish_original::max1.5,m1680-spec-0041,L2_window_13_current_tiled,T5,drive_loss_proxy|curved_boundary_obstacle,mapping_window_unspecified,drive_loss_proxy,t5_near_boundary_warmup,2.0,original,1.5,runs/m1674_controller_family_one_seed_public_pilot/configs/L2_window_13_current_tiled_seed167400.json,runs/m1674_controller_family_one_seed_public_pilot/profile_runs/L2_window_13_current_tiled/seed_167400/checkpoint.pt,True,True,False,False,False,best_off_track_variant,m1680-spec-0041::tw2::finish_original::max1.5::L2_window_13_current_tiled
m1680-spec-0041::tw2::finish_original::max1.5::L2_window_25,m1680-spec-0041::tw2::finish_original::max1.5,m1680-spec-0041,L2_window_25,T5,drive_loss_proxy|curved_boundary_obstacle,mapping_window_unspecified,drive_loss_proxy,t5_near_boundary_warmup,2.0,original,1.5,runs/m1674_controller_family_one_seed_public_pilot/configs/L2_window_25_seed167400.json,runs/m1674_controller_family_one_seed_public_pilot/profile_runs/L2_window_25/seed_167400/checkpoint.pt,True,True,False,False,False,best_off_track_variant,m1680-spec-0041::tw2::finish_original::max1.5::L2_window_25
m1680-spec-0041::tw2::finish_original::max1.5::L2_window_25_current_tiled,m1680-spec-0041::tw2::finish_original::max1.5,m1680-spec-0041,L2_window_25_current_tiled,T5,drive_loss_proxy|curved_boundary_obstacle,mapping_window_unspecified,drive_loss_proxy,t5_near_boundary_warmup,2.0,original,1.5,runs/m1674_controller_family_one_seed_public_pilot/configs/L2_window_25_current_tiled_seed167400.json,runs/m1674_controller_family_one_seed_public_pilot/profile_runs/L2_window_25_current_tiled/seed_167400/checkpoint.pt,True,True,False,False,False,best_off_track_variant,m1680-spec-0041::tw2::finish_original::max1.5::L2_window_25_current_tiled
m1680-spec-0041::tw2::finish_original::max1.5::L2_window_50,m1680-spec-0041::tw2::finish_original::max1.5,m1680-spec-0041,L2_window_50,T5,drive_loss_proxy|curved_boundary_obstacle,mapping_window_unspecified,drive_loss_proxy,t5_near_boundary_warmup,2.0,original,1.5,runs/m1674_controller_family_one_seed_public_pilot/configs/L2_window_50_seed167400.json,runs/m1674_controller_family_one_seed_public_pilot/profile_runs/L2_window_50/seed_167400/checkpoint.pt,True,True,False,False,False,best_off_track_variant,m1680-spec-0041::tw2::finish_original::max1.5::L2_window_50
m1680-spec-0041::tw2::finish_original::max1.5::L2_window_50_current_tiled,m1680-spec-0041::tw2::finish_original::max1.5,m1680-spec-0041,L2_window_50_current_tiled,T5,drive_loss_proxy|curved_boundary_obstacle,mapping_window_unspecified,drive_loss_proxy,t5_near_boundary_warmup,2.0,original,1.5,runs/m1674_controller_family_one_seed_public_pilot/configs/L2_window_50_current_tiled_seed167400.json,runs/m1674_controller_family_one_seed_public_pilot/profile_runs/L2_window_50_current_tiled/seed_167400/checkpoint.pt,True,True,False,False,False,best_off_track_variant,m1680-spec-0041::tw2::finish_original::max1.5::L2_window_50_current_tiled
m1680-spec-0041::tw2::finish_original::max1.5::L2_window_100,m1680-spec-0041::tw2::finish_original::max1.5,m1680-spec-0041,L2_window_100,T5,drive_loss_proxy|curved_boundary_obstacle,mapping_window_unspecified,drive_loss_proxy,t5_near_boundary_warmup,2.0,original,1.5,runs/m1674_controller_family_one_seed_public_pilot/configs/L2_window_100_seed167400.json,runs/m1674_controller_family_one_seed_public_pilot/profile_runs/L2_window_100/seed_167400/checkpoint.pt,True,True,False,False,False,best_off_track_variant,m1680-spec-0041::tw2::finish_original::max1.5::L2_window_100
m1680-spec-0041::tw2::finish_original::max1.5::L2_window_100_current_tiled,m1680-spec-0041::tw2::finish_original::max1.5,m1680-spec-0041,L2_window_100_current_tiled,T5,drive_loss_proxy|curved_boundary_obstacle,mapping_window_unspecified,drive_loss_proxy,t5_near_boundary_warmup,2.0,original,1.5,runs/m1674_controller_family_one_seed_public_pilot/configs/L2_window_100_current_tiled_seed167400.json,runs/m1674_controller_family_one_seed_public_pilot/profile_runs/L2_window_100_current_tiled/seed_167400/checkpoint.pt,True,True,False,False,False,best_off_track_variant,m1680-spec-0041::tw2::finish_original::max1.5::L2_window_100_current_tiled
m1680-spec-0041::tw2::finish_original::max1.5::L3_online_gru,m1680-spec-0041::tw2::finish_original::max1.5,m1680-spec-0041,L3_online_gru,T5,drive_loss_proxy|curved_boundary_obstacle,mapping_window_unspecified,drive_loss_proxy,t5_near_boundary_warmup,2.0,original,1.5,runs/m1674_controller_family_one_seed_public_pilot/configs/L3_online_gru_seed167400.json,runs/m1674_controller_family_one_seed_public_pilot/profile_runs/L3_online_gru/seed_167400/checkpoint.pt,True,True,False,False,False,best_off_track_variant,m1680-spec-0041::tw2::finish_original::max1.5::L3_online_gru
m1680-spec-0041::tw2::finish_original::max1.5::L3_reset_control_corrected,m1680-spec-0041::tw2::finish_original::max1.5,m1680-spec-0041,L3_reset_control_corrected,T5,drive_loss_proxy|curved_boundary_obstacle,mapping_window_unspecified,drive_loss_proxy,t5_near_boundary_warmup,2.0,original,1.5,runs/m1674_controller_family_one_seed_public_pilot/configs/L3_reset_control_corrected_seed167400.json,runs/m1674_controller_family_one_seed_public_pilot/profile_runs/L3_reset_control_corrected/seed_167400/checkpoint.pt,True,True,False,False,False,best_off_track_variant,m1680-spec-0041::tw2::finish_original::max1.5::L3_reset_control_corrected
m1680-spec-0041::tw2::finish_relaxed::max1::L0_current_masked,m1680-spec-0041::tw2::finish_relaxed::max1,m1680-spec-0041,L0_current_masked,T5,drive_loss_proxy|curved_boundary_obstacle,mapping_window_unspecified,drive_loss_proxy,t5_near_boundary_warmup,2.0,relaxed,1.0,runs/m1674_controller_family_one_seed_public_pilot/configs/L0_current_masked_seed167400.json,runs/m1674_controller_family_one_seed_public_pilot/profile_runs/L0_current_masked/seed_167400/checkpoint.pt,True,True,False,False,False,collision_control_wide_relaxed,m1680-spec-0041::tw2::finish_relaxed::max1::L0_current_masked
m1680-spec-0041::tw2::finish_relaxed::max1::L1_one_step,m1680-spec-0041::tw2::finish_relaxed::max1,m1680-spec-0041,L1_one_step,T5,drive_loss_proxy|curved_boundary_obstacle,mapping_window_unspecified,drive_loss_proxy,t5_near_boundary_warmup,2.0,relaxed,1.0,runs/m1674_controller_family_one_seed_public_pilot/configs/L1_one_step_seed167400.json,runs/m1674_controller_family_one_seed_public_pilot/profile_runs/L1_one_step/seed_167400/checkpoint.pt,True,True,False,False,False,collision_control_wide_relaxed,m1680-spec-0041::tw2::finish_relaxed::max1::L1_one_step
m1680-spec-0041::tw2::finish_relaxed::max1::L2_window_13,m1680-spec-0041::tw2::finish_relaxed::max1,m1680-spec-0041,L2_window_13,T5,drive_loss_proxy|curved_boundary_obstacle,mapping_window_unspecified,drive_loss_proxy,t5_near_boundary_warmup,2.0,relaxed,1.0,runs/m1674_controller_family_one_seed_public_pilot/configs/L2_window_13_seed167400.json,runs/m1674_controller_family_one_seed_public_pilot/profile_runs/L2_window_13/seed_167400/checkpoint.pt,True,True,False,False,False,collision_control_wide_relaxed,m1680-spec-0041::tw2::finish_relaxed::max1::L2_window_13
m1680-spec-0041::tw2::finish_relaxed::max1::L2_window_13_current_tiled,m1680-spec-0041::tw2::finish_relaxed::max1,m1680-spec-0041,L2_window_13_current_tiled,T5,drive_loss_proxy|curved_boundary_obstacle,mapping_window_unspecified,drive_loss_proxy,t5_near_boundary_warmup,2.0,relaxed,1.0,runs/m1674_controller_family_one_seed_public_pilot/configs/L2_window_13_current_tiled_seed167400.json,runs/m1674_controller_family_one_seed_public_pilot/profile_runs/L2_window_13_current_tiled/seed_167400/checkpoint.pt,True,True,False,False,False,collision_control_wide_relaxed,m1680-spec-0041::tw2::finish_relaxed::max1::L2_window_13_current_tiled
m1680-spec-0041::tw2::finish_relaxed::max1::L2_window_25,m1680-spec-0041::tw2::finish_relaxed::max1,m1680-spec-0041,L2_window_25,T5,drive_loss_proxy|curved_boundary_obstacle,mapping_window_unspecified,drive_loss_proxy,t5_near_boundary_warmup,2.0,relaxed,1.0,runs/m1674_controller_family_one_seed_public_pilot/configs/L2_window_25_seed167400.json,runs/m1674_controller_family_one_seed_public_pilot/profile_runs/L2_window_25/seed_167400/checkpoint.pt,True,True,False,False,False,collision_control_wide_relaxed,m1680-spec-0041::tw2::finish_relaxed::max1::L2_window_25
m1680-spec-0041::tw2::finish_relaxed::max1::L2_window_25_current_tiled,m1680-spec-0041::tw2::finish_relaxed::max1,m1680-spec-0041,L2_window_25_current_tiled,T5,drive_loss_proxy|curved_boundary_obstacle,mapping_window_unspecified,drive_loss_proxy,t5_near_boundary_warmup,2.0,relaxed,1.0,runs/m1674_controller_family_one_seed_public_pilot/configs/L2_window_25_current_tiled_seed167400.json,runs/m1674_controller_family_one_seed_public_pilot/profile_runs/L2_window_25_current_tiled/seed_167400/checkpoint.pt,True,True,False,False,False,collision_control_wide_relaxed,m1680-spec-0041::tw2::finish_relaxed::max1::L2_window_25_current_tiled
m1680-spec-0041::tw2::finish_relaxed::max1::L2_window_50,m1680-spec-0041::tw2::finish_relaxed::max1,m1680-spec-0041,L2_window_50,T5,drive_loss_proxy|curved_boundary_obstacle,mapping_window_unspecified,drive_loss_proxy,t5_near_boundary_warmup,2.0,relaxed,1.0,runs/m1674_controller_family_one_seed_public_pilot/configs/L2_window_50_seed167400.json,runs/m1674_controller_family_one_seed_public_pilot/profile_runs/L2_window_50/seed_167400/checkpoint.pt,True,True,False,False,False,collision_control_wide_relaxed,m1680-spec-0041::tw2::finish_relaxed::max1::L2_window_50
m1680-spec-0041::tw2::finish_relaxed::max1::L2_window_50_current_tiled,m1680-spec-0041::tw2::finish_relaxed::max1,m1680-spec-0041,L2_window_50_current_tiled,T5,drive_loss_proxy|curved_boundary_obstacle,mapping_window_unspecified,drive_loss_proxy,t5_near_boundary_warmup,2.0,relaxed,1.0,runs/m1674_controller_family_one_seed_public_pilot/configs/L2_window_50_current_tiled_seed167400.json,runs/m1674_controller_family_one_seed_public_pilot/profile_runs/L2_window_50_current_tiled/seed_167400/checkpoint.pt,True,True,False,False,False,collision_control_wide_relaxed,m1680-spec-0041::tw2::finish_relaxed::max1::L2_window_50_current_tiled
m1680-spec-0041::tw2::finish_relaxed::max1::L2_window_100,m1680-spec-0041::tw2::finish_relaxed::max1,m1680-spec-0041,L2_window_100,T5,drive_loss_proxy|curved_boundary_obstacle,mapping_window_unspecified,drive_loss_proxy,t5_near_boundary_warmup,2.0,relaxed,1.0,runs/m1674_controller_family_one_seed_public_pilot/configs/L2_window_100_seed167400.json,runs/m1674_controller_family_one_seed_public_pilot/profile_runs/L2_window_100/seed_167400/checkpoint.pt,True,True,False,False,False,collision_control_wide_relaxed,m1680-spec-0041::tw2::finish_relaxed::max1::L2_window_100
m1680-spec-0041::tw2::finish_relaxed::max1::L2_window_100_current_tiled,m1680-spec-0041::tw2::finish_relaxed::max1,m1680-spec-0041,L2_window_100_current_tiled,T5,drive_loss_proxy|curved_boundary_obstacle,mapping_window_unspecified,drive_loss_proxy,t5_near_boundary_warmup,2.0,relaxed,1.0,runs/m1674_controller_family_one_seed_public_pilot/configs/L2_window_100_current_tiled_seed167400.json,runs/m1674_controller_family_one_seed_public_pilot/profile_runs/L2_window_100_current_tiled/seed_167400/checkpoint.pt,True,True,False,False,False,collision_control_wide_relaxed,m1680-spec-0041::tw2::finish_relaxed::max1::L2_window_100_current_tiled
m1680-spec-0041::tw2::finish_relaxed::max1::L3_online_gru,m1680-spec-0041::tw2::finish_relaxed::max1,m1680-spec-0041,L3_online_gru,T5,drive_loss_proxy|curved_boundary_obstacle,mapping_window_unspecified,drive_loss_proxy,t5_near_boundary_warmup,2.0,relaxed,1.0,runs/m1674_controller_family_one_seed_public_pilot/configs/L3_online_gru_seed167400.json,runs/m1674_controller_family_one_seed_public_pilot/profile_runs/L3_online_gru/seed_167400/checkpoint.pt,True,True,False,False,False,collision_control_wide_relaxed,m1680-spec-0041::tw2::finish_relaxed::max1::L3_online_gru
m1680-spec-0041::tw2::finish_relaxed::max1::L3_reset_control_corrected,m1680-spec-0041::tw2::finish_relaxed::max1,m1680-spec-0041,L3_reset_control_corrected,T5,drive_loss_proxy|curved_boundary_obstacle,mapping_window_unspecified,drive_loss_proxy,t5_near_boundary_warmup,2.0,relaxed,1.0,runs/m1674_controller_family_one_seed_public_pilot/configs/L3_reset_control_corrected_seed167400.json,runs/m1674_controller_family_one_seed_public_pilot/profile_runs/L3_reset_control_corrected/seed_167400/checkpoint.pt,True,True,False,False,False,collision_control_wide_relaxed,m1680-spec-0041::tw2::finish_relaxed::max1::L3_reset_control_corrected
m1680-spec-0042::tw1::finish_original::max1::L0_current_masked,m1680-spec-0042::tw1::finish_original::max1,m1680-spec-0042,L0_current_masked,T5,t5_boundary_axis_retarget|drive_loss_proxy,mapping_window_unspecified,t5_boundary_axis_retarget,t5_boundary_axis_retarget,1.0,original,1.0,runs/m1674_controller_family_one_seed_public_pilot/configs/L0_current_masked_seed167400.json,runs/m1674_controller_family_one_seed_public_pilot/profile_runs/L0_current_masked/seed_167400/checkpoint.pt,True,True,False,False,False,original_axis_baseline,m1680-spec-0042::tw1::finish_original::max1::L0_current_masked
m1680-spec-0042::tw1::finish_original::max1::L1_one_step,m1680-spec-0042::tw1::finish_original::max1,m1680-spec-0042,L1_one_step,T5,t5_boundary_axis_retarget|drive_loss_proxy,mapping_window_unspecified,t5_boundary_axis_retarget,t5_boundary_axis_retarget,1.0,original,1.0,runs/m1674_controller_family_one_seed_public_pilot/configs/L1_one_step_seed167400.json,runs/m1674_controller_family_one_seed_public_pilot/profile_runs/L1_one_step/seed_167400/checkpoint.pt,True,True,False,False,False,original_axis_baseline,m1680-spec-0042::tw1::finish_original::max1::L1_one_step
m1680-spec-0042::tw1::finish_original::max1::L2_window_13,m1680-spec-0042::tw1::finish_original::max1,m1680-spec-0042,L2_window_13,T5,t5_boundary_axis_retarget|drive_loss_proxy,mapping_window_unspecified,t5_boundary_axis_retarget,t5_boundary_axis_retarget,1.0,original,1.0,runs/m1674_controller_family_one_seed_public_pilot/configs/L2_window_13_seed167400.json,runs/m1674_controller_family_one_seed_public_pilot/profile_runs/L2_window_13/seed_167400/checkpoint.pt,True,True,False,False,False,original_axis_baseline,m1680-spec-0042::tw1::finish_original::max1::L2_window_13
m1680-spec-0042::tw1::finish_original::max1::L2_window_13_current_tiled,m1680-spec-0042::tw1::finish_original::max1,m1680-spec-0042,L2_window_13_current_tiled,T5,t5_boundary_axis_retarget|drive_loss_proxy,mapping_window_unspecified,t5_boundary_axis_retarget,t5_boundary_axis_retarget,1.0,original,1.0,runs/m1674_controller_family_one_seed_public_pilot/configs/L2_window_13_current_tiled_seed167400.json,runs/m1674_controller_family_one_seed_public_pilot/profile_runs/L2_window_13_current_tiled/seed_167400/checkpoint.pt,True,True,False,False,False,original_axis_baseline,m1680-spec-0042::tw1::finish_original::max1::L2_window_13_current_tiled
m1680-spec-0042::tw1::finish_original::max1::L2_window_25,m1680-spec-0042::tw1::finish_original::max1,m1680-spec-0042,L2_window_25,T5,t5_boundary_axis_retarget|drive_loss_proxy,mapping_window_unspecified,t5_boundary_axis_retarget,t5_boundary_axis_retarget,1.0,original,1.0,runs/m1674_controller_family_one_seed_public_pilot/configs/L2_window_25_seed167400.json,runs/m1674_controller_family_one_seed_public_pilot/profile_runs/L2_window_25/seed_167400/checkpoint.pt,True,True,False,False,False,original_axis_baseline,m1680-spec-0042::tw1::finish_original::max1::L2_window_25
m1680-spec-0042::tw1::finish_original::max1::L2_window_25_current_tiled,m1680-spec-0042::tw1::finish_original::max1,m1680-spec-0042,L2_window_25_current_tiled,T5,t5_boundary_axis_retarget|drive_loss_proxy,mapping_window_unspecified,t5_boundary_axis_retarget,t5_boundary_axis_retarget,1.0,original,1.0,runs/m1674_controller_family_one_seed_public_pilot/configs/L2_window_25_current_tiled_seed167400.json,runs/m1674_controller_family_one_seed_public_pilot/profile_runs/L2_window_25_current_tiled/seed_167400/checkpoint.pt,True,True,False,False,False,original_axis_baseline,m1680-spec-0042::tw1::finish_original::max1::L2_window_25_current_tiled
m1680-spec-0042::tw1::finish_original::max1::L2_window_50,m1680-spec-0042::tw1::finish_original::max1,m1680-spec-0042,L2_window_50,T5,t5_boundary_axis_retarget|drive_loss_proxy,mapping_window_unspecified,t5_boundary_axis_retarget,t5_boundary_axis_retarget,1.0,original,1.0,runs/m1674_controller_family_one_seed_public_pilot/configs/L2_window_50_seed167400.json,runs/m1674_controller_family_one_seed_public_pilot/profile_runs/L2_window_50/seed_167400/checkpoint.pt,True,True,False,False,False,original_axis_baseline,m1680-spec-0042::tw1::finish_original::max1::L2_window_50
m1680-spec-0042::tw1::finish_original::max1::L2_window_50_current_tiled,m1680-spec-0042::tw1::finish_original::max1,m1680-spec-0042,L2_window_50_current_tiled,T5,t5_boundary_axis_retarget|drive_loss_proxy,mapping_window_unspecified,t5_boundary_axis_retarget,t5_boundary_axis_retarget,1.0,original,1.0,runs/m1674_controller_family_one_seed_public_pilot/configs/L2_window_50_current_tiled_seed167400.json,runs/m1674_controller_family_one_seed_public_pilot/profile_runs/L2_window_50_current_tiled/seed_167400/checkpoint.pt,True,True,False,False,False,original_axis_baseline,m1680-spec-0042::tw1::finish_original::max1::L2_window_50_current_tiled
m1680-spec-0042::tw1::finish_original::max1::L2_window_100,m1680-spec-0042::tw1::finish_original::max1,m1680-spec-0042,L2_window_100,T5,t5_boundary_axis_retarget|drive_loss_proxy,mapping_window_unspecified,t5_boundary_axis_retarget,t5_boundary_axis_retarget,1.0,original,1.0,runs/m1674_controller_family_one_seed_public_pilot/configs/L2_window_100_seed167400.json,runs/m1674_controller_family_one_seed_public_pilot/profile_runs/L2_window_100/seed_167400/checkpoint.pt,True,True,False,False,False,original_axis_baseline,m1680-spec-0042::tw1::finish_original::max1::L2_window_100
m1680-spec-0042::tw1::finish_original::max1::L2_window_100_current_tiled,m1680-spec-0042::tw1::finish_original::max1,m1680-spec-0042,L2_window_100_current_tiled,T5,t5_boundary_axis_retarget|drive_loss_proxy,mapping_window_unspecified,t5_boundary_axis_retarget,t5_boundary_axis_retarget,1.0,original,1.0,runs/m1674_controller_family_one_seed_public_pilot/configs/L2_window_100_current_tiled_seed167400.json,runs/m1674_controller_family_one_seed_public_pilot/profile_runs/L2_window_100_current_tiled/seed_167400/checkpoint.pt,True,True,False,False,False,original_axis_baseline,m1680-spec-0042::tw1::finish_original::max1::L2_window_100_current_tiled
m1680-spec-0042::tw1::finish_original::max1::L3_online_gru,m1680-spec-0042::tw1::finish_original::max1,m1680-spec-0042,L3_online_gru,T5,t5_boundary_axis_retarget|drive_loss_proxy,mapping_window_unspecified,t5_boundary_axis_retarget,t5_boundary_axis_retarget,1.0,original,1.0,runs/m1674_controller_family_one_seed_public_pilot/configs/L3_online_gru_seed167400.json,runs/m1674_controller_family_one_seed_public_pilot/profile_runs/L3_online_gru/seed_167400/checkpoint.pt,True,True,False,False,False,original_axis_baseline,m1680-spec-0042::tw1::finish_original::max1::L3_online_gru
m1680-spec-0042::tw1::finish_original::max1::L3_reset_control_corrected,m1680-spec-0042::tw1::finish_original::max1,m1680-spec-0042,L3_reset_control_corrected,T5,t5_boundary_axis_retarget|drive_loss_proxy,mapping_window_unspecified,t5_boundary_axis_retarget,t5_boundary_axis_retarget,1.0,original,1.0,runs/m1674_controller_family_one_seed_public_pilot/configs/L3_reset_control_corrected_seed167400.json,runs/m1674_controller_family_one_seed_public_pilot/profile_runs/L3_reset_control_corrected/seed_167400/checkpoint.pt,True,True,False,False,False,original_axis_baseline,m1680-spec-0042::tw1::finish_original::max1::L3_reset_control_corrected
m1680-spec-0042::tw1.5::finish_relaxed::max1.5::L0_current_masked,m1680-spec-0042::tw1.5::finish_relaxed::max1.5,m1680-spec-0042,L0_current_masked,T5,t5_boundary_axis_retarget|drive_loss_proxy,mapping_window_unspecified,t5_boundary_axis_retarget,t5_boundary_axis_retarget,1.5,relaxed,1.5,runs/m1674_controller_family_one_seed_public_pilot/configs/L0_current_masked_seed167400.json,runs/m1674_controller_family_one_seed_public_pilot/profile_runs/L0_current_masked/seed_167400/checkpoint.pt,True,True,False,False,False,mid_calibration_variant,m1680-spec-0042::tw1.5::finish_relaxed::max1.5::L0_current_masked
m1680-spec-0042::tw1.5::finish_relaxed::max1.5::L1_one_step,m1680-spec-0042::tw1.5::finish_relaxed::max1.5,m1680-spec-0042,L1_one_step,T5,t5_boundary_axis_retarget|drive_loss_proxy,mapping_window_unspecified,t5_boundary_axis_retarget,t5_boundary_axis_retarget,1.5,relaxed,1.5,runs/m1674_controller_family_one_seed_public_pilot/configs/L1_one_step_seed167400.json,runs/m1674_controller_family_one_seed_public_pilot/profile_runs/L1_one_step/seed_167400/checkpoint.pt,True,True,False,False,False,mid_calibration_variant,m1680-spec-0042::tw1.5::finish_relaxed::max1.5::L1_one_step
m1680-spec-0042::tw1.5::finish_relaxed::max1.5::L2_window_13,m1680-spec-0042::tw1.5::finish_relaxed::max1.5,m1680-spec-0042,L2_window_13,T5,t5_boundary_axis_retarget|drive_loss_proxy,mapping_window_unspecified,t5_boundary_axis_retarget,t5_boundary_axis_retarget,1.5,relaxed,1.5,runs/m1674_controller_family_one_seed_public_pilot/configs/L2_window_13_seed167400.json,runs/m1674_controller_family_one_seed_public_pilot/profile_runs/L2_window_13/seed_167400/checkpoint.pt,True,True,False,False,False,mid_calibration_variant,m1680-spec-0042::tw1.5::finish_relaxed::max1.5::L2_window_13
m1680-spec-0042::tw1.5::finish_relaxed::max1.5::L2_window_13_current_tiled,m1680-spec-0042::tw1.5::finish_relaxed::max1.5,m1680-spec-0042,L2_window_13_current_tiled,T5,t5_boundary_axis_retarget|drive_loss_proxy,mapping_window_unspecified,t5_boundary_axis_retarget,t5_boundary_axis_retarget,1.5,relaxed,1.5,runs/m1674_controller_family_one_seed_public_pilot/configs/L2_window_13_current_tiled_seed167400.json,runs/m1674_controller_family_one_seed_public_pilot/profile_runs/L2_window_13_current_tiled/seed_167400/checkpoint.pt,True,True,False,False,False,mid_calibration_variant,m1680-spec-0042::tw1.5::finish_relaxed::max1.5::L2_window_13_current_tiled
m1680-spec-0042::tw1.5::finish_relaxed::max1.5::L2_window_25,m1680-spec-0042::tw1.5::finish_relaxed::max1.5,m1680-spec-0042,L2_window_25,T5,t5_boundary_axis_retarget|drive_loss_proxy,mapping_window_unspecified,t5_boundary_axis_retarget,t5_boundary_axis_retarget,1.5,relaxed,1.5,runs/m1674_controller_family_one_seed_public_pilot/configs/L2_window_25_seed167400.json,runs/m1674_controller_family_one_seed_public_pilot/profile_runs/L2_window_25/seed_167400/checkpoint.pt,True,True,False,False,False,mid_calibration_variant,m1680-spec-0042::tw1.5::finish_relaxed::max1.5::L2_window_25
m1680-spec-0042::tw1.5::finish_relaxed::max1.5::L2_window_25_current_tiled,m1680-spec-0042::tw1.5::finish_relaxed::max1.5,m1680-spec-0042,L2_window_25_current_tiled,T5,t5_boundary_axis_retarget|drive_loss_proxy,mapping_window_unspecified,t5_boundary_axis_retarget,t5_boundary_axis_retarget,1.5,relaxed,1.5,runs/m1674_controller_family_one_seed_public_pilot/configs/L2_window_25_current_tiled_seed167400.json,runs/m1674_controller_family_one_seed_public_pilot/profile_runs/L2_window_25_current_tiled/seed_167400/checkpoint.pt,True,True,False,False,False,mid_calibration_variant,m1680-spec-0042::tw1.5::finish_relaxed::max1.5::L2_window_25_current_tiled
m1680-spec-0042::tw1.5::finish_relaxed::max1.5::L2_window_50,m1680-spec-0042::tw1.5::finish_relaxed::max1.5,m1680-spec-0042,L2_window_50,T5,t5_boundary_axis_retarget|drive_loss_proxy,mapping_window_unspecified,t5_boundary_axis_retarget,t5_boundary_axis_retarget,1.5,relaxed,1.5,runs/m1674_controller_family_one_seed_public_pilot/configs/L2_window_50_seed167400.json,runs/m1674_controller_family_one_seed_public_pilot/profile_runs/L2_window_50/seed_167400/checkpoint.pt,True,True,False,False,False,mid_calibration_variant,m1680-spec-0042::tw1.5::finish_relaxed::max1.5::L2_window_50
m1680-spec-0042::tw1.5::finish_relaxed::max1.5::L2_window_50_current_tiled,m1680-spec-0042::tw1.5::finish_relaxed::max1.5,m1680-spec-0042,L2_window_50_current_tiled,T5,t5_boundary_axis_retarget|drive_loss_proxy,mapping_window_unspecified,t5_boundary_axis_retarget,t5_boundary_axis_retarget,1.5,relaxed,1.5,runs/m1674_controller_family_one_seed_public_pilot/configs/L2_window_50_current_tiled_seed167400.json,runs/m1674_controller_family_one_seed_public_pilot/profile_runs/L2_window_50_current_tiled/seed_167400/checkpoint.pt,True,True,False,False,False,mid_calibration_variant,m1680-spec-0042::tw1.5::finish_relaxed::max1.5::L2_window_50_current_tiled
m1680-spec-0042::tw1.5::finish_relaxed::max1.5::L2_window_100,m1680-spec-0042::tw1.5::finish_relaxed::max1.5,m1680-spec-0042,L2_window_100,T5,t5_boundary_axis_retarget|drive_loss_proxy,mapping_window_unspecified,t5_boundary_axis_retarget,t5_boundary_axis_retarget,1.5,relaxed,1.5,runs/m1674_controller_family_one_seed_public_pilot/configs/L2_window_100_seed167400.json,runs/m1674_controller_family_one_seed_public_pilot/profile_runs/L2_window_100/seed_167400/checkpoint.pt,True,True,False,False,False,mid_calibration_variant,m1680-spec-0042::tw1.5::finish_relaxed::max1.5::L2_window_100
m1680-spec-0042::tw1.5::finish_relaxed::max1.5::L2_window_100_current_tiled,m1680-spec-0042::tw1.5::finish_relaxed::max1.5,m1680-spec-0042,L2_window_100_current_tiled,T5,t5_boundary_axis_retarget|drive_loss_proxy,mapping_window_unspecified,t5_boundary_axis_retarget,t5_boundary_axis_retarget,1.5,relaxed,1.5,runs/m1674_controller_family_one_seed_public_pilot/configs/L2_window_100_current_tiled_seed167400.json,runs/m1674_controller_family_one_seed_public_pilot/profile_runs/L2_window_100_current_tiled/seed_167400/checkpoint.pt,True,True,False,False,False,mid_calibration_variant,m1680-spec-0042::tw1.5::finish_relaxed::max1.5::L2_window_100_current_tiled
m1680-spec-0042::tw1.5::finish_relaxed::max1.5::L3_online_gru,m1680-spec-0042::tw1.5::finish_relaxed::max1.5,m1680-spec-0042,L3_online_gru,T5,t5_boundary_axis_retarget|drive_loss_proxy,mapping_window_unspecified,t5_boundary_axis_retarget,t5_boundary_axis_retarget,1.5,relaxed,1.5,runs/m1674_controller_family_one_seed_public_pilot/configs/L3_online_gru_seed167400.json,runs/m1674_controller_family_one_seed_public_pilot/profile_runs/L3_online_gru/seed_167400/checkpoint.pt,True,True,False,False,False,mid_calibration_variant,m1680-spec-0042::tw1.5::finish_relaxed::max1.5::L3_online_gru
m1680-spec-0042::tw1.5::finish_relaxed::max1.5::L3_reset_control_corrected,m1680-spec-0042::tw1.5::finish_relaxed::max1.5,m1680-spec-0042,L3_reset_control_corrected,T5,t5_boundary_axis_retarget|drive_loss_proxy,mapping_window_unspecified,t5_boundary_axis_retarget,t5_boundary_axis_retarget,1.5,relaxed,1.5,runs/m1674_controller_family_one_seed_public_pilot/configs/L3_reset_control_corrected_seed167400.json,runs/m1674_controller_family_one_seed_public_pilot/profile_runs/L3_reset_control_corrected/seed_167400/checkpoint.pt,True,True,False,False,False,mid_calibration_variant,m1680-spec-0042::tw1.5::finish_relaxed::max1.5::L3_reset_control_corrected
m1680-spec-0042::tw2::finish_original::max1.5::L0_current_masked,m1680-spec-0042::tw2::finish_original::max1.5,m1680-spec-0042,L0_current_masked,T5,t5_boundary_axis_retarget|drive_loss_proxy,mapping_window_unspecified,t5_boundary_axis_retarget,t5_boundary_axis_retarget,2.0,original,1.5,runs/m1674_controller_family_one_seed_public_pilot/configs/L0_current_masked_seed167400.json,runs/m1674_controller_family_one_seed_public_pilot/profile_runs/L0_current_masked/seed_167400/checkpoint.pt,True,True,False,False,False,best_off_track_variant,m1680-spec-0042::tw2::finish_original::max1.5::L0_current_masked
m1680-spec-0042::tw2::finish_original::max1.5::L1_one_step,m1680-spec-0042::tw2::finish_original::max1.5,m1680-spec-0042,L1_one_step,T5,t5_boundary_axis_retarget|drive_loss_proxy,mapping_window_unspecified,t5_boundary_axis_retarget,t5_boundary_axis_retarget,2.0,original,1.5,runs/m1674_controller_family_one_seed_public_pilot/configs/L1_one_step_seed167400.json,runs/m1674_controller_family_one_seed_public_pilot/profile_runs/L1_one_step/seed_167400/checkpoint.pt,True,True,False,False,False,best_off_track_variant,m1680-spec-0042::tw2::finish_original::max1.5::L1_one_step
m1680-spec-0042::tw2::finish_original::max1.5::L2_window_13,m1680-spec-0042::tw2::finish_original::max1.5,m1680-spec-0042,L2_window_13,T5,t5_boundary_axis_retarget|drive_loss_proxy,mapping_window_unspecified,t5_boundary_axis_retarget,t5_boundary_axis_retarget,2.0,original,1.5,runs/m1674_controller_family_one_seed_public_pilot/configs/L2_window_13_seed167400.json,runs/m1674_controller_family_one_seed_public_pilot/profile_runs/L2_window_13/seed_167400/checkpoint.pt,True,True,False,False,False,best_off_track_variant,m1680-spec-0042::tw2::finish_original::max1.5::L2_window_13
m1680-spec-0042::tw2::finish_original::max1.5::L2_window_13_current_tiled,m1680-spec-0042::tw2::finish_original::max1.5,m1680-spec-0042,L2_window_13_current_tiled,T5,t5_boundary_axis_retarget|drive_loss_proxy,mapping_window_unspecified,t5_boundary_axis_retarget,t5_boundary_axis_retarget,2.0,original,1.5,runs/m1674_controller_family_one_seed_public_pilot/configs/L2_window_13_current_tiled_seed167400.json,runs/m1674_controller_family_one_seed_public_pilot/profile_runs/L2_window_13_current_tiled/seed_167400/checkpoint.pt,True,True,False,False,False,best_off_track_variant,m1680-spec-0042::tw2::finish_original::max1.5::L2_window_13_current_tiled
m1680-spec-0042::tw2::finish_original::max1.5::L2_window_25,m1680-spec-0042::tw2::finish_original::max1.5,m1680-spec-0042,L2_window_25,T5,t5_boundary_axis_retarget|drive_loss_proxy,mapping_window_unspecified,t5_boundary_axis_retarget,t5_boundary_axis_retarget,2.0,original,1.5,runs/m1674_controller_family_one_seed_public_pilot/configs/L2_window_25_seed167400.json,runs/m1674_controller_family_one_seed_public_pilot/profile_runs/L2_window_25/seed_167400/checkpoint.pt,True,True,False,False,False,best_off_track_variant,m1680-spec-0042::tw2::finish_original::max1.5::L2_window_25
m1680-spec-0042::tw2::finish_original::max1.5::L2_window_25_current_tiled,m1680-spec-0042::tw2::finish_original::max1.5,m1680-spec-0042,L2_window_25_current_tiled,T5,t5_boundary_axis_retarget|drive_loss_proxy,mapping_window_unspecified,t5_boundary_axis_retarget,t5_boundary_axis_retarget,2.0,original,1.5,runs/m1674_controller_family_one_seed_public_pilot/configs/L2_window_25_current_tiled_seed167400.json,runs/m1674_controller_family_one_seed_public_pilot/profile_runs/L2_window_25_current_tiled/seed_167400/checkpoint.pt,True,True,False,False,False,best_off_track_variant,m1680-spec-0042::tw2::finish_original::max1.5::L2_window_25_current_tiled
m1680-spec-0042::tw2::finish_original::max1.5::L2_window_50,m1680-spec-0042::tw2::finish_original::max1.5,m1680-spec-0042,L2_window_50,T5,t5_boundary_axis_retarget|drive_loss_proxy,mapping_window_unspecified,t5_boundary_axis_retarget,t5_boundary_axis_retarget,2.0,original,1.5,runs/m1674_controller_family_one_seed_public_pilot/configs/L2_window_50_seed167400.json,runs/m1674_controller_family_one_seed_public_pilot/profile_runs/L2_window_50/seed_167400/checkpoint.pt,True,True,False,False,False,best_off_track_variant,m1680-spec-0042::tw2::finish_original::max1.5::L2_window_50
m1680-spec-0042::tw2::finish_original::max1.5::L2_window_50_current_tiled,m1680-spec-0042::tw2::finish_original::max1.5,m1680-spec-0042,L2_window_50_current_tiled,T5,t5_boundary_axis_retarget|drive_loss_proxy,mapping_window_unspecified,t5_boundary_axis_retarget,t5_boundary_axis_retarget,2.0,original,1.5,runs/m1674_controller_family_one_seed_public_pilot/configs/L2_window_50_current_tiled_seed167400.json,runs/m1674_controller_family_one_seed_public_pilot/profile_runs/L2_window_50_current_tiled/seed_167400/checkpoint.pt,True,True,False,False,False,best_off_track_variant,m1680-spec-0042::tw2::finish_original::max1.5::L2_window_50_current_tiled
m1680-spec-0042::tw2::finish_original::max1.5::L2_window_100,m1680-spec-0042::tw2::finish_original::max1.5,m1680-spec-0042,L2_window_100,T5,t5_boundary_axis_retarget|drive_loss_proxy,mapping_window_unspecified,t5_boundary_axis_retarget,t5_boundary_axis_retarget,2.0,original,1.5,runs/m1674_controller_family_one_seed_public_pilot/configs/L2_window_100_seed167400.json,runs/m1674_controller_family_one_seed_public_pilot/profile_runs/L2_window_100/seed_167400/checkpoint.pt,True,True,False,False,False,best_off_track_variant,m1680-spec-0042::tw2::finish_original::max1.5::L2_window_100
m1680-spec-0042::tw2::finish_original::max1.5::L2_window_100_current_tiled,m1680-spec-0042::tw2::finish_original::max1.5,m1680-spec-0042,L2_window_100_current_tiled,T5,t5_boundary_axis_retarget|drive_loss_proxy,mapping_window_unspecified,t5_boundary_axis_retarget,t5_boundary_axis_retarget,2.0,original,1.5,runs/m1674_controller_family_one_seed_public_pilot/configs/L2_window_100_current_tiled_seed167400.json,runs/m1674_controller_family_one_seed_public_pilot/profile_runs/L2_window_100_current_tiled/seed_167400/checkpoint.pt,True,True,False,False,False,best_off_track_variant,m1680-spec-0042::tw2::finish_original::max1.5::L2_window_100_current_tiled
m1680-spec-0042::tw2::finish_original::max1.5::L3_online_gru,m1680-spec-0042::tw2::finish_original::max1.5,m1680-spec-0042,L3_online_gru,T5,t5_boundary_axis_retarget|drive_loss_proxy,mapping_window_unspecified,t5_boundary_axis_retarget,t5_boundary_axis_retarget,2.0,original,1.5,runs/m1674_controller_family_one_seed_public_pilot/configs/L3_online_gru_seed167400.json,runs/m1674_controller_family_one_seed_public_pilot/profile_runs/L3_online_gru/seed_167400/checkpoint.pt,True,True,False,False,False,best_off_track_variant,m1680-spec-0042::tw2::finish_original::max1.5::L3_online_gru
m1680-spec-0042::tw2::finish_original::max1.5::L3_reset_control_corrected,m1680-spec-0042::tw2::finish_original::max1.5,m1680-spec-0042,L3_reset_control_corrected,T5,t5_boundary_axis_retarget|drive_loss_proxy,mapping_window_unspecified,t5_boundary_axis_retarget,t5_boundary_axis_retarget,2.0,original,1.5,runs/m1674_controller_family_one_seed_public_pilot/configs/L3_reset_control_corrected_seed167400.json,runs/m1674_controller_family_one_seed_public_pilot/profile_runs/L3_reset_control_corrected/seed_167400/checkpoint.pt,True,True,False,False,False,best_off_track_variant,m1680-spec-0042::tw2::finish_original::max1.5::L3_reset_control_corrected
m1680-spec-0042::tw2::finish_relaxed::max1::L0_current_masked,m1680-spec-0042::tw2::finish_relaxed::max1,m1680-spec-0042,L0_current_masked,T5,t5_boundary_axis_retarget|drive_loss_proxy,mapping_window_unspecified,t5_boundary_axis_retarget,t5_boundary_axis_retarget,2.0,relaxed,1.0,runs/m1674_controller_family_one_seed_public_pilot/configs/L0_current_masked_seed167400.json,runs/m1674_controller_family_one_seed_public_pilot/profile_runs/L0_current_masked/seed_167400/checkpoint.pt,True,True,False,False,False,collision_control_wide_relaxed,m1680-spec-0042::tw2::finish_relaxed::max1::L0_current_masked
m1680-spec-0042::tw2::finish_relaxed::max1::L1_one_step,m1680-spec-0042::tw2::finish_relaxed::max1,m1680-spec-0042,L1_one_step,T5,t5_boundary_axis_retarget|drive_loss_proxy,mapping_window_unspecified,t5_boundary_axis_retarget,t5_boundary_axis_retarget,2.0,relaxed,1.0,runs/m1674_controller_family_one_seed_public_pilot/configs/L1_one_step_seed167400.json,runs/m1674_controller_family_one_seed_public_pilot/profile_runs/L1_one_step/seed_167400/checkpoint.pt,True,True,False,False,False,collision_control_wide_relaxed,m1680-spec-0042::tw2::finish_relaxed::max1::L1_one_step
m1680-spec-0042::tw2::finish_relaxed::max1::L2_window_13,m1680-spec-0042::tw2::finish_relaxed::max1,m1680-spec-0042,L2_window_13,T5,t5_boundary_axis_retarget|drive_loss_proxy,mapping_window_unspecified,t5_boundary_axis_retarget,t5_boundary_axis_retarget,2.0,relaxed,1.0,runs/m1674_controller_family_one_seed_public_pilot/configs/L2_window_13_seed167400.json,runs/m1674_controller_family_one_seed_public_pilot/profile_runs/L2_window_13/seed_167400/checkpoint.pt,True,True,False,False,False,collision_control_wide_relaxed,m1680-spec-0042::tw2::finish_relaxed::max1::L2_window_13
m1680-spec-0042::tw2::finish_relaxed::max1::L2_window_13_current_tiled,m1680-spec-0042::tw2::finish_relaxed::max1,m1680-spec-0042,L2_window_13_current_tiled,T5,t5_boundary_axis_retarget|drive_loss_proxy,mapping_window_unspecified,t5_boundary_axis_retarget,t5_boundary_axis_retarget,2.0,relaxed,1.0,runs/m1674_controller_family_one_seed_public_pilot/configs/L2_window_13_current_tiled_seed167400.json,runs/m1674_controller_family_one_seed_public_pilot/profile_runs/L2_window_13_current_tiled/seed_167400/checkpoint.pt,True,True,False,False,False,collision_control_wide_relaxed,m1680-spec-0042::tw2::finish_relaxed::max1::L2_window_13_current_tiled
m1680-spec-0042::tw2::finish_relaxed::max1::L2_window_25,m1680-spec-0042::tw2::finish_relaxed::max1,m1680-spec-0042,L2_window_25,T5,t5_boundary_axis_retarget|drive_loss_proxy,mapping_window_unspecified,t5_boundary_axis_retarget,t5_boundary_axis_retarget,2.0,relaxed,1.0,runs/m1674_controller_family_one_seed_public_pilot/configs/L2_window_25_seed167400.json,runs/m1674_controller_family_one_seed_public_pilot/profile_runs/L2_window_25/seed_167400/checkpoint.pt,True,True,False,False,False,collision_control_wide_relaxed,m1680-spec-0042::tw2::finish_relaxed::max1::L2_window_25
m1680-spec-0042::tw2::finish_relaxed::max1::L2_window_25_current_tiled,m1680-spec-0042::tw2::finish_relaxed::max1,m1680-spec-0042,L2_window_25_current_tiled,T5,t5_boundary_axis_retarget|drive_loss_proxy,mapping_window_unspecified,t5_boundary_axis_retarget,t5_boundary_axis_retarget,2.0,relaxed,1.0,runs/m1674_controller_family_one_seed_public_pilot/configs/L2_window_25_current_tiled_seed167400.json,runs/m1674_controller_family_one_seed_public_pilot/profile_runs/L2_window_25_current_tiled/seed_167400/checkpoint.pt,True,True,False,False,False,collision_control_wide_relaxed,m1680-spec-0042::tw2::finish_relaxed::max1::L2_window_25_current_tiled
m1680-spec-0042::tw2::finish_relaxed::max1::L2_window_50,m1680-spec-0042::tw2::finish_relaxed::max1,m1680-spec-0042,L2_window_50,T5,t5_boundary_axis_retarget|drive_loss_proxy,mapping_window_unspecified,t5_boundary_axis_retarget,t5_boundary_axis_retarget,2.0,relaxed,1.0,runs/m1674_controller_family_one_seed_public_pilot/configs/L2_window_50_seed167400.json,runs/m1674_controller_family_one_seed_public_pilot/profile_runs/L2_window_50/seed_167400/checkpoint.pt,True,True,False,False,False,collision_control_wide_relaxed,m1680-spec-0042::tw2::finish_relaxed::max1::L2_window_50
m1680-spec-0042::tw2::finish_relaxed::max1::L2_window_50_current_tiled,m1680-spec-0042::tw2::finish_relaxed::max1,m1680-spec-0042,L2_window_50_current_tiled,T5,t5_boundary_axis_retarget|drive_loss_proxy,mapping_window_unspecified,t5_boundary_axis_retarget,t5_boundary_axis_retarget,2.0,relaxed,1.0,runs/m1674_controller_family_one_seed_public_pilot/configs/L2_window_50_current_tiled_seed167400.json,runs/m1674_controller_family_one_seed_public_pilot/profile_runs/L2_window_50_current_tiled/seed_167400/checkpoint.pt,True,True,False,False,False,collision_control_wide_relaxed,m1680-spec-0042::tw2::finish_relaxed::max1::L2_window_50_current_tiled
m1680-spec-0042::tw2::finish_relaxed::max1::L2_window_100,m1680-spec-0042::tw2::finish_relaxed::max1,m1680-spec-0042,L2_window_100,T5,t5_boundary_axis_retarget|drive_loss_proxy,mapping_window_unspecified,t5_boundary_axis_retarget,t5_boundary_axis_retarget,2.0,relaxed,1.0,runs/m1674_controller_family_one_seed_public_pilot/configs/L2_window_100_seed167400.json,runs/m1674_controller_family_one_seed_public_pilot/profile_runs/L2_window_100/seed_167400/checkpoint.pt,True,True,False,False,False,collision_control_wide_relaxed,m1680-spec-0042::tw2::finish_relaxed::max1::L2_window_100
m1680-spec-0042::tw2::finish_relaxed::max1::L2_window_100_current_tiled,m1680-spec-0042::tw2::finish_relaxed::max1,m1680-spec-0042,L2_window_100_current_tiled,T5,t5_boundary_axis_retarget|drive_loss_proxy,mapping_window_unspecified,t5_boundary_axis_retarget,t5_boundary_axis_retarget,2.0,relaxed,1.0,runs/m1674_controller_family_one_seed_public_pilot/configs/L2_window_100_current_tiled_seed167400.json,runs/m1674_controller_family_one_seed_public_pilot/profile_runs/L2_window_100_current_tiled/seed_167400/checkpoint.pt,True,True,False,False,False,collision_control_wide_relaxed,m1680-spec-0042::tw2::finish_relaxed::max1::L2_window_100_current_tiled
m1680-spec-0042::tw2::finish_relaxed::max1::L3_online_gru,m1680-spec-0042::tw2::finish_relaxed::max1,m1680-spec-0042,L3_online_gru,T5,t5_boundary_axis_retarget|drive_loss_proxy,mapping_window_unspecified,t5_boundary_axis_retarget,t5_boundary_axis_retarget,2.0,relaxed,1.0,runs/m1674_controller_family_one_seed_public_pilot/configs/L3_online_gru_seed167400.json,runs/m1674_controller_family_one_seed_public_pilot/profile_runs/L3_online_gru/seed_167400/checkpoint.pt,True,True,False,False,False,collision_control_wide_relaxed,m1680-spec-0042::tw2::finish_relaxed::max1::L3_online_gru
m1680-spec-0042::tw2::finish_relaxed::max1::L3_reset_control_corrected,m1680-spec-0042::tw2::finish_relaxed::max1,m1680-spec-0042,L3_reset_control_corrected,T5,t5_boundary_axis_retarget|drive_loss_proxy,mapping_window_unspecified,t5_boundary_axis_retarget,t5_boundary_axis_retarget,2.0,relaxed,1.0,runs/m1674_controller_family_one_seed_public_pilot/configs/L3_reset_control_corrected_seed167400.json,runs/m1674_controller_family_one_seed_public_pilot/profile_runs/L3_reset_control_corrected/seed_167400/checkpoint.pt,True,True,False,False,False,collision_control_wide_relaxed,m1680-spec-0042::tw2::finish_relaxed::max1::L3_reset_control_corrected
m1680-spec-0043::tw1::finish_original::max1::L0_current_masked,m1680-spec-0043::tw1::finish_original::max1,m1680-spec-0043,L0_current_masked,T5,t5_near_boundary_warmup|t5_boundary_axis_retarget,mapping_window_unspecified,t5_near_boundary_warmup,t5_near_boundary_warmup,1.0,original,1.0,runs/m1674_controller_family_one_seed_public_pilot/configs/L0_current_masked_seed167400.json,runs/m1674_controller_family_one_seed_public_pilot/profile_runs/L0_current_masked/seed_167400/checkpoint.pt,True,True,False,False,False,original_axis_baseline,m1680-spec-0043::tw1::finish_original::max1::L0_current_masked
m1680-spec-0043::tw1::finish_original::max1::L1_one_step,m1680-spec-0043::tw1::finish_original::max1,m1680-spec-0043,L1_one_step,T5,t5_near_boundary_warmup|t5_boundary_axis_retarget,mapping_window_unspecified,t5_near_boundary_warmup,t5_near_boundary_warmup,1.0,original,1.0,runs/m1674_controller_family_one_seed_public_pilot/configs/L1_one_step_seed167400.json,runs/m1674_controller_family_one_seed_public_pilot/profile_runs/L1_one_step/seed_167400/checkpoint.pt,True,True,False,False,False,original_axis_baseline,m1680-spec-0043::tw1::finish_original::max1::L1_one_step
m1680-spec-0043::tw1::finish_original::max1::L2_window_13,m1680-spec-0043::tw1::finish_original::max1,m1680-spec-0043,L2_window_13,T5,t5_near_boundary_warmup|t5_boundary_axis_retarget,mapping_window_unspecified,t5_near_boundary_warmup,t5_near_boundary_warmup,1.0,original,1.0,runs/m1674_controller_family_one_seed_public_pilot/configs/L2_window_13_seed167400.json,runs/m1674_controller_family_one_seed_public_pilot/profile_runs/L2_window_13/seed_167400/checkpoint.pt,True,True,False,False,False,original_axis_baseline,m1680-spec-0043::tw1::finish_original::max1::L2_window_13
m1680-spec-0043::tw1::finish_original::max1::L2_window_13_current_tiled,m1680-spec-0043::tw1::finish_original::max1,m1680-spec-0043,L2_window_13_current_tiled,T5,t5_near_boundary_warmup|t5_boundary_axis_retarget,mapping_window_unspecified,t5_near_boundary_warmup,t5_near_boundary_warmup,1.0,original,1.0,runs/m1674_controller_family_one_seed_public_pilot/configs/L2_window_13_current_tiled_seed167400.json,runs/m1674_controller_family_one_seed_public_pilot/profile_runs/L2_window_13_current_tiled/seed_167400/checkpoint.pt,True,True,False,False,False,original_axis_baseline,m1680-spec-0043::tw1::finish_original::max1::L2_window_13_current_tiled
m1680-spec-0043::tw1::finish_original::max1::L2_window_25,m1680-spec-0043::tw1::finish_original::max1,m1680-spec-0043,L2_window_25,T5,t5_near_boundary_warmup|t5_boundary_axis_retarget,mapping_window_unspecified,t5_near_boundary_warmup,t5_near_boundary_warmup,1.0,original,1.0,runs/m1674_controller_family_one_seed_public_pilot/configs/L2_window_25_seed167400.json,runs/m1674_controller_family_one_seed_public_pilot/profile_runs/L2_window_25/seed_167400/checkpoint.pt,True,True,False,False,False,original_axis_baseline,m1680-spec-0043::tw1::finish_original::max1::L2_window_25
m1680-spec-0043::tw1::finish_original::max1::L2_window_25_current_tiled,m1680-spec-0043::tw1::finish_original::max1,m1680-spec-0043,L2_window_25_current_tiled,T5,t5_near_boundary_warmup|t5_boundary_axis_retarget,mapping_window_unspecified,t5_near_boundary_warmup,t5_near_boundary_warmup,1.0,original,1.0,runs/m1674_controller_family_one_seed_public_pilot/configs/L2_window_25_current_tiled_seed167400.json,runs/m1674_controller_family_one_seed_public_pilot/profile_runs/L2_window_25_current_tiled/seed_167400/checkpoint.pt,True,True,False,False,False,original_axis_baseline,m1680-spec-0043::tw1::finish_original::max1::L2_window_25_current_tiled
m1680-spec-0043::tw1::finish_original::max1::L2_window_50,m1680-spec-0043::tw1::finish_original::max1,m1680-spec-0043,L2_window_50,T5,t5_near_boundary_warmup|t5_boundary_axis_retarget,mapping_window_unspecified,t5_near_boundary_warmup,t5_near_boundary_warmup,1.0,original,1.0,runs/m1674_controller_family_one_seed_public_pilot/configs/L2_window_50_seed167400.json,runs/m1674_controller_family_one_seed_public_pilot/profile_runs/L2_window_50/seed_167400/checkpoint.pt,True,True,False,False,False,original_axis_baseline,m1680-spec-0043::tw1::finish_original::max1::L2_window_50
m1680-spec-0043::tw1::finish_original::max1::L2_window_50_current_tiled,m1680-spec-0043::tw1::finish_original::max1,m1680-spec-0043,L2_window_50_current_tiled,T5,t5_near_boundary_warmup|t5_boundary_axis_retarget,mapping_window_unspecified,t5_near_boundary_warmup,t5_near_boundary_warmup,1.0,original,1.0,runs/m1674_controller_family_one_seed_public_pilot/configs/L2_window_50_current_tiled_seed167400.json,runs/m1674_controller_family_one_seed_public_pilot/profile_runs/L2_window_50_current_tiled/seed_167400/checkpoint.pt,True,True,False,False,False,original_axis_baseline,m1680-spec-0043::tw1::finish_original::max1::L2_window_50_current_tiled
m1680-spec-0043::tw1::finish_original::max1::L2_window_100,m1680-spec-0043::tw1::finish_original::max1,m1680-spec-0043,L2_window_100,T5,t5_near_boundary_warmup|t5_boundary_axis_retarget,mapping_window_unspecified,t5_near_boundary_warmup,t5_near_boundary_warmup,1.0,original,1.0,runs/m1674_controller_family_one_seed_public_pilot/configs/L2_window_100_seed167400.json,runs/m1674_controller_family_one_seed_public_pilot/profile_runs/L2_window_100/seed_167400/checkpoint.pt,True,True,False,False,False,original_axis_baseline,m1680-spec-0043::tw1::finish_original::max1::L2_window_100
m1680-spec-0043::tw1::finish_original::max1::L2_window_100_current_tiled,m1680-spec-0043::tw1::finish_original::max1,m1680-spec-0043,L2_window_100_current_tiled,T5,t5_near_boundary_warmup|t5_boundary_axis_retarget,mapping_window_unspecified,t5_near_boundary_warmup,t5_near_boundary_warmup,1.0,original,1.0,runs/m1674_controller_family_one_seed_public_pilot/configs/L2_window_100_current_tiled_seed167400.json,runs/m1674_controller_family_one_seed_public_pilot/profile_runs/L2_window_100_current_tiled/seed_167400/checkpoint.pt,True,True,False,False,False,original_axis_baseline,m1680-spec-0043::tw1::finish_original::max1::L2_window_100_current_tiled
m1680-spec-0043::tw1::finish_original::max1::L3_online_gru,m1680-spec-0043::tw1::finish_original::max1,m1680-spec-0043,L3_online_gru,T5,t5_near_boundary_warmup|t5_boundary_axis_retarget,mapping_window_unspecified,t5_near_boundary_warmup,t5_near_boundary_warmup,1.0,original,1.0,runs/m1674_controller_family_one_seed_public_pilot/configs/L3_online_gru_seed167400.json,runs/m1674_controller_family_one_seed_public_pilot/profile_runs/L3_online_gru/seed_167400/checkpoint.pt,True,True,False,False,False,original_axis_baseline,m1680-spec-0043::tw1::finish_original::max1::L3_online_gru
m1680-spec-0043::tw1::finish_original::max1::L3_reset_control_corrected,m1680-spec-0043::tw1::finish_original::max1,m1680-spec-0043,L3_reset_control_corrected,T5,t5_near_boundary_warmup|t5_boundary_axis_retarget,mapping_window_unspecified,t5_near_boundary_warmup,t5_near_boundary_warmup,1.0,original,1.0,runs/m1674_controller_family_one_seed_public_pilot/configs/L3_reset_control_corrected_seed167400.json,runs/m1674_controller_family_one_seed_public_pilot/profile_runs/L3_reset_control_corrected/seed_167400/checkpoint.pt,True,True,False,False,False,original_axis_baseline,m1680-spec-0043::tw1::finish_original::max1::L3_reset_control_corrected
m1680-spec-0043::tw1.5::finish_relaxed::max1.5::L0_current_masked,m1680-spec-0043::tw1.5::finish_relaxed::max1.5,m1680-spec-0043,L0_current_masked,T5,t5_near_boundary_warmup|t5_boundary_axis_retarget,mapping_window_unspecified,t5_near_boundary_warmup,t5_near_boundary_warmup,1.5,relaxed,1.5,runs/m1674_controller_family_one_seed_public_pilot/configs/L0_current_masked_seed167400.json,runs/m1674_controller_family_one_seed_public_pilot/profile_runs/L0_current_masked/seed_167400/checkpoint.pt,True,True,False,False,False,mid_calibration_variant,m1680-spec-0043::tw1.5::finish_relaxed::max1.5::L0_current_masked
m1680-spec-0043::tw1.5::finish_relaxed::max1.5::L1_one_step,m1680-spec-0043::tw1.5::finish_relaxed::max1.5,m1680-spec-0043,L1_one_step,T5,t5_near_boundary_warmup|t5_boundary_axis_retarget,mapping_window_unspecified,t5_near_boundary_warmup,t5_near_boundary_warmup,1.5,relaxed,1.5,runs/m1674_controller_family_one_seed_public_pilot/configs/L1_one_step_seed167400.json,runs/m1674_controller_family_one_seed_public_pilot/profile_runs/L1_one_step/seed_167400/checkpoint.pt,True,True,False,False,False,mid_calibration_variant,m1680-spec-0043::tw1.5::finish_relaxed::max1.5::L1_one_step
m1680-spec-0043::tw1.5::finish_relaxed::max1.5::L2_window_13,m1680-spec-0043::tw1.5::finish_relaxed::max1.5,m1680-spec-0043,L2_window_13,T5,t5_near_boundary_warmup|t5_boundary_axis_retarget,mapping_window_unspecified,t5_near_boundary_warmup,t5_near_boundary_warmup,1.5,relaxed,1.5,runs/m1674_controller_family_one_seed_public_pilot/configs/L2_window_13_seed167400.json,runs/m1674_controller_family_one_seed_public_pilot/profile_runs/L2_window_13/seed_167400/checkpoint.pt,True,True,False,False,False,mid_calibration_variant,m1680-spec-0043::tw1.5::finish_relaxed::max1.5::L2_window_13
m1680-spec-0043::tw1.5::finish_relaxed::max1.5::L2_window_13_current_tiled,m1680-spec-0043::tw1.5::finish_relaxed::max1.5,m1680-spec-0043,L2_window_13_current_tiled,T5,t5_near_boundary_warmup|t5_boundary_axis_retarget,mapping_window_unspecified,t5_near_boundary_warmup,t5_near_boundary_warmup,1.5,relaxed,1.5,runs/m1674_controller_family_one_seed_public_pilot/configs/L2_window_13_current_tiled_seed167400.json,runs/m1674_controller_family_one_seed_public_pilot/profile_runs/L2_window_13_current_tiled/seed_167400/checkpoint.pt,True,True,False,False,False,mid_calibration_variant,m1680-spec-0043::tw1.5::finish_relaxed::max1.5::L2_window_13_current_tiled
m1680-spec-0043::tw1.5::finish_relaxed::max1.5::L2_window_25,m1680-spec-0043::tw1.5::finish_relaxed::max1.5,m1680-spec-0043,L2_window_25,T5,t5_near_boundary_warmup|t5_boundary_axis_retarget,mapping_window_unspecified,t5_near_boundary_warmup,t5_near_boundary_warmup,1.5,relaxed,1.5,runs/m1674_controller_family_one_seed_public_pilot/configs/L2_window_25_seed167400.json,runs/m1674_controller_family_one_seed_public_pilot/profile_runs/L2_window_25/seed_167400/checkpoint.pt,True,True,False,False,False,mid_calibration_variant,m1680-spec-0043::tw1.5::finish_relaxed::max1.5::L2_window_25
m1680-spec-0043::tw1.5::finish_relaxed::max1.5::L2_window_25_current_tiled,m1680-spec-0043::tw1.5::finish_relaxed::max1.5,m1680-spec-0043,L2_window_25_current_tiled,T5,t5_near_boundary_warmup|t5_boundary_axis_retarget,mapping_window_unspecified,t5_near_boundary_warmup,t5_near_boundary_warmup,1.5,relaxed,1.5,runs/m1674_controller_family_one_seed_public_pilot/configs/L2_window_25_current_tiled_seed167400.json,runs/m1674_controller_family_one_seed_public_pilot/profile_runs/L2_window_25_current_tiled/seed_167400/checkpoint.pt,True,True,False,False,False,mid_calibration_variant,m1680-spec-0043::tw1.5::finish_relaxed::max1.5::L2_window_25_current_tiled
m1680-spec-0043::tw1.5::finish_relaxed::max1.5::L2_window_50,m1680-spec-0043::tw1.5::finish_relaxed::max1.5,m1680-spec-0043,L2_window_50,T5,t5_near_boundary_warmup|t5_boundary_axis_retarget,mapping_window_unspecified,t5_near_boundary_warmup,t5_near_boundary_warmup,1.5,relaxed,1.5,runs/m1674_controller_family_one_seed_public_pilot/configs/L2_window_50_seed167400.json,runs/m1674_controller_family_one_seed_public_pilot/profile_runs/L2_window_50/seed_167400/checkpoint.pt,True,True,False,False,False,mid_calibration_variant,m1680-spec-0043::tw1.5::finish_relaxed::max1.5::L2_window_50
m1680-spec-0043::tw1.5::finish_relaxed::max1.5::L2_window_50_current_tiled,m1680-spec-0043::tw1.5::finish_relaxed::max1.5,m1680-spec-0043,L2_window_50_current_tiled,T5,t5_near_boundary_warmup|t5_boundary_axis_retarget,mapping_window_unspecified,t5_near_boundary_warmup,t5_near_boundary_warmup,1.5,relaxed,1.5,runs/m1674_controller_family_one_seed_public_pilot/configs/L2_window_50_current_tiled_seed167400.json,runs/m1674_controller_family_one_seed_public_pilot/profile_runs/L2_window_50_current_tiled/seed_167400/checkpoint.pt,True,True,False,False,False,mid_calibration_variant,m1680-spec-0043::tw1.5::finish_relaxed::max1.5::L2_window_50_current_tiled
m1680-spec-0043::tw1.5::finish_relaxed::max1.5::L2_window_100,m1680-spec-0043::tw1.5::finish_relaxed::max1.5,m1680-spec-0043,L2_window_100,T5,t5_near_boundary_warmup|t5_boundary_axis_retarget,mapping_window_unspecified,t5_near_boundary_warmup,t5_near_boundary_warmup,1.5,relaxed,1.5,runs/m1674_controller_family_one_seed_public_pilot/configs/L2_window_100_seed167400.json,runs/m1674_controller_family_one_seed_public_pilot/profile_runs/L2_window_100/seed_167400/checkpoint.pt,True,True,False,False,False,mid_calibration_variant,m1680-spec-0043::tw1.5::finish_relaxed::max1.5::L2_window_100
m1680-spec-0043::tw1.5::finish_relaxed::max1.5::L2_window_100_current_tiled,m1680-spec-0043::tw1.5::finish_relaxed::max1.5,m1680-spec-0043,L2_window_100_current_tiled,T5,t5_near_boundary_warmup|t5_boundary_axis_retarget,mapping_window_unspecified,t5_near_boundary_warmup,t5_near_boundary_warmup,1.5,relaxed,1.5,runs/m1674_controller_family_one_seed_public_pilot/configs/L2_window_100_current_tiled_seed167400.json,runs/m1674_controller_family_one_seed_public_pilot/profile_runs/L2_window_100_current_tiled/seed_167400/checkpoint.pt,True,True,False,False,False,mid_calibration_variant,m1680-spec-0043::tw1.5::finish_relaxed::max1.5::L2_window_100_current_tiled
m1680-spec-0043::tw1.5::finish_relaxed::max1.5::L3_online_gru,m1680-spec-0043::tw1.5::finish_relaxed::max1.5,m1680-spec-0043,L3_online_gru,T5,t5_near_boundary_warmup|t5_boundary_axis_retarget,mapping_window_unspecified,t5_near_boundary_warmup,t5_near_boundary_warmup,1.5,relaxed,1.5,runs/m1674_controller_family_one_seed_public_pilot/configs/L3_online_gru_seed167400.json,runs/m1674_controller_family_one_seed_public_pilot/profile_runs/L3_online_gru/seed_167400/checkpoint.pt,True,True,False,False,False,mid_calibration_variant,m1680-spec-0043::tw1.5::finish_relaxed::max1.5::L3_online_gru
m1680-spec-0043::tw1.5::finish_relaxed::max1.5::L3_reset_control_corrected,m1680-spec-0043::tw1.5::finish_relaxed::max1.5,m1680-spec-0043,L3_reset_control_corrected,T5,t5_near_boundary_warmup|t5_boundary_axis_retarget,mapping_window_unspecified,t5_near_boundary_warmup,t5_near_boundary_warmup,1.5,relaxed,1.5,runs/m1674_controller_family_one_seed_public_pilot/configs/L3_reset_control_corrected_seed167400.json,runs/m1674_controller_family_one_seed_public_pilot/profile_runs/L3_reset_control_corrected/seed_167400/checkpoint.pt,True,True,False,False,False,mid_calibration_variant,m1680-spec-0043::tw1.5::finish_relaxed::max1.5::L3_reset_control_corrected
m1680-spec-0043::tw2::finish_original::max1.5::L0_current_masked,m1680-spec-0043::tw2::finish_original::max1.5,m1680-spec-0043,L0_current_masked,T5,t5_near_boundary_warmup|t5_boundary_axis_retarget,mapping_window_unspecified,t5_near_boundary_warmup,t5_near_boundary_warmup,2.0,original,1.5,runs/m1674_controller_family_one_seed_public_pilot/configs/L0_current_masked_seed167400.json,runs/m1674_controller_family_one_seed_public_pilot/profile_runs/L0_current_masked/seed_167400/checkpoint.pt,True,True,False,False,False,best_off_track_variant,m1680-spec-0043::tw2::finish_original::max1.5::L0_current_masked
m1680-spec-0043::tw2::finish_original::max1.5::L1_one_step,m1680-spec-0043::tw2::finish_original::max1.5,m1680-spec-0043,L1_one_step,T5,t5_near_boundary_warmup|t5_boundary_axis_retarget,mapping_window_unspecified,t5_near_boundary_warmup,t5_near_boundary_warmup,2.0,original,1.5,runs/m1674_controller_family_one_seed_public_pilot/configs/L1_one_step_seed167400.json,runs/m1674_controller_family_one_seed_public_pilot/profile_runs/L1_one_step/seed_167400/checkpoint.pt,True,True,False,False,False,best_off_track_variant,m1680-spec-0043::tw2::finish_original::max1.5::L1_one_step
m1680-spec-0043::tw2::finish_original::max1.5::L2_window_13,m1680-spec-0043::tw2::finish_original::max1.5,m1680-spec-0043,L2_window_13,T5,t5_near_boundary_warmup|t5_boundary_axis_retarget,mapping_window_unspecified,t5_near_boundary_warmup,t5_near_boundary_warmup,2.0,original,1.5,runs/m1674_controller_family_one_seed_public_pilot/configs/L2_window_13_seed167400.json,runs/m1674_controller_family_one_seed_public_pilot/profile_runs/L2_window_13/seed_167400/checkpoint.pt,True,True,False,False,False,best_off_track_variant,m1680-spec-0043::tw2::finish_original::max1.5::L2_window_13
m1680-spec-0043::tw2::finish_original::max1.5::L2_window_13_current_tiled,m1680-spec-0043::tw2::finish_original::max1.5,m1680-spec-0043,L2_window_13_current_tiled,T5,t5_near_boundary_warmup|t5_boundary_axis_retarget,mapping_window_unspecified,t5_near_boundary_warmup,t5_near_boundary_warmup,2.0,original,1.5,runs/m1674_controller_family_one_seed_public_pilot/configs/L2_window_13_current_tiled_seed167400.json,runs/m1674_controller_family_one_seed_public_pilot/profile_runs/L2_window_13_current_tiled/seed_167400/checkpoint.pt,True,True,False,False,False,best_off_track_variant,m1680-spec-0043::tw2::finish_original::max1.5::L2_window_13_current_tiled
m1680-spec-0043::tw2::finish_original::max1.5::L2_window_25,m1680-spec-0043::tw2::finish_original::max1.5,m1680-spec-0043,L2_window_25,T5,t5_near_boundary_warmup|t5_boundary_axis_retarget,mapping_window_unspecified,t5_near_boundary_warmup,t5_near_boundary_warmup,2.0,original,1.5,runs/m1674_controller_family_one_seed_public_pilot/configs/L2_window_25_seed167400.json,runs/m1674_controller_family_one_seed_public_pilot/profile_runs/L2_window_25/seed_167400/checkpoint.pt,True,True,False,False,False,best_off_track_variant,m1680-spec-0043::tw2::finish_original::max1.5::L2_window_25
m1680-spec-0043::tw2::finish_original::max1.5::L2_window_25_current_tiled,m1680-spec-0043::tw2::finish_original::max1.5,m1680-spec-0043,L2_window_25_current_tiled,T5,t5_near_boundary_warmup|t5_boundary_axis_retarget,mapping_window_unspecified,t5_near_boundary_warmup,t5_near_boundary_warmup,2.0,original,1.5,runs/m1674_controller_family_one_seed_public_pilot/configs/L2_window_25_current_tiled_seed167400.json,runs/m1674_controller_family_one_seed_public_pilot/profile_runs/L2_window_25_current_tiled/seed_167400/checkpoint.pt,True,True,False,False,False,best_off_track_variant,m1680-spec-0043::tw2::finish_original::max1.5::L2_window_25_current_tiled
m1680-spec-0043::tw2::finish_original::max1.5::L2_window_50,m1680-spec-0043::tw2::finish_original::max1.5,m1680-spec-0043,L2_window_50,T5,t5_near_boundary_warmup|t5_boundary_axis_retarget,mapping_window_unspecified,t5_near_boundary_warmup,t5_near_boundary_warmup,2.0,original,1.5,runs/m1674_controller_family_one_seed_public_pilot/configs/L2_window_50_seed167400.json,runs/m1674_controller_family_one_seed_public_pilot/profile_runs/L2_window_50/seed_167400/checkpoint.pt,True,True,False,False,False,best_off_track_variant,m1680-spec-0043::tw2::finish_original::max1.5::L2_window_50
m1680-spec-0043::tw2::finish_original::max1.5::L2_window_50_current_tiled,m1680-spec-0043::tw2::finish_original::max1.5,m1680-spec-0043,L2_window_50_current_tiled,T5,t5_near_boundary_warmup|t5_boundary_axis_retarget,mapping_window_unspecified,t5_near_boundary_warmup,t5_near_boundary_warmup,2.0,original,1.5,runs/m1674_controller_family_one_seed_public_pilot/configs/L2_window_50_current_tiled_seed167400.json,runs/m1674_controller_family_one_seed_public_pilot/profile_runs/L2_window_50_current_tiled/seed_167400/checkpoint.pt,True,True,False,False,False,best_off_track_variant,m1680-spec-0043::tw2::finish_original::max1.5::L2_window_50_current_tiled
m1680-spec-0043::tw2::finish_original::max1.5::L2_window_100,m1680-spec-0043::tw2::finish_original::max1.5,m1680-spec-0043,L2_window_100,T5,t5_near_boundary_warmup|t5_boundary_axis_retarget,mapping_window_unspecified,t5_near_boundary_warmup,t5_near_boundary_warmup,2.0,original,1.5,runs/m1674_controller_family_one_seed_public_pilot/configs/L2_window_100_seed167400.json,runs/m1674_controller_family_one_seed_public_pilot/profile_runs/L2_window_100/seed_167400/checkpoint.pt,True,True,False,False,False,best_off_track_variant,m1680-spec-0043::tw2::finish_original::max1.5::L2_window_100
m1680-spec-0043::tw2::finish_original::max1.5::L2_window_100_current_tiled,m1680-spec-0043::tw2::finish_original::max1.5,m1680-spec-0043,L2_window_100_current_tiled,T5,t5_near_boundary_warmup|t5_boundary_axis_retarget,mapping_window_unspecified,t5_near_boundary_warmup,t5_near_boundary_warmup,2.0,original,1.5,runs/m1674_controller_family_one_seed_public_pilot/configs/L2_window_100_current_tiled_seed167400.json,runs/m1674_controller_family_one_seed_public_pilot/profile_runs/L2_window_100_current_tiled/seed_167400/checkpoint.pt,True,True,False,False,False,best_off_track_variant,m1680-spec-0043::tw2::finish_original::max1.5::L2_window_100_current_tiled
m1680-spec-0043::tw2::finish_original::max1.5::L3_online_gru,m1680-spec-0043::tw2::finish_original::max1.5,m1680-spec-0043,L3_online_gru,T5,t5_near_boundary_warmup|t5_boundary_axis_retarget,mapping_window_unspecified,t5_near_boundary_warmup,t5_near_boundary_warmup,2.0,original,1.5,runs/m1674_controller_family_one_seed_public_pilot/configs/L3_online_gru_seed167400.json,runs/m1674_controller_family_one_seed_public_pilot/profile_runs/L3_online_gru/seed_167400/checkpoint.pt,True,True,False,False,False,best_off_track_variant,m1680-spec-0043::tw2::finish_original::max1.5::L3_online_gru
m1680-spec-0043::tw2::finish_original::max1.5::L3_reset_control_corrected,m1680-spec-0043::tw2::finish_original::max1.5,m1680-spec-0043,L3_reset_control_corrected,T5,t5_near_boundary_warmup|t5_boundary_axis_retarget,mapping_window_unspecified,t5_near_boundary_warmup,t5_near_boundary_warmup,2.0,original,1.5,runs/m1674_controller_family_one_seed_public_pilot/configs/L3_reset_control_corrected_seed167400.json,runs/m1674_controller_family_one_seed_public_pilot/profile_runs/L3_reset_control_corrected/seed_167400/checkpoint.pt,True,True,False,False,False,best_off_track_variant,m1680-spec-0043::tw2::finish_original::max1.5::L3_reset_control_corrected
m1680-spec-0043::tw2::finish_relaxed::max1::L0_current_masked,m1680-spec-0043::tw2::finish_relaxed::max1,m1680-spec-0043,L0_current_masked,T5,t5_near_boundary_warmup|t5_boundary_axis_retarget,mapping_window_unspecified,t5_near_boundary_warmup,t5_near_boundary_warmup,2.0,relaxed,1.0,runs/m1674_controller_family_one_seed_public_pilot/configs/L0_current_masked_seed167400.json,runs/m1674_controller_family_one_seed_public_pilot/profile_runs/L0_current_masked/seed_167400/checkpoint.pt,True,True,False,False,False,collision_control_wide_relaxed,m1680-spec-0043::tw2::finish_relaxed::max1::L0_current_masked
m1680-spec-0043::tw2::finish_relaxed::max1::L1_one_step,m1680-spec-0043::tw2::finish_relaxed::max1,m1680-spec-0043,L1_one_step,T5,t5_near_boundary_warmup|t5_boundary_axis_retarget,mapping_window_unspecified,t5_near_boundary_warmup,t5_near_boundary_warmup,2.0,relaxed,1.0,runs/m1674_controller_family_one_seed_public_pilot/configs/L1_one_step_seed167400.json,runs/m1674_controller_family_one_seed_public_pilot/profile_runs/L1_one_step/seed_167400/checkpoint.pt,True,True,False,False,False,collision_control_wide_relaxed,m1680-spec-0043::tw2::finish_relaxed::max1::L1_one_step
m1680-spec-0043::tw2::finish_relaxed::max1::L2_window_13,m1680-spec-0043::tw2::finish_relaxed::max1,m1680-spec-0043,L2_window_13,T5,t5_near_boundary_warmup|t5_boundary_axis_retarget,mapping_window_unspecified,t5_near_boundary_warmup,t5_near_boundary_warmup,2.0,relaxed,1.0,runs/m1674_controller_family_one_seed_public_pilot/configs/L2_window_13_seed167400.json,runs/m1674_controller_family_one_seed_public_pilot/profile_runs/L2_window_13/seed_167400/checkpoint.pt,True,True,False,False,False,collision_control_wide_relaxed,m1680-spec-0043::tw2::finish_relaxed::max1::L2_window_13
m1680-spec-0043::tw2::finish_relaxed::max1::L2_window_13_current_tiled,m1680-spec-0043::tw2::finish_relaxed::max1,m1680-spec-0043,L2_window_13_current_tiled,T5,t5_near_boundary_warmup|t5_boundary_axis_retarget,mapping_window_unspecified,t5_near_boundary_warmup,t5_near_boundary_warmup,2.0,relaxed,1.0,runs/m1674_controller_family_one_seed_public_pilot/configs/L2_window_13_current_tiled_seed167400.json,runs/m1674_controller_family_one_seed_public_pilot/profile_runs/L2_window_13_current_tiled/seed_167400/checkpoint.pt,True,True,False,False,False,collision_control_wide_relaxed,m1680-spec-0043::tw2::finish_relaxed::max1::L2_window_13_current_tiled
m1680-spec-0043::tw2::finish_relaxed::max1::L2_window_25,m1680-spec-0043::tw2::finish_relaxed::max1,m1680-spec-0043,L2_window_25,T5,t5_near_boundary_warmup|t5_boundary_axis_retarget,mapping_window_unspecified,t5_near_boundary_warmup,t5_near_boundary_warmup,2.0,relaxed,1.0,runs/m1674_controller_family_one_seed_public_pilot/configs/L2_window_25_seed167400.json,runs/m1674_controller_family_one_seed_public_pilot/profile_runs/L2_window_25/seed_167400/checkpoint.pt,True,True,False,False,False,collision_control_wide_relaxed,m1680-spec-0043::tw2::finish_relaxed::max1::L2_window_25
m1680-spec-0043::tw2::finish_relaxed::max1::L2_window_25_current_tiled,m1680-spec-0043::tw2::finish_relaxed::max1,m1680-spec-0043,L2_window_25_current_tiled,T5,t5_near_boundary_warmup|t5_boundary_axis_retarget,mapping_window_unspecified,t5_near_boundary_warmup,t5_near_boundary_warmup,2.0,relaxed,1.0,runs/m1674_controller_family_one_seed_public_pilot/configs/L2_window_25_current_tiled_seed167400.json,runs/m1674_controller_family_one_seed_public_pilot/profile_runs/L2_window_25_current_tiled/seed_167400/checkpoint.pt,True,True,False,False,False,collision_control_wide_relaxed,m1680-spec-0043::tw2::finish_relaxed::max1::L2_window_25_current_tiled
m1680-spec-0043::tw2::finish_relaxed::max1::L2_window_50,m1680-spec-0043::tw2::finish_relaxed::max1,m1680-spec-0043,L2_window_50,T5,t5_near_boundary_warmup|t5_boundary_axis_retarget,mapping_window_unspecified,t5_near_boundary_warmup,t5_near_boundary_warmup,2.0,relaxed,1.0,runs/m1674_controller_family_one_seed_public_pilot/configs/L2_window_50_seed167400.json,runs/m1674_controller_family_one_seed_public_pilot/profile_runs/L2_window_50/seed_167400/checkpoint.pt,True,True,False,False,False,collision_control_wide_relaxed,m1680-spec-0043::tw2::finish_relaxed::max1::L2_window_50
m1680-spec-0043::tw2::finish_relaxed::max1::L2_window_50_current_tiled,m1680-spec-0043::tw2::finish_relaxed::max1,m1680-spec-0043,L2_window_50_current_tiled,T5,t5_near_boundary_warmup|t5_boundary_axis_retarget,mapping_window_unspecified,t5_near_boundary_warmup,t5_near_boundary_warmup,2.0,relaxed,1.0,runs/m1674_controller_family_one_seed_public_pilot/configs/L2_window_50_current_tiled_seed167400.json,runs/m1674_controller_family_one_seed_public_pilot/profile_runs/L2_window_50_current_tiled/seed_167400/checkpoint.pt,True,True,False,False,False,collision_control_wide_relaxed,m1680-spec-0043::tw2::finish_relaxed::max1::L2_window_50_current_tiled
m1680-spec-0043::tw2::finish_relaxed::max1::L2_window_100,m1680-spec-0043::tw2::finish_relaxed::max1,m1680-spec-0043,L2_window_100,T5,t5_near_boundary_warmup|t5_boundary_axis_retarget,mapping_window_unspecified,t5_near_boundary_warmup,t5_near_boundary_warmup,2.0,relaxed,1.0,runs/m1674_controller_family_one_seed_public_pilot/configs/L2_window_100_seed167400.json,runs/m1674_controller_family_one_seed_public_pilot/profile_runs/L2_window_100/seed_167400/checkpoint.pt,True,True,False,False,False,collision_control_wide_relaxed,m1680-spec-0043::tw2::finish_relaxed::max1::L2_window_100
m1680-spec-0043::tw2::finish_relaxed::max1::L2_window_100_current_tiled,m1680-spec-0043::tw2::finish_relaxed::max1,m1680-spec-0043,L2_window_100_current_tiled,T5,t5_near_boundary_warmup|t5_boundary_axis_retarget,mapping_window_unspecified,t5_near_boundary_warmup,t5_near_boundary_warmup,2.0,relaxed,1.0,runs/m1674_controller_family_one_seed_public_pilot/configs/L2_window_100_current_tiled_seed167400.json,runs/m1674_controller_family_one_seed_public_pilot/profile_runs/L2_window_100_current_tiled/seed_167400/checkpoint.pt,True,True,False,False,False,collision_control_wide_relaxed,m1680-spec-0043::tw2::finish_relaxed::max1::L2_window_100_current_tiled
m1680-spec-0043::tw2::finish_relaxed::max1::L3_online_gru,m1680-spec-0043::tw2::finish_relaxed::max1,m1680-spec-0043,L3_online_gru,T5,t5_near_boundary_warmup|t5_boundary_axis_retarget,mapping_window_unspecified,t5_near_boundary_warmup,t5_near_boundary_warmup,2.0,relaxed,1.0,runs/m1674_controller_family_one_seed_public_pilot/configs/L3_online_gru_seed167400.json,runs/m1674_controller_family_one_seed_public_pilot/profile_runs/L3_online_gru/seed_167400/checkpoint.pt,True,True,False,False,False,collision_control_wide_relaxed,m1680-spec-0043::tw2::finish_relaxed::max1::L3_online_gru
m1680-spec-0043::tw2::finish_relaxed::max1::L3_reset_control_corrected,m1680-spec-0043::tw2::finish_relaxed::max1,m1680-spec-0043,L3_reset_control_corrected,T5,t5_near_boundary_warmup|t5_boundary_axis_retarget,mapping_window_unspecified,t5_near_boundary_warmup,t5_near_boundary_warmup,2.0,relaxed,1.0,runs/m1674_controller_family_one_seed_public_pilot/configs/L3_reset_control_corrected_seed167400.json,runs/m1674_controller_family_one_seed_public_pilot/profile_runs/L3_reset_control_corrected/seed_167400/checkpoint.pt,True,True,False,False,False,collision_control_wide_relaxed,m1680-spec-0043::tw2::finish_relaxed::max1::L3_reset_control_corrected
m1680-spec-0044::tw1::finish_original::max1::L0_current_masked,m1680-spec-0044::tw1::finish_original::max1,m1680-spec-0044,L0_current_masked,T5,actuator_delay_step|t5_near_boundary_warmup,reveal_plus_4,t5_near_boundary_warmup,t5_near_boundary_warmup,1.0,original,1.0,runs/m1674_controller_family_one_seed_public_pilot/configs/L0_current_masked_seed167400.json,runs/m1674_controller_family_one_seed_public_pilot/profile_runs/L0_current_masked/seed_167400/checkpoint.pt,True,True,False,False,False,original_axis_baseline,m1680-spec-0044::tw1::finish_original::max1::L0_current_masked
m1680-spec-0044::tw1::finish_original::max1::L1_one_step,m1680-spec-0044::tw1::finish_original::max1,m1680-spec-0044,L1_one_step,T5,actuator_delay_step|t5_near_boundary_warmup,reveal_plus_4,t5_near_boundary_warmup,t5_near_boundary_warmup,1.0,original,1.0,runs/m1674_controller_family_one_seed_public_pilot/configs/L1_one_step_seed167400.json,runs/m1674_controller_family_one_seed_public_pilot/profile_runs/L1_one_step/seed_167400/checkpoint.pt,True,True,False,False,False,original_axis_baseline,m1680-spec-0044::tw1::finish_original::max1::L1_one_step
m1680-spec-0044::tw1::finish_original::max1::L2_window_13,m1680-spec-0044::tw1::finish_original::max1,m1680-spec-0044,L2_window_13,T5,actuator_delay_step|t5_near_boundary_warmup,reveal_plus_4,t5_near_boundary_warmup,t5_near_boundary_warmup,1.0,original,1.0,runs/m1674_controller_family_one_seed_public_pilot/configs/L2_window_13_seed167400.json,runs/m1674_controller_family_one_seed_public_pilot/profile_runs/L2_window_13/seed_167400/checkpoint.pt,True,True,False,False,False,original_axis_baseline,m1680-spec-0044::tw1::finish_original::max1::L2_window_13
m1680-spec-0044::tw1::finish_original::max1::L2_window_13_current_tiled,m1680-spec-0044::tw1::finish_original::max1,m1680-spec-0044,L2_window_13_current_tiled,T5,actuator_delay_step|t5_near_boundary_warmup,reveal_plus_4,t5_near_boundary_warmup,t5_near_boundary_warmup,1.0,original,1.0,runs/m1674_controller_family_one_seed_public_pilot/configs/L2_window_13_current_tiled_seed167400.json,runs/m1674_controller_family_one_seed_public_pilot/profile_runs/L2_window_13_current_tiled/seed_167400/checkpoint.pt,True,True,False,False,False,original_axis_baseline,m1680-spec-0044::tw1::finish_original::max1::L2_window_13_current_tiled
m1680-spec-0044::tw1::finish_original::max1::L2_window_25,m1680-spec-0044::tw1::finish_original::max1,m1680-spec-0044,L2_window_25,T5,actuator_delay_step|t5_near_boundary_warmup,reveal_plus_4,t5_near_boundary_warmup,t5_near_boundary_warmup,1.0,original,1.0,runs/m1674_controller_family_one_seed_public_pilot/configs/L2_window_25_seed167400.json,runs/m1674_controller_family_one_seed_public_pilot/profile_runs/L2_window_25/seed_167400/checkpoint.pt,True,True,False,False,False,original_axis_baseline,m1680-spec-0044::tw1::finish_original::max1::L2_window_25
m1680-spec-0044::tw1::finish_original::max1::L2_window_25_current_tiled,m1680-spec-0044::tw1::finish_original::max1,m1680-spec-0044,L2_window_25_current_tiled,T5,actuator_delay_step|t5_near_boundary_warmup,reveal_plus_4,t5_near_boundary_warmup,t5_near_boundary_warmup,1.0,original,1.0,runs/m1674_controller_family_one_seed_public_pilot/configs/L2_window_25_current_tiled_seed167400.json,runs/m1674_controller_family_one_seed_public_pilot/profile_runs/L2_window_25_current_tiled/seed_167400/checkpoint.pt,True,True,False,False,False,original_axis_baseline,m1680-spec-0044::tw1::finish_original::max1::L2_window_25_current_tiled
m1680-spec-0044::tw1::finish_original::max1::L2_window_50,m1680-spec-0044::tw1::finish_original::max1,m1680-spec-0044,L2_window_50,T5,actuator_delay_step|t5_near_boundary_warmup,reveal_plus_4,t5_near_boundary_warmup,t5_near_boundary_warmup,1.0,original,1.0,runs/m1674_controller_family_one_seed_public_pilot/configs/L2_window_50_seed167400.json,runs/m1674_controller_family_one_seed_public_pilot/profile_runs/L2_window_50/seed_167400/checkpoint.pt,True,True,False,False,False,original_axis_baseline,m1680-spec-0044::tw1::finish_original::max1::L2_window_50
m1680-spec-0044::tw1::finish_original::max1::L2_window_50_current_tiled,m1680-spec-0044::tw1::finish_original::max1,m1680-spec-0044,L2_window_50_current_tiled,T5,actuator_delay_step|t5_near_boundary_warmup,reveal_plus_4,t5_near_boundary_warmup,t5_near_boundary_warmup,1.0,original,1.0,runs/m1674_controller_family_one_seed_public_pilot/configs/L2_window_50_current_tiled_seed167400.json,runs/m1674_controller_family_one_seed_public_pilot/profile_runs/L2_window_50_current_tiled/seed_167400/checkpoint.pt,True,True,False,False,False,original_axis_baseline,m1680-spec-0044::tw1::finish_original::max1::L2_window_50_current_tiled
m1680-spec-0044::tw1::finish_original::max1::L2_window_100,m1680-spec-0044::tw1::finish_original::max1,m1680-spec-0044,L2_window_100,T5,actuator_delay_step|t5_near_boundary_warmup,reveal_plus_4,t5_near_boundary_warmup,t5_near_boundary_warmup,1.0,original,1.0,runs/m1674_controller_family_one_seed_public_pilot/configs/L2_window_100_seed167400.json,runs/m1674_controller_family_one_seed_public_pilot/profile_runs/L2_window_100/seed_167400/checkpoint.pt,True,True,False,False,False,original_axis_baseline,m1680-spec-0044::tw1::finish_original::max1::L2_window_100
m1680-spec-0044::tw1::finish_original::max1::L2_window_100_current_tiled,m1680-spec-0044::tw1::finish_original::max1,m1680-spec-0044,L2_window_100_current_tiled,T5,actuator_delay_step|t5_near_boundary_warmup,reveal_plus_4,t5_near_boundary_warmup,t5_near_boundary_warmup,1.0,original,1.0,runs/m1674_controller_family_one_seed_public_pilot/configs/L2_window_100_current_tiled_seed167400.json,runs/m1674_controller_family_one_seed_public_pilot/profile_runs/L2_window_100_current_tiled/seed_167400/checkpoint.pt,True,True,False,False,False,original_axis_baseline,m1680-spec-0044::tw1::finish_original::max1::L2_window_100_current_tiled
m1680-spec-0044::tw1::finish_original::max1::L3_online_gru,m1680-spec-0044::tw1::finish_original::max1,m1680-spec-0044,L3_online_gru,T5,actuator_delay_step|t5_near_boundary_warmup,reveal_plus_4,t5_near_boundary_warmup,t5_near_boundary_warmup,1.0,original,1.0,runs/m1674_controller_family_one_seed_public_pilot/configs/L3_online_gru_seed167400.json,runs/m1674_controller_family_one_seed_public_pilot/profile_runs/L3_online_gru/seed_167400/checkpoint.pt,True,True,False,False,False,original_axis_baseline,m1680-spec-0044::tw1::finish_original::max1::L3_online_gru
m1680-spec-0044::tw1::finish_original::max1::L3_reset_control_corrected,m1680-spec-0044::tw1::finish_original::max1,m1680-spec-0044,L3_reset_control_corrected,T5,actuator_delay_step|t5_near_boundary_warmup,reveal_plus_4,t5_near_boundary_warmup,t5_near_boundary_warmup,1.0,original,1.0,runs/m1674_controller_family_one_seed_public_pilot/configs/L3_reset_control_corrected_seed167400.json,runs/m1674_controller_family_one_seed_public_pilot/profile_runs/L3_reset_control_corrected/seed_167400/checkpoint.pt,True,True,False,False,False,original_axis_baseline,m1680-spec-0044::tw1::finish_original::max1::L3_reset_control_corrected
m1680-spec-0044::tw1.5::finish_relaxed::max1.5::L0_current_masked,m1680-spec-0044::tw1.5::finish_relaxed::max1.5,m1680-spec-0044,L0_current_masked,T5,actuator_delay_step|t5_near_boundary_warmup,reveal_plus_4,t5_near_boundary_warmup,t5_near_boundary_warmup,1.5,relaxed,1.5,runs/m1674_controller_family_one_seed_public_pilot/configs/L0_current_masked_seed167400.json,runs/m1674_controller_family_one_seed_public_pilot/profile_runs/L0_current_masked/seed_167400/checkpoint.pt,True,True,False,False,False,mid_calibration_variant,m1680-spec-0044::tw1.5::finish_relaxed::max1.5::L0_current_masked
m1680-spec-0044::tw1.5::finish_relaxed::max1.5::L1_one_step,m1680-spec-0044::tw1.5::finish_relaxed::max1.5,m1680-spec-0044,L1_one_step,T5,actuator_delay_step|t5_near_boundary_warmup,reveal_plus_4,t5_near_boundary_warmup,t5_near_boundary_warmup,1.5,relaxed,1.5,runs/m1674_controller_family_one_seed_public_pilot/configs/L1_one_step_seed167400.json,runs/m1674_controller_family_one_seed_public_pilot/profile_runs/L1_one_step/seed_167400/checkpoint.pt,True,True,False,False,False,mid_calibration_variant,m1680-spec-0044::tw1.5::finish_relaxed::max1.5::L1_one_step
m1680-spec-0044::tw1.5::finish_relaxed::max1.5::L2_window_13,m1680-spec-0044::tw1.5::finish_relaxed::max1.5,m1680-spec-0044,L2_window_13,T5,actuator_delay_step|t5_near_boundary_warmup,reveal_plus_4,t5_near_boundary_warmup,t5_near_boundary_warmup,1.5,relaxed,1.5,runs/m1674_controller_family_one_seed_public_pilot/configs/L2_window_13_seed167400.json,runs/m1674_controller_family_one_seed_public_pilot/profile_runs/L2_window_13/seed_167400/checkpoint.pt,True,True,False,False,False,mid_calibration_variant,m1680-spec-0044::tw1.5::finish_relaxed::max1.5::L2_window_13
m1680-spec-0044::tw1.5::finish_relaxed::max1.5::L2_window_13_current_tiled,m1680-spec-0044::tw1.5::finish_relaxed::max1.5,m1680-spec-0044,L2_window_13_current_tiled,T5,actuator_delay_step|t5_near_boundary_warmup,reveal_plus_4,t5_near_boundary_warmup,t5_near_boundary_warmup,1.5,relaxed,1.5,runs/m1674_controller_family_one_seed_public_pilot/configs/L2_window_13_current_tiled_seed167400.json,runs/m1674_controller_family_one_seed_public_pilot/profile_runs/L2_window_13_current_tiled/seed_167400/checkpoint.pt,True,True,False,False,False,mid_calibration_variant,m1680-spec-0044::tw1.5::finish_relaxed::max1.5::L2_window_13_current_tiled
m1680-spec-0044::tw1.5::finish_relaxed::max1.5::L2_window_25,m1680-spec-0044::tw1.5::finish_relaxed::max1.5,m1680-spec-0044,L2_window_25,T5,actuator_delay_step|t5_near_boundary_warmup,reveal_plus_4,t5_near_boundary_warmup,t5_near_boundary_warmup,1.5,relaxed,1.5,runs/m1674_controller_family_one_seed_public_pilot/configs/L2_window_25_seed167400.json,runs/m1674_controller_family_one_seed_public_pilot/profile_runs/L2_window_25/seed_167400/checkpoint.pt,True,True,False,False,False,mid_calibration_variant,m1680-spec-0044::tw1.5::finish_relaxed::max1.5::L2_window_25
m1680-spec-0044::tw1.5::finish_relaxed::max1.5::L2_window_25_current_tiled,m1680-spec-0044::tw1.5::finish_relaxed::max1.5,m1680-spec-0044,L2_window_25_current_tiled,T5,actuator_delay_step|t5_near_boundary_warmup,reveal_plus_4,t5_near_boundary_warmup,t5_near_boundary_warmup,1.5,relaxed,1.5,runs/m1674_controller_family_one_seed_public_pilot/configs/L2_window_25_current_tiled_seed167400.json,runs/m1674_controller_family_one_seed_public_pilot/profile_runs/L2_window_25_current_tiled/seed_167400/checkpoint.pt,True,True,False,False,False,mid_calibration_variant,m1680-spec-0044::tw1.5::finish_relaxed::max1.5::L2_window_25_current_tiled
m1680-spec-0044::tw1.5::finish_relaxed::max1.5::L2_window_50,m1680-spec-0044::tw1.5::finish_relaxed::max1.5,m1680-spec-0044,L2_window_50,T5,actuator_delay_step|t5_near_boundary_warmup,reveal_plus_4,t5_near_boundary_warmup,t5_near_boundary_warmup,1.5,relaxed,1.5,runs/m1674_controller_family_one_seed_public_pilot/configs/L2_window_50_seed167400.json,runs/m1674_controller_family_one_seed_public_pilot/profile_runs/L2_window_50/seed_167400/checkpoint.pt,True,True,False,False,False,mid_calibration_variant,m1680-spec-0044::tw1.5::finish_relaxed::max1.5::L2_window_50
m1680-spec-0044::tw1.5::finish_relaxed::max1.5::L2_window_50_current_tiled,m1680-spec-0044::tw1.5::finish_relaxed::max1.5,m1680-spec-0044,L2_window_50_current_tiled,T5,actuator_delay_step|t5_near_boundary_warmup,reveal_plus_4,t5_near_boundary_warmup,t5_near_boundary_warmup,1.5,relaxed,1.5,runs/m1674_controller_family_one_seed_public_pilot/configs/L2_window_50_current_tiled_seed167400.json,runs/m1674_controller_family_one_seed_public_pilot/profile_runs/L2_window_50_current_tiled/seed_167400/checkpoint.pt,True,True,False,False,False,mid_calibration_variant,m1680-spec-0044::tw1.5::finish_relaxed::max1.5::L2_window_50_current_tiled
m1680-spec-0044::tw1.5::finish_relaxed::max1.5::L2_window_100,m1680-spec-0044::tw1.5::finish_relaxed::max1.5,m1680-spec-0044,L2_window_100,T5,actuator_delay_step|t5_near_boundary_warmup,reveal_plus_4,t5_near_boundary_warmup,t5_near_boundary_warmup,1.5,relaxed,1.5,runs/m1674_controller_family_one_seed_public_pilot/configs/L2_window_100_seed167400.json,runs/m1674_controller_family_one_seed_public_pilot/profile_runs/L2_window_100/seed_167400/checkpoint.pt,True,True,False,False,False,mid_calibration_variant,m1680-spec-0044::tw1.5::finish_relaxed::max1.5::L2_window_100
m1680-spec-0044::tw1.5::finish_relaxed::max1.5::L2_window_100_current_tiled,m1680-spec-0044::tw1.5::finish_relaxed::max1.5,m1680-spec-0044,L2_window_100_current_tiled,T5,actuator_delay_step|t5_near_boundary_warmup,reveal_plus_4,t5_near_boundary_warmup,t5_near_boundary_warmup,1.5,relaxed,1.5,runs/m1674_controller_family_one_seed_public_pilot/configs/L2_window_100_current_tiled_seed167400.json,runs/m1674_controller_family_one_seed_public_pilot/profile_runs/L2_window_100_current_tiled/seed_167400/checkpoint.pt,True,True,False,False,False,mid_calibration_variant,m1680-spec-0044::tw1.5::finish_relaxed::max1.5::L2_window_100_current_tiled
m1680-spec-0044::tw1.5::finish_relaxed::max1.5::L3_online_gru,m1680-spec-0044::tw1.5::finish_relaxed::max1.5,m1680-spec-0044,L3_online_gru,T5,actuator_delay_step|t5_near_boundary_warmup,reveal_plus_4,t5_near_boundary_warmup,t5_near_boundary_warmup,1.5,relaxed,1.5,runs/m1674_controller_family_one_seed_public_pilot/configs/L3_online_gru_seed167400.json,runs/m1674_controller_family_one_seed_public_pilot/profile_runs/L3_online_gru/seed_167400/checkpoint.pt,True,True,False,False,False,mid_calibration_variant,m1680-spec-0044::tw1.5::finish_relaxed::max1.5::L3_online_gru
m1680-spec-0044::tw1.5::finish_relaxed::max1.5::L3_reset_control_corrected,m1680-spec-0044::tw1.5::finish_relaxed::max1.5,m1680-spec-0044,L3_reset_control_corrected,T5,actuator_delay_step|t5_near_boundary_warmup,reveal_plus_4,t5_near_boundary_warmup,t5_near_boundary_warmup,1.5,relaxed,1.5,runs/m1674_controller_family_one_seed_public_pilot/configs/L3_reset_control_corrected_seed167400.json,runs/m1674_controller_family_one_seed_public_pilot/profile_runs/L3_reset_control_corrected/seed_167400/checkpoint.pt,True,True,False,False,False,mid_calibration_variant,m1680-spec-0044::tw1.5::finish_relaxed::max1.5::L3_reset_control_corrected
m1680-spec-0044::tw2::finish_original::max1.5::L0_current_masked,m1680-spec-0044::tw2::finish_original::max1.5,m1680-spec-0044,L0_current_masked,T5,actuator_delay_step|t5_near_boundary_warmup,reveal_plus_4,t5_near_boundary_warmup,t5_near_boundary_warmup,2.0,original,1.5,runs/m1674_controller_family_one_seed_public_pilot/configs/L0_current_masked_seed167400.json,runs/m1674_controller_family_one_seed_public_pilot/profile_runs/L0_current_masked/seed_167400/checkpoint.pt,True,True,False,False,False,best_off_track_variant,m1680-spec-0044::tw2::finish_original::max1.5::L0_current_masked
m1680-spec-0044::tw2::finish_original::max1.5::L1_one_step,m1680-spec-0044::tw2::finish_original::max1.5,m1680-spec-0044,L1_one_step,T5,actuator_delay_step|t5_near_boundary_warmup,reveal_plus_4,t5_near_boundary_warmup,t5_near_boundary_warmup,2.0,original,1.5,runs/m1674_controller_family_one_seed_public_pilot/configs/L1_one_step_seed167400.json,runs/m1674_controller_family_one_seed_public_pilot/profile_runs/L1_one_step/seed_167400/checkpoint.pt,True,True,False,False,False,best_off_track_variant,m1680-spec-0044::tw2::finish_original::max1.5::L1_one_step
m1680-spec-0044::tw2::finish_original::max1.5::L2_window_13,m1680-spec-0044::tw2::finish_original::max1.5,m1680-spec-0044,L2_window_13,T5,actuator_delay_step|t5_near_boundary_warmup,reveal_plus_4,t5_near_boundary_warmup,t5_near_boundary_warmup,2.0,original,1.5,runs/m1674_controller_family_one_seed_public_pilot/configs/L2_window_13_seed167400.json,runs/m1674_controller_family_one_seed_public_pilot/profile_runs/L2_window_13/seed_167400/checkpoint.pt,True,True,False,False,False,best_off_track_variant,m1680-spec-0044::tw2::finish_original::max1.5::L2_window_13
m1680-spec-0044::tw2::finish_original::max1.5::L2_window_13_current_tiled,m1680-spec-0044::tw2::finish_original::max1.5,m1680-spec-0044,L2_window_13_current_tiled,T5,actuator_delay_step|t5_near_boundary_warmup,reveal_plus_4,t5_near_boundary_warmup,t5_near_boundary_warmup,2.0,original,1.5,runs/m1674_controller_family_one_seed_public_pilot/configs/L2_window_13_current_tiled_seed167400.json,runs/m1674_controller_family_one_seed_public_pilot/profile_runs/L2_window_13_current_tiled/seed_167400/checkpoint.pt,True,True,False,False,False,best_off_track_variant,m1680-spec-0044::tw2::finish_original::max1.5::L2_window_13_current_tiled
m1680-spec-0044::tw2::finish_original::max1.5::L2_window_25,m1680-spec-0044::tw2::finish_original::max1.5,m1680-spec-0044,L2_window_25,T5,actuator_delay_step|t5_near_boundary_warmup,reveal_plus_4,t5_near_boundary_warmup,t5_near_boundary_warmup,2.0,original,1.5,runs/m1674_controller_family_one_seed_public_pilot/configs/L2_window_25_seed167400.json,runs/m1674_controller_family_one_seed_public_pilot/profile_runs/L2_window_25/seed_167400/checkpoint.pt,True,True,False,False,False,best_off_track_variant,m1680-spec-0044::tw2::finish_original::max1.5::L2_window_25
m1680-spec-0044::tw2::finish_original::max1.5::L2_window_25_current_tiled,m1680-spec-0044::tw2::finish_original::max1.5,m1680-spec-0044,L2_window_25_current_tiled,T5,actuator_delay_step|t5_near_boundary_warmup,reveal_plus_4,t5_near_boundary_warmup,t5_near_boundary_warmup,2.0,original,1.5,runs/m1674_controller_family_one_seed_public_pilot/configs/L2_window_25_current_tiled_seed167400.json,runs/m1674_controller_family_one_seed_public_pilot/profile_runs/L2_window_25_current_tiled/seed_167400/checkpoint.pt,True,True,False,False,False,best_off_track_variant,m1680-spec-0044::tw2::finish_original::max1.5::L2_window_25_current_tiled
m1680-spec-0044::tw2::finish_original::max1.5::L2_window_50,m1680-spec-0044::tw2::finish_original::max1.5,m1680-spec-0044,L2_window_50,T5,actuator_delay_step|t5_near_boundary_warmup,reveal_plus_4,t5_near_boundary_warmup,t5_near_boundary_warmup,2.0,original,1.5,runs/m1674_controller_family_one_seed_public_pilot/configs/L2_window_50_seed167400.json,runs/m1674_controller_family_one_seed_public_pilot/profile_runs/L2_window_50/seed_167400/checkpoint.pt,True,True,False,False,False,best_off_track_variant,m1680-spec-0044::tw2::finish_original::max1.5::L2_window_50
m1680-spec-0044::tw2::finish_original::max1.5::L2_window_50_current_tiled,m1680-spec-0044::tw2::finish_original::max1.5,m1680-spec-0044,L2_window_50_current_tiled,T5,actuator_delay_step|t5_near_boundary_warmup,reveal_plus_4,t5_near_boundary_warmup,t5_near_boundary_warmup,2.0,original,1.5,runs/m1674_controller_family_one_seed_public_pilot/configs/L2_window_50_current_tiled_seed167400.json,runs/m1674_controller_family_one_seed_public_pilot/profile_runs/L2_window_50_current_tiled/seed_167400/checkpoint.pt,True,True,False,False,False,best_off_track_variant,m1680-spec-0044::tw2::finish_original::max1.5::L2_window_50_current_tiled
m1680-spec-0044::tw2::finish_original::max1.5::L2_window_100,m1680-spec-0044::tw2::finish_original::max1.5,m1680-spec-0044,L2_window_100,T5,actuator_delay_step|t5_near_boundary_warmup,reveal_plus_4,t5_near_boundary_warmup,t5_near_boundary_warmup,2.0,original,1.5,runs/m1674_controller_family_one_seed_public_pilot/configs/L2_window_100_seed167400.json,runs/m1674_controller_family_one_seed_public_pilot/profile_runs/L2_window_100/seed_167400/checkpoint.pt,True,True,False,False,False,best_off_track_variant,m1680-spec-0044::tw2::finish_original::max1.5::L2_window_100
m1680-spec-0044::tw2::finish_original::max1.5::L2_window_100_current_tiled,m1680-spec-0044::tw2::finish_original::max1.5,m1680-spec-0044,L2_window_100_current_tiled,T5,actuator_delay_step|t5_near_boundary_warmup,reveal_plus_4,t5_near_boundary_warmup,t5_near_boundary_warmup,2.0,original,1.5,runs/m1674_controller_family_one_seed_public_pilot/configs/L2_window_100_current_tiled_seed167400.json,runs/m1674_controller_family_one_seed_public_pilot/profile_runs/L2_window_100_current_tiled/seed_167400/checkpoint.pt,True,True,False,False,False,best_off_track_variant,m1680-spec-0044::tw2::finish_original::max1.5::L2_window_100_current_tiled
m1680-spec-0044::tw2::finish_original::max1.5::L3_online_gru,m1680-spec-0044::tw2::finish_original::max1.5,m1680-spec-0044,L3_online_gru,T5,actuator_delay_step|t5_near_boundary_warmup,reveal_plus_4,t5_near_boundary_warmup,t5_near_boundary_warmup,2.0,original,1.5,runs/m1674_controller_family_one_seed_public_pilot/configs/L3_online_gru_seed167400.json,runs/m1674_controller_family_one_seed_public_pilot/profile_runs/L3_online_gru/seed_167400/checkpoint.pt,True,True,False,False,False,best_off_track_variant,m1680-spec-0044::tw2::finish_original::max1.5::L3_online_gru
m1680-spec-0044::tw2::finish_original::max1.5::L3_reset_control_corrected,m1680-spec-0044::tw2::finish_original::max1.5,m1680-spec-0044,L3_reset_control_corrected,T5,actuator_delay_step|t5_near_boundary_warmup,reveal_plus_4,t5_near_boundary_warmup,t5_near_boundary_warmup,2.0,original,1.5,runs/m1674_controller_family_one_seed_public_pilot/configs/L3_reset_control_corrected_seed167400.json,runs/m1674_controller_family_one_seed_public_pilot/profile_runs/L3_reset_control_corrected/seed_167400/checkpoint.pt,True,True,False,False,False,best_off_track_variant,m1680-spec-0044::tw2::finish_original::max1.5::L3_reset_control_corrected
m1680-spec-0044::tw2::finish_relaxed::max1::L0_current_masked,m1680-spec-0044::tw2::finish_relaxed::max1,m1680-spec-0044,L0_current_masked,T5,actuator_delay_step|t5_near_boundary_warmup,reveal_plus_4,t5_near_boundary_warmup,t5_near_boundary_warmup,2.0,relaxed,1.0,runs/m1674_controller_family_one_seed_public_pilot/configs/L0_current_masked_seed167400.json,runs/m1674_controller_family_one_seed_public_pilot/profile_runs/L0_current_masked/seed_167400/checkpoint.pt,True,True,False,False,False,collision_control_wide_relaxed,m1680-spec-0044::tw2::finish_relaxed::max1::L0_current_masked
m1680-spec-0044::tw2::finish_relaxed::max1::L1_one_step,m1680-spec-0044::tw2::finish_relaxed::max1,m1680-spec-0044,L1_one_step,T5,actuator_delay_step|t5_near_boundary_warmup,reveal_plus_4,t5_near_boundary_warmup,t5_near_boundary_warmup,2.0,relaxed,1.0,runs/m1674_controller_family_one_seed_public_pilot/configs/L1_one_step_seed167400.json,runs/m1674_controller_family_one_seed_public_pilot/profile_runs/L1_one_step/seed_167400/checkpoint.pt,True,True,False,False,False,collision_control_wide_relaxed,m1680-spec-0044::tw2::finish_relaxed::max1::L1_one_step
m1680-spec-0044::tw2::finish_relaxed::max1::L2_window_13,m1680-spec-0044::tw2::finish_relaxed::max1,m1680-spec-0044,L2_window_13,T5,actuator_delay_step|t5_near_boundary_warmup,reveal_plus_4,t5_near_boundary_warmup,t5_near_boundary_warmup,2.0,relaxed,1.0,runs/m1674_controller_family_one_seed_public_pilot/configs/L2_window_13_seed167400.json,runs/m1674_controller_family_one_seed_public_pilot/profile_runs/L2_window_13/seed_167400/checkpoint.pt,True,True,False,False,False,collision_control_wide_relaxed,m1680-spec-0044::tw2::finish_relaxed::max1::L2_window_13
m1680-spec-0044::tw2::finish_relaxed::max1::L2_window_13_current_tiled,m1680-spec-0044::tw2::finish_relaxed::max1,m1680-spec-0044,L2_window_13_current_tiled,T5,actuator_delay_step|t5_near_boundary_warmup,reveal_plus_4,t5_near_boundary_warmup,t5_near_boundary_warmup,2.0,relaxed,1.0,runs/m1674_controller_family_one_seed_public_pilot/configs/L2_window_13_current_tiled_seed167400.json,runs/m1674_controller_family_one_seed_public_pilot/profile_runs/L2_window_13_current_tiled/seed_167400/checkpoint.pt,True,True,False,False,False,collision_control_wide_relaxed,m1680-spec-0044::tw2::finish_relaxed::max1::L2_window_13_current_tiled
m1680-spec-0044::tw2::finish_relaxed::max1::L2_window_25,m1680-spec-0044::tw2::finish_relaxed::max1,m1680-spec-0044,L2_window_25,T5,actuator_delay_step|t5_near_boundary_warmup,reveal_plus_4,t5_near_boundary_warmup,t5_near_boundary_warmup,2.0,relaxed,1.0,runs/m1674_controller_family_one_seed_public_pilot/configs/L2_window_25_seed167400.json,runs/m1674_controller_family_one_seed_public_pilot/profile_runs/L2_window_25/seed_167400/checkpoint.pt,True,True,False,False,False,collision_control_wide_relaxed,m1680-spec-0044::tw2::finish_relaxed::max1::L2_window_25
m1680-spec-0044::tw2::finish_relaxed::max1::L2_window_25_current_tiled,m1680-spec-0044::tw2::finish_relaxed::max1,m1680-spec-0044,L2_window_25_current_tiled,T5,actuator_delay_step|t5_near_boundary_warmup,reveal_plus_4,t5_near_boundary_warmup,t5_near_boundary_warmup,2.0,relaxed,1.0,runs/m1674_controller_family_one_seed_public_pilot/configs/L2_window_25_current_tiled_seed167400.json,runs/m1674_controller_family_one_seed_public_pilot/profile_runs/L2_window_25_current_tiled/seed_167400/checkpoint.pt,True,True,False,False,False,collision_control_wide_relaxed,m1680-spec-0044::tw2::finish_relaxed::max1::L2_window_25_current_tiled
m1680-spec-0044::tw2::finish_relaxed::max1::L2_window_50,m1680-spec-0044::tw2::finish_relaxed::max1,m1680-spec-0044,L2_window_50,T5,actuator_delay_step|t5_near_boundary_warmup,reveal_plus_4,t5_near_boundary_warmup,t5_near_boundary_warmup,2.0,relaxed,1.0,runs/m1674_controller_family_one_seed_public_pilot/configs/L2_window_50_seed167400.json,runs/m1674_controller_family_one_seed_public_pilot/profile_runs/L2_window_50/seed_167400/checkpoint.pt,True,True,False,False,False,collision_control_wide_relaxed,m1680-spec-0044::tw2::finish_relaxed::max1::L2_window_50
m1680-spec-0044::tw2::finish_relaxed::max1::L2_window_50_current_tiled,m1680-spec-0044::tw2::finish_relaxed::max1,m1680-spec-0044,L2_window_50_current_tiled,T5,actuator_delay_step|t5_near_boundary_warmup,reveal_plus_4,t5_near_boundary_warmup,t5_near_boundary_warmup,2.0,relaxed,1.0,runs/m1674_controller_family_one_seed_public_pilot/configs/L2_window_50_current_tiled_seed167400.json,runs/m1674_controller_family_one_seed_public_pilot/profile_runs/L2_window_50_current_tiled/seed_167400/checkpoint.pt,True,True,False,False,False,collision_control_wide_relaxed,m1680-spec-0044::tw2::finish_relaxed::max1::L2_window_50_current_tiled
m1680-spec-0044::tw2::finish_relaxed::max1::L2_window_100,m1680-spec-0044::tw2::finish_relaxed::max1,m1680-spec-0044,L2_window_100,T5,actuator_delay_step|t5_near_boundary_warmup,reveal_plus_4,t5_near_boundary_warmup,t5_near_boundary_warmup,2.0,relaxed,1.0,runs/m1674_controller_family_one_seed_public_pilot/configs/L2_window_100_seed167400.json,runs/m1674_controller_family_one_seed_public_pilot/profile_runs/L2_window_100/seed_167400/checkpoint.pt,True,True,False,False,False,collision_control_wide_relaxed,m1680-spec-0044::tw2::finish_relaxed::max1::L2_window_100
m1680-spec-0044::tw2::finish_relaxed::max1::L2_window_100_current_tiled,m1680-spec-0044::tw2::finish_relaxed::max1,m1680-spec-0044,L2_window_100_current_tiled,T5,actuator_delay_step|t5_near_boundary_warmup,reveal_plus_4,t5_near_boundary_warmup,t5_near_boundary_warmup,2.0,relaxed,1.0,runs/m1674_controller_family_one_seed_public_pilot/configs/L2_window_100_current_tiled_seed167400.json,runs/m1674_controller_family_one_seed_public_pilot/profile_runs/L2_window_100_current_tiled/seed_167400/checkpoint.pt,True,True,False,False,False,collision_control_wide_relaxed,m1680-spec-0044::tw2::finish_relaxed::max1::L2_window_100_current_tiled
m1680-spec-0044::tw2::finish_relaxed::max1::L3_online_gru,m1680-spec-0044::tw2::finish_relaxed::max1,m1680-spec-0044,L3_online_gru,T5,actuator_delay_step|t5_near_boundary_warmup,reveal_plus_4,t5_near_boundary_warmup,t5_near_boundary_warmup,2.0,relaxed,1.0,runs/m1674_controller_family_one_seed_public_pilot/configs/L3_online_gru_seed167400.json,runs/m1674_controller_family_one_seed_public_pilot/profile_runs/L3_online_gru/seed_167400/checkpoint.pt,True,True,False,False,False,collision_control_wide_relaxed,m1680-spec-0044::tw2::finish_relaxed::max1::L3_online_gru
m1680-spec-0044::tw2::finish_relaxed::max1::L3_reset_control_corrected,m1680-spec-0044::tw2::finish_relaxed::max1,m1680-spec-0044,L3_reset_control_corrected,T5,actuator_delay_step|t5_near_boundary_warmup,reveal_plus_4,t5_near_boundary_warmup,t5_near_boundary_warmup,2.0,relaxed,1.0,runs/m1674_controller_family_one_seed_public_pilot/configs/L3_reset_control_corrected_seed167400.json,runs/m1674_controller_family_one_seed_public_pilot/profile_runs/L3_reset_control_corrected/seed_167400/checkpoint.pt,True,True,False,False,False,collision_control_wide_relaxed,m1680-spec-0044::tw2::finish_relaxed::max1::L3_reset_control_corrected
