measurement_episode_id,fresh_panel_row_id,panel_family,axis_id,axis_family,scenario_family,fresh_scenario_distribution,fresh_seed,m3080_reference_measurement_episode_id,m3080_reference_eval_seed,m3080_reference_outcome_bucket,source_denominator_reused,fixed_denominator_row_reused,measurement_admission_after_m3083,baseline_measurement_row_id,source_episode_index,executable_workload_id,workload_contract_id,source_resolution_id,profile_binding_id,executable_source_spec_id,task_source_id,base_profile_name,direct_action_profile_name,binding_role,task_family,source_edge,window_tag,strata,eval_seed,policy,steps,terminated,truncated,success,collision,obstacle_completed,termination_reason,outcome_bucket,min_obstacle_clearance,obstacle_collision_radius,min_clearance_margin,high_sideslip_fraction,beta_abs_error_mean,lateral_rmse,action_rate_mean,max_off_track_overshoot,time_to_first_off_track_s,off_track_severity_proxy,recoverability_window_success_available,recoverability_window_success,return,speed_mean,candidate_output_semantics,runtime_base_policy_required,direct_action_step_count,raw_action_abs_max,raw_action_l2_mean,action_clip_fraction,final_action_abs_max,baseline_success,baseline_collision,baseline_min_clearance_margin,baseline_high_sideslip_fraction,baseline_lateral_rmse,baseline_action_rate_mean,baseline_return,success_delta_vs_baseline,collision_delta_vs_baseline,clearance_margin_delta_vs_baseline,high_sideslip_fraction_delta_vs_baseline,lateral_rmse_delta_vs_baseline,action_rate_delta_vs_baseline,return_delta_vs_baseline,environment_reset_run,environment_step_run,policy_action_run,policy_rollout_run,validation_run,training_run,replay_run,ppo_run,ranking_run,winner_selected,checkpoint_mutated,checkpoint_promoted,actor_input_contract_changed,hidden_oracle_actor_input_required,target_labels_actor_visible,target_provenance_actor_visible,source_labels_actor_visible,route_labels_actor_visible,outcome_labels_actor_visible,success_progress_labels_actor_visible,verdict_labels_actor_visible,ttc_actor_input_required,success_rate_verdict_claim_made,driver_performance_claim_made,repair_success_claim_made,validation_result_claim_made,paper_claim_made,finite_window_vs_gru_claim_made,current_sim_verdict_claim_made,high_fidelity_validation_claim_made,full_ideal_driver_completion_claim_made,level3_self_id_claim_made,measurement_only_no_verdict,claim_boundary
m3084-measurement-episode-0001,m3082-fresh-panel-0001,m3082_fresh_robustness_panel,collision_lateral_intrusion,collision_preservation,fresh_obstacle_lateral_intrusion,fresh_obstacle_lateral_offsets_and_reveal_timing,True,m3080-measurement-episode-0001,301500,success_obstacle_pass,False,False,True,m3080-measurement-episode-0001,1,m3012-executable-workload-0003,m3009-workload-contract-0003,m3009-source-resolution-0002,m3009-profile-binding-0001,m3012-executable-source-spec-0002,m3006-src-0001,route_a_candidate_m2655_mitigation_preserving,route_a_candidate_m2655_mitigation_preserving+m3078_deterministic_safety_reflex_fresh_collision_lateral_intrusion,candidate,T5,curved_boundary_obstacle|capability_step_down_variant,decision_minus_40,active_safety_driver_v1;T5;candidate;collision_lateral_intrusion;fresh_obstacle_lateral_offsets_and_reveal_timing;t5_boundary_axis_retarget,401500,m3078_deterministic_safety_reflex_fresh,105,False,True,True,False,True,,success_obstacle_pass,15.84554639369201,1.7279899953097342,14.117556398382275,0.0,0.3586685884154342,1.1515645417911269,0.026786336675286293,0.0,,0.0,False,False,83.1441006932995,8.614171135972768,direct_action_clipped,False,105,1.0,1.071393216223944,0.0,1.0,True,False,20.296686757143856,0.0,1.8918321180102506,0.013254091143608093,78.642250895919,0.0,0.0,-6.179130358761581,0.0,-0.7402675762191238,0.0135322455316782,4.501849797380501,True,True,True,True,False,False,False,False,False,False,False,False,False,False,False,False,False,False,False,False,False,False,False,False,False,False,False,False,False,False,False,False,True,"M3084 Active Safety Driver v1 actor-visible deterministic direct-action safety-reflex fresh robustness measurement preflight only; fresh current-sim measurement rows and metric tables may be recorded for the M3078 deterministic direct-action safety-reflex candidate on the M3082 fresh panel. The candidate is executed as final_action = actor_visible_safety_reflex_action(obs72). No runtime base policy, hidden oracle, TTC, target, provenance, source, route, outcome, progress, or verdict actor input is used. No validation result, driver-performance verdict, current-sim verdict, ranking, winner selection, checkpoint promotion, checkpoint mutation, repair success, high-fidelity validation, paper evidence, finite-window-vs-GRU, full ideal driver, or self-ID claim is made"
m3084-measurement-episode-0002,m3082-fresh-panel-0002,m3082_fresh_robustness_panel,collision_lateral_intrusion,collision_preservation,fresh_obstacle_lateral_intrusion,fresh_obstacle_lateral_offsets_and_reveal_timing,True,m3080-measurement-episode-0002,301501,speed_too_low_noncollision_noncompletion,False,False,True,m3080-measurement-episode-0002,2,m3012-executable-workload-0004,m3009-workload-contract-0004,m3009-source-resolution-0002,m3009-profile-binding-0002,m3012-executable-source-spec-0002,m3006-src-0001,route_a_parent_l3_online_gru,route_a_parent_l3_online_gru+m3078_deterministic_safety_reflex_fresh_collision_lateral_intrusion,parent,T5,curved_boundary_obstacle|capability_step_down_variant,decision_minus_40,active_safety_driver_v1;T5;parent;collision_lateral_intrusion;fresh_obstacle_lateral_offsets_and_reveal_timing;t5_boundary_axis_retarget,401501,m3078_deterministic_safety_reflex_fresh,78,False,True,True,False,True,,success_obstacle_pass,6.552354521539743,2.0007553031241843,4.551599218415559,0.0,0.4627329656554814,0.7220929257375512,0.029271621257066727,0.0,,0.0,False,False,69.14898193423171,8.829444990883927,direct_action_clipped,False,78,1.0,1.0833949935741913,0.0,1.0,False,False,28.02406065522729,0.10493827160493827,1.0667621438765422,0.0321514867246151,73.5288659724002,1.0,0.0,-23.472461436811734,-0.10493827160493827,-0.344669218138991,-0.0028798654675483704,-4.379884038168484,True,True,True,True,False,False,False,False,False,False,False,False,False,False,False,False,False,False,False,False,False,False,False,False,False,False,False,False,False,False,False,False,True,"M3084 Active Safety Driver v1 actor-visible deterministic direct-action safety-reflex fresh robustness measurement preflight only; fresh current-sim measurement rows and metric tables may be recorded for the M3078 deterministic direct-action safety-reflex candidate on the M3082 fresh panel. The candidate is executed as final_action = actor_visible_safety_reflex_action(obs72). No runtime base policy, hidden oracle, TTC, target, provenance, source, route, outcome, progress, or verdict actor input is used. No validation result, driver-performance verdict, current-sim verdict, ranking, winner selection, checkpoint promotion, checkpoint mutation, repair success, high-fidelity validation, paper evidence, finite-window-vs-GRU, full ideal driver, or self-ID claim is made"
m3084-measurement-episode-0003,m3082-fresh-panel-0003,m3082_fresh_robustness_panel,collision_lateral_intrusion,collision_preservation,fresh_obstacle_lateral_intrusion,fresh_obstacle_lateral_offsets_and_reveal_timing,True,m3080-measurement-episode-0003,301502,success_obstacle_pass,False,False,True,m3080-measurement-episode-0003,3,m3012-executable-workload-0007,m3009-workload-contract-0007,m3009-source-resolution-0004,m3009-profile-binding-0001,m3012-executable-source-spec-0004,m3006-src-0003,route_a_candidate_m2655_mitigation_preserving,route_a_candidate_m2655_mitigation_preserving+m3078_deterministic_safety_reflex_fresh_collision_lateral_intrusion,candidate,T5,brake_fade_or_loss_proxy|boundary_axis_variant,decision_minus_28,active_safety_driver_v1;T5;candidate;collision_lateral_intrusion;fresh_obstacle_lateral_offsets_and_reveal_timing;t5_near_boundary_warmup,401510,m3078_deterministic_safety_reflex_fresh,95,False,True,True,False,True,,success_obstacle_pass,13.267804147847063,1.7493158320757254,11.518488315771338,0.0,0.47947185076726134,0.88893945038983,0.04239403456449509,0.0,,0.0,False,False,74.96209359346776,9.231539803483944,direct_action_clipped,False,95,1.0,1.0987055075796026,0.0,1.0,True,False,14.208429260635159,0.0,1.4796300658981032,0.02007572539150715,65.03375430001762,0.0,0.0,-2.689940944863821,0.0,-0.5906906155082732,0.022318309172987938,9.928339293450136,True,True,True,True,False,False,False,False,False,False,False,False,False,False,False,False,False,False,False,False,False,False,False,False,False,False,False,False,False,False,False,False,True,"M3084 Active Safety Driver v1 actor-visible deterministic direct-action safety-reflex fresh robustness measurement preflight only; fresh current-sim measurement rows and metric tables may be recorded for the M3078 deterministic direct-action safety-reflex candidate on the M3082 fresh panel. The candidate is executed as final_action = actor_visible_safety_reflex_action(obs72). No runtime base policy, hidden oracle, TTC, target, provenance, source, route, outcome, progress, or verdict actor input is used. No validation result, driver-performance verdict, current-sim verdict, ranking, winner selection, checkpoint promotion, checkpoint mutation, repair success, high-fidelity validation, paper evidence, finite-window-vs-GRU, full ideal driver, or self-ID claim is made"
m3084-measurement-episode-0004,m3082-fresh-panel-0004,m3082_fresh_robustness_panel,collision_lateral_intrusion,collision_preservation,fresh_obstacle_lateral_intrusion,fresh_obstacle_lateral_offsets_and_reveal_timing,True,m3080-measurement-episode-0004,301503,success_obstacle_pass,False,False,True,m3080-measurement-episode-0004,4,m3012-executable-workload-0008,m3009-workload-contract-0008,m3009-source-resolution-0004,m3009-profile-binding-0002,m3012-executable-source-spec-0004,m3006-src-0003,route_a_parent_l3_online_gru,route_a_parent_l3_online_gru+m3078_deterministic_safety_reflex_fresh_collision_lateral_intrusion,parent,T5,brake_fade_or_loss_proxy|boundary_axis_variant,decision_minus_28,active_safety_driver_v1;T5;parent;collision_lateral_intrusion;fresh_obstacle_lateral_offsets_and_reveal_timing;t5_near_boundary_warmup,401511,m3078_deterministic_safety_reflex_fresh,161,True,False,False,False,False,speed_too_low,speed_too_low_noncollision_noncompletion,6.712531994412541,1.814655928013147,4.8978760663993945,0.7453416149068323,0.780472321513206,0.6953845140498184,0.04643573611974716,0.0,,0.0,False,False,-85.65587959676368,4.077096696794109,direct_action_clipped,False,161,1.0,1.1589676648933696,0.0,1.0,True,False,18.50180233787784,0.0,1.4509449712104228,0.01140759326517582,75.04360628873364,-1.0,0.0,-13.603926271478446,0.7453416149068323,-0.7555604571606044,0.03502814285457134,-160.69948588549732,True,True,True,True,False,False,False,False,False,False,False,False,False,False,False,False,False,False,False,False,False,False,False,False,False,False,False,False,False,False,False,False,True,"M3084 Active Safety Driver v1 actor-visible deterministic direct-action safety-reflex fresh robustness measurement preflight only; fresh current-sim measurement rows and metric tables may be recorded for the M3078 deterministic direct-action safety-reflex candidate on the M3082 fresh panel. The candidate is executed as final_action = actor_visible_safety_reflex_action(obs72). No runtime base policy, hidden oracle, TTC, target, provenance, source, route, outcome, progress, or verdict actor input is used. No validation result, driver-performance verdict, current-sim verdict, ranking, winner selection, checkpoint promotion, checkpoint mutation, repair success, high-fidelity validation, paper evidence, finite-window-vs-GRU, full ideal driver, or self-ID claim is made"
m3084-measurement-episode-0005,m3082-fresh-panel-0005,m3082_fresh_robustness_panel,collision_lateral_intrusion,collision_preservation,fresh_obstacle_lateral_intrusion,fresh_obstacle_lateral_offsets_and_reveal_timing,True,m3080-measurement-episode-0005,301504,speed_too_low_noncollision_noncompletion,False,False,True,m3080-measurement-episode-0005,5,m3012-executable-workload-0011,m3009-workload-contract-0011,m3009-source-resolution-0006,m3009-profile-binding-0001,m3012-executable-source-spec-0006,m3006-src-0005,route_a_candidate_m2655_mitigation_preserving,route_a_candidate_m2655_mitigation_preserving+m3078_deterministic_safety_reflex_fresh_collision_lateral_intrusion,candidate,T5,t5_near_boundary_warmup|curved_boundary_obstacle_variant,decision_minus_36,active_safety_driver_v1;T5;candidate;collision_lateral_intrusion;fresh_obstacle_lateral_offsets_and_reveal_timing;t5_near_boundary_warmup,401520,m3078_deterministic_safety_reflex_fresh,76,False,True,True,False,True,,success_obstacle_pass,6.763700964153611,1.725272935483941,5.038428028669671,0.0,0.4864044075947533,0.6573693105613038,0.0343773253262043,0.0,,0.0,False,False,66.62985307653071,9.351218168183674,direct_action_clipped,False,76,1.0,1.0996073390308179,0.0,1.0,False,False,15.885653261348914,0.0,1.9874022559560989,0.010979214683175087,21.540173160249864,1.0,0.0,-10.847225232679243,0.0,-1.330032945394795,0.023398110643029213,45.08967991628084,True,True,True,True,False,False,False,False,False,False,False,False,False,False,False,False,False,False,False,False,False,False,False,False,False,False,False,False,False,False,False,False,True,"M3084 Active Safety Driver v1 actor-visible deterministic direct-action safety-reflex fresh robustness measurement preflight only; fresh current-sim measurement rows and metric tables may be recorded for the M3078 deterministic direct-action safety-reflex candidate on the M3082 fresh panel. The candidate is executed as final_action = actor_visible_safety_reflex_action(obs72). No runtime base policy, hidden oracle, TTC, target, provenance, source, route, outcome, progress, or verdict actor input is used. No validation result, driver-performance verdict, current-sim verdict, ranking, winner selection, checkpoint promotion, checkpoint mutation, repair success, high-fidelity validation, paper evidence, finite-window-vs-GRU, full ideal driver, or self-ID claim is made"
m3084-measurement-episode-0006,m3082-fresh-panel-0006,m3082_fresh_robustness_panel,collision_lateral_intrusion,collision_preservation,fresh_obstacle_lateral_intrusion,fresh_obstacle_lateral_offsets_and_reveal_timing,True,m3080-measurement-episode-0006,301505,success_obstacle_pass,False,False,True,m3080-measurement-episode-0006,6,m3012-executable-workload-0012,m3009-workload-contract-0012,m3009-source-resolution-0006,m3009-profile-binding-0002,m3012-executable-source-spec-0006,m3006-src-0005,route_a_parent_l3_online_gru,route_a_parent_l3_online_gru+m3078_deterministic_safety_reflex_fresh_collision_lateral_intrusion,parent,T5,t5_near_boundary_warmup|curved_boundary_obstacle_variant,decision_minus_36,active_safety_driver_v1;T5;parent;collision_lateral_intrusion;fresh_obstacle_lateral_offsets_and_reveal_timing;t5_near_boundary_warmup,401521,m3078_deterministic_safety_reflex_fresh,161,True,False,False,False,False,speed_too_low,speed_too_low_noncollision_noncompletion,17.345467602307323,1.924223323001689,15.421244279305634,0.0,0.2718579566188273,1.4782205656659955,0.03020496293902397,0.0,,0.0,False,False,39.81166123571742,5.558268298687177,direct_action_clipped,False,161,1.0,1.0640808454951884,0.0,1.0,True,False,13.139502225640612,0.0,1.685897913408106,0.023500550538301468,69.25374131245725,-1.0,0.0,2.281742053665022,0.0,-0.20767734774211055,0.006704412400722504,-29.442080076739828,True,True,True,True,False,False,False,False,False,False,False,False,False,False,False,False,False,False,False,False,False,False,False,False,False,False,False,False,False,False,False,False,True,"M3084 Active Safety Driver v1 actor-visible deterministic direct-action safety-reflex fresh robustness measurement preflight only; fresh current-sim measurement rows and metric tables may be recorded for the M3078 deterministic direct-action safety-reflex candidate on the M3082 fresh panel. The candidate is executed as final_action = actor_visible_safety_reflex_action(obs72). No runtime base policy, hidden oracle, TTC, target, provenance, source, route, outcome, progress, or verdict actor input is used. No validation result, driver-performance verdict, current-sim verdict, ranking, winner selection, checkpoint promotion, checkpoint mutation, repair success, high-fidelity validation, paper evidence, finite-window-vs-GRU, full ideal driver, or self-ID claim is made"
m3084-measurement-episode-0007,m3082-fresh-panel-0007,m3082_fresh_robustness_panel,collision_lateral_intrusion,collision_preservation,fresh_obstacle_lateral_intrusion,fresh_obstacle_lateral_offsets_and_reveal_timing,True,m3080-measurement-episode-0007,301506,off_track_noncollision_noncompletion,False,False,True,m3080-measurement-episode-0007,7,m3012-executable-workload-0015,m3009-workload-contract-0015,m3009-source-resolution-0008,m3009-profile-binding-0001,m3012-executable-source-spec-0008,m3006-src-0007,route_a_candidate_m2655_mitigation_preserving,route_a_candidate_m2655_mitigation_preserving+m3078_deterministic_safety_reflex_fresh_collision_lateral_intrusion,candidate,T5,t5_high_speed_close_obstacle|boundary_retarget_variant,reveal_plus_6,active_safety_driver_v1;T5;candidate;collision_lateral_intrusion;fresh_obstacle_lateral_offsets_and_reveal_timing;t5_high_speed_close_obstacle,401530,m3078_deterministic_safety_reflex_fresh,30,True,False,False,True,False,obstacle_collision,collision_failure,2.0297632787827764,2.1481494302468245,-0.11838615146404807,0.0,0.23590715026630332,0.6611992796393453,0.06353688985109329,0.0,,0.0,False,False,10.640602314956876,17.178415515502873,direct_action_clipped,False,30,1.0,1.1919069012006125,0.0,1.0,False,False,8.801340218185194,0.5272727272727272,2.091335390077762,0.030892264097929,-127.31973123128293,0.0,1.0,-8.919726369649242,-0.5272727272727272,-1.4301361104384167,0.03264462575316429,137.9603335462398,True,True,True,True,False,False,False,False,False,False,False,False,False,False,False,False,False,False,False,False,False,False,False,False,False,False,False,False,False,False,False,False,True,"M3084 Active Safety Driver v1 actor-visible deterministic direct-action safety-reflex fresh robustness measurement preflight only; fresh current-sim measurement rows and metric tables may be recorded for the M3078 deterministic direct-action safety-reflex candidate on the M3082 fresh panel. The candidate is executed as final_action = actor_visible_safety_reflex_action(obs72). No runtime base policy, hidden oracle, TTC, target, provenance, source, route, outcome, progress, or verdict actor input is used. No validation result, driver-performance verdict, current-sim verdict, ranking, winner selection, checkpoint promotion, checkpoint mutation, repair success, high-fidelity validation, paper evidence, finite-window-vs-GRU, full ideal driver, or self-ID claim is made"
m3084-measurement-episode-0008,m3082-fresh-panel-0008,m3082_fresh_robustness_panel,collision_lateral_intrusion,collision_preservation,fresh_obstacle_lateral_intrusion,fresh_obstacle_lateral_offsets_and_reveal_timing,True,m3080-measurement-episode-0008,301507,speed_too_low_noncollision_noncompletion,False,False,True,m3080-measurement-episode-0008,8,m3012-executable-workload-0016,m3009-workload-contract-0016,m3009-source-resolution-0008,m3009-profile-binding-0002,m3012-executable-source-spec-0008,m3006-src-0007,route_a_parent_l3_online_gru,route_a_parent_l3_online_gru+m3078_deterministic_safety_reflex_fresh_collision_lateral_intrusion,parent,T5,t5_high_speed_close_obstacle|boundary_retarget_variant,reveal_plus_6,active_safety_driver_v1;T5;parent;collision_lateral_intrusion;fresh_obstacle_lateral_offsets_and_reveal_timing;t5_high_speed_close_obstacle,401531,m3078_deterministic_safety_reflex_fresh,75,False,True,True,False,True,,success_obstacle_pass,7.180432198791387,2.019411121984637,5.161021076806749,0.0,0.2923870969241239,1.790838997525686,0.01677710749208927,0.0,,0.0,False,False,55.25755555069974,12.256993782099158,direct_action_clipped,False,75,1.0,1.1352514012654622,0.0,1.0,False,False,3.478330119825529,0.6461538461538462,0.81836880669956,0.0703062117099762,-7.179098507948773,1.0,0.0,1.68269095698122,-0.6461538461538462,0.972470190826126,-0.053529104217886925,62.436654058648514,True,True,True,True,False,False,False,False,False,False,False,False,False,False,False,False,False,False,False,False,False,False,False,False,False,False,False,False,False,False,False,False,True,"M3084 Active Safety Driver v1 actor-visible deterministic direct-action safety-reflex fresh robustness measurement preflight only; fresh current-sim measurement rows and metric tables may be recorded for the M3078 deterministic direct-action safety-reflex candidate on the M3082 fresh panel. The candidate is executed as final_action = actor_visible_safety_reflex_action(obs72). No runtime base policy, hidden oracle, TTC, target, provenance, source, route, outcome, progress, or verdict actor input is used. No validation result, driver-performance verdict, current-sim verdict, ranking, winner selection, checkpoint promotion, checkpoint mutation, repair success, high-fidelity validation, paper evidence, finite-window-vs-GRU, full ideal driver, or self-ID claim is made"
m3084-measurement-episode-0009,m3082-fresh-panel-0009,m3082_fresh_robustness_panel,collision_lateral_intrusion,collision_preservation,fresh_obstacle_lateral_intrusion,fresh_obstacle_lateral_offsets_and_reveal_timing,True,m3080-measurement-episode-0009,301508,success_obstacle_pass,False,False,True,m3080-measurement-episode-0009,9,m3012-executable-workload-0019,m3009-workload-contract-0019,m3009-source-resolution-0010,m3009-profile-binding-0001,m3012-executable-source-spec-0010,m3006-src-0009,route_a_candidate_m2655_mitigation_preserving,route_a_candidate_m2655_mitigation_preserving+m3078_deterministic_safety_reflex_fresh_collision_lateral_intrusion,candidate,T5,ood_mass_shift_proxy|late_reveal_boundary,decision_minus_44,active_safety_driver_v1;T5;candidate;collision_lateral_intrusion;fresh_obstacle_lateral_offsets_and_reveal_timing;t5_high_speed_close_obstacle,401540,m3078_deterministic_safety_reflex_fresh,50,False,True,True,False,True,,success_obstacle_pass,2.4728607770239597,2.2293709151783014,0.24348986184565824,0.0,0.5153809063078437,1.2214873050641515,0.0635756328701973,0.0,,0.0,False,False,44.303784950889906,13.141235021347557,direct_action_clipped,False,50,1.0,1.3356693506240844,0.0,1.0,True,False,8.078056468858003,0.0,1.232543799913485,0.030379189178347588,74.13392875873461,0.0,0.0,-7.834566607012345,0.0,-0.011056494849333465,0.03319644369184971,-29.830143807844706,True,True,True,True,False,False,False,False,False,False,False,False,False,False,False,False,False,False,False,False,False,False,False,False,False,False,False,False,False,False,False,False,True,"M3084 Active Safety Driver v1 actor-visible deterministic direct-action safety-reflex fresh robustness measurement preflight only; fresh current-sim measurement rows and metric tables may be recorded for the M3078 deterministic direct-action safety-reflex candidate on the M3082 fresh panel. The candidate is executed as final_action = actor_visible_safety_reflex_action(obs72). No runtime base policy, hidden oracle, TTC, target, provenance, source, route, outcome, progress, or verdict actor input is used. No validation result, driver-performance verdict, current-sim verdict, ranking, winner selection, checkpoint promotion, checkpoint mutation, repair success, high-fidelity validation, paper evidence, finite-window-vs-GRU, full ideal driver, or self-ID claim is made"
m3084-measurement-episode-0010,m3082-fresh-panel-0010,m3082_fresh_robustness_panel,collision_lateral_intrusion,collision_preservation,fresh_obstacle_lateral_intrusion,fresh_obstacle_lateral_offsets_and_reveal_timing,True,m3080-measurement-episode-0010,301509,speed_too_low_noncollision_noncompletion,False,False,True,m3080-measurement-episode-0010,10,m3012-executable-workload-0020,m3009-workload-contract-0020,m3009-source-resolution-0010,m3009-profile-binding-0002,m3012-executable-source-spec-0010,m3006-src-0009,route_a_parent_l3_online_gru,route_a_parent_l3_online_gru+m3078_deterministic_safety_reflex_fresh_collision_lateral_intrusion,parent,T5,ood_mass_shift_proxy|late_reveal_boundary,decision_minus_44,active_safety_driver_v1;T5;parent;collision_lateral_intrusion;fresh_obstacle_lateral_offsets_and_reveal_timing;t5_high_speed_close_obstacle,401541,m3078_deterministic_safety_reflex_fresh,38,True,False,False,True,False,obstacle_collision,collision_failure,1.4212044742942098,1.6974383866499765,-0.27623391235576666,0.6578947368421053,0.2901417620879542,1.7304546266481897,0.03117871843278408,0.0,,0.0,False,False,12.050498978551833,16.851451018982797,direct_action_clipped,False,38,1.0,1.3098901039675663,0.0,1.0,False,False,26.5876779507852,0.0,1.932204681907839,0.015316156670451164,-16.591115961513125,0.0,1.0,-26.863911863140967,0.6578947368421053,-0.20175005525964917,0.015862561762332916,28.641614940064958,True,True,True,True,False,False,False,False,False,False,False,False,False,False,False,False,False,False,False,False,False,False,False,False,False,False,False,False,False,False,False,False,True,"M3084 Active Safety Driver v1 actor-visible deterministic direct-action safety-reflex fresh robustness measurement preflight only; fresh current-sim measurement rows and metric tables may be recorded for the M3078 deterministic direct-action safety-reflex candidate on the M3082 fresh panel. The candidate is executed as final_action = actor_visible_safety_reflex_action(obs72). No runtime base policy, hidden oracle, TTC, target, provenance, source, route, outcome, progress, or verdict actor input is used. No validation result, driver-performance verdict, current-sim verdict, ranking, winner selection, checkpoint promotion, checkpoint mutation, repair success, high-fidelity validation, paper evidence, finite-window-vs-GRU, full ideal driver, or self-ID claim is made"
m3084-measurement-episode-0011,m3082-fresh-panel-0011,m3082_fresh_robustness_panel,collision_lateral_intrusion,collision_preservation,fresh_obstacle_lateral_intrusion,fresh_obstacle_lateral_offsets_and_reveal_timing,True,m3080-measurement-episode-0011,301510,success_obstacle_pass,False,False,True,m3080-measurement-episode-0011,11,m3012-executable-workload-0023,m3009-workload-contract-0023,m3009-source-resolution-0012,m3009-profile-binding-0001,m3012-executable-source-spec-0012,m3006-src-0011,route_a_candidate_m2655_mitigation_preserving,route_a_candidate_m2655_mitigation_preserving+m3078_deterministic_safety_reflex_fresh_collision_lateral_intrusion,candidate,T5,ood_drive_loss_proxy|boundary_axis,mapping_window_new_source,active_safety_driver_v1;T5;candidate;collision_lateral_intrusion;fresh_obstacle_lateral_offsets_and_reveal_timing;t5_near_boundary_warmup,401550,m3078_deterministic_safety_reflex_fresh,93,False,True,True,False,True,,success_obstacle_pass,11.728055028210976,1.930833615814239,9.797221412396738,0.0,0.41751194076513104,0.9238489487558179,0.035407904535532,0.0,,0.0,False,False,81.28571474542518,8.89184708113422,direct_action_clipped,False,93,1.0,1.0777789290233324,0.0,1.0,True,False,9.934895300887764,0.0,0.5802381252145551,0.033282309770584106,63.27361995661581,0.0,0.0,-0.13767388849102602,0.0,0.3436108235412628,0.0021255947649478912,18.01209478880937,True,True,True,True,False,False,False,False,False,False,False,False,False,False,False,False,False,False,False,False,False,False,False,False,False,False,False,False,False,False,False,False,True,"M3084 Active Safety Driver v1 actor-visible deterministic direct-action safety-reflex fresh robustness measurement preflight only; fresh current-sim measurement rows and metric tables may be recorded for the M3078 deterministic direct-action safety-reflex candidate on the M3082 fresh panel. The candidate is executed as final_action = actor_visible_safety_reflex_action(obs72). No runtime base policy, hidden oracle, TTC, target, provenance, source, route, outcome, progress, or verdict actor input is used. No validation result, driver-performance verdict, current-sim verdict, ranking, winner selection, checkpoint promotion, checkpoint mutation, repair success, high-fidelity validation, paper evidence, finite-window-vs-GRU, full ideal driver, or self-ID claim is made"
m3084-measurement-episode-0012,m3082-fresh-panel-0012,m3082_fresh_robustness_panel,collision_lateral_intrusion,collision_preservation,fresh_obstacle_lateral_intrusion,fresh_obstacle_lateral_offsets_and_reveal_timing,True,m3080-measurement-episode-0012,301511,success_obstacle_pass,False,False,True,m3080-measurement-episode-0012,12,m3012-executable-workload-0024,m3009-workload-contract-0024,m3009-source-resolution-0012,m3009-profile-binding-0002,m3012-executable-source-spec-0012,m3006-src-0011,route_a_parent_l3_online_gru,route_a_parent_l3_online_gru+m3078_deterministic_safety_reflex_fresh_collision_lateral_intrusion,parent,T5,ood_drive_loss_proxy|boundary_axis,mapping_window_new_source,active_safety_driver_v1;T5;parent;collision_lateral_intrusion;fresh_obstacle_lateral_offsets_and_reveal_timing;t5_near_boundary_warmup,401551,m3078_deterministic_safety_reflex_fresh,73,False,True,True,False,True,,success_obstacle_pass,5.931843925458861,1.8670502730164884,4.064793652442373,0.0,0.4648501476380686,0.9131560154462618,0.026033524423837662,0.0,,0.0,False,False,59.81583687232986,8.992522743908207,direct_action_clipped,False,73,1.0,1.0802362455080634,0.0,1.0,True,False,10.748051426260396,0.0,1.577861005941172,0.02752469666302204,51.48977645157305,0.0,0.0,-6.683257773818023,0.0,-0.6647049904949102,-0.0014911722391843796,8.32606042075681,True,True,True,True,False,False,False,False,False,False,False,False,False,False,False,False,False,False,False,False,False,False,False,False,False,False,False,False,False,False,False,False,True,"M3084 Active Safety Driver v1 actor-visible deterministic direct-action safety-reflex fresh robustness measurement preflight only; fresh current-sim measurement rows and metric tables may be recorded for the M3078 deterministic direct-action safety-reflex candidate on the M3082 fresh panel. The candidate is executed as final_action = actor_visible_safety_reflex_action(obs72). No runtime base policy, hidden oracle, TTC, target, provenance, source, route, outcome, progress, or verdict actor input is used. No validation result, driver-performance verdict, current-sim verdict, ranking, winner selection, checkpoint promotion, checkpoint mutation, repair success, high-fidelity validation, paper evidence, finite-window-vs-GRU, full ideal driver, or self-ID claim is made"
m3084-measurement-episode-0013,m3082-fresh-panel-0013,m3082_fresh_robustness_panel,collision_lateral_intrusion,collision_preservation,fresh_obstacle_lateral_intrusion,fresh_obstacle_lateral_offsets_and_reveal_timing,True,m3080-measurement-episode-0013,301512,off_track_noncollision_noncompletion,False,False,True,m3080-measurement-episode-0013,13,m3012-executable-workload-0027,m3009-workload-contract-0027,m3009-source-resolution-0014,m3009-profile-binding-0001,m3012-executable-source-spec-0014,m3006-src-0013,route_a_candidate_m2655_mitigation_preserving,route_a_candidate_m2655_mitigation_preserving+m3078_deterministic_safety_reflex_fresh_collision_lateral_intrusion,candidate,T5,perception_delay_proxy|curved_boundary_obstacle,decision_minus_32,active_safety_driver_v1;T5;candidate;collision_lateral_intrusion;fresh_obstacle_lateral_offsets_and_reveal_timing;t5_high_speed_close_obstacle,401560,m3078_deterministic_safety_reflex_fresh,51,True,False,False,False,False,off_track,off_track_noncollision_noncompletion,6.813677040229681,1.8444290775853749,4.969247962644307,0.5882352941176471,0.3449044309238721,2.5472032648774348,0.03550936281681061,0.04374900005202775,1.02,0.04374900005202775,False,False,18.983383576640357,14.406797381269625,direct_action_clipped,False,51,1.0,1.1690780017890183,0.0,1.0,False,False,15.36994499142628,0.3146067415730337,2.059084763293552,0.039882782846689224,-79.26236087135058,0.0,0.0,-10.400697028781973,0.2736285525446134,0.4881185015838829,-0.004373420029878616,98.24574444799094,True,True,True,True,False,False,False,False,False,False,False,False,False,False,False,False,False,False,False,False,False,False,False,False,False,False,False,False,False,False,False,False,True,"M3084 Active Safety Driver v1 actor-visible deterministic direct-action safety-reflex fresh robustness measurement preflight only; fresh current-sim measurement rows and metric tables may be recorded for the M3078 deterministic direct-action safety-reflex candidate on the M3082 fresh panel. The candidate is executed as final_action = actor_visible_safety_reflex_action(obs72). No runtime base policy, hidden oracle, TTC, target, provenance, source, route, outcome, progress, or verdict actor input is used. No validation result, driver-performance verdict, current-sim verdict, ranking, winner selection, checkpoint promotion, checkpoint mutation, repair success, high-fidelity validation, paper evidence, finite-window-vs-GRU, full ideal driver, or self-ID claim is made"
m3084-measurement-episode-0014,m3082-fresh-panel-0014,m3082_fresh_robustness_panel,collision_lateral_intrusion,collision_preservation,fresh_obstacle_lateral_intrusion,fresh_obstacle_lateral_offsets_and_reveal_timing,True,m3080-measurement-episode-0014,301513,success_obstacle_pass,False,False,True,m3080-measurement-episode-0014,14,m3012-executable-workload-0028,m3009-workload-contract-0028,m3009-source-resolution-0014,m3009-profile-binding-0002,m3012-executable-source-spec-0014,m3006-src-0013,route_a_parent_l3_online_gru,route_a_parent_l3_online_gru+m3078_deterministic_safety_reflex_fresh_collision_lateral_intrusion,parent,T5,perception_delay_proxy|curved_boundary_obstacle,decision_minus_32,active_safety_driver_v1;T5;parent;collision_lateral_intrusion;fresh_obstacle_lateral_offsets_and_reveal_timing;t5_high_speed_close_obstacle,401561,m3078_deterministic_safety_reflex_fresh,67,True,False,False,False,False,off_track,off_track_noncollision_noncompletion,2.2503853633739714,2.1738210659646637,0.0765642974093077,0.6567164179104478,0.4042447752025523,2.234514095658729,0.07215816527605057,0.06173867611002848,1.34,0.06173867611002848,False,False,29.83540912278879,12.950543699351645,direct_action_clipped,False,67,1.0,1.1301243838979238,0.0,1.0,True,False,14.990813311870912,0.0,0.9752580383546163,0.025745941326022148,76.05303242201795,-1.0,0.0,-14.914249014461605,0.6567164179104478,1.2592560573041125,0.04641222395002842,-46.21762329922916,True,True,True,True,False,False,False,False,False,False,False,False,False,False,False,False,False,False,False,False,False,False,False,False,False,False,False,False,False,False,False,False,True,"M3084 Active Safety Driver v1 actor-visible deterministic direct-action safety-reflex fresh robustness measurement preflight only; fresh current-sim measurement rows and metric tables may be recorded for the M3078 deterministic direct-action safety-reflex candidate on the M3082 fresh panel. The candidate is executed as final_action = actor_visible_safety_reflex_action(obs72). No runtime base policy, hidden oracle, TTC, target, provenance, source, route, outcome, progress, or verdict actor input is used. No validation result, driver-performance verdict, current-sim verdict, ranking, winner selection, checkpoint promotion, checkpoint mutation, repair success, high-fidelity validation, paper evidence, finite-window-vs-GRU, full ideal driver, or self-ID claim is made"
m3084-measurement-episode-0015,m3082-fresh-panel-0015,m3082_fresh_robustness_panel,collision_lateral_intrusion,collision_preservation,fresh_obstacle_lateral_intrusion,fresh_obstacle_lateral_offsets_and_reveal_timing,True,m3080-measurement-episode-0015,301514,collision_failure,False,False,True,m3080-measurement-episode-0015,15,m3012-executable-workload-0031,m3009-workload-contract-0031,m3009-source-resolution-0016,m3009-profile-binding-0001,m3012-executable-source-spec-0016,m3006-src-0015,route_a_candidate_m2655_mitigation_preserving,route_a_candidate_m2655_mitigation_preserving+m3078_deterministic_safety_reflex_fresh_collision_lateral_intrusion,candidate,T5,sensor_noise_proxy|brake_fade_or_loss_proxy,reveal_plus_8,active_safety_driver_v1;T5;candidate;collision_lateral_intrusion;fresh_obstacle_lateral_offsets_and_reveal_timing;t5_near_boundary_warmup,401570,m3078_deterministic_safety_reflex_fresh,105,False,True,True,False,True,,success_obstacle_pass,15.910328271011203,1.9886562895397364,13.921671981471466,0.0,0.39174794317096434,1.6546300662261424,0.017608534544706345,0.0,,0.0,False,False,60.870298460636235,8.328715998053736,direct_action_clipped,False,105,1.0,1.0961389473506382,0.0,1.0,False,True,-0.0718597694466181,0.14705882352941177,0.4512840275640823,0.044991638511419296,15.766384826610324,1.0,-1.0,13.993531750918084,-0.14705882352941177,1.20334603866206,-0.02738310396671295,45.103913634025915,True,True,True,True,False,False,False,False,False,False,False,False,False,False,False,False,False,False,False,False,False,False,False,False,False,False,False,False,False,False,False,False,True,"M3084 Active Safety Driver v1 actor-visible deterministic direct-action safety-reflex fresh robustness measurement preflight only; fresh current-sim measurement rows and metric tables may be recorded for the M3078 deterministic direct-action safety-reflex candidate on the M3082 fresh panel. The candidate is executed as final_action = actor_visible_safety_reflex_action(obs72). No runtime base policy, hidden oracle, TTC, target, provenance, source, route, outcome, progress, or verdict actor input is used. No validation result, driver-performance verdict, current-sim verdict, ranking, winner selection, checkpoint promotion, checkpoint mutation, repair success, high-fidelity validation, paper evidence, finite-window-vs-GRU, full ideal driver, or self-ID claim is made"
m3084-measurement-episode-0016,m3082-fresh-panel-0016,m3082_fresh_robustness_panel,collision_lateral_intrusion,collision_preservation,fresh_obstacle_lateral_intrusion,fresh_obstacle_lateral_offsets_and_reveal_timing,True,m3080-measurement-episode-0016,301515,success_obstacle_pass,False,False,True,m3080-measurement-episode-0016,16,m3012-executable-workload-0032,m3009-workload-contract-0032,m3009-source-resolution-0016,m3009-profile-binding-0002,m3012-executable-source-spec-0016,m3006-src-0015,route_a_parent_l3_online_gru,route_a_parent_l3_online_gru+m3078_deterministic_safety_reflex_fresh_collision_lateral_intrusion,parent,T5,sensor_noise_proxy|brake_fade_or_loss_proxy,reveal_plus_8,active_safety_driver_v1;T5;parent;collision_lateral_intrusion;fresh_obstacle_lateral_offsets_and_reveal_timing;t5_near_boundary_warmup,401571,m3078_deterministic_safety_reflex_fresh,115,False,True,True,False,True,,success_obstacle_pass,16.7351736301452,1.6773805822007524,15.057793047944449,0.0,0.570910317621749,1.460636186137383,0.022229382768273354,0.0,,0.0,False,False,66.85542159658955,7.749565374276824,direct_action_clipped,False,115,1.0,1.1278553392576134,0.0,1.0,True,False,0.09558002211610939,0.40816326530612246,1.8023505017294092,0.05570659041404724,46.121134797732424,0.0,0.0,14.962213025828339,-0.40816326530612246,-0.34171431559202614,-0.03347720764577389,20.734286798857127,True,True,True,True,False,False,False,False,False,False,False,False,False,False,False,False,False,False,False,False,False,False,False,False,False,False,False,False,False,False,False,False,True,"M3084 Active Safety Driver v1 actor-visible deterministic direct-action safety-reflex fresh robustness measurement preflight only; fresh current-sim measurement rows and metric tables may be recorded for the M3078 deterministic direct-action safety-reflex candidate on the M3082 fresh panel. The candidate is executed as final_action = actor_visible_safety_reflex_action(obs72). No runtime base policy, hidden oracle, TTC, target, provenance, source, route, outcome, progress, or verdict actor input is used. No validation result, driver-performance verdict, current-sim verdict, ranking, winner selection, checkpoint promotion, checkpoint mutation, repair success, high-fidelity validation, paper evidence, finite-window-vs-GRU, full ideal driver, or self-ID claim is made"
m3084-measurement-episode-0017,m3082-fresh-panel-0017,m3082_fresh_robustness_panel,offtrack_boundary_recovery,offtrack_containment,fresh_curved_boundary_recovery,fresh_boundary_curvature_and_lane_width,True,m3080-measurement-episode-0017,301516,success_obstacle_pass,False,False,True,m3080-measurement-episode-0017,17,m3012-executable-workload-0003,m3009-workload-contract-0003,m3009-source-resolution-0002,m3009-profile-binding-0001,m3012-executable-source-spec-0002,m3006-src-0001,route_a_candidate_m2655_mitigation_preserving,route_a_candidate_m2655_mitigation_preserving+m3078_deterministic_safety_reflex_fresh_offtrack_boundary_recovery,candidate,T5,curved_boundary_obstacle|capability_step_down_variant,decision_minus_40,active_safety_driver_v1;T5;candidate;offtrack_boundary_recovery;fresh_boundary_curvature_and_lane_width;t5_boundary_axis_retarget,401600,m3078_deterministic_safety_reflex_fresh,248,True,False,False,False,False,off_track,off_track_noncollision_noncompletion,7.690802871851751,2.043613678804679,5.647189193047073,0.43548387096774194,0.3858559604196621,1.9569351174064533,0.020339513197541237,0.0401753332877135,4.96,0.0401753332877135,False,False,-107.55479775067846,3.296702467549158,direct_action_clipped,False,248,1.0,1.1241693770693195,0.0,1.0,True,False,7.4166326318196205,0.0,1.5815508515328567,0.0329708568751812,47.61074231873319,-1.0,0.0,-1.769443438772548,0.43548387096774194,0.37538426587359663,-0.012631343677639961,-155.16554006941163,True,True,True,True,False,False,False,False,False,False,False,False,False,False,False,False,False,False,False,False,False,False,False,False,False,False,False,False,False,False,False,False,True,"M3084 Active Safety Driver v1 actor-visible deterministic direct-action safety-reflex fresh robustness measurement preflight only; fresh current-sim measurement rows and metric tables may be recorded for the M3078 deterministic direct-action safety-reflex candidate on the M3082 fresh panel. The candidate is executed as final_action = actor_visible_safety_reflex_action(obs72). No runtime base policy, hidden oracle, TTC, target, provenance, source, route, outcome, progress, or verdict actor input is used. No validation result, driver-performance verdict, current-sim verdict, ranking, winner selection, checkpoint promotion, checkpoint mutation, repair success, high-fidelity validation, paper evidence, finite-window-vs-GRU, full ideal driver, or self-ID claim is made"
m3084-measurement-episode-0018,m3082-fresh-panel-0018,m3082_fresh_robustness_panel,offtrack_boundary_recovery,offtrack_containment,fresh_curved_boundary_recovery,fresh_boundary_curvature_and_lane_width,True,m3080-measurement-episode-0018,301517,success_obstacle_pass,False,False,True,m3080-measurement-episode-0018,18,m3012-executable-workload-0004,m3009-workload-contract-0004,m3009-source-resolution-0002,m3009-profile-binding-0002,m3012-executable-source-spec-0002,m3006-src-0001,route_a_parent_l3_online_gru,route_a_parent_l3_online_gru+m3078_deterministic_safety_reflex_fresh_offtrack_boundary_recovery,parent,T5,curved_boundary_obstacle|capability_step_down_variant,decision_minus_40,active_safety_driver_v1;T5;parent;offtrack_boundary_recovery;fresh_boundary_curvature_and_lane_width;t5_boundary_axis_retarget,401601,m3078_deterministic_safety_reflex_fresh,75,False,True,True,False,True,,success_obstacle_pass,6.232429027469927,1.7428109413897197,4.489618086080208,0.0,0.6351957466257429,0.9316422492456042,0.02300594002008438,0.0,,0.0,False,False,53.78813536670407,8.647498934728112,direct_action_clipped,False,75,1.0,1.0715291706720989,0.0,1.0,True,False,4.952015565916539,0.0,1.5196838537017432,0.047061823308467865,53.83690157586037,0.0,0.0,-0.46239747983633084,0.0,-0.588041604456139,-0.024055883288383484,-0.048766209156298146,True,True,True,True,False,False,False,False,False,False,False,False,False,False,False,False,False,False,False,False,False,False,False,False,False,False,False,False,False,False,False,False,True,"M3084 Active Safety Driver v1 actor-visible deterministic direct-action safety-reflex fresh robustness measurement preflight only; fresh current-sim measurement rows and metric tables may be recorded for the M3078 deterministic direct-action safety-reflex candidate on the M3082 fresh panel. The candidate is executed as final_action = actor_visible_safety_reflex_action(obs72). No runtime base policy, hidden oracle, TTC, target, provenance, source, route, outcome, progress, or verdict actor input is used. No validation result, driver-performance verdict, current-sim verdict, ranking, winner selection, checkpoint promotion, checkpoint mutation, repair success, high-fidelity validation, paper evidence, finite-window-vs-GRU, full ideal driver, or self-ID claim is made"
m3084-measurement-episode-0019,m3082-fresh-panel-0019,m3082_fresh_robustness_panel,offtrack_boundary_recovery,offtrack_containment,fresh_curved_boundary_recovery,fresh_boundary_curvature_and_lane_width,True,m3080-measurement-episode-0019,301518,collision_failure,False,False,True,m3080-measurement-episode-0019,19,m3012-executable-workload-0007,m3009-workload-contract-0007,m3009-source-resolution-0004,m3009-profile-binding-0001,m3012-executable-source-spec-0004,m3006-src-0003,route_a_candidate_m2655_mitigation_preserving,route_a_candidate_m2655_mitigation_preserving+m3078_deterministic_safety_reflex_fresh_offtrack_boundary_recovery,candidate,T5,brake_fade_or_loss_proxy|boundary_axis_variant,decision_minus_28,active_safety_driver_v1;T5;candidate;offtrack_boundary_recovery;fresh_boundary_curvature_and_lane_width;t5_near_boundary_warmup,401610,m3078_deterministic_safety_reflex_fresh,121,False,True,True,False,True,,success_obstacle_pass,18.49957841576174,1.7304753931821155,16.769103022579625,0.0,0.3008257877471439,1.401695805434417,0.022532504051923752,0.0,,0.0,False,False,82.47442799364687,7.617620802099384,direct_action_clipped,False,121,1.0,1.0795912663798688,0.0,1.0,False,True,-0.06427238513391487,0.5,2.4515267510590233,0.04914509877562523,-3.656420881914041,1.0,-1.0,16.83337540771354,-0.5,-1.0498309456246062,-0.026612594723701477,86.13084887556091,True,True,True,True,False,False,False,False,False,False,False,False,False,False,False,False,False,False,False,False,False,False,False,False,False,False,False,False,False,False,False,False,True,"M3084 Active Safety Driver v1 actor-visible deterministic direct-action safety-reflex fresh robustness measurement preflight only; fresh current-sim measurement rows and metric tables may be recorded for the M3078 deterministic direct-action safety-reflex candidate on the M3082 fresh panel. The candidate is executed as final_action = actor_visible_safety_reflex_action(obs72). No runtime base policy, hidden oracle, TTC, target, provenance, source, route, outcome, progress, or verdict actor input is used. No validation result, driver-performance verdict, current-sim verdict, ranking, winner selection, checkpoint promotion, checkpoint mutation, repair success, high-fidelity validation, paper evidence, finite-window-vs-GRU, full ideal driver, or self-ID claim is made"
m3084-measurement-episode-0020,m3082-fresh-panel-0020,m3082_fresh_robustness_panel,offtrack_boundary_recovery,offtrack_containment,fresh_curved_boundary_recovery,fresh_boundary_curvature_and_lane_width,True,m3080-measurement-episode-0020,301519,success_obstacle_pass,False,False,True,m3080-measurement-episode-0020,20,m3012-executable-workload-0008,m3009-workload-contract-0008,m3009-source-resolution-0004,m3009-profile-binding-0002,m3012-executable-source-spec-0004,m3006-src-0003,route_a_parent_l3_online_gru,route_a_parent_l3_online_gru+m3078_deterministic_safety_reflex_fresh_offtrack_boundary_recovery,parent,T5,brake_fade_or_loss_proxy|boundary_axis_variant,decision_minus_28,active_safety_driver_v1;T5;parent;offtrack_boundary_recovery;fresh_boundary_curvature_and_lane_width;t5_near_boundary_warmup,401611,m3078_deterministic_safety_reflex_fresh,124,True,False,False,False,False,speed_too_low,speed_too_low_noncollision_noncompletion,2.2776978489977413,1.612697116203511,0.6650007327942302,0.28225806451612906,0.4058763382291559,1.8858097830295375,0.07166267186403275,0.0,,0.0,False,False,16.625136727725753,5.633506607361278,direct_action_clipped,False,124,1.0,1.3591873741918994,0.0,1.0,True,False,0.5415794029701142,0.36,1.4651866683858077,0.05442531779408455,52.19111377980178,-1.0,0.0,0.12342132982411602,-0.07774193548387093,0.4206231146437298,0.017237354069948196,-35.56597705207603,True,True,True,True,False,False,False,False,False,False,False,False,False,False,False,False,False,False,False,False,False,False,False,False,False,False,False,False,False,False,False,False,True,"M3084 Active Safety Driver v1 actor-visible deterministic direct-action safety-reflex fresh robustness measurement preflight only; fresh current-sim measurement rows and metric tables may be recorded for the M3078 deterministic direct-action safety-reflex candidate on the M3082 fresh panel. The candidate is executed as final_action = actor_visible_safety_reflex_action(obs72). No runtime base policy, hidden oracle, TTC, target, provenance, source, route, outcome, progress, or verdict actor input is used. No validation result, driver-performance verdict, current-sim verdict, ranking, winner selection, checkpoint promotion, checkpoint mutation, repair success, high-fidelity validation, paper evidence, finite-window-vs-GRU, full ideal driver, or self-ID claim is made"
m3084-measurement-episode-0021,m3082-fresh-panel-0021,m3082_fresh_robustness_panel,offtrack_boundary_recovery,offtrack_containment,fresh_curved_boundary_recovery,fresh_boundary_curvature_and_lane_width,True,m3080-measurement-episode-0021,301520,success_obstacle_pass,False,False,True,m3080-measurement-episode-0021,21,m3012-executable-workload-0011,m3009-workload-contract-0011,m3009-source-resolution-0006,m3009-profile-binding-0001,m3012-executable-source-spec-0006,m3006-src-0005,route_a_candidate_m2655_mitigation_preserving,route_a_candidate_m2655_mitigation_preserving+m3078_deterministic_safety_reflex_fresh_offtrack_boundary_recovery,candidate,T5,t5_near_boundary_warmup|curved_boundary_obstacle_variant,decision_minus_36,active_safety_driver_v1;T5;candidate;offtrack_boundary_recovery;fresh_boundary_curvature_and_lane_width;t5_near_boundary_warmup,401620,m3078_deterministic_safety_reflex_fresh,132,False,True,True,False,True,,success_obstacle_pass,11.204931537817327,1.8658675125058388,9.339064025311488,0.3106060606060606,0.20737062597609265,1.321062347744538,0.05959354341030121,0.0,,0.0,False,False,71.72692525489822,6.335787184972041,direct_action_clipped,False,132,1.0,1.1465590650385076,0.0,1.0,True,False,20.770451862561128,0.5439560439560439,0.1856170784022497,0.03159668296575546,71.60588831301263,0.0,0.0,-11.43138783724964,-0.2333499833499833,1.1354452693422883,0.027996860444545746,0.12103694188559189,True,True,True,True,False,False,False,False,False,False,False,False,False,False,False,False,False,False,False,False,False,False,False,False,False,False,False,False,False,False,False,False,True,"M3084 Active Safety Driver v1 actor-visible deterministic direct-action safety-reflex fresh robustness measurement preflight only; fresh current-sim measurement rows and metric tables may be recorded for the M3078 deterministic direct-action safety-reflex candidate on the M3082 fresh panel. The candidate is executed as final_action = actor_visible_safety_reflex_action(obs72). No runtime base policy, hidden oracle, TTC, target, provenance, source, route, outcome, progress, or verdict actor input is used. No validation result, driver-performance verdict, current-sim verdict, ranking, winner selection, checkpoint promotion, checkpoint mutation, repair success, high-fidelity validation, paper evidence, finite-window-vs-GRU, full ideal driver, or self-ID claim is made"
m3084-measurement-episode-0022,m3082-fresh-panel-0022,m3082_fresh_robustness_panel,offtrack_boundary_recovery,offtrack_containment,fresh_curved_boundary_recovery,fresh_boundary_curvature_and_lane_width,True,m3080-measurement-episode-0022,301521,success_obstacle_pass,False,False,True,m3080-measurement-episode-0022,22,m3012-executable-workload-0012,m3009-workload-contract-0012,m3009-source-resolution-0006,m3009-profile-binding-0002,m3012-executable-source-spec-0006,m3006-src-0005,route_a_parent_l3_online_gru,route_a_parent_l3_online_gru+m3078_deterministic_safety_reflex_fresh_offtrack_boundary_recovery,parent,T5,t5_near_boundary_warmup|curved_boundary_obstacle_variant,decision_minus_36,active_safety_driver_v1;T5;parent;offtrack_boundary_recovery;fresh_boundary_curvature_and_lane_width;t5_near_boundary_warmup,401621,m3078_deterministic_safety_reflex_fresh,123,False,True,True,False,True,,success_obstacle_pass,18.969710903960937,1.550203185840986,17.419507718119952,0.0,0.32558074904902395,1.704814763455411,0.024867607280611992,0.0,,0.0,False,False,75.64764117210467,7.409470125743683,direct_action_clipped,False,123,1.0,1.0837471960036735,0.0,1.0,True,False,27.334912282632114,0.0,2.077534988759698,0.010312115773558617,57.502145203268825,0.0,0.0,-9.915404564512162,0.0,-0.37272022530428717,0.014555491507053375,18.145495968835846,True,True,True,True,False,False,False,False,False,False,False,False,False,False,False,False,False,False,False,False,False,False,False,False,False,False,False,False,False,False,False,False,True,"M3084 Active Safety Driver v1 actor-visible deterministic direct-action safety-reflex fresh robustness measurement preflight only; fresh current-sim measurement rows and metric tables may be recorded for the M3078 deterministic direct-action safety-reflex candidate on the M3082 fresh panel. The candidate is executed as final_action = actor_visible_safety_reflex_action(obs72). No runtime base policy, hidden oracle, TTC, target, provenance, source, route, outcome, progress, or verdict actor input is used. No validation result, driver-performance verdict, current-sim verdict, ranking, winner selection, checkpoint promotion, checkpoint mutation, repair success, high-fidelity validation, paper evidence, finite-window-vs-GRU, full ideal driver, or self-ID claim is made"
m3084-measurement-episode-0023,m3082-fresh-panel-0023,m3082_fresh_robustness_panel,offtrack_boundary_recovery,offtrack_containment,fresh_curved_boundary_recovery,fresh_boundary_curvature_and_lane_width,True,m3080-measurement-episode-0023,301522,success_obstacle_pass,False,False,True,m3080-measurement-episode-0023,23,m3012-executable-workload-0015,m3009-workload-contract-0015,m3009-source-resolution-0008,m3009-profile-binding-0001,m3012-executable-source-spec-0008,m3006-src-0007,route_a_candidate_m2655_mitigation_preserving,route_a_candidate_m2655_mitigation_preserving+m3078_deterministic_safety_reflex_fresh_offtrack_boundary_recovery,candidate,T5,t5_high_speed_close_obstacle|boundary_retarget_variant,reveal_plus_6,active_safety_driver_v1;T5;candidate;offtrack_boundary_recovery;fresh_boundary_curvature_and_lane_width;t5_high_speed_close_obstacle,401630,m3078_deterministic_safety_reflex_fresh,77,False,True,True,False,True,,success_obstacle_pass,4.526807058054715,2.0804681312700994,2.446338926784615,0.6363636363636364,0.4412009334059072,2.209145331246417,0.0635882243514061,0.0,,0.0,False,False,31.66816722043309,12.017986071315867,direct_action_clipped,False,77,1.0,1.1231328094160402,0.0,1.0,True,False,8.021384457851685,0.0,1.1405386951895853,0.027558917179703712,58.37782836421594,0.0,0.0,-5.57504553106707,0.6363636363636364,1.0686066360568316,0.036029307171702385,-26.709661143782846,True,True,True,True,False,False,False,False,False,False,False,False,False,False,False,False,False,False,False,False,False,False,False,False,False,False,False,False,False,False,False,False,True,"M3084 Active Safety Driver v1 actor-visible deterministic direct-action safety-reflex fresh robustness measurement preflight only; fresh current-sim measurement rows and metric tables may be recorded for the M3078 deterministic direct-action safety-reflex candidate on the M3082 fresh panel. The candidate is executed as final_action = actor_visible_safety_reflex_action(obs72). No runtime base policy, hidden oracle, TTC, target, provenance, source, route, outcome, progress, or verdict actor input is used. No validation result, driver-performance verdict, current-sim verdict, ranking, winner selection, checkpoint promotion, checkpoint mutation, repair success, high-fidelity validation, paper evidence, finite-window-vs-GRU, full ideal driver, or self-ID claim is made"
m3084-measurement-episode-0024,m3082-fresh-panel-0024,m3082_fresh_robustness_panel,offtrack_boundary_recovery,offtrack_containment,fresh_curved_boundary_recovery,fresh_boundary_curvature_and_lane_width,True,m3080-measurement-episode-0024,301523,success_obstacle_pass,False,False,True,m3080-measurement-episode-0024,24,m3012-executable-workload-0016,m3009-workload-contract-0016,m3009-source-resolution-0008,m3009-profile-binding-0002,m3012-executable-source-spec-0008,m3006-src-0007,route_a_parent_l3_online_gru,route_a_parent_l3_online_gru+m3078_deterministic_safety_reflex_fresh_offtrack_boundary_recovery,parent,T5,t5_high_speed_close_obstacle|boundary_retarget_variant,reveal_plus_6,active_safety_driver_v1;T5;parent;offtrack_boundary_recovery;fresh_boundary_curvature_and_lane_width;t5_high_speed_close_obstacle,401631,m3078_deterministic_safety_reflex_fresh,50,True,False,False,False,False,off_track,off_track_noncollision_noncompletion,2.143710602790114,1.947364690769457,0.19634591202065677,0.4,0.24500852068548482,2.588791888744415,0.045686833560466766,0.04953456438970605,1.0,0.04953456438970605,False,False,21.682543004963247,15.267634882316507,direct_action_clipped,False,50,1.0,1.2908995628356934,0.0,1.0,True,False,8.238825473298355,0.0,0.588566402487132,0.03180511295795441,89.51881334391214,-1.0,0.0,-8.042479561277698,0.4,2.000225486257283,0.01388172060251236,-67.83627033894889,True,True,True,True,False,False,False,False,False,False,False,False,False,False,False,False,False,False,False,False,False,False,False,False,False,False,False,False,False,False,False,False,True,"M3084 Active Safety Driver v1 actor-visible deterministic direct-action safety-reflex fresh robustness measurement preflight only; fresh current-sim measurement rows and metric tables may be recorded for the M3078 deterministic direct-action safety-reflex candidate on the M3082 fresh panel. The candidate is executed as final_action = actor_visible_safety_reflex_action(obs72). No runtime base policy, hidden oracle, TTC, target, provenance, source, route, outcome, progress, or verdict actor input is used. No validation result, driver-performance verdict, current-sim verdict, ranking, winner selection, checkpoint promotion, checkpoint mutation, repair success, high-fidelity validation, paper evidence, finite-window-vs-GRU, full ideal driver, or self-ID claim is made"
m3084-measurement-episode-0025,m3082-fresh-panel-0025,m3082_fresh_robustness_panel,offtrack_boundary_recovery,offtrack_containment,fresh_curved_boundary_recovery,fresh_boundary_curvature_and_lane_width,True,m3080-measurement-episode-0025,301524,speed_too_low_noncollision_noncompletion,False,False,True,m3080-measurement-episode-0025,25,m3012-executable-workload-0019,m3009-workload-contract-0019,m3009-source-resolution-0010,m3009-profile-binding-0001,m3012-executable-source-spec-0010,m3006-src-0009,route_a_candidate_m2655_mitigation_preserving,route_a_candidate_m2655_mitigation_preserving+m3078_deterministic_safety_reflex_fresh_offtrack_boundary_recovery,candidate,T5,ood_mass_shift_proxy|late_reveal_boundary,decision_minus_44,active_safety_driver_v1;T5;candidate;offtrack_boundary_recovery;fresh_boundary_curvature_and_lane_width;t5_high_speed_close_obstacle,401640,m3078_deterministic_safety_reflex_fresh,37,True,False,False,True,False,obstacle_collision,collision_failure,1.6793529469541424,1.8668189467359517,-0.18746599978180933,0.05405405405405406,0.5137665817049502,1.1186092665345415,0.054907381534576416,0.0,,0.0,False,False,8.878043579598813,14.240225551301423,direct_action_clipped,False,37,1.0,1.3627093160474621,0.0,1.0,False,False,11.033699878327539,0.0,1.8048674681268702,0.029836297035217285,22.1312086566223,0.0,1.0,-11.221165878109348,0.05405405405405406,-0.6862582015923286,0.02507108449935913,-13.253165077023485,True,True,True,True,False,False,False,False,False,False,False,False,False,False,False,False,False,False,False,False,False,False,False,False,False,False,False,False,False,False,False,False,True,"M3084 Active Safety Driver v1 actor-visible deterministic direct-action safety-reflex fresh robustness measurement preflight only; fresh current-sim measurement rows and metric tables may be recorded for the M3078 deterministic direct-action safety-reflex candidate on the M3082 fresh panel. The candidate is executed as final_action = actor_visible_safety_reflex_action(obs72). No runtime base policy, hidden oracle, TTC, target, provenance, source, route, outcome, progress, or verdict actor input is used. No validation result, driver-performance verdict, current-sim verdict, ranking, winner selection, checkpoint promotion, checkpoint mutation, repair success, high-fidelity validation, paper evidence, finite-window-vs-GRU, full ideal driver, or self-ID claim is made"
m3084-measurement-episode-0026,m3082-fresh-panel-0026,m3082_fresh_robustness_panel,offtrack_boundary_recovery,offtrack_containment,fresh_curved_boundary_recovery,fresh_boundary_curvature_and_lane_width,True,m3080-measurement-episode-0026,301525,success_obstacle_pass,False,False,True,m3080-measurement-episode-0026,26,m3012-executable-workload-0020,m3009-workload-contract-0020,m3009-source-resolution-0010,m3009-profile-binding-0002,m3012-executable-source-spec-0010,m3006-src-0009,route_a_parent_l3_online_gru,route_a_parent_l3_online_gru+m3078_deterministic_safety_reflex_fresh_offtrack_boundary_recovery,parent,T5,ood_mass_shift_proxy|late_reveal_boundary,decision_minus_44,active_safety_driver_v1;T5;parent;offtrack_boundary_recovery;fresh_boundary_curvature_and_lane_width;t5_high_speed_close_obstacle,401641,m3078_deterministic_safety_reflex_fresh,27,True,False,False,True,False,obstacle_collision,collision_failure,1.7363510901456554,1.7949296326158812,-0.05857854247022587,0.14814814814814814,0.16630152444366533,1.1842855965474826,0.06311902403831482,0.0,,0.0,False,False,7.093312123654972,18.74447624487019,direct_action_clipped,False,27,1.0,1.248188367596379,0.0,1.0,True,False,14.28176531741165,0.0,1.5350738719818915,0.021699577569961548,75.7521054691662,-1.0,1.0,-14.340343859881877,0.14814814814814814,-0.35078827543440894,0.04141944646835327,-68.65879334551123,True,True,True,True,False,False,False,False,False,False,False,False,False,False,False,False,False,False,False,False,False,False,False,False,False,False,False,False,False,False,False,False,True,"M3084 Active Safety Driver v1 actor-visible deterministic direct-action safety-reflex fresh robustness measurement preflight only; fresh current-sim measurement rows and metric tables may be recorded for the M3078 deterministic direct-action safety-reflex candidate on the M3082 fresh panel. The candidate is executed as final_action = actor_visible_safety_reflex_action(obs72). No runtime base policy, hidden oracle, TTC, target, provenance, source, route, outcome, progress, or verdict actor input is used. No validation result, driver-performance verdict, current-sim verdict, ranking, winner selection, checkpoint promotion, checkpoint mutation, repair success, high-fidelity validation, paper evidence, finite-window-vs-GRU, full ideal driver, or self-ID claim is made"
m3084-measurement-episode-0027,m3082-fresh-panel-0027,m3082_fresh_robustness_panel,offtrack_boundary_recovery,offtrack_containment,fresh_curved_boundary_recovery,fresh_boundary_curvature_and_lane_width,True,m3080-measurement-episode-0027,301526,off_track_noncollision_noncompletion,False,False,True,m3080-measurement-episode-0027,27,m3012-executable-workload-0023,m3009-workload-contract-0023,m3009-source-resolution-0012,m3009-profile-binding-0001,m3012-executable-source-spec-0012,m3006-src-0011,route_a_candidate_m2655_mitigation_preserving,route_a_candidate_m2655_mitigation_preserving+m3078_deterministic_safety_reflex_fresh_offtrack_boundary_recovery,candidate,T5,ood_drive_loss_proxy|boundary_axis,mapping_window_new_source,active_safety_driver_v1;T5;candidate;offtrack_boundary_recovery;fresh_boundary_curvature_and_lane_width;t5_near_boundary_warmup,401650,m3078_deterministic_safety_reflex_fresh,206,True,False,False,False,False,speed_too_low,speed_too_low_noncollision_noncompletion,11.0050082832636,1.7680880129272314,9.236920270336368,0.6407766990291263,0.5955491207369011,0.8553723438898994,0.0575881153345108,0.0,,0.0,False,False,-71.03518695024965,3.6771834226306517,direct_action_clipped,False,206,1.0,1.164018839887045,0.0,1.0,False,False,1.6222797611954811,0.6481481481481481,2.3953089845271904,0.02692018449306488,25.134035684885177,0.0,0.0,7.614640509140887,-0.007371449119021878,-1.5399366406372912,0.030667930841445923,-96.16922263513483,True,True,True,True,False,False,False,False,False,False,False,False,False,False,False,False,False,False,False,False,False,False,False,False,False,False,False,False,False,False,False,False,True,"M3084 Active Safety Driver v1 actor-visible deterministic direct-action safety-reflex fresh robustness measurement preflight only; fresh current-sim measurement rows and metric tables may be recorded for the M3078 deterministic direct-action safety-reflex candidate on the M3082 fresh panel. The candidate is executed as final_action = actor_visible_safety_reflex_action(obs72). No runtime base policy, hidden oracle, TTC, target, provenance, source, route, outcome, progress, or verdict actor input is used. No validation result, driver-performance verdict, current-sim verdict, ranking, winner selection, checkpoint promotion, checkpoint mutation, repair success, high-fidelity validation, paper evidence, finite-window-vs-GRU, full ideal driver, or self-ID claim is made"
m3084-measurement-episode-0028,m3082-fresh-panel-0028,m3082_fresh_robustness_panel,offtrack_boundary_recovery,offtrack_containment,fresh_curved_boundary_recovery,fresh_boundary_curvature_and_lane_width,True,m3080-measurement-episode-0028,301527,collision_failure,False,False,True,m3080-measurement-episode-0028,28,m3012-executable-workload-0024,m3009-workload-contract-0024,m3009-source-resolution-0012,m3009-profile-binding-0002,m3012-executable-source-spec-0012,m3006-src-0011,route_a_parent_l3_online_gru,route_a_parent_l3_online_gru+m3078_deterministic_safety_reflex_fresh_offtrack_boundary_recovery,parent,T5,ood_drive_loss_proxy|boundary_axis,mapping_window_new_source,active_safety_driver_v1;T5;parent;offtrack_boundary_recovery;fresh_boundary_curvature_and_lane_width;t5_near_boundary_warmup,401651,m3078_deterministic_safety_reflex_fresh,89,False,True,True,False,True,,success_obstacle_pass,9.26648142528554,1.7534683567188274,7.513013068566713,0.0,0.3660087656064659,1.2864207367725216,0.023460667580366135,0.0,,0.0,False,False,71.26766342709126,8.334379661402476,direct_action_clipped,False,89,1.0,1.0724234714936673,0.0,1.0,False,True,-0.027343153879599402,0.0,0.898725997225636,0.05529705435037613,11.679811156326277,1.0,-1.0,7.540356222446313,0.0,0.3876947395468856,-0.031836386770009995,59.587852270764984,True,True,True,True,False,False,False,False,False,False,False,False,False,False,False,False,False,False,False,False,False,False,False,False,False,False,False,False,False,False,False,False,True,"M3084 Active Safety Driver v1 actor-visible deterministic direct-action safety-reflex fresh robustness measurement preflight only; fresh current-sim measurement rows and metric tables may be recorded for the M3078 deterministic direct-action safety-reflex candidate on the M3082 fresh panel. The candidate is executed as final_action = actor_visible_safety_reflex_action(obs72). No runtime base policy, hidden oracle, TTC, target, provenance, source, route, outcome, progress, or verdict actor input is used. No validation result, driver-performance verdict, current-sim verdict, ranking, winner selection, checkpoint promotion, checkpoint mutation, repair success, high-fidelity validation, paper evidence, finite-window-vs-GRU, full ideal driver, or self-ID claim is made"
m3084-measurement-episode-0029,m3082-fresh-panel-0029,m3082_fresh_robustness_panel,offtrack_boundary_recovery,offtrack_containment,fresh_curved_boundary_recovery,fresh_boundary_curvature_and_lane_width,True,m3080-measurement-episode-0029,301528,speed_too_low_noncollision_noncompletion,False,False,True,m3080-measurement-episode-0029,29,m3012-executable-workload-0027,m3009-workload-contract-0027,m3009-source-resolution-0014,m3009-profile-binding-0001,m3012-executable-source-spec-0014,m3006-src-0013,route_a_candidate_m2655_mitigation_preserving,route_a_candidate_m2655_mitigation_preserving+m3078_deterministic_safety_reflex_fresh_offtrack_boundary_recovery,candidate,T5,perception_delay_proxy|curved_boundary_obstacle,decision_minus_32,active_safety_driver_v1;T5;candidate;offtrack_boundary_recovery;fresh_boundary_curvature_and_lane_width;t5_high_speed_close_obstacle,401660,m3078_deterministic_safety_reflex_fresh,23,True,False,False,True,False,obstacle_collision,collision_failure,1.997904169872134,2.1363383860708676,-0.13843421619873353,0.0,0.5172601812080729,0.5345654423618557,0.07595532387495041,0.0,,0.0,False,False,0.09392855904300745,18.68105677620283,direct_action_clipped,False,23,1.0,1.3386365745378577,0.0,1.0,False,False,12.268791300754602,0.21910112359550563,1.4432890448959104,0.04381222277879715,18.350263231007823,0.0,1.0,-12.407225516953336,-0.21910112359550563,-0.9087236025340547,0.03214310109615326,-18.256334671964815,True,True,True,True,False,False,False,False,False,False,False,False,False,False,False,False,False,False,False,False,False,False,False,False,False,False,False,False,False,False,False,False,True,"M3084 Active Safety Driver v1 actor-visible deterministic direct-action safety-reflex fresh robustness measurement preflight only; fresh current-sim measurement rows and metric tables may be recorded for the M3078 deterministic direct-action safety-reflex candidate on the M3082 fresh panel. The candidate is executed as final_action = actor_visible_safety_reflex_action(obs72). No runtime base policy, hidden oracle, TTC, target, provenance, source, route, outcome, progress, or verdict actor input is used. No validation result, driver-performance verdict, current-sim verdict, ranking, winner selection, checkpoint promotion, checkpoint mutation, repair success, high-fidelity validation, paper evidence, finite-window-vs-GRU, full ideal driver, or self-ID claim is made"
m3084-measurement-episode-0030,m3082-fresh-panel-0030,m3082_fresh_robustness_panel,offtrack_boundary_recovery,offtrack_containment,fresh_curved_boundary_recovery,fresh_boundary_curvature_and_lane_width,True,m3080-measurement-episode-0030,301529,success_obstacle_pass,False,False,True,m3080-measurement-episode-0030,30,m3012-executable-workload-0028,m3009-workload-contract-0028,m3009-source-resolution-0014,m3009-profile-binding-0002,m3012-executable-source-spec-0014,m3006-src-0013,route_a_parent_l3_online_gru,route_a_parent_l3_online_gru+m3078_deterministic_safety_reflex_fresh_offtrack_boundary_recovery,parent,T5,perception_delay_proxy|curved_boundary_obstacle,decision_minus_32,active_safety_driver_v1;T5;parent;offtrack_boundary_recovery;fresh_boundary_curvature_and_lane_width;t5_high_speed_close_obstacle,401661,m3078_deterministic_safety_reflex_fresh,62,False,True,True,False,True,,success_obstacle_pass,5.481851781200216,2.1663514030588233,3.315500378141393,0.0,0.2830353652687292,0.8399285066750231,0.02604287676513195,0.0,,0.0,False,False,64.12847840646356,12.57175133927423,direct_action_clipped,False,62,1.0,1.1521387850084612,0.0,1.0,True,False,10.850155474412706,0.0,1.6660837448741304,0.024914879351854324,46.87316671601283,0.0,0.0,-7.534655096271313,0.0,-0.8261552381991073,0.001127997413277626,17.255311690450725,True,True,True,True,False,False,False,False,False,False,False,False,False,False,False,False,False,False,False,False,False,False,False,False,False,False,False,False,False,False,False,False,True,"M3084 Active Safety Driver v1 actor-visible deterministic direct-action safety-reflex fresh robustness measurement preflight only; fresh current-sim measurement rows and metric tables may be recorded for the M3078 deterministic direct-action safety-reflex candidate on the M3082 fresh panel. The candidate is executed as final_action = actor_visible_safety_reflex_action(obs72). No runtime base policy, hidden oracle, TTC, target, provenance, source, route, outcome, progress, or verdict actor input is used. No validation result, driver-performance verdict, current-sim verdict, ranking, winner selection, checkpoint promotion, checkpoint mutation, repair success, high-fidelity validation, paper evidence, finite-window-vs-GRU, full ideal driver, or self-ID claim is made"
m3084-measurement-episode-0031,m3082-fresh-panel-0031,m3082_fresh_robustness_panel,offtrack_boundary_recovery,offtrack_containment,fresh_curved_boundary_recovery,fresh_boundary_curvature_and_lane_width,True,m3080-measurement-episode-0031,301530,success_obstacle_pass,False,False,True,m3080-measurement-episode-0031,31,m3012-executable-workload-0031,m3009-workload-contract-0031,m3009-source-resolution-0016,m3009-profile-binding-0001,m3012-executable-source-spec-0016,m3006-src-0015,route_a_candidate_m2655_mitigation_preserving,route_a_candidate_m2655_mitigation_preserving+m3078_deterministic_safety_reflex_fresh_offtrack_boundary_recovery,candidate,T5,sensor_noise_proxy|brake_fade_or_loss_proxy,reveal_plus_8,active_safety_driver_v1;T5;candidate;offtrack_boundary_recovery;fresh_boundary_curvature_and_lane_width;t5_near_boundary_warmup,401670,m3078_deterministic_safety_reflex_fresh,120,False,True,True,False,True,,success_obstacle_pass,12.66762586994681,2.0476617062852362,10.619964163661574,0.0,0.49527918805601195,1.2439947305645638,0.025943882763385773,0.0,,0.0,False,False,69.30184964930079,6.949868174159977,direct_action_clipped,False,120,1.0,1.1824978033701579,0.0,1.0,True,False,15.063967380782017,0.0,1.4647685189817936,0.020021075382828712,86.93024993551765,0.0,0.0,-4.444003217120443,0.0,-0.22077378841722983,0.00592280738055706,-17.62840028621686,True,True,True,True,False,False,False,False,False,False,False,False,False,False,False,False,False,False,False,False,False,False,False,False,False,False,False,False,False,False,False,False,True,"M3084 Active Safety Driver v1 actor-visible deterministic direct-action safety-reflex fresh robustness measurement preflight only; fresh current-sim measurement rows and metric tables may be recorded for the M3078 deterministic direct-action safety-reflex candidate on the M3082 fresh panel. The candidate is executed as final_action = actor_visible_safety_reflex_action(obs72). No runtime base policy, hidden oracle, TTC, target, provenance, source, route, outcome, progress, or verdict actor input is used. No validation result, driver-performance verdict, current-sim verdict, ranking, winner selection, checkpoint promotion, checkpoint mutation, repair success, high-fidelity validation, paper evidence, finite-window-vs-GRU, full ideal driver, or self-ID claim is made"
m3084-measurement-episode-0032,m3082-fresh-panel-0032,m3082_fresh_robustness_panel,offtrack_boundary_recovery,offtrack_containment,fresh_curved_boundary_recovery,fresh_boundary_curvature_and_lane_width,True,m3080-measurement-episode-0032,301531,speed_too_low_noncollision_noncompletion,False,False,True,m3080-measurement-episode-0032,32,m3012-executable-workload-0032,m3009-workload-contract-0032,m3009-source-resolution-0016,m3009-profile-binding-0002,m3012-executable-source-spec-0016,m3006-src-0015,route_a_parent_l3_online_gru,route_a_parent_l3_online_gru+m3078_deterministic_safety_reflex_fresh_offtrack_boundary_recovery,parent,T5,sensor_noise_proxy|brake_fade_or_loss_proxy,reveal_plus_8,active_safety_driver_v1;T5;parent;offtrack_boundary_recovery;fresh_boundary_curvature_and_lane_width;t5_near_boundary_warmup,401671,m3078_deterministic_safety_reflex_fresh,98,False,True,True,False,True,,success_obstacle_pass,7.679012743373519,1.8497768901591458,5.8292358532143735,0.0,0.6425315142789004,1.04732209482332,0.040067221969366074,0.0,,0.0,False,False,38.77979351703115,7.246019759659317,direct_action_clipped,False,98,1.0,1.158205616839078,0.0,1.0,False,False,8.676383413954936,0.6413043478260869,0.28631329355840723,0.06319375336170197,16.935954290216948,1.0,0.0,-2.847147560740562,-0.6413043478260869,0.7610088012649128,-0.02312653139233589,21.843839226814204,True,True,True,True,False,False,False,False,False,False,False,False,False,False,False,False,False,False,False,False,False,False,False,False,False,False,False,False,False,False,False,False,True,"M3084 Active Safety Driver v1 actor-visible deterministic direct-action safety-reflex fresh robustness measurement preflight only; fresh current-sim measurement rows and metric tables may be recorded for the M3078 deterministic direct-action safety-reflex candidate on the M3082 fresh panel. The candidate is executed as final_action = actor_visible_safety_reflex_action(obs72). No runtime base policy, hidden oracle, TTC, target, provenance, source, route, outcome, progress, or verdict actor input is used. No validation result, driver-performance verdict, current-sim verdict, ranking, winner selection, checkpoint promotion, checkpoint mutation, repair success, high-fidelity validation, paper evidence, finite-window-vs-GRU, full ideal driver, or self-ID claim is made"
m3084-measurement-episode-0033,m3082-fresh-panel-0033,m3082_fresh_robustness_panel,speed_floor_stress,speed_floor_fragility,fresh_speed_floor_and_late_obstacle,fresh_speed_floor_threshold_and_obstacle_reveal,True,m3080-measurement-episode-0001,301500,success_obstacle_pass,False,False,True,m3080-measurement-episode-0001,33,m3012-executable-workload-0001,m3009-workload-contract-0001,m3009-source-resolution-0001,m3009-profile-binding-0001,m3012-executable-source-spec-0001,m3006-src-0000,route_a_candidate_m2655_mitigation_preserving,route_a_candidate_m2655_mitigation_preserving+m3078_deterministic_safety_reflex_fresh_speed_floor_stress,candidate,T4,capability_step_down|late_obstacle_reveal_variant,reveal_plus_8,active_safety_driver_v1;T4;candidate;speed_floor_stress;fresh_speed_floor_threshold_and_obstacle_reveal;t4_capability_step_temporal,401700,m3078_deterministic_safety_reflex_fresh,164,False,True,True,False,True,,success_obstacle_pass,17.757195515340495,1.4846540409907054,16.27254147434979,0.0,0.5683549276790326,1.7584385169577896,0.011941597796976566,0.0,,0.0,False,False,49.70710058953614,5.453028224445356,direct_action_clipped,False,164,1.0,1.0705143438606728,0.0,1.0,True,False,20.296686757143856,0.0,1.8918321180102506,0.013254091143608093,78.642250895919,0.0,0.0,-4.024145282794066,0.0,-0.133393601052461,-0.001312493346631527,-28.935150306382866,True,True,True,True,False,False,False,False,False,False,False,False,False,False,False,False,False,False,False,False,False,False,False,False,False,False,False,False,False,False,False,False,True,"M3084 Active Safety Driver v1 actor-visible deterministic direct-action safety-reflex fresh robustness measurement preflight only; fresh current-sim measurement rows and metric tables may be recorded for the M3078 deterministic direct-action safety-reflex candidate on the M3082 fresh panel. The candidate is executed as final_action = actor_visible_safety_reflex_action(obs72). No runtime base policy, hidden oracle, TTC, target, provenance, source, route, outcome, progress, or verdict actor input is used. No validation result, driver-performance verdict, current-sim verdict, ranking, winner selection, checkpoint promotion, checkpoint mutation, repair success, high-fidelity validation, paper evidence, finite-window-vs-GRU, full ideal driver, or self-ID claim is made"
m3084-measurement-episode-0034,m3082-fresh-panel-0034,m3082_fresh_robustness_panel,speed_floor_stress,speed_floor_fragility,fresh_speed_floor_and_late_obstacle,fresh_speed_floor_threshold_and_obstacle_reveal,True,m3080-measurement-episode-0002,301501,speed_too_low_noncollision_noncompletion,False,False,True,m3080-measurement-episode-0002,34,m3012-executable-workload-0002,m3009-workload-contract-0002,m3009-source-resolution-0001,m3009-profile-binding-0002,m3012-executable-source-spec-0001,m3006-src-0000,route_a_parent_l3_online_gru,route_a_parent_l3_online_gru+m3078_deterministic_safety_reflex_fresh_speed_floor_stress,parent,T4,capability_step_down|late_obstacle_reveal_variant,reveal_plus_8,active_safety_driver_v1;T4;parent;speed_floor_stress;fresh_speed_floor_threshold_and_obstacle_reveal;t4_capability_step_temporal,401701,m3078_deterministic_safety_reflex_fresh,130,False,True,True,False,True,,success_obstacle_pass,10.67202403414012,1.7411970588659822,8.930826975274138,0.0,0.5814209447331465,1.4616586189451424,0.016770821064710617,0.0,,0.0,False,False,74.56966423197724,5.950611604456699,direct_action_clipped,False,130,1.0,1.0803108994777386,0.0,1.0,False,False,28.02406065522729,0.10493827160493827,1.0667621438765422,0.0321514867246151,73.5288659724002,1.0,0.0,-19.09323367995315,-0.10493827160493827,0.39489647506860015,-0.01538066565990448,1.0407982595770449,True,True,True,True,False,False,False,False,False,False,False,False,False,False,False,False,False,False,False,False,False,False,False,False,False,False,False,False,False,False,False,False,True,"M3084 Active Safety Driver v1 actor-visible deterministic direct-action safety-reflex fresh robustness measurement preflight only; fresh current-sim measurement rows and metric tables may be recorded for the M3078 deterministic direct-action safety-reflex candidate on the M3082 fresh panel. The candidate is executed as final_action = actor_visible_safety_reflex_action(obs72). No runtime base policy, hidden oracle, TTC, target, provenance, source, route, outcome, progress, or verdict actor input is used. No validation result, driver-performance verdict, current-sim verdict, ranking, winner selection, checkpoint promotion, checkpoint mutation, repair success, high-fidelity validation, paper evidence, finite-window-vs-GRU, full ideal driver, or self-ID claim is made"
m3084-measurement-episode-0035,m3082-fresh-panel-0035,m3082_fresh_robustness_panel,speed_floor_stress,speed_floor_fragility,fresh_speed_floor_and_late_obstacle,fresh_speed_floor_threshold_and_obstacle_reveal,True,m3080-measurement-episode-0003,301502,success_obstacle_pass,False,False,True,m3080-measurement-episode-0003,35,m3012-executable-workload-0005,m3009-workload-contract-0005,m3009-source-resolution-0003,m3009-profile-binding-0001,m3012-executable-source-spec-0003,m3006-src-0002,route_a_candidate_m2655_mitigation_preserving,route_a_candidate_m2655_mitigation_preserving+m3078_deterministic_safety_reflex_fresh_speed_floor_stress,candidate,T4,actuator_delay_step|capability_step_up_variant,mapping_window_new_source,active_safety_driver_v1;T4;candidate;speed_floor_stress;fresh_speed_floor_threshold_and_obstacle_reveal;t4_actuator_delay_response,401710,m3078_deterministic_safety_reflex_fresh,128,False,True,True,False,True,,success_obstacle_pass,16.52545985869324,1.904083289728307,14.621376568964932,0.0,0.5244775416066503,1.3771823608062854,0.02643481455743313,0.0,,0.0,False,False,63.36815135334922,7.034440412978503,direct_action_clipped,False,128,1.0,1.0755299609154463,0.0,1.0,True,False,14.208429260635159,0.0,1.4796300658981032,0.02007572539150715,65.03375430001762,0.0,0.0,0.4129473083297732,0.0,-0.10244770509181778,0.00635908916592598,-1.6656029466684004,True,True,True,True,False,False,False,False,False,False,False,False,False,False,False,False,False,False,False,False,False,False,False,False,False,False,False,False,False,False,False,False,True,"M3084 Active Safety Driver v1 actor-visible deterministic direct-action safety-reflex fresh robustness measurement preflight only; fresh current-sim measurement rows and metric tables may be recorded for the M3078 deterministic direct-action safety-reflex candidate on the M3082 fresh panel. The candidate is executed as final_action = actor_visible_safety_reflex_action(obs72). No runtime base policy, hidden oracle, TTC, target, provenance, source, route, outcome, progress, or verdict actor input is used. No validation result, driver-performance verdict, current-sim verdict, ranking, winner selection, checkpoint promotion, checkpoint mutation, repair success, high-fidelity validation, paper evidence, finite-window-vs-GRU, full ideal driver, or self-ID claim is made"
m3084-measurement-episode-0036,m3082-fresh-panel-0036,m3082_fresh_robustness_panel,speed_floor_stress,speed_floor_fragility,fresh_speed_floor_and_late_obstacle,fresh_speed_floor_threshold_and_obstacle_reveal,True,m3080-measurement-episode-0004,301503,success_obstacle_pass,False,False,True,m3080-measurement-episode-0004,36,m3012-executable-workload-0006,m3009-workload-contract-0006,m3009-source-resolution-0003,m3009-profile-binding-0002,m3012-executable-source-spec-0003,m3006-src-0002,route_a_parent_l3_online_gru,route_a_parent_l3_online_gru+m3078_deterministic_safety_reflex_fresh_speed_floor_stress,parent,T4,actuator_delay_step|capability_step_up_variant,mapping_window_new_source,active_safety_driver_v1;T4;parent;speed_floor_stress;fresh_speed_floor_threshold_and_obstacle_reveal;t4_actuator_delay_response,401711,m3078_deterministic_safety_reflex_fresh,98,False,True,True,False,True,,success_obstacle_pass,20.633707116932506,1.6531954999058809,18.980511617026625,0.0,0.4668580222690632,1.4955775600905241,0.026737667620182037,0.0,,0.0,False,False,62.98604378062019,9.628013953985352,direct_action_clipped,False,98,1.0,1.0735695927726978,0.0,1.0,True,False,18.50180233787784,0.0,1.4509449712104228,0.01140759326517582,75.04360628873364,0.0,0.0,0.47870927914878436,0.0,0.044632588880101354,0.015330074355006218,-12.057562508113449,True,True,True,True,False,False,False,False,False,False,False,False,False,False,False,False,False,False,False,False,False,False,False,False,False,False,False,False,False,False,False,False,True,"M3084 Active Safety Driver v1 actor-visible deterministic direct-action safety-reflex fresh robustness measurement preflight only; fresh current-sim measurement rows and metric tables may be recorded for the M3078 deterministic direct-action safety-reflex candidate on the M3082 fresh panel. The candidate is executed as final_action = actor_visible_safety_reflex_action(obs72). No runtime base policy, hidden oracle, TTC, target, provenance, source, route, outcome, progress, or verdict actor input is used. No validation result, driver-performance verdict, current-sim verdict, ranking, winner selection, checkpoint promotion, checkpoint mutation, repair success, high-fidelity validation, paper evidence, finite-window-vs-GRU, full ideal driver, or self-ID claim is made"
m3084-measurement-episode-0037,m3082-fresh-panel-0037,m3082_fresh_robustness_panel,speed_floor_stress,speed_floor_fragility,fresh_speed_floor_and_late_obstacle,fresh_speed_floor_threshold_and_obstacle_reveal,True,m3080-measurement-episode-0005,301504,speed_too_low_noncollision_noncompletion,False,False,True,m3080-measurement-episode-0005,37,m3012-executable-workload-0009,m3009-workload-contract-0009,m3009-source-resolution-0005,m3009-profile-binding-0001,m3012-executable-source-spec-0005,m3006-src-0004,route_a_candidate_m2655_mitigation_preserving,route_a_candidate_m2655_mitigation_preserving+m3078_deterministic_safety_reflex_fresh_speed_floor_stress,candidate,T4,t4_staged_warmup_capability|late_reveal_boundary_variant,reveal_plus_12,active_safety_driver_v1;T4;candidate;speed_floor_stress;fresh_speed_floor_threshold_and_obstacle_reveal;t4_staged_warmup_capability,401720,m3078_deterministic_safety_reflex_fresh,218,True,False,False,False,False,off_track,off_track_noncollision_noncompletion,30.82262567240159,1.7765780286601531,29.046047643741435,0.7293577981651376,0.17503047103333919,1.748909577902267,0.033067893236875534,0.0001809594571913209,4.36,0.0001809594571913209,False,False,8.676537419189671,3.9304520503107794,direct_action_clipped,False,218,1.0,1.1653595881177745,0.0,1.0,False,False,15.885653261348914,0.0,1.9874022559560989,0.010979214683175087,21.540173160249864,0.0,0.0,13.160394382392521,0.7293577981651376,-0.2384926780538319,0.022088678553700447,-12.863635741060193,True,True,True,True,False,False,False,False,False,False,False,False,False,False,False,False,False,False,False,False,False,False,False,False,False,False,False,False,False,False,False,False,True,"M3084 Active Safety Driver v1 actor-visible deterministic direct-action safety-reflex fresh robustness measurement preflight only; fresh current-sim measurement rows and metric tables may be recorded for the M3078 deterministic direct-action safety-reflex candidate on the M3082 fresh panel. The candidate is executed as final_action = actor_visible_safety_reflex_action(obs72). No runtime base policy, hidden oracle, TTC, target, provenance, source, route, outcome, progress, or verdict actor input is used. No validation result, driver-performance verdict, current-sim verdict, ranking, winner selection, checkpoint promotion, checkpoint mutation, repair success, high-fidelity validation, paper evidence, finite-window-vs-GRU, full ideal driver, or self-ID claim is made"
m3084-measurement-episode-0038,m3082-fresh-panel-0038,m3082_fresh_robustness_panel,speed_floor_stress,speed_floor_fragility,fresh_speed_floor_and_late_obstacle,fresh_speed_floor_threshold_and_obstacle_reveal,True,m3080-measurement-episode-0006,301505,success_obstacle_pass,False,False,True,m3080-measurement-episode-0006,38,m3012-executable-workload-0010,m3009-workload-contract-0010,m3009-source-resolution-0005,m3009-profile-binding-0002,m3012-executable-source-spec-0005,m3006-src-0004,route_a_parent_l3_online_gru,route_a_parent_l3_online_gru+m3078_deterministic_safety_reflex_fresh_speed_floor_stress,parent,T4,t4_staged_warmup_capability|late_reveal_boundary_variant,reveal_plus_12,active_safety_driver_v1;T4;parent;speed_floor_stress;fresh_speed_floor_threshold_and_obstacle_reveal;t4_staged_warmup_capability,401721,m3078_deterministic_safety_reflex_fresh,161,False,True,True,False,True,,success_obstacle_pass,22.51455745721338,1.7679040195517894,20.746653437661593,0.0,0.27949287070765994,1.7018435473712954,0.03514745831489563,0.0,,0.0,False,False,67.95727413828124,5.9638753700727625,direct_action_clipped,False,161,1.0,1.1567900654692087,0.0,1.0,True,False,13.139502225640612,0.0,1.685897913408106,0.023500550538301468,69.25374131245725,0.0,0.0,7.60715121202098,0.0,0.015945633963189376,0.011646907776594162,-1.2964671741760156,True,True,True,True,False,False,False,False,False,False,False,False,False,False,False,False,False,False,False,False,False,False,False,False,False,False,False,False,False,False,False,False,True,"M3084 Active Safety Driver v1 actor-visible deterministic direct-action safety-reflex fresh robustness measurement preflight only; fresh current-sim measurement rows and metric tables may be recorded for the M3078 deterministic direct-action safety-reflex candidate on the M3082 fresh panel. The candidate is executed as final_action = actor_visible_safety_reflex_action(obs72). No runtime base policy, hidden oracle, TTC, target, provenance, source, route, outcome, progress, or verdict actor input is used. No validation result, driver-performance verdict, current-sim verdict, ranking, winner selection, checkpoint promotion, checkpoint mutation, repair success, high-fidelity validation, paper evidence, finite-window-vs-GRU, full ideal driver, or self-ID claim is made"
m3084-measurement-episode-0039,m3082-fresh-panel-0039,m3082_fresh_robustness_panel,speed_floor_stress,speed_floor_fragility,fresh_speed_floor_and_late_obstacle,fresh_speed_floor_threshold_and_obstacle_reveal,True,m3080-measurement-episode-0007,301506,off_track_noncollision_noncompletion,False,False,True,m3080-measurement-episode-0007,39,m3012-executable-workload-0013,m3009-workload-contract-0013,m3009-source-resolution-0007,m3009-profile-binding-0001,m3012-executable-source-spec-0007,m3006-src-0006,route_a_candidate_m2655_mitigation_preserving,route_a_candidate_m2655_mitigation_preserving+m3078_deterministic_safety_reflex_fresh_speed_floor_stress,candidate,T4,t4_actuator_delay_response|capability_step_down_variant,mapping_window_new_source,active_safety_driver_v1;T4;candidate;speed_floor_stress;fresh_speed_floor_threshold_and_obstacle_reveal;t4_actuator_delay_response,401730,m3078_deterministic_safety_reflex_fresh,166,False,True,True,False,True,,success_obstacle_pass,18.504223582065812,1.9826506377766342,16.52157294428918,0.0,0.33462843609847187,1.6642458333605081,0.017500752583146095,0.0,,0.0,False,False,79.8821543773889,5.529259439990109,direct_action_clipped,False,166,1.0,1.0641134287937577,0.0,1.0,False,False,8.801340218185194,0.5272727272727272,2.091335390077762,0.030892264097929,-127.31973123128293,1.0,0.0,7.720232726103985,-0.5272727272727272,-0.4270895567172539,-0.013391511514782906,207.20188560867183,True,True,True,True,False,False,False,False,False,False,False,False,False,False,False,False,False,False,False,False,False,False,False,False,False,False,False,False,False,False,False,False,True,"M3084 Active Safety Driver v1 actor-visible deterministic direct-action safety-reflex fresh robustness measurement preflight only; fresh current-sim measurement rows and metric tables may be recorded for the M3078 deterministic direct-action safety-reflex candidate on the M3082 fresh panel. The candidate is executed as final_action = actor_visible_safety_reflex_action(obs72). No runtime base policy, hidden oracle, TTC, target, provenance, source, route, outcome, progress, or verdict actor input is used. No validation result, driver-performance verdict, current-sim verdict, ranking, winner selection, checkpoint promotion, checkpoint mutation, repair success, high-fidelity validation, paper evidence, finite-window-vs-GRU, full ideal driver, or self-ID claim is made"
m3084-measurement-episode-0040,m3082-fresh-panel-0040,m3082_fresh_robustness_panel,speed_floor_stress,speed_floor_fragility,fresh_speed_floor_and_late_obstacle,fresh_speed_floor_threshold_and_obstacle_reveal,True,m3080-measurement-episode-0008,301507,speed_too_low_noncollision_noncompletion,False,False,True,m3080-measurement-episode-0008,40,m3012-executable-workload-0014,m3009-workload-contract-0014,m3009-source-resolution-0007,m3009-profile-binding-0002,m3012-executable-source-spec-0007,m3006-src-0006,route_a_parent_l3_online_gru,route_a_parent_l3_online_gru+m3078_deterministic_safety_reflex_fresh_speed_floor_stress,parent,T4,t4_actuator_delay_response|capability_step_down_variant,mapping_window_new_source,active_safety_driver_v1;T4;parent;speed_floor_stress;fresh_speed_floor_threshold_and_obstacle_reveal;t4_actuator_delay_response,401731,m3078_deterministic_safety_reflex_fresh,206,False,True,True,False,True,,success_obstacle_pass,26.802802663495413,1.5065813183575916,25.296221345137823,0.0,0.4697865400683591,2.100995604259587,0.01520576048642397,0.0,,0.0,False,False,22.73673320441042,4.7338251592280125,direct_action_clipped,False,206,1.0,1.0622012713580455,0.0,1.0,False,False,3.478330119825529,0.6461538461538462,0.81836880669956,0.0703062117099762,-7.179098507948773,1.0,0.0,21.817891225312295,-0.6461538461538462,1.282626797560027,-0.05510045122355223,29.915831712359193,True,True,True,True,False,False,False,False,False,False,False,False,False,False,False,False,False,False,False,False,False,False,False,False,False,False,False,False,False,False,False,False,True,"M3084 Active Safety Driver v1 actor-visible deterministic direct-action safety-reflex fresh robustness measurement preflight only; fresh current-sim measurement rows and metric tables may be recorded for the M3078 deterministic direct-action safety-reflex candidate on the M3082 fresh panel. The candidate is executed as final_action = actor_visible_safety_reflex_action(obs72). No runtime base policy, hidden oracle, TTC, target, provenance, source, route, outcome, progress, or verdict actor input is used. No validation result, driver-performance verdict, current-sim verdict, ranking, winner selection, checkpoint promotion, checkpoint mutation, repair success, high-fidelity validation, paper evidence, finite-window-vs-GRU, full ideal driver, or self-ID claim is made"
m3084-measurement-episode-0041,m3082-fresh-panel-0041,m3082_fresh_robustness_panel,speed_floor_stress,speed_floor_fragility,fresh_speed_floor_and_late_obstacle,fresh_speed_floor_threshold_and_obstacle_reveal,True,m3080-measurement-episode-0009,301508,success_obstacle_pass,False,False,True,m3080-measurement-episode-0009,41,m3012-executable-workload-0017,m3009-workload-contract-0017,m3009-source-resolution-0009,m3009-profile-binding-0001,m3012-executable-source-spec-0009,m3006-src-0008,route_a_candidate_m2655_mitigation_preserving,route_a_candidate_m2655_mitigation_preserving+m3078_deterministic_safety_reflex_fresh_speed_floor_stress,candidate,T4,ood_low_grip_proxy|actuator_delay_step,decision_minus_20,active_safety_driver_v1;T4;candidate;speed_floor_stress;fresh_speed_floor_threshold_and_obstacle_reveal;t4_actuator_delay_response,401740,m3078_deterministic_safety_reflex_fresh,95,False,True,True,False,True,,success_obstacle_pass,14.794927722173686,2.0234227515085927,12.771504970665093,0.0,0.6652286907909424,1.1832653480455937,0.05342128872871399,0.0,,0.0,False,False,48.92377430171601,9.300539588754152,direct_action_clipped,False,95,1.0,1.1287870068299144,0.0,1.0,True,False,8.078056468858003,0.0,1.232543799913485,0.030379189178347588,74.13392875873461,0.0,0.0,4.69344850180709,0.0,-0.04927845186789126,0.0230420995503664,-25.210154457018604,True,True,True,True,False,False,False,False,False,False,False,False,False,False,False,False,False,False,False,False,False,False,False,False,False,False,False,False,False,False,False,False,True,"M3084 Active Safety Driver v1 actor-visible deterministic direct-action safety-reflex fresh robustness measurement preflight only; fresh current-sim measurement rows and metric tables may be recorded for the M3078 deterministic direct-action safety-reflex candidate on the M3082 fresh panel. The candidate is executed as final_action = actor_visible_safety_reflex_action(obs72). No runtime base policy, hidden oracle, TTC, target, provenance, source, route, outcome, progress, or verdict actor input is used. No validation result, driver-performance verdict, current-sim verdict, ranking, winner selection, checkpoint promotion, checkpoint mutation, repair success, high-fidelity validation, paper evidence, finite-window-vs-GRU, full ideal driver, or self-ID claim is made"
m3084-measurement-episode-0042,m3082-fresh-panel-0042,m3082_fresh_robustness_panel,speed_floor_stress,speed_floor_fragility,fresh_speed_floor_and_late_obstacle,fresh_speed_floor_threshold_and_obstacle_reveal,True,m3080-measurement-episode-0010,301509,speed_too_low_noncollision_noncompletion,False,False,True,m3080-measurement-episode-0010,42,m3012-executable-workload-0018,m3009-workload-contract-0018,m3009-source-resolution-0009,m3009-profile-binding-0002,m3012-executable-source-spec-0009,m3006-src-0008,route_a_parent_l3_online_gru,route_a_parent_l3_online_gru+m3078_deterministic_safety_reflex_fresh_speed_floor_stress,parent,T4,ood_low_grip_proxy|actuator_delay_step,decision_minus_20,active_safety_driver_v1;T4;parent;speed_floor_stress;fresh_speed_floor_threshold_and_obstacle_reveal;t4_actuator_delay_response,401741,m3078_deterministic_safety_reflex_fresh,182,False,True,True,False,True,,success_obstacle_pass,19.17160935890506,1.8003424992885293,17.37126685961653,0.0,0.5274645066754159,2.0982533679969464,0.027919547632336617,0.0,,0.0,False,False,-1.335076023654672,4.975466472509605,direct_action_clipped,False,182,1.0,1.1024632172270135,0.0,1.0,False,False,26.5876779507852,0.0,1.932204681907839,0.015316156670451164,-16.591115961513125,1.0,0.0,-9.21641109116867,0.0,0.1660486860891075,0.012603390961885452,15.256039937858453,True,True,True,True,False,False,False,False,False,False,False,False,False,False,False,False,False,False,False,False,False,False,False,False,False,False,False,False,False,False,False,False,True,"M3084 Active Safety Driver v1 actor-visible deterministic direct-action safety-reflex fresh robustness measurement preflight only; fresh current-sim measurement rows and metric tables may be recorded for the M3078 deterministic direct-action safety-reflex candidate on the M3082 fresh panel. The candidate is executed as final_action = actor_visible_safety_reflex_action(obs72). No runtime base policy, hidden oracle, TTC, target, provenance, source, route, outcome, progress, or verdict actor input is used. No validation result, driver-performance verdict, current-sim verdict, ranking, winner selection, checkpoint promotion, checkpoint mutation, repair success, high-fidelity validation, paper evidence, finite-window-vs-GRU, full ideal driver, or self-ID claim is made"
m3084-measurement-episode-0043,m3082-fresh-panel-0043,m3082_fresh_robustness_panel,speed_floor_stress,speed_floor_fragility,fresh_speed_floor_and_late_obstacle,fresh_speed_floor_threshold_and_obstacle_reveal,True,m3080-measurement-episode-0011,301510,success_obstacle_pass,False,False,True,m3080-measurement-episode-0011,43,m3012-executable-workload-0021,m3009-workload-contract-0021,m3009-source-resolution-0011,m3009-profile-binding-0001,m3012-executable-source-spec-0011,m3006-src-0010,route_a_candidate_m2655_mitigation_preserving,route_a_candidate_m2655_mitigation_preserving+m3078_deterministic_safety_reflex_fresh_speed_floor_stress,candidate,T4,ood_brake_loss_proxy|capability_step_up,reveal_plus_10,active_safety_driver_v1;T4;candidate;speed_floor_stress;fresh_speed_floor_threshold_and_obstacle_reveal;t4_capability_step_temporal,401750,m3078_deterministic_safety_reflex_fresh,136,False,True,True,False,True,,success_obstacle_pass,22.75095088195081,1.915059381172004,20.835891500778807,0.0,0.6528915213332197,1.3879300939764163,0.01907503418624401,0.0,,0.0,False,False,65.006585288213,7.2036606331875745,direct_action_clipped,False,136,1.0,1.0676675640484865,0.0,1.0,True,False,9.934895300887764,0.0,0.5802381252145551,0.033282309770584106,63.27361995661581,0.0,0.0,10.900996199891043,0.0,0.8076919687618612,-0.014207275584340096,1.7329653315971925,True,True,True,True,False,False,False,False,False,False,False,False,False,False,False,False,False,False,False,False,False,False,False,False,False,False,False,False,False,False,False,False,True,"M3084 Active Safety Driver v1 actor-visible deterministic direct-action safety-reflex fresh robustness measurement preflight only; fresh current-sim measurement rows and metric tables may be recorded for the M3078 deterministic direct-action safety-reflex candidate on the M3082 fresh panel. The candidate is executed as final_action = actor_visible_safety_reflex_action(obs72). No runtime base policy, hidden oracle, TTC, target, provenance, source, route, outcome, progress, or verdict actor input is used. No validation result, driver-performance verdict, current-sim verdict, ranking, winner selection, checkpoint promotion, checkpoint mutation, repair success, high-fidelity validation, paper evidence, finite-window-vs-GRU, full ideal driver, or self-ID claim is made"
m3084-measurement-episode-0044,m3082-fresh-panel-0044,m3082_fresh_robustness_panel,speed_floor_stress,speed_floor_fragility,fresh_speed_floor_and_late_obstacle,fresh_speed_floor_threshold_and_obstacle_reveal,True,m3080-measurement-episode-0012,301511,success_obstacle_pass,False,False,True,m3080-measurement-episode-0012,44,m3012-executable-workload-0022,m3009-workload-contract-0022,m3009-source-resolution-0011,m3009-profile-binding-0002,m3012-executable-source-spec-0011,m3006-src-0010,route_a_parent_l3_online_gru,route_a_parent_l3_online_gru+m3078_deterministic_safety_reflex_fresh_speed_floor_stress,parent,T4,ood_brake_loss_proxy|capability_step_up,reveal_plus_10,active_safety_driver_v1;T4;parent;speed_floor_stress;fresh_speed_floor_threshold_and_obstacle_reveal;t4_capability_step_temporal,401751,m3078_deterministic_safety_reflex_fresh,184,True,False,False,False,False,speed_too_low,speed_too_low_noncollision_noncompletion,22.6691386369819,1.5259657413388155,21.143172895643083,0.7065217391304348,0.7600718557640382,0.8883197962572302,0.034387100487947464,0.0,,0.0,False,False,-90.53150131667194,3.800249659409984,direct_action_clipped,False,184,1.0,1.0856569888799086,0.0,1.0,True,False,10.748051426260396,0.0,1.577861005941172,0.02752469666302204,51.48977645157305,-1.0,0.0,10.395121469382687,0.7065217391304348,-0.6895412096839417,0.006862403824925423,-142.021277768245,True,True,True,True,False,False,False,False,False,False,False,False,False,False,False,False,False,False,False,False,False,False,False,False,False,False,False,False,False,False,False,False,True,"M3084 Active Safety Driver v1 actor-visible deterministic direct-action safety-reflex fresh robustness measurement preflight only; fresh current-sim measurement rows and metric tables may be recorded for the M3078 deterministic direct-action safety-reflex candidate on the M3082 fresh panel. The candidate is executed as final_action = actor_visible_safety_reflex_action(obs72). No runtime base policy, hidden oracle, TTC, target, provenance, source, route, outcome, progress, or verdict actor input is used. No validation result, driver-performance verdict, current-sim verdict, ranking, winner selection, checkpoint promotion, checkpoint mutation, repair success, high-fidelity validation, paper evidence, finite-window-vs-GRU, full ideal driver, or self-ID claim is made"
m3084-measurement-episode-0045,m3082-fresh-panel-0045,m3082_fresh_robustness_panel,speed_floor_stress,speed_floor_fragility,fresh_speed_floor_and_late_obstacle,fresh_speed_floor_threshold_and_obstacle_reveal,True,m3080-measurement-episode-0013,301512,off_track_noncollision_noncompletion,False,False,True,m3080-measurement-episode-0013,45,m3012-executable-workload-0025,m3009-workload-contract-0025,m3009-source-resolution-0013,m3009-profile-binding-0001,m3012-executable-source-spec-0013,m3006-src-0012,route_a_candidate_m2655_mitigation_preserving,route_a_candidate_m2655_mitigation_preserving+m3078_deterministic_safety_reflex_fresh_speed_floor_stress,candidate,T4,sensor_noise_proxy|actuator_delay_step,reveal_plus_4,active_safety_driver_v1;T4;candidate;speed_floor_stress;fresh_speed_floor_threshold_and_obstacle_reveal;t4_actuator_delay_response,401760,m3078_deterministic_safety_reflex_fresh,144,False,True,True,False,True,,success_obstacle_pass,14.679987122410632,1.9668925232799843,12.713094599130647,0.0,0.4058577243587246,1.4067239527290356,0.024488378316164017,0.0,,0.0,False,False,69.51767034244108,6.048581308166402,direct_action_clipped,False,144,1.0,1.0773699142866664,0.0,1.0,False,False,15.36994499142628,0.3146067415730337,2.059084763293552,0.039882782846689224,-79.26236087135058,1.0,0.0,-2.656850392295633,-0.3146067415730337,-0.6523608105645162,-0.015394404530525208,148.78003121379166,True,True,True,True,False,False,False,False,False,False,False,False,False,False,False,False,False,False,False,False,False,False,False,False,False,False,False,False,False,False,False,False,True,"M3084 Active Safety Driver v1 actor-visible deterministic direct-action safety-reflex fresh robustness measurement preflight only; fresh current-sim measurement rows and metric tables may be recorded for the M3078 deterministic direct-action safety-reflex candidate on the M3082 fresh panel. The candidate is executed as final_action = actor_visible_safety_reflex_action(obs72). No runtime base policy, hidden oracle, TTC, target, provenance, source, route, outcome, progress, or verdict actor input is used. No validation result, driver-performance verdict, current-sim verdict, ranking, winner selection, checkpoint promotion, checkpoint mutation, repair success, high-fidelity validation, paper evidence, finite-window-vs-GRU, full ideal driver, or self-ID claim is made"
m3084-measurement-episode-0046,m3082-fresh-panel-0046,m3082_fresh_robustness_panel,speed_floor_stress,speed_floor_fragility,fresh_speed_floor_and_late_obstacle,fresh_speed_floor_threshold_and_obstacle_reveal,True,m3080-measurement-episode-0014,301513,success_obstacle_pass,False,False,True,m3080-measurement-episode-0014,46,m3012-executable-workload-0026,m3009-workload-contract-0026,m3009-source-resolution-0013,m3009-profile-binding-0002,m3012-executable-source-spec-0013,m3006-src-0012,route_a_parent_l3_online_gru,route_a_parent_l3_online_gru+m3078_deterministic_safety_reflex_fresh_speed_floor_stress,parent,T4,sensor_noise_proxy|actuator_delay_step,reveal_plus_4,active_safety_driver_v1;T4;parent;speed_floor_stress;fresh_speed_floor_threshold_and_obstacle_reveal;t4_actuator_delay_response,401761,m3078_deterministic_safety_reflex_fresh,209,False,True,True,False,True,,success_obstacle_pass,16.74670439539147,1.9532099433489019,14.793494452042566,0.215311004784689,0.27725844977166403,2.2916413522527592,0.04738585650920868,0.0,,0.0,False,False,-13.558361680530908,4.182186343287128,direct_action_clipped,False,209,1.0,1.1296074475968283,0.0,1.0,True,False,14.990813311870912,0.0,0.9752580383546163,0.025745941326022148,76.05303242201795,0.0,0.0,-0.1973188598283464,0.215311004784689,1.316383313898143,0.02163991518318653,-89.61139410254886,True,True,True,True,False,False,False,False,False,False,False,False,False,False,False,False,False,False,False,False,False,False,False,False,False,False,False,False,False,False,False,False,True,"M3084 Active Safety Driver v1 actor-visible deterministic direct-action safety-reflex fresh robustness measurement preflight only; fresh current-sim measurement rows and metric tables may be recorded for the M3078 deterministic direct-action safety-reflex candidate on the M3082 fresh panel. The candidate is executed as final_action = actor_visible_safety_reflex_action(obs72). No runtime base policy, hidden oracle, TTC, target, provenance, source, route, outcome, progress, or verdict actor input is used. No validation result, driver-performance verdict, current-sim verdict, ranking, winner selection, checkpoint promotion, checkpoint mutation, repair success, high-fidelity validation, paper evidence, finite-window-vs-GRU, full ideal driver, or self-ID claim is made"
m3084-measurement-episode-0047,m3082-fresh-panel-0047,m3082_fresh_robustness_panel,speed_floor_stress,speed_floor_fragility,fresh_speed_floor_and_late_obstacle,fresh_speed_floor_threshold_and_obstacle_reveal,True,m3080-measurement-episode-0015,301514,collision_failure,False,False,True,m3080-measurement-episode-0015,47,m3012-executable-workload-0029,m3009-workload-contract-0029,m3009-source-resolution-0015,m3009-profile-binding-0001,m3012-executable-source-spec-0015,m3006-src-0014,route_a_candidate_m2655_mitigation_preserving,route_a_candidate_m2655_mitigation_preserving+m3078_deterministic_safety_reflex_fresh_speed_floor_stress,candidate,T4,actuator_delay_step|steering_lag_proxy,mapping_window_new_source,active_safety_driver_v1;T4;candidate;speed_floor_stress;fresh_speed_floor_threshold_and_obstacle_reveal;t4_actuator_delay_response,401770,m3078_deterministic_safety_reflex_fresh,224,False,True,True,False,True,,success_obstacle_pass,30.157038663956676,1.9721832174017906,28.184855446554884,0.0,0.3225045794998354,2.0992478783109725,0.024301085621118546,0.0,,0.0,False,False,20.673760349378554,4.4882823149450655,direct_action_clipped,False,224,1.0,1.0927555337548256,0.0,1.0,False,True,-0.0718597694466181,0.14705882352941177,0.4512840275640823,0.044991638511419296,15.766384826610324,1.0,-1.0,28.256715216001503,-0.14705882352941177,1.6479638507468901,-0.02069055289030075,4.9073755227682305,True,True,True,True,False,False,False,False,False,False,False,False,False,False,False,False,False,False,False,False,False,False,False,False,False,False,False,False,False,False,False,False,True,"M3084 Active Safety Driver v1 actor-visible deterministic direct-action safety-reflex fresh robustness measurement preflight only; fresh current-sim measurement rows and metric tables may be recorded for the M3078 deterministic direct-action safety-reflex candidate on the M3082 fresh panel. The candidate is executed as final_action = actor_visible_safety_reflex_action(obs72). No runtime base policy, hidden oracle, TTC, target, provenance, source, route, outcome, progress, or verdict actor input is used. No validation result, driver-performance verdict, current-sim verdict, ranking, winner selection, checkpoint promotion, checkpoint mutation, repair success, high-fidelity validation, paper evidence, finite-window-vs-GRU, full ideal driver, or self-ID claim is made"
m3084-measurement-episode-0048,m3082-fresh-panel-0048,m3082_fresh_robustness_panel,speed_floor_stress,speed_floor_fragility,fresh_speed_floor_and_late_obstacle,fresh_speed_floor_threshold_and_obstacle_reveal,True,m3080-measurement-episode-0016,301515,success_obstacle_pass,False,False,True,m3080-measurement-episode-0016,48,m3012-executable-workload-0030,m3009-workload-contract-0030,m3009-source-resolution-0015,m3009-profile-binding-0002,m3012-executable-source-spec-0015,m3006-src-0014,route_a_parent_l3_online_gru,route_a_parent_l3_online_gru+m3078_deterministic_safety_reflex_fresh_speed_floor_stress,parent,T4,actuator_delay_step|steering_lag_proxy,mapping_window_new_source,active_safety_driver_v1;T4;parent;speed_floor_stress;fresh_speed_floor_threshold_and_obstacle_reveal;t4_actuator_delay_response,401771,m3078_deterministic_safety_reflex_fresh,117,True,False,False,False,False,speed_too_low,speed_too_low_noncollision_noncompletion,24.46611455970965,2.0348731860653198,22.43124137364433,0.1623931623931624,0.41613059136091457,0.995448663439798,0.05802313610911369,0.0,,0.0,False,False,21.09970456175955,4.077905213209916,direct_action_clipped,False,117,1.0,1.155915985759507,0.0,1.0,True,False,0.09558002211610939,0.40816326530612246,1.8023505017294092,0.05570659041404724,46.121134797732424,-1.0,0.0,22.33566135152822,-0.24577010291296006,-0.8069018382896113,0.002316545695066452,-25.021430235972876,True,True,True,True,False,False,False,False,False,False,False,False,False,False,False,False,False,False,False,False,False,False,False,False,False,False,False,False,False,False,False,False,True,"M3084 Active Safety Driver v1 actor-visible deterministic direct-action safety-reflex fresh robustness measurement preflight only; fresh current-sim measurement rows and metric tables may be recorded for the M3078 deterministic direct-action safety-reflex candidate on the M3082 fresh panel. The candidate is executed as final_action = actor_visible_safety_reflex_action(obs72). No runtime base policy, hidden oracle, TTC, target, provenance, source, route, outcome, progress, or verdict actor input is used. No validation result, driver-performance verdict, current-sim verdict, ranking, winner selection, checkpoint promotion, checkpoint mutation, repair success, high-fidelity validation, paper evidence, finite-window-vs-GRU, full ideal driver, or self-ID claim is made"
m3084-measurement-episode-0049,m3082-fresh-panel-0049,m3082_fresh_robustness_panel,stability_action_pressure,stability_recovery_action_pressure,fresh_actuator_delay_and_stability,fresh_actuator_delay_yaw_and_sideslip,True,m3080-measurement-episode-0017,301516,success_obstacle_pass,False,False,True,m3080-measurement-episode-0017,49,m3012-executable-workload-0001,m3009-workload-contract-0001,m3009-source-resolution-0001,m3009-profile-binding-0001,m3012-executable-source-spec-0001,m3006-src-0000,route_a_candidate_m2655_mitigation_preserving,route_a_candidate_m2655_mitigation_preserving+m3078_deterministic_safety_reflex_fresh_stability_action_pressure,candidate,T4,capability_step_down|late_obstacle_reveal_variant,reveal_plus_8,active_safety_driver_v1;T4;candidate;stability_action_pressure;fresh_actuator_delay_yaw_and_sideslip;t4_capability_step_temporal,401800,m3078_deterministic_safety_reflex_fresh,170,True,False,False,False,False,speed_too_low,speed_too_low_noncollision_noncompletion,20.5782541564076,1.7224616489396634,18.855792507467935,0.0,0.5917853738058535,1.987090169188665,0.00922881718724966,0.0,,0.0,False,False,-8.178018956007229,4.576509619418942,direct_action_clipped,False,170,1.0,1.0590795530992396,0.0,1.0,True,False,7.4166326318196205,0.0,1.5815508515328567,0.0329708568751812,47.61074231873319,-1.0,0.0,11.439159875648315,0.0,0.4055393176558084,-0.023742039687931538,-55.788761274740416,True,True,True,True,False,False,False,False,False,False,False,False,False,False,False,False,False,False,False,False,False,False,False,False,False,False,False,False,False,False,False,False,True,"M3084 Active Safety Driver v1 actor-visible deterministic direct-action safety-reflex fresh robustness measurement preflight only; fresh current-sim measurement rows and metric tables may be recorded for the M3078 deterministic direct-action safety-reflex candidate on the M3082 fresh panel. The candidate is executed as final_action = actor_visible_safety_reflex_action(obs72). No runtime base policy, hidden oracle, TTC, target, provenance, source, route, outcome, progress, or verdict actor input is used. No validation result, driver-performance verdict, current-sim verdict, ranking, winner selection, checkpoint promotion, checkpoint mutation, repair success, high-fidelity validation, paper evidence, finite-window-vs-GRU, full ideal driver, or self-ID claim is made"
m3084-measurement-episode-0050,m3082-fresh-panel-0050,m3082_fresh_robustness_panel,stability_action_pressure,stability_recovery_action_pressure,fresh_actuator_delay_and_stability,fresh_actuator_delay_yaw_and_sideslip,True,m3080-measurement-episode-0018,301517,success_obstacle_pass,False,False,True,m3080-measurement-episode-0018,50,m3012-executable-workload-0002,m3009-workload-contract-0002,m3009-source-resolution-0001,m3009-profile-binding-0002,m3012-executable-source-spec-0001,m3006-src-0000,route_a_parent_l3_online_gru,route_a_parent_l3_online_gru+m3078_deterministic_safety_reflex_fresh_stability_action_pressure,parent,T4,capability_step_down|late_obstacle_reveal_variant,reveal_plus_8,active_safety_driver_v1;T4;parent;stability_action_pressure;fresh_actuator_delay_yaw_and_sideslip;t4_capability_step_temporal,401801,m3078_deterministic_safety_reflex_fresh,107,False,True,True,False,True,,success_obstacle_pass,11.216609964864947,1.7743500411051443,9.442259923759803,0.0,0.2973098086981183,1.5670279931638569,0.01727324351668358,0.0,,0.0,False,False,77.7126837239219,7.37990015032676,direct_action_clipped,False,107,1.0,1.0746392813798422,0.0,1.0,True,False,4.952015565916539,0.0,1.5196838537017432,0.047061823308467865,53.83690157586037,0.0,0.0,4.490244357843264,0.0,0.04734413946211369,-0.029788579791784286,23.875782148061532,True,True,True,True,False,False,False,False,False,False,False,False,False,False,False,False,False,False,False,False,False,False,False,False,False,False,False,False,False,False,False,False,True,"M3084 Active Safety Driver v1 actor-visible deterministic direct-action safety-reflex fresh robustness measurement preflight only; fresh current-sim measurement rows and metric tables may be recorded for the M3078 deterministic direct-action safety-reflex candidate on the M3082 fresh panel. The candidate is executed as final_action = actor_visible_safety_reflex_action(obs72). No runtime base policy, hidden oracle, TTC, target, provenance, source, route, outcome, progress, or verdict actor input is used. No validation result, driver-performance verdict, current-sim verdict, ranking, winner selection, checkpoint promotion, checkpoint mutation, repair success, high-fidelity validation, paper evidence, finite-window-vs-GRU, full ideal driver, or self-ID claim is made"
m3084-measurement-episode-0051,m3082-fresh-panel-0051,m3082_fresh_robustness_panel,stability_action_pressure,stability_recovery_action_pressure,fresh_actuator_delay_and_stability,fresh_actuator_delay_yaw_and_sideslip,True,m3080-measurement-episode-0019,301518,collision_failure,False,False,True,m3080-measurement-episode-0019,51,m3012-executable-workload-0005,m3009-workload-contract-0005,m3009-source-resolution-0003,m3009-profile-binding-0001,m3012-executable-source-spec-0003,m3006-src-0002,route_a_candidate_m2655_mitigation_preserving,route_a_candidate_m2655_mitigation_preserving+m3078_deterministic_safety_reflex_fresh_stability_action_pressure,candidate,T4,actuator_delay_step|capability_step_up_variant,mapping_window_new_source,active_safety_driver_v1;T4;candidate;stability_action_pressure;fresh_actuator_delay_yaw_and_sideslip;t4_actuator_delay_response,401810,m3078_deterministic_safety_reflex_fresh,87,False,True,True,False,True,,success_obstacle_pass,13.594656833180316,1.8834119313474615,11.711244901832854,0.0,0.6620475846987309,0.5091523664960116,0.04484714940190315,0.0,,0.0,False,False,64.86318365046225,10.494473979259396,direct_action_clipped,False,87,1.0,1.0910722825719021,0.0,1.0,False,True,-0.06427238513391487,0.5,2.4515267510590233,0.04914509877562523,-3.656420881914041,1.0,-1.0,11.77551728696677,-0.5,-1.9423743845630117,-0.004297949373722076,68.51960453237629,True,True,True,True,False,False,False,False,False,False,False,False,False,False,False,False,False,False,False,False,False,False,False,False,False,False,False,False,False,False,False,False,True,"M3084 Active Safety Driver v1 actor-visible deterministic direct-action safety-reflex fresh robustness measurement preflight only; fresh current-sim measurement rows and metric tables may be recorded for the M3078 deterministic direct-action safety-reflex candidate on the M3082 fresh panel. The candidate is executed as final_action = actor_visible_safety_reflex_action(obs72). No runtime base policy, hidden oracle, TTC, target, provenance, source, route, outcome, progress, or verdict actor input is used. No validation result, driver-performance verdict, current-sim verdict, ranking, winner selection, checkpoint promotion, checkpoint mutation, repair success, high-fidelity validation, paper evidence, finite-window-vs-GRU, full ideal driver, or self-ID claim is made"
m3084-measurement-episode-0052,m3082-fresh-panel-0052,m3082_fresh_robustness_panel,stability_action_pressure,stability_recovery_action_pressure,fresh_actuator_delay_and_stability,fresh_actuator_delay_yaw_and_sideslip,True,m3080-measurement-episode-0020,301519,success_obstacle_pass,False,False,True,m3080-measurement-episode-0020,52,m3012-executable-workload-0006,m3009-workload-contract-0006,m3009-source-resolution-0003,m3009-profile-binding-0002,m3012-executable-source-spec-0003,m3006-src-0002,route_a_parent_l3_online_gru,route_a_parent_l3_online_gru+m3078_deterministic_safety_reflex_fresh_stability_action_pressure,parent,T4,actuator_delay_step|capability_step_up_variant,mapping_window_new_source,active_safety_driver_v1;T4;parent;stability_action_pressure;fresh_actuator_delay_yaw_and_sideslip;t4_actuator_delay_response,401811,m3078_deterministic_safety_reflex_fresh,177,True,False,False,False,False,speed_too_low,speed_too_low_noncollision_noncompletion,12.956068092750233,1.6594791659146582,11.296588926835575,0.0,0.5745152355557142,1.6758736381185217,0.02339445799589157,0.0,,0.0,False,False,6.526331208633202,4.268131302180656,direct_action_clipped,False,177,1.0,1.0481066710531375,0.0,1.0,True,False,0.5415794029701142,0.36,1.4651866683858077,0.05442531779408455,52.19111377980178,-1.0,0.0,10.75500952386546,-0.36,0.21068696973271406,-0.031030859798192978,-45.66478257116858,True,True,True,True,False,False,False,False,False,False,False,False,False,False,False,False,False,False,False,False,False,False,False,False,False,False,False,False,False,False,False,False,True,"M3084 Active Safety Driver v1 actor-visible deterministic direct-action safety-reflex fresh robustness measurement preflight only; fresh current-sim measurement rows and metric tables may be recorded for the M3078 deterministic direct-action safety-reflex candidate on the M3082 fresh panel. The candidate is executed as final_action = actor_visible_safety_reflex_action(obs72). No runtime base policy, hidden oracle, TTC, target, provenance, source, route, outcome, progress, or verdict actor input is used. No validation result, driver-performance verdict, current-sim verdict, ranking, winner selection, checkpoint promotion, checkpoint mutation, repair success, high-fidelity validation, paper evidence, finite-window-vs-GRU, full ideal driver, or self-ID claim is made"
m3084-measurement-episode-0053,m3082-fresh-panel-0053,m3082_fresh_robustness_panel,stability_action_pressure,stability_recovery_action_pressure,fresh_actuator_delay_and_stability,fresh_actuator_delay_yaw_and_sideslip,True,m3080-measurement-episode-0021,301520,success_obstacle_pass,False,False,True,m3080-measurement-episode-0021,53,m3012-executable-workload-0009,m3009-workload-contract-0009,m3009-source-resolution-0005,m3009-profile-binding-0001,m3012-executable-source-spec-0005,m3006-src-0004,route_a_candidate_m2655_mitigation_preserving,route_a_candidate_m2655_mitigation_preserving+m3078_deterministic_safety_reflex_fresh_stability_action_pressure,candidate,T4,t4_staged_warmup_capability|late_reveal_boundary_variant,reveal_plus_12,active_safety_driver_v1;T4;candidate;stability_action_pressure;fresh_actuator_delay_yaw_and_sideslip;t4_staged_warmup_capability,401820,m3078_deterministic_safety_reflex_fresh,153,True,False,False,False,False,speed_too_low,speed_too_low_noncollision_noncompletion,27.393102671880452,1.6362975911503805,25.75680508073007,0.6601307189542484,0.66865350277977,0.538914946528687,0.06460759788751602,0.0,,0.0,False,False,-58.47227748489234,4.029663380532413,direct_action_clipped,False,153,1.0,1.1609357346117106,0.0,1.0,True,False,20.770451862561128,0.5439560439560439,0.1856170784022497,0.03159668296575546,71.60588831301263,-1.0,0.0,4.986353218168944,0.11617467499820444,0.35329786812643726,0.03301091492176056,-130.07816579790497,True,True,True,True,False,False,False,False,False,False,False,False,False,False,False,False,False,False,False,False,False,False,False,False,False,False,False,False,False,False,False,False,True,"M3084 Active Safety Driver v1 actor-visible deterministic direct-action safety-reflex fresh robustness measurement preflight only; fresh current-sim measurement rows and metric tables may be recorded for the M3078 deterministic direct-action safety-reflex candidate on the M3082 fresh panel. The candidate is executed as final_action = actor_visible_safety_reflex_action(obs72). No runtime base policy, hidden oracle, TTC, target, provenance, source, route, outcome, progress, or verdict actor input is used. No validation result, driver-performance verdict, current-sim verdict, ranking, winner selection, checkpoint promotion, checkpoint mutation, repair success, high-fidelity validation, paper evidence, finite-window-vs-GRU, full ideal driver, or self-ID claim is made"
m3084-measurement-episode-0054,m3082-fresh-panel-0054,m3082_fresh_robustness_panel,stability_action_pressure,stability_recovery_action_pressure,fresh_actuator_delay_and_stability,fresh_actuator_delay_yaw_and_sideslip,True,m3080-measurement-episode-0022,301521,success_obstacle_pass,False,False,True,m3080-measurement-episode-0022,54,m3012-executable-workload-0010,m3009-workload-contract-0010,m3009-source-resolution-0005,m3009-profile-binding-0002,m3012-executable-source-spec-0005,m3006-src-0004,route_a_parent_l3_online_gru,route_a_parent_l3_online_gru+m3078_deterministic_safety_reflex_fresh_stability_action_pressure,parent,T4,t4_staged_warmup_capability|late_reveal_boundary_variant,reveal_plus_12,active_safety_driver_v1;T4;parent;stability_action_pressure;fresh_actuator_delay_yaw_and_sideslip;t4_staged_warmup_capability,401821,m3078_deterministic_safety_reflex_fresh,170,False,True,True,False,True,,success_obstacle_pass,12.56320707700563,1.5898534641779882,10.973353612827642,0.3058823529411765,0.22873324967777894,2.0574085165653755,0.04481782391667366,0.0,,0.0,False,False,11.503537851103253,5.196899366841426,direct_action_clipped,False,170,1.0,1.152562006080852,0.0,1.0,True,False,27.334912282632114,0.0,2.077534988759698,0.010312115773558617,57.502145203268825,0.0,0.0,-16.361558669804474,0.3058823529411765,-0.02012647219432262,0.034505708143115044,-45.99860735216557,True,True,True,True,False,False,False,False,False,False,False,False,False,False,False,False,False,False,False,False,False,False,False,False,False,False,False,False,False,False,False,False,True,"M3084 Active Safety Driver v1 actor-visible deterministic direct-action safety-reflex fresh robustness measurement preflight only; fresh current-sim measurement rows and metric tables may be recorded for the M3078 deterministic direct-action safety-reflex candidate on the M3082 fresh panel. The candidate is executed as final_action = actor_visible_safety_reflex_action(obs72). No runtime base policy, hidden oracle, TTC, target, provenance, source, route, outcome, progress, or verdict actor input is used. No validation result, driver-performance verdict, current-sim verdict, ranking, winner selection, checkpoint promotion, checkpoint mutation, repair success, high-fidelity validation, paper evidence, finite-window-vs-GRU, full ideal driver, or self-ID claim is made"
m3084-measurement-episode-0055,m3082-fresh-panel-0055,m3082_fresh_robustness_panel,stability_action_pressure,stability_recovery_action_pressure,fresh_actuator_delay_and_stability,fresh_actuator_delay_yaw_and_sideslip,True,m3080-measurement-episode-0023,301522,success_obstacle_pass,False,False,True,m3080-measurement-episode-0023,55,m3012-executable-workload-0013,m3009-workload-contract-0013,m3009-source-resolution-0007,m3009-profile-binding-0001,m3012-executable-source-spec-0007,m3006-src-0006,route_a_candidate_m2655_mitigation_preserving,route_a_candidate_m2655_mitigation_preserving+m3078_deterministic_safety_reflex_fresh_stability_action_pressure,candidate,T4,t4_actuator_delay_response|capability_step_down_variant,mapping_window_new_source,active_safety_driver_v1;T4;candidate;stability_action_pressure;fresh_actuator_delay_yaw_and_sideslip;t4_actuator_delay_response,401830,m3078_deterministic_safety_reflex_fresh,101,False,True,True,False,True,,success_obstacle_pass,20.088441987817077,1.541723354528047,18.546718633289032,0.0,0.31575647069130036,1.4306933276739333,0.02145509421825409,0.0,,0.0,False,False,75.68587695122389,9.307972268823818,direct_action_clipped,False,101,1.0,1.0632441988085757,0.0,1.0,True,False,8.021384457851685,0.0,1.1405386951895853,0.027558917179703712,58.37782836421594,0.0,0.0,10.525334175437347,0.0,0.29015463248434803,-0.006103822961449623,17.308048587007953,True,True,True,True,False,False,False,False,False,False,False,False,False,False,False,False,False,False,False,False,False,False,False,False,False,False,False,False,False,False,False,False,True,"M3084 Active Safety Driver v1 actor-visible deterministic direct-action safety-reflex fresh robustness measurement preflight only; fresh current-sim measurement rows and metric tables may be recorded for the M3078 deterministic direct-action safety-reflex candidate on the M3082 fresh panel. The candidate is executed as final_action = actor_visible_safety_reflex_action(obs72). No runtime base policy, hidden oracle, TTC, target, provenance, source, route, outcome, progress, or verdict actor input is used. No validation result, driver-performance verdict, current-sim verdict, ranking, winner selection, checkpoint promotion, checkpoint mutation, repair success, high-fidelity validation, paper evidence, finite-window-vs-GRU, full ideal driver, or self-ID claim is made"
m3084-measurement-episode-0056,m3082-fresh-panel-0056,m3082_fresh_robustness_panel,stability_action_pressure,stability_recovery_action_pressure,fresh_actuator_delay_and_stability,fresh_actuator_delay_yaw_and_sideslip,True,m3080-measurement-episode-0024,301523,success_obstacle_pass,False,False,True,m3080-measurement-episode-0024,56,m3012-executable-workload-0014,m3009-workload-contract-0014,m3009-source-resolution-0007,m3009-profile-binding-0002,m3012-executable-source-spec-0007,m3006-src-0006,route_a_parent_l3_online_gru,route_a_parent_l3_online_gru+m3078_deterministic_safety_reflex_fresh_stability_action_pressure,parent,T4,t4_actuator_delay_response|capability_step_down_variant,mapping_window_new_source,active_safety_driver_v1;T4;parent;stability_action_pressure;fresh_actuator_delay_yaw_and_sideslip;t4_actuator_delay_response,401831,m3078_deterministic_safety_reflex_fresh,113,False,True,True,False,True,,success_obstacle_pass,7.3280875973722255,1.7050936490851596,5.622993948287066,0.0,0.29976330860629075,1.1671967119323365,0.037181489169597626,0.0,,0.0,False,False,80.57817245903034,6.122788860939545,direct_action_clipped,False,113,1.0,1.0794209189119592,0.0,1.0,True,False,8.238825473298355,0.0,0.588566402487132,0.03180511295795441,89.51881334391214,0.0,0.0,-2.6158315250112896,0.0,0.5786303094452045,0.005376376211643219,-8.940640884881802,True,True,True,True,False,False,False,False,False,False,False,False,False,False,False,False,False,False,False,False,False,False,False,False,False,False,False,False,False,False,False,False,True,"M3084 Active Safety Driver v1 actor-visible deterministic direct-action safety-reflex fresh robustness measurement preflight only; fresh current-sim measurement rows and metric tables may be recorded for the M3078 deterministic direct-action safety-reflex candidate on the M3082 fresh panel. The candidate is executed as final_action = actor_visible_safety_reflex_action(obs72). No runtime base policy, hidden oracle, TTC, target, provenance, source, route, outcome, progress, or verdict actor input is used. No validation result, driver-performance verdict, current-sim verdict, ranking, winner selection, checkpoint promotion, checkpoint mutation, repair success, high-fidelity validation, paper evidence, finite-window-vs-GRU, full ideal driver, or self-ID claim is made"
m3084-measurement-episode-0057,m3082-fresh-panel-0057,m3082_fresh_robustness_panel,stability_action_pressure,stability_recovery_action_pressure,fresh_actuator_delay_and_stability,fresh_actuator_delay_yaw_and_sideslip,True,m3080-measurement-episode-0025,301524,speed_too_low_noncollision_noncompletion,False,False,True,m3080-measurement-episode-0025,57,m3012-executable-workload-0017,m3009-workload-contract-0017,m3009-source-resolution-0009,m3009-profile-binding-0001,m3012-executable-source-spec-0009,m3006-src-0008,route_a_candidate_m2655_mitigation_preserving,route_a_candidate_m2655_mitigation_preserving+m3078_deterministic_safety_reflex_fresh_stability_action_pressure,candidate,T4,ood_low_grip_proxy|actuator_delay_step,decision_minus_20,active_safety_driver_v1;T4;candidate;stability_action_pressure;fresh_actuator_delay_yaw_and_sideslip;t4_actuator_delay_response,401840,m3078_deterministic_safety_reflex_fresh,208,False,True,True,False,True,,success_obstacle_pass,16.73384435691496,1.6061353474911404,15.127709009423821,0.0,0.526433467278988,1.6252786394034149,0.01748627983033657,0.0,,0.0,False,False,37.267724564959224,4.355645754737335,direct_action_clipped,False,208,1.0,1.0688166996607413,0.0,1.0,False,False,11.033699878327539,0.0,1.8048674681268702,0.029836297035217285,22.1312086566223,1.0,0.0,4.094009131096282,0.0,-0.17958882872345527,-0.012350017204880714,15.136515908336925,True,True,True,True,False,False,False,False,False,False,False,False,False,False,False,False,False,False,False,False,False,False,False,False,False,False,False,False,False,False,False,False,True,"M3084 Active Safety Driver v1 actor-visible deterministic direct-action safety-reflex fresh robustness measurement preflight only; fresh current-sim measurement rows and metric tables may be recorded for the M3078 deterministic direct-action safety-reflex candidate on the M3082 fresh panel. The candidate is executed as final_action = actor_visible_safety_reflex_action(obs72). No runtime base policy, hidden oracle, TTC, target, provenance, source, route, outcome, progress, or verdict actor input is used. No validation result, driver-performance verdict, current-sim verdict, ranking, winner selection, checkpoint promotion, checkpoint mutation, repair success, high-fidelity validation, paper evidence, finite-window-vs-GRU, full ideal driver, or self-ID claim is made"
m3084-measurement-episode-0058,m3082-fresh-panel-0058,m3082_fresh_robustness_panel,stability_action_pressure,stability_recovery_action_pressure,fresh_actuator_delay_and_stability,fresh_actuator_delay_yaw_and_sideslip,True,m3080-measurement-episode-0026,301525,success_obstacle_pass,False,False,True,m3080-measurement-episode-0026,58,m3012-executable-workload-0018,m3009-workload-contract-0018,m3009-source-resolution-0009,m3009-profile-binding-0002,m3012-executable-source-spec-0009,m3006-src-0008,route_a_parent_l3_online_gru,route_a_parent_l3_online_gru+m3078_deterministic_safety_reflex_fresh_stability_action_pressure,parent,T4,ood_low_grip_proxy|actuator_delay_step,decision_minus_20,active_safety_driver_v1;T4;parent;stability_action_pressure;fresh_actuator_delay_yaw_and_sideslip;t4_actuator_delay_response,401841,m3078_deterministic_safety_reflex_fresh,115,False,True,True,False,True,,success_obstacle_pass,13.444533543190623,1.5471281194023319,11.89740542378829,0.0,0.3045886272154479,1.1277794014590852,0.030334578827023506,0.0,,0.0,False,False,89.02483373764264,7.5124869355213875,direct_action_clipped,False,115,1.0,1.0827316957971325,0.0,1.0,True,False,14.28176531741165,0.0,1.5350738719818915,0.021699577569961548,75.7521054691662,0.0,0.0,-2.38435989362336,0.0,-0.4072944705228063,0.008635001257061958,13.272728268476442,True,True,True,True,False,False,False,False,False,False,False,False,False,False,False,False,False,False,False,False,False,False,False,False,False,False,False,False,False,False,False,False,True,"M3084 Active Safety Driver v1 actor-visible deterministic direct-action safety-reflex fresh robustness measurement preflight only; fresh current-sim measurement rows and metric tables may be recorded for the M3078 deterministic direct-action safety-reflex candidate on the M3082 fresh panel. The candidate is executed as final_action = actor_visible_safety_reflex_action(obs72). No runtime base policy, hidden oracle, TTC, target, provenance, source, route, outcome, progress, or verdict actor input is used. No validation result, driver-performance verdict, current-sim verdict, ranking, winner selection, checkpoint promotion, checkpoint mutation, repair success, high-fidelity validation, paper evidence, finite-window-vs-GRU, full ideal driver, or self-ID claim is made"
m3084-measurement-episode-0059,m3082-fresh-panel-0059,m3082_fresh_robustness_panel,stability_action_pressure,stability_recovery_action_pressure,fresh_actuator_delay_and_stability,fresh_actuator_delay_yaw_and_sideslip,True,m3080-measurement-episode-0027,301526,off_track_noncollision_noncompletion,False,False,True,m3080-measurement-episode-0027,59,m3012-executable-workload-0021,m3009-workload-contract-0021,m3009-source-resolution-0011,m3009-profile-binding-0001,m3012-executable-source-spec-0011,m3006-src-0010,route_a_candidate_m2655_mitigation_preserving,route_a_candidate_m2655_mitigation_preserving+m3078_deterministic_safety_reflex_fresh_stability_action_pressure,candidate,T4,ood_brake_loss_proxy|capability_step_up,reveal_plus_10,active_safety_driver_v1;T4;candidate;stability_action_pressure;fresh_actuator_delay_yaw_and_sideslip;t4_capability_step_temporal,401850,m3078_deterministic_safety_reflex_fresh,150,False,True,True,False,True,,success_obstacle_pass,11.57342671578734,1.7712850946522143,9.802141621135126,0.0,0.3065852116956162,1.2907988259875807,0.016725758090615273,0.0,,0.0,False,False,101.66799508429312,5.349797635500943,direct_action_clipped,False,150,1.0,1.0758016713460286,0.0,1.0,False,False,1.6222797611954811,0.6481481481481481,2.3953089845271904,0.02692018449306488,25.134035684885177,1.0,0.0,8.179861859939646,-0.6481481481481481,-1.1045101585396098,-0.010194426402449608,76.53395939940795,True,True,True,True,False,False,False,False,False,False,False,False,False,False,False,False,False,False,False,False,False,False,False,False,False,False,False,False,False,False,False,False,True,"M3084 Active Safety Driver v1 actor-visible deterministic direct-action safety-reflex fresh robustness measurement preflight only; fresh current-sim measurement rows and metric tables may be recorded for the M3078 deterministic direct-action safety-reflex candidate on the M3082 fresh panel. The candidate is executed as final_action = actor_visible_safety_reflex_action(obs72). No runtime base policy, hidden oracle, TTC, target, provenance, source, route, outcome, progress, or verdict actor input is used. No validation result, driver-performance verdict, current-sim verdict, ranking, winner selection, checkpoint promotion, checkpoint mutation, repair success, high-fidelity validation, paper evidence, finite-window-vs-GRU, full ideal driver, or self-ID claim is made"
m3084-measurement-episode-0060,m3082-fresh-panel-0060,m3082_fresh_robustness_panel,stability_action_pressure,stability_recovery_action_pressure,fresh_actuator_delay_and_stability,fresh_actuator_delay_yaw_and_sideslip,True,m3080-measurement-episode-0028,301527,collision_failure,False,False,True,m3080-measurement-episode-0028,60,m3012-executable-workload-0022,m3009-workload-contract-0022,m3009-source-resolution-0011,m3009-profile-binding-0002,m3012-executable-source-spec-0011,m3006-src-0010,route_a_parent_l3_online_gru,route_a_parent_l3_online_gru+m3078_deterministic_safety_reflex_fresh_stability_action_pressure,parent,T4,ood_brake_loss_proxy|capability_step_up,reveal_plus_10,active_safety_driver_v1;T4;parent;stability_action_pressure;fresh_actuator_delay_yaw_and_sideslip;t4_capability_step_temporal,401851,m3078_deterministic_safety_reflex_fresh,97,False,True,True,False,True,,success_obstacle_pass,6.433027297047793,1.8674143950723048,4.565612901975488,0.27835051546391754,0.3216452441376983,0.7919893593656285,0.054309725761413574,0.0,,0.0,False,False,93.44187451110619,7.035570399004327,direct_action_clipped,False,97,1.0,1.0939670567659987,0.0,1.0,False,True,-0.027343153879599402,0.0,0.898725997225636,0.05529705435037613,11.679811156326277,1.0,-1.0,4.592956055855087,0.27835051546391754,-0.10673663786000742,-0.000987328588962555,81.76206335477991,True,True,True,True,False,False,False,False,False,False,False,False,False,False,False,False,False,False,False,False,False,False,False,False,False,False,False,False,False,False,False,False,True,"M3084 Active Safety Driver v1 actor-visible deterministic direct-action safety-reflex fresh robustness measurement preflight only; fresh current-sim measurement rows and metric tables may be recorded for the M3078 deterministic direct-action safety-reflex candidate on the M3082 fresh panel. The candidate is executed as final_action = actor_visible_safety_reflex_action(obs72). No runtime base policy, hidden oracle, TTC, target, provenance, source, route, outcome, progress, or verdict actor input is used. No validation result, driver-performance verdict, current-sim verdict, ranking, winner selection, checkpoint promotion, checkpoint mutation, repair success, high-fidelity validation, paper evidence, finite-window-vs-GRU, full ideal driver, or self-ID claim is made"
m3084-measurement-episode-0061,m3082-fresh-panel-0061,m3082_fresh_robustness_panel,stability_action_pressure,stability_recovery_action_pressure,fresh_actuator_delay_and_stability,fresh_actuator_delay_yaw_and_sideslip,True,m3080-measurement-episode-0029,301528,speed_too_low_noncollision_noncompletion,False,False,True,m3080-measurement-episode-0029,61,m3012-executable-workload-0025,m3009-workload-contract-0025,m3009-source-resolution-0013,m3009-profile-binding-0001,m3012-executable-source-spec-0013,m3006-src-0012,route_a_candidate_m2655_mitigation_preserving,route_a_candidate_m2655_mitigation_preserving+m3078_deterministic_safety_reflex_fresh_stability_action_pressure,candidate,T4,sensor_noise_proxy|actuator_delay_step,reveal_plus_4,active_safety_driver_v1;T4;candidate;stability_action_pressure;fresh_actuator_delay_yaw_and_sideslip;t4_actuator_delay_response,401860,m3078_deterministic_safety_reflex_fresh,141,True,False,False,False,False,speed_too_low,speed_too_low_noncollision_noncompletion,25.573375770490962,1.5368436537689638,24.036532116721997,0.0,0.5453639173836847,1.6089406742973447,0.02465112879872322,0.0,,0.0,False,False,5.083684930066472,4.177276468762147,direct_action_clipped,False,141,1.0,1.0783121087026935,0.0,1.0,False,False,12.268791300754602,0.21910112359550563,1.4432890448959104,0.04381222277879715,18.350263231007823,0.0,0.0,11.767740815967395,-0.21910112359550563,0.1656516294014343,-0.01916109398007393,-13.266578300941351,True,True,True,True,False,False,False,False,False,False,False,False,False,False,False,False,False,False,False,False,False,False,False,False,False,False,False,False,False,False,False,False,True,"M3084 Active Safety Driver v1 actor-visible deterministic direct-action safety-reflex fresh robustness measurement preflight only; fresh current-sim measurement rows and metric tables may be recorded for the M3078 deterministic direct-action safety-reflex candidate on the M3082 fresh panel. The candidate is executed as final_action = actor_visible_safety_reflex_action(obs72). No runtime base policy, hidden oracle, TTC, target, provenance, source, route, outcome, progress, or verdict actor input is used. No validation result, driver-performance verdict, current-sim verdict, ranking, winner selection, checkpoint promotion, checkpoint mutation, repair success, high-fidelity validation, paper evidence, finite-window-vs-GRU, full ideal driver, or self-ID claim is made"
m3084-measurement-episode-0062,m3082-fresh-panel-0062,m3082_fresh_robustness_panel,stability_action_pressure,stability_recovery_action_pressure,fresh_actuator_delay_and_stability,fresh_actuator_delay_yaw_and_sideslip,True,m3080-measurement-episode-0030,301529,success_obstacle_pass,False,False,True,m3080-measurement-episode-0030,62,m3012-executable-workload-0026,m3009-workload-contract-0026,m3009-source-resolution-0013,m3009-profile-binding-0002,m3012-executable-source-spec-0013,m3006-src-0012,route_a_parent_l3_online_gru,route_a_parent_l3_online_gru+m3078_deterministic_safety_reflex_fresh_stability_action_pressure,parent,T4,sensor_noise_proxy|actuator_delay_step,reveal_plus_4,active_safety_driver_v1;T4;parent;stability_action_pressure;fresh_actuator_delay_yaw_and_sideslip;t4_actuator_delay_response,401861,m3078_deterministic_safety_reflex_fresh,136,False,True,True,False,True,,success_obstacle_pass,12.445778041626044,1.8463684494108141,10.59940959221523,0.0,0.29315055371600574,1.763784697602688,0.02922423742711544,0.0,,0.0,False,False,65.53721335845101,5.889267715361992,direct_action_clipped,False,136,1.0,1.1056696755044602,0.0,1.0,True,False,10.850155474412706,0.0,1.6660837448741304,0.024914879351854324,46.87316671601283,0.0,0.0,-0.2507458821974762,0.0,0.09770095272855772,0.004309358075261116,18.66404664243818,True,True,True,True,False,False,False,False,False,False,False,False,False,False,False,False,False,False,False,False,False,False,False,False,False,False,False,False,False,False,False,False,True,"M3084 Active Safety Driver v1 actor-visible deterministic direct-action safety-reflex fresh robustness measurement preflight only; fresh current-sim measurement rows and metric tables may be recorded for the M3078 deterministic direct-action safety-reflex candidate on the M3082 fresh panel. The candidate is executed as final_action = actor_visible_safety_reflex_action(obs72). No runtime base policy, hidden oracle, TTC, target, provenance, source, route, outcome, progress, or verdict actor input is used. No validation result, driver-performance verdict, current-sim verdict, ranking, winner selection, checkpoint promotion, checkpoint mutation, repair success, high-fidelity validation, paper evidence, finite-window-vs-GRU, full ideal driver, or self-ID claim is made"
m3084-measurement-episode-0063,m3082-fresh-panel-0063,m3082_fresh_robustness_panel,stability_action_pressure,stability_recovery_action_pressure,fresh_actuator_delay_and_stability,fresh_actuator_delay_yaw_and_sideslip,True,m3080-measurement-episode-0031,301530,success_obstacle_pass,False,False,True,m3080-measurement-episode-0031,63,m3012-executable-workload-0029,m3009-workload-contract-0029,m3009-source-resolution-0015,m3009-profile-binding-0001,m3012-executable-source-spec-0015,m3006-src-0014,route_a_candidate_m2655_mitigation_preserving,route_a_candidate_m2655_mitigation_preserving+m3078_deterministic_safety_reflex_fresh_stability_action_pressure,candidate,T4,actuator_delay_step|steering_lag_proxy,mapping_window_new_source,active_safety_driver_v1;T4;candidate;stability_action_pressure;fresh_actuator_delay_yaw_and_sideslip;t4_actuator_delay_response,401870,m3078_deterministic_safety_reflex_fresh,137,False,True,True,False,True,,success_obstacle_pass,10.482473676299024,1.7152724871449618,8.767201189154063,0.0,0.44716318768385066,1.5086657192400632,0.03506512567400932,0.0,,0.0,False,False,49.94580048689268,5.663604511151189,direct_action_clipped,False,137,1.0,1.113086323668487,0.0,1.0,True,False,15.063967380782017,0.0,1.4647685189817936,0.020021075382828712,86.93024993551765,0.0,0.0,-6.296766191627954,0.0,0.0438972002582696,0.01504405029118061,-36.98444944862497,True,True,True,True,False,False,False,False,False,False,False,False,False,False,False,False,False,False,False,False,False,False,False,False,False,False,False,False,False,False,False,False,True,"M3084 Active Safety Driver v1 actor-visible deterministic direct-action safety-reflex fresh robustness measurement preflight only; fresh current-sim measurement rows and metric tables may be recorded for the M3078 deterministic direct-action safety-reflex candidate on the M3082 fresh panel. The candidate is executed as final_action = actor_visible_safety_reflex_action(obs72). No runtime base policy, hidden oracle, TTC, target, provenance, source, route, outcome, progress, or verdict actor input is used. No validation result, driver-performance verdict, current-sim verdict, ranking, winner selection, checkpoint promotion, checkpoint mutation, repair success, high-fidelity validation, paper evidence, finite-window-vs-GRU, full ideal driver, or self-ID claim is made"
m3084-measurement-episode-0064,m3082-fresh-panel-0064,m3082_fresh_robustness_panel,stability_action_pressure,stability_recovery_action_pressure,fresh_actuator_delay_and_stability,fresh_actuator_delay_yaw_and_sideslip,True,m3080-measurement-episode-0032,301531,speed_too_low_noncollision_noncompletion,False,False,True,m3080-measurement-episode-0032,64,m3012-executable-workload-0030,m3009-workload-contract-0030,m3009-source-resolution-0015,m3009-profile-binding-0002,m3012-executable-source-spec-0015,m3006-src-0014,route_a_parent_l3_online_gru,route_a_parent_l3_online_gru+m3078_deterministic_safety_reflex_fresh_stability_action_pressure,parent,T4,actuator_delay_step|steering_lag_proxy,mapping_window_new_source,active_safety_driver_v1;T4;parent;stability_action_pressure;fresh_actuator_delay_yaw_and_sideslip;t4_actuator_delay_response,401871,m3078_deterministic_safety_reflex_fresh,123,True,False,False,False,False,speed_too_low,speed_too_low_noncollision_noncompletion,28.49165292516646,1.8482332768141605,26.6434196483523,0.6910569105691057,0.6576081477929909,0.17081956426250558,0.06088262051343918,0.0,,0.0,False,False,-29.89130632980397,5.011523099403602,direct_action_clipped,False,123,1.0,1.1791747730921924,0.0,1.0,False,False,8.676383413954936,0.6413043478260869,0.28631329355840723,0.06319375336170197,16.935954290216948,0.0,0.0,17.967036234397362,0.04975256274301876,-0.11549372929590165,-0.002311132848262787,-46.82726062002092,True,True,True,True,False,False,False,False,False,False,False,False,False,False,False,False,False,False,False,False,False,False,False,False,False,False,False,False,False,False,False,False,True,"M3084 Active Safety Driver v1 actor-visible deterministic direct-action safety-reflex fresh robustness measurement preflight only; fresh current-sim measurement rows and metric tables may be recorded for the M3078 deterministic direct-action safety-reflex candidate on the M3082 fresh panel. The candidate is executed as final_action = actor_visible_safety_reflex_action(obs72). No runtime base policy, hidden oracle, TTC, target, provenance, source, route, outcome, progress, or verdict actor input is used. No validation result, driver-performance verdict, current-sim verdict, ranking, winner selection, checkpoint promotion, checkpoint mutation, repair success, high-fidelity validation, paper evidence, finite-window-vs-GRU, full ideal driver, or self-ID claim is made"
