episode_id,panel,driver,runtime_driver_id,fresh_panel_row_id,eval_seed,spec,base_profile_name,binding_role,axis_id,task_family,label,recorded_outcome,current_sim_outcome,current_sim_matches_recorded,current_sim_steps,current_sim_termination_reason,current_sim_min_clearance_margin,current_sim_speed_mean,chrono_outcome,chrono_steps,chrono_termination_reason,chrono_min_clearance_margin,chrono_speed_mean,chrono_spinup_speed_gap,chrono_trace_signature,outcome_match,margin_delta_chrono_minus_current,steps_delta_chrono_minus_current,claim_boundary
fa-chrono-hf4-old-v4-0001,old,v4,active_safety_reflex_driver_m3105_incumbent_v4_no_regression,m3082-fresh-panel-0001,401500,m3012-executable-source-spec-0002,route_a_candidate_m2655_mitigation_preserving,candidate,collision_lateral_intrusion,T5,aeb_feasible,success,success,True,86,,13.359265758310448,10.755955981852193,success,86,,12.922214876915469,10.91877052632732,-0.0019535746392271847,1392.9741382621069,True,-0.4370508813949794,0,"HF backend full-panel discrepancy measurement only: per-row outcome comparison of the same driver on the same reconstructed scenarios under two dynamics backends (current-sim vs Chrono Sedan/TMeasy). The v5 driver remains a candidate; the deployable ActiveSafetyReflexDriver is unchanged. No driver-performance verdict, validation, ranking, promotion, repair-success, fidelity-sufficiency, paper, or self-ID claim is made."
fa-chrono-hf4-old-v4-0002,old,v4,active_safety_reflex_driver_m3105_incumbent_v4_no_regression,m3082-fresh-panel-0002,401501,m3012-executable-source-spec-0002,route_a_parent_l3_online_gru,parent,collision_lateral_intrusion,T5,aeb_feasible,success,success,True,68,,4.321237150032074,10.152591340892101,success,70,,4.460233343239103,9.824286121534923,0.141013333279993,1064.8528994594817,True,0.13899619320702872,2,"HF backend full-panel discrepancy measurement only: per-row outcome comparison of the same driver on the same reconstructed scenarios under two dynamics backends (current-sim vs Chrono Sedan/TMeasy). The v5 driver remains a candidate; the deployable ActiveSafetyReflexDriver is unchanged. No driver-performance verdict, validation, ranking, promotion, repair-success, fidelity-sufficiency, paper, or self-ID claim is made."
fa-chrono-hf4-old-v4-0003,old,v4,active_safety_reflex_driver_m3105_incumbent_v4_no_regression,m3082-fresh-panel-0003,401510,m3012-executable-source-spec-0004,route_a_candidate_m2655_mitigation_preserving,candidate,collision_lateral_intrusion,T5,aeb_feasible,success,success,True,83,,10.667812041640627,10.7729946289401,success,86,,11.047852786951047,10.413964834689605,-0.002149072549537223,1415.6211615639895,True,0.38004074531042065,3,"HF backend full-panel discrepancy measurement only: per-row outcome comparison of the same driver on the same reconstructed scenarios under two dynamics backends (current-sim vs Chrono Sedan/TMeasy). The v5 driver remains a candidate; the deployable ActiveSafetyReflexDriver is unchanged. No driver-performance verdict, validation, ranking, promotion, repair-success, fidelity-sufficiency, paper, or self-ID claim is made."
fa-chrono-hf4-old-v4-0004,old,v4,active_safety_reflex_driver_m3105_incumbent_v4_no_regression,m3082-fresh-panel-0004,401511,m3012-executable-source-spec-0004,route_a_parent_l3_online_gru,parent,collision_lateral_intrusion,T5,aeb_feasible,success,success,True,136,,7.754009875667206,5.727336836050165,success,154,,6.869865253357956,5.219888072146414,0.12061782481868377,2557.6725502529953,True,-0.8841446223092504,18,"HF backend full-panel discrepancy measurement only: per-row outcome comparison of the same driver on the same reconstructed scenarios under two dynamics backends (current-sim vs Chrono Sedan/TMeasy). The v5 driver remains a candidate; the deployable ActiveSafetyReflexDriver is unchanged. No driver-performance verdict, validation, ranking, promotion, repair-success, fidelity-sufficiency, paper, or self-ID claim is made."
fa-chrono-hf4-old-v4-0005,old,v4,active_safety_reflex_driver_m3105_incumbent_v4_no_regression,m3082-fresh-panel-0005,401520,m3012-executable-source-spec-0006,route_a_candidate_m2655_mitigation_preserving,candidate,collision_lateral_intrusion,T5,aeb_feasible,success,success,True,68,,4.64493275971398,10.421225725396297,success,69,,5.093159578851013,10.28763690231703,0.25176853134791166,1079.7383183475777,True,0.44822681913703377,1,"HF backend full-panel discrepancy measurement only: per-row outcome comparison of the same driver on the same reconstructed scenarios under two dynamics backends (current-sim vs Chrono Sedan/TMeasy). The v5 driver remains a candidate; the deployable ActiveSafetyReflexDriver is unchanged. No driver-performance verdict, validation, ranking, promotion, repair-success, fidelity-sufficiency, paper, or self-ID claim is made."
fa-chrono-hf4-old-v4-0006,old,v4,active_safety_reflex_driver_m3105_incumbent_v4_no_regression,m3082-fresh-panel-0006,401521,m3012-executable-source-spec-0006,route_a_parent_l3_online_gru,parent,collision_lateral_intrusion,T5,aeb_feasible,success,success,True,99,,14.782450607818815,9.52916127749807,success,116,,14.991542777947421,8.106104199552156,-0.0013862633344530195,1729.629939499102,True,0.20909217012860637,17,"HF backend full-panel discrepancy measurement only: per-row outcome comparison of the same driver on the same reconstructed scenarios under two dynamics backends (current-sim vs Chrono Sedan/TMeasy). The v5 driver remains a candidate; the deployable ActiveSafetyReflexDriver is unchanged. No driver-performance verdict, validation, ranking, promotion, repair-success, fidelity-sufficiency, paper, or self-ID claim is made."
fa-chrono-hf4-old-v4-0007,old,v4,active_safety_reflex_driver_m3105_incumbent_v4_no_regression,m3082-fresh-panel-0007,401530,m3012-executable-source-spec-0008,route_a_candidate_m2655_mitigation_preserving,candidate,collision_lateral_intrusion,T5,unavoidable,collision,collision,True,29,obstacle_collision,-0.11191988390386065,17.742834210359142,collision,29,obstacle_collision,-0.03440264007199456,17.623294309654117,0.2746476881689901,533.6685239429353,True,0.07751724383186609,0,"HF backend full-panel discrepancy measurement only: per-row outcome comparison of the same driver on the same reconstructed scenarios under two dynamics backends (current-sim vs Chrono Sedan/TMeasy). The v5 driver remains a candidate; the deployable ActiveSafetyReflexDriver is unchanged. No driver-performance verdict, validation, ranking, promotion, repair-success, fidelity-sufficiency, paper, or self-ID claim is made."
fa-chrono-hf4-old-v4-0008,old,v4,active_safety_reflex_driver_m3105_incumbent_v4_no_regression,m3082-fresh-panel-0008,401531,m3012-executable-source-spec-0008,route_a_parent_l3_online_gru,parent,collision_lateral_intrusion,T5,aeb_feasible,success,success,True,70,,4.662482871795479,13.423135677061856,success,66,,5.097065674224378,13.965468356086232,0.14616502817879784,1275.390429730207,True,0.43458280242889913,-4,"HF backend full-panel discrepancy measurement only: per-row outcome comparison of the same driver on the same reconstructed scenarios under two dynamics backends (current-sim vs Chrono Sedan/TMeasy). The v5 driver remains a candidate; the deployable ActiveSafetyReflexDriver is unchanged. No driver-performance verdict, validation, ranking, promotion, repair-success, fidelity-sufficiency, paper, or self-ID claim is made."
fa-chrono-hf4-old-v4-0009,old,v4,active_safety_reflex_driver_m3105_incumbent_v4_no_regression,m3082-fresh-panel-0009,401540,m3012-executable-source-spec-0010,route_a_candidate_m2655_mitigation_preserving,candidate,collision_lateral_intrusion,T5,unavoidable,success,success,True,47,,0.1284178490564143,13.833049081848623,success,47,,0.37344783849188046,13.870828422027829,0.14577243071126844,897.5634559682985,True,0.24502998943546617,0,"HF backend full-panel discrepancy measurement only: per-row outcome comparison of the same driver on the same reconstructed scenarios under two dynamics backends (current-sim vs Chrono Sedan/TMeasy). The v5 driver remains a candidate; the deployable ActiveSafetyReflexDriver is unchanged. No driver-performance verdict, validation, ranking, promotion, repair-success, fidelity-sufficiency, paper, or self-ID claim is made."
fa-chrono-hf4-old-v4-0010,old,v4,active_safety_reflex_driver_m3105_incumbent_v4_no_regression,m3082-fresh-panel-0010,401541,m3012-executable-source-spec-0010,route_a_parent_l3_online_gru,parent,collision_lateral_intrusion,T5,unavoidable,collision,collision,True,38,obstacle_collision,-0.2089140769708009,16.990690221178593,collision,38,obstacle_collision,-0.22463203007481147,17.126798903349354,0.16185975180566103,692.173354241997,True,-0.015717953104010585,0,"HF backend full-panel discrepancy measurement only: per-row outcome comparison of the same driver on the same reconstructed scenarios under two dynamics backends (current-sim vs Chrono Sedan/TMeasy). The v5 driver remains a candidate; the deployable ActiveSafetyReflexDriver is unchanged. No driver-performance verdict, validation, ranking, promotion, repair-success, fidelity-sufficiency, paper, or self-ID claim is made."
fa-chrono-hf4-old-v4-0011,old,v4,active_safety_reflex_driver_m3105_incumbent_v4_no_regression,m3082-fresh-panel-0011,401550,m3012-executable-source-spec-0012,route_a_candidate_m2655_mitigation_preserving,candidate,collision_lateral_intrusion,T5,aeb_feasible,success,success,True,82,,9.205238920915907,10.316518913283545,success,81,,9.643299289892227,10.329957333745082,-0.00016060440771248352,1263.3469516246405,True,0.43806036897631984,-1,"HF backend full-panel discrepancy measurement only: per-row outcome comparison of the same driver on the same reconstructed scenarios under two dynamics backends (current-sim vs Chrono Sedan/TMeasy). The v5 driver remains a candidate; the deployable ActiveSafetyReflexDriver is unchanged. No driver-performance verdict, validation, ranking, promotion, repair-success, fidelity-sufficiency, paper, or self-ID claim is made."
fa-chrono-hf4-old-v4-0012,old,v4,active_safety_reflex_driver_m3105_incumbent_v4_no_regression,m3082-fresh-panel-0012,401551,m3012-executable-source-spec-0012,route_a_parent_l3_online_gru,parent,collision_lateral_intrusion,T5,aeb_feasible,success,success,True,62,,3.673306656553275,10.712898005983865,success,63,,3.778163344725388,10.528721196889853,-0.003143282336349529,988.6168266914538,True,0.10485668817211291,1,"HF backend full-panel discrepancy measurement only: per-row outcome comparison of the same driver on the same reconstructed scenarios under two dynamics backends (current-sim vs Chrono Sedan/TMeasy). The v5 driver remains a candidate; the deployable ActiveSafetyReflexDriver is unchanged. No driver-performance verdict, validation, ranking, promotion, repair-success, fidelity-sufficiency, paper, or self-ID claim is made."
fa-chrono-hf4-old-v4-0013,old,v4,active_safety_reflex_driver_m3105_incumbent_v4_no_regression,m3082-fresh-panel-0013,401560,m3012-executable-source-spec-0014,route_a_candidate_m2655_mitigation_preserving,candidate,collision_lateral_intrusion,T5,drift_required,offtrack,offtrack,True,52,off_track,4.001837888231735,15.284728697403823,offtrack,53,off_track,3.8238906941739965,15.28742465063939,0.33082832167843,1134.4638654000446,True,-0.17794719405773884,1,"HF backend full-panel discrepancy measurement only: per-row outcome comparison of the same driver on the same reconstructed scenarios under two dynamics backends (current-sim vs Chrono Sedan/TMeasy). The v5 driver remains a candidate; the deployable ActiveSafetyReflexDriver is unchanged. No driver-performance verdict, validation, ranking, promotion, repair-success, fidelity-sufficiency, paper, or self-ID claim is made."
fa-chrono-hf4-old-v4-0014,old,v4,active_safety_reflex_driver_m3105_incumbent_v4_no_regression,m3082-fresh-panel-0014,401561,m3012-executable-source-spec-0014,route_a_parent_l3_online_gru,parent,collision_lateral_intrusion,T5,unavoidable,success,success,True,60,,0.8484266696105962,13.89215603330214,success,59,,1.1639694923440498,14.033582365951407,0.25927187550108677,1163.8555811374717,True,0.3155428227334536,-1,"HF backend full-panel discrepancy measurement only: per-row outcome comparison of the same driver on the same reconstructed scenarios under two dynamics backends (current-sim vs Chrono Sedan/TMeasy). The v5 driver remains a candidate; the deployable ActiveSafetyReflexDriver is unchanged. No driver-performance verdict, validation, ranking, promotion, repair-success, fidelity-sufficiency, paper, or self-ID claim is made."
fa-chrono-hf4-old-v4-0015,old,v4,active_safety_reflex_driver_m3105_incumbent_v4_no_regression,m3082-fresh-panel-0015,401570,m3012-executable-source-spec-0016,route_a_candidate_m2655_mitigation_preserving,candidate,collision_lateral_intrusion,T5,aeb_feasible,success,success,True,87,,13.740685511458267,10.089758770535672,success,92,,13.862275879533609,9.491397799090146,0.14919824930454517,1378.5452902321558,True,0.12159036807534207,5,"HF backend full-panel discrepancy measurement only: per-row outcome comparison of the same driver on the same reconstructed scenarios under two dynamics backends (current-sim vs Chrono Sedan/TMeasy). The v5 driver remains a candidate; the deployable ActiveSafetyReflexDriver is unchanged. No driver-performance verdict, validation, ranking, promotion, repair-success, fidelity-sufficiency, paper, or self-ID claim is made."
fa-chrono-hf4-old-v4-0016,old,v4,active_safety_reflex_driver_m3105_incumbent_v4_no_regression,m3082-fresh-panel-0016,401571,m3012-executable-source-spec-0016,route_a_parent_l3_online_gru,parent,collision_lateral_intrusion,T5,aeb_feasible,success,success,True,101,,14.59191667901518,8.97964874778421,success,102,,14.909566393106298,8.840915507714275,0.24358491457274134,1578.1853178389938,True,0.3176497140911181,1,"HF backend full-panel discrepancy measurement only: per-row outcome comparison of the same driver on the same reconstructed scenarios under two dynamics backends (current-sim vs Chrono Sedan/TMeasy). The v5 driver remains a candidate; the deployable ActiveSafetyReflexDriver is unchanged. No driver-performance verdict, validation, ranking, promotion, repair-success, fidelity-sufficiency, paper, or self-ID claim is made."
fa-chrono-hf4-old-v4-0017,old,v4,active_safety_reflex_driver_m3105_incumbent_v4_no_regression,m3082-fresh-panel-0017,401600,m3012-executable-source-spec-0002,route_a_candidate_m2655_mitigation_preserving,candidate,offtrack_boundary_recovery,T5,aeb_feasible,success,success,True,111,,5.367964766392419,6.681467838677284,success,108,,5.5913204676873915,6.816296542137017,0.12049027980649729,1735.5215237343073,True,0.22335570129497295,-3,"HF backend full-panel discrepancy measurement only: per-row outcome comparison of the same driver on the same reconstructed scenarios under two dynamics backends (current-sim vs Chrono Sedan/TMeasy). The v5 driver remains a candidate; the deployable ActiveSafetyReflexDriver is unchanged. No driver-performance verdict, validation, ranking, promotion, repair-success, fidelity-sufficiency, paper, or self-ID claim is made."
fa-chrono-hf4-old-v4-0018,old,v4,active_safety_reflex_driver_m3105_incumbent_v4_no_regression,m3082-fresh-panel-0018,401601,m3012-executable-source-spec-0002,route_a_parent_l3_online_gru,parent,offtrack_boundary_recovery,T5,aeb_feasible,success,success,True,66,,4.386605219063392,9.849063896093693,success,66,,4.1075004379148,10.057955202442365,-0.0015769680696049448,1016.7073146187686,True,-0.2791047811485914,0,"HF backend full-panel discrepancy measurement only: per-row outcome comparison of the same driver on the same reconstructed scenarios under two dynamics backends (current-sim vs Chrono Sedan/TMeasy). The v5 driver remains a candidate; the deployable ActiveSafetyReflexDriver is unchanged. No driver-performance verdict, validation, ranking, promotion, repair-success, fidelity-sufficiency, paper, or self-ID claim is made."
fa-chrono-hf4-old-v4-0019,old,v4,active_safety_reflex_driver_m3105_incumbent_v4_no_regression,m3082-fresh-panel-0019,401610,m3012-executable-source-spec-0004,route_a_candidate_m2655_mitigation_preserving,candidate,offtrack_boundary_recovery,T5,aeb_feasible,success,success,True,99,,16.536584541100094,9.413492697519601,success,99,,16.66241255201199,9.317164550705021,0.1388176215358854,1463.7789729146716,True,0.12582801091189566,0,"HF backend full-panel discrepancy measurement only: per-row outcome comparison of the same driver on the same reconstructed scenarios under two dynamics backends (current-sim vs Chrono Sedan/TMeasy). The v5 driver remains a candidate; the deployable ActiveSafetyReflexDriver is unchanged. No driver-performance verdict, validation, ranking, promotion, repair-success, fidelity-sufficiency, paper, or self-ID claim is made."
fa-chrono-hf4-old-v4-0020,old,v4,active_safety_reflex_driver_m3105_incumbent_v4_no_regression,m3082-fresh-panel-0020,401611,m3012-executable-source-spec-0004,route_a_parent_l3_online_gru,parent,offtrack_boundary_recovery,T5,aeb_feasible,success,success,True,104,,0.2678248895862312,7.458127909213799,speed_too_low,80,speed_too_low,3.49601248590826,5.849203576526204,0.25001285704908405,1502.9757792767487,False,3.2281875963220292,-24,"HF backend full-panel discrepancy measurement only: per-row outcome comparison of the same driver on the same reconstructed scenarios under two dynamics backends (current-sim vs Chrono Sedan/TMeasy). The v5 driver remains a candidate; the deployable ActiveSafetyReflexDriver is unchanged. No driver-performance verdict, validation, ranking, promotion, repair-success, fidelity-sufficiency, paper, or self-ID claim is made."
fa-chrono-hf4-old-v4-0021,old,v4,active_safety_reflex_driver_m3105_incumbent_v4_no_regression,m3082-fresh-panel-0021,401620,m3012-executable-source-spec-0006,route_a_candidate_m2655_mitigation_preserving,candidate,offtrack_boundary_recovery,T5,aeb_feasible,success,success,True,91,,9.048182371939983,9.12675672050175,success,101,,9.477728757781586,8.194082356344765,0.24555751559469563,1487.5028835735611,True,0.42954638584160243,10,"HF backend full-panel discrepancy measurement only: per-row outcome comparison of the same driver on the same reconstructed scenarios under two dynamics backends (current-sim vs Chrono Sedan/TMeasy). The v5 driver remains a candidate; the deployable ActiveSafetyReflexDriver is unchanged. No driver-performance verdict, validation, ranking, promotion, repair-success, fidelity-sufficiency, paper, or self-ID claim is made."
fa-chrono-hf4-old-v4-0022,old,v4,active_safety_reflex_driver_m3105_incumbent_v4_no_regression,m3082-fresh-panel-0022,401621,m3012-executable-source-spec-0006,route_a_parent_l3_online_gru,parent,offtrack_boundary_recovery,T5,aeb_feasible,success,success,True,96,,17.37153138806704,9.585764542837085,success,101,,17.209406041277582,9.108710734098702,0.249405021657628,1484.2781116650149,True,-0.162125346789459,5,"HF backend full-panel discrepancy measurement only: per-row outcome comparison of the same driver on the same reconstructed scenarios under two dynamics backends (current-sim vs Chrono Sedan/TMeasy). The v5 driver remains a candidate; the deployable ActiveSafetyReflexDriver is unchanged. No driver-performance verdict, validation, ranking, promotion, repair-success, fidelity-sufficiency, paper, or self-ID claim is made."
fa-chrono-hf4-old-v4-0023,old,v4,active_safety_reflex_driver_m3105_incumbent_v4_no_regression,m3082-fresh-panel-0023,401630,m3012-executable-source-spec-0008,route_a_candidate_m2655_mitigation_preserving,candidate,offtrack_boundary_recovery,T5,aeb_feasible,success,success,True,64,,3.631548022785517,13.902401566858703,success,64,,3.7911385620838347,13.986406280475277,0.32955518561264086,1231.344661025505,True,0.15959053929831768,0,"HF backend full-panel discrepancy measurement only: per-row outcome comparison of the same driver on the same reconstructed scenarios under two dynamics backends (current-sim vs Chrono Sedan/TMeasy). The v5 driver remains a candidate; the deployable ActiveSafetyReflexDriver is unchanged. No driver-performance verdict, validation, ranking, promotion, repair-success, fidelity-sufficiency, paper, or self-ID claim is made."
fa-chrono-hf4-old-v4-0024,old,v4,active_safety_reflex_driver_m3105_incumbent_v4_no_regression,m3082-fresh-panel-0024,401631,m3012-executable-source-spec-0008,route_a_parent_l3_online_gru,parent,offtrack_boundary_recovery,T5,drift_required,offtrack,offtrack,True,50,off_track,0.19111884842274796,15.885799695733219,offtrack,51,off_track,0.2471131845157002,16.025656028316835,0.330882629375747,1040.4827116434462,True,0.055994336092952235,1,"HF backend full-panel discrepancy measurement only: per-row outcome comparison of the same driver on the same reconstructed scenarios under two dynamics backends (current-sim vs Chrono Sedan/TMeasy). The v5 driver remains a candidate; the deployable ActiveSafetyReflexDriver is unchanged. No driver-performance verdict, validation, ranking, promotion, repair-success, fidelity-sufficiency, paper, or self-ID claim is made."
fa-chrono-hf4-old-v4-0025,old,v4,active_safety_reflex_driver_m3105_incumbent_v4_no_regression,m3082-fresh-panel-0025,401640,m3012-executable-source-spec-0010,route_a_candidate_m2655_mitigation_preserving,candidate,offtrack_boundary_recovery,T5,drift_required,collision,collision,True,36,obstacle_collision,-0.16420231058817247,14.662774520743255,collision,36,obstacle_collision,-0.17598694354956357,14.70824325488588,-0.003759556494795646,690.9385652794153,True,-0.011784632961391095,0,"HF backend full-panel discrepancy measurement only: per-row outcome comparison of the same driver on the same reconstructed scenarios under two dynamics backends (current-sim vs Chrono Sedan/TMeasy). The v5 driver remains a candidate; the deployable ActiveSafetyReflexDriver is unchanged. No driver-performance verdict, validation, ranking, promotion, repair-success, fidelity-sufficiency, paper, or self-ID claim is made."
fa-chrono-hf4-old-v4-0026,old,v4,active_safety_reflex_driver_m3105_incumbent_v4_no_regression,m3082-fresh-panel-0026,401641,m3012-executable-source-spec-0010,route_a_parent_l3_online_gru,parent,offtrack_boundary_recovery,T5,unavoidable,collision,collision,True,27,obstacle_collision,-0.2053951495846531,19.085704877235735,collision,28,obstacle_collision,-0.26840472734648446,18.45099857676334,0.333495476054086,538.7238322099565,True,-0.06300957776183136,1,"HF backend full-panel discrepancy measurement only: per-row outcome comparison of the same driver on the same reconstructed scenarios under two dynamics backends (current-sim vs Chrono Sedan/TMeasy). The v5 driver remains a candidate; the deployable ActiveSafetyReflexDriver is unchanged. No driver-performance verdict, validation, ranking, promotion, repair-success, fidelity-sufficiency, paper, or self-ID claim is made."
fa-chrono-hf4-old-v4-0027,old,v4,active_safety_reflex_driver_m3105_incumbent_v4_no_regression,m3082-fresh-panel-0027,401650,m3012-executable-source-spec-0012,route_a_candidate_m2655_mitigation_preserving,candidate,offtrack_boundary_recovery,T5,aeb_feasible,success,success,True,155,,8.091088691688435,5.622415032087181,success,136,,7.149131190075268,6.448978812636521,-0.005491871780381352,2484.8364180222607,True,-0.9419575016131674,-19,"HF backend full-panel discrepancy measurement only: per-row outcome comparison of the same driver on the same reconstructed scenarios under two dynamics backends (current-sim vs Chrono Sedan/TMeasy). The v5 driver remains a candidate; the deployable ActiveSafetyReflexDriver is unchanged. No driver-performance verdict, validation, ranking, promotion, repair-success, fidelity-sufficiency, paper, or self-ID claim is made."
fa-chrono-hf4-old-v4-0028,old,v4,active_safety_reflex_driver_m3105_incumbent_v4_no_regression,m3082-fresh-panel-0028,401651,m3012-executable-source-spec-0012,route_a_parent_l3_online_gru,parent,offtrack_boundary_recovery,T5,aeb_feasible,success,success,True,77,,7.4278978532424285,9.72448982119971,success,77,,7.1271575636117115,9.807002729550424,-0.0011247021015456937,1172.01781111733,True,-0.300740289630717,0,"HF backend full-panel discrepancy measurement only: per-row outcome comparison of the same driver on the same reconstructed scenarios under two dynamics backends (current-sim vs Chrono Sedan/TMeasy). The v5 driver remains a candidate; the deployable ActiveSafetyReflexDriver is unchanged. No driver-performance verdict, validation, ranking, promotion, repair-success, fidelity-sufficiency, paper, or self-ID claim is made."
fa-chrono-hf4-old-v4-0029,old,v4,active_safety_reflex_driver_m3105_incumbent_v4_no_regression,m3082-fresh-panel-0029,401660,m3012-executable-source-spec-0014,route_a_candidate_m2655_mitigation_preserving,candidate,offtrack_boundary_recovery,T5,unavoidable,collision,collision,True,23,obstacle_collision,-0.23122717671026782,18.938057535569847,collision,23,obstacle_collision,-0.204829702361927,18.943980361141367,0.16967481698844367,427.81412081432063,True,0.026397474348340833,0,"HF backend full-panel discrepancy measurement only: per-row outcome comparison of the same driver on the same reconstructed scenarios under two dynamics backends (current-sim vs Chrono Sedan/TMeasy). The v5 driver remains a candidate; the deployable ActiveSafetyReflexDriver is unchanged. No driver-performance verdict, validation, ranking, promotion, repair-success, fidelity-sufficiency, paper, or self-ID claim is made."
fa-chrono-hf4-old-v4-0030,old,v4,active_safety_reflex_driver_m3105_incumbent_v4_no_regression,m3082-fresh-panel-0030,401661,m3012-executable-source-spec-0014,route_a_parent_l3_online_gru,parent,offtrack_boundary_recovery,T5,aeb_feasible,success,success,True,59,,3.226946589911094,13.36473631014848,success,58,,3.5144015620325,13.489714911862912,0.14540089665070433,1068.955343659778,True,0.2874549721214059,-1,"HF backend full-panel discrepancy measurement only: per-row outcome comparison of the same driver on the same reconstructed scenarios under two dynamics backends (current-sim vs Chrono Sedan/TMeasy). The v5 driver remains a candidate; the deployable ActiveSafetyReflexDriver is unchanged. No driver-performance verdict, validation, ranking, promotion, repair-success, fidelity-sufficiency, paper, or self-ID claim is made."
fa-chrono-hf4-old-v4-0031,old,v4,active_safety_reflex_driver_m3105_incumbent_v4_no_regression,m3082-fresh-panel-0031,401670,m3012-executable-source-spec-0016,route_a_candidate_m2655_mitigation_preserving,candidate,offtrack_boundary_recovery,T5,aeb_feasible,success,success,True,101,,10.355205657841084,8.36448605247058,success,107,,10.386639877939478,7.863840836350077,0.2490807679280671,1726.1004660129402,True,0.031434220098393695,6,"HF backend full-panel discrepancy measurement only: per-row outcome comparison of the same driver on the same reconstructed scenarios under two dynamics backends (current-sim vs Chrono Sedan/TMeasy). The v5 driver remains a candidate; the deployable ActiveSafetyReflexDriver is unchanged. No driver-performance verdict, validation, ranking, promotion, repair-success, fidelity-sufficiency, paper, or self-ID claim is made."
fa-chrono-hf4-old-v4-0032,old,v4,active_safety_reflex_driver_m3105_incumbent_v4_no_regression,m3082-fresh-panel-0032,401671,m3012-executable-source-spec-0016,route_a_parent_l3_online_gru,parent,offtrack_boundary_recovery,T5,aeb_feasible,success,success,True,80,,5.612380748558453,9.011311498438586,success,112,,5.524357794878318,6.44407408471411,-0.0020277567287205756,1757.6338299132367,True,-0.08802295368013535,32,"HF backend full-panel discrepancy measurement only: per-row outcome comparison of the same driver on the same reconstructed scenarios under two dynamics backends (current-sim vs Chrono Sedan/TMeasy). The v5 driver remains a candidate; the deployable ActiveSafetyReflexDriver is unchanged. No driver-performance verdict, validation, ranking, promotion, repair-success, fidelity-sufficiency, paper, or self-ID claim is made."
fa-chrono-hf4-old-v4-0033,old,v4,active_safety_reflex_driver_m3105_incumbent_v4_no_regression,m3082-fresh-panel-0033,401700,m3012-executable-source-spec-0001,route_a_candidate_m2655_mitigation_preserving,candidate,speed_floor_stress,T4,aeb_feasible,success,success,True,116,,16.18976808668134,7.722023783295431,success,117,,16.100480549909634,7.703822505721891,0.24886477433704712,1687.2779439299484,True,-0.08928753677170675,1,"HF backend full-panel discrepancy measurement only: per-row outcome comparison of the same driver on the same reconstructed scenarios under two dynamics backends (current-sim vs Chrono Sedan/TMeasy). The v5 driver remains a candidate; the deployable ActiveSafetyReflexDriver is unchanged. No driver-performance verdict, validation, ranking, promotion, repair-success, fidelity-sufficiency, paper, or self-ID claim is made."
fa-chrono-hf4-old-v4-0034,old,v4,active_safety_reflex_driver_m3105_incumbent_v4_no_regression,m3082-fresh-panel-0034,401701,m3012-executable-source-spec-0001,route_a_parent_l3_online_gru,parent,speed_floor_stress,T4,aeb_feasible,success,success,True,108,,8.946725188463734,7.162797421457698,success,109,,8.92478352766394,7.0999065711205676,0.12062037854601293,1603.4292382947315,True,-0.02194166079979354,1,"HF backend full-panel discrepancy measurement only: per-row outcome comparison of the same driver on the same reconstructed scenarios under two dynamics backends (current-sim vs Chrono Sedan/TMeasy). The v5 driver remains a candidate; the deployable ActiveSafetyReflexDriver is unchanged. No driver-performance verdict, validation, ranking, promotion, repair-success, fidelity-sufficiency, paper, or self-ID claim is made."
fa-chrono-hf4-old-v4-0035,old,v4,active_safety_reflex_driver_m3105_incumbent_v4_no_regression,m3082-fresh-panel-0035,401710,m3012-executable-source-spec-0003,route_a_candidate_m2655_mitigation_preserving,candidate,speed_floor_stress,T4,aeb_feasible,success,success,True,97,,14.307501728901025,9.431883845593724,success,101,,14.505271774560152,8.969605346163718,0.24580176008325338,1498.5029213685484,True,0.19777004565912648,4,"HF backend full-panel discrepancy measurement only: per-row outcome comparison of the same driver on the same reconstructed scenarios under two dynamics backends (current-sim vs Chrono Sedan/TMeasy). The v5 driver remains a candidate; the deployable ActiveSafetyReflexDriver is unchanged. No driver-performance verdict, validation, ranking, promotion, repair-success, fidelity-sufficiency, paper, or self-ID claim is made."
fa-chrono-hf4-old-v4-0036,old,v4,active_safety_reflex_driver_m3105_incumbent_v4_no_regression,m3082-fresh-panel-0036,401711,m3012-executable-source-spec-0003,route_a_parent_l3_online_gru,parent,speed_floor_stress,T4,aeb_feasible,success,success,True,86,,18.810045633392317,11.058351686118403,success,91,,18.889168337685923,10.38098506555232,-0.0005377086036144618,1345.0382538144404,True,0.07912270429360646,5,"HF backend full-panel discrepancy measurement only: per-row outcome comparison of the same driver on the same reconstructed scenarios under two dynamics backends (current-sim vs Chrono Sedan/TMeasy). The v5 driver remains a candidate; the deployable ActiveSafetyReflexDriver is unchanged. No driver-performance verdict, validation, ranking, promotion, repair-success, fidelity-sufficiency, paper, or self-ID claim is made."
fa-chrono-hf4-old-v4-0037,old,v4,active_safety_reflex_driver_m3105_incumbent_v4_no_regression,m3082-fresh-panel-0037,401720,m3012-executable-source-spec-0005,route_a_candidate_m2655_mitigation_preserving,candidate,speed_floor_stress,T4,aeb_feasible,success,success,True,172,,24.47744344807645,6.460763042235539,success,151,,21.78352419078756,7.674150791462474,-9.693683976852441e-05,2890.1012697894803,True,-2.69391925728889,-21,"HF backend full-panel discrepancy measurement only: per-row outcome comparison of the same driver on the same reconstructed scenarios under two dynamics backends (current-sim vs Chrono Sedan/TMeasy). The v5 driver remains a candidate; the deployable ActiveSafetyReflexDriver is unchanged. No driver-performance verdict, validation, ranking, promotion, repair-success, fidelity-sufficiency, paper, or self-ID claim is made."
fa-chrono-hf4-old-v4-0038,old,v4,active_safety_reflex_driver_m3105_incumbent_v4_no_regression,m3082-fresh-panel-0038,401721,m3012-executable-source-spec-0005,route_a_parent_l3_online_gru,parent,speed_floor_stress,T4,aeb_feasible,success,success,True,118,,20.444655065606,8.241110986295286,success,135,,20.44472093969922,7.224478596717886,0.14145136870352282,2061.297856165009,True,6.587409322023063e-05,17,"HF backend full-panel discrepancy measurement only: per-row outcome comparison of the same driver on the same reconstructed scenarios under two dynamics backends (current-sim vs Chrono Sedan/TMeasy). The v5 driver remains a candidate; the deployable ActiveSafetyReflexDriver is unchanged. No driver-performance verdict, validation, ranking, promotion, repair-success, fidelity-sufficiency, paper, or self-ID claim is made."
fa-chrono-hf4-old-v4-0039,old,v4,active_safety_reflex_driver_m3105_incumbent_v4_no_regression,m3082-fresh-panel-0039,401730,m3012-executable-source-spec-0007,route_a_candidate_m2655_mitigation_preserving,candidate,speed_floor_stress,T4,aeb_feasible,success,success,True,105,,16.448521173211304,8.8892722876318,success,107,,15.933816937779492,8.873666273735134,-0.004141942297287038,1664.2923686778831,True,-0.5147042354318128,2,"HF backend full-panel discrepancy measurement only: per-row outcome comparison of the same driver on the same reconstructed scenarios under two dynamics backends (current-sim vs Chrono Sedan/TMeasy). The v5 driver remains a candidate; the deployable ActiveSafetyReflexDriver is unchanged. No driver-performance verdict, validation, ranking, promotion, repair-success, fidelity-sufficiency, paper, or self-ID claim is made."
fa-chrono-hf4-old-v4-0040,old,v4,active_safety_reflex_driver_m3105_incumbent_v4_no_regression,m3082-fresh-panel-0040,401731,m3012-executable-source-spec-0007,route_a_parent_l3_online_gru,parent,speed_floor_stress,T4,aeb_feasible,success,success,True,128,,25.188919567940694,7.714221153754277,success,130,,25.144993235436083,7.558225690371169,0.12566538873154443,1822.299413472414,True,-0.04392633250461131,2,"HF backend full-panel discrepancy measurement only: per-row outcome comparison of the same driver on the same reconstructed scenarios under two dynamics backends (current-sim vs Chrono Sedan/TMeasy). The v5 driver remains a candidate; the deployable ActiveSafetyReflexDriver is unchanged. No driver-performance verdict, validation, ranking, promotion, repair-success, fidelity-sufficiency, paper, or self-ID claim is made."
fa-chrono-hf4-old-v4-0041,old,v4,active_safety_reflex_driver_m3105_incumbent_v4_no_regression,m3082-fresh-panel-0041,401740,m3012-executable-source-spec-0009,route_a_candidate_m2655_mitigation_preserving,candidate,speed_floor_stress,T4,aeb_feasible,success,success,True,82,,12.379015615271062,10.804838609458175,success,89,,12.901819952092382,9.902589036106097,0.14601516308311524,1209.4036985939892,True,0.52280433682132,7,"HF backend full-panel discrepancy measurement only: per-row outcome comparison of the same driver on the same reconstructed scenarios under two dynamics backends (current-sim vs Chrono Sedan/TMeasy). The v5 driver remains a candidate; the deployable ActiveSafetyReflexDriver is unchanged. No driver-performance verdict, validation, ranking, promotion, repair-success, fidelity-sufficiency, paper, or self-ID claim is made."
fa-chrono-hf4-old-v4-0042,old,v4,active_safety_reflex_driver_m3105_incumbent_v4_no_regression,m3082-fresh-panel-0042,401741,m3012-executable-source-spec-0009,route_a_parent_l3_online_gru,parent,speed_floor_stress,T4,aeb_feasible,success,success,True,113,,17.256480796711116,8.051857814967686,success,136,,17.32132824233106,6.678491510568927,0.11973579545558088,1828.6677921081646,True,0.06484744561994304,23,"HF backend full-panel discrepancy measurement only: per-row outcome comparison of the same driver on the same reconstructed scenarios under two dynamics backends (current-sim vs Chrono Sedan/TMeasy). The v5 driver remains a candidate; the deployable ActiveSafetyReflexDriver is unchanged. No driver-performance verdict, validation, ranking, promotion, repair-success, fidelity-sufficiency, paper, or self-ID claim is made."
fa-chrono-hf4-old-v4-0043,old,v4,active_safety_reflex_driver_m3105_incumbent_v4_no_regression,m3082-fresh-panel-0043,401750,m3012-executable-source-spec-0011,route_a_candidate_m2655_mitigation_preserving,candidate,speed_floor_stress,T4,aeb_feasible,success,success,True,106,,20.659788517235178,9.301205379450815,success,106,,20.55121186345489,9.303220981108389,-0.00256024795977261,1587.1759340337157,True,-0.10857665378028969,0,"HF backend full-panel discrepancy measurement only: per-row outcome comparison of the same driver on the same reconstructed scenarios under two dynamics backends (current-sim vs Chrono Sedan/TMeasy). The v5 driver remains a candidate; the deployable ActiveSafetyReflexDriver is unchanged. No driver-performance verdict, validation, ranking, promotion, repair-success, fidelity-sufficiency, paper, or self-ID claim is made."
fa-chrono-hf4-old-v4-0044,old,v4,active_safety_reflex_driver_m3105_incumbent_v4_no_regression,m3082-fresh-panel-0044,401751,m3012-executable-source-spec-0011,route_a_parent_l3_online_gru,parent,speed_floor_stress,T4,aeb_feasible,success,success,True,153,,21.17318230224958,6.818105536955895,success,143,,19.573399707098588,7.435106137465094,0.19287052386581127,2499.888328914745,True,-1.599782595150991,-10,"HF backend full-panel discrepancy measurement only: per-row outcome comparison of the same driver on the same reconstructed scenarios under two dynamics backends (current-sim vs Chrono Sedan/TMeasy). The v5 driver remains a candidate; the deployable ActiveSafetyReflexDriver is unchanged. No driver-performance verdict, validation, ranking, promotion, repair-success, fidelity-sufficiency, paper, or self-ID claim is made."
fa-chrono-hf4-old-v4-0045,old,v4,active_safety_reflex_driver_m3105_incumbent_v4_no_regression,m3082-fresh-panel-0045,401760,m3012-executable-source-spec-0013,route_a_candidate_m2655_mitigation_preserving,candidate,speed_floor_stress,T4,aeb_feasible,success,success,True,104,,12.545496723515383,8.473306314760736,success,109,,12.709961631505156,7.9925797373821235,0.14606114267195913,1626.967840056539,True,0.16446490798977287,5,"HF backend full-panel discrepancy measurement only: per-row outcome comparison of the same driver on the same reconstructed scenarios under two dynamics backends (current-sim vs Chrono Sedan/TMeasy). The v5 driver remains a candidate; the deployable ActiveSafetyReflexDriver is unchanged. No driver-performance verdict, validation, ranking, promotion, repair-success, fidelity-sufficiency, paper, or self-ID claim is made."
fa-chrono-hf4-old-v4-0046,old,v4,active_safety_reflex_driver_m3105_incumbent_v4_no_regression,m3082-fresh-panel-0046,401761,m3012-executable-source-spec-0013,route_a_parent_l3_online_gru,parent,speed_floor_stress,T4,aeb_feasible,success,success,True,120,,13.700766043521025,7.258598169576244,success,146,,13.43294395026918,6.0687580358030075,0.12527589704762043,2195.674020197399,True,-0.26782209325184425,26,"HF backend full-panel discrepancy measurement only: per-row outcome comparison of the same driver on the same reconstructed scenarios under two dynamics backends (current-sim vs Chrono Sedan/TMeasy). The v5 driver remains a candidate; the deployable ActiveSafetyReflexDriver is unchanged. No driver-performance verdict, validation, ranking, promotion, repair-success, fidelity-sufficiency, paper, or self-ID claim is made."
fa-chrono-hf4-old-v4-0047,old,v4,active_safety_reflex_driver_m3105_incumbent_v4_no_regression,m3082-fresh-panel-0047,401770,m3012-executable-source-spec-0015,route_a_candidate_m2655_mitigation_preserving,candidate,speed_floor_stress,T4,aeb_feasible,success,success,True,126,,28.003568296864838,8.072458302340937,success,139,,28.020162798734333,7.282920861961414,0.13281943596421186,2002.4231870913109,True,0.01659450186949485,13,"HF backend full-panel discrepancy measurement only: per-row outcome comparison of the same driver on the same reconstructed scenarios under two dynamics backends (current-sim vs Chrono Sedan/TMeasy). The v5 driver remains a candidate; the deployable ActiveSafetyReflexDriver is unchanged. No driver-performance verdict, validation, ranking, promotion, repair-success, fidelity-sufficiency, paper, or self-ID claim is made."
fa-chrono-hf4-old-v4-0048,old,v4,active_safety_reflex_driver_m3105_incumbent_v4_no_regression,m3082-fresh-panel-0048,401771,m3012-executable-source-spec-0015,route_a_parent_l3_online_gru,parent,speed_floor_stress,T4,aeb_feasible,success,success,True,127,,19.831664143974034,7.396992764171546,success,150,,19.591646836819425,6.4146732319402195,-0.0024938872425899206,2184.7735425747815,True,-0.24001730715460923,23,"HF backend full-panel discrepancy measurement only: per-row outcome comparison of the same driver on the same reconstructed scenarios under two dynamics backends (current-sim vs Chrono Sedan/TMeasy). The v5 driver remains a candidate; the deployable ActiveSafetyReflexDriver is unchanged. No driver-performance verdict, validation, ranking, promotion, repair-success, fidelity-sufficiency, paper, or self-ID claim is made."
fa-chrono-hf4-old-v4-0049,old,v4,active_safety_reflex_driver_m3105_incumbent_v4_no_regression,m3082-fresh-panel-0049,401800,m3012-executable-source-spec-0001,route_a_candidate_m2655_mitigation_preserving,candidate,stability_action_pressure,T4,aeb_feasible,success,success,True,100,,18.56503841090493,9.172375676573038,success,106,,18.39318424059429,8.800720872552633,-0.0005619782784105354,1525.0628688858487,True,-0.1718541703106382,6,"HF backend full-panel discrepancy measurement only: per-row outcome comparison of the same driver on the same reconstructed scenarios under two dynamics backends (current-sim vs Chrono Sedan/TMeasy). The v5 driver remains a candidate; the deployable ActiveSafetyReflexDriver is unchanged. No driver-performance verdict, validation, ranking, promotion, repair-success, fidelity-sufficiency, paper, or self-ID claim is made."
fa-chrono-hf4-old-v4-0050,old,v4,active_safety_reflex_driver_m3105_incumbent_v4_no_regression,m3082-fresh-panel-0050,401801,m3012-executable-source-spec-0001,route_a_parent_l3_online_gru,parent,stability_action_pressure,T4,aeb_feasible,success,success,True,89,,9.155425335177632,9.012874676152535,success,89,,9.187225908222958,8.944371248450858,0.24917196627176885,1331.5208562632943,True,0.031800573045325464,0,"HF backend full-panel discrepancy measurement only: per-row outcome comparison of the same driver on the same reconstructed scenarios under two dynamics backends (current-sim vs Chrono Sedan/TMeasy). The v5 driver remains a candidate; the deployable ActiveSafetyReflexDriver is unchanged. No driver-performance verdict, validation, ranking, promotion, repair-success, fidelity-sufficiency, paper, or self-ID claim is made."
fa-chrono-hf4-old-v4-0051,old,v4,active_safety_reflex_driver_m3105_incumbent_v4_no_regression,m3082-fresh-panel-0051,401810,m3012-executable-source-spec-0003,route_a_candidate_m2655_mitigation_preserving,candidate,stability_action_pressure,T4,aeb_feasible,success,success,True,79,,11.137647817200135,11.642643508638633,success,83,,11.970178609187862,11.002544262221,0.2616620552804392,1305.4571164069348,True,0.8325307919877272,4,"HF backend full-panel discrepancy measurement only: per-row outcome comparison of the same driver on the same reconstructed scenarios under two dynamics backends (current-sim vs Chrono Sedan/TMeasy). The v5 driver remains a candidate; the deployable ActiveSafetyReflexDriver is unchanged. No driver-performance verdict, validation, ranking, promotion, repair-success, fidelity-sufficiency, paper, or self-ID claim is made."
fa-chrono-hf4-old-v4-0052,old,v4,active_safety_reflex_driver_m3105_incumbent_v4_no_regression,m3082-fresh-panel-0052,401811,m3012-executable-source-spec-0003,route_a_parent_l3_online_gru,parent,stability_action_pressure,T4,aeb_feasible,success,success,True,109,,10.89546431928984,7.630477462462709,success,110,,11.107887800777817,7.493966109575613,0.11271180847159368,1616.5670344497776,True,0.21242348148797774,1,"HF backend full-panel discrepancy measurement only: per-row outcome comparison of the same driver on the same reconstructed scenarios under two dynamics backends (current-sim vs Chrono Sedan/TMeasy). The v5 driver remains a candidate; the deployable ActiveSafetyReflexDriver is unchanged. No driver-performance verdict, validation, ranking, promotion, repair-success, fidelity-sufficiency, paper, or self-ID claim is made."
fa-chrono-hf4-old-v4-0053,old,v4,active_safety_reflex_driver_m3105_incumbent_v4_no_regression,m3082-fresh-panel-0053,401820,m3012-executable-source-spec-0005,route_a_candidate_m2655_mitigation_preserving,candidate,stability_action_pressure,T4,aeb_feasible,success,success,True,139,,24.199599315846587,7.571924505124335,success,171,,23.03934301481922,6.505988217525065,-0.0029127408075027006,2784.8965021801077,True,-1.160256301027367,32,"HF backend full-panel discrepancy measurement only: per-row outcome comparison of the same driver on the same reconstructed scenarios under two dynamics backends (current-sim vs Chrono Sedan/TMeasy). The v5 driver remains a candidate; the deployable ActiveSafetyReflexDriver is unchanged. No driver-performance verdict, validation, ranking, promotion, repair-success, fidelity-sufficiency, paper, or self-ID claim is made."
fa-chrono-hf4-old-v4-0054,old,v4,active_safety_reflex_driver_m3105_incumbent_v4_no_regression,m3082-fresh-panel-0054,401821,m3012-executable-source-spec-0005,route_a_parent_l3_online_gru,parent,stability_action_pressure,T4,aeb_feasible,success,success,True,95,,10.288432635561634,9.067547261552322,success,96,,10.182568693991318,9.01383310321392,-0.001879353030577846,1574.0266608742313,True,-0.1058639415703162,1,"HF backend full-panel discrepancy measurement only: per-row outcome comparison of the same driver on the same reconstructed scenarios under two dynamics backends (current-sim vs Chrono Sedan/TMeasy). The v5 driver remains a candidate; the deployable ActiveSafetyReflexDriver is unchanged. No driver-performance verdict, validation, ranking, promotion, repair-success, fidelity-sufficiency, paper, or self-ID claim is made."
fa-chrono-hf4-old-v4-0055,old,v4,active_safety_reflex_driver_m3105_incumbent_v4_no_regression,m3082-fresh-panel-0055,401830,m3012-executable-source-spec-0007,route_a_candidate_m2655_mitigation_preserving,candidate,stability_action_pressure,T4,aeb_feasible,success,success,True,85,,18.407113886064266,11.242947461232141,success,85,,18.2770072518093,11.171582607406839,-0.0019138496841559771,1260.5205738560762,True,-0.1301066342549646,0,"HF backend full-panel discrepancy measurement only: per-row outcome comparison of the same driver on the same reconstructed scenarios under two dynamics backends (current-sim vs Chrono Sedan/TMeasy). The v5 driver remains a candidate; the deployable ActiveSafetyReflexDriver is unchanged. No driver-performance verdict, validation, ranking, promotion, repair-success, fidelity-sufficiency, paper, or self-ID claim is made."
fa-chrono-hf4-old-v4-0056,old,v4,active_safety_reflex_driver_m3105_incumbent_v4_no_regression,m3082-fresh-panel-0056,401831,m3012-executable-source-spec-0007,route_a_parent_l3_online_gru,parent,stability_action_pressure,T4,aeb_feasible,success,success,True,85,,5.076468061998855,8.243485722867195,success,86,,5.358083136650812,8.168663071380395,0.25233055475391986,1335.8931830222518,True,0.281615074651957,1,"HF backend full-panel discrepancy measurement only: per-row outcome comparison of the same driver on the same reconstructed scenarios under two dynamics backends (current-sim vs Chrono Sedan/TMeasy). The v5 driver remains a candidate; the deployable ActiveSafetyReflexDriver is unchanged. No driver-performance verdict, validation, ranking, promotion, repair-success, fidelity-sufficiency, paper, or self-ID claim is made."
fa-chrono-hf4-old-v4-0057,old,v4,active_safety_reflex_driver_m3105_incumbent_v4_no_regression,m3082-fresh-panel-0057,401840,m3012-executable-source-spec-0009,route_a_candidate_m2655_mitigation_preserving,candidate,stability_action_pressure,T4,aeb_feasible,success,success,True,119,,15.091758461304387,7.662774198098105,success,126,,14.998613016578627,7.284858119885311,-0.002180786787540079,1890.5318396576477,True,-0.09314544472576003,7,"HF backend full-panel discrepancy measurement only: per-row outcome comparison of the same driver on the same reconstructed scenarios under two dynamics backends (current-sim vs Chrono Sedan/TMeasy). The v5 driver remains a candidate; the deployable ActiveSafetyReflexDriver is unchanged. No driver-performance verdict, validation, ranking, promotion, repair-success, fidelity-sufficiency, paper, or self-ID claim is made."
fa-chrono-hf4-old-v4-0058,old,v4,active_safety_reflex_driver_m3105_incumbent_v4_no_regression,m3082-fresh-panel-0058,401841,m3012-executable-source-spec-0009,route_a_parent_l3_online_gru,parent,stability_action_pressure,T4,aeb_feasible,success,success,True,92,,10.731394417797087,9.55123488471531,success,93,,11.558197410555472,9.334375067587894,-0.0030922980523353516,1442.999680490706,True,0.8268029927583846,1,"HF backend full-panel discrepancy measurement only: per-row outcome comparison of the same driver on the same reconstructed scenarios under two dynamics backends (current-sim vs Chrono Sedan/TMeasy). The v5 driver remains a candidate; the deployable ActiveSafetyReflexDriver is unchanged. No driver-performance verdict, validation, ranking, promotion, repair-success, fidelity-sufficiency, paper, or self-ID claim is made."
fa-chrono-hf4-old-v4-0059,old,v4,active_safety_reflex_driver_m3105_incumbent_v4_no_regression,m3082-fresh-panel-0059,401850,m3012-executable-source-spec-0011,route_a_candidate_m2655_mitigation_preserving,candidate,stability_action_pressure,T4,aeb_feasible,success,success,True,110,,9.664547369644039,7.380873687882659,success,114,,9.571969096229115,7.17424132530033,-4.895799608473084e-05,1725.5943356115895,True,-0.09257827341492408,4,"HF backend full-panel discrepancy measurement only: per-row outcome comparison of the same driver on the same reconstructed scenarios under two dynamics backends (current-sim vs Chrono Sedan/TMeasy). The v5 driver remains a candidate; the deployable ActiveSafetyReflexDriver is unchanged. No driver-performance verdict, validation, ranking, promotion, repair-success, fidelity-sufficiency, paper, or self-ID claim is made."
fa-chrono-hf4-old-v4-0060,old,v4,active_safety_reflex_driver_m3105_incumbent_v4_no_regression,m3082-fresh-panel-0060,401851,m3012-executable-source-spec-0011,route_a_parent_l3_online_gru,parent,stability_action_pressure,T4,aeb_feasible,success,success,True,80,,4.508694075132543,8.573942206874497,success,82,,4.353845368721989,8.437499631288954,-0.0029969402713057036,1278.7508022617512,True,-0.15484870641055437,2,"HF backend full-panel discrepancy measurement only: per-row outcome comparison of the same driver on the same reconstructed scenarios under two dynamics backends (current-sim vs Chrono Sedan/TMeasy). The v5 driver remains a candidate; the deployable ActiveSafetyReflexDriver is unchanged. No driver-performance verdict, validation, ranking, promotion, repair-success, fidelity-sufficiency, paper, or self-ID claim is made."
fa-chrono-hf4-old-v4-0061,old,v4,active_safety_reflex_driver_m3105_incumbent_v4_no_regression,m3082-fresh-panel-0061,401860,m3012-executable-source-spec-0013,route_a_candidate_m2655_mitigation_preserving,candidate,stability_action_pressure,T4,aeb_feasible,success,success,True,119,,22.390572952005606,7.991935126032487,success,136,,22.34463135352866,7.093995783280489,-0.0013571215501571032,1918.5622525547078,True,-0.04594159847694712,17,"HF backend full-panel discrepancy measurement only: per-row outcome comparison of the same driver on the same reconstructed scenarios under two dynamics backends (current-sim vs Chrono Sedan/TMeasy). The v5 driver remains a candidate; the deployable ActiveSafetyReflexDriver is unchanged. No driver-performance verdict, validation, ranking, promotion, repair-success, fidelity-sufficiency, paper, or self-ID claim is made."
fa-chrono-hf4-old-v4-0062,old,v4,active_safety_reflex_driver_m3105_incumbent_v4_no_regression,m3082-fresh-panel-0062,401861,m3012-executable-source-spec-0013,route_a_parent_l3_online_gru,parent,stability_action_pressure,T4,aeb_feasible,success,success,True,105,,10.534417174500197,7.638331858939622,success,119,,10.572881206035484,6.775526721434991,0.12764486631966143,1715.8703470280598,True,0.038464031535287546,14,"HF backend full-panel discrepancy measurement only: per-row outcome comparison of the same driver on the same reconstructed scenarios under two dynamics backends (current-sim vs Chrono Sedan/TMeasy). The v5 driver remains a candidate; the deployable ActiveSafetyReflexDriver is unchanged. No driver-performance verdict, validation, ranking, promotion, repair-success, fidelity-sufficiency, paper, or self-ID claim is made."
fa-chrono-hf4-old-v4-0063,old,v4,active_safety_reflex_driver_m3105_incumbent_v4_no_regression,m3082-fresh-panel-0063,401870,m3012-executable-source-spec-0015,route_a_candidate_m2655_mitigation_preserving,candidate,stability_action_pressure,T4,aeb_feasible,success,success,True,102,,8.490015584068873,7.648033674982503,success,147,,7.9863528206888645,5.443596145106764,0.12520313873371514,2315.5981866947986,True,-0.5036627633800084,45,"HF backend full-panel discrepancy measurement only: per-row outcome comparison of the same driver on the same reconstructed scenarios under two dynamics backends (current-sim vs Chrono Sedan/TMeasy). The v5 driver remains a candidate; the deployable ActiveSafetyReflexDriver is unchanged. No driver-performance verdict, validation, ranking, promotion, repair-success, fidelity-sufficiency, paper, or self-ID claim is made."
fa-chrono-hf4-old-v4-0064,old,v4,active_safety_reflex_driver_m3105_incumbent_v4_no_regression,m3082-fresh-panel-0064,401871,m3012-executable-source-spec-0015,route_a_parent_l3_online_gru,parent,stability_action_pressure,T4,aeb_feasible,success,success,True,122,,26.328288169014787,8.380094190344519,success,161,,25.719084857064853,6.631230093001597,-0.0011680457750760098,2415.3672820766224,True,-0.6092033119499334,39,"HF backend full-panel discrepancy measurement only: per-row outcome comparison of the same driver on the same reconstructed scenarios under two dynamics backends (current-sim vs Chrono Sedan/TMeasy). The v5 driver remains a candidate; the deployable ActiveSafetyReflexDriver is unchanged. No driver-performance verdict, validation, ranking, promotion, repair-success, fidelity-sufficiency, paper, or self-ID claim is made."
fa-chrono-hf4-fresh-v4-0001,fresh,v4,active_safety_reflex_driver_m3105_incumbent_v4_no_regression,m3082-fresh-panel-0001,501500,m3012-executable-source-spec-0002,route_a_candidate_m2655_mitigation_preserving,candidate,collision_lateral_intrusion,T5,aeb_feasible,success,success,True,70,,4.7265368990226655,10.775352327316574,success,69,,5.431935935982795,10.79683925947803,0.14940515670967436,1049.211096928826,True,0.7053990369601291,-1,"HF backend full-panel discrepancy measurement only: per-row outcome comparison of the same driver on the same reconstructed scenarios under two dynamics backends (current-sim vs Chrono Sedan/TMeasy). The v5 driver remains a candidate; the deployable ActiveSafetyReflexDriver is unchanged. No driver-performance verdict, validation, ranking, promotion, repair-success, fidelity-sufficiency, paper, or self-ID claim is made."
fa-chrono-hf4-fresh-v4-0002,fresh,v4,active_safety_reflex_driver_m3105_incumbent_v4_no_regression,m3082-fresh-panel-0002,501501,m3012-executable-source-spec-0002,route_a_parent_l3_online_gru,parent,collision_lateral_intrusion,T5,aeb_feasible,success,success,True,75,,8.306884411701127,11.012421744325604,success,78,,8.945146200964036,10.503954623738556,0.25798756124646616,1200.1793802941938,True,0.6382617892629092,3,"HF backend full-panel discrepancy measurement only: per-row outcome comparison of the same driver on the same reconstructed scenarios under two dynamics backends (current-sim vs Chrono Sedan/TMeasy). The v5 driver remains a candidate; the deployable ActiveSafetyReflexDriver is unchanged. No driver-performance verdict, validation, ranking, promotion, repair-success, fidelity-sufficiency, paper, or self-ID claim is made."
fa-chrono-hf4-fresh-v4-0003,fresh,v4,active_safety_reflex_driver_m3105_incumbent_v4_no_regression,m3082-fresh-panel-0003,501510,m3012-executable-source-spec-0004,route_a_candidate_m2655_mitigation_preserving,candidate,collision_lateral_intrusion,T5,aeb_feasible,success,success,True,102,,3.316661660935252,6.131232925239132,success,123,,2.665498228030394,5.111574137793249,0.1306105978169807,2073.1753821976818,True,-0.6511634329048581,21,"HF backend full-panel discrepancy measurement only: per-row outcome comparison of the same driver on the same reconstructed scenarios under two dynamics backends (current-sim vs Chrono Sedan/TMeasy). The v5 driver remains a candidate; the deployable ActiveSafetyReflexDriver is unchanged. No driver-performance verdict, validation, ranking, promotion, repair-success, fidelity-sufficiency, paper, or self-ID claim is made."
fa-chrono-hf4-fresh-v4-0004,fresh,v4,active_safety_reflex_driver_m3105_incumbent_v4_no_regression,m3082-fresh-panel-0004,501511,m3012-executable-source-spec-0004,route_a_parent_l3_online_gru,parent,collision_lateral_intrusion,T5,aeb_feasible,success,success,True,99,,13.117282726697923,8.900274967988416,success,112,,13.220793284186573,7.834920291090119,0.13463829144739137,1724.7224377089842,True,0.10351055748865079,13,"HF backend full-panel discrepancy measurement only: per-row outcome comparison of the same driver on the same reconstructed scenarios under two dynamics backends (current-sim vs Chrono Sedan/TMeasy). The v5 driver remains a candidate; the deployable ActiveSafetyReflexDriver is unchanged. No driver-performance verdict, validation, ranking, promotion, repair-success, fidelity-sufficiency, paper, or self-ID claim is made."
fa-chrono-hf4-fresh-v4-0005,fresh,v4,active_safety_reflex_driver_m3105_incumbent_v4_no_regression,m3082-fresh-panel-0005,501520,m3012-executable-source-spec-0006,route_a_candidate_m2655_mitigation_preserving,candidate,collision_lateral_intrusion,T5,aeb_feasible,success,success,True,137,,14.831391464743168,7.248610547975573,success,150,,12.814408362734653,6.941260993927805,-0.002981586409470438,2815.2645037950924,True,-2.016983102008515,13,"HF backend full-panel discrepancy measurement only: per-row outcome comparison of the same driver on the same reconstructed scenarios under two dynamics backends (current-sim vs Chrono Sedan/TMeasy). The v5 driver remains a candidate; the deployable ActiveSafetyReflexDriver is unchanged. No driver-performance verdict, validation, ranking, promotion, repair-success, fidelity-sufficiency, paper, or self-ID claim is made."
fa-chrono-hf4-fresh-v4-0006,fresh,v4,active_safety_reflex_driver_m3105_incumbent_v4_no_regression,m3082-fresh-panel-0006,501521,m3012-executable-source-spec-0006,route_a_parent_l3_online_gru,parent,collision_lateral_intrusion,T5,aeb_feasible,success,success,True,66,,2.871132256152385,9.266732797626409,success,66,,3.0265062928649398,9.153139828649675,0.13821586064629798,995.0313206796673,True,0.1553740367125549,0,"HF backend full-panel discrepancy measurement only: per-row outcome comparison of the same driver on the same reconstructed scenarios under two dynamics backends (current-sim vs Chrono Sedan/TMeasy). The v5 driver remains a candidate; the deployable ActiveSafetyReflexDriver is unchanged. No driver-performance verdict, validation, ranking, promotion, repair-success, fidelity-sufficiency, paper, or self-ID claim is made."
fa-chrono-hf4-fresh-v4-0007,fresh,v4,active_safety_reflex_driver_m3105_incumbent_v4_no_regression,m3082-fresh-panel-0007,501530,m3012-executable-source-spec-0008,route_a_candidate_m2655_mitigation_preserving,candidate,collision_lateral_intrusion,T5,drift_required,success,success,True,49,,1.1700524104450292,16.13929166159492,success,50,,1.4111442624426496,15.783369607188918,0.27080899671583936,954.9834813936614,True,0.2410918519976204,1,"HF backend full-panel discrepancy measurement only: per-row outcome comparison of the same driver on the same reconstructed scenarios under two dynamics backends (current-sim vs Chrono Sedan/TMeasy). The v5 driver remains a candidate; the deployable ActiveSafetyReflexDriver is unchanged. No driver-performance verdict, validation, ranking, promotion, repair-success, fidelity-sufficiency, paper, or self-ID claim is made."
fa-chrono-hf4-fresh-v4-0008,fresh,v4,active_safety_reflex_driver_m3105_incumbent_v4_no_regression,m3082-fresh-panel-0008,501531,m3012-executable-source-spec-0008,route_a_parent_l3_online_gru,parent,collision_lateral_intrusion,T5,unavoidable,collision,collision,True,31,obstacle_collision,-0.008169529957220645,19.13475645059108,success,36,,0.021139851774667928,19.212763493027897,0.28077510166813724,684.7248312934535,False,0.029309381731888573,5,"HF backend full-panel discrepancy measurement only: per-row outcome comparison of the same driver on the same reconstructed scenarios under two dynamics backends (current-sim vs Chrono Sedan/TMeasy). The v5 driver remains a candidate; the deployable ActiveSafetyReflexDriver is unchanged. No driver-performance verdict, validation, ranking, promotion, repair-success, fidelity-sufficiency, paper, or self-ID claim is made."
fa-chrono-hf4-fresh-v4-0009,fresh,v4,active_safety_reflex_driver_m3105_incumbent_v4_no_regression,m3082-fresh-panel-0009,501540,m3012-executable-source-spec-0010,route_a_candidate_m2655_mitigation_preserving,candidate,collision_lateral_intrusion,T5,unavoidable,collision,collision,True,29,obstacle_collision,-0.09397090124121465,18.494025615382455,collision,30,obstacle_collision,-0.20625923882953612,18.02431111409157,0.3291231565560473,564.7830746239051,True,-0.11228833758832146,1,"HF backend full-panel discrepancy measurement only: per-row outcome comparison of the same driver on the same reconstructed scenarios under two dynamics backends (current-sim vs Chrono Sedan/TMeasy). The v5 driver remains a candidate; the deployable ActiveSafetyReflexDriver is unchanged. No driver-performance verdict, validation, ranking, promotion, repair-success, fidelity-sufficiency, paper, or self-ID claim is made."
fa-chrono-hf4-fresh-v4-0010,fresh,v4,active_safety_reflex_driver_m3105_incumbent_v4_no_regression,m3082-fresh-panel-0010,501541,m3012-executable-source-spec-0010,route_a_parent_l3_online_gru,parent,collision_lateral_intrusion,T5,drift_required,success,success,True,51,,3.442603422879824,17.25940445508802,success,51,,3.341522221851529,17.23525642930926,-0.002618051539890587,991.1657820804467,True,-0.1010812010282951,0,"HF backend full-panel discrepancy measurement only: per-row outcome comparison of the same driver on the same reconstructed scenarios under two dynamics backends (current-sim vs Chrono Sedan/TMeasy). The v5 driver remains a candidate; the deployable ActiveSafetyReflexDriver is unchanged. No driver-performance verdict, validation, ranking, promotion, repair-success, fidelity-sufficiency, paper, or self-ID claim is made."
fa-chrono-hf4-fresh-v4-0011,fresh,v4,active_safety_reflex_driver_m3105_incumbent_v4_no_regression,m3082-fresh-panel-0011,501550,m3012-executable-source-spec-0012,route_a_candidate_m2655_mitigation_preserving,candidate,collision_lateral_intrusion,T5,aeb_feasible,success,success,True,72,,6.598701472801711,10.534542197609476,success,76,,6.875961358895234,10.023544274101578,0.25877392964039103,1141.804913350381,True,0.2772598860935229,4,"HF backend full-panel discrepancy measurement only: per-row outcome comparison of the same driver on the same reconstructed scenarios under two dynamics backends (current-sim vs Chrono Sedan/TMeasy). The v5 driver remains a candidate; the deployable ActiveSafetyReflexDriver is unchanged. No driver-performance verdict, validation, ranking, promotion, repair-success, fidelity-sufficiency, paper, or self-ID claim is made."
fa-chrono-hf4-fresh-v4-0012,fresh,v4,active_safety_reflex_driver_m3105_incumbent_v4_no_regression,m3082-fresh-panel-0012,501551,m3012-executable-source-spec-0012,route_a_parent_l3_online_gru,parent,collision_lateral_intrusion,T5,aeb_feasible,success,success,True,128,,11.248276170388204,7.0442144451470625,success,124,,10.701858266441922,7.3566324137089065,-0.004656572532675263,2171.236190009753,True,-0.5464179039462813,-4,"HF backend full-panel discrepancy measurement only: per-row outcome comparison of the same driver on the same reconstructed scenarios under two dynamics backends (current-sim vs Chrono Sedan/TMeasy). The v5 driver remains a candidate; the deployable ActiveSafetyReflexDriver is unchanged. No driver-performance verdict, validation, ranking, promotion, repair-success, fidelity-sufficiency, paper, or self-ID claim is made."
fa-chrono-hf4-fresh-v4-0013,fresh,v4,active_safety_reflex_driver_m3105_incumbent_v4_no_regression,m3082-fresh-panel-0013,501560,m3012-executable-source-spec-0014,route_a_candidate_m2655_mitigation_preserving,candidate,collision_lateral_intrusion,T5,drift_required,offtrack,offtrack,True,39,off_track,3.5272445613359498,17.985085226658914,offtrack,39,off_track,3.9490107497958933,17.46645999357855,0.3306684638867381,763.0214604335197,True,0.4217661884599435,0,"HF backend full-panel discrepancy measurement only: per-row outcome comparison of the same driver on the same reconstructed scenarios under two dynamics backends (current-sim vs Chrono Sedan/TMeasy). The v5 driver remains a candidate; the deployable ActiveSafetyReflexDriver is unchanged. No driver-performance verdict, validation, ranking, promotion, repair-success, fidelity-sufficiency, paper, or self-ID claim is made."
fa-chrono-hf4-fresh-v4-0014,fresh,v4,active_safety_reflex_driver_m3105_incumbent_v4_no_regression,m3082-fresh-panel-0014,501561,m3012-executable-source-spec-0014,route_a_parent_l3_online_gru,parent,collision_lateral_intrusion,T5,unavoidable,collision,collision,True,40,obstacle_collision,-0.29471425926925776,18.51155260545157,collision,39,obstacle_collision,-0.258854073789585,19.05460366757216,-0.0016562890162639121,725.1256301709218,True,0.035860185479672735,-1,"HF backend full-panel discrepancy measurement only: per-row outcome comparison of the same driver on the same reconstructed scenarios under two dynamics backends (current-sim vs Chrono Sedan/TMeasy). The v5 driver remains a candidate; the deployable ActiveSafetyReflexDriver is unchanged. No driver-performance verdict, validation, ranking, promotion, repair-success, fidelity-sufficiency, paper, or self-ID claim is made."
fa-chrono-hf4-fresh-v4-0015,fresh,v4,active_safety_reflex_driver_m3105_incumbent_v4_no_regression,m3082-fresh-panel-0015,501570,m3012-executable-source-spec-0016,route_a_candidate_m2655_mitigation_preserving,candidate,collision_lateral_intrusion,T5,aeb_feasible,success,success,True,176,,16.545539306328223,5.291759043768651,success,208,,15.223130079670241,4.689353401788948,-0.0017138886763348182,3428.0790428433975,True,-1.3224092266579817,32,"HF backend full-panel discrepancy measurement only: per-row outcome comparison of the same driver on the same reconstructed scenarios under two dynamics backends (current-sim vs Chrono Sedan/TMeasy). The v5 driver remains a candidate; the deployable ActiveSafetyReflexDriver is unchanged. No driver-performance verdict, validation, ranking, promotion, repair-success, fidelity-sufficiency, paper, or self-ID claim is made."
fa-chrono-hf4-fresh-v4-0016,fresh,v4,active_safety_reflex_driver_m3105_incumbent_v4_no_regression,m3082-fresh-panel-0016,501571,m3012-executable-source-spec-0016,route_a_parent_l3_online_gru,parent,collision_lateral_intrusion,T5,aeb_feasible,success,success,True,73,,3.5924861713394893,8.537415155958975,success,74,,3.287160781132865,8.464511110456378,-0.0017548359000834068,1222.0145205081208,True,-0.3053253902066242,1,"HF backend full-panel discrepancy measurement only: per-row outcome comparison of the same driver on the same reconstructed scenarios under two dynamics backends (current-sim vs Chrono Sedan/TMeasy). The v5 driver remains a candidate; the deployable ActiveSafetyReflexDriver is unchanged. No driver-performance verdict, validation, ranking, promotion, repair-success, fidelity-sufficiency, paper, or self-ID claim is made."
fa-chrono-hf4-fresh-v4-0017,fresh,v4,active_safety_reflex_driver_m3105_incumbent_v4_no_regression,m3082-fresh-panel-0017,501600,m3012-executable-source-spec-0002,route_a_candidate_m2655_mitigation_preserving,candidate,offtrack_boundary_recovery,T5,aeb_feasible,success,success,True,89,,17.24616019198718,10.473917232037445,success,93,,17.10792648909618,10.105059096875035,0.25814637983133615,1372.510327332111,True,-0.13823370289100012,4,"HF backend full-panel discrepancy measurement only: per-row outcome comparison of the same driver on the same reconstructed scenarios under two dynamics backends (current-sim vs Chrono Sedan/TMeasy). The v5 driver remains a candidate; the deployable ActiveSafetyReflexDriver is unchanged. No driver-performance verdict, validation, ranking, promotion, repair-success, fidelity-sufficiency, paper, or self-ID claim is made."
fa-chrono-hf4-fresh-v4-0018,fresh,v4,active_safety_reflex_driver_m3105_incumbent_v4_no_regression,m3082-fresh-panel-0018,501601,m3012-executable-source-spec-0002,route_a_parent_l3_online_gru,parent,offtrack_boundary_recovery,T5,aeb_feasible,success,success,True,63,,2.4445957647263885,11.07072138553987,success,64,,3.174781947983856,10.783159898965444,0.14695715964855438,1000.2325493290264,True,0.7301861832574676,1,"HF backend full-panel discrepancy measurement only: per-row outcome comparison of the same driver on the same reconstructed scenarios under two dynamics backends (current-sim vs Chrono Sedan/TMeasy). The v5 driver remains a candidate; the deployable ActiveSafetyReflexDriver is unchanged. No driver-performance verdict, validation, ranking, promotion, repair-success, fidelity-sufficiency, paper, or self-ID claim is made."
fa-chrono-hf4-fresh-v4-0019,fresh,v4,active_safety_reflex_driver_m3105_incumbent_v4_no_regression,m3082-fresh-panel-0019,501610,m3012-executable-source-spec-0004,route_a_candidate_m2655_mitigation_preserving,candidate,offtrack_boundary_recovery,T5,aeb_feasible,success,success,True,97,,11.824016911983115,8.765105164002998,success,124,,11.703317223167542,6.895259005913691,-0.0010066321567681058,1810.5027533967746,True,-0.12069968881557358,27,"HF backend full-panel discrepancy measurement only: per-row outcome comparison of the same driver on the same reconstructed scenarios under two dynamics backends (current-sim vs Chrono Sedan/TMeasy). The v5 driver remains a candidate; the deployable ActiveSafetyReflexDriver is unchanged. No driver-performance verdict, validation, ranking, promotion, repair-success, fidelity-sufficiency, paper, or self-ID claim is made."
fa-chrono-hf4-fresh-v4-0020,fresh,v4,active_safety_reflex_driver_m3105_incumbent_v4_no_regression,m3082-fresh-panel-0020,501611,m3012-executable-source-spec-0004,route_a_parent_l3_online_gru,parent,offtrack_boundary_recovery,T5,aeb_feasible,success,success,True,80,,8.564469139493827,10.313446788831692,success,84,,8.974522397142241,9.783292728372269,0.2630395104122467,1335.2974862856936,True,0.41005325764841416,4,"HF backend full-panel discrepancy measurement only: per-row outcome comparison of the same driver on the same reconstructed scenarios under two dynamics backends (current-sim vs Chrono Sedan/TMeasy). The v5 driver remains a candidate; the deployable ActiveSafetyReflexDriver is unchanged. No driver-performance verdict, validation, ranking, promotion, repair-success, fidelity-sufficiency, paper, or self-ID claim is made."
fa-chrono-hf4-fresh-v4-0021,fresh,v4,active_safety_reflex_driver_m3105_incumbent_v4_no_regression,m3082-fresh-panel-0021,501620,m3012-executable-source-spec-0006,route_a_candidate_m2655_mitigation_preserving,candidate,offtrack_boundary_recovery,T5,aeb_feasible,success,success,True,91,,4.954269437061516,8.377720083507555,speed_too_low,106,speed_too_low,3.1882090876546543,5.814785760068984,-0.001975733279683922,1957.3628931163694,False,-1.7660603494068616,15,"HF backend full-panel discrepancy measurement only: per-row outcome comparison of the same driver on the same reconstructed scenarios under two dynamics backends (current-sim vs Chrono Sedan/TMeasy). The v5 driver remains a candidate; the deployable ActiveSafetyReflexDriver is unchanged. No driver-performance verdict, validation, ranking, promotion, repair-success, fidelity-sufficiency, paper, or self-ID claim is made."
fa-chrono-hf4-fresh-v4-0022,fresh,v4,active_safety_reflex_driver_m3105_incumbent_v4_no_regression,m3082-fresh-panel-0022,501621,m3012-executable-source-spec-0006,route_a_parent_l3_online_gru,parent,offtrack_boundary_recovery,T5,aeb_feasible,success,success,True,99,,13.486054314385981,9.286147100462097,success,95,,12.331615402324722,9.92029750721747,-0.0007140506558229731,1655.6870443355874,True,-1.1544389120612593,-4,"HF backend full-panel discrepancy measurement only: per-row outcome comparison of the same driver on the same reconstructed scenarios under two dynamics backends (current-sim vs Chrono Sedan/TMeasy). The v5 driver remains a candidate; the deployable ActiveSafetyReflexDriver is unchanged. No driver-performance verdict, validation, ranking, promotion, repair-success, fidelity-sufficiency, paper, or self-ID claim is made."
fa-chrono-hf4-fresh-v4-0023,fresh,v4,active_safety_reflex_driver_m3105_incumbent_v4_no_regression,m3082-fresh-panel-0023,501630,m3012-executable-source-spec-0008,route_a_candidate_m2655_mitigation_preserving,candidate,offtrack_boundary_recovery,T5,unavoidable,offtrack,offtrack,True,49,off_track,0.6031765653698593,17.4850830223522,offtrack,49,off_track,0.62994386413372,17.401627592864134,0.3387740056175268,915.6125217893859,True,0.026767298763860747,0,"HF backend full-panel discrepancy measurement only: per-row outcome comparison of the same driver on the same reconstructed scenarios under two dynamics backends (current-sim vs Chrono Sedan/TMeasy). The v5 driver remains a candidate; the deployable ActiveSafetyReflexDriver is unchanged. No driver-performance verdict, validation, ranking, promotion, repair-success, fidelity-sufficiency, paper, or self-ID claim is made."
fa-chrono-hf4-fresh-v4-0024,fresh,v4,active_safety_reflex_driver_m3105_incumbent_v4_no_regression,m3082-fresh-panel-0024,501631,m3012-executable-source-spec-0008,route_a_parent_l3_online_gru,parent,offtrack_boundary_recovery,T5,unavoidable,offtrack,offtrack,True,42,off_track,4.768921177978169,16.99070795448834,offtrack,43,off_track,4.653475027218287,16.736942998544617,0.15848205330208742,891.209004461125,True,-0.1154461507598814,1,"HF backend full-panel discrepancy measurement only: per-row outcome comparison of the same driver on the same reconstructed scenarios under two dynamics backends (current-sim vs Chrono Sedan/TMeasy). The v5 driver remains a candidate; the deployable ActiveSafetyReflexDriver is unchanged. No driver-performance verdict, validation, ranking, promotion, repair-success, fidelity-sufficiency, paper, or self-ID claim is made."
fa-chrono-hf4-fresh-v4-0025,fresh,v4,active_safety_reflex_driver_m3105_incumbent_v4_no_regression,m3082-fresh-panel-0025,501640,m3012-executable-source-spec-0010,route_a_candidate_m2655_mitigation_preserving,candidate,offtrack_boundary_recovery,T5,drift_required,offtrack,offtrack,True,41,off_track,0.13972850318022179,19.11062173700917,offtrack,41,off_track,0.4345987166063314,18.66062650462168,0.17570822698858635,789.2604804444272,True,0.29487021342610964,0,"HF backend full-panel discrepancy measurement only: per-row outcome comparison of the same driver on the same reconstructed scenarios under two dynamics backends (current-sim vs Chrono Sedan/TMeasy). The v5 driver remains a candidate; the deployable ActiveSafetyReflexDriver is unchanged. No driver-performance verdict, validation, ranking, promotion, repair-success, fidelity-sufficiency, paper, or self-ID claim is made."
fa-chrono-hf4-fresh-v4-0026,fresh,v4,active_safety_reflex_driver_m3105_incumbent_v4_no_regression,m3082-fresh-panel-0026,501641,m3012-executable-source-spec-0010,route_a_parent_l3_online_gru,parent,offtrack_boundary_recovery,T5,unavoidable,collision,collision,True,28,obstacle_collision,-0.24132904923869458,16.783937057388762,collision,29,obstacle_collision,-0.21218879802029633,16.225642787030964,0.15423084241886897,530.6597360870801,True,0.02914025121839825,1,"HF backend full-panel discrepancy measurement only: per-row outcome comparison of the same driver on the same reconstructed scenarios under two dynamics backends (current-sim vs Chrono Sedan/TMeasy). The v5 driver remains a candidate; the deployable ActiveSafetyReflexDriver is unchanged. No driver-performance verdict, validation, ranking, promotion, repair-success, fidelity-sufficiency, paper, or self-ID claim is made."
fa-chrono-hf4-fresh-v4-0027,fresh,v4,active_safety_reflex_driver_m3105_incumbent_v4_no_regression,m3082-fresh-panel-0027,501650,m3012-executable-source-spec-0012,route_a_candidate_m2655_mitigation_preserving,candidate,offtrack_boundary_recovery,T5,aeb_feasible,success,success,True,73,,1.904863135265864,8.587212651311349,success,74,,1.8951163324631897,8.607612128222971,0.24145071413613728,1295.0438945462229,True,-0.00974680280267437,1,"HF backend full-panel discrepancy measurement only: per-row outcome comparison of the same driver on the same reconstructed scenarios under two dynamics backends (current-sim vs Chrono Sedan/TMeasy). The v5 driver remains a candidate; the deployable ActiveSafetyReflexDriver is unchanged. No driver-performance verdict, validation, ranking, promotion, repair-success, fidelity-sufficiency, paper, or self-ID claim is made."
fa-chrono-hf4-fresh-v4-0028,fresh,v4,active_safety_reflex_driver_m3105_incumbent_v4_no_regression,m3082-fresh-panel-0028,501651,m3012-executable-source-spec-0012,route_a_parent_l3_online_gru,parent,offtrack_boundary_recovery,T5,aeb_feasible,success,success,True,83,,12.099575939302934,10.746247424652573,success,88,,12.02701428174857,10.322885158218087,-6.024023953088431e-05,1402.9428099949646,True,-0.07256165755436328,5,"HF backend full-panel discrepancy measurement only: per-row outcome comparison of the same driver on the same reconstructed scenarios under two dynamics backends (current-sim vs Chrono Sedan/TMeasy). The v5 driver remains a candidate; the deployable ActiveSafetyReflexDriver is unchanged. No driver-performance verdict, validation, ranking, promotion, repair-success, fidelity-sufficiency, paper, or self-ID claim is made."
fa-chrono-hf4-fresh-v4-0029,fresh,v4,active_safety_reflex_driver_m3105_incumbent_v4_no_regression,m3082-fresh-panel-0029,501660,m3012-executable-source-spec-0014,route_a_candidate_m2655_mitigation_preserving,candidate,offtrack_boundary_recovery,T5,unavoidable,offtrack,offtrack,True,43,off_track,0.12728235954494482,18.099668606864544,offtrack,43,off_track,0.12454159431088208,18.21485084956322,0.33826613842573394,796.6229597936617,True,-0.0027407652340627475,0,"HF backend full-panel discrepancy measurement only: per-row outcome comparison of the same driver on the same reconstructed scenarios under two dynamics backends (current-sim vs Chrono Sedan/TMeasy). The v5 driver remains a candidate; the deployable ActiveSafetyReflexDriver is unchanged. No driver-performance verdict, validation, ranking, promotion, repair-success, fidelity-sufficiency, paper, or self-ID claim is made."
fa-chrono-hf4-fresh-v4-0030,fresh,v4,active_safety_reflex_driver_m3105_incumbent_v4_no_regression,m3082-fresh-panel-0030,501661,m3012-executable-source-spec-0014,route_a_parent_l3_online_gru,parent,offtrack_boundary_recovery,T5,aeb_feasible,success,success,True,65,,3.0429556414599936,13.733599539289521,success,64,,3.5924991273921094,13.71701131250236,0.2612003473136717,1272.216877432773,True,0.5495434859321158,-1,"HF backend full-panel discrepancy measurement only: per-row outcome comparison of the same driver on the same reconstructed scenarios under two dynamics backends (current-sim vs Chrono Sedan/TMeasy). The v5 driver remains a candidate; the deployable ActiveSafetyReflexDriver is unchanged. No driver-performance verdict, validation, ranking, promotion, repair-success, fidelity-sufficiency, paper, or self-ID claim is made."
fa-chrono-hf4-fresh-v4-0031,fresh,v4,active_safety_reflex_driver_m3105_incumbent_v4_no_regression,m3082-fresh-panel-0031,501670,m3012-executable-source-spec-0016,route_a_candidate_m2655_mitigation_preserving,candidate,offtrack_boundary_recovery,T5,aeb_feasible,success,success,True,87,,5.050304779809771,8.321307452264751,success,89,,5.281129258684226,8.168429576008261,0.12866689315160862,1493.8644026466063,True,0.2308244788744549,2,"HF backend full-panel discrepancy measurement only: per-row outcome comparison of the same driver on the same reconstructed scenarios under two dynamics backends (current-sim vs Chrono Sedan/TMeasy). The v5 driver remains a candidate; the deployable ActiveSafetyReflexDriver is unchanged. No driver-performance verdict, validation, ranking, promotion, repair-success, fidelity-sufficiency, paper, or self-ID claim is made."
fa-chrono-hf4-fresh-v4-0032,fresh,v4,active_safety_reflex_driver_m3105_incumbent_v4_no_regression,m3082-fresh-panel-0032,501671,m3012-executable-source-spec-0016,route_a_parent_l3_online_gru,parent,offtrack_boundary_recovery,T5,aeb_feasible,success,success,True,94,,4.468189615662551,8.049460677098184,success,167,,3.7898364348942275,4.691834928759537,-0.0005483125063552308,3005.694717616134,True,-0.6783531807683234,73,"HF backend full-panel discrepancy measurement only: per-row outcome comparison of the same driver on the same reconstructed scenarios under two dynamics backends (current-sim vs Chrono Sedan/TMeasy). The v5 driver remains a candidate; the deployable ActiveSafetyReflexDriver is unchanged. No driver-performance verdict, validation, ranking, promotion, repair-success, fidelity-sufficiency, paper, or self-ID claim is made."
fa-chrono-hf4-fresh-v4-0033,fresh,v4,active_safety_reflex_driver_m3105_incumbent_v4_no_regression,m3082-fresh-panel-0033,501700,m3012-executable-source-spec-0001,route_a_candidate_m2655_mitigation_preserving,candidate,speed_floor_stress,T4,aeb_feasible,success,success,True,124,,24.046951702826036,7.990642721473268,success,120,,23.459179903495883,8.601015118082326,-0.0015072705423548882,1831.9406201214588,True,-0.5877717993301523,-4,"HF backend full-panel discrepancy measurement only: per-row outcome comparison of the same driver on the same reconstructed scenarios under two dynamics backends (current-sim vs Chrono Sedan/TMeasy). The v5 driver remains a candidate; the deployable ActiveSafetyReflexDriver is unchanged. No driver-performance verdict, validation, ranking, promotion, repair-success, fidelity-sufficiency, paper, or self-ID claim is made."
fa-chrono-hf4-fresh-v4-0034,fresh,v4,active_safety_reflex_driver_m3105_incumbent_v4_no_regression,m3082-fresh-panel-0034,501701,m3012-executable-source-spec-0001,route_a_parent_l3_online_gru,parent,speed_floor_stress,T4,aeb_feasible,success,success,True,110,,27.125243921379035,9.198127321344892,success,107,,26.75215915665648,9.566462714636865,-0.0016223985875161162,1567.5209427461668,True,-0.3730847647225559,-3,"HF backend full-panel discrepancy measurement only: per-row outcome comparison of the same driver on the same reconstructed scenarios under two dynamics backends (current-sim vs Chrono Sedan/TMeasy). The v5 driver remains a candidate; the deployable ActiveSafetyReflexDriver is unchanged. No driver-performance verdict, validation, ranking, promotion, repair-success, fidelity-sufficiency, paper, or self-ID claim is made."
fa-chrono-hf4-fresh-v4-0035,fresh,v4,active_safety_reflex_driver_m3105_incumbent_v4_no_regression,m3082-fresh-panel-0035,501710,m3012-executable-source-spec-0003,route_a_candidate_m2655_mitigation_preserving,candidate,speed_floor_stress,T4,aeb_feasible,success,success,True,85,,7.903842671908739,9.617087912963452,success,86,,8.557611287568013,9.479727672486286,0.2536392741896307,1365.2949773023574,True,0.6537686156592741,1,"HF backend full-panel discrepancy measurement only: per-row outcome comparison of the same driver on the same reconstructed scenarios under two dynamics backends (current-sim vs Chrono Sedan/TMeasy). The v5 driver remains a candidate; the deployable ActiveSafetyReflexDriver is unchanged. No driver-performance verdict, validation, ranking, promotion, repair-success, fidelity-sufficiency, paper, or self-ID claim is made."
fa-chrono-hf4-fresh-v4-0036,fresh,v4,active_safety_reflex_driver_m3105_incumbent_v4_no_regression,m3082-fresh-panel-0036,501711,m3012-executable-source-spec-0003,route_a_parent_l3_online_gru,parent,speed_floor_stress,T4,aeb_feasible,success,success,True,122,,13.474592312883415,7.097935377685861,success,121,,13.523650385453013,7.16698225402077,0.11843709139206471,1758.0949444324506,True,0.04905807256959882,-1,"HF backend full-panel discrepancy measurement only: per-row outcome comparison of the same driver on the same reconstructed scenarios under two dynamics backends (current-sim vs Chrono Sedan/TMeasy). The v5 driver remains a candidate; the deployable ActiveSafetyReflexDriver is unchanged. No driver-performance verdict, validation, ranking, promotion, repair-success, fidelity-sufficiency, paper, or self-ID claim is made."
fa-chrono-hf4-fresh-v4-0037,fresh,v4,active_safety_reflex_driver_m3105_incumbent_v4_no_regression,m3082-fresh-panel-0037,501720,m3012-executable-source-spec-0005,route_a_candidate_m2655_mitigation_preserving,candidate,speed_floor_stress,T4,aeb_feasible,success,success,True,120,,25.65601277758662,8.533520204489802,success,139,,25.583214197846367,7.381997161912449,0.24318676998651867,2097.033863550123,True,-0.07279857974025461,19,"HF backend full-panel discrepancy measurement only: per-row outcome comparison of the same driver on the same reconstructed scenarios under two dynamics backends (current-sim vs Chrono Sedan/TMeasy). The v5 driver remains a candidate; the deployable ActiveSafetyReflexDriver is unchanged. No driver-performance verdict, validation, ranking, promotion, repair-success, fidelity-sufficiency, paper, or self-ID claim is made."
fa-chrono-hf4-fresh-v4-0038,fresh,v4,active_safety_reflex_driver_m3105_incumbent_v4_no_regression,m3082-fresh-panel-0038,501721,m3012-executable-source-spec-0005,route_a_parent_l3_online_gru,parent,speed_floor_stress,T4,aeb_feasible,success,success,True,125,,7.667646624862243,7.265632659875551,success,179,,9.81468819687003,4.881878386081901,0.24870772371443817,2946.1766182656174,True,2.1470415720077867,54,"HF backend full-panel discrepancy measurement only: per-row outcome comparison of the same driver on the same reconstructed scenarios under two dynamics backends (current-sim vs Chrono Sedan/TMeasy). The v5 driver remains a candidate; the deployable ActiveSafetyReflexDriver is unchanged. No driver-performance verdict, validation, ranking, promotion, repair-success, fidelity-sufficiency, paper, or self-ID claim is made."
fa-chrono-hf4-fresh-v4-0039,fresh,v4,active_safety_reflex_driver_m3105_incumbent_v4_no_regression,m3082-fresh-panel-0039,501730,m3012-executable-source-spec-0007,route_a_candidate_m2655_mitigation_preserving,candidate,speed_floor_stress,T4,aeb_feasible,success,success,True,100,,12.708306817099038,9.543923811566621,success,98,,14.135747664215783,9.550732164502648,0.24849903063961598,1560.8798664094993,True,1.4274408471167455,-2,"HF backend full-panel discrepancy measurement only: per-row outcome comparison of the same driver on the same reconstructed scenarios under two dynamics backends (current-sim vs Chrono Sedan/TMeasy). The v5 driver remains a candidate; the deployable ActiveSafetyReflexDriver is unchanged. No driver-performance verdict, validation, ranking, promotion, repair-success, fidelity-sufficiency, paper, or self-ID claim is made."
fa-chrono-hf4-fresh-v4-0040,fresh,v4,active_safety_reflex_driver_m3105_incumbent_v4_no_regression,m3082-fresh-panel-0040,501731,m3012-executable-source-spec-0007,route_a_parent_l3_online_gru,parent,speed_floor_stress,T4,aeb_feasible,success,success,True,108,,15.620261203011873,8.233793367854124,success,110,,15.508931944926369,8.073658034102118,0.19539425486888184,1592.1706156282453,True,-0.11132925808550453,2,"HF backend full-panel discrepancy measurement only: per-row outcome comparison of the same driver on the same reconstructed scenarios under two dynamics backends (current-sim vs Chrono Sedan/TMeasy). The v5 driver remains a candidate; the deployable ActiveSafetyReflexDriver is unchanged. No driver-performance verdict, validation, ranking, promotion, repair-success, fidelity-sufficiency, paper, or self-ID claim is made."
fa-chrono-hf4-fresh-v4-0041,fresh,v4,active_safety_reflex_driver_m3105_incumbent_v4_no_regression,m3082-fresh-panel-0041,501740,m3012-executable-source-spec-0009,route_a_candidate_m2655_mitigation_preserving,candidate,speed_floor_stress,T4,aeb_feasible,success,success,True,83,,4.569398812887696,8.546930725283971,success,93,,3.55822596324269,7.839398899663138,-0.0008936907437018249,1555.3844129082358,True,-1.0111728496450065,10,"HF backend full-panel discrepancy measurement only: per-row outcome comparison of the same driver on the same reconstructed scenarios under two dynamics backends (current-sim vs Chrono Sedan/TMeasy). The v5 driver remains a candidate; the deployable ActiveSafetyReflexDriver is unchanged. No driver-performance verdict, validation, ranking, promotion, repair-success, fidelity-sufficiency, paper, or self-ID claim is made."
fa-chrono-hf4-fresh-v4-0042,fresh,v4,active_safety_reflex_driver_m3105_incumbent_v4_no_regression,m3082-fresh-panel-0042,501741,m3012-executable-source-spec-0009,route_a_parent_l3_online_gru,parent,speed_floor_stress,T4,aeb_feasible,success,success,True,93,,10.946205300555766,9.373106048035588,success,94,,11.676857010400033,9.119564958339419,0.145725333727162,1340.8464830075245,True,0.7306517098442669,1,"HF backend full-panel discrepancy measurement only: per-row outcome comparison of the same driver on the same reconstructed scenarios under two dynamics backends (current-sim vs Chrono Sedan/TMeasy). The v5 driver remains a candidate; the deployable ActiveSafetyReflexDriver is unchanged. No driver-performance verdict, validation, ranking, promotion, repair-success, fidelity-sufficiency, paper, or self-ID claim is made."
fa-chrono-hf4-fresh-v4-0043,fresh,v4,active_safety_reflex_driver_m3105_incumbent_v4_no_regression,m3082-fresh-panel-0043,501750,m3012-executable-source-spec-0011,route_a_candidate_m2655_mitigation_preserving,candidate,speed_floor_stress,T4,aeb_feasible,success,success,True,102,,7.4966346492798195,7.258852230731905,success,102,,7.624659489813869,7.221901174981528,0.12194251373149712,1492.0363651030575,True,0.1280248405340494,0,"HF backend full-panel discrepancy measurement only: per-row outcome comparison of the same driver on the same reconstructed scenarios under two dynamics backends (current-sim vs Chrono Sedan/TMeasy). The v5 driver remains a candidate; the deployable ActiveSafetyReflexDriver is unchanged. No driver-performance verdict, validation, ranking, promotion, repair-success, fidelity-sufficiency, paper, or self-ID claim is made."
fa-chrono-hf4-fresh-v4-0044,fresh,v4,active_safety_reflex_driver_m3105_incumbent_v4_no_regression,m3082-fresh-panel-0044,501751,m3012-executable-source-spec-0011,route_a_parent_l3_online_gru,parent,speed_floor_stress,T4,aeb_feasible,success,success,True,110,,11.20743502597308,7.56017598835709,success,108,,11.320386876978507,7.681784158856135,0.1306287080064319,1558.2901818346581,True,0.11295185100542682,-2,"HF backend full-panel discrepancy measurement only: per-row outcome comparison of the same driver on the same reconstructed scenarios under two dynamics backends (current-sim vs Chrono Sedan/TMeasy). The v5 driver remains a candidate; the deployable ActiveSafetyReflexDriver is unchanged. No driver-performance verdict, validation, ranking, promotion, repair-success, fidelity-sufficiency, paper, or self-ID claim is made."
fa-chrono-hf4-fresh-v4-0045,fresh,v4,active_safety_reflex_driver_m3105_incumbent_v4_no_regression,m3082-fresh-panel-0045,501760,m3012-executable-source-spec-0013,route_a_candidate_m2655_mitigation_preserving,candidate,speed_floor_stress,T4,aeb_feasible,success,success,True,146,,25.19825963523121,6.810301750120195,success,186,,25.119417343719643,5.37374524841363,0.19849493825823217,2691.7884665312085,True,-0.07884229151156674,40,"HF backend full-panel discrepancy measurement only: per-row outcome comparison of the same driver on the same reconstructed scenarios under two dynamics backends (current-sim vs Chrono Sedan/TMeasy). The v5 driver remains a candidate; the deployable ActiveSafetyReflexDriver is unchanged. No driver-performance verdict, validation, ranking, promotion, repair-success, fidelity-sufficiency, paper, or self-ID claim is made."
fa-chrono-hf4-fresh-v4-0046,fresh,v4,active_safety_reflex_driver_m3105_incumbent_v4_no_regression,m3082-fresh-panel-0046,501761,m3012-executable-source-spec-0013,route_a_parent_l3_online_gru,parent,speed_floor_stress,T4,aeb_feasible,success,success,True,118,,13.418685426395601,7.27265193695503,success,135,,13.364838940264079,6.357215808207904,-0.0017877380335935555,1964.0760928707823,True,-0.05384648613152265,17,"HF backend full-panel discrepancy measurement only: per-row outcome comparison of the same driver on the same reconstructed scenarios under two dynamics backends (current-sim vs Chrono Sedan/TMeasy). The v5 driver remains a candidate; the deployable ActiveSafetyReflexDriver is unchanged. No driver-performance verdict, validation, ranking, promotion, repair-success, fidelity-sufficiency, paper, or self-ID claim is made."
fa-chrono-hf4-fresh-v4-0047,fresh,v4,active_safety_reflex_driver_m3105_incumbent_v4_no_regression,m3082-fresh-panel-0047,501770,m3012-executable-source-spec-0015,route_a_candidate_m2655_mitigation_preserving,candidate,speed_floor_stress,T4,aeb_feasible,success,success,True,99,,14.283648838121742,9.097823162955834,success,108,,14.421664953552053,8.247010653227639,0.14175136796306376,1501.4519771247778,True,0.138016115430311,9,"HF backend full-panel discrepancy measurement only: per-row outcome comparison of the same driver on the same reconstructed scenarios under two dynamics backends (current-sim vs Chrono Sedan/TMeasy). The v5 driver remains a candidate; the deployable ActiveSafetyReflexDriver is unchanged. No driver-performance verdict, validation, ranking, promotion, repair-success, fidelity-sufficiency, paper, or self-ID claim is made."
fa-chrono-hf4-fresh-v4-0048,fresh,v4,active_safety_reflex_driver_m3105_incumbent_v4_no_regression,m3082-fresh-panel-0048,501771,m3012-executable-source-spec-0015,route_a_parent_l3_online_gru,parent,speed_floor_stress,T4,aeb_feasible,success,success,True,80,,8.552772874414918,10.608367544586791,success,99,,8.95029796538856,8.602381886192765,-0.0028675866832372776,1527.948737012648,True,0.39752509097364097,19,"HF backend full-panel discrepancy measurement only: per-row outcome comparison of the same driver on the same reconstructed scenarios under two dynamics backends (current-sim vs Chrono Sedan/TMeasy). The v5 driver remains a candidate; the deployable ActiveSafetyReflexDriver is unchanged. No driver-performance verdict, validation, ranking, promotion, repair-success, fidelity-sufficiency, paper, or self-ID claim is made."
fa-chrono-hf4-fresh-v4-0049,fresh,v4,active_safety_reflex_driver_m3105_incumbent_v4_no_regression,m3082-fresh-panel-0049,501800,m3012-executable-source-spec-0001,route_a_candidate_m2655_mitigation_preserving,candidate,stability_action_pressure,T4,aeb_feasible,success,success,True,80,,5.132110745141722,8.217433687024814,success,83,,4.860149257865867,8.039562903314662,-0.002543107156128599,1240.3055975121679,True,-0.27196148727585445,3,"HF backend full-panel discrepancy measurement only: per-row outcome comparison of the same driver on the same reconstructed scenarios under two dynamics backends (current-sim vs Chrono Sedan/TMeasy). The v5 driver remains a candidate; the deployable ActiveSafetyReflexDriver is unchanged. No driver-performance verdict, validation, ranking, promotion, repair-success, fidelity-sufficiency, paper, or self-ID claim is made."
fa-chrono-hf4-fresh-v4-0050,fresh,v4,active_safety_reflex_driver_m3105_incumbent_v4_no_regression,m3082-fresh-panel-0050,501801,m3012-executable-source-spec-0001,route_a_parent_l3_online_gru,parent,stability_action_pressure,T4,aeb_feasible,success,success,True,99,,7.168098592952758,8.970697757946269,success,98,,8.566310785160656,8.863794876164224,0.24323752039696878,1678.369588976262,True,1.3982121922078985,-1,"HF backend full-panel discrepancy measurement only: per-row outcome comparison of the same driver on the same reconstructed scenarios under two dynamics backends (current-sim vs Chrono Sedan/TMeasy). The v5 driver remains a candidate; the deployable ActiveSafetyReflexDriver is unchanged. No driver-performance verdict, validation, ranking, promotion, repair-success, fidelity-sufficiency, paper, or self-ID claim is made."
fa-chrono-hf4-fresh-v4-0051,fresh,v4,active_safety_reflex_driver_m3105_incumbent_v4_no_regression,m3082-fresh-panel-0051,501810,m3012-executable-source-spec-0003,route_a_candidate_m2655_mitigation_preserving,candidate,stability_action_pressure,T4,aeb_feasible,success,success,True,113,,26.212650699781847,8.825891172791643,success,171,,25.60952447884367,6.087261758532449,-0.002706953817682489,2289.7835671650355,True,-0.6031262209381758,58,"HF backend full-panel discrepancy measurement only: per-row outcome comparison of the same driver on the same reconstructed scenarios under two dynamics backends (current-sim vs Chrono Sedan/TMeasy). The v5 driver remains a candidate; the deployable ActiveSafetyReflexDriver is unchanged. No driver-performance verdict, validation, ranking, promotion, repair-success, fidelity-sufficiency, paper, or self-ID claim is made."
fa-chrono-hf4-fresh-v4-0052,fresh,v4,active_safety_reflex_driver_m3105_incumbent_v4_no_regression,m3082-fresh-panel-0052,501811,m3012-executable-source-spec-0003,route_a_parent_l3_online_gru,parent,stability_action_pressure,T4,aeb_feasible,success,success,True,117,,13.37862492267113,7.2008338864982235,success,146,,13.331164273720862,5.78335632376503,-0.0021156085383866596,2036.741019672554,True,-0.047460648950266915,29,"HF backend full-panel discrepancy measurement only: per-row outcome comparison of the same driver on the same reconstructed scenarios under two dynamics backends (current-sim vs Chrono Sedan/TMeasy). The v5 driver remains a candidate; the deployable ActiveSafetyReflexDriver is unchanged. No driver-performance verdict, validation, ranking, promotion, repair-success, fidelity-sufficiency, paper, or self-ID claim is made."
fa-chrono-hf4-fresh-v4-0053,fresh,v4,active_safety_reflex_driver_m3105_incumbent_v4_no_regression,m3082-fresh-panel-0053,501820,m3012-executable-source-spec-0005,route_a_candidate_m2655_mitigation_preserving,candidate,stability_action_pressure,T4,aeb_feasible,offtrack,offtrack,True,212,off_track,20.76703533838422,4.900207370682313,success,208,,18.65096668381751,5.117373553148993,-0.0006202103826247196,3554.666242877038,False,-2.116068654566707,-4,"HF backend full-panel discrepancy measurement only: per-row outcome comparison of the same driver on the same reconstructed scenarios under two dynamics backends (current-sim vs Chrono Sedan/TMeasy). The v5 driver remains a candidate; the deployable ActiveSafetyReflexDriver is unchanged. No driver-performance verdict, validation, ranking, promotion, repair-success, fidelity-sufficiency, paper, or self-ID claim is made."
fa-chrono-hf4-fresh-v4-0054,fresh,v4,active_safety_reflex_driver_m3105_incumbent_v4_no_regression,m3082-fresh-panel-0054,501821,m3012-executable-source-spec-0005,route_a_parent_l3_online_gru,parent,stability_action_pressure,T4,aeb_feasible,success,success,True,115,,6.2049351719987795,6.794972386951987,success,118,,6.039987814140752,6.637541267338341,-0.002579849157259062,2091.8483462833574,True,-0.1649473578580274,3,"HF backend full-panel discrepancy measurement only: per-row outcome comparison of the same driver on the same reconstructed scenarios under two dynamics backends (current-sim vs Chrono Sedan/TMeasy). The v5 driver remains a candidate; the deployable ActiveSafetyReflexDriver is unchanged. No driver-performance verdict, validation, ranking, promotion, repair-success, fidelity-sufficiency, paper, or self-ID claim is made."
fa-chrono-hf4-fresh-v4-0055,fresh,v4,active_safety_reflex_driver_m3105_incumbent_v4_no_regression,m3082-fresh-panel-0055,501830,m3012-executable-source-spec-0007,route_a_candidate_m2655_mitigation_preserving,candidate,stability_action_pressure,T4,aeb_feasible,success,success,True,78,,5.89738270250075,9.559618334386474,success,79,,6.287222557386155,9.345247069428373,0.23856474707029207,1219.3507978139787,True,0.3898398548854045,1,"HF backend full-panel discrepancy measurement only: per-row outcome comparison of the same driver on the same reconstructed scenarios under two dynamics backends (current-sim vs Chrono Sedan/TMeasy). The v5 driver remains a candidate; the deployable ActiveSafetyReflexDriver is unchanged. No driver-performance verdict, validation, ranking, promotion, repair-success, fidelity-sufficiency, paper, or self-ID claim is made."
fa-chrono-hf4-fresh-v4-0056,fresh,v4,active_safety_reflex_driver_m3105_incumbent_v4_no_regression,m3082-fresh-panel-0056,501831,m3012-executable-source-spec-0007,route_a_parent_l3_online_gru,parent,stability_action_pressure,T4,aeb_feasible,success,success,True,114,,18.688239589433127,9.130457490782353,success,112,,20.48020932898419,8.988435718259415,0.24422813241572072,1722.844817114743,True,1.7919697395510639,-2,"HF backend full-panel discrepancy measurement only: per-row outcome comparison of the same driver on the same reconstructed scenarios under two dynamics backends (current-sim vs Chrono Sedan/TMeasy). The v5 driver remains a candidate; the deployable ActiveSafetyReflexDriver is unchanged. No driver-performance verdict, validation, ranking, promotion, repair-success, fidelity-sufficiency, paper, or self-ID claim is made."
fa-chrono-hf4-fresh-v4-0057,fresh,v4,active_safety_reflex_driver_m3105_incumbent_v4_no_regression,m3082-fresh-panel-0057,501840,m3012-executable-source-spec-0009,route_a_candidate_m2655_mitigation_preserving,candidate,stability_action_pressure,T4,aeb_feasible,success,success,True,133,,21.96933214696485,7.704091864633544,success,123,,20.657644422066042,8.591824582035269,-0.006171688499735595,2130.4333370536624,True,-1.3116877248988068,-10,"HF backend full-panel discrepancy measurement only: per-row outcome comparison of the same driver on the same reconstructed scenarios under two dynamics backends (current-sim vs Chrono Sedan/TMeasy). The v5 driver remains a candidate; the deployable ActiveSafetyReflexDriver is unchanged. No driver-performance verdict, validation, ranking, promotion, repair-success, fidelity-sufficiency, paper, or self-ID claim is made."
fa-chrono-hf4-fresh-v4-0058,fresh,v4,active_safety_reflex_driver_m3105_incumbent_v4_no_regression,m3082-fresh-panel-0058,501841,m3012-executable-source-spec-0009,route_a_parent_l3_online_gru,parent,stability_action_pressure,T4,aeb_feasible,success,success,True,87,,15.833672498824523,10.619943317294895,success,89,,15.886647188522122,10.348679092185748,-0.0008058942257171964,1341.8611568159104,True,0.05297468969759933,2,"HF backend full-panel discrepancy measurement only: per-row outcome comparison of the same driver on the same reconstructed scenarios under two dynamics backends (current-sim vs Chrono Sedan/TMeasy). The v5 driver remains a candidate; the deployable ActiveSafetyReflexDriver is unchanged. No driver-performance verdict, validation, ranking, promotion, repair-success, fidelity-sufficiency, paper, or self-ID claim is made."
fa-chrono-hf4-fresh-v4-0059,fresh,v4,active_safety_reflex_driver_m3105_incumbent_v4_no_regression,m3082-fresh-panel-0059,501850,m3012-executable-source-spec-0011,route_a_candidate_m2655_mitigation_preserving,candidate,stability_action_pressure,T4,aeb_feasible,success,success,True,117,,21.253217821118888,8.11608581210745,success,116,,21.159477566082053,8.197864640623779,0.12037585788350569,1628.0318048938807,True,-0.0937402550368347,-1,"HF backend full-panel discrepancy measurement only: per-row outcome comparison of the same driver on the same reconstructed scenarios under two dynamics backends (current-sim vs Chrono Sedan/TMeasy). The v5 driver remains a candidate; the deployable ActiveSafetyReflexDriver is unchanged. No driver-performance verdict, validation, ranking, promotion, repair-success, fidelity-sufficiency, paper, or self-ID claim is made."
fa-chrono-hf4-fresh-v4-0060,fresh,v4,active_safety_reflex_driver_m3105_incumbent_v4_no_regression,m3082-fresh-panel-0060,501851,m3012-executable-source-spec-0011,route_a_parent_l3_online_gru,parent,stability_action_pressure,T4,aeb_feasible,success,success,True,117,,10.069164793891924,6.847419282928631,success,118,,10.217075935471819,6.79774757808411,-0.001955442825645193,1695.8037790313174,True,0.14791114157989504,1,"HF backend full-panel discrepancy measurement only: per-row outcome comparison of the same driver on the same reconstructed scenarios under two dynamics backends (current-sim vs Chrono Sedan/TMeasy). The v5 driver remains a candidate; the deployable ActiveSafetyReflexDriver is unchanged. No driver-performance verdict, validation, ranking, promotion, repair-success, fidelity-sufficiency, paper, or self-ID claim is made."
fa-chrono-hf4-fresh-v4-0061,fresh,v4,active_safety_reflex_driver_m3105_incumbent_v4_no_regression,m3082-fresh-panel-0061,501860,m3012-executable-source-spec-0013,route_a_candidate_m2655_mitigation_preserving,candidate,stability_action_pressure,T4,aeb_feasible,success,success,True,131,,26.5702390410351,7.664726676643412,success,137,,26.216241137405085,7.458581270531876,-0.000200404017062894,2058.2181434014437,True,-0.3539979036300167,6,"HF backend full-panel discrepancy measurement only: per-row outcome comparison of the same driver on the same reconstructed scenarios under two dynamics backends (current-sim vs Chrono Sedan/TMeasy). The v5 driver remains a candidate; the deployable ActiveSafetyReflexDriver is unchanged. No driver-performance verdict, validation, ranking, promotion, repair-success, fidelity-sufficiency, paper, or self-ID claim is made."
fa-chrono-hf4-fresh-v4-0062,fresh,v4,active_safety_reflex_driver_m3105_incumbent_v4_no_regression,m3082-fresh-panel-0062,501861,m3012-executable-source-spec-0013,route_a_parent_l3_online_gru,parent,stability_action_pressure,T4,aeb_feasible,success,success,True,119,,18.937064732695134,7.866162435843322,success,128,,18.873390578916126,7.288318357278465,-0.003892619310631673,1845.261695055946,True,-0.06367415377900798,9,"HF backend full-panel discrepancy measurement only: per-row outcome comparison of the same driver on the same reconstructed scenarios under two dynamics backends (current-sim vs Chrono Sedan/TMeasy). The v5 driver remains a candidate; the deployable ActiveSafetyReflexDriver is unchanged. No driver-performance verdict, validation, ranking, promotion, repair-success, fidelity-sufficiency, paper, or self-ID claim is made."
fa-chrono-hf4-fresh-v4-0063,fresh,v4,active_safety_reflex_driver_m3105_incumbent_v4_no_regression,m3082-fresh-panel-0063,501870,m3012-executable-source-spec-0015,route_a_candidate_m2655_mitigation_preserving,candidate,stability_action_pressure,T4,aeb_feasible,success,success,True,102,,7.888524287936637,8.137164128646832,success,106,,8.997546002786374,7.7492524602295925,0.24217807167136574,1673.0308976853703,True,1.109021714849737,4,"HF backend full-panel discrepancy measurement only: per-row outcome comparison of the same driver on the same reconstructed scenarios under two dynamics backends (current-sim vs Chrono Sedan/TMeasy). The v5 driver remains a candidate; the deployable ActiveSafetyReflexDriver is unchanged. No driver-performance verdict, validation, ranking, promotion, repair-success, fidelity-sufficiency, paper, or self-ID claim is made."
fa-chrono-hf4-fresh-v4-0064,fresh,v4,active_safety_reflex_driver_m3105_incumbent_v4_no_regression,m3082-fresh-panel-0064,501871,m3012-executable-source-spec-0015,route_a_parent_l3_online_gru,parent,stability_action_pressure,T4,aeb_feasible,success,success,True,119,,24.97778164281948,8.256673580662541,success,117,,24.539408008178153,8.560909194211275,-0.003012560124914465,1748.3218687833578,True,-0.4383736346413265,-2,"HF backend full-panel discrepancy measurement only: per-row outcome comparison of the same driver on the same reconstructed scenarios under two dynamics backends (current-sim vs Chrono Sedan/TMeasy). The v5 driver remains a candidate; the deployable ActiveSafetyReflexDriver is unchanged. No driver-performance verdict, validation, ranking, promotion, repair-success, fidelity-sufficiency, paper, or self-ID claim is made."
fa-chrono-hf4-feasible_only-v4-0001,feasible_only,v4,active_safety_reflex_driver_m3105_incumbent_v4_no_regression,m3082-fresh-panel-0001,601500,m3012-executable-source-spec-0002,route_a_candidate_m2655_mitigation_preserving,candidate,collision_lateral_intrusion,T5,aeb_feasible,success,success,True,107,,19.216792626611333,9.107443447206311,success,106,,19.50805793278782,9.098724287965547,0.12805902895677512,1523.4198767373086,True,0.2912653061764878,-1,"HF backend full-panel discrepancy measurement only: per-row outcome comparison of the same driver on the same reconstructed scenarios under two dynamics backends (current-sim vs Chrono Sedan/TMeasy). The v5 driver remains a candidate; the deployable ActiveSafetyReflexDriver is unchanged. No driver-performance verdict, validation, ranking, promotion, repair-success, fidelity-sufficiency, paper, or self-ID claim is made."
fa-chrono-hf4-feasible_only-v4-0002,feasible_only,v4,active_safety_reflex_driver_m3105_incumbent_v4_no_regression,m3082-fresh-panel-0002,601501,m3012-executable-source-spec-0002,route_a_parent_l3_online_gru,parent,collision_lateral_intrusion,T5,aeb_feasible,success,success,True,84,,11.448199870591385,10.067812319000751,success,84,,11.191359874838788,10.148367821359003,-0.0012093707356584105,1255.044903198257,True,-0.2568399957525962,0,"HF backend full-panel discrepancy measurement only: per-row outcome comparison of the same driver on the same reconstructed scenarios under two dynamics backends (current-sim vs Chrono Sedan/TMeasy). The v5 driver remains a candidate; the deployable ActiveSafetyReflexDriver is unchanged. No driver-performance verdict, validation, ranking, promotion, repair-success, fidelity-sufficiency, paper, or self-ID claim is made."
fa-chrono-hf4-feasible_only-v4-0003,feasible_only,v4,active_safety_reflex_driver_m3105_incumbent_v4_no_regression,m3082-fresh-panel-0003,601510,m3012-executable-source-spec-0004,route_a_candidate_m2655_mitigation_preserving,candidate,collision_lateral_intrusion,T5,aeb_feasible,success,success,True,85,,5.581648486922263,8.541872406002184,success,88,,5.76969871214774,8.298100257324604,-0.000300510411792132,1409.6211300681753,True,0.18805022522547699,3,"HF backend full-panel discrepancy measurement only: per-row outcome comparison of the same driver on the same reconstructed scenarios under two dynamics backends (current-sim vs Chrono Sedan/TMeasy). The v5 driver remains a candidate; the deployable ActiveSafetyReflexDriver is unchanged. No driver-performance verdict, validation, ranking, promotion, repair-success, fidelity-sufficiency, paper, or self-ID claim is made."
fa-chrono-hf4-feasible_only-v4-0004,feasible_only,v4,active_safety_reflex_driver_m3105_incumbent_v4_no_regression,m3082-fresh-panel-0004,601511,m3012-executable-source-spec-0004,route_a_parent_l3_online_gru,parent,collision_lateral_intrusion,T5,aeb_feasible,success,success,True,99,,8.281752445720402,8.27967431129948,success,94,,7.280350496557826,8.891327903105887,-0.001179939378685546,1672.378365026164,True,-1.0014019491625756,-5,"HF backend full-panel discrepancy measurement only: per-row outcome comparison of the same driver on the same reconstructed scenarios under two dynamics backends (current-sim vs Chrono Sedan/TMeasy). The v5 driver remains a candidate; the deployable ActiveSafetyReflexDriver is unchanged. No driver-performance verdict, validation, ranking, promotion, repair-success, fidelity-sufficiency, paper, or self-ID claim is made."
fa-chrono-hf4-feasible_only-v4-0005,feasible_only,v4,active_safety_reflex_driver_m3105_incumbent_v4_no_regression,m3082-fresh-panel-0005,601520,m3012-executable-source-spec-0006,route_a_candidate_m2655_mitigation_preserving,candidate,collision_lateral_intrusion,T5,aeb_feasible,success,success,True,71,,3.269832687187365,10.035727133664452,success,73,,3.927457247788336,9.643553993858815,0.1454476054331515,1102.1992959244717,True,0.6576245606009712,2,"HF backend full-panel discrepancy measurement only: per-row outcome comparison of the same driver on the same reconstructed scenarios under two dynamics backends (current-sim vs Chrono Sedan/TMeasy). The v5 driver remains a candidate; the deployable ActiveSafetyReflexDriver is unchanged. No driver-performance verdict, validation, ranking, promotion, repair-success, fidelity-sufficiency, paper, or self-ID claim is made."
fa-chrono-hf4-feasible_only-v4-0006,feasible_only,v4,active_safety_reflex_driver_m3105_incumbent_v4_no_regression,m3082-fresh-panel-0006,601521,m3012-executable-source-spec-0006,route_a_parent_l3_online_gru,parent,collision_lateral_intrusion,T5,aeb_feasible,success,success,True,78,,3.616712595436729,8.769540656086344,success,76,,3.003825351243121,9.1595717282008,-0.003447090581040868,1351.747730178875,True,-0.6128872441936082,-2,"HF backend full-panel discrepancy measurement only: per-row outcome comparison of the same driver on the same reconstructed scenarios under two dynamics backends (current-sim vs Chrono Sedan/TMeasy). The v5 driver remains a candidate; the deployable ActiveSafetyReflexDriver is unchanged. No driver-performance verdict, validation, ranking, promotion, repair-success, fidelity-sufficiency, paper, or self-ID claim is made."
fa-chrono-hf4-feasible_only-v4-0007,feasible_only,v4,active_safety_reflex_driver_m3105_incumbent_v4_no_regression,m3082-fresh-panel-0007,613530,m3012-executable-source-spec-0008,route_a_candidate_m2655_mitigation_preserving,candidate,collision_lateral_intrusion,T5,aeb_feasible,success,success,True,57,,3.961791954644334,14.324804877277339,success,55,,3.6744611003965577,14.950358256853168,-0.0006664800041917829,1025.8339615054429,True,-0.2873308542477764,-2,"HF backend full-panel discrepancy measurement only: per-row outcome comparison of the same driver on the same reconstructed scenarios under two dynamics backends (current-sim vs Chrono Sedan/TMeasy). The v5 driver remains a candidate; the deployable ActiveSafetyReflexDriver is unchanged. No driver-performance verdict, validation, ranking, promotion, repair-success, fidelity-sufficiency, paper, or self-ID claim is made."
fa-chrono-hf4-feasible_only-v4-0008,feasible_only,v4,active_safety_reflex_driver_m3105_incumbent_v4_no_regression,m3082-fresh-panel-0008,617531,m3012-executable-source-spec-0008,route_a_parent_l3_online_gru,parent,collision_lateral_intrusion,T5,aes_feasible,success,success,True,59,,4.560833177776414,16.033312883865054,success,57,,4.9581713777448195,16.5255309802331,0.3289873892581774,1105.143580601527,True,0.3973381999684058,-2,"HF backend full-panel discrepancy measurement only: per-row outcome comparison of the same driver on the same reconstructed scenarios under two dynamics backends (current-sim vs Chrono Sedan/TMeasy). The v5 driver remains a candidate; the deployable ActiveSafetyReflexDriver is unchanged. No driver-performance verdict, validation, ranking, promotion, repair-success, fidelity-sufficiency, paper, or self-ID claim is made."
fa-chrono-hf4-feasible_only-v4-0009,feasible_only,v4,active_safety_reflex_driver_m3105_incumbent_v4_no_regression,m3082-fresh-panel-0009,608540,m3012-executable-source-spec-0010,route_a_candidate_m2655_mitigation_preserving,candidate,collision_lateral_intrusion,T5,aeb_feasible,success,success,True,56,,2.882953987625373,14.99408598566291,success,56,,3.076407580712681,14.999781768552383,0.2598548802769187,1073.015684781134,True,0.19345359308730803,0,"HF backend full-panel discrepancy measurement only: per-row outcome comparison of the same driver on the same reconstructed scenarios under two dynamics backends (current-sim vs Chrono Sedan/TMeasy). The v5 driver remains a candidate; the deployable ActiveSafetyReflexDriver is unchanged. No driver-performance verdict, validation, ranking, promotion, repair-success, fidelity-sufficiency, paper, or self-ID claim is made."
fa-chrono-hf4-feasible_only-v4-0010,feasible_only,v4,active_safety_reflex_driver_m3105_incumbent_v4_no_regression,m3082-fresh-panel-0010,605541,m3012-executable-source-spec-0010,route_a_parent_l3_online_gru,parent,collision_lateral_intrusion,T5,aes_feasible,offtrack,offtrack,True,59,off_track,2.195734186962178,14.873674722720128,offtrack,59,off_track,2.3153390734284294,14.950827340863965,0.25450040384812134,1164.7956492936355,True,0.11960488646625134,0,"HF backend full-panel discrepancy measurement only: per-row outcome comparison of the same driver on the same reconstructed scenarios under two dynamics backends (current-sim vs Chrono Sedan/TMeasy). The v5 driver remains a candidate; the deployable ActiveSafetyReflexDriver is unchanged. No driver-performance verdict, validation, ranking, promotion, repair-success, fidelity-sufficiency, paper, or self-ID claim is made."
fa-chrono-hf4-feasible_only-v4-0011,feasible_only,v4,active_safety_reflex_driver_m3105_incumbent_v4_no_regression,m3082-fresh-panel-0011,601550,m3012-executable-source-spec-0012,route_a_candidate_m2655_mitigation_preserving,candidate,collision_lateral_intrusion,T5,aeb_feasible,success,success,True,142,,13.899749383352036,7.102934380570045,success,140,,14.185876905886882,7.146197767970673,0.1302068408069088,2530.7546268363076,True,0.2861275225348461,-2,"HF backend full-panel discrepancy measurement only: per-row outcome comparison of the same driver on the same reconstructed scenarios under two dynamics backends (current-sim vs Chrono Sedan/TMeasy). The v5 driver remains a candidate; the deployable ActiveSafetyReflexDriver is unchanged. No driver-performance verdict, validation, ranking, promotion, repair-success, fidelity-sufficiency, paper, or self-ID claim is made."
fa-chrono-hf4-feasible_only-v4-0012,feasible_only,v4,active_safety_reflex_driver_m3105_incumbent_v4_no_regression,m3082-fresh-panel-0012,601551,m3012-executable-source-spec-0012,route_a_parent_l3_online_gru,parent,collision_lateral_intrusion,T5,aeb_feasible,success,success,True,77,,6.933584249769943,9.682282250621078,success,78,,7.211139496075017,9.524328038849454,0.2547576540248908,1151.2850519687927,True,0.27755524630507367,1,"HF backend full-panel discrepancy measurement only: per-row outcome comparison of the same driver on the same reconstructed scenarios under two dynamics backends (current-sim vs Chrono Sedan/TMeasy). The v5 driver remains a candidate; the deployable ActiveSafetyReflexDriver is unchanged. No driver-performance verdict, validation, ranking, promotion, repair-success, fidelity-sufficiency, paper, or self-ID claim is made."
fa-chrono-hf4-feasible_only-v4-0013,feasible_only,v4,active_safety_reflex_driver_m3105_incumbent_v4_no_regression,m3082-fresh-panel-0013,607560,m3012-executable-source-spec-0014,route_a_candidate_m2655_mitigation_preserving,candidate,collision_lateral_intrusion,T5,aes_feasible,offtrack,offtrack,True,37,off_track,6.255308172409654,18.747836964135676,offtrack,38,off_track,6.225385724436643,18.301458614459946,0.17233799041530418,796.333500526147,True,-0.02992244797301069,1,"HF backend full-panel discrepancy measurement only: per-row outcome comparison of the same driver on the same reconstructed scenarios under two dynamics backends (current-sim vs Chrono Sedan/TMeasy). The v5 driver remains a candidate; the deployable ActiveSafetyReflexDriver is unchanged. No driver-performance verdict, validation, ranking, promotion, repair-success, fidelity-sufficiency, paper, or self-ID claim is made."
fa-chrono-hf4-feasible_only-v4-0014,feasible_only,v4,active_safety_reflex_driver_m3105_incumbent_v4_no_regression,m3082-fresh-panel-0014,621561,m3012-executable-source-spec-0014,route_a_parent_l3_online_gru,parent,collision_lateral_intrusion,T5,aes_feasible,success,success,True,68,,5.62804358760885,13.289513464069454,success,69,,6.240667851621015,12.846322278083655,0.258082681934928,1290.1519367735018,True,0.6126242640121644,1,"HF backend full-panel discrepancy measurement only: per-row outcome comparison of the same driver on the same reconstructed scenarios under two dynamics backends (current-sim vs Chrono Sedan/TMeasy). The v5 driver remains a candidate; the deployable ActiveSafetyReflexDriver is unchanged. No driver-performance verdict, validation, ranking, promotion, repair-success, fidelity-sufficiency, paper, or self-ID claim is made."
fa-chrono-hf4-feasible_only-v4-0015,feasible_only,v4,active_safety_reflex_driver_m3105_incumbent_v4_no_regression,m3082-fresh-panel-0015,601570,m3012-executable-source-spec-0016,route_a_candidate_m2655_mitigation_preserving,candidate,collision_lateral_intrusion,T5,aeb_feasible,success,success,True,97,,11.049040147403186,8.82961290363722,success,99,,11.651648240806985,8.584063341298194,-0.004364307885573737,1539.1128799456637,True,0.6026080934037985,2,"HF backend full-panel discrepancy measurement only: per-row outcome comparison of the same driver on the same reconstructed scenarios under two dynamics backends (current-sim vs Chrono Sedan/TMeasy). The v5 driver remains a candidate; the deployable ActiveSafetyReflexDriver is unchanged. No driver-performance verdict, validation, ranking, promotion, repair-success, fidelity-sufficiency, paper, or self-ID claim is made."
fa-chrono-hf4-feasible_only-v4-0016,feasible_only,v4,active_safety_reflex_driver_m3105_incumbent_v4_no_regression,m3082-fresh-panel-0016,601571,m3012-executable-source-spec-0016,route_a_parent_l3_online_gru,parent,collision_lateral_intrusion,T5,aeb_feasible,success,success,True,117,,16.895456147929266,7.710091277796997,success,157,,16.64634921053093,5.888669435582663,0.12872743591910663,2284.5515213957606,True,-0.2491069373983379,40,"HF backend full-panel discrepancy measurement only: per-row outcome comparison of the same driver on the same reconstructed scenarios under two dynamics backends (current-sim vs Chrono Sedan/TMeasy). The v5 driver remains a candidate; the deployable ActiveSafetyReflexDriver is unchanged. No driver-performance verdict, validation, ranking, promotion, repair-success, fidelity-sufficiency, paper, or self-ID claim is made."
fa-chrono-hf4-feasible_only-v4-0017,feasible_only,v4,active_safety_reflex_driver_m3105_incumbent_v4_no_regression,m3082-fresh-panel-0017,601600,m3012-executable-source-spec-0002,route_a_candidate_m2655_mitigation_preserving,candidate,offtrack_boundary_recovery,T5,aeb_feasible,success,success,True,100,,10.670462094209746,9.561774215275381,success,102,,12.251925134766543,9.1220407835525,0.24228950492951107,1630.9520304536854,True,1.5814630405567964,2,"HF backend full-panel discrepancy measurement only: per-row outcome comparison of the same driver on the same reconstructed scenarios under two dynamics backends (current-sim vs Chrono Sedan/TMeasy). The v5 driver remains a candidate; the deployable ActiveSafetyReflexDriver is unchanged. No driver-performance verdict, validation, ranking, promotion, repair-success, fidelity-sufficiency, paper, or self-ID claim is made."
fa-chrono-hf4-feasible_only-v4-0018,feasible_only,v4,active_safety_reflex_driver_m3105_incumbent_v4_no_regression,m3082-fresh-panel-0018,601601,m3012-executable-source-spec-0002,route_a_parent_l3_online_gru,parent,offtrack_boundary_recovery,T5,aeb_feasible,success,success,True,116,,11.419001622313202,7.699243707200737,success,113,,11.772416949708537,7.879279512971489,0.23597692146525517,1760.5768633798143,True,0.35341532739533577,-3,"HF backend full-panel discrepancy measurement only: per-row outcome comparison of the same driver on the same reconstructed scenarios under two dynamics backends (current-sim vs Chrono Sedan/TMeasy). The v5 driver remains a candidate; the deployable ActiveSafetyReflexDriver is unchanged. No driver-performance verdict, validation, ranking, promotion, repair-success, fidelity-sufficiency, paper, or self-ID claim is made."
fa-chrono-hf4-feasible_only-v4-0019,feasible_only,v4,active_safety_reflex_driver_m3105_incumbent_v4_no_regression,m3082-fresh-panel-0019,601610,m3012-executable-source-spec-0004,route_a_candidate_m2655_mitigation_preserving,candidate,offtrack_boundary_recovery,T5,aeb_feasible,success,success,True,115,,15.138966308605255,8.09774562807314,success,117,,15.513218719596065,7.971860320345927,0.23273489247585566,1819.4956894578936,True,0.37425241099080964,2,"HF backend full-panel discrepancy measurement only: per-row outcome comparison of the same driver on the same reconstructed scenarios under two dynamics backends (current-sim vs Chrono Sedan/TMeasy). The v5 driver remains a candidate; the deployable ActiveSafetyReflexDriver is unchanged. No driver-performance verdict, validation, ranking, promotion, repair-success, fidelity-sufficiency, paper, or self-ID claim is made."
fa-chrono-hf4-feasible_only-v4-0020,feasible_only,v4,active_safety_reflex_driver_m3105_incumbent_v4_no_regression,m3082-fresh-panel-0020,601611,m3012-executable-source-spec-0004,route_a_parent_l3_online_gru,parent,offtrack_boundary_recovery,T5,aeb_feasible,success,success,True,93,,6.489923891350092,8.522652803794688,success,96,,6.775802810240499,8.29180528982398,-0.005183386130930501,1623.6342403452,True,0.2858789188904076,3,"HF backend full-panel discrepancy measurement only: per-row outcome comparison of the same driver on the same reconstructed scenarios under two dynamics backends (current-sim vs Chrono Sedan/TMeasy). The v5 driver remains a candidate; the deployable ActiveSafetyReflexDriver is unchanged. No driver-performance verdict, validation, ranking, promotion, repair-success, fidelity-sufficiency, paper, or self-ID claim is made."
fa-chrono-hf4-feasible_only-v4-0021,feasible_only,v4,active_safety_reflex_driver_m3105_incumbent_v4_no_regression,m3082-fresh-panel-0021,601620,m3012-executable-source-spec-0006,route_a_candidate_m2655_mitigation_preserving,candidate,offtrack_boundary_recovery,T5,aeb_feasible,success,success,True,75,,5.9077776253167285,10.278863993310216,success,77,,6.618951732498971,9.907078356240012,0.25240133999043124,1211.7350024732295,True,0.7111741071822424,2,"HF backend full-panel discrepancy measurement only: per-row outcome comparison of the same driver on the same reconstructed scenarios under two dynamics backends (current-sim vs Chrono Sedan/TMeasy). The v5 driver remains a candidate; the deployable ActiveSafetyReflexDriver is unchanged. No driver-performance verdict, validation, ranking, promotion, repair-success, fidelity-sufficiency, paper, or self-ID claim is made."
fa-chrono-hf4-feasible_only-v4-0022,feasible_only,v4,active_safety_reflex_driver_m3105_incumbent_v4_no_regression,m3082-fresh-panel-0022,601621,m3012-executable-source-spec-0006,route_a_parent_l3_online_gru,parent,offtrack_boundary_recovery,T5,aeb_feasible,success,success,True,83,,5.252370022386067,8.842021372806963,success,84,,5.9286251595146275,8.622915503306675,0.13041128817952696,1275.5974120687752,True,0.6762551371285603,1,"HF backend full-panel discrepancy measurement only: per-row outcome comparison of the same driver on the same reconstructed scenarios under two dynamics backends (current-sim vs Chrono Sedan/TMeasy). The v5 driver remains a candidate; the deployable ActiveSafetyReflexDriver is unchanged. No driver-performance verdict, validation, ranking, promotion, repair-success, fidelity-sufficiency, paper, or self-ID claim is made."
fa-chrono-hf4-feasible_only-v4-0023,feasible_only,v4,active_safety_reflex_driver_m3105_incumbent_v4_no_regression,m3082-fresh-panel-0023,605630,m3012-executable-source-spec-0008,route_a_candidate_m2655_mitigation_preserving,candidate,offtrack_boundary_recovery,T5,aeb_feasible,success,success,True,65,,3.8306920901436796,14.420383951694252,success,62,,4.294550762258922,14.915976087959105,0.3280194845452442,1188.2818163437405,True,0.46385867211524223,-3,"HF backend full-panel discrepancy measurement only: per-row outcome comparison of the same driver on the same reconstructed scenarios under two dynamics backends (current-sim vs Chrono Sedan/TMeasy). The v5 driver remains a candidate; the deployable ActiveSafetyReflexDriver is unchanged. No driver-performance verdict, validation, ranking, promotion, repair-success, fidelity-sufficiency, paper, or self-ID claim is made."
fa-chrono-hf4-feasible_only-v4-0024,feasible_only,v4,active_safety_reflex_driver_m3105_incumbent_v4_no_regression,m3082-fresh-panel-0024,602631,m3012-executable-source-spec-0008,route_a_parent_l3_online_gru,parent,offtrack_boundary_recovery,T5,aeb_feasible,offtrack,offtrack,True,62,off_track,2.2621397364148197,15.412844680837482,success,61,,2.4805354174785346,15.616573578733131,0.2595129013566435,1240.2673723994812,False,0.21839568106371487,-1,"HF backend full-panel discrepancy measurement only: per-row outcome comparison of the same driver on the same reconstructed scenarios under two dynamics backends (current-sim vs Chrono Sedan/TMeasy). The v5 driver remains a candidate; the deployable ActiveSafetyReflexDriver is unchanged. No driver-performance verdict, validation, ranking, promotion, repair-success, fidelity-sufficiency, paper, or self-ID claim is made."
fa-chrono-hf4-feasible_only-v4-0025,feasible_only,v4,active_safety_reflex_driver_m3105_incumbent_v4_no_regression,m3082-fresh-panel-0025,620640,m3012-executable-source-spec-0010,route_a_candidate_m2655_mitigation_preserving,candidate,offtrack_boundary_recovery,T5,aes_feasible,success,success,True,58,,3.9839157712096593,16.437459009719312,success,55,,4.499425559723103,17.16137628184344,0.33702146091824403,1067.5733804539923,True,0.5155097885134436,-3,"HF backend full-panel discrepancy measurement only: per-row outcome comparison of the same driver on the same reconstructed scenarios under two dynamics backends (current-sim vs Chrono Sedan/TMeasy). The v5 driver remains a candidate; the deployable ActiveSafetyReflexDriver is unchanged. No driver-performance verdict, validation, ranking, promotion, repair-success, fidelity-sufficiency, paper, or self-ID claim is made."
fa-chrono-hf4-feasible_only-v4-0026,feasible_only,v4,active_safety_reflex_driver_m3105_incumbent_v4_no_regression,m3082-fresh-panel-0026,609641,m3012-executable-source-spec-0010,route_a_parent_l3_online_gru,parent,offtrack_boundary_recovery,T5,aes_feasible,success,success,True,64,,2.931984336466135,15.107687909039038,success,61,,3.3458213784538904,15.721220020119693,0.2664552865132954,1215.4058878751966,True,0.4138370419877555,-3,"HF backend full-panel discrepancy measurement only: per-row outcome comparison of the same driver on the same reconstructed scenarios under two dynamics backends (current-sim vs Chrono Sedan/TMeasy). The v5 driver remains a candidate; the deployable ActiveSafetyReflexDriver is unchanged. No driver-performance verdict, validation, ranking, promotion, repair-success, fidelity-sufficiency, paper, or self-ID claim is made."
fa-chrono-hf4-feasible_only-v4-0027,feasible_only,v4,active_safety_reflex_driver_m3105_incumbent_v4_no_regression,m3082-fresh-panel-0027,601650,m3012-executable-source-spec-0012,route_a_candidate_m2655_mitigation_preserving,candidate,offtrack_boundary_recovery,T5,aeb_feasible,success,success,True,77,,10.091760944115357,10.86580243088077,success,77,,10.314077439605915,10.735313434026438,0.25382877299210804,1135.6338086181931,True,0.2223164954905581,0,"HF backend full-panel discrepancy measurement only: per-row outcome comparison of the same driver on the same reconstructed scenarios under two dynamics backends (current-sim vs Chrono Sedan/TMeasy). The v5 driver remains a candidate; the deployable ActiveSafetyReflexDriver is unchanged. No driver-performance verdict, validation, ranking, promotion, repair-success, fidelity-sufficiency, paper, or self-ID claim is made."
fa-chrono-hf4-feasible_only-v4-0028,feasible_only,v4,active_safety_reflex_driver_m3105_incumbent_v4_no_regression,m3082-fresh-panel-0028,601651,m3012-executable-source-spec-0012,route_a_parent_l3_online_gru,parent,offtrack_boundary_recovery,T5,aeb_feasible,success,success,True,86,,14.400196957917128,10.291074033911146,success,87,,14.444454703284276,10.114266419662881,0.14299374313073265,1253.9212831839832,True,0.04425774536714755,1,"HF backend full-panel discrepancy measurement only: per-row outcome comparison of the same driver on the same reconstructed scenarios under two dynamics backends (current-sim vs Chrono Sedan/TMeasy). The v5 driver remains a candidate; the deployable ActiveSafetyReflexDriver is unchanged. No driver-performance verdict, validation, ranking, promotion, repair-success, fidelity-sufficiency, paper, or self-ID claim is made."
fa-chrono-hf4-feasible_only-v4-0029,feasible_only,v4,active_safety_reflex_driver_m3105_incumbent_v4_no_regression,m3082-fresh-panel-0029,614660,m3012-executable-source-spec-0014,route_a_candidate_m2655_mitigation_preserving,candidate,offtrack_boundary_recovery,T5,aeb_feasible,offtrack,offtrack,True,62,off_track,2.808640011930418,14.298046079418372,offtrack,65,off_track,2.8649707225621874,14.174784362718405,0.33487264955812,1349.915357352691,True,0.05633071063176942,3,"HF backend full-panel discrepancy measurement only: per-row outcome comparison of the same driver on the same reconstructed scenarios under two dynamics backends (current-sim vs Chrono Sedan/TMeasy). The v5 driver remains a candidate; the deployable ActiveSafetyReflexDriver is unchanged. No driver-performance verdict, validation, ranking, promotion, repair-success, fidelity-sufficiency, paper, or self-ID claim is made."
fa-chrono-hf4-feasible_only-v4-0030,feasible_only,v4,active_safety_reflex_driver_m3105_incumbent_v4_no_regression,m3082-fresh-panel-0030,605661,m3012-executable-source-spec-0014,route_a_parent_l3_online_gru,parent,offtrack_boundary_recovery,T5,aes_feasible,success,success,True,67,,4.333576501933301,13.351661749214275,success,66,,4.8705282045864084,13.519380099095306,0.33278972075271795,1258.0918294834264,True,0.5369517026531074,-1,"HF backend full-panel discrepancy measurement only: per-row outcome comparison of the same driver on the same reconstructed scenarios under two dynamics backends (current-sim vs Chrono Sedan/TMeasy). The v5 driver remains a candidate; the deployable ActiveSafetyReflexDriver is unchanged. No driver-performance verdict, validation, ranking, promotion, repair-success, fidelity-sufficiency, paper, or self-ID claim is made."
fa-chrono-hf4-feasible_only-v4-0031,feasible_only,v4,active_safety_reflex_driver_m3105_incumbent_v4_no_regression,m3082-fresh-panel-0031,601670,m3012-executable-source-spec-0016,route_a_candidate_m2655_mitigation_preserving,candidate,offtrack_boundary_recovery,T5,aeb_feasible,success,success,True,86,,2.4437178675531444,7.721011244806243,success,89,,2.5020329243801935,7.461328236123519,0.2469929108224722,1597.8001543367063,True,0.05831505682704918,3,"HF backend full-panel discrepancy measurement only: per-row outcome comparison of the same driver on the same reconstructed scenarios under two dynamics backends (current-sim vs Chrono Sedan/TMeasy). The v5 driver remains a candidate; the deployable ActiveSafetyReflexDriver is unchanged. No driver-performance verdict, validation, ranking, promotion, repair-success, fidelity-sufficiency, paper, or self-ID claim is made."
fa-chrono-hf4-feasible_only-v4-0032,feasible_only,v4,active_safety_reflex_driver_m3105_incumbent_v4_no_regression,m3082-fresh-panel-0032,601671,m3012-executable-source-spec-0016,route_a_parent_l3_online_gru,parent,offtrack_boundary_recovery,T5,aeb_feasible,success,success,True,119,,16.305290351547942,8.260140097609588,success,179,,16.295245254855587,5.58411555754773,0.250362485104457,2900.4310760651897,True,-0.010045096692355315,60,"HF backend full-panel discrepancy measurement only: per-row outcome comparison of the same driver on the same reconstructed scenarios under two dynamics backends (current-sim vs Chrono Sedan/TMeasy). The v5 driver remains a candidate; the deployable ActiveSafetyReflexDriver is unchanged. No driver-performance verdict, validation, ranking, promotion, repair-success, fidelity-sufficiency, paper, or self-ID claim is made."
fa-chrono-hf4-feasible_only-v4-0033,feasible_only,v4,active_safety_reflex_driver_m3105_incumbent_v4_no_regression,m3082-fresh-panel-0033,601700,m3012-executable-source-spec-0001,route_a_candidate_m2655_mitigation_preserving,candidate,speed_floor_stress,T4,aeb_feasible,success,success,True,117,,20.435881134287285,8.036152178896822,success,122,,20.44974026750783,7.736376369007298,0.15506156044587804,1713.7711087406933,True,0.013859133220545772,5,"HF backend full-panel discrepancy measurement only: per-row outcome comparison of the same driver on the same reconstructed scenarios under two dynamics backends (current-sim vs Chrono Sedan/TMeasy). The v5 driver remains a candidate; the deployable ActiveSafetyReflexDriver is unchanged. No driver-performance verdict, validation, ranking, promotion, repair-success, fidelity-sufficiency, paper, or self-ID claim is made."
fa-chrono-hf4-feasible_only-v4-0034,feasible_only,v4,active_safety_reflex_driver_m3105_incumbent_v4_no_regression,m3082-fresh-panel-0034,601701,m3012-executable-source-spec-0001,route_a_parent_l3_online_gru,parent,speed_floor_stress,T4,aeb_feasible,success,success,True,106,,12.088428719074015,8.072626514495573,success,104,,12.0833770477952,8.173635170523537,0.12657938217829212,1567.0298411606054,True,-0.0050516712788155615,-2,"HF backend full-panel discrepancy measurement only: per-row outcome comparison of the same driver on the same reconstructed scenarios under two dynamics backends (current-sim vs Chrono Sedan/TMeasy). The v5 driver remains a candidate; the deployable ActiveSafetyReflexDriver is unchanged. No driver-performance verdict, validation, ranking, promotion, repair-success, fidelity-sufficiency, paper, or self-ID claim is made."
fa-chrono-hf4-feasible_only-v4-0035,feasible_only,v4,active_safety_reflex_driver_m3105_incumbent_v4_no_regression,m3082-fresh-panel-0035,601710,m3012-executable-source-spec-0003,route_a_candidate_m2655_mitigation_preserving,candidate,speed_floor_stress,T4,aeb_feasible,success,success,True,135,,28.24079680576504,7.37245202642159,success,146,,28.091984814781092,6.9193498914450515,-0.0012472203380289315,2037.2150037405008,True,-0.1488119909839476,11,"HF backend full-panel discrepancy measurement only: per-row outcome comparison of the same driver on the same reconstructed scenarios under two dynamics backends (current-sim vs Chrono Sedan/TMeasy). The v5 driver remains a candidate; the deployable ActiveSafetyReflexDriver is unchanged. No driver-performance verdict, validation, ranking, promotion, repair-success, fidelity-sufficiency, paper, or self-ID claim is made."
fa-chrono-hf4-feasible_only-v4-0036,feasible_only,v4,active_safety_reflex_driver_m3105_incumbent_v4_no_regression,m3082-fresh-panel-0036,601711,m3012-executable-source-spec-0003,route_a_parent_l3_online_gru,parent,speed_floor_stress,T4,aeb_feasible,success,success,True,99,,12.427813325514027,8.909320326085671,success,104,,12.226541711026934,8.553706464867387,-0.0012875449070115508,1628.4862472787936,True,-0.20127161448709252,5,"HF backend full-panel discrepancy measurement only: per-row outcome comparison of the same driver on the same reconstructed scenarios under two dynamics backends (current-sim vs Chrono Sedan/TMeasy). The v5 driver remains a candidate; the deployable ActiveSafetyReflexDriver is unchanged. No driver-performance verdict, validation, ranking, promotion, repair-success, fidelity-sufficiency, paper, or self-ID claim is made."
fa-chrono-hf4-feasible_only-v4-0037,feasible_only,v4,active_safety_reflex_driver_m3105_incumbent_v4_no_regression,m3082-fresh-panel-0037,601720,m3012-executable-source-spec-0005,route_a_candidate_m2655_mitigation_preserving,candidate,speed_floor_stress,T4,aeb_feasible,success,success,True,130,,16.28539874966083,7.65934186738821,success,125,,14.416510347404932,8.285162517984784,0.1809373391945508,2329.36782117929,True,-1.8688884022558963,-5,"HF backend full-panel discrepancy measurement only: per-row outcome comparison of the same driver on the same reconstructed scenarios under two dynamics backends (current-sim vs Chrono Sedan/TMeasy). The v5 driver remains a candidate; the deployable ActiveSafetyReflexDriver is unchanged. No driver-performance verdict, validation, ranking, promotion, repair-success, fidelity-sufficiency, paper, or self-ID claim is made."
fa-chrono-hf4-feasible_only-v4-0038,feasible_only,v4,active_safety_reflex_driver_m3105_incumbent_v4_no_regression,m3082-fresh-panel-0038,601721,m3012-executable-source-spec-0005,route_a_parent_l3_online_gru,parent,speed_floor_stress,T4,aeb_feasible,success,success,True,136,,17.14441526894751,6.845307960732876,success,145,,16.99911288531936,6.466120273688261,0.181450116373016,2230.9135045443786,True,-0.14530238362814885,9,"HF backend full-panel discrepancy measurement only: per-row outcome comparison of the same driver on the same reconstructed scenarios under two dynamics backends (current-sim vs Chrono Sedan/TMeasy). The v5 driver remains a candidate; the deployable ActiveSafetyReflexDriver is unchanged. No driver-performance verdict, validation, ranking, promotion, repair-success, fidelity-sufficiency, paper, or self-ID claim is made."
fa-chrono-hf4-feasible_only-v4-0039,feasible_only,v4,active_safety_reflex_driver_m3105_incumbent_v4_no_regression,m3082-fresh-panel-0039,601730,m3012-executable-source-spec-0007,route_a_candidate_m2655_mitigation_preserving,candidate,speed_floor_stress,T4,aeb_feasible,success,success,True,127,,24.187293172711495,7.945275807710978,success,124,,24.159165351469763,8.057656652189126,0.11332349454398116,1800.0725731984712,True,-0.028127821241731965,-3,"HF backend full-panel discrepancy measurement only: per-row outcome comparison of the same driver on the same reconstructed scenarios under two dynamics backends (current-sim vs Chrono Sedan/TMeasy). The v5 driver remains a candidate; the deployable ActiveSafetyReflexDriver is unchanged. No driver-performance verdict, validation, ranking, promotion, repair-success, fidelity-sufficiency, paper, or self-ID claim is made."
fa-chrono-hf4-feasible_only-v4-0040,feasible_only,v4,active_safety_reflex_driver_m3105_incumbent_v4_no_regression,m3082-fresh-panel-0040,601731,m3012-executable-source-spec-0007,route_a_parent_l3_online_gru,parent,speed_floor_stress,T4,aeb_feasible,success,success,True,124,,22.87528169171312,8.172567871251617,success,116,,23.1077332344906,8.723155370708682,0.1215541375761271,1752.8453148549452,True,0.23245154277747915,-8,"HF backend full-panel discrepancy measurement only: per-row outcome comparison of the same driver on the same reconstructed scenarios under two dynamics backends (current-sim vs Chrono Sedan/TMeasy). The v5 driver remains a candidate; the deployable ActiveSafetyReflexDriver is unchanged. No driver-performance verdict, validation, ranking, promotion, repair-success, fidelity-sufficiency, paper, or self-ID claim is made."
fa-chrono-hf4-feasible_only-v4-0041,feasible_only,v4,active_safety_reflex_driver_m3105_incumbent_v4_no_regression,m3082-fresh-panel-0041,601740,m3012-executable-source-spec-0009,route_a_candidate_m2655_mitigation_preserving,candidate,speed_floor_stress,T4,aeb_feasible,success,success,True,136,,18.57829350397689,7.542994286074331,success,174,,16.456641171251913,6.305791940928307,-0.0019505876078902418,3073.781966876951,True,-2.1216523327249774,38,"HF backend full-panel discrepancy measurement only: per-row outcome comparison of the same driver on the same reconstructed scenarios under two dynamics backends (current-sim vs Chrono Sedan/TMeasy). The v5 driver remains a candidate; the deployable ActiveSafetyReflexDriver is unchanged. No driver-performance verdict, validation, ranking, promotion, repair-success, fidelity-sufficiency, paper, or self-ID claim is made."
fa-chrono-hf4-feasible_only-v4-0042,feasible_only,v4,active_safety_reflex_driver_m3105_incumbent_v4_no_regression,m3082-fresh-panel-0042,601741,m3012-executable-source-spec-0009,route_a_parent_l3_online_gru,parent,speed_floor_stress,T4,aeb_feasible,success,success,True,108,,18.97038422231294,8.686186147570615,success,110,,18.847199371653375,8.480914052502868,0.12443145126564303,1568.3979924541927,True,-0.12318485065956608,2,"HF backend full-panel discrepancy measurement only: per-row outcome comparison of the same driver on the same reconstructed scenarios under two dynamics backends (current-sim vs Chrono Sedan/TMeasy). The v5 driver remains a candidate; the deployable ActiveSafetyReflexDriver is unchanged. No driver-performance verdict, validation, ranking, promotion, repair-success, fidelity-sufficiency, paper, or self-ID claim is made."
fa-chrono-hf4-feasible_only-v4-0043,feasible_only,v4,active_safety_reflex_driver_m3105_incumbent_v4_no_regression,m3082-fresh-panel-0043,601750,m3012-executable-source-spec-0011,route_a_candidate_m2655_mitigation_preserving,candidate,speed_floor_stress,T4,aeb_feasible,success,success,True,140,,22.76295184624516,7.315654993805763,success,140,,21.568240518150787,7.602892388528474,-0.00710585625653426,2255.738487889059,True,-1.194711328094371,0,"HF backend full-panel discrepancy measurement only: per-row outcome comparison of the same driver on the same reconstructed scenarios under two dynamics backends (current-sim vs Chrono Sedan/TMeasy). The v5 driver remains a candidate; the deployable ActiveSafetyReflexDriver is unchanged. No driver-performance verdict, validation, ranking, promotion, repair-success, fidelity-sufficiency, paper, or self-ID claim is made."
fa-chrono-hf4-feasible_only-v4-0044,feasible_only,v4,active_safety_reflex_driver_m3105_incumbent_v4_no_regression,m3082-fresh-panel-0044,601751,m3012-executable-source-spec-0011,route_a_parent_l3_online_gru,parent,speed_floor_stress,T4,aeb_feasible,success,success,True,140,,26.25249306797476,7.352706538744138,success,135,,26.06900287446256,7.662995565539707,0.1168252967641985,2005.4442143248507,True,-0.18349019351220264,-5,"HF backend full-panel discrepancy measurement only: per-row outcome comparison of the same driver on the same reconstructed scenarios under two dynamics backends (current-sim vs Chrono Sedan/TMeasy). The v5 driver remains a candidate; the deployable ActiveSafetyReflexDriver is unchanged. No driver-performance verdict, validation, ranking, promotion, repair-success, fidelity-sufficiency, paper, or self-ID claim is made."
fa-chrono-hf4-feasible_only-v4-0045,feasible_only,v4,active_safety_reflex_driver_m3105_incumbent_v4_no_regression,m3082-fresh-panel-0045,601760,m3012-executable-source-spec-0013,route_a_candidate_m2655_mitigation_preserving,candidate,speed_floor_stress,T4,aeb_feasible,success,success,True,80,,6.23910204946351,9.316098625614874,success,77,,5.4765467266891115,9.830944364092677,-0.0014080892574597215,1339.0733900199712,True,-0.7625553227743982,-3,"HF backend full-panel discrepancy measurement only: per-row outcome comparison of the same driver on the same reconstructed scenarios under two dynamics backends (current-sim vs Chrono Sedan/TMeasy). The v5 driver remains a candidate; the deployable ActiveSafetyReflexDriver is unchanged. No driver-performance verdict, validation, ranking, promotion, repair-success, fidelity-sufficiency, paper, or self-ID claim is made."
fa-chrono-hf4-feasible_only-v4-0046,feasible_only,v4,active_safety_reflex_driver_m3105_incumbent_v4_no_regression,m3082-fresh-panel-0046,601761,m3012-executable-source-spec-0013,route_a_parent_l3_online_gru,parent,speed_floor_stress,T4,aeb_feasible,success,success,True,151,,14.003350341520445,6.798797945104566,success,172,,11.247463892786982,6.316749669326404,-0.003148596394165537,3447.235507348656,True,-2.755886448733463,21,"HF backend full-panel discrepancy measurement only: per-row outcome comparison of the same driver on the same reconstructed scenarios under two dynamics backends (current-sim vs Chrono Sedan/TMeasy). The v5 driver remains a candidate; the deployable ActiveSafetyReflexDriver is unchanged. No driver-performance verdict, validation, ranking, promotion, repair-success, fidelity-sufficiency, paper, or self-ID claim is made."
fa-chrono-hf4-feasible_only-v4-0047,feasible_only,v4,active_safety_reflex_driver_m3105_incumbent_v4_no_regression,m3082-fresh-panel-0047,601770,m3012-executable-source-spec-0015,route_a_candidate_m2655_mitigation_preserving,candidate,speed_floor_stress,T4,aeb_feasible,success,success,True,94,,6.375347404274004,8.120751972840589,success,101,,6.526223547681424,7.5802630715020305,0.23268660805594088,1612.2588336562221,True,0.1508761434074195,7,"HF backend full-panel discrepancy measurement only: per-row outcome comparison of the same driver on the same reconstructed scenarios under two dynamics backends (current-sim vs Chrono Sedan/TMeasy). The v5 driver remains a candidate; the deployable ActiveSafetyReflexDriver is unchanged. No driver-performance verdict, validation, ranking, promotion, repair-success, fidelity-sufficiency, paper, or self-ID claim is made."
fa-chrono-hf4-feasible_only-v4-0048,feasible_only,v4,active_safety_reflex_driver_m3105_incumbent_v4_no_regression,m3082-fresh-panel-0048,601771,m3012-executable-source-spec-0015,route_a_parent_l3_online_gru,parent,speed_floor_stress,T4,aeb_feasible,success,success,True,87,,6.496130277493639,8.839048260540416,success,91,,6.207141976719121,8.570920482436781,-0.0035680199556473724,1529.8224306560878,True,-0.288988300774518,4,"HF backend full-panel discrepancy measurement only: per-row outcome comparison of the same driver on the same reconstructed scenarios under two dynamics backends (current-sim vs Chrono Sedan/TMeasy). The v5 driver remains a candidate; the deployable ActiveSafetyReflexDriver is unchanged. No driver-performance verdict, validation, ranking, promotion, repair-success, fidelity-sufficiency, paper, or self-ID claim is made."
fa-chrono-hf4-feasible_only-v4-0049,feasible_only,v4,active_safety_reflex_driver_m3105_incumbent_v4_no_regression,m3082-fresh-panel-0049,601800,m3012-executable-source-spec-0001,route_a_candidate_m2655_mitigation_preserving,candidate,stability_action_pressure,T4,aeb_feasible,success,success,True,81,,4.829465990892375,8.968750758446246,success,82,,5.247556810200908,8.930154734235035,-0.0032801428655204745,1323.4900364430468,True,0.4180908193085324,1,"HF backend full-panel discrepancy measurement only: per-row outcome comparison of the same driver on the same reconstructed scenarios under two dynamics backends (current-sim vs Chrono Sedan/TMeasy). The v5 driver remains a candidate; the deployable ActiveSafetyReflexDriver is unchanged. No driver-performance verdict, validation, ranking, promotion, repair-success, fidelity-sufficiency, paper, or self-ID claim is made."
fa-chrono-hf4-feasible_only-v4-0050,feasible_only,v4,active_safety_reflex_driver_m3105_incumbent_v4_no_regression,m3082-fresh-panel-0050,601801,m3012-executable-source-spec-0001,route_a_parent_l3_online_gru,parent,stability_action_pressure,T4,aeb_feasible,success,success,True,82,,10.46261745796869,10.603097347398576,success,83,,10.854368403331065,10.426231384654466,0.2579659282321991,1251.201713569376,True,0.3917509453623751,1,"HF backend full-panel discrepancy measurement only: per-row outcome comparison of the same driver on the same reconstructed scenarios under two dynamics backends (current-sim vs Chrono Sedan/TMeasy). The v5 driver remains a candidate; the deployable ActiveSafetyReflexDriver is unchanged. No driver-performance verdict, validation, ranking, promotion, repair-success, fidelity-sufficiency, paper, or self-ID claim is made."
fa-chrono-hf4-feasible_only-v4-0051,feasible_only,v4,active_safety_reflex_driver_m3105_incumbent_v4_no_regression,m3082-fresh-panel-0051,601810,m3012-executable-source-spec-0003,route_a_candidate_m2655_mitigation_preserving,candidate,stability_action_pressure,T4,aeb_feasible,success,success,True,101,,6.35761673800126,6.644054287830726,success,124,,5.637350703478678,5.566539774899846,-0.002379772161549276,1790.162791680751,True,-0.7202660345225826,23,"HF backend full-panel discrepancy measurement only: per-row outcome comparison of the same driver on the same reconstructed scenarios under two dynamics backends (current-sim vs Chrono Sedan/TMeasy). The v5 driver remains a candidate; the deployable ActiveSafetyReflexDriver is unchanged. No driver-performance verdict, validation, ranking, promotion, repair-success, fidelity-sufficiency, paper, or self-ID claim is made."
fa-chrono-hf4-feasible_only-v4-0052,feasible_only,v4,active_safety_reflex_driver_m3105_incumbent_v4_no_regression,m3082-fresh-panel-0052,601811,m3012-executable-source-spec-0003,route_a_parent_l3_online_gru,parent,stability_action_pressure,T4,aeb_feasible,success,success,True,76,,10.149554302922565,10.94811661634867,success,77,,10.461323458835041,10.791219054266543,0.2516076253800783,1152.9157614020041,True,0.3117691559124758,1,"HF backend full-panel discrepancy measurement only: per-row outcome comparison of the same driver on the same reconstructed scenarios under two dynamics backends (current-sim vs Chrono Sedan/TMeasy). The v5 driver remains a candidate; the deployable ActiveSafetyReflexDriver is unchanged. No driver-performance verdict, validation, ranking, promotion, repair-success, fidelity-sufficiency, paper, or self-ID claim is made."
fa-chrono-hf4-feasible_only-v4-0053,feasible_only,v4,active_safety_reflex_driver_m3105_incumbent_v4_no_regression,m3082-fresh-panel-0053,601820,m3012-executable-source-spec-0005,route_a_candidate_m2655_mitigation_preserving,candidate,stability_action_pressure,T4,aeb_feasible,success,success,True,112,,7.376952021966005,6.510993217127961,success,162,,7.338171692911073,4.465131904841932,0.11634012980136266,2263.228163381158,True,-0.038780329054931784,50,"HF backend full-panel discrepancy measurement only: per-row outcome comparison of the same driver on the same reconstructed scenarios under two dynamics backends (current-sim vs Chrono Sedan/TMeasy). The v5 driver remains a candidate; the deployable ActiveSafetyReflexDriver is unchanged. No driver-performance verdict, validation, ranking, promotion, repair-success, fidelity-sufficiency, paper, or self-ID claim is made."
fa-chrono-hf4-feasible_only-v4-0054,feasible_only,v4,active_safety_reflex_driver_m3105_incumbent_v4_no_regression,m3082-fresh-panel-0054,601821,m3012-executable-source-spec-0005,route_a_parent_l3_online_gru,parent,stability_action_pressure,T4,aeb_feasible,success,success,True,106,,7.64671986887633,6.729798277755279,success,131,,7.597342516106714,5.45076591945114,0.1839303322946595,1825.4179570172564,True,-0.04937735276961597,25,"HF backend full-panel discrepancy measurement only: per-row outcome comparison of the same driver on the same reconstructed scenarios under two dynamics backends (current-sim vs Chrono Sedan/TMeasy). The v5 driver remains a candidate; the deployable ActiveSafetyReflexDriver is unchanged. No driver-performance verdict, validation, ranking, promotion, repair-success, fidelity-sufficiency, paper, or self-ID claim is made."
fa-chrono-hf4-feasible_only-v4-0055,feasible_only,v4,active_safety_reflex_driver_m3105_incumbent_v4_no_regression,m3082-fresh-panel-0055,601830,m3012-executable-source-spec-0007,route_a_candidate_m2655_mitigation_preserving,candidate,stability_action_pressure,T4,aeb_feasible,success,success,True,111,,17.51561095862528,8.789671643989497,success,109,,18.44542561596551,8.717727576774795,0.13456187541494735,1591.10174633118,True,0.9298146573402306,-2,"HF backend full-panel discrepancy measurement only: per-row outcome comparison of the same driver on the same reconstructed scenarios under two dynamics backends (current-sim vs Chrono Sedan/TMeasy). The v5 driver remains a candidate; the deployable ActiveSafetyReflexDriver is unchanged. No driver-performance verdict, validation, ranking, promotion, repair-success, fidelity-sufficiency, paper, or self-ID claim is made."
fa-chrono-hf4-feasible_only-v4-0056,feasible_only,v4,active_safety_reflex_driver_m3105_incumbent_v4_no_regression,m3082-fresh-panel-0056,601831,m3012-executable-source-spec-0007,route_a_parent_l3_online_gru,parent,stability_action_pressure,T4,aeb_feasible,success,success,True,119,,28.09407947855781,8.850023584104687,success,125,,27.961345035154572,8.472056033712782,-0.0005625605614589801,1853.5852342655344,True,-0.13273444340323692,6,"HF backend full-panel discrepancy measurement only: per-row outcome comparison of the same driver on the same reconstructed scenarios under two dynamics backends (current-sim vs Chrono Sedan/TMeasy). The v5 driver remains a candidate; the deployable ActiveSafetyReflexDriver is unchanged. No driver-performance verdict, validation, ranking, promotion, repair-success, fidelity-sufficiency, paper, or self-ID claim is made."
fa-chrono-hf4-feasible_only-v4-0057,feasible_only,v4,active_safety_reflex_driver_m3105_incumbent_v4_no_regression,m3082-fresh-panel-0057,601840,m3012-executable-source-spec-0009,route_a_candidate_m2655_mitigation_preserving,candidate,stability_action_pressure,T4,aeb_feasible,success,success,True,131,,23.1217175718765,7.763327081714509,success,132,,23.309066101602134,7.652807832478374,-0.004209621356392468,2000.8800040162096,True,0.18734852972563587,1,"HF backend full-panel discrepancy measurement only: per-row outcome comparison of the same driver on the same reconstructed scenarios under two dynamics backends (current-sim vs Chrono Sedan/TMeasy). The v5 driver remains a candidate; the deployable ActiveSafetyReflexDriver is unchanged. No driver-performance verdict, validation, ranking, promotion, repair-success, fidelity-sufficiency, paper, or self-ID claim is made."
fa-chrono-hf4-feasible_only-v4-0058,feasible_only,v4,active_safety_reflex_driver_m3105_incumbent_v4_no_regression,m3082-fresh-panel-0058,601841,m3012-executable-source-spec-0009,route_a_parent_l3_online_gru,parent,stability_action_pressure,T4,aeb_feasible,success,success,True,117,,15.73986539194113,8.032114458915444,success,115,,16.031571487414453,8.07975402108509,0.12298237549482671,1753.4740506830567,True,0.29170609547332305,-2,"HF backend full-panel discrepancy measurement only: per-row outcome comparison of the same driver on the same reconstructed scenarios under two dynamics backends (current-sim vs Chrono Sedan/TMeasy). The v5 driver remains a candidate; the deployable ActiveSafetyReflexDriver is unchanged. No driver-performance verdict, validation, ranking, promotion, repair-success, fidelity-sufficiency, paper, or self-ID claim is made."
fa-chrono-hf4-feasible_only-v4-0059,feasible_only,v4,active_safety_reflex_driver_m3105_incumbent_v4_no_regression,m3082-fresh-panel-0059,601850,m3012-executable-source-spec-0011,route_a_candidate_m2655_mitigation_preserving,candidate,stability_action_pressure,T4,aeb_feasible,success,success,True,118,,25.156513346231286,9.003701570039299,success,110,,26.601918353715785,9.44146521094363,-0.003346984706743328,1599.6643957551105,True,1.4454050074844993,-8,"HF backend full-panel discrepancy measurement only: per-row outcome comparison of the same driver on the same reconstructed scenarios under two dynamics backends (current-sim vs Chrono Sedan/TMeasy). The v5 driver remains a candidate; the deployable ActiveSafetyReflexDriver is unchanged. No driver-performance verdict, validation, ranking, promotion, repair-success, fidelity-sufficiency, paper, or self-ID claim is made."
fa-chrono-hf4-feasible_only-v4-0060,feasible_only,v4,active_safety_reflex_driver_m3105_incumbent_v4_no_regression,m3082-fresh-panel-0060,601851,m3012-executable-source-spec-0011,route_a_parent_l3_online_gru,parent,stability_action_pressure,T4,aeb_feasible,success,success,True,107,,17.853371237542586,8.592235042111685,success,114,,17.73238134763109,8.0642442284891,-0.0033062634897476073,1628.2453340001666,True,-0.1209898899114954,7,"HF backend full-panel discrepancy measurement only: per-row outcome comparison of the same driver on the same reconstructed scenarios under two dynamics backends (current-sim vs Chrono Sedan/TMeasy). The v5 driver remains a candidate; the deployable ActiveSafetyReflexDriver is unchanged. No driver-performance verdict, validation, ranking, promotion, repair-success, fidelity-sufficiency, paper, or self-ID claim is made."
fa-chrono-hf4-feasible_only-v4-0061,feasible_only,v4,active_safety_reflex_driver_m3105_incumbent_v4_no_regression,m3082-fresh-panel-0061,601860,m3012-executable-source-spec-0013,route_a_candidate_m2655_mitigation_preserving,candidate,stability_action_pressure,T4,aeb_feasible,success,success,True,107,,8.799658914861563,7.501831501475256,speed_too_low,62,speed_too_low,11.508120192363076,5.2692293587824715,0.13500545925259289,1150.6789604626665,False,2.708461277501513,-45,"HF backend full-panel discrepancy measurement only: per-row outcome comparison of the same driver on the same reconstructed scenarios under two dynamics backends (current-sim vs Chrono Sedan/TMeasy). The v5 driver remains a candidate; the deployable ActiveSafetyReflexDriver is unchanged. No driver-performance verdict, validation, ranking, promotion, repair-success, fidelity-sufficiency, paper, or self-ID claim is made."
fa-chrono-hf4-feasible_only-v4-0062,feasible_only,v4,active_safety_reflex_driver_m3105_incumbent_v4_no_regression,m3082-fresh-panel-0062,601861,m3012-executable-source-spec-0013,route_a_parent_l3_online_gru,parent,stability_action_pressure,T4,aeb_feasible,success,success,True,117,,22.56852570059697,8.614870951216533,success,150,,22.460200649685664,6.829241983523541,0.13898166797776312,2197.087040276885,True,-0.10832505091130784,33,"HF backend full-panel discrepancy measurement only: per-row outcome comparison of the same driver on the same reconstructed scenarios under two dynamics backends (current-sim vs Chrono Sedan/TMeasy). The v5 driver remains a candidate; the deployable ActiveSafetyReflexDriver is unchanged. No driver-performance verdict, validation, ranking, promotion, repair-success, fidelity-sufficiency, paper, or self-ID claim is made."
fa-chrono-hf4-feasible_only-v4-0063,feasible_only,v4,active_safety_reflex_driver_m3105_incumbent_v4_no_regression,m3082-fresh-panel-0063,601870,m3012-executable-source-spec-0015,route_a_candidate_m2655_mitigation_preserving,candidate,stability_action_pressure,T4,aeb_feasible,success,success,True,109,,21.49878230224286,9.075566900344427,success,109,,21.54549461438996,8.908153486132381,0.24805141988577972,1627.3534535482177,True,0.046712312147100477,0,"HF backend full-panel discrepancy measurement only: per-row outcome comparison of the same driver on the same reconstructed scenarios under two dynamics backends (current-sim vs Chrono Sedan/TMeasy). The v5 driver remains a candidate; the deployable ActiveSafetyReflexDriver is unchanged. No driver-performance verdict, validation, ranking, promotion, repair-success, fidelity-sufficiency, paper, or self-ID claim is made."
fa-chrono-hf4-feasible_only-v4-0064,feasible_only,v4,active_safety_reflex_driver_m3105_incumbent_v4_no_regression,m3082-fresh-panel-0064,601871,m3012-executable-source-spec-0015,route_a_parent_l3_online_gru,parent,stability_action_pressure,T4,aeb_feasible,success,success,True,79,,5.456185414596737,8.574438916307466,success,81,,5.240785495886539,8.475647964843066,-0.0008579075979202599,1245.7322408674663,True,-0.21539991871019826,2,"HF backend full-panel discrepancy measurement only: per-row outcome comparison of the same driver on the same reconstructed scenarios under two dynamics backends (current-sim vs Chrono Sedan/TMeasy). The v5 driver remains a candidate; the deployable ActiveSafetyReflexDriver is unchanged. No driver-performance verdict, validation, ranking, promotion, repair-success, fidelity-sufficiency, paper, or self-ID claim is made."
fa-chrono-hf4-feasible_only-v5-0001,feasible_only,v5,active_safety_driver_v5_curvature_speed_governor_candidate,m3082-fresh-panel-0001,601500,m3012-executable-source-spec-0002,route_a_candidate_m2655_mitigation_preserving,candidate,collision_lateral_intrusion,T5,aeb_feasible,success,success,True,107,,19.216792626611333,9.107443447206311,success,106,,19.50805793278782,9.098724287965547,0.12805902895677512,1523.4198767373086,True,0.2912653061764878,-1,"HF backend full-panel discrepancy measurement only: per-row outcome comparison of the same driver on the same reconstructed scenarios under two dynamics backends (current-sim vs Chrono Sedan/TMeasy). The v5 driver remains a candidate; the deployable ActiveSafetyReflexDriver is unchanged. No driver-performance verdict, validation, ranking, promotion, repair-success, fidelity-sufficiency, paper, or self-ID claim is made."
fa-chrono-hf4-feasible_only-v5-0002,feasible_only,v5,active_safety_driver_v5_curvature_speed_governor_candidate,m3082-fresh-panel-0002,601501,m3012-executable-source-spec-0002,route_a_parent_l3_online_gru,parent,collision_lateral_intrusion,T5,aeb_feasible,success,success,True,84,,11.448046150210764,10.076959659963093,success,84,,11.191308478272013,10.155605105123069,-0.0012093707356584105,1254.7873310711584,True,-0.2567376719387511,0,"HF backend full-panel discrepancy measurement only: per-row outcome comparison of the same driver on the same reconstructed scenarios under two dynamics backends (current-sim vs Chrono Sedan/TMeasy). The v5 driver remains a candidate; the deployable ActiveSafetyReflexDriver is unchanged. No driver-performance verdict, validation, ranking, promotion, repair-success, fidelity-sufficiency, paper, or self-ID claim is made."
fa-chrono-hf4-feasible_only-v5-0003,feasible_only,v5,active_safety_driver_v5_curvature_speed_governor_candidate,m3082-fresh-panel-0003,601510,m3012-executable-source-spec-0004,route_a_candidate_m2655_mitigation_preserving,candidate,collision_lateral_intrusion,T5,aeb_feasible,success,success,True,85,,5.581648486922263,8.541872406002184,success,88,,5.76969871214774,8.298100257324604,-0.000300510411792132,1409.6211300681753,True,0.18805022522547699,3,"HF backend full-panel discrepancy measurement only: per-row outcome comparison of the same driver on the same reconstructed scenarios under two dynamics backends (current-sim vs Chrono Sedan/TMeasy). The v5 driver remains a candidate; the deployable ActiveSafetyReflexDriver is unchanged. No driver-performance verdict, validation, ranking, promotion, repair-success, fidelity-sufficiency, paper, or self-ID claim is made."
fa-chrono-hf4-feasible_only-v5-0004,feasible_only,v5,active_safety_driver_v5_curvature_speed_governor_candidate,m3082-fresh-panel-0004,601511,m3012-executable-source-spec-0004,route_a_parent_l3_online_gru,parent,collision_lateral_intrusion,T5,aeb_feasible,success,success,True,99,,8.281752445720402,8.27967431129948,success,94,,7.280350496557826,8.891327903105887,-0.001179939378685546,1672.378365026164,True,-1.0014019491625756,-5,"HF backend full-panel discrepancy measurement only: per-row outcome comparison of the same driver on the same reconstructed scenarios under two dynamics backends (current-sim vs Chrono Sedan/TMeasy). The v5 driver remains a candidate; the deployable ActiveSafetyReflexDriver is unchanged. No driver-performance verdict, validation, ranking, promotion, repair-success, fidelity-sufficiency, paper, or self-ID claim is made."
fa-chrono-hf4-feasible_only-v5-0005,feasible_only,v5,active_safety_driver_v5_curvature_speed_governor_candidate,m3082-fresh-panel-0005,601520,m3012-executable-source-spec-0006,route_a_candidate_m2655_mitigation_preserving,candidate,collision_lateral_intrusion,T5,aeb_feasible,success,success,True,70,,3.245730089729194,10.102070562157655,success,71,,3.921287054051688,9.86301696516069,0.1454476054331515,1093.1907624075075,True,0.6755569643224941,1,"HF backend full-panel discrepancy measurement only: per-row outcome comparison of the same driver on the same reconstructed scenarios under two dynamics backends (current-sim vs Chrono Sedan/TMeasy). The v5 driver remains a candidate; the deployable ActiveSafetyReflexDriver is unchanged. No driver-performance verdict, validation, ranking, promotion, repair-success, fidelity-sufficiency, paper, or self-ID claim is made."
fa-chrono-hf4-feasible_only-v5-0006,feasible_only,v5,active_safety_driver_v5_curvature_speed_governor_candidate,m3082-fresh-panel-0006,601521,m3012-executable-source-spec-0006,route_a_parent_l3_online_gru,parent,collision_lateral_intrusion,T5,aeb_feasible,success,success,True,78,,3.616712595436729,8.769540656086344,success,76,,3.003825351243121,9.1595717282008,-0.003447090581040868,1351.747730178875,True,-0.6128872441936082,-2,"HF backend full-panel discrepancy measurement only: per-row outcome comparison of the same driver on the same reconstructed scenarios under two dynamics backends (current-sim vs Chrono Sedan/TMeasy). The v5 driver remains a candidate; the deployable ActiveSafetyReflexDriver is unchanged. No driver-performance verdict, validation, ranking, promotion, repair-success, fidelity-sufficiency, paper, or self-ID claim is made."
fa-chrono-hf4-feasible_only-v5-0007,feasible_only,v5,active_safety_driver_v5_curvature_speed_governor_candidate,m3082-fresh-panel-0007,613530,m3012-executable-source-spec-0008,route_a_candidate_m2655_mitigation_preserving,candidate,collision_lateral_intrusion,T5,aeb_feasible,success,success,True,59,,4.132242610649048,13.722238982790572,success,59,,4.055664247917543,13.775041101250537,-0.0006664800041917829,1030.0408177008503,True,-0.07657836273150576,0,"HF backend full-panel discrepancy measurement only: per-row outcome comparison of the same driver on the same reconstructed scenarios under two dynamics backends (current-sim vs Chrono Sedan/TMeasy). The v5 driver remains a candidate; the deployable ActiveSafetyReflexDriver is unchanged. No driver-performance verdict, validation, ranking, promotion, repair-success, fidelity-sufficiency, paper, or self-ID claim is made."
fa-chrono-hf4-feasible_only-v5-0008,feasible_only,v5,active_safety_driver_v5_curvature_speed_governor_candidate,m3082-fresh-panel-0008,617531,m3012-executable-source-spec-0008,route_a_parent_l3_online_gru,parent,collision_lateral_intrusion,T5,aes_feasible,success,success,True,62,,4.721925774748129,15.316922085869203,success,60,,5.1885973931262,15.548955243904405,0.3289873892581774,1106.0972907391024,True,0.46667161837807036,-2,"HF backend full-panel discrepancy measurement only: per-row outcome comparison of the same driver on the same reconstructed scenarios under two dynamics backends (current-sim vs Chrono Sedan/TMeasy). The v5 driver remains a candidate; the deployable ActiveSafetyReflexDriver is unchanged. No driver-performance verdict, validation, ranking, promotion, repair-success, fidelity-sufficiency, paper, or self-ID claim is made."
fa-chrono-hf4-feasible_only-v5-0009,feasible_only,v5,active_safety_driver_v5_curvature_speed_governor_candidate,m3082-fresh-panel-0009,608540,m3012-executable-source-spec-0010,route_a_candidate_m2655_mitigation_preserving,candidate,collision_lateral_intrusion,T5,aeb_feasible,success,success,True,58,,2.9153901370149544,14.593906650842218,success,59,,3.1187409159844295,14.144676842249515,0.2598548802769187,1085.7883954925783,True,0.20335077896947507,1,"HF backend full-panel discrepancy measurement only: per-row outcome comparison of the same driver on the same reconstructed scenarios under two dynamics backends (current-sim vs Chrono Sedan/TMeasy). The v5 driver remains a candidate; the deployable ActiveSafetyReflexDriver is unchanged. No driver-performance verdict, validation, ranking, promotion, repair-success, fidelity-sufficiency, paper, or self-ID claim is made."
fa-chrono-hf4-feasible_only-v5-0010,feasible_only,v5,active_safety_driver_v5_curvature_speed_governor_candidate,m3082-fresh-panel-0010,605541,m3012-executable-source-spec-0010,route_a_parent_l3_online_gru,parent,collision_lateral_intrusion,T5,aes_feasible,offtrack,offtrack,True,60,off_track,2.247334919481305,14.591876995984219,offtrack,61,off_track,2.322379440434691,14.347583699350725,0.25450040384812134,1155.567653179227,True,0.07504452095338632,1,"HF backend full-panel discrepancy measurement only: per-row outcome comparison of the same driver on the same reconstructed scenarios under two dynamics backends (current-sim vs Chrono Sedan/TMeasy). The v5 driver remains a candidate; the deployable ActiveSafetyReflexDriver is unchanged. No driver-performance verdict, validation, ranking, promotion, repair-success, fidelity-sufficiency, paper, or self-ID claim is made."
fa-chrono-hf4-feasible_only-v5-0011,feasible_only,v5,active_safety_driver_v5_curvature_speed_governor_candidate,m3082-fresh-panel-0011,601550,m3012-executable-source-spec-0012,route_a_candidate_m2655_mitigation_preserving,candidate,collision_lateral_intrusion,T5,aeb_feasible,success,success,True,141,,13.89927584607585,7.111269617191948,success,140,,14.185876905886882,7.146197767970673,0.1302068408069088,2530.7546268363076,True,0.2866010598110318,-1,"HF backend full-panel discrepancy measurement only: per-row outcome comparison of the same driver on the same reconstructed scenarios under two dynamics backends (current-sim vs Chrono Sedan/TMeasy). The v5 driver remains a candidate; the deployable ActiveSafetyReflexDriver is unchanged. No driver-performance verdict, validation, ranking, promotion, repair-success, fidelity-sufficiency, paper, or self-ID claim is made."
fa-chrono-hf4-feasible_only-v5-0012,feasible_only,v5,active_safety_driver_v5_curvature_speed_governor_candidate,m3082-fresh-panel-0012,601551,m3012-executable-source-spec-0012,route_a_parent_l3_online_gru,parent,collision_lateral_intrusion,T5,aeb_feasible,success,success,True,77,,6.933584249769943,9.682282250621078,success,78,,7.211139496075017,9.524328038849454,0.2547576540248908,1151.2850519687927,True,0.27755524630507367,1,"HF backend full-panel discrepancy measurement only: per-row outcome comparison of the same driver on the same reconstructed scenarios under two dynamics backends (current-sim vs Chrono Sedan/TMeasy). The v5 driver remains a candidate; the deployable ActiveSafetyReflexDriver is unchanged. No driver-performance verdict, validation, ranking, promotion, repair-success, fidelity-sufficiency, paper, or self-ID claim is made."
fa-chrono-hf4-feasible_only-v5-0013,feasible_only,v5,active_safety_driver_v5_curvature_speed_governor_candidate,m3082-fresh-panel-0013,607560,m3012-executable-source-spec-0014,route_a_candidate_m2655_mitigation_preserving,candidate,collision_lateral_intrusion,T5,aes_feasible,offtrack,offtrack,True,38,off_track,6.105170121330211,18.442738178914038,offtrack,38,off_track,6.438943396807732,18.017101245700292,0.17233799041530418,761.769794358057,True,0.33377327547752067,0,"HF backend full-panel discrepancy measurement only: per-row outcome comparison of the same driver on the same reconstructed scenarios under two dynamics backends (current-sim vs Chrono Sedan/TMeasy). The v5 driver remains a candidate; the deployable ActiveSafetyReflexDriver is unchanged. No driver-performance verdict, validation, ranking, promotion, repair-success, fidelity-sufficiency, paper, or self-ID claim is made."
fa-chrono-hf4-feasible_only-v5-0014,feasible_only,v5,active_safety_driver_v5_curvature_speed_governor_candidate,m3082-fresh-panel-0014,621561,m3012-executable-source-spec-0014,route_a_parent_l3_online_gru,parent,collision_lateral_intrusion,T5,aes_feasible,success,success,True,70,,6.011647789419206,12.670312703925998,success,73,,6.690579787461081,12.090186960711037,0.258082681934928,1283.900472986803,True,0.6789319980418744,3,"HF backend full-panel discrepancy measurement only: per-row outcome comparison of the same driver on the same reconstructed scenarios under two dynamics backends (current-sim vs Chrono Sedan/TMeasy). The v5 driver remains a candidate; the deployable ActiveSafetyReflexDriver is unchanged. No driver-performance verdict, validation, ranking, promotion, repair-success, fidelity-sufficiency, paper, or self-ID claim is made."
fa-chrono-hf4-feasible_only-v5-0015,feasible_only,v5,active_safety_driver_v5_curvature_speed_governor_candidate,m3082-fresh-panel-0015,601570,m3012-executable-source-spec-0016,route_a_candidate_m2655_mitigation_preserving,candidate,collision_lateral_intrusion,T5,aeb_feasible,success,success,True,97,,11.049040494804075,8.829923060752709,success,99,,11.651648240806985,8.584063341298194,-0.004364307885573737,1539.1128799456637,True,0.60260774600291,2,"HF backend full-panel discrepancy measurement only: per-row outcome comparison of the same driver on the same reconstructed scenarios under two dynamics backends (current-sim vs Chrono Sedan/TMeasy). The v5 driver remains a candidate; the deployable ActiveSafetyReflexDriver is unchanged. No driver-performance verdict, validation, ranking, promotion, repair-success, fidelity-sufficiency, paper, or self-ID claim is made."
fa-chrono-hf4-feasible_only-v5-0016,feasible_only,v5,active_safety_driver_v5_curvature_speed_governor_candidate,m3082-fresh-panel-0016,601571,m3012-executable-source-spec-0016,route_a_parent_l3_online_gru,parent,collision_lateral_intrusion,T5,aeb_feasible,success,success,True,117,,16.895456147929266,7.710091277796997,success,157,,16.64634921053093,5.888669435582663,0.12872743591910663,2284.5515213957606,True,-0.2491069373983379,40,"HF backend full-panel discrepancy measurement only: per-row outcome comparison of the same driver on the same reconstructed scenarios under two dynamics backends (current-sim vs Chrono Sedan/TMeasy). The v5 driver remains a candidate; the deployable ActiveSafetyReflexDriver is unchanged. No driver-performance verdict, validation, ranking, promotion, repair-success, fidelity-sufficiency, paper, or self-ID claim is made."
fa-chrono-hf4-feasible_only-v5-0017,feasible_only,v5,active_safety_driver_v5_curvature_speed_governor_candidate,m3082-fresh-panel-0017,601600,m3012-executable-source-spec-0002,route_a_candidate_m2655_mitigation_preserving,candidate,offtrack_boundary_recovery,T5,aeb_feasible,success,success,True,100,,10.670462094209746,9.561774215275381,success,102,,12.251925134766543,9.1220407835525,0.24228950492951107,1630.9520304536854,True,1.5814630405567964,2,"HF backend full-panel discrepancy measurement only: per-row outcome comparison of the same driver on the same reconstructed scenarios under two dynamics backends (current-sim vs Chrono Sedan/TMeasy). The v5 driver remains a candidate; the deployable ActiveSafetyReflexDriver is unchanged. No driver-performance verdict, validation, ranking, promotion, repair-success, fidelity-sufficiency, paper, or self-ID claim is made."
fa-chrono-hf4-feasible_only-v5-0018,feasible_only,v5,active_safety_driver_v5_curvature_speed_governor_candidate,m3082-fresh-panel-0018,601601,m3012-executable-source-spec-0002,route_a_parent_l3_online_gru,parent,offtrack_boundary_recovery,T5,aeb_feasible,success,success,True,116,,11.419001622313202,7.699243707200737,success,113,,11.772416949708537,7.879279512971489,0.23597692146525517,1760.5768633798143,True,0.35341532739533577,-3,"HF backend full-panel discrepancy measurement only: per-row outcome comparison of the same driver on the same reconstructed scenarios under two dynamics backends (current-sim vs Chrono Sedan/TMeasy). The v5 driver remains a candidate; the deployable ActiveSafetyReflexDriver is unchanged. No driver-performance verdict, validation, ranking, promotion, repair-success, fidelity-sufficiency, paper, or self-ID claim is made."
fa-chrono-hf4-feasible_only-v5-0019,feasible_only,v5,active_safety_driver_v5_curvature_speed_governor_candidate,m3082-fresh-panel-0019,601610,m3012-executable-source-spec-0004,route_a_candidate_m2655_mitigation_preserving,candidate,offtrack_boundary_recovery,T5,aeb_feasible,success,success,True,115,,15.138966308605255,8.09774562807314,success,117,,15.513218719596065,7.971860320345927,0.23273489247585566,1819.4956894578936,True,0.37425241099080964,2,"HF backend full-panel discrepancy measurement only: per-row outcome comparison of the same driver on the same reconstructed scenarios under two dynamics backends (current-sim vs Chrono Sedan/TMeasy). The v5 driver remains a candidate; the deployable ActiveSafetyReflexDriver is unchanged. No driver-performance verdict, validation, ranking, promotion, repair-success, fidelity-sufficiency, paper, or self-ID claim is made."
fa-chrono-hf4-feasible_only-v5-0020,feasible_only,v5,active_safety_driver_v5_curvature_speed_governor_candidate,m3082-fresh-panel-0020,601611,m3012-executable-source-spec-0004,route_a_parent_l3_online_gru,parent,offtrack_boundary_recovery,T5,aeb_feasible,success,success,True,93,,6.489923891350092,8.522652803794688,success,96,,6.775802810240499,8.29180528982398,-0.005183386130930501,1623.6342403452,True,0.2858789188904076,3,"HF backend full-panel discrepancy measurement only: per-row outcome comparison of the same driver on the same reconstructed scenarios under two dynamics backends (current-sim vs Chrono Sedan/TMeasy). The v5 driver remains a candidate; the deployable ActiveSafetyReflexDriver is unchanged. No driver-performance verdict, validation, ranking, promotion, repair-success, fidelity-sufficiency, paper, or self-ID claim is made."
fa-chrono-hf4-feasible_only-v5-0021,feasible_only,v5,active_safety_driver_v5_curvature_speed_governor_candidate,m3082-fresh-panel-0021,601620,m3012-executable-source-spec-0006,route_a_candidate_m2655_mitigation_preserving,candidate,offtrack_boundary_recovery,T5,aeb_feasible,success,success,True,75,,5.865525828947098,10.335787167748565,success,77,,6.615920443643967,9.911583955774955,0.25240133999043124,1211.8522224410553,True,0.7503946146968685,2,"HF backend full-panel discrepancy measurement only: per-row outcome comparison of the same driver on the same reconstructed scenarios under two dynamics backends (current-sim vs Chrono Sedan/TMeasy). The v5 driver remains a candidate; the deployable ActiveSafetyReflexDriver is unchanged. No driver-performance verdict, validation, ranking, promotion, repair-success, fidelity-sufficiency, paper, or self-ID claim is made."
fa-chrono-hf4-feasible_only-v5-0022,feasible_only,v5,active_safety_driver_v5_curvature_speed_governor_candidate,m3082-fresh-panel-0022,601621,m3012-executable-source-spec-0006,route_a_parent_l3_online_gru,parent,offtrack_boundary_recovery,T5,aeb_feasible,success,success,True,83,,5.252370022386067,8.842021372806963,success,84,,5.9286251595146275,8.622915503306675,0.13041128817952696,1275.5974120687752,True,0.6762551371285603,1,"HF backend full-panel discrepancy measurement only: per-row outcome comparison of the same driver on the same reconstructed scenarios under two dynamics backends (current-sim vs Chrono Sedan/TMeasy). The v5 driver remains a candidate; the deployable ActiveSafetyReflexDriver is unchanged. No driver-performance verdict, validation, ranking, promotion, repair-success, fidelity-sufficiency, paper, or self-ID claim is made."
fa-chrono-hf4-feasible_only-v5-0023,feasible_only,v5,active_safety_driver_v5_curvature_speed_governor_candidate,m3082-fresh-panel-0023,605630,m3012-executable-source-spec-0008,route_a_candidate_m2655_mitigation_preserving,candidate,offtrack_boundary_recovery,T5,aeb_feasible,success,success,True,67,,3.8879056055912975,13.927987661751455,success,66,,4.231759158059013,13.903959374813258,0.3280194845452442,1206.4950758707382,True,0.34385355246771576,-1,"HF backend full-panel discrepancy measurement only: per-row outcome comparison of the same driver on the same reconstructed scenarios under two dynamics backends (current-sim vs Chrono Sedan/TMeasy). The v5 driver remains a candidate; the deployable ActiveSafetyReflexDriver is unchanged. No driver-performance verdict, validation, ranking, promotion, repair-success, fidelity-sufficiency, paper, or self-ID claim is made."
fa-chrono-hf4-feasible_only-v5-0024,feasible_only,v5,active_safety_driver_v5_curvature_speed_governor_candidate,m3082-fresh-panel-0024,602631,m3012-executable-source-spec-0008,route_a_parent_l3_online_gru,parent,offtrack_boundary_recovery,T5,aeb_feasible,success,success,True,63,,2.4271372673657434,14.910426946743389,success,65,,2.622321048979243,14.500196904839575,0.2595129013566435,1268.0339305927482,True,0.19518378161349936,2,"HF backend full-panel discrepancy measurement only: per-row outcome comparison of the same driver on the same reconstructed scenarios under two dynamics backends (current-sim vs Chrono Sedan/TMeasy). The v5 driver remains a candidate; the deployable ActiveSafetyReflexDriver is unchanged. No driver-performance verdict, validation, ranking, promotion, repair-success, fidelity-sufficiency, paper, or self-ID claim is made."
fa-chrono-hf4-feasible_only-v5-0025,feasible_only,v5,active_safety_driver_v5_curvature_speed_governor_candidate,m3082-fresh-panel-0025,620640,m3012-executable-source-spec-0010,route_a_candidate_m2655_mitigation_preserving,candidate,offtrack_boundary_recovery,T5,aes_feasible,success,success,True,60,,3.917072795232067,16.097245587681776,success,58,,4.511715822326117,16.32021603311918,0.33702146091824403,1074.9243349632598,True,0.5946430270940501,-2,"HF backend full-panel discrepancy measurement only: per-row outcome comparison of the same driver on the same reconstructed scenarios under two dynamics backends (current-sim vs Chrono Sedan/TMeasy). The v5 driver remains a candidate; the deployable ActiveSafetyReflexDriver is unchanged. No driver-performance verdict, validation, ranking, promotion, repair-success, fidelity-sufficiency, paper, or self-ID claim is made."
fa-chrono-hf4-feasible_only-v5-0026,feasible_only,v5,active_safety_driver_v5_curvature_speed_governor_candidate,m3082-fresh-panel-0026,609641,m3012-executable-source-spec-0010,route_a_parent_l3_online_gru,parent,offtrack_boundary_recovery,T5,aes_feasible,success,success,True,65,,2.925162856150207,14.932392582680695,success,64,,3.39589557965241,14.95604717940185,0.2664552865132954,1226.312354344991,True,0.47073272350220297,-1,"HF backend full-panel discrepancy measurement only: per-row outcome comparison of the same driver on the same reconstructed scenarios under two dynamics backends (current-sim vs Chrono Sedan/TMeasy). The v5 driver remains a candidate; the deployable ActiveSafetyReflexDriver is unchanged. No driver-performance verdict, validation, ranking, promotion, repair-success, fidelity-sufficiency, paper, or self-ID claim is made."
fa-chrono-hf4-feasible_only-v5-0027,feasible_only,v5,active_safety_driver_v5_curvature_speed_governor_candidate,m3082-fresh-panel-0027,601650,m3012-executable-source-spec-0012,route_a_candidate_m2655_mitigation_preserving,candidate,offtrack_boundary_recovery,T5,aeb_feasible,success,success,True,76,,10.044563595008846,10.967014214714226,success,77,,10.301318166069366,10.842526266177988,0.25382877299210804,1130.5219452899255,True,0.2567545710605206,1,"HF backend full-panel discrepancy measurement only: per-row outcome comparison of the same driver on the same reconstructed scenarios under two dynamics backends (current-sim vs Chrono Sedan/TMeasy). The v5 driver remains a candidate; the deployable ActiveSafetyReflexDriver is unchanged. No driver-performance verdict, validation, ranking, promotion, repair-success, fidelity-sufficiency, paper, or self-ID claim is made."
fa-chrono-hf4-feasible_only-v5-0028,feasible_only,v5,active_safety_driver_v5_curvature_speed_governor_candidate,m3082-fresh-panel-0028,601651,m3012-executable-source-spec-0012,route_a_parent_l3_online_gru,parent,offtrack_boundary_recovery,T5,aeb_feasible,success,success,True,86,,14.397584896237973,10.318500491735428,success,87,,14.444459505588622,10.115590805489864,0.14299374313073265,1253.8059797647984,True,0.04687460935064891,1,"HF backend full-panel discrepancy measurement only: per-row outcome comparison of the same driver on the same reconstructed scenarios under two dynamics backends (current-sim vs Chrono Sedan/TMeasy). The v5 driver remains a candidate; the deployable ActiveSafetyReflexDriver is unchanged. No driver-performance verdict, validation, ranking, promotion, repair-success, fidelity-sufficiency, paper, or self-ID claim is made."
fa-chrono-hf4-feasible_only-v5-0029,feasible_only,v5,active_safety_driver_v5_curvature_speed_governor_candidate,m3082-fresh-panel-0029,614660,m3012-executable-source-spec-0014,route_a_candidate_m2655_mitigation_preserving,candidate,offtrack_boundary_recovery,T5,aeb_feasible,offtrack,offtrack,True,66,off_track,2.7917781412293152,13.699902988359574,offtrack,69,off_track,2.8790268930427,13.259467468004415,0.33487264955812,1376.8294227426231,True,0.08724875181338465,3,"HF backend full-panel discrepancy measurement only: per-row outcome comparison of the same driver on the same reconstructed scenarios under two dynamics backends (current-sim vs Chrono Sedan/TMeasy). The v5 driver remains a candidate; the deployable ActiveSafetyReflexDriver is unchanged. No driver-performance verdict, validation, ranking, promotion, repair-success, fidelity-sufficiency, paper, or self-ID claim is made."
fa-chrono-hf4-feasible_only-v5-0030,feasible_only,v5,active_safety_driver_v5_curvature_speed_governor_candidate,m3082-fresh-panel-0030,605661,m3012-executable-source-spec-0014,route_a_parent_l3_online_gru,parent,offtrack_boundary_recovery,T5,aes_feasible,success,success,True,70,,4.557014372401362,12.762114330953858,success,70,,5.045922878202353,12.55336988615497,0.33278972075271795,1283.0639204758984,True,0.48890850580099077,0,"HF backend full-panel discrepancy measurement only: per-row outcome comparison of the same driver on the same reconstructed scenarios under two dynamics backends (current-sim vs Chrono Sedan/TMeasy). The v5 driver remains a candidate; the deployable ActiveSafetyReflexDriver is unchanged. No driver-performance verdict, validation, ranking, promotion, repair-success, fidelity-sufficiency, paper, or self-ID claim is made."
fa-chrono-hf4-feasible_only-v5-0031,feasible_only,v5,active_safety_driver_v5_curvature_speed_governor_candidate,m3082-fresh-panel-0031,601670,m3012-executable-source-spec-0016,route_a_candidate_m2655_mitigation_preserving,candidate,offtrack_boundary_recovery,T5,aeb_feasible,success,success,True,86,,2.4437178675531444,7.721011244806243,success,89,,2.5020329243801935,7.461328236123519,0.2469929108224722,1597.8001543367063,True,0.05831505682704918,3,"HF backend full-panel discrepancy measurement only: per-row outcome comparison of the same driver on the same reconstructed scenarios under two dynamics backends (current-sim vs Chrono Sedan/TMeasy). The v5 driver remains a candidate; the deployable ActiveSafetyReflexDriver is unchanged. No driver-performance verdict, validation, ranking, promotion, repair-success, fidelity-sufficiency, paper, or self-ID claim is made."
fa-chrono-hf4-feasible_only-v5-0032,feasible_only,v5,active_safety_driver_v5_curvature_speed_governor_candidate,m3082-fresh-panel-0032,601671,m3012-executable-source-spec-0016,route_a_parent_l3_online_gru,parent,offtrack_boundary_recovery,T5,aeb_feasible,success,success,True,119,,16.305290351547942,8.260140097609588,success,179,,16.295245254855587,5.58411555754773,0.250362485104457,2900.4310760651897,True,-0.010045096692355315,60,"HF backend full-panel discrepancy measurement only: per-row outcome comparison of the same driver on the same reconstructed scenarios under two dynamics backends (current-sim vs Chrono Sedan/TMeasy). The v5 driver remains a candidate; the deployable ActiveSafetyReflexDriver is unchanged. No driver-performance verdict, validation, ranking, promotion, repair-success, fidelity-sufficiency, paper, or self-ID claim is made."
fa-chrono-hf4-feasible_only-v5-0033,feasible_only,v5,active_safety_driver_v5_curvature_speed_governor_candidate,m3082-fresh-panel-0033,601700,m3012-executable-source-spec-0001,route_a_candidate_m2655_mitigation_preserving,candidate,speed_floor_stress,T4,aeb_feasible,success,success,True,117,,20.435881134287285,8.036152178896822,success,122,,20.44974026750783,7.736376369007298,0.15506156044587804,1713.7711087406933,True,0.013859133220545772,5,"HF backend full-panel discrepancy measurement only: per-row outcome comparison of the same driver on the same reconstructed scenarios under two dynamics backends (current-sim vs Chrono Sedan/TMeasy). The v5 driver remains a candidate; the deployable ActiveSafetyReflexDriver is unchanged. No driver-performance verdict, validation, ranking, promotion, repair-success, fidelity-sufficiency, paper, or self-ID claim is made."
fa-chrono-hf4-feasible_only-v5-0034,feasible_only,v5,active_safety_driver_v5_curvature_speed_governor_candidate,m3082-fresh-panel-0034,601701,m3012-executable-source-spec-0001,route_a_parent_l3_online_gru,parent,speed_floor_stress,T4,aeb_feasible,success,success,True,106,,12.088428719074015,8.072626514495573,success,104,,12.0833770477952,8.173635170523537,0.12657938217829212,1567.0298411606054,True,-0.0050516712788155615,-2,"HF backend full-panel discrepancy measurement only: per-row outcome comparison of the same driver on the same reconstructed scenarios under two dynamics backends (current-sim vs Chrono Sedan/TMeasy). The v5 driver remains a candidate; the deployable ActiveSafetyReflexDriver is unchanged. No driver-performance verdict, validation, ranking, promotion, repair-success, fidelity-sufficiency, paper, or self-ID claim is made."
fa-chrono-hf4-feasible_only-v5-0035,feasible_only,v5,active_safety_driver_v5_curvature_speed_governor_candidate,m3082-fresh-panel-0035,601710,m3012-executable-source-spec-0003,route_a_candidate_m2655_mitigation_preserving,candidate,speed_floor_stress,T4,aeb_feasible,success,success,True,135,,28.24079680576504,7.37245202642159,success,146,,28.091984814781092,6.9193498914450515,-0.0012472203380289315,2037.2150037405008,True,-0.1488119909839476,11,"HF backend full-panel discrepancy measurement only: per-row outcome comparison of the same driver on the same reconstructed scenarios under two dynamics backends (current-sim vs Chrono Sedan/TMeasy). The v5 driver remains a candidate; the deployable ActiveSafetyReflexDriver is unchanged. No driver-performance verdict, validation, ranking, promotion, repair-success, fidelity-sufficiency, paper, or self-ID claim is made."
fa-chrono-hf4-feasible_only-v5-0036,feasible_only,v5,active_safety_driver_v5_curvature_speed_governor_candidate,m3082-fresh-panel-0036,601711,m3012-executable-source-spec-0003,route_a_parent_l3_online_gru,parent,speed_floor_stress,T4,aeb_feasible,success,success,True,99,,12.427813325514027,8.909320326085671,success,104,,12.226541711026934,8.553706464867387,-0.0012875449070115508,1628.4862472787936,True,-0.20127161448709252,5,"HF backend full-panel discrepancy measurement only: per-row outcome comparison of the same driver on the same reconstructed scenarios under two dynamics backends (current-sim vs Chrono Sedan/TMeasy). The v5 driver remains a candidate; the deployable ActiveSafetyReflexDriver is unchanged. No driver-performance verdict, validation, ranking, promotion, repair-success, fidelity-sufficiency, paper, or self-ID claim is made."
fa-chrono-hf4-feasible_only-v5-0037,feasible_only,v5,active_safety_driver_v5_curvature_speed_governor_candidate,m3082-fresh-panel-0037,601720,m3012-executable-source-spec-0005,route_a_candidate_m2655_mitigation_preserving,candidate,speed_floor_stress,T4,aeb_feasible,success,success,True,129,,16.188019976013095,7.720102090920655,success,125,,14.416510347404932,8.285162517984784,0.1809373391945508,2329.36782117929,True,-1.7715096286081629,-4,"HF backend full-panel discrepancy measurement only: per-row outcome comparison of the same driver on the same reconstructed scenarios under two dynamics backends (current-sim vs Chrono Sedan/TMeasy). The v5 driver remains a candidate; the deployable ActiveSafetyReflexDriver is unchanged. No driver-performance verdict, validation, ranking, promotion, repair-success, fidelity-sufficiency, paper, or self-ID claim is made."
fa-chrono-hf4-feasible_only-v5-0038,feasible_only,v5,active_safety_driver_v5_curvature_speed_governor_candidate,m3082-fresh-panel-0038,601721,m3012-executable-source-spec-0005,route_a_parent_l3_online_gru,parent,speed_floor_stress,T4,aeb_feasible,success,success,True,136,,17.14441526894751,6.845307960732876,success,145,,16.99911288531936,6.466120273688261,0.181450116373016,2230.9135045443786,True,-0.14530238362814885,9,"HF backend full-panel discrepancy measurement only: per-row outcome comparison of the same driver on the same reconstructed scenarios under two dynamics backends (current-sim vs Chrono Sedan/TMeasy). The v5 driver remains a candidate; the deployable ActiveSafetyReflexDriver is unchanged. No driver-performance verdict, validation, ranking, promotion, repair-success, fidelity-sufficiency, paper, or self-ID claim is made."
fa-chrono-hf4-feasible_only-v5-0039,feasible_only,v5,active_safety_driver_v5_curvature_speed_governor_candidate,m3082-fresh-panel-0039,601730,m3012-executable-source-spec-0007,route_a_candidate_m2655_mitigation_preserving,candidate,speed_floor_stress,T4,aeb_feasible,success,success,True,127,,24.187293172711495,7.945275807710978,success,124,,24.159165351469763,8.057656652189126,0.11332349454398116,1800.0725731984712,True,-0.028127821241731965,-3,"HF backend full-panel discrepancy measurement only: per-row outcome comparison of the same driver on the same reconstructed scenarios under two dynamics backends (current-sim vs Chrono Sedan/TMeasy). The v5 driver remains a candidate; the deployable ActiveSafetyReflexDriver is unchanged. No driver-performance verdict, validation, ranking, promotion, repair-success, fidelity-sufficiency, paper, or self-ID claim is made."
fa-chrono-hf4-feasible_only-v5-0040,feasible_only,v5,active_safety_driver_v5_curvature_speed_governor_candidate,m3082-fresh-panel-0040,601731,m3012-executable-source-spec-0007,route_a_parent_l3_online_gru,parent,speed_floor_stress,T4,aeb_feasible,success,success,True,124,,22.87528169171312,8.172567871251617,success,116,,23.1077332344906,8.723155370708682,0.1215541375761271,1752.8453148549452,True,0.23245154277747915,-8,"HF backend full-panel discrepancy measurement only: per-row outcome comparison of the same driver on the same reconstructed scenarios under two dynamics backends (current-sim vs Chrono Sedan/TMeasy). The v5 driver remains a candidate; the deployable ActiveSafetyReflexDriver is unchanged. No driver-performance verdict, validation, ranking, promotion, repair-success, fidelity-sufficiency, paper, or self-ID claim is made."
fa-chrono-hf4-feasible_only-v5-0041,feasible_only,v5,active_safety_driver_v5_curvature_speed_governor_candidate,m3082-fresh-panel-0041,601740,m3012-executable-source-spec-0009,route_a_candidate_m2655_mitigation_preserving,candidate,speed_floor_stress,T4,aeb_feasible,success,success,True,136,,18.57829350397689,7.542994286074331,success,174,,16.456641171251913,6.305791940928307,-0.0019505876078902418,3073.781966876951,True,-2.1216523327249774,38,"HF backend full-panel discrepancy measurement only: per-row outcome comparison of the same driver on the same reconstructed scenarios under two dynamics backends (current-sim vs Chrono Sedan/TMeasy). The v5 driver remains a candidate; the deployable ActiveSafetyReflexDriver is unchanged. No driver-performance verdict, validation, ranking, promotion, repair-success, fidelity-sufficiency, paper, or self-ID claim is made."
fa-chrono-hf4-feasible_only-v5-0042,feasible_only,v5,active_safety_driver_v5_curvature_speed_governor_candidate,m3082-fresh-panel-0042,601741,m3012-executable-source-spec-0009,route_a_parent_l3_online_gru,parent,speed_floor_stress,T4,aeb_feasible,success,success,True,108,,18.97038422231294,8.686186147570615,success,110,,18.847199371653375,8.480914052502868,0.12443145126564303,1568.3979924541927,True,-0.12318485065956608,2,"HF backend full-panel discrepancy measurement only: per-row outcome comparison of the same driver on the same reconstructed scenarios under two dynamics backends (current-sim vs Chrono Sedan/TMeasy). The v5 driver remains a candidate; the deployable ActiveSafetyReflexDriver is unchanged. No driver-performance verdict, validation, ranking, promotion, repair-success, fidelity-sufficiency, paper, or self-ID claim is made."
fa-chrono-hf4-feasible_only-v5-0043,feasible_only,v5,active_safety_driver_v5_curvature_speed_governor_candidate,m3082-fresh-panel-0043,601750,m3012-executable-source-spec-0011,route_a_candidate_m2655_mitigation_preserving,candidate,speed_floor_stress,T4,aeb_feasible,success,success,True,140,,22.76295184624516,7.315654993805763,success,140,,21.568240518150787,7.602892388528474,-0.00710585625653426,2255.738487889059,True,-1.194711328094371,0,"HF backend full-panel discrepancy measurement only: per-row outcome comparison of the same driver on the same reconstructed scenarios under two dynamics backends (current-sim vs Chrono Sedan/TMeasy). The v5 driver remains a candidate; the deployable ActiveSafetyReflexDriver is unchanged. No driver-performance verdict, validation, ranking, promotion, repair-success, fidelity-sufficiency, paper, or self-ID claim is made."
fa-chrono-hf4-feasible_only-v5-0044,feasible_only,v5,active_safety_driver_v5_curvature_speed_governor_candidate,m3082-fresh-panel-0044,601751,m3012-executable-source-spec-0011,route_a_parent_l3_online_gru,parent,speed_floor_stress,T4,aeb_feasible,success,success,True,140,,26.25249306797476,7.352706538744138,success,135,,26.06900287446256,7.662995565539707,0.1168252967641985,2005.4442143248507,True,-0.18349019351220264,-5,"HF backend full-panel discrepancy measurement only: per-row outcome comparison of the same driver on the same reconstructed scenarios under two dynamics backends (current-sim vs Chrono Sedan/TMeasy). The v5 driver remains a candidate; the deployable ActiveSafetyReflexDriver is unchanged. No driver-performance verdict, validation, ranking, promotion, repair-success, fidelity-sufficiency, paper, or self-ID claim is made."
fa-chrono-hf4-feasible_only-v5-0045,feasible_only,v5,active_safety_driver_v5_curvature_speed_governor_candidate,m3082-fresh-panel-0045,601760,m3012-executable-source-spec-0013,route_a_candidate_m2655_mitigation_preserving,candidate,speed_floor_stress,T4,aeb_feasible,success,success,True,80,,6.204803692024457,9.355121322349351,success,75,,5.306725977464515,10.166738815397844,-0.0014080892574597215,1319.8197151598652,True,-0.8980777145599426,-5,"HF backend full-panel discrepancy measurement only: per-row outcome comparison of the same driver on the same reconstructed scenarios under two dynamics backends (current-sim vs Chrono Sedan/TMeasy). The v5 driver remains a candidate; the deployable ActiveSafetyReflexDriver is unchanged. No driver-performance verdict, validation, ranking, promotion, repair-success, fidelity-sufficiency, paper, or self-ID claim is made."
fa-chrono-hf4-feasible_only-v5-0046,feasible_only,v5,active_safety_driver_v5_curvature_speed_governor_candidate,m3082-fresh-panel-0046,601761,m3012-executable-source-spec-0013,route_a_parent_l3_online_gru,parent,speed_floor_stress,T4,aeb_feasible,success,success,True,151,,14.003350341520445,6.798797945104566,success,172,,11.247463892786982,6.316749669326404,-0.003148596394165537,3447.235507348656,True,-2.755886448733463,21,"HF backend full-panel discrepancy measurement only: per-row outcome comparison of the same driver on the same reconstructed scenarios under two dynamics backends (current-sim vs Chrono Sedan/TMeasy). The v5 driver remains a candidate; the deployable ActiveSafetyReflexDriver is unchanged. No driver-performance verdict, validation, ranking, promotion, repair-success, fidelity-sufficiency, paper, or self-ID claim is made."
fa-chrono-hf4-feasible_only-v5-0047,feasible_only,v5,active_safety_driver_v5_curvature_speed_governor_candidate,m3082-fresh-panel-0047,601770,m3012-executable-source-spec-0015,route_a_candidate_m2655_mitigation_preserving,candidate,speed_floor_stress,T4,aeb_feasible,success,success,True,94,,6.375347404274004,8.120751972840589,success,101,,6.526223547681424,7.5802630715020305,0.23268660805594088,1612.2588336562221,True,0.1508761434074195,7,"HF backend full-panel discrepancy measurement only: per-row outcome comparison of the same driver on the same reconstructed scenarios under two dynamics backends (current-sim vs Chrono Sedan/TMeasy). The v5 driver remains a candidate; the deployable ActiveSafetyReflexDriver is unchanged. No driver-performance verdict, validation, ranking, promotion, repair-success, fidelity-sufficiency, paper, or self-ID claim is made."
fa-chrono-hf4-feasible_only-v5-0048,feasible_only,v5,active_safety_driver_v5_curvature_speed_governor_candidate,m3082-fresh-panel-0048,601771,m3012-executable-source-spec-0015,route_a_parent_l3_online_gru,parent,speed_floor_stress,T4,aeb_feasible,success,success,True,87,,6.496130277493639,8.839048260540416,success,91,,6.2062594249490575,8.57252843140955,-0.0035680199556473724,1529.8583016394114,True,-0.2898708525445812,4,"HF backend full-panel discrepancy measurement only: per-row outcome comparison of the same driver on the same reconstructed scenarios under two dynamics backends (current-sim vs Chrono Sedan/TMeasy). The v5 driver remains a candidate; the deployable ActiveSafetyReflexDriver is unchanged. No driver-performance verdict, validation, ranking, promotion, repair-success, fidelity-sufficiency, paper, or self-ID claim is made."
fa-chrono-hf4-feasible_only-v5-0049,feasible_only,v5,active_safety_driver_v5_curvature_speed_governor_candidate,m3082-fresh-panel-0049,601800,m3012-executable-source-spec-0001,route_a_candidate_m2655_mitigation_preserving,candidate,stability_action_pressure,T4,aeb_feasible,success,success,True,81,,4.829465990892375,8.968750758446246,success,82,,5.247556810200908,8.930154734235035,-0.0032801428655204745,1323.4900364430468,True,0.4180908193085324,1,"HF backend full-panel discrepancy measurement only: per-row outcome comparison of the same driver on the same reconstructed scenarios under two dynamics backends (current-sim vs Chrono Sedan/TMeasy). The v5 driver remains a candidate; the deployable ActiveSafetyReflexDriver is unchanged. No driver-performance verdict, validation, ranking, promotion, repair-success, fidelity-sufficiency, paper, or self-ID claim is made."
fa-chrono-hf4-feasible_only-v5-0050,feasible_only,v5,active_safety_driver_v5_curvature_speed_governor_candidate,m3082-fresh-panel-0050,601801,m3012-executable-source-spec-0001,route_a_parent_l3_online_gru,parent,stability_action_pressure,T4,aeb_feasible,success,success,True,82,,10.409840088119052,10.670623007412399,success,83,,10.849706674736808,10.469357370313425,0.2579659282321991,1248.6375664429943,True,0.4398665866177556,1,"HF backend full-panel discrepancy measurement only: per-row outcome comparison of the same driver on the same reconstructed scenarios under two dynamics backends (current-sim vs Chrono Sedan/TMeasy). The v5 driver remains a candidate; the deployable ActiveSafetyReflexDriver is unchanged. No driver-performance verdict, validation, ranking, promotion, repair-success, fidelity-sufficiency, paper, or self-ID claim is made."
fa-chrono-hf4-feasible_only-v5-0051,feasible_only,v5,active_safety_driver_v5_curvature_speed_governor_candidate,m3082-fresh-panel-0051,601810,m3012-executable-source-spec-0003,route_a_candidate_m2655_mitigation_preserving,candidate,stability_action_pressure,T4,aeb_feasible,success,success,True,101,,6.35761673800126,6.644054287830726,success,124,,5.637350703478678,5.566539774899846,-0.002379772161549276,1790.162791680751,True,-0.7202660345225826,23,"HF backend full-panel discrepancy measurement only: per-row outcome comparison of the same driver on the same reconstructed scenarios under two dynamics backends (current-sim vs Chrono Sedan/TMeasy). The v5 driver remains a candidate; the deployable ActiveSafetyReflexDriver is unchanged. No driver-performance verdict, validation, ranking, promotion, repair-success, fidelity-sufficiency, paper, or self-ID claim is made."
fa-chrono-hf4-feasible_only-v5-0052,feasible_only,v5,active_safety_driver_v5_curvature_speed_governor_candidate,m3082-fresh-panel-0052,601811,m3012-executable-source-spec-0003,route_a_parent_l3_online_gru,parent,stability_action_pressure,T4,aeb_feasible,success,success,True,76,,10.120903056876736,10.986015204432116,success,76,,10.446733302309209,10.85708126903812,0.2516076253800783,1130.4844669733138,True,0.3258302454324724,0,"HF backend full-panel discrepancy measurement only: per-row outcome comparison of the same driver on the same reconstructed scenarios under two dynamics backends (current-sim vs Chrono Sedan/TMeasy). The v5 driver remains a candidate; the deployable ActiveSafetyReflexDriver is unchanged. No driver-performance verdict, validation, ranking, promotion, repair-success, fidelity-sufficiency, paper, or self-ID claim is made."
fa-chrono-hf4-feasible_only-v5-0053,feasible_only,v5,active_safety_driver_v5_curvature_speed_governor_candidate,m3082-fresh-panel-0053,601820,m3012-executable-source-spec-0005,route_a_candidate_m2655_mitigation_preserving,candidate,stability_action_pressure,T4,aeb_feasible,success,success,True,112,,7.376952021966005,6.510993217127961,success,162,,7.338171692911073,4.465131904841932,0.11634012980136266,2263.228163381158,True,-0.038780329054931784,50,"HF backend full-panel discrepancy measurement only: per-row outcome comparison of the same driver on the same reconstructed scenarios under two dynamics backends (current-sim vs Chrono Sedan/TMeasy). The v5 driver remains a candidate; the deployable ActiveSafetyReflexDriver is unchanged. No driver-performance verdict, validation, ranking, promotion, repair-success, fidelity-sufficiency, paper, or self-ID claim is made."
fa-chrono-hf4-feasible_only-v5-0054,feasible_only,v5,active_safety_driver_v5_curvature_speed_governor_candidate,m3082-fresh-panel-0054,601821,m3012-executable-source-spec-0005,route_a_parent_l3_online_gru,parent,stability_action_pressure,T4,aeb_feasible,success,success,True,106,,7.64671986887633,6.729798277755279,success,131,,7.597342516106714,5.45076591945114,0.1839303322946595,1825.4179570172564,True,-0.04937735276961597,25,"HF backend full-panel discrepancy measurement only: per-row outcome comparison of the same driver on the same reconstructed scenarios under two dynamics backends (current-sim vs Chrono Sedan/TMeasy). The v5 driver remains a candidate; the deployable ActiveSafetyReflexDriver is unchanged. No driver-performance verdict, validation, ranking, promotion, repair-success, fidelity-sufficiency, paper, or self-ID claim is made."
fa-chrono-hf4-feasible_only-v5-0055,feasible_only,v5,active_safety_driver_v5_curvature_speed_governor_candidate,m3082-fresh-panel-0055,601830,m3012-executable-source-spec-0007,route_a_candidate_m2655_mitigation_preserving,candidate,stability_action_pressure,T4,aeb_feasible,success,success,True,111,,17.51561095862528,8.789671643989497,success,109,,18.44542561596551,8.717727576774795,0.13456187541494735,1591.10174633118,True,0.9298146573402306,-2,"HF backend full-panel discrepancy measurement only: per-row outcome comparison of the same driver on the same reconstructed scenarios under two dynamics backends (current-sim vs Chrono Sedan/TMeasy). The v5 driver remains a candidate; the deployable ActiveSafetyReflexDriver is unchanged. No driver-performance verdict, validation, ranking, promotion, repair-success, fidelity-sufficiency, paper, or self-ID claim is made."
fa-chrono-hf4-feasible_only-v5-0056,feasible_only,v5,active_safety_driver_v5_curvature_speed_governor_candidate,m3082-fresh-panel-0056,601831,m3012-executable-source-spec-0007,route_a_parent_l3_online_gru,parent,stability_action_pressure,T4,aeb_feasible,success,success,True,119,,28.09407947855781,8.850023584104687,success,125,,27.961345035154572,8.472056033712782,-0.0005625605614589801,1853.5852342655344,True,-0.13273444340323692,6,"HF backend full-panel discrepancy measurement only: per-row outcome comparison of the same driver on the same reconstructed scenarios under two dynamics backends (current-sim vs Chrono Sedan/TMeasy). The v5 driver remains a candidate; the deployable ActiveSafetyReflexDriver is unchanged. No driver-performance verdict, validation, ranking, promotion, repair-success, fidelity-sufficiency, paper, or self-ID claim is made."
fa-chrono-hf4-feasible_only-v5-0057,feasible_only,v5,active_safety_driver_v5_curvature_speed_governor_candidate,m3082-fresh-panel-0057,601840,m3012-executable-source-spec-0009,route_a_candidate_m2655_mitigation_preserving,candidate,stability_action_pressure,T4,aeb_feasible,success,success,True,131,,23.1217175718765,7.763327081714509,success,132,,23.309066101602134,7.652807832478374,-0.004209621356392468,2000.8800040162096,True,0.18734852972563587,1,"HF backend full-panel discrepancy measurement only: per-row outcome comparison of the same driver on the same reconstructed scenarios under two dynamics backends (current-sim vs Chrono Sedan/TMeasy). The v5 driver remains a candidate; the deployable ActiveSafetyReflexDriver is unchanged. No driver-performance verdict, validation, ranking, promotion, repair-success, fidelity-sufficiency, paper, or self-ID claim is made."
fa-chrono-hf4-feasible_only-v5-0058,feasible_only,v5,active_safety_driver_v5_curvature_speed_governor_candidate,m3082-fresh-panel-0058,601841,m3012-executable-source-spec-0009,route_a_parent_l3_online_gru,parent,stability_action_pressure,T4,aeb_feasible,success,success,True,117,,15.73986539194113,8.032114458915444,success,115,,16.031571487414453,8.07975402108509,0.12298237549482671,1753.4740506830567,True,0.29170609547332305,-2,"HF backend full-panel discrepancy measurement only: per-row outcome comparison of the same driver on the same reconstructed scenarios under two dynamics backends (current-sim vs Chrono Sedan/TMeasy). The v5 driver remains a candidate; the deployable ActiveSafetyReflexDriver is unchanged. No driver-performance verdict, validation, ranking, promotion, repair-success, fidelity-sufficiency, paper, or self-ID claim is made."
fa-chrono-hf4-feasible_only-v5-0059,feasible_only,v5,active_safety_driver_v5_curvature_speed_governor_candidate,m3082-fresh-panel-0059,601850,m3012-executable-source-spec-0011,route_a_candidate_m2655_mitigation_preserving,candidate,stability_action_pressure,T4,aeb_feasible,success,success,True,116,,24.966344900812373,9.13150655016929,success,110,,26.601918353715785,9.44146521094363,-0.003346984706743328,1599.6643957551105,True,1.6355734529034116,-6,"HF backend full-panel discrepancy measurement only: per-row outcome comparison of the same driver on the same reconstructed scenarios under two dynamics backends (current-sim vs Chrono Sedan/TMeasy). The v5 driver remains a candidate; the deployable ActiveSafetyReflexDriver is unchanged. No driver-performance verdict, validation, ranking, promotion, repair-success, fidelity-sufficiency, paper, or self-ID claim is made."
fa-chrono-hf4-feasible_only-v5-0060,feasible_only,v5,active_safety_driver_v5_curvature_speed_governor_candidate,m3082-fresh-panel-0060,601851,m3012-executable-source-spec-0011,route_a_parent_l3_online_gru,parent,stability_action_pressure,T4,aeb_feasible,success,success,True,107,,17.853371237542586,8.592235042111685,success,114,,17.73238134763109,8.0642442284891,-0.0033062634897476073,1628.2453340001666,True,-0.1209898899114954,7,"HF backend full-panel discrepancy measurement only: per-row outcome comparison of the same driver on the same reconstructed scenarios under two dynamics backends (current-sim vs Chrono Sedan/TMeasy). The v5 driver remains a candidate; the deployable ActiveSafetyReflexDriver is unchanged. No driver-performance verdict, validation, ranking, promotion, repair-success, fidelity-sufficiency, paper, or self-ID claim is made."
fa-chrono-hf4-feasible_only-v5-0061,feasible_only,v5,active_safety_driver_v5_curvature_speed_governor_candidate,m3082-fresh-panel-0061,601860,m3012-executable-source-spec-0013,route_a_candidate_m2655_mitigation_preserving,candidate,stability_action_pressure,T4,aeb_feasible,success,success,True,107,,8.799658914861563,7.501831501475256,speed_too_low,62,speed_too_low,11.508120192363076,5.2692293587824715,0.13500545925259289,1150.6789604626665,False,2.708461277501513,-45,"HF backend full-panel discrepancy measurement only: per-row outcome comparison of the same driver on the same reconstructed scenarios under two dynamics backends (current-sim vs Chrono Sedan/TMeasy). The v5 driver remains a candidate; the deployable ActiveSafetyReflexDriver is unchanged. No driver-performance verdict, validation, ranking, promotion, repair-success, fidelity-sufficiency, paper, or self-ID claim is made."
fa-chrono-hf4-feasible_only-v5-0062,feasible_only,v5,active_safety_driver_v5_curvature_speed_governor_candidate,m3082-fresh-panel-0062,601861,m3012-executable-source-spec-0013,route_a_parent_l3_online_gru,parent,stability_action_pressure,T4,aeb_feasible,success,success,True,117,,22.56852570059697,8.614870951216533,success,150,,22.46333027058018,6.842948623294362,0.13898166797776312,2195.7015408153675,True,-0.1051954300167921,33,"HF backend full-panel discrepancy measurement only: per-row outcome comparison of the same driver on the same reconstructed scenarios under two dynamics backends (current-sim vs Chrono Sedan/TMeasy). The v5 driver remains a candidate; the deployable ActiveSafetyReflexDriver is unchanged. No driver-performance verdict, validation, ranking, promotion, repair-success, fidelity-sufficiency, paper, or self-ID claim is made."
fa-chrono-hf4-feasible_only-v5-0063,feasible_only,v5,active_safety_driver_v5_curvature_speed_governor_candidate,m3082-fresh-panel-0063,601870,m3012-executable-source-spec-0015,route_a_candidate_m2655_mitigation_preserving,candidate,stability_action_pressure,T4,aeb_feasible,success,success,True,109,,21.49878230224286,9.075566900344427,success,109,,21.54549461438996,8.908153486132381,0.24805141988577972,1627.3534535482177,True,0.046712312147100477,0,"HF backend full-panel discrepancy measurement only: per-row outcome comparison of the same driver on the same reconstructed scenarios under two dynamics backends (current-sim vs Chrono Sedan/TMeasy). The v5 driver remains a candidate; the deployable ActiveSafetyReflexDriver is unchanged. No driver-performance verdict, validation, ranking, promotion, repair-success, fidelity-sufficiency, paper, or self-ID claim is made."
fa-chrono-hf4-feasible_only-v5-0064,feasible_only,v5,active_safety_driver_v5_curvature_speed_governor_candidate,m3082-fresh-panel-0064,601871,m3012-executable-source-spec-0015,route_a_parent_l3_online_gru,parent,stability_action_pressure,T4,aeb_feasible,success,success,True,79,,5.456185414596737,8.574438916307466,success,81,,5.240785495886539,8.475647964843066,-0.0008579075979202599,1245.7322408674663,True,-0.21539991871019826,2,"HF backend full-panel discrepancy measurement only: per-row outcome comparison of the same driver on the same reconstructed scenarios under two dynamics backends (current-sim vs Chrono Sedan/TMeasy). The v5 driver remains a candidate; the deployable ActiveSafetyReflexDriver is unchanged. No driver-performance verdict, validation, ranking, promotion, repair-success, fidelity-sufficiency, paper, or self-ID claim is made."
