policy,obstacle_label,mu_bucket,mass_bucket,brake_bucket,steering_tau_bucket,episodes,return_mean,success_rate,termination_rate,lateral_rmse_mean,lateral_peak_mean,beta_abs_error_mean,beta_abs_peak_mean,high_sideslip_fraction_mean,speed_mean,action_rate_mean,collision_rate,obstacle_completion_rate,min_obstacle_clearance_mean,plan_horizon_mean,plan_action_rate_mean,mu_min,mu_max,obstacle_collision_radius_mean,min_clearance_margin_mean,min_clearance_margin_min
heuristic,aes_feasible,low,heavy,nominal,slow,1,118.67705270433683,1.0,0.0,0.18962663103245672,0.34089600308077195,0.30506174697510813,0.03530553798714934,0.0,12.337964104512132,0.015991967171430588,0.0,1.0,3.701605333900802,1.0,,0.3478806717182057,0.3478806717182057,1.447043562337953,2.254561771562849,2.254561771562849
heuristic,aes_feasible,medium,light,weak,slow,1,37.61412805106221,0.0,1.0,1.1827027756810198,2.436420743462918,0.11774904827277202,0.02636060663480505,0.0,12.34484238940691,0.005969104822725058,1.0,0.0,1.447476054926474,1.0,,0.6198971505698847,0.6198971505698847,1.4657179967808327,-0.01824194185435868,-0.01824194185435868
heuristic,aes_feasible,medium,light,strong,fast,1,86.6101116554352,1.0,0.0,0.26500300805290816,0.37253083301916234,0.11424496667492132,0.02946137378982908,0.0,15.79195059616383,0.008470803499221802,0.0,1.0,2.6331170955534655,1.0,,0.5199566484910332,0.5199566484910332,1.410649783395996,1.2224673121574696,1.2224673121574696
heuristic,aes_feasible,medium,nominal,nominal,slow,1,100.25852600487647,1.0,0.0,0.5487800272472908,1.101332569967525,0.27876838378910834,0.03635098900465874,0.0,13.230283822383571,0.01048615574836731,0.0,1.0,2.418184239577059,1.0,,0.7806370971264489,0.7806370971264489,1.7185908481200007,0.6995933914570585,0.6995933914570585
heuristic,aes_feasible,medium,heavy,weak,slow,1,48.04144008395174,0.0,1.0,1.5399402761611212,3.478354542191042,0.16946521621946017,0.062250456254356865,0.0,14.343591823775451,0.007209032773971558,1.0,0.0,1.738881160391151,1.0,,0.7374008000351153,0.7374008000351153,1.9902178648499609,-0.25133670445880996,-0.25133670445880996
heuristic,aes_feasible,medium,heavy,strong,slow,1,24.319329438601045,0.0,1.0,0.9662145414064699,2.06036560623847,0.040726747829672075,0.0494555218844824,0.0,14.649943041175264,0.004701537545770407,1.0,0.0,1.210929682634973,1.0,,0.6228393946127635,0.6228393946127635,1.443823486574028,-0.23289380393905512,-0.23289380393905512
heuristic,aes_feasible,high,light,weak,slow,1,85.39095236083757,1.0,0.0,0.1978429066103334,0.3013661594081398,0.29984358648962633,0.02968891300252946,0.0,16.304098476778595,0.02280062437057495,0.0,1.0,3.2663478897663083,1.0,,1.1379160532600887,1.1379160532600887,1.8007872463729475,1.4655606433933608,1.4655606433933608
heuristic,aes_feasible,high,nominal,strong,nominal,1,95.4067250862919,1.0,0.0,0.5082515679526907,0.9224973376435983,0.30920289352948316,0.04292367576702334,0.0,15.778241627696747,0.0077819619327783585,0.0,1.0,3.129659982808108,1.0,,1.037633890098579,1.037633890098579,1.3651667985169964,1.7644931842911116,1.7644931842911116
heuristic,aes_feasible,high,heavy,strong,fast,1,100.41845435739036,1.0,0.0,0.17892902472860017,0.48615116596092633,0.09038141580217902,0.012257872139149919,0.0,14.857373531020144,0.0012819011462852359,0.0,1.0,3.4042346823016634,1.0,,0.853428613107043,0.853428613107043,1.412233548630767,1.9920011336708963,1.9920011336708963
heuristic,drift_required,low,light,weak,slow,1,8.687422698371694,0.0,1.0,1.1292786422258427,1.7368845072152013,0.2416253848007125,0.04534515806805027,0.0,12.986059330998096,0.010694477707147598,1.0,0.0,1.7707756687671905,1.0,,0.30950102375816546,0.30950102375816546,1.8912898127198137,-0.12051414395262317,-0.12051414395262317
heuristic,drift_required,low,light,nominal,slow,1,39.13381235270528,0.0,1.0,1.418146246384645,3.023597521154997,0.20508420305340846,0.058028501724232136,0.0,15.184493517343332,0.00919052679091692,1.0,0.0,1.3195488357419565,1.0,,0.36973108813488675,0.36973108813488675,1.4855585589278602,-0.16600972318590368,-0.16600972318590368
heuristic,drift_required,low,light,strong,fast,1,112.71150342852036,1.0,0.0,0.20327899104596758,0.5040275927974562,0.0634331527514942,0.014360220219875038,0.0,12.806725905618976,0.0029843421652913094,0.0,1.0,2.6852369389870914,1.0,,0.3687295625428752,0.3687295625428752,1.797556909592076,0.8876800293950153,0.8876800293950153
heuristic,drift_required,low,nominal,weak,slow,1,12.284874242788547,0.0,1.0,0.12087057827977865,0.19226732227613041,0.25865991100541713,0.05224495490135743,0.0,14.218043671273383,0.018085051327943802,1.0,0.0,1.8706041448090653,1.0,,0.31051495306732924,0.31051495306732924,2.0292038627719555,-0.15859971796289019,-0.15859971796289019
heuristic,drift_required,low,nominal,strong,slow,1,34.26630024123428,0.0,1.0,1.4796084977824562,2.950435041902743,0.24126986032498438,0.03293040634336052,0.0,14.84878094406387,0.008518761955201626,1.0,0.0,1.4998188588658359,1.0,,0.3695574996613576,0.3695574996613576,1.771900495217066,-0.27208163635123017,-0.27208163635123017
heuristic,drift_required,low,heavy,weak,slow,2,62.066046666816696,0.5,0.5,0.465155732149533,1.0385760256208343,0.20286724957899205,0.09809948611636328,0.0,14.630512300564519,0.009457989362999797,0.5,0.5,1.669001741276142,1.0,,0.3080938175562572,0.3505865317559843,1.4713344349008528,0.19766730637528895,-0.10098119019740426
heuristic,drift_required,medium,light,weak,slow,4,38.713636287074905,0.25,0.75,0.5043784854260664,0.9687972301692263,0.1848511745068312,0.03337441631981196,0.0,15.079719552330449,0.00787741580279544,0.75,0.25,1.6860613737346084,1.0,,0.49530859641710645,0.6241080415627123,1.5794728960636124,0.106588477670996,-0.21704741628589774
heuristic,drift_required,medium,light,nominal,slow,1,16.831234668951808,0.0,1.0,1.2373429462795134,2.2006680583267126,0.06300485461071757,0.015694327611948174,0.0,12.207209615765032,0.0036581142339855433,1.0,0.0,1.1953791262277311,1.0,,0.6743618090100392,0.6743618090100392,1.3645207269542936,-0.16914160072656248,-0.16914160072656248
heuristic,drift_required,medium,light,strong,nominal,1,80.96132211457402,1.0,0.0,0.21276471765864674,0.37908617440052694,0.18968501249926223,0.03517642279818015,0.0,14.869450739926805,0.013766007497906685,0.0,1.0,1.7795000536859933,1.0,,0.5978136663198397,0.5978136663198397,1.4714181207221866,0.3080819329638067,0.3080819329638067
heuristic,drift_required,medium,light,strong,slow,3,59.84621884900986,0.3333333333333333,0.6666666666666666,0.9496385004169507,1.9432942066211396,0.15838029442339296,0.0324750798286071,0.0,13.444111068718023,0.0054080120753496885,0.6666666666666666,0.3333333333333333,1.6205016517508304,1.0,,0.47640473981011805,0.7763286494349086,1.6508694230065553,-0.0303677712557248,-0.2618806512197758
heuristic,drift_required,medium,nominal,weak,nominal,1,9.648523042672924,0.0,1.0,0.4470113112470387,0.4725883050298023,0.3043768220931084,0.017334214834456633,0.0,11.60822761578733,0.010086031630635262,1.0,0.0,1.3917282685129857,1.0,,0.6804324097662902,0.6804324097662902,1.4609533252776772,-0.06922505676469148,-0.06922505676469148
heuristic,drift_required,medium,nominal,weak,slow,1,91.61194088959913,1.0,0.0,0.12172029999017345,0.18379445041822606,0.21564337422328056,0.04165929348883717,0.0,12.30492019296091,0.020918214693665504,0.0,1.0,1.940214155568363,1.0,,0.7370294740550716,0.7370294740550716,1.9275293698951947,0.01268478567316822,0.01268478567316822
heuristic,drift_required,medium,nominal,strong,slow,1,24.015883864093006,0.0,1.0,0.44616370856907667,0.9415897295179718,0.10357366132260372,0.01657875892535035,0.0,14.20606240713839,0.004681633319705725,1.0,0.0,1.6575329684815476,1.0,,0.5083786824002648,0.5083786824002648,1.8076510728443016,-0.15011810436275397,-0.15011810436275397
heuristic,drift_required,medium,heavy,weak,slow,1,16.782495984482278,0.0,1.0,0.6307181510596988,1.2426386254022148,0.08691173757403604,0.017537669880369203,0.0,15.32926384902961,0.004165737424045801,1.0,0.0,1.3692213438524115,1.0,,0.6983525561487404,0.6983525561487404,1.6599741796546992,-0.2907528358022877,-0.2907528358022877
heuristic,drift_required,medium,heavy,strong,nominal,2,46.77212875643696,0.5,0.5,0.21727449250693198,0.3526898026326748,0.21681726477431829,0.03240851652470707,0.0,14.572211166825841,0.01467795018106699,0.5,0.5,1.9654861866667073,1.0,,0.6320421410615533,0.7920644401668309,1.7550936338805896,0.21039255278611757,-0.02694971294840598
heuristic,drift_required,medium,heavy,strong,slow,1,19.944971566348983,0.0,1.0,0.8432707875281287,1.5276853523997787,0.15046723011164997,0.013010569292993898,0.0,14.512465451136029,0.0029464405961334705,1.0,0.0,1.7016837920677552,1.0,,0.693508278743453,0.693508278743453,1.8541651058258188,-0.15248131375806362,-0.15248131375806362
heuristic,drift_required,high,light,weak,nominal,1,20.746190744535376,0.0,1.0,0.5235453110436157,0.7268771551214996,0.270671425754829,0.05929505618881748,0.0,12.475318313553545,0.002879910869523883,1.0,0.0,1.7504191042543082,1.0,,1.1343545674698263,1.1343545674698263,1.777326913470966,-0.026907809216657697,-0.026907809216657697
heuristic,drift_required,high,light,weak,slow,2,103.4569579391316,1.0,0.0,0.23434603727565287,0.4393587827630405,0.1477524333768778,0.05611775627201086,0.0,13.698883189378698,0.01091745588928461,0.0,1.0,2.9027950371015265,1.0,,0.950977398240298,1.0710698042720597,1.4088635068004915,1.493931530301035,0.42548795566519493
heuristic,drift_required,high,light,strong,slow,3,75.53123283032637,0.6666666666666666,0.3333333333333333,0.730575159652886,1.3080525102189735,0.21163007578615836,0.04019529191242737,0.0,12.70622682061852,0.008517281074697772,0.3333333333333333,0.6666666666666666,1.9697526426174015,1.0,,0.8130812321303102,0.9693457896576536,1.6463381549635105,0.3234144876538909,-0.027871094914033057
heuristic,drift_required,high,nominal,weak,slow,1,31.918971747984898,0.0,1.0,1.579639652206167,3.1286324912633887,0.2565225801315915,0.06335007481953686,0.0,15.317285630045149,0.009826934896409512,1.0,0.0,1.7469877668015668,1.0,,1.0088775535776806,1.0088775535776806,1.930732521404365,-0.18374475460279815,-0.18374475460279815
heuristic,drift_required,high,nominal,strong,nominal,1,48.74867227176824,0.0,1.0,0.5593857319115623,1.294504438184724,0.09659724638611168,0.011016251614150941,0.0,12.573430779567284,0.0027857371605932713,1.0,0.0,1.8477405239585283,1.0,,1.1165422124426494,1.1165422124426494,1.9340852542221487,-0.08634473026362044,-0.08634473026362044
heuristic,drift_required,high,nominal,strong,slow,2,12.492393026064025,0.0,1.0,0.30758413556036884,0.35318742220096055,0.1820317567728763,0.045626768251819085,0.0,13.982229229259008,0.012658403487876058,1.0,0.0,1.6316551042546419,1.0,,0.8604535779883853,0.912150348531007,1.6769088952972515,-0.045253791042609515,-0.057599376144075176
heuristic,drift_required,high,heavy,weak,nominal,1,43.75883822202799,0.0,1.0,0.7833302060509021,1.600473367910574,0.15600142078452658,0.006741542559833563,0.0,11.969622577792348,0.0034040985628962517,1.0,0.0,1.58427805423405,1.0,,1.085039483798662,1.085039483798662,1.7084805989281389,-0.12420254469408887,-0.12420254469408887
heuristic,drift_required,high,heavy,weak,slow,4,71.56486482576629,0.5,0.5,0.8773847046198511,1.8607545447749771,0.15460586370858867,0.020880067361555253,0.0,13.260468154297506,0.0034505235380493104,0.5,0.5,1.9321939819412588,1.0,,0.8000107606493485,0.9561451211359744,1.815043576377828,0.1171504055634307,-0.20632548296108477
heuristic,drift_required,high,heavy,nominal,slow,3,50.72481116897137,0.3333333333333333,0.6666666666666666,0.42282628069689393,0.7053114398397872,0.20805445474884854,0.0242641515214629,0.0,13.397978321622352,0.0084029627032578,0.6666666666666666,0.3333333333333333,2.0486500078575234,1.0,,1.0251712454894735,1.1395938985083103,1.7494537265923926,0.2991962812651308,-0.019978363972800395
heuristic,drift_required,high,heavy,strong,fast,1,9.504241681035964,0.0,1.0,1.1341653199183406,1.7754603615391815,0.2927230241076301,0.042835646784363926,0.0,15.394029010855109,0.011734346859157085,1.0,0.0,1.4709620081893635,1.0,,0.97248075823433,0.97248075823433,1.7806630460987471,-0.30970103790938364,-0.30970103790938364
heuristic,drift_required,high,heavy,strong,nominal,1,44.055522925460124,0.0,1.0,0.3958994562764603,0.8918474592507124,0.1211824907275236,0.034001639991239875,0.0,12.69529778278839,0.0024566396605223417,1.0,0.0,1.7878908444655757,1.0,,1.0195134981449236,1.0195134981449236,1.8048891959142965,-0.01699835144872086,-0.01699835144872086
heuristic,drift_required,high,heavy,strong,slow,3,62.76532940666587,0.6666666666666666,0.3333333333333333,0.3095649408303392,0.4446078900579546,0.09000954204335261,0.06543473537576988,0.0,14.13007801373247,0.004559381709744533,0.3333333333333333,0.6666666666666666,1.9296229141602923,1.0,,0.8628543068986263,0.9618700739329533,1.761468957495812,0.16815395666448021,-0.009966956732587517
heuristic,unavoidable,low,light,strong,slow,2,1.9262849889068967,0.0,1.0,0.36428039930872286,0.398838432484645,0.20513044026543503,0.02481730385015802,0.0,12.532994591225105,0.010644844733178616,1.0,0.0,1.7490300660140397,1.0,,0.3696623316774903,0.37182495448151576,1.7780040557296275,-0.028973989715587845,-0.04085847318829461
heuristic,unavoidable,low,heavy,weak,slow,1,5.412561689997002,0.0,1.0,0.06432807074727874,0.12265862233434888,0.24647733050394907,0.02876139700387511,0.0,12.340029324671224,0.01893729530274868,1.0,0.0,1.7876257516054177,1.0,,0.4485116947744147,0.4485116947744147,1.9011317103480465,-0.11350595874262881,-0.11350595874262881
heuristic,unavoidable,low,heavy,strong,nominal,1,27.046271389611636,0.0,1.0,0.25673000171800714,0.425679638714314,0.21155243446101785,0.09031443788440804,0.0,14.508680271538058,0.014119451865553856,1.0,0.0,1.339654816179423,1.0,,0.4005652540728336,0.4005652540728336,1.4521460615258805,-0.11249124534645749,-0.11249124534645749
heuristic,unavoidable,medium,light,weak,slow,1,3.3782827766347268,0.0,1.0,0.12839777234412597,0.25091808618525135,0.041600313675108816,0.01077344993586852,0.0,13.152047112882244,0.0030974927358329296,1.0,0.0,1.5011503018915424,1.0,,0.5760389855741188,0.5760389855741188,1.6493736300610382,-0.1482233281694958,-0.1482233281694958
heuristic,unavoidable,medium,light,nominal,slow,1,3.4068135977430636,0.0,1.0,0.4475487279031526,0.5789626024740002,0.22633644634514696,0.019359646361147533,0.0,12.964870647070157,0.0017221871530637145,1.0,0.0,1.7964166194974167,1.0,,0.5418642261913483,0.5418642261913483,1.8915468586167115,-0.09513023911929475,-0.09513023911929475
heuristic,unavoidable,medium,light,strong,slow,2,14.52363103373338,0.0,1.0,0.31894631540448826,0.5322583147669313,0.04390826066727637,0.03660493413206664,0.0,13.969869743795433,0.0036244578659534454,1.0,0.0,1.4823555646789166,1.0,,0.5986074728388353,0.6437543719035683,1.5033215090089145,-0.020965944329997876,-0.0283195265512437
heuristic,unavoidable,medium,nominal,nominal,slow,1,18.09231904994861,0.0,1.0,0.21929090264928552,0.2734465258596046,0.11599129684213683,0.01417245357681522,0.0,14.25480845934573,0.01147635281085968,1.0,0.0,1.7937546215532028,1.0,,0.5770900856089534,0.5770900856089534,1.8406673009095882,-0.046912679356385434,-0.046912679356385434
heuristic,unavoidable,medium,heavy,nominal,slow,1,6.667325144107398,0.0,1.0,0.32162400359624593,0.5311654961381791,0.13930970390091776,0.07092874752071908,0.0,11.73721950865982,0.007323134690523148,1.0,0.0,1.47469508854452,1.0,,0.7267525874444074,0.7267525874444074,1.5807994088468171,-0.1061043203022971,-0.1061043203022971
heuristic,unavoidable,medium,heavy,strong,fast,1,9.05719269458502,0.0,1.0,0.5938178348041672,0.9407032057742484,0.14896660009769816,0.04202259582424643,0.0,12.545990999815638,0.002218732377514243,1.0,0.0,1.729800284126542,1.0,,0.5784093202617614,0.5784093202617614,1.9525806823369538,-0.22278039821041173,-0.22278039821041173
heuristic,unavoidable,medium,heavy,strong,slow,4,17.03077963747543,0.0,1.0,0.265758414522411,0.522461454204997,0.12518296326096978,0.020954692267019716,0.0,13.706422210762184,0.00836747614084743,1.0,0.0,1.6469007055719755,1.0,,0.4773991674187459,0.7811960657939303,1.7298681487228498,-0.08296744315087401,-0.16142591976336385
heuristic,unavoidable,high,light,strong,fast,1,14.527142134210148,0.0,1.0,0.3674377659791079,0.5031290562708008,0.25044266894469264,0.053144688360782975,0.0,14.059182312859692,0.016947291791439056,1.0,0.0,1.2975210336539769,1.0,,1.1266954544139025,1.1266954544139025,1.392455980424549,-0.09493494677057224,-0.09493494677057224
heuristic,unavoidable,high,light,strong,nominal,1,14.577706805698703,0.0,1.0,0.6096091334428086,1.0448021798005556,0.10750723122638957,0.017695170160070016,0.0,12.370205467731845,0.005996957421302795,1.0,0.0,1.7220132465778277,1.0,,1.0653269107097856,1.0653269107097856,1.9363009817083872,-0.21428773513055943,-0.21428773513055943
heuristic,unavoidable,high,nominal,weak,slow,1,8.010664913132658,0.0,1.0,0.18942397591578447,0.23107170353621598,0.05601382398861041,0.03300997782682001,0.0,13.41683096822786,0.005511576775461435,1.0,0.0,1.4641584758598034,1.0,,1.0715747723481348,1.0715747723481348,1.6774948394813016,-0.21333636362149822,-0.21333636362149822
heuristic,unavoidable,high,heavy,weak,slow,3,6.623763141428846,0.0,1.0,0.5803947130628567,0.76530977013766,0.1945064669649599,0.017488036977574138,0.0,12.356631734170437,0.008147589668321112,1.0,0.0,1.6499616912335107,1.0,,0.8135269996246313,1.1212414770341304,1.7286580439308556,-0.07869635269734498,-0.185192120401952
heuristic,unavoidable,high,heavy,nominal,fast,1,5.148135502416121,0.0,1.0,0.3833449292911324,0.5183951197713199,0.2037260266165806,0.015911365263844877,0.0,11.466940672050804,0.010587264783680439,1.0,0.0,1.6747813480066984,1.0,,1.0293604851385483,1.0293604851385483,1.7978318185402666,-0.12305047053356821,-0.12305047053356821
heuristic,unavoidable,high,heavy,nominal,slow,1,14.127075281997325,0.0,1.0,0.6542637778427353,1.2910812772768452,0.053209785034423085,0.01436774004327362,0.0,14.52263431167909,0.004413874354213476,1.0,0.0,1.821755741589761,1.0,,1.0161804563851007,1.0161804563851007,1.9706511280251635,-0.14889538643540257,-0.14889538643540257
heuristic,unavoidable,high,heavy,strong,fast,1,23.721238507506452,0.0,1.0,0.5075533672132658,1.1323833903051863,0.05740414940266118,0.007297627014130591,0.0,14.393200340222554,0.003231503302231431,1.0,0.0,1.69959125069384,1.0,,1.108580078639291,1.108580078639291,1.8396518708453253,-0.14006062015148535,-0.14006062015148535
heuristic,unavoidable,high,heavy,strong,slow,1,18.982546102315922,0.0,1.0,0.5869330583968183,1.056585800807433,0.12369362687844458,0.0826129747603165,0.0,11.852911255143718,0.003473228309303522,1.0,0.0,1.57039609775272,1.0,,0.8610854962220438,0.8610854962220438,1.7449499605333707,-0.17455386278065066,-0.17455386278065066
m290x64_a500,aes_feasible,low,heavy,nominal,slow,1,110.11582430823228,1.0,0.0,0.732364298058353,1.6549748463194973,0.3016764576351734,0.023523347461008516,0.0,10.253859100477685,0.005259095225483179,0.0,1.0,5.16052593462075,1.0,,0.3478806717182057,0.3478806717182057,1.447043562337953,3.7134823722827974,3.7134823722827974
m290x64_a500,aes_feasible,medium,light,weak,slow,1,87.47164192231611,1.0,0.0,1.4895750597372885,3.700957571189292,0.08446918016653772,0.07073388787622514,0.0,10.192379343739276,0.017078418284654617,0.0,1.0,4.955642221111804,1.0,,0.6198971505698847,0.6198971505698847,1.4657179967808327,3.489924224330971,3.489924224330971
m290x64_a500,aes_feasible,medium,light,strong,fast,1,78.76831082304372,1.0,0.0,1.2607354032474196,2.134604411635614,0.10476260924188618,0.4329220596308156,0.09090909090909091,12.960181381838918,0.015483420342206955,0.0,1.0,4.4289533472779,1.0,,0.5199566484910332,0.5199566484910332,1.410649783395996,3.018303563881904,3.018303563881904
m290x64_a500,aes_feasible,medium,nominal,nominal,slow,1,69.67701641636485,1.0,0.0,2.4124000660594453,5.7046172326240026,0.2498682226837117,0.07540361367238448,0.0,10.939512028913024,0.022765083238482475,0.0,1.0,6.622004519919298,1.0,,0.7806370971264489,0.7806370971264489,1.7185908481200007,4.9034136717992975,4.9034136717992975
m290x64_a500,aes_feasible,medium,heavy,weak,slow,1,100.62344054061056,1.0,0.0,0.874932853962648,2.5794010817015973,0.16652324035240396,0.06110910175418296,0.0,12.301007467478858,0.0161135271191597,0.0,1.0,6.251550218923325,1.0,,0.7374008000351153,0.7374008000351153,1.9902178648499609,4.261332354073364,4.261332354073364
m290x64_a500,aes_feasible,medium,heavy,strong,slow,1,78.40929433788843,1.0,0.0,0.6922139349069972,1.6539741746466774,0.020150957723686736,0.0524810059290193,0.0,13.44079427487022,0.017332959920167923,0.0,1.0,3.3677817767644536,1.0,,0.6228393946127635,0.6228393946127635,1.443823486574028,1.9239582901904255,1.9239582901904255
m290x64_a500,aes_feasible,high,light,weak,slow,1,77.46427933460285,1.0,0.0,1.2064207716138442,2.8243065790044426,0.3016480715602577,0.03565828176654458,0.0,15.15225569000886,0.019107770174741745,0.0,1.0,5.1598777726852365,1.0,,1.1379160532600887,1.1379160532600887,1.8007872463729475,3.359090526312289,3.359090526312289
m290x64_a500,aes_feasible,high,nominal,strong,nominal,1,86.23971328907076,1.0,0.0,0.982815711168208,2.8386532932363764,0.2815054099961234,0.04898814231972155,0.0,13.170245460618597,0.01962212659418583,0.0,1.0,5.500358502256118,1.0,,1.037633890098579,1.037633890098579,1.3651667985169964,4.135191703739121,4.135191703739121
m290x64_a500,aes_feasible,high,heavy,strong,fast,1,67.3394028201877,1.0,0.0,2.7501827563641945,6.114817129554723,0.07246134755414582,0.047023220787499063,0.0,11.708721311825316,0.018476372584700584,0.0,1.0,7.527517548914321,1.0,,0.853428613107043,0.853428613107043,1.412233548630767,6.115284000283554,6.115284000283554
m290x64_a500,drift_required,low,light,weak,slow,1,71.2296257009967,1.0,0.0,0.4914574911376693,0.7110801650254501,0.20011410075723324,0.21889987519248527,0.0,12.435217825545696,0.02846568450331688,0.0,1.0,2.174180043493847,1.0,,0.30950102375816546,0.30950102375816546,1.8912898127198137,0.2828902307740333,0.2828902307740333
m290x64_a500,drift_required,low,light,nominal,slow,1,107.71741579080425,1.0,0.0,0.2591342125966639,0.36036430245451356,0.10997670467920592,0.4257857044809548,0.0898876404494382,12.724822252863135,0.009403319098055363,0.0,1.0,3.8234335600581373,1.0,,0.36973108813488675,0.36973108813488675,1.4855585589278602,2.337875001130277,2.337875001130277
m290x64_a500,drift_required,low,light,strong,fast,1,45.20196483744472,1.0,0.0,0.3839694684645512,0.8361105349606319,0.6759929622236172,1.5707961721814394,0.6271186440677966,9.004359500970951,0.02267415262758732,0.0,1.0,2.41275603159315,1.0,,0.3687295625428752,0.3687295625428752,1.797556909592076,0.6151991220010742,0.6151991220010742
m290x64_a500,drift_required,low,nominal,weak,slow,1,66.25739959983805,1.0,0.0,0.9116761242846297,1.6849913915668822,0.25044278281766147,0.10233652772154517,0.0,13.290990239227012,0.024753181263804436,0.0,1.0,2.6535012742328328,1.0,,0.31051495306732924,0.31051495306732924,2.0292038627719555,0.6242974114608772,0.6242974114608772
m290x64_a500,drift_required,low,nominal,strong,slow,1,94.0909285442836,1.0,0.0,0.7411580723187012,0.8846495192556532,0.20905245736461991,0.04968996711050559,0.0,12.904829751622755,0.008799408562481403,0.0,1.0,3.026557711388877,1.0,,0.3695574996613576,0.3695574996613576,1.771900495217066,1.254657216171811,1.254657216171811
m290x64_a500,drift_required,low,heavy,weak,slow,2,60.405905817631194,0.5,0.5,0.34896889116656626,0.7017488488702774,0.1951828245156222,0.13313672209411476,0.0,13.994405207536253,0.01816749107092619,0.5,0.5,1.8170507408772165,1.0,,0.3080938175562572,0.3505865317559843,1.4713344349008528,0.3457163059763636,-0.028910432304787514
m290x64_a500,drift_required,medium,light,weak,slow,4,78.49495705185781,1.0,0.0,0.3236106755755328,0.5885366737414426,0.17856345742624374,0.028866636398680486,0.0,14.300332354245583,0.017866635229438543,0.0,1.0,2.593994924416969,1.0,,0.49530859641710645,0.6241080415627123,1.5794728960636124,1.014522028353357,0.45280675662020675
m290x64_a500,drift_required,medium,light,nominal,slow,1,77.2347439599536,1.0,0.0,0.8067973454970339,1.948169904064443,0.04255784088938206,0.041670576087331775,0.0,10.970733986539386,0.021984172984957695,0.0,1.0,2.884631903991049,1.0,,0.6743618090100392,0.6743618090100392,1.3645207269542936,1.5201111770367552,1.5201111770367552
m290x64_a500,drift_required,medium,light,strong,nominal,1,76.88439316579164,1.0,0.0,0.7114130905074055,1.499895035309713,0.1758207214639751,0.049155729721115454,0.0,13.659115709343045,0.019984181970357895,0.0,1.0,2.8685782989441875,1.0,,0.5978136663198397,0.5978136663198397,1.4714181207221866,1.397160178222001,1.397160178222001
m290x64_a500,drift_required,medium,light,strong,slow,3,97.0124427427234,1.0,0.0,0.4662578517915941,1.264302268807576,0.15242745447887632,0.04499110215280103,0.0,11.551080802217271,0.014693840717275938,0.0,1.0,3.565996579731266,1.0,,0.47640473981011805,0.7763286494349086,1.6508694230065553,1.9151271567247108,1.4377628012303956
m290x64_a500,drift_required,medium,nominal,weak,nominal,1,65.56270541455288,1.0,0.0,0.6226201535023226,1.5679785138584563,0.29309470136860793,0.0262752077191001,0.0,10.514395749188383,0.022545279935002327,0.0,1.0,2.0201715376999627,1.0,,0.6804324097662902,0.6804324097662902,1.4609533252776772,0.5592182124222855,0.5592182124222855
m290x64_a500,drift_required,medium,nominal,weak,slow,1,79.727774621094,1.0,0.0,1.6609265707994423,3.7537605073306253,0.19889893281739848,0.04624758604536186,0.0,10.848245734696878,0.01918015256524086,0.0,1.0,4.226290222688854,1.0,,0.7370294740550716,0.7370294740550716,1.9275293698951947,2.298760852793659,2.298760852793659
m290x64_a500,drift_required,medium,nominal,strong,slow,1,83.29237333331386,1.0,0.0,0.9041046504550839,1.9366607150826525,0.06466821548666796,0.16546602163962332,0.0,12.48155117245433,0.02084018848836422,0.0,1.0,3.525494589833179,1.0,,0.5083786824002648,0.5083786824002648,1.8076510728443016,1.7178435169888773,1.7178435169888773
m290x64_a500,drift_required,medium,heavy,weak,slow,1,78.89298218423397,1.0,0.0,0.16263792643096994,0.24128362072330845,0.047153880672634645,0.13368923444534891,0.0,14.714642898610785,0.01590513065457344,0.0,1.0,1.736373835853408,1.0,,0.6983525561487404,0.6983525561487404,1.6599741796546992,0.07639965619870881,0.07639965619870881
m290x64_a500,drift_required,medium,heavy,strong,nominal,2,76.61069068198691,1.0,0.0,0.8313463812229134,1.799661208536211,0.1694269816786171,0.11548543261474813,0.0,12.814135707856153,0.019078212790191174,0.0,1.0,3.116356776981659,1.0,,0.6320421410615533,0.7920644401668309,1.7550936338805896,1.3612631431010698,0.6224935150968234
m290x64_a500,drift_required,medium,heavy,strong,slow,1,79.92971728401162,1.0,0.0,0.3531383235363778,0.7811599327694339,0.0956372547476773,0.10381255611952811,0.0,13.243655774864399,0.01825762167572975,0.0,1.0,2.623441583287853,1.0,,0.693508278743453,0.693508278743453,1.8541651058258188,0.769276477462034,0.769276477462034
m290x64_a500,drift_required,high,light,weak,nominal,1,76.27049599183596,1.0,0.0,0.8718845850707396,2.3967327521544846,0.2569265033180165,0.06155835915344291,0.0,11.669413058087333,0.019710110500454903,0.0,1.0,2.951256053265474,1.0,,1.1343545674698263,1.1343545674698263,1.777326913470966,1.1739291397945082,1.1739291397945082
m290x64_a500,drift_required,high,light,weak,slow,2,82.71874471397443,1.0,0.0,2.0589536235574877,4.814959465734162,0.14972686525624077,0.04549115683432858,0.0,12.16265002542072,0.02170538529753685,0.0,1.0,6.026806894131355,1.0,,0.950977398240298,1.0710698042720597,1.4088635068004915,4.617943387330864,3.6128384797305846
m290x64_a500,drift_required,high,light,strong,slow,3,73.48225444492175,1.0,0.0,1.8018294224761622,4.081288681943586,0.1885286348768087,0.06718172938252161,0.0,10.217831525019728,0.019480260089039803,0.0,1.0,4.8533177094777065,1.0,,0.8130812321303102,0.9693457896576536,1.6463381549635105,3.2069795545141955,1.8897508300218693
m290x64_a500,drift_required,high,nominal,weak,slow,1,89.01479791690394,1.0,0.0,0.6939293094403763,0.9588327281844613,0.23887018718723696,0.07204343060189246,0.0,13.593352144971899,0.021815907210111618,0.0,1.0,3.6163723215110273,1.0,,1.0088775535776806,1.0088775535776806,1.930732521404365,1.6856398001066624,1.6856398001066624
m290x64_a500,drift_required,high,nominal,strong,nominal,1,62.787608857691765,1.0,0.0,3.36531108343622,7.315129248815708,0.06241598138895802,0.08984957869102465,0.0,10.485676288354929,0.024969780817627907,0.0,1.0,7.430975492043999,1.0,,1.1165422124426494,1.1165422124426494,1.9340852542221487,5.496890237821851,5.496890237821851
m290x64_a500,drift_required,high,nominal,strong,slow,2,65.23065820621987,1.0,0.0,1.133869283589652,2.3379941978986807,0.16962538618691067,0.055686559985738904,0.0,12.47590274681971,0.025207222439348698,0.0,1.0,2.5542061383183787,1.0,,0.8604535779883853,0.912150348531007,1.6769088952972515,0.8772972430211271,0.772327325693801
m290x64_a500,drift_required,high,heavy,weak,nominal,1,80.96203548548762,1.0,0.0,2.072383113664165,5.3982713516544365,0.15012322264904718,0.02733302800768427,0.0,10.522625028766251,0.028714805841445923,0.0,1.0,5.117089253169479,1.0,,1.085039483798662,1.085039483798662,1.7084805989281389,3.4086086542413403,3.4086086542413403
m290x64_a500,drift_required,high,heavy,weak,slow,4,72.71316002278117,1.0,0.0,2.424700292002046,5.539705736787868,0.12881867899942845,0.06604784416922622,0.0,11.596218400328324,0.021854403894394636,0.0,1.0,6.643830012464197,1.0,,0.8000107606493485,0.9561451211359744,1.815043576377828,4.828786436086369,3.105145221935462
m290x64_a500,drift_required,high,heavy,nominal,slow,3,55.42763624992015,1.0,0.0,2.7572093406953115,6.027023541039682,0.19547626973643803,0.0434635121510756,0.0,11.300519399196538,0.026521505787968636,0.0,1.0,5.912070306238005,1.0,,1.0251712454894735,1.1395938985083103,1.7494537265923926,4.162616579645611,2.7982879547762396
m290x64_a500,drift_required,high,heavy,strong,fast,1,65.77132503941074,1.0,0.0,0.5903822461451492,1.2006376431931471,0.25395173650263325,0.08445095663016743,0.0,14.04956050750975,0.028519591316580772,0.0,1.0,2.7307687300907064,1.0,,0.97248075823433,0.97248075823433,1.7806630460987471,0.9501056839919593,0.9501056839919593
m290x64_a500,drift_required,high,heavy,strong,nominal,1,65.39741721396018,1.0,0.0,2.83421718950179,6.433473386201882,0.11465155383258137,0.03692480777226913,0.0,10.886032557162368,0.02185976691544056,0.0,1.0,6.2204092430939495,1.0,,1.0195134981449236,1.0195134981449236,1.8048891959142965,4.415520047179653,4.415520047179653
m290x64_a500,drift_required,high,heavy,strong,slow,3,59.897713397779775,1.0,0.0,1.9526610991880116,3.9070423815031816,0.08608166872146501,0.0644217013278892,0.0,12.578296073721376,0.023583844304084778,0.0,1.0,4.3545142209785945,1.0,,0.8628543068986263,0.9618700739329533,1.761468957495812,2.5930452634827827,0.9007053207458076
m290x64_a500,unavoidable,low,light,strong,slow,2,3.2328550609024127,0.0,1.0,0.7440921858873133,1.1646116223513872,0.20274651299476937,0.03414230268251839,0.0,11.708155466159079,0.027297697961330414,1.0,0.0,1.7650028947360035,1.0,,0.3696623316774903,0.37182495448151576,1.7780040557296275,-0.013001160993623917,-0.02212701487858859
m290x64_a500,unavoidable,low,heavy,weak,slow,1,6.306272214549672,0.0,1.0,0.26467414294920727,0.5687589846247931,0.21250395235936123,0.132777756357767,0.0,11.83702688278249,0.025767702609300613,1.0,0.0,1.8691434161722842,1.0,,0.4485116947744147,0.4485116947744147,1.9011317103480465,-0.03198829417576232,-0.03198829417576232
m290x64_a500,unavoidable,low,heavy,strong,nominal,1,77.91340095313814,1.0,0.0,0.2265169938475831,0.4258174296151296,0.22576123840087775,0.06254901374329111,0.0,13.754251216987496,0.015103032812476158,0.0,1.0,1.6297895713953208,1.0,,0.4005652540728336,0.4005652540728336,1.4521460615258805,0.17764350986944022,0.17764350986944022
m290x64_a500,unavoidable,medium,light,weak,slow,1,4.701654517615772,0.0,1.0,0.1995380469043743,0.3759129737652174,0.033206624546785295,0.02575189185152491,0.0,12.742080714732163,0.034073181450366974,1.0,0.0,1.5023782779206456,1.0,,0.5760389855741188,0.5760389855741188,1.6493736300610382,-0.1469953521403926,-0.1469953521403926
m290x64_a500,unavoidable,medium,light,nominal,slow,1,3.903296867391173,0.0,1.0,0.2634874248229999,0.3482647922215705,0.21795879272208257,0.040733248012662246,0.0,12.440674479947074,0.02838754467666149,1.0,0.0,1.764053746818979,1.0,,0.5418642261913483,0.5418642261913483,1.8915468586167115,-0.12749311179773248,-0.12749311179773248
m290x64_a500,unavoidable,medium,light,strong,slow,2,70.60168223869852,1.0,0.0,0.4423263234076118,0.8605170669465068,0.039944151710509954,0.047674452635011355,0.0,12.781657516410842,0.020923707634210587,0.0,1.0,1.7419531801721737,1.0,,0.5986074728388353,0.6437543719035683,1.5033215090089145,0.23863167116325923,0.07256702026399964
m290x64_a500,unavoidable,medium,nominal,nominal,slow,1,72.99303272109441,1.0,0.0,0.7259750490898129,1.3786913112183754,0.10713038708863158,0.03933389172257481,0.0,13.639509298470918,0.01780594512820244,0.0,1.0,2.3792049969623688,1.0,,0.5770900856089534,0.5770900856089534,1.8406673009095882,0.5385376960527806,0.5385376960527806
m290x64_a500,unavoidable,medium,heavy,nominal,slow,1,8.113557708411179,0.0,1.0,0.16840752365749267,0.3987474390962049,0.1310625185787973,0.06967605346824154,0.0,10.95903289821112,0.026504868641495705,1.0,0.0,1.5300137729480476,1.0,,0.7267525874444074,0.7267525874444074,1.5807994088468171,-0.0507856358987695,-0.0507856358987695
m290x64_a500,unavoidable,medium,heavy,strong,slow,4,58.67841025545291,0.75,0.25,0.4021749076647741,0.9356455901637695,0.11540771988067783,0.028204272298233437,0.0,12.524886346115647,0.020713684614747763,0.25,0.75,2.339061115307568,1.0,,0.4773991674187459,0.7811960657939303,1.7298681487228498,0.6091929665847184,-0.06477079255833673
m290x64_a500,unavoidable,high,light,strong,fast,1,13.431870444474207,0.0,1.0,0.4080868153613599,0.5031359414530101,0.26142269298710796,0.03393599374058935,0.0,13.094538603335414,0.023959463462233543,1.0,0.0,1.3499272759920906,1.0,,1.1266954544139025,1.1266954544139025,1.392455980424549,-0.042528704432458486,-0.042528704432458486
m290x64_a500,unavoidable,high,light,strong,nominal,1,75.78593850879031,1.0,0.0,0.7272328702523607,1.915937996083045,0.07693575877543353,0.08015366219670009,0.0,10.861391488050414,0.02599918469786644,0.0,1.0,2.4986026563103385,1.0,,1.0653269107097856,1.0653269107097856,1.9363009817083872,0.5623016746019514,0.5623016746019514
m290x64_a500,unavoidable,high,nominal,weak,slow,1,60.84707289628349,1.0,0.0,1.4234682861908896,3.039230907196327,0.05367969763354401,0.03767374881188477,0.0,12.430274387121992,0.024926092475652695,0.0,1.0,2.6807045154096456,1.0,,1.0715747723481348,1.0715747723481348,1.6774948394813016,1.003209675928344,1.003209675928344
m290x64_a500,unavoidable,high,heavy,weak,slow,3,27.307878695558617,0.3333333333333333,0.6666666666666666,0.7961026398177223,1.6422195926376588,0.1810580074882863,0.036352302073830126,0.0,11.741303020130525,0.027968409781654675,0.6666666666666666,0.3333333333333333,1.9900570628937995,1.0,,0.8135269996246313,1.1212414770341304,1.7286580439308556,0.26139901896294376,-0.04297351819101225
m290x64_a500,unavoidable,high,heavy,nominal,fast,1,61.92277186680029,1.0,0.0,1.2609853010956449,2.995805037763475,0.18568689389812118,0.035978577541288775,0.0,10.691720606759489,0.02776517905294895,0.0,1.0,2.469039220831294,1.0,,1.0293604851385483,1.0293604851385483,1.7978318185402666,0.6712074022910275,0.6712074022910275
m290x64_a500,unavoidable,high,heavy,nominal,slow,1,72.86063287956543,1.0,0.0,0.4069988953528984,1.1431878570312577,0.04218822783660541,0.03168305628007129,0.0,13.626646311512054,0.02281646803021431,0.0,1.0,2.417034887123385,1.0,,1.0161804563851007,1.0161804563851007,1.9706511280251635,0.4463837590982216,0.4463837590982216
m290x64_a500,unavoidable,high,heavy,strong,fast,2,71.9969020996897,1.0,0.0,0.967009845433138,2.4779249100687615,0.09271232237509719,0.032988553843079665,0.0,11.977028332729784,0.02557584084570408,0.0,1.0,2.9648576489207508,1.0,,0.8286570594132712,1.108580078639291,1.8961162765911395,1.0687413723296113,0.19313172936609035
m290x64_a500,unavoidable,high,heavy,strong,slow,1,76.32352665807666,1.0,0.0,0.6791244034436382,1.8726875386120412,0.1172173616337405,0.08286019890671226,0.0,10.810388698872432,0.020290585234761238,0.0,1.0,2.3119267856908228,1.0,,0.8610854962220438,0.8610854962220438,1.7449499605333707,0.5669768251574521,0.5669768251574521
m298pref_a020,aes_feasible,low,heavy,nominal,slow,1,110.11680755782047,1.0,0.0,0.7323506625191838,1.6549318106699076,0.3016807671089189,0.023510436951188696,0.0,10.254098330889644,0.005277858581393957,0.0,1.0,5.160435665090227,1.0,,0.3478806717182057,0.3478806717182057,1.447043562337953,3.713392102752274,3.713392102752274
m298pref_a020,aes_feasible,medium,light,weak,slow,1,87.4759603557453,1.0,0.0,1.4897093860435038,3.701359972276137,0.084488349608215,0.07066277005720369,0.0,10.193703747994007,0.017100051045417786,0.0,1.0,4.955316333647442,1.0,,0.6198971505698847,0.6198971505698847,1.4657179967808327,3.4895983368666093,3.4895983368666093
m298pref_a020,aes_feasible,medium,light,strong,fast,1,78.76580369534985,1.0,0.0,1.2608835913038703,2.134808011193087,0.10479703164674394,0.4330902049556239,0.09090909090909091,12.960697346639375,0.015522925183176994,0.0,1.0,4.42911156305065,1.0,,0.5199566484910332,0.5199566484910332,1.410649783395996,3.0184617796546545,3.0184617796546545
m298pref_a020,aes_feasible,medium,nominal,nominal,slow,1,69.68056516068329,1.0,0.0,2.4128970395012006,5.705959947432341,0.24980626726979197,0.07549590403521286,0.0,10.941295903039817,0.022782158106565475,0.0,1.0,6.621501064927604,1.0,,0.7806370971264489,0.7806370971264489,1.7185908481200007,4.902910216807603,4.902910216807603
m298pref_a020,aes_feasible,medium,heavy,weak,slow,1,100.6434413780472,1.0,0.0,0.874968011066991,2.579515047387403,0.16650092137781633,0.061109095532427674,0.0,12.30301022046431,0.0161411315202713,0.0,1.0,6.250843722854818,1.0,,0.7374008000351153,0.7374008000351153,1.9902178648499609,4.2606258580048575,4.2606258580048575
m298pref_a020,aes_feasible,medium,heavy,strong,slow,1,78.42001057336057,1.0,0.0,0.6922640783789937,1.6541389548338898,0.02005722418274508,0.05248100368681693,0.0,13.442616147358919,0.017343133687973022,0.0,1.0,3.3674787159133257,1.0,,0.6228393946127635,0.6228393946127635,1.443823486574028,1.9236552293392977,1.9236552293392977
m298pref_a020,aes_feasible,high,light,weak,slow,1,77.48801880616202,1.0,0.0,1.2065390901501638,2.824658115709461,0.30163075205906115,0.03575739665297563,0.0,15.155828594052913,0.019125210121273994,0.0,1.0,5.159208210316461,1.0,,1.1379160532600887,1.1379160532600887,1.8007872463729475,3.358420963943513,3.358420963943513
m298pref_a020,aes_feasible,high,nominal,strong,nominal,1,86.2563892138945,1.0,0.0,0.9829414229059273,2.839014413780859,0.28158078820761717,0.04881065924462561,0.0,13.173320496367888,0.019670842215418816,0.0,1.0,5.499433854651221,1.0,,1.037633890098579,1.037633890098579,1.3651667985169964,4.134267056134224,4.134267056134224
m298pref_a020,aes_feasible,high,heavy,strong,fast,1,67.3326752610235,1.0,0.0,2.750851711618687,6.116324490103288,0.07247632378861019,0.04698246988044526,0.0,11.71004099021706,0.018487142398953438,0.0,1.0,7.527650686409014,1.0,,0.853428613107043,0.853428613107043,1.412233548630767,6.1154171377782465,6.1154171377782465
m298pref_a020,drift_required,low,light,weak,slow,1,71.25175446999484,1.0,0.0,0.491419265581921,0.7110801135175677,0.20000329666598587,0.2195798260406013,0.0,12.43752401356656,0.028515182435512543,0.0,1.0,2.1739052085706345,1.0,,0.30950102375816546,0.30950102375816546,1.8912898127198137,0.28261539585082085,0.28261539585082085
m298pref_a020,drift_required,low,light,nominal,slow,1,107.71161142979233,1.0,0.0,0.2589085863410555,0.36006720914035384,0.10989919013433258,0.4251208926302112,0.0898876404494382,12.725279289042968,0.009437152184545994,0.0,1.0,3.8240158836752247,1.0,,0.36973108813488675,0.36973108813488675,1.4855585589278602,2.3384573247473646,2.3384573247473646
m298pref_a020,drift_required,low,light,strong,fast,1,45.19403604871388,1.0,0.0,0.383846907697902,0.83576474956309,0.6760405266238564,1.5707961721822337,0.6271186440677966,9.004442235780662,0.02268153242766857,0.0,1.0,2.413016293327125,1.0,,0.3687295625428752,0.3687295625428752,1.797556909592076,0.615459383735049,0.615459383735049
m298pref_a020,drift_required,low,nominal,weak,slow,1,66.27384264764692,1.0,0.0,0.9117288749336928,1.6849838481767847,0.2503746854028651,0.10275217607126022,0.0,13.29312927311989,0.024811575189232826,0.0,1.0,2.6533494965194904,1.0,,0.31051495306732924,0.31051495306732924,2.0292038627719555,0.6241456337475348,0.6241456337475348
m298pref_a020,drift_required,low,nominal,strong,slow,1,94.08082763946707,1.0,0.0,0.7409640442598451,0.8842633155255157,0.20919120581438327,0.0495862940969232,0.0,12.90572995872865,0.008845314383506775,0.0,1.0,3.0269504008458616,1.0,,0.3695574996613576,0.3695574996613576,1.771900495217066,1.2550499056287956,1.2550499056287956
m298pref_a020,drift_required,low,heavy,weak,slow,2,60.4308845469827,0.5,0.5,0.3491566326969016,0.702376425981182,0.19512975236531221,0.13353078313092606,0.0,13.99597564749747,0.018219972494989634,0.5,0.5,1.8165656520972313,1.0,,0.3080938175562572,0.3505865317559843,1.4713344349008528,0.3452312171963784,-0.029569698005341705
m298pref_a020,drift_required,medium,light,weak,slow,4,78.52036531340111,1.0,0.0,0.3235110530940033,0.5882059638837038,0.17843798893641877,0.029260921074698937,0.0,14.302582958361352,0.017901352141052485,0.0,1.0,2.593637790958028,1.0,,0.49530859641710645,0.6241080415627123,1.5794728960636124,1.0141648948944155,0.4528925723782331
m298pref_a020,drift_required,medium,light,nominal,slow,1,77.23438587437748,1.0,0.0,0.8070386598294769,1.9488392803542354,0.04257442339383296,0.04161472511746916,0.0,10.972135586068216,0.022012807428836823,0.0,1.0,2.8846591155601558,1.0,,0.6743618090100392,0.6743618090100392,1.3645207269542936,1.5201383886058621,1.5201383886058621
m298pref_a020,drift_required,medium,light,strong,nominal,1,76.90604957988896,1.0,0.0,0.7114198216213261,1.4998633239186319,0.17574117087906518,0.04937024971384478,0.0,13.661660111470626,0.020008517429232597,0.0,1.0,2.8683042973539044,1.0,,0.5978136663198397,0.5978136663198397,1.4714181207221866,1.3968861766317178,1.3968861766317178
m298pref_a020,drift_required,medium,light,strong,slow,3,96.78327167154055,1.0,0.0,0.45912086348299314,1.2449642909816536,0.15248280088778557,0.045017734029138695,0.0,11.556708668017867,0.014730707431832949,0.0,1.0,3.5659599280219427,1.0,,0.47640473981011805,0.7763286494349086,1.6508694230065553,1.9150905050153877,1.438583726140933
m298pref_a020,drift_required,medium,nominal,weak,nominal,1,65.56790483632457,1.0,0.0,0.622837411406642,1.5685397453121013,0.2931305757283498,0.02626148059229295,0.0,10.516133773788978,0.02256012335419655,0.0,1.0,2.0201486922222727,1.0,,0.6804324097662902,0.6804324097662902,1.4609533252776772,0.5591953669445955,0.5591953669445955
m298pref_a020,drift_required,medium,nominal,weak,slow,1,79.74257741958324,1.0,0.0,1.66103375517676,3.7540472587856897,0.19894820230477878,0.04618725821565874,0.0,10.850484753654081,0.01921209506690502,0.0,1.0,4.225743624841633,1.0,,0.7370294740550716,0.7370294740550716,1.9275293698951947,2.2982142549464384,2.2982142549464384
m298pref_a020,drift_required,medium,nominal,strong,slow,1,83.29935120341528,1.0,0.0,0.9042470520562772,1.9369131961205497,0.06468365660243001,0.16573684687751383,0.0,12.48197118050926,0.020877297967672348,0.0,1.0,3.5256398902031,1.0,,0.5083786824002648,0.5083786824002648,1.8076510728443016,1.7179888173587985,1.7179888173587985
m298pref_a020,drift_required,medium,heavy,weak,slow,1,78.91340276067093,1.0,0.0,0.1626375730817102,0.24129441081174008,0.04719524579706566,0.13403251607392322,0.0,14.716474325121915,0.015937011688947678,0.0,1.0,1.7361998357520994,1.0,,0.6983525561487404,0.6983525561487404,1.6599741796546992,0.07622565609740017,0.07622565609740017
m298pref_a020,drift_required,medium,heavy,strong,nominal,2,76.6183513597064,1.0,0.0,0.8314702424508407,1.7998804698150934,0.1694562650372164,0.1157795508962749,0.0,12.814746887429308,0.019107772037386894,0.0,1.0,3.116427853790954,1.0,,0.6320421410615533,0.7920644401668309,1.7550936338805896,1.3613342199103649,0.6225735378864696
m298pref_a020,drift_required,medium,heavy,strong,slow,1,79.93561331564887,1.0,0.0,0.3532098473552374,0.7815051291242838,0.09558764651238556,0.10395584798363458,0.0,13.244921889002073,0.018280457705259323,0.0,1.0,2.6234681291144533,1.0,,0.693508278743453,0.693508278743453,1.8541651058258188,0.7693030232886344,0.7693030232886344
m298pref_a020,drift_required,high,light,weak,nominal,1,76.28498675815081,1.0,0.0,0.8720655141069354,2.397268145243757,0.2569649988621616,0.061558338652033966,0.0,11.671787145072637,0.019716791808605194,0.0,1.0,2.950759507798599,1.0,,1.1343545674698263,1.1343545674698263,1.777326913470966,1.173432594327633,1.173432594327633
m298pref_a020,drift_required,high,light,weak,slow,2,82.7487951556246,1.0,0.0,2.058797740860186,4.814615670510779,0.14974467132233368,0.04566721222435324,0.0,12.165840200787915,0.02171432599425316,0.0,1.0,6.025258746498938,1.0,,0.950977398240298,1.0710698042720597,1.4088635068004915,4.616395239698447,3.612545607453901
m298pref_a020,drift_required,high,light,strong,slow,3,73.48117924721008,1.0,0.0,1.8024322636461274,4.08278674715164,0.18857298732997893,0.06711494598697003,0.0,10.220129358305481,0.019501353924473126,0.0,1.0,4.852989043867318,1.0,,0.8130812321303102,0.9693457896576536,1.6463381549635105,3.206650888903807,1.889476268603358
m298pref_a020,drift_required,high,nominal,weak,slow,1,89.0249102401844,1.0,0.0,0.6939405877274957,0.9588182485418599,0.238882336114333,0.07200060506558052,0.0,13.595728936279516,0.021872082725167274,0.0,1.0,3.615698845504911,1.0,,1.0088775535776806,1.0088775535776806,1.930732521404365,1.6849663241005461,1.6849663241005461
m298pref_a020,drift_required,high,nominal,strong,nominal,1,62.782280727945405,1.0,0.0,3.3663878443552866,7.318040579605501,0.062441930141385875,0.08974116874567688,0.0,10.488664552490052,0.025005057454109192,0.0,1.0,7.429809013138789,1.0,,1.1165422124426494,1.1165422124426494,1.9340852542221487,5.4957237589166406,5.4957237589166406
m298pref_a020,drift_required,high,nominal,strong,slow,2,65.23051513822124,1.0,0.0,1.1340114113415742,2.338384826636137,0.16963525575000382,0.05566844093954158,0.0,12.476947381110548,0.025239857845008373,0.0,1.0,2.5542639063834027,1.0,,0.8604535779883853,0.912150348531007,1.6769088952972515,0.8773550110861511,0.7724324858760272
m298pref_a020,drift_required,high,heavy,weak,nominal,1,80.97850079185167,1.0,0.0,2.072903879844638,5.40004231027995,0.15013793495287994,0.027301394279445994,0.0,10.525349166562249,0.02875223383307457,0.0,1.0,5.115591111476225,1.0,,1.085039483798662,1.085039483798662,1.7084805989281389,3.407110512548086,3.407110512548086
m298pref_a020,drift_required,high,heavy,weak,slow,4,72.72902185534679,1.0,0.0,2.425327107032342,5.541359357413276,0.1287770527620799,0.06612855350854205,0.0,11.5990201206967,0.02187226340174675,0.0,1.0,6.6428046191142265,1.0,,0.8000107606493485,0.9561451211359744,1.815043576377828,4.827761042736398,3.104519880795755
m298pref_a020,drift_required,high,heavy,nominal,slow,3,55.42267910259124,1.0,0.0,2.7576696177237765,6.028196616202659,0.19549088485489638,0.04345140644218879,0.0,11.30177043905533,0.02654913564523061,0.0,1.0,5.91194736637529,1.0,,1.0251712454894735,1.1395938985083103,1.7494537265923926,4.162493639782896,2.798223037717362
m298pref_a020,drift_required,high,heavy,strong,fast,1,65.78081282611852,1.0,0.0,0.5904650425852721,1.201014380649859,0.2538959460437165,0.0846053924952704,0.0,14.051449332570632,0.028544684872031212,0.0,1.0,2.7306483044854106,1.0,,0.97248075823433,0.97248075823433,1.7806630460987471,0.9499852583866635,0.9499852583866635
m298pref_a020,drift_required,high,heavy,strong,nominal,1,65.39904445449004,1.0,0.0,2.835035498578793,6.435778280647035,0.11471109455943157,0.03692480576284312,0.0,10.889093746825797,0.021885834634304047,0.0,1.0,6.219219874756716,1.0,,1.0195134981449236,1.0195134981449236,1.8048891959142965,4.414330678842419,4.414330678842419
m298pref_a020,drift_required,high,heavy,strong,slow,3,59.89927327564471,1.0,0.0,1.9529869202204926,3.9079142104725144,0.08607691205313905,0.06442170507809467,0.0,12.579798466274035,0.0236191072811683,0.0,1.0,4.354385323161307,1.0,,0.8628543068986263,0.9618700739329533,1.761468957495812,2.592916365665496,0.9007326022356477
m298pref_a020,unavoidable,low,light,strong,slow,2,3.230897443374822,0.0,1.0,0.7441551784817387,1.1647792501740213,0.2027579489085801,0.03414116037380123,0.0,11.708999162762856,0.027363845147192478,1.0,0.0,1.7648800833711316,1.0,,0.3696623316774903,0.37182495448151576,1.7780040557296275,-0.01312397235849605,-0.02217003900231962
m298pref_a020,unavoidable,low,heavy,weak,slow,1,6.310745541324842,0.0,1.0,0.2646949764644076,0.5688092339151609,0.2124808561363062,0.13286994713351008,0.0,11.837777104607428,0.025806376710534096,1.0,0.0,1.8688057698236984,1.0,,0.4485116947744147,0.4485116947744147,1.9011317103480465,-0.03232594052434812,-0.03232594052434812
m298pref_a020,unavoidable,low,heavy,strong,nominal,1,77.93658300085373,1.0,0.0,0.22648203085118912,0.42581742922690324,0.2256375234211171,0.06296815920316001,0.0,13.756242584922585,0.015113976784050465,0.0,1.0,1.6293678445404767,1.0,,0.4005652540728336,0.4005652540728336,1.4521460615258805,0.17722178301459612,0.17722178301459612
m298pref_a020,unavoidable,medium,light,weak,slow,1,4.707767246248011,0.0,1.0,0.1995331055377604,0.3758758653244527,0.03320731817527828,0.025746026306575118,0.0,12.743362805957961,0.034128040075302124,1.0,0.0,1.5017130298171328,1.0,,0.5760389855741188,0.5760389855741188,1.6493736300610382,-0.14766060024390537,-0.14766060024390537
m298pref_a020,unavoidable,medium,light,nominal,slow,1,3.9079079327997874,0.0,1.0,0.26348173075699227,0.34826485133895346,0.21794554442993622,0.04079055141571297,0.0,12.44159288593162,0.02844224125146866,1.0,0.0,1.763627977889658,1.0,,0.5418642261913483,0.5418642261913483,1.8915468586167115,-0.12791888072705349,-0.12791888072705349
m298pref_a020,unavoidable,medium,light,strong,slow,2,70.6069930653317,1.0,0.0,0.4424005013028337,0.8607576489496651,0.03994304491435077,0.04763672014433908,0.0,12.783716733922065,0.02095466759055853,0.0,1.0,1.7420116572486353,1.0,,0.5986074728388353,0.6437543719035683,1.5033215090089145,0.23869014823972068,0.07269493987301279
m298pref_a020,unavoidable,medium,nominal,nominal,slow,1,73.01963967546023,1.0,0.0,0.7259106288595222,1.3784727719738683,0.10702189249053011,0.03970860578805141,0.0,13.641900016399394,0.0178440660238266,0.0,1.0,2.378770703447219,1.0,,0.5770900856089534,0.5770900856089534,1.8406673009095882,0.5381034025376308,0.5381034025376308
m298pref_a020,unavoidable,medium,heavy,nominal,slow,1,8.115486698876946,0.0,1.0,0.1684391650560702,0.3988703906508917,0.1310684680304793,0.06967605012042778,0.0,10.959853779421497,0.026558689773082733,1.0,0.0,1.5297681223229633,1.0,,0.7267525874444074,0.7267525874444074,1.5807994088468171,-0.0510312865238538,-0.0510312865238538
m298pref_a020,unavoidable,medium,heavy,strong,slow,4,58.679248314586054,0.75,0.25,0.4022888492196147,0.9359351602253412,0.11539938117967273,0.028226493671494518,0.0,12.525687042613832,0.020765728782862425,0.25,0.75,2.3391091638888115,1.0,,0.4773991674187459,0.7811960657939303,1.7298681487228498,0.6092410151659622,-0.06498216609446561
m298pref_a020,unavoidable,high,light,strong,fast,1,13.430921327132857,0.0,1.0,0.40813047419004717,0.5031359400115605,0.26143471068599045,0.033915205816733,0.0,13.095894927269628,0.024006271734833717,1.0,0.0,1.3497755326189242,1.0,,1.1266954544139025,1.1266954544139025,1.392455980424549,-0.042680447805624855,-0.042680447805624855
m298pref_a020,unavoidable,high,light,strong,nominal,1,75.79058004932345,1.0,0.0,0.7275992477821955,1.9169274530142673,0.07696234311593952,0.07998709906843357,0.0,10.863899073324522,0.026006828993558884,0.0,1.0,2.498577003582762,1.0,,1.0653269107097856,1.0653269107097856,1.9363009817083872,0.562276021874375,0.562276021874375
m298pref_a020,unavoidable,high,nominal,weak,slow,1,60.87110872534933,1.0,0.0,1.4236777084394294,3.03967020163374,0.053621503260732846,0.03795543871264042,0.0,12.433242619555198,0.024954786524176598,0.0,1.0,2.6803348474906943,1.0,,1.0715747723481348,1.0715747723481348,1.6774948394813016,1.0028400080093927,1.0028400080093927
m298pref_a020,unavoidable,high,heavy,weak,slow,3,27.3203678410178,0.3333333333333333,0.6666666666666666,0.7962049764998818,1.642512423192026,0.18105321523242798,0.03633528271830552,0.0,11.743252059228213,0.028005193918943405,0.6666666666666666,0.3333333333333333,1.9896160925261352,1.0,,0.8135269996246313,1.1212414770341304,1.7286580439308556,0.2609580485952799,-0.04317909412049614
m298pref_a020,unavoidable,high,heavy,nominal,fast,1,61.93350711221905,1.0,0.0,1.2612458633450159,2.996408411731302,0.18575576986438413,0.035941270891529285,0.0,10.694215260911506,0.02779136411845684,0.0,1.0,2.4687108563129616,1.0,,1.0293604851385483,1.0293604851385483,1.7978318185402666,0.670879037772695,0.670879037772695
m298pref_a020,unavoidable,high,heavy,nominal,slow,1,72.87177101425738,1.0,0.0,0.4071298842695647,1.143542633379795,0.04216329337581584,0.031758722488853766,0.0,13.628152943885425,0.022848445922136307,0.0,1.0,2.4169929707096176,1.0,,1.0161804563851007,1.0161804563851007,1.9706511280251635,0.4463418426844541,0.4463418426844541
m298pref_a020,unavoidable,high,heavy,strong,fast,2,72.00236199622282,1.0,0.0,0.9671870766707171,2.4783454527077,0.09270595977862627,0.032984998712155114,0.0,11.978275166755134,0.02558328863233328,0.0,1.0,2.964707101206522,1.0,,0.8286570594132712,1.108580078639291,1.8961162765911395,1.0685908246153821,0.193235496488811
m298pref_a020,unavoidable,high,heavy,strong,slow,1,76.32972574743698,1.0,0.0,0.6792535224264764,1.8730701544257826,0.11718612505622247,0.08285995531583648,0.0,10.811579814743224,0.020289188250899315,0.0,1.0,2.3118308240220338,1.0,,0.8610854962220438,0.8610854962220438,1.7449499605333707,0.5668808634886631,0.5668808634886631
m298pref_a020_reset,aes_feasible,low,heavy,nominal,slow,1,110.06723351183716,1.0,0.0,0.6488386107987932,1.4260072682676466,0.3028432169826184,0.022902474988867817,0.0,10.58911290189629,0.0031601020600646734,0.0,1.0,5.00688757102184,1.0,,0.3478806717182057,0.3478806717182057,1.447043562337953,3.5598440086838874,3.5598440086838874
m298pref_a020_reset,aes_feasible,medium,light,weak,slow,1,89.0113886033061,1.0,0.0,1.370943854617516,3.354331292153823,0.08685853969017626,0.07494564378283441,0.0,10.27755388872166,0.007829492911696434,0.0,1.0,4.812199088726719,1.0,,0.6198971505698847,0.6198971505698847,1.4657179967808327,3.3464810919458863,3.3464810919458863
m298pref_a020_reset,aes_feasible,medium,light,strong,fast,1,78.30949502447339,1.0,0.0,1.2912238259918805,2.3477957185910583,0.09606655142081974,0.04939064528107786,0.0,13.581775845682596,0.005958673544228077,0.0,1.0,4.515480874710261,1.0,,0.5199566484910332,0.5199566484910332,1.410649783395996,3.104831091314265,3.104831091314265
m298pref_a020_reset,aes_feasible,medium,nominal,nominal,slow,1,65.96777961821755,1.0,0.0,2.516880452951384,5.951804473872009,0.26768002636309046,0.0520487706014523,0.0,10.55421279210873,0.015842223539948463,0.0,1.0,6.547260260818843,1.0,,0.7806370971264489,0.7806370971264489,1.7185908481200007,4.828669412698842,4.828669412698842
m298pref_a020_reset,aes_feasible,medium,heavy,weak,slow,1,100.02318715972999,1.0,0.0,0.8896758463809045,2.5775268596102663,0.16042496387476174,0.061109095532427674,0.0,11.964748809492516,0.005994648672640324,0.0,1.0,6.205952251154012,1.0,,0.7374008000351153,0.7374008000351153,1.9902178648499609,4.215734386304051,4.215734386304051
m298pref_a020_reset,aes_feasible,medium,heavy,strong,slow,1,78.10921954306998,1.0,0.0,0.6835856775326193,1.6195703219843978,0.03029494919182681,0.05248100368681693,0.0,13.003283605858996,0.007670291233807802,0.0,1.0,3.350618910429119,1.0,,0.6228393946127635,0.6228393946127635,1.443823486574028,1.906795423855091,1.906795423855091
m298pref_a020_reset,aes_feasible,high,light,weak,slow,1,74.75183303243745,1.0,0.0,1.2749431973461494,2.996039107104629,0.2992882714979304,0.023619158182621388,0.0,14.299642214987195,0.007738148793578148,0.0,1.0,5.216740620558318,1.0,,1.1379160532600887,1.1379160532600887,1.8007872463729475,3.4159533741853707,3.4159533741853707
m298pref_a020_reset,aes_feasible,high,nominal,strong,nominal,1,86.61631986456355,1.0,0.0,0.8990636249452579,2.565203202772963,0.2831190725223293,0.06850877024135042,0.0,13.136257906484069,0.0075784469954669476,0.0,1.0,5.356597183386989,1.0,,1.037633890098579,1.037633890098579,1.3651667985169964,3.9914303848699926,3.9914303848699926
m298pref_a020_reset,aes_feasible,high,heavy,strong,fast,1,71.86425243826734,1.0,0.0,2.5246032282617668,5.833242151182219,0.06340792507378441,0.06393382229685203,0.0,11.875169369914259,0.01428504940122366,0.0,1.0,7.163643598049237,1.0,,0.853428613107043,0.853428613107043,1.412233548630767,5.75141004941847,5.75141004941847
m298pref_a020_reset,drift_required,low,light,weak,slow,1,67.77980614957822,1.0,0.0,0.5039354041816598,0.740808014840411,0.2249137571437511,0.07725485091005133,0.0,11.810027410002704,0.010157141834497452,0.0,1.0,2.213597407761087,1.0,,0.30950102375816546,0.30950102375816546,1.8912898127198137,0.3223075950412735,0.3223075950412735
m298pref_a020_reset,drift_required,low,light,nominal,slow,1,95.86094424203847,1.0,0.0,0.16892709530856417,0.36006720914035384,0.18990254452393043,0.054326131210563955,0.0,13.368298113687011,0.00410514185205102,0.0,1.0,4.201074526588243,1.0,,0.36973108813488675,0.36973108813488675,1.4855585589278602,2.7155159676603833,2.7155159676603833
m298pref_a020_reset,drift_required,low,light,strong,fast,1,110.53199256563704,1.0,0.0,0.770108237249178,1.6376399984703554,0.05017741752149157,0.03773246269797177,0.0,10.384766732916711,0.004008130170404911,0.0,1.0,4.251444580053104,1.0,,0.3687295625428752,0.3687295625428752,1.797556909592076,2.4538876704610284,2.4538876704610284
m298pref_a020_reset,drift_required,low,nominal,weak,slow,1,65.4052085203237,1.0,0.0,0.9213192971675084,1.690244520819462,0.25869550744969066,0.049406433841761924,0.0,12.96652847217584,0.010440326295793056,0.0,1.0,2.6298945253897412,1.0,,0.31051495306732924,0.31051495306732924,2.0292038627719555,0.6006906626177857,0.6006906626177857
m298pref_a020_reset,drift_required,low,nominal,strong,slow,1,91.0058399450617,1.0,0.0,0.7406529608163269,0.9377873940004662,0.23413496875950437,0.03457505891927382,0.0,13.268007004961808,0.0055618444457650185,0.0,1.0,2.990381065774752,1.0,,0.3695574996613576,0.3695574996613576,1.771900495217066,1.218480570557686,1.218480570557686
m298pref_a020_reset,drift_required,low,heavy,weak,slow,2,84.32305847905567,1.0,0.0,0.3516754390355705,0.6988707057986794,0.21055508083700625,0.06265585845761971,0.0,13.650419399831463,0.007610164815559983,0.0,1.0,1.842713241620972,1.0,,0.3080938175562572,0.3505865317559843,1.4713344349008528,0.37137880672011914,0.018264991888161664
m298pref_a020_reset,drift_required,medium,light,weak,slow,4,76.6691149271871,1.0,0.0,0.334001941801533,0.6169762967886676,0.18483190311891523,0.024547945023115775,0.0,13.728266714361204,0.007056061294861138,0.0,1.0,2.5825695548377974,1.0,,0.49530859641710645,0.6241080415627123,1.5794728960636124,1.0030966587741852,0.3968271140832009
m298pref_a020_reset,drift_required,medium,light,nominal,slow,1,77.78662942184734,1.0,0.0,0.7496912027636403,1.7811960841550558,0.04059680513383583,0.04952339139702822,0.0,10.781283459870076,0.007421975489705801,0.0,1.0,2.791122084666109,1.0,,0.6743618090100392,0.6743618090100392,1.3645207269542936,1.4266013577118153,1.4266013577118153
m298pref_a020_reset,drift_required,medium,light,strong,nominal,1,75.81442349572056,1.0,0.0,0.7210996047194544,1.5288186362453189,0.1920096920401472,0.014629361285284597,0.0,12.928022064050415,0.0071566142141819,0.0,1.0,2.8484445382538057,1.0,,0.5978136663198397,0.5978136663198397,1.4714181207221866,1.3770264175316191,1.3770264175316191
m298pref_a020_reset,drift_required,medium,light,strong,slow,3,96.5928899761214,1.0,0.0,0.4462624059581053,1.1657882189632716,0.14826167609738553,0.043952322791673236,0.0,11.38285368752467,0.0059067243710160255,0.0,1.0,3.487297955814691,1.0,,0.47640473981011805,0.7763286494349086,1.6508694230065553,1.8364285328081358,1.3278699657946977
m298pref_a020_reset,drift_required,medium,nominal,weak,nominal,1,65.6710991461525,1.0,0.0,0.5755184231076428,1.4281040265401828,0.28837972323421923,0.04213501374431031,0.0,10.250463910209502,0.008358625695109367,0.0,1.0,1.955257979182395,1.0,,0.6804324097662902,0.6804324097662902,1.4609533252776772,0.4943046539047178,0.4943046539047178
m298pref_a020_reset,drift_required,medium,nominal,weak,slow,1,78.75906875242136,1.0,0.0,1.7126737920856554,3.803333345993373,0.19228462191107712,0.07276801362787091,0.0,10.496099283031953,0.009563346393406391,0.0,1.0,4.201882967252939,1.0,,0.7370294740550716,0.7370294740550716,1.9275293698951947,2.2743535973577447,2.2743535973577447
m298pref_a020_reset,drift_required,medium,nominal,strong,slow,1,79.6513590067397,1.0,0.0,0.8597964258507766,1.8756724301306207,0.08389544661886092,0.044242716183780555,0.0,12.572237794602408,0.0067450543865561485,0.0,1.0,3.443725115190576,1.0,,0.5083786824002648,0.5083786824002648,1.8076510728443016,1.6360740423462743,1.6360740423462743
m298pref_a020_reset,drift_required,medium,heavy,weak,slow,1,74.42280225009155,1.0,0.0,0.16863017432638375,0.2490160352116746,0.05993697192450373,0.059849676629172295,0.0,14.064220901412074,0.009446630254387856,0.0,1.0,1.7480434918714756,1.0,,0.6983525561487404,0.6983525561487404,1.6599741796546992,0.08806931221677639,0.08806931221677639
m298pref_a020_reset,drift_required,medium,heavy,strong,nominal,2,73.04569770001898,1.0,0.0,0.7835304291087721,1.698002233873634,0.1986177008565409,0.05687810391317367,0.0,12.868877951824597,0.008012261940166354,0.0,1.0,3.063932100904195,1.0,,0.6320421410615533,0.7920644401668309,1.7550936338805896,1.3088384670236055,0.5577933130058219
m298pref_a020_reset,drift_required,medium,heavy,strong,slow,1,79.2629552356695,1.0,0.0,0.3390192008304551,0.7036592006674027,0.11256240285085314,0.06771733551836592,0.0,12.89849303005163,0.008285613730549812,0.0,1.0,2.5524915811838893,1.0,,0.693508278743453,0.693508278743453,1.8541651058258188,0.6983264753580705,0.6983264753580705
m298pref_a020_reset,drift_required,high,light,weak,nominal,1,74.07847903891498,1.0,0.0,1.05766606649017,2.8439588916534433,0.2383545213299402,0.09514992853893223,0.0,10.690950015846546,0.015708481892943382,0.0,1.0,3.032494838699336,1.0,,1.1343545674698263,1.1343545674698263,1.777326913470966,1.25516792522837,1.25516792522837
m298pref_a020_reset,drift_required,high,light,weak,slow,2,76.98335953886544,1.0,0.0,2.4223867544905096,5.633969451035089,0.13880503266906533,0.060207464498776904,0.0,11.293605688571448,0.015475379303097725,0.0,1.0,6.201628494308043,1.0,,0.950977398240298,1.0710698042720597,1.4088635068004915,4.792764987507551,3.545087326344601
m298pref_a020_reset,drift_required,high,light,strong,slow,3,72.1132704387134,1.0,0.0,1.820367120524324,4.17678591548952,0.18400601639340686,0.0892915269761439,0.0,10.102437207198422,0.011712996910015741,0.0,1.0,4.651572104367674,1.0,,0.8130812321303102,0.9693457896576536,1.6463381549635105,3.005233949404164,1.810917815984789
m298pref_a020_reset,drift_required,high,nominal,weak,slow,1,88.93481714648243,1.0,0.0,0.6937712166456532,0.9630462670447599,0.2395478776733453,0.07050770716886688,0.0,13.385642761241321,0.006547199562191963,0.0,1.0,3.582725590507992,1.0,,1.0088775535776806,1.0088775535776806,1.930732521404365,1.6519930691036273,1.6519930691036273
m298pref_a020_reset,drift_required,high,nominal,strong,nominal,1,43.34561110414208,1.0,0.0,3.884195446484643,8.221449196106526,0.05589861226594531,0.11510555022984482,0.0,9.654765159025523,0.014168525114655495,0.0,1.0,7.444382039207075,1.0,,1.1165422124426494,1.1165422124426494,1.9340852542221487,5.510296784984926,5.510296784984926
m298pref_a020_reset,drift_required,high,nominal,strong,slow,2,64.87165274354327,1.0,0.0,1.070898361589216,2.153129688403432,0.16991486266778685,0.05920710896419579,0.0,12.472808847151242,0.009269275702536106,0.0,1.0,2.482226204939631,1.0,,0.8604535779883853,0.912150348531007,1.6769088952972515,0.8053173096423795,0.7088637081811111
m298pref_a020_reset,drift_required,high,heavy,weak,nominal,1,71.63174847451886,1.0,0.0,2.5002379847922103,6.191931865221804,0.13430349507708336,0.05533509429927517,0.0,9.706401892195613,0.015689346939325333,0.0,1.0,5.206495982708034,1.0,,1.085039483798662,1.085039483798662,1.7084805989281389,3.4980153837798955,3.4980153837798955
m298pref_a020_reset,drift_required,high,heavy,weak,slow,4,52.40328422076149,0.75,0.25,2.7567624028286613,6.191035313693192,0.13465452096352373,0.0570660480493381,0.0,10.780698790314144,0.013167728902772069,0.0,0.75,6.691181969763602,1.0,,0.8000107606493485,0.9561451211359744,1.815043576377828,4.876138393385774,3.1652861211187653
m298pref_a020_reset,drift_required,high,heavy,nominal,slow,3,48.92541590901971,1.0,0.0,2.9312169142616895,6.413922146540625,0.1888226959245615,0.0589916713804062,0.0,11.046580012300689,0.017653000230590504,0.0,1.0,5.818527744439159,1.0,,1.0251712454894735,1.1395938985083103,1.7494537265923926,4.069074017846766,2.664712788088548
m298pref_a020_reset,drift_required,high,heavy,strong,fast,1,64.54255243004891,1.0,0.0,0.5744001786253079,1.1283036575967174,0.270817072355542,0.041880494858468585,0.0,13.469987016213564,0.009207766503095627,0.0,1.0,2.681577505936491,1.0,,0.97248075823433,0.97248075823433,1.7806630460987471,0.9009144598377437,0.9009144598377437
m298pref_a020_reset,drift_required,high,heavy,strong,nominal,1,52.20706169853646,1.0,0.0,3.309213412008042,7.2809451690344815,0.0982206828375496,0.058824339181640165,0.0,9.872798860773552,0.015727266669273376,0.0,1.0,6.324192869993435,1.0,,1.0195134981449236,1.0195134981449236,1.8048891959142965,4.519303674079138,4.519303674079138
m298pref_a020_reset,drift_required,high,heavy,strong,slow,3,45.92937131278654,0.6666666666666666,0.3333333333333333,2.0756074547129613,4.114888593330534,0.08635721404790991,0.06442170507809467,0.0,12.282825902688478,0.011634417188664278,0.0,0.6666666666666666,4.326775471258432,1.0,,0.8628543068986263,0.9618700739329533,1.761468957495812,2.56530651376262,0.8503625186944608
m298pref_a020_reset,unavoidable,low,light,strong,slow,2,3.2445297766761954,0.0,1.0,0.732329482409066,1.1283416894717497,0.2044870481055705,0.032751444126361634,0.0,11.672927325070077,0.01251997984945774,1.0,0.0,1.7428564317693942,1.0,,0.3696623316774903,0.37182495448151576,1.7780040557296275,-0.03514762396023341,-0.040297414063942716
m298pref_a020_reset,unavoidable,low,heavy,weak,slow,1,6.454704072654366,0.0,1.0,0.2621991203609318,0.5591981714822936,0.21752637962166937,0.10808639818921773,0.0,11.609222478484641,0.013840640895068645,1.0,0.0,1.8188024069579272,1.0,,0.4485116947744147,0.4485116947744147,1.9011317103480465,-0.08232930339011935,-0.08232930339011935
m298pref_a020_reset,unavoidable,low,heavy,strong,nominal,1,77.11504383222191,1.0,0.0,0.21777165961839853,0.42581742922690324,0.24038420795849688,0.03244328427947069,0.0,13.194569603157044,0.007300655357539654,0.0,1.0,1.6085275977144016,1.0,,0.4005652540728336,0.4005652540728336,1.4521460615258805,0.15638153618852102,0.15638153618852102
m298pref_a020_reset,unavoidable,medium,light,weak,slow,1,4.263352184347973,0.0,1.0,0.20231595322819712,0.3872443081570722,0.03020056487147244,0.02657644107102505,0.0,12.410833220790776,0.012497510761022568,1.0,0.0,1.4805692793126228,1.0,,0.5760389855741188,0.5760389855741188,1.6493736300610382,-0.16880435074841538,-0.16880435074841538
m298pref_a020_reset,unavoidable,medium,light,nominal,slow,1,3.1744994801772037,0.0,1.0,0.26620773103034967,0.34829882834841186,0.22000055311367847,0.02996624468974213,0.0,12.245989059637212,0.011363049037754536,1.0,0.0,1.8436936339858918,1.0,,0.5418642261913483,0.5418642261913483,1.8915468586167115,-0.047853224630819646,-0.047853224630819646
m298pref_a020_reset,unavoidable,medium,light,strong,slow,2,70.86742741908108,1.0,0.0,0.4276726259100525,0.7916000765889457,0.0399226575769576,0.0493159510118933,0.0,12.70763029371296,0.008124732878059149,0.0,1.0,1.693472801499404,1.0,,0.5986074728388353,0.6437543719035683,1.5033215090089145,0.19015129249048968,0.034321898025564845
m298pref_a020_reset,unavoidable,medium,nominal,nominal,slow,1,70.32026021061237,1.0,0.0,0.7429454657367202,1.4150616601169688,0.11639013252114613,0.011935962752887316,0.0,12.90625033458859,0.008239062502980232,0.0,1.0,2.3894796318029052,1.0,,0.5770900856089534,0.5770900856089534,1.8406673009095882,0.548812330893317,0.548812330893317
m298pref_a020_reset,unavoidable,medium,heavy,nominal,slow,1,7.908529664814736,0.0,1.0,0.1607379117920751,0.3669423258261233,0.13132774070401892,0.06967605012042778,0.0,10.918403766600868,0.009877769276499748,1.0,0.0,1.5189619607988871,1.0,,0.7267525874444074,0.7267525874444074,1.5807994088468171,-0.06183744804793001,-0.06183744804793001
m298pref_a020_reset,unavoidable,medium,heavy,strong,slow,4,57.921907169539125,0.75,0.25,0.35238766649048475,0.8004846405776256,0.11876253170469564,0.02251375553588828,0.0,12.540032380703874,0.008968813344836235,0.25,0.75,2.2736891111964663,1.0,,0.4773991674187459,0.7811960657939303,1.7298681487228498,0.5438209624736168,-0.032401437472878936
m298pref_a020_reset,unavoidable,high,light,strong,fast,1,12.389960877532879,0.0,1.0,0.3937161431562317,0.5031359400115605,0.26257508477628294,0.035078083943385706,0.0,12.990341710470904,0.010173479095101357,1.0,0.0,1.3895371490380928,1.0,,1.1266954544139025,1.1266954544139025,1.392455980424549,-0.002918831386456322,-0.002918831386456322
m298pref_a020_reset,unavoidable,high,light,strong,nominal,1,75.7459975659781,1.0,0.0,0.6616949626072531,1.7175285293270548,0.0779983202871082,0.08641144042314632,0.0,10.873702819685047,0.00936359353363514,0.0,1.0,2.4010575662587033,1.0,,1.0653269107097856,1.0653269107097856,1.9363009817083872,0.4647565845503161,0.4647565845503161
m298pref_a020_reset,unavoidable,high,nominal,weak,slow,1,58.78250669392765,1.0,0.0,1.4860618355854551,3.1454552067697037,0.053212970458118805,0.029599674901515993,0.0,11.708406001258686,0.01596624031662941,0.0,1.0,2.6922466588712988,1.0,,1.0715747723481348,1.0715747723481348,1.6774948394813016,1.0147518193899971,1.0147518193899971
m298pref_a020_reset,unavoidable,high,heavy,weak,slow,3,26.452986944149576,0.3333333333333333,0.6666666666666666,0.8389027603195046,1.7430739186550497,0.17600105860934664,0.050590137881609785,0.0,11.310607716923592,0.01431216454754273,0.6666666666666666,0.3333333333333333,1.995198708999644,1.0,,0.8135269996246313,1.1212414770341304,1.7286580439308556,0.2665406650687882,-0.04035117928601428
m298pref_a020_reset,unavoidable,high,heavy,nominal,fast,1,60.8547291948957,1.0,0.0,1.3835198565356817,3.237835892093514,0.16567134018390875,0.07331793789472697,0.0,9.860423492530396,0.019441477954387665,0.0,1.0,2.488642355019978,1.0,,1.0293604851385483,1.0293604851385483,1.7978318185402666,0.6908105364797112,0.6908105364797112
m298pref_a020_reset,unavoidable,high,heavy,nominal,slow,1,71.78403720752038,1.0,0.0,0.3867590203985098,1.0862776221111048,0.04889160322689843,0.01879297069488591,0.0,13.182091135380565,0.009567712433636189,0.0,1.0,2.3615723127893524,1.0,,1.0161804563851007,1.0161804563851007,1.9706511280251635,0.3909211847641889,0.3909211847641889
m298pref_a020_reset,unavoidable,high,heavy,strong,fast,2,73.13327261367807,1.0,0.0,0.9818658460807185,2.4975330407498184,0.08452671829275168,0.053513561304554216,0.0,11.549186696954445,0.013388318940997124,0.0,1.0,2.934951708803876,1.0,,0.8286570594132712,1.108580078639291,1.8961162765911395,1.0388354322127364,0.12481044873921743
m298pref_a020_reset,unavoidable,high,heavy,strong,slow,1,76.67572769430026,1.0,0.0,0.6966859507806181,1.8969046460044225,0.1171577912980749,0.08285995531583648,0.0,10.397378700006971,0.010715224780142307,0.0,1.0,2.2838388997531895,1.0,,0.8610854962220438,0.8610854962220438,1.7449499605333707,0.5388889392198188,0.5388889392198188
m298pref_a020_zero_all,aes_feasible,low,heavy,nominal,slow,1,110.27173871341047,1.0,0.0,0.723611684111585,1.6266858746944166,0.30251504696129367,0.02112932821702229,0.0,10.278517558677695,0.0037867005448788404,0.0,1.0,5.135672492670759,1.0,,0.3478806717182057,0.3478806717182057,1.447043562337953,3.688628930332806,3.688628930332806
m298pref_a020_zero_all,aes_feasible,medium,light,weak,slow,1,87.24584717613311,1.0,0.0,1.5273870587064622,3.711224128145929,0.07994258100734682,0.09912106304075986,0.0,9.854170268294318,0.010247377678751945,0.0,1.0,4.935231476653959,1.0,,0.6198971505698847,0.6198971505698847,1.4657179967808327,3.469513479873126,3.469513479873126
m298pref_a020_zero_all,aes_feasible,medium,light,strong,fast,1,80.2608833104047,1.0,0.0,1.2523114699168802,2.1447465519132507,0.08263684429249793,0.3452321645786225,0.0,12.971771519413991,0.009387779980897903,0.0,1.0,4.424298153236934,1.0,,0.5199566484910332,0.5199566484910332,1.410649783395996,3.0136483698409378,3.0136483698409378
m298pref_a020_zero_all,aes_feasible,medium,nominal,nominal,slow,1,57.7022402106378,1.0,0.0,2.7746832385773774,6.451283437565934,0.2707094922324962,0.050476766896559846,0.0,10.165698966072013,0.013844190165400505,0.0,1.0,6.665776154740449,1.0,,0.7806370971264489,0.7806370971264489,1.7185908481200007,4.947185306620448,4.947185306620448
m298pref_a020_zero_all,aes_feasible,medium,heavy,weak,slow,1,99.81679819787249,1.0,0.0,0.9326222991155432,2.694946436624164,0.15958767375604396,0.06110718465327739,0.0,11.885358907219041,0.008146808482706547,0.0,1.0,6.23914702791558,1.0,,0.7374008000351153,0.7374008000351153,1.9902178648499609,4.248929163065619,4.248929163065619
m298pref_a020_zero_all,aes_feasible,medium,heavy,strong,slow,1,78.90080828015755,1.0,0.0,0.7317065476619362,1.7324988481979844,0.029540092607658594,0.05247982727063722,0.0,12.76121658816356,0.008084801957011223,0.0,1.0,3.382123841568014,1.0,,0.6228393946127635,0.6228393946127635,1.443823486574028,1.938300354993986,1.938300354993986
m298pref_a020_zero_all,aes_feasible,high,light,weak,slow,1,74.62264669186226,1.0,0.0,1.2722586478114444,2.9902572331071653,0.29926429130834337,0.023618410654113055,0.0,14.309209717952399,0.009326629340648651,0.0,1.0,5.205964029268666,1.0,,1.1379160532600887,1.1379160532600887,1.8007872463729475,3.405176782895719,3.405176782895719
m298pref_a020_zero_all,aes_feasible,high,nominal,strong,nominal,1,85.98554606766177,1.0,0.0,0.9912880723723198,2.805952933940226,0.27805113078405863,0.08502251135052158,0.0,12.839263670454317,0.009202240966260433,0.0,1.0,5.453662233035672,1.0,,1.037633890098579,1.037633890098579,1.3651667985169964,4.088495434518675,4.088495434518675
m298pref_a020_zero_all,aes_feasible,high,heavy,strong,fast,1,60.050317772886174,1.0,0.0,2.9819614936465957,6.694705805969868,0.06077383479693987,0.0696390451600925,0.0,11.149560341351924,0.012242031283676624,0.0,1.0,7.412026050928021,1.0,,0.853428613107043,0.853428613107043,1.412233548630767,5.999792502297254,5.999792502297254
m298pref_a020_zero_all,drift_required,low,light,weak,slow,1,68.52228969021844,1.0,0.0,0.506449845632103,0.7593625947932026,0.22266474990848015,0.09120385978120805,0.0,11.703644664235858,0.01137318555265665,0.0,1.0,2.2125504339902173,1.0,,0.30950102375816546,0.30950102375816546,1.8912898127198137,0.32126062127040367,0.32126062127040367
m298pref_a020_zero_all,drift_required,low,light,nominal,slow,1,101.20005375563917,1.0,0.0,0.17587507992394275,0.3600664321000906,0.1469438700896559,0.14230459760035477,0.0,13.049802276645948,0.005478724371641874,0.0,1.0,4.084736882206932,1.0,,0.36973108813488675,0.36973108813488675,1.4855585589278602,2.5991783232790717,2.5991783232790717
m298pref_a020_zero_all,drift_required,low,light,strong,fast,1,54.430979662135655,1.0,0.0,0.47795090951346436,1.3791032114506336,0.63561945525899,1.570796183210811,0.5948275862068966,9.191290266159376,0.015600625425577164,0.0,1.0,2.2016043521864725,1.0,,0.3687295625428752,0.3687295625428752,1.797556909592076,0.4040474425943965,0.4040474425943965
m298pref_a020_zero_all,drift_required,low,nominal,weak,slow,1,65.33166962633037,1.0,0.0,0.9202160579298535,1.685572189632559,0.25734258165953955,0.05700033094173181,0.0,12.89001814703361,0.009553135372698307,0.0,1.0,2.6356212574225744,1.0,,0.31051495306732924,0.31051495306732924,2.0292038627719555,0.6064173946506188,0.6064173946506188
m298pref_a020_zero_all,drift_required,low,nominal,strong,slow,1,92.79887936932874,1.0,0.0,0.7414197710284338,0.8864693514857365,0.2240132642543649,0.03857832525639907,0.0,12.920189310260344,0.0062835607677698135,0.0,1.0,3.023068655895679,1.0,,0.3695574996613576,0.3695574996613576,1.771900495217066,1.251168160678613,1.251168160678613
m298pref_a020_zero_all,drift_required,low,heavy,weak,slow,2,84.15684990947253,1.0,0.0,0.35472199334725585,0.7147653508964247,0.2109555984324335,0.060922978712103365,0.0,13.715615539434648,0.00876523507758975,0.0,1.0,1.830099641431847,1.0,,0.3080938175562572,0.3505865317559843,1.4713344349008528,0.358765206530994,0.01490743033986175
m298pref_a020_zero_all,drift_required,medium,light,weak,slow,4,76.56619597381955,1.0,0.0,0.33544536397733715,0.6268527583982593,0.1846197857437562,0.024653356825005208,0.0,13.65696369307767,0.008759182645007968,0.0,1.0,2.586559028023036,1.0,,0.49530859641710645,0.6241080415627123,1.5794728960636124,1.007086131959424,0.40076736287511716
m298pref_a020_zero_all,drift_required,medium,light,nominal,slow,1,79.22482793014731,1.0,0.0,0.8541404847574682,2.0483332999106594,0.03558327359949133,0.06888192067828625,0.0,10.253831948606582,0.010513100773096085,0.0,1.0,2.864610440813703,1.0,,0.6743618090100392,0.6743618090100392,1.3645207269542936,1.5000897138594096,1.5000897138594096
m298pref_a020_zero_all,drift_required,medium,light,strong,nominal,1,76.11199787605922,1.0,0.0,0.7658950760542131,1.6366907981317098,0.1905106985831408,0.0159500688720283,0.0,12.54095952623515,0.007991076447069645,0.0,1.0,2.9062540821002267,1.0,,0.5978136663198397,0.5978136663198397,1.4714181207221866,1.4348359613780401,1.4348359613780401
m298pref_a020_zero_all,drift_required,medium,light,strong,slow,3,100.76849751200386,1.0,0.0,0.57853276792326,1.5109996232513936,0.15115212087595573,0.12575545697483645,0.0,10.56382473244068,0.007836227770894766,0.0,1.0,3.6114714966867467,1.0,,0.47640473981011805,0.7763286494349086,1.6508694230065553,1.9606020736801912,1.2823593703202243
m298pref_a020_zero_all,drift_required,medium,nominal,weak,nominal,1,65.75675330645699,1.0,0.0,0.6231407449921327,1.5498371899186054,0.28428222940954717,0.056180860853256055,0.0,9.910626474604838,0.011587586253881454,0.0,1.0,2.0018929616464383,1.0,,0.6804324097662902,0.6804324097662902,1.4609533252776772,0.5409396363687611,0.5409396363687611
m298pref_a020_zero_all,drift_required,medium,nominal,weak,slow,1,78.18398694041886,1.0,0.0,1.7140389782940566,3.809055521979161,0.19082169398746138,0.07807444749136137,0.0,10.415968198578586,0.011178846471011639,0.0,1.0,4.225541686326383,1.0,,0.7370294740550716,0.7370294740550716,1.9275293698951947,2.2980123164311883,2.2980123164311883
m298pref_a020_zero_all,drift_required,medium,nominal,strong,slow,1,83.08842716794649,1.0,0.0,0.864574771364022,1.8408522322449912,0.06494306927746002,0.15188688253084498,0.0,12.099206220933933,0.008860720321536064,0.0,1.0,3.4531437452725338,1.0,,0.5083786824002648,0.5083786824002648,1.8076510728443016,1.6454926724282322,1.6454926724282322
m298pref_a020_zero_all,drift_required,medium,heavy,weak,slow,1,73.92160678111944,1.0,0.0,0.16946119334103335,0.25135859969998364,0.0611013323998267,0.05760455264342777,0.0,14.0541980407086,0.010220419615507126,0.0,1.0,1.7389698268437501,1.0,,0.6983525561487404,0.6983525561487404,1.6599741796546992,0.07899564718905094,0.07899564718905094
m298pref_a020_zero_all,drift_required,medium,heavy,strong,nominal,2,74.63857042430493,1.0,0.0,0.8272242644897602,1.8038120480342137,0.1838886769123927,0.07274622302241372,0.0,12.39969281775329,0.009200239321216941,0.0,1.0,3.089689859366496,1.0,,0.6320421410615533,0.7920644401668309,1.7550936338805896,1.3345962254859067,0.6058548345230808
m298pref_a020_zero_all,drift_required,medium,heavy,strong,slow,1,79.95072051749176,1.0,0.0,0.35774740653584003,0.7942315190917526,0.11062373782526215,0.06993982889273369,0.0,12.564087694819264,0.009048184379935265,0.0,1.0,2.583273142514435,1.0,,0.693508278743453,0.693508278743453,1.8541651058258188,0.7291080366886162,0.7291080366886162
m298pref_a020_zero_all,drift_required,high,light,weak,nominal,1,73.30103596603647,1.0,0.0,1.137979428481471,3.0343361502826625,0.23356707468362214,0.10657667812155751,0.0,10.46636022750031,0.015605300664901733,0.0,1.0,3.0695232778640964,1.0,,1.1343545674698263,1.1343545674698263,1.777326913470966,1.2921963643931305,1.2921963643931305
m298pref_a020_zero_all,drift_required,high,light,weak,slow,2,77.25176738679346,1.0,0.0,2.379812700064603,5.534840443547054,0.13808878354556206,0.06035759488601064,0.0,11.314133205823822,0.013247345108538866,0.0,1.0,6.1703821745557015,1.0,,0.950977398240298,1.0710698042720597,1.4088635068004915,4.76151866775521,3.5683933528096694
m298pref_a020_zero_all,drift_required,high,light,strong,slow,3,44.65868217607177,0.6666666666666666,0.3333333333333333,2.363910747522048,5.099048319800727,0.1710838417640863,0.12586851340999194,0.0,8.9772338674972,0.012559682441254457,0.0,0.6666666666666666,4.924441155371357,1.0,,0.8130812321303102,0.9693457896576536,1.6463381549635105,3.278103000407846,2.044789454144245
m298pref_a020_zero_all,drift_required,high,nominal,weak,slow,1,87.87346592661075,1.0,0.0,0.6993364300388814,0.9638950702625735,0.23945219574799145,0.06986565191014532,0.0,13.420442190751682,0.008095065131783485,0.0,1.0,3.5654982161005293,1.0,,1.0088775535776806,1.0088775535776806,1.930732521404365,1.6347656946961644,1.6347656946961644
m298pref_a020_zero_all,drift_required,high,nominal,strong,nominal,1,11.836717065645978,0.0,1.0,4.062617427412352,8.523127276059988,0.05223452936882854,0.1325188776443132,0.0,9.155314394044089,0.013024494983255863,0.0,0.0,7.632400169140766,1.0,,1.1165422124426494,1.1165422124426494,1.9340852542221487,5.698314914918617,5.698314914918617
m298pref_a020_zero_all,drift_required,high,nominal,strong,slow,2,65.32327995459737,1.0,0.0,1.1274974515672422,2.2874911502507516,0.1667082056380108,0.0659260451693507,0.0,12.057270606576033,0.010301277972757816,0.0,1.0,2.5282646516018605,1.0,,0.8604535779883853,0.912150348531007,1.6769088952972515,0.8513557563046094,0.7468449132370649
m298pref_a020_zero_all,drift_required,high,heavy,weak,nominal,1,68.54488039220982,1.0,0.0,2.5834894544673435,6.35051537573483,0.13088157353431795,0.06228075109772682,0.0,9.538603818991549,0.014287779107689857,0.0,1.0,5.256540121644777,1.0,,1.085039483798662,1.085039483798662,1.7084805989281389,3.5480595227166383,3.5480595227166383
m298pref_a020_zero_all,drift_required,high,heavy,weak,slow,4,44.257691541105416,0.5,0.5,2.774885269560424,6.295510168207668,0.13150441227032547,0.06033687500760795,0.0,10.654848996105333,0.012938146712258458,0.0,0.5,6.7399652735365985,1.0,,0.8000107606493485,0.9561451211359744,1.815043576377828,4.924921697158771,3.163121943332229
m298pref_a020_zero_all,drift_required,high,heavy,nominal,slow,3,36.359607668583514,0.6666666666666666,0.3333333333333333,3.121821340418631,6.811185022268511,0.18200904955676245,0.07108559734678338,0.0,10.63615044896914,0.01546546226988236,0.0,0.6666666666666666,5.913542623233535,1.0,,1.0251712454894735,1.1395938985083103,1.7494537265923926,4.1640888966411405,2.7493128210793474
m298pref_a020_zero_all,drift_required,high,heavy,strong,fast,1,64.58809745147742,1.0,0.0,0.6052245541217199,1.2731280899288961,0.2726615555615611,0.038923789156867346,0.0,13.127931135964186,0.01179813127964735,0.0,1.0,2.720815568342536,1.0,,0.97248075823433,0.97248075823433,1.7806630460987471,0.940152522243789,0.940152522243789
m298pref_a020_zero_all,drift_required,high,heavy,strong,nominal,1,37.0781497431054,1.0,0.0,3.7119763717161,7.944623943642185,0.09220468432663102,0.07251190386631505,0.0,9.335451371885688,0.013440662063658237,0.0,1.0,6.497274746142886,1.0,,1.0195134981449236,1.0195134981449236,1.8048891959142965,4.69238555022859,4.69238555022859
m298pref_a020_zero_all,drift_required,high,heavy,strong,slow,3,44.89306510987706,0.6666666666666666,0.3333333333333333,2.0767027961801108,4.171422689203439,0.08371054703568591,0.06620009076686083,0.0,12.04989377545879,0.010340701788663864,0.0,0.6666666666666666,4.363598842537196,1.0,,0.8628543068986263,0.9618700739329533,1.761468957495812,2.6021298850413843,0.8778820114085555
m298pref_a020_zero_all,unavoidable,low,light,strong,slow,2,4.532737859437836,0.0,1.0,0.7215871204311297,1.0722575311613163,0.1896884348974885,0.08933980654824475,0.0,11.41703520392244,0.014486946631222963,1.0,0.0,1.725888079417663,1.0,,0.3696623316774903,0.37182495448151576,1.7780040557296275,-0.05211597631196452,-0.060434767492493435
m298pref_a020_zero_all,unavoidable,low,heavy,weak,slow,1,6.336649381009046,0.0,1.0,0.2579650819977384,0.5473939099204088,0.21675040571157594,0.11452366988784195,0.0,11.518145939366418,0.015170113183557987,1.0,0.0,1.855915341439949,1.0,,0.4485116947744147,0.4485116947744147,1.9011317103480465,-0.04521636890809755,-0.04521636890809755
m298pref_a020_zero_all,unavoidable,low,heavy,strong,nominal,1,78.67944848782801,1.0,0.0,0.21449909030895498,0.4258168863093488,0.22544415027259107,0.05192438104807991,0.0,12.935815206784754,0.008590448647737503,0.0,1.0,1.5945495442650326,1.0,,0.4005652540728336,0.4005652540728336,1.4521460615258805,0.14240348273915204,0.14240348273915204
m298pref_a020_zero_all,unavoidable,medium,light,weak,slow,1,4.029415199294984,0.0,1.0,0.20168738263492092,0.3854348854940497,0.02987883377697458,0.026930167001520778,0.0,12.358409440144712,0.01575509086251259,1.0,0.0,1.5059905710034178,1.0,,0.5760389855741188,0.5760389855741188,1.6493736300610382,-0.1433830590576204,-0.1433830590576204
m298pref_a020_zero_all,unavoidable,medium,light,nominal,slow,1,3.0257457774860512,0.0,1.0,0.2666594618160141,0.3483015044244837,0.21992022114781973,0.03098012183859515,0.0,12.150376442862697,0.015535091981291771,1.0,0.0,1.8912246359568858,1.0,,0.5418642261913483,0.5418642261913483,1.8915468586167115,-0.0003222226598256217,-0.0003222226598256217
m298pref_a020_zero_all,unavoidable,medium,light,strong,slow,2,71.25002681054183,1.0,0.0,0.444054731399283,0.8469734793760963,0.04240073498718422,0.04513106014632703,0.0,12.388632197445416,0.010376593563705683,0.0,1.0,1.7127317533012412,1.0,,0.5986074728388353,0.6437543719035683,1.5033215090089145,0.2094102442923268,0.04186400186343331
m298pref_a020_zero_all,unavoidable,medium,nominal,nominal,slow,1,70.74873426868108,1.0,0.0,0.7601500435666657,1.4575734287911715,0.11606100992206224,0.01193522780720786,0.0,12.749444614055967,0.009483149275183678,0.0,1.0,2.4028304518761936,1.0,,0.5770900856089534,0.5770900856089534,1.8406673009095882,0.5621631509666054,0.5621631509666054
m298pref_a020_zero_all,unavoidable,medium,heavy,nominal,slow,1,7.656011938089797,0.0,1.0,0.16006634793403818,0.3639012402863955,0.13064338122811775,0.0696745981987323,0.0,10.82593312435292,0.01565379649400711,1.0,0.0,1.5591123079456994,1.0,,0.7267525874444074,0.7267525874444074,1.5807994088468171,-0.021687100901117695,-0.021687100901117695
m298pref_a020_zero_all,unavoidable,medium,heavy,strong,slow,4,58.92509447084063,0.75,0.25,0.38428067854423664,0.8873089710486841,0.1179535009721396,0.025462785050278273,0.0,12.2080330974162,0.010960835730656981,0.25,0.75,2.291575802101166,1.0,,0.4773991674187459,0.7811960657939303,1.7298681487228498,0.5617076533783163,-0.09738592322006778
m298pref_a020_zero_all,unavoidable,high,light,strong,fast,1,14.911400721109139,0.0,1.0,0.3645632513967131,0.5031363588613758,0.23768785583652885,0.09204246008725663,0.0,12.519177624326081,0.01230072695761919,1.0,0.0,1.338269353729825,1.0,,1.1266954544139025,1.1266954544139025,1.392455980424549,-0.05418662669472418,-0.05418662669472418
m298pref_a020_zero_all,unavoidable,high,light,strong,nominal,1,76.4763323542637,1.0,0.0,0.7856811891175034,2.033629704328156,0.06993914474639643,0.12821171917537094,0.0,10.244611957710706,0.01209354866296053,0.0,1.0,2.4937675396169294,1.0,,1.0653269107097856,1.0653269107097856,1.9363009817083872,0.5574665579085423,0.5574665579085423
m298pref_a020_zero_all,unavoidable,high,nominal,weak,slow,1,58.54653438499118,1.0,0.0,1.480534759797176,3.1297312112844153,0.052245984301454114,0.030642314465924605,0.0,11.652284136597155,0.017296725884079933,0.0,1.0,2.6944326914769285,1.0,,1.0715747723481348,1.0715747723481348,1.6774948394813016,1.016937851995627,1.016937851995627
m298pref_a020_zero_all,unavoidable,high,heavy,weak,slow,3,26.06886535648123,0.3333333333333333,0.6666666666666666,0.8470080633728992,1.761469038355185,0.17474523068431724,0.054110888746025154,0.0,11.248410257142941,0.016583267599344254,0.6666666666666666,0.3333333333333333,2.0018068337299515,1.0,,0.8135269996246313,1.1212414770341304,1.7286580439308556,0.2731487897990958,-0.03740056827998273
m298pref_a020_zero_all,unavoidable,high,heavy,nominal,fast,1,59.833155395793966,1.0,0.0,1.5147088450380521,3.5011954921739346,0.15932025293528457,0.08874245441910682,0.0,9.509743695713695,0.02137935720384121,0.0,1.0,2.533660364692658,1.0,,1.0293604851385483,1.0293604851385483,1.7978318185402666,0.7358285461523915,0.7358285461523915
m298pref_a020_zero_all,unavoidable,high,heavy,nominal,slow,1,71.61044839913866,1.0,0.0,0.4112177265207144,1.1532530913485317,0.04943700065729302,0.019912790739996838,0.0,12.959302597492568,0.011167257092893124,0.0,1.0,2.3867197722164053,1.0,,1.0161804563851007,1.0161804563851007,1.9706511280251635,0.4160686441912418,0.4160686441912418
m298pref_a020_zero_all,unavoidable,high,heavy,strong,fast,2,73.14618429367775,1.0,0.0,1.076680238995852,2.7250753796543528,0.07962986373698064,0.06103911445962061,0.0,11.0505506828042,0.014505895785987377,0.0,1.0,2.9890856932517886,1.0,,0.8286570594132712,1.108580078639291,1.8961162765911395,1.0929694166606494,0.14223031537393327
m298pref_a020_zero_all,unavoidable,high,heavy,strong,slow,1,76.65143771830968,1.0,0.0,0.7898480655879933,2.1169598818847035,0.11095710967354057,0.08289854475175651,0.0,9.974545872878911,0.013486483134329319,0.0,1.0,2.3513944687200787,1.0,,0.8610854962220438,0.8610854962220438,1.7449499605333707,0.606444508186708,0.606444508186708
random,aes_feasible,low,heavy,nominal,slow,1,29.904532625825418,0.0,1.0,3.7657848156811102,8.547038102355941,0.30892666046336353,0.022951672003492057,0.0,11.654737789590033,1.3735570907592773,0.0,0.0,2.647208661202732,1.0,,0.3478806717182057,0.3478806717182057,1.447043562337953,1.2001650988647792,1.2001650988647792
random,aes_feasible,medium,light,weak,slow,1,29.628816755035082,0.0,1.0,1.6540164117899194,3.487089859105403,0.11027516450290548,0.033253987234595925,0.0,11.781347003516547,1.246048092842102,1.0,0.0,1.4106138518082785,1.0,,0.6198971505698847,0.6198971505698847,1.4657179967808327,-0.055104144972554225,-0.055104144972554225
random,aes_feasible,medium,light,strong,fast,1,26.248473331023057,0.0,1.0,0.7224309890825749,1.627378694897324,0.11653089236819122,0.017395406574917963,0.0,15.008369268447964,1.2881382703781128,1.0,0.0,1.3210701935585232,1.0,,0.5199566484910332,0.5199566484910332,1.410649783395996,-0.08957958983747272,-0.08957958983747272
random,aes_feasible,medium,nominal,nominal,slow,1,18.510222608379223,0.0,1.0,4.056844686505465,8.637265407373604,0.27841440041469895,0.035711070803327374,0.0,12.712962689991917,1.2571165561676025,0.0,0.0,3.0948304830929967,1.0,,0.7806370971264489,0.7806370971264489,1.7185908481200007,1.376239634972996,1.376239634972996
random,aes_feasible,medium,heavy,weak,slow,1,39.79234756385314,0.0,1.0,1.6490594351332846,3.772400258105151,0.1662945937002469,0.06149021055111729,0.0,14.21947742996188,1.4337565898895264,1.0,0.0,1.7692752180998639,1.0,,0.7374008000351153,0.7374008000351153,1.9902178648499609,-0.220942646750097,-0.220942646750097
random,aes_feasible,medium,heavy,strong,slow,1,62.30265620313426,1.0,0.0,2.527692189062911,5.43679423764091,0.03780081063232722,0.04999421231430713,0.0,14.163054946287255,1.415942668914795,0.0,1.0,1.8906998466695235,1.0,,0.6228393946127635,0.6228393946127635,1.443823486574028,0.4468763600954955,0.4468763600954955
random,aes_feasible,high,light,weak,slow,1,22.814566034939674,0.0,1.0,1.112420260721038,2.6757195961329714,0.30368193883766886,0.018563249517850273,0.0,16.495449126874256,1.3672761917114258,1.0,0.0,1.6302136950628763,1.0,,1.1379160532600887,1.1379160532600887,1.8007872463729475,-0.17057355131007124,-0.17057355131007124
random,aes_feasible,high,nominal,strong,nominal,1,88.31817031148161,1.0,0.0,1.07304653717432,2.801077293118169,0.2847330861708454,0.0895889394771312,0.0,15.426441162597792,1.327640175819397,0.0,1.0,1.7708016418554446,1.0,,1.037633890098579,1.037633890098579,1.3651667985169964,0.40563484333844824,0.40563484333844824
random,aes_feasible,high,heavy,strong,fast,1,31.997016569974832,0.0,1.0,1.7502249357171114,3.5941566106622886,0.08719841676698664,0.029364392776915965,0.0,13.595120890470328,1.266736388206482,1.0,0.0,1.279484992489166,1.0,,0.853428613107043,0.853428613107043,1.412233548630767,-0.13274855614160108,-0.13274855614160108
random,drift_required,low,light,weak,slow,1,7.72169983856196,0.0,1.0,1.0821579461064221,1.7666769180922515,0.23639217817034192,0.04875922596193782,0.0,13.126014556476266,1.2582298517227173,1.0,0.0,1.6721560012180965,1.0,,0.30950102375816546,0.30950102375816546,1.8912898127198137,-0.21913381150171718,-0.21913381150171718
random,drift_required,low,light,nominal,slow,1,30.860265732477203,0.0,1.0,1.697833101978362,3.3531363911314997,0.20116968950364425,0.060325989586782404,0.0,14.423264683011821,1.2114826440811157,1.0,0.0,1.2545361021522323,1.0,,0.36973108813488675,0.36973108813488675,1.4855585589278602,-0.23102245677562783,-0.23102245677562783
random,drift_required,low,light,strong,fast,1,49.142384888707696,0.0,1.0,0.6716935576717911,1.6538659498753745,0.06041369289113911,0.02512742611173575,0.0,11.561016431954098,1.3462129831314087,1.0,0.0,1.7395545777724255,1.0,,0.3687295625428752,0.3687295625428752,1.797556909592076,-0.05800233181965053,-0.05800233181965053
random,drift_required,low,nominal,weak,slow,1,9.590382651296885,0.0,1.0,0.2739413600285274,0.3312690340846274,0.26413477281167796,0.052220964478497126,0.0,14.263780567700104,1.267218828201294,1.0,0.0,1.9962873998499349,1.0,,0.31051495306732924,0.31051495306732924,2.0292038627719555,-0.03291646292202066,-0.03291646292202066
random,drift_required,low,nominal,strong,slow,1,85.60859734340715,1.0,0.0,1.086636660553256,1.950967992522429,0.23879157135729806,0.03074273892743279,0.0,14.269300932681952,1.4193840026855469,0.0,1.0,2.2547618586316953,1.0,,0.3695574996613576,0.3695574996613576,1.771900495217066,0.48286136341462926,0.48286136341462926
random,drift_required,low,heavy,weak,slow,2,61.62643614951296,0.5,0.5,0.6528134786928043,1.3932287318206455,0.20069224538356645,0.5773253723209585,0.21764705882352942,14.790585614176582,1.3519235849380493,0.5,0.5,1.4540357891942974,1.0,,0.3080938175562572,0.3505865317559843,1.4713344349008528,-0.017298645706555482,-0.19000580226192465
random,drift_required,medium,light,weak,slow,4,29.386187570143456,0.25,0.75,1.3341142482816537,2.9348930435721705,0.18703495195394257,0.029965663600748746,0.0,15.092674444798519,1.2727762162685394,0.75,0.25,1.5557529497182112,1.0,,0.49530859641710645,0.6241080415627123,1.5794728960636124,-0.0237199463454012,-0.19298403953200438
random,drift_required,medium,light,nominal,slow,1,12.438756983529593,0.0,1.0,1.2351954612874065,2.053590902892495,0.06273700559060157,0.02014508178874154,0.0,11.8843184885835,1.3776911497116089,1.0,0.0,1.1772966876093873,1.0,,0.6743618090100392,0.6743618090100392,1.3645207269542936,-0.18722403934490628,-0.18722403934490628
random,drift_required,medium,light,strong,nominal,1,20.80498050167777,0.0,1.0,0.44720310352804354,1.0129130794953767,0.19329782249264546,0.01910699733315705,0.0,14.97630122392156,1.3498071432113647,1.0,0.0,1.2445423498855208,1.0,,0.5978136663198397,0.5978136663198397,1.4714181207221866,-0.22687577083666577,-0.22687577083666577
random,drift_required,medium,light,strong,slow,3,60.52935284421472,0.6666666666666666,0.3333333333333333,2.08033858721022,4.212162857570351,0.15928455439714517,0.04078984248293996,0.0,12.90934917206816,1.25254221757253,0.3333333333333333,0.6666666666666666,1.8474977264614196,1.0,,0.47640473981011805,0.7763286494349086,1.6508694230065553,0.1966283034548643,-0.07625415140942193
random,drift_required,medium,nominal,weak,nominal,1,5.461283026640132,0.0,1.0,1.0689638011080826,1.9593558692466502,0.29600304732554256,0.0271284050461189,0.0,11.355091306754193,1.3675817251205444,1.0,0.0,1.2973190348024437,1.0,,0.6804324097662902,0.6804324097662902,1.4609533252776772,-0.16363429047523348,-0.16363429047523348
random,drift_required,medium,nominal,weak,slow,1,25.772425959019913,0.0,1.0,0.4712718450758155,1.2291783299502725,0.21749855086629724,0.04156383702966015,0.0,12.117174409968147,1.3881852626800537,1.0,0.0,1.8130441259390395,1.0,,0.7370294740550716,0.7370294740550716,1.9275293698951947,-0.11448524395615522,-0.11448524395615522
random,drift_required,medium,nominal,strong,slow,1,21.881019965615955,0.0,1.0,0.35227513597582527,0.7832162236636151,0.09797452407682058,0.026896335261606244,0.0,13.820079586397405,1.1058986186981201,1.0,0.0,1.6428909370227898,1.0,,0.5083786824002648,0.5083786824002648,1.8076510728443016,-0.16476013582151183,-0.16476013582151183
random,drift_required,medium,heavy,weak,slow,1,13.240445637002992,0.0,1.0,1.192976842045653,2.3899353737915945,0.08366765070895414,0.03282702080346351,0.0,15.528272570566163,1.2786229848861694,1.0,0.0,1.5429932496142864,1.0,,0.6983525561487404,0.6983525561487404,1.6599741796546992,-0.11698093004041277,-0.11698093004041277
random,drift_required,medium,heavy,strong,nominal,2,14.624872042621725,0.0,1.0,0.6166668096698924,1.4426683896883112,0.2176806182388904,0.0336937641587927,0.0,14.19432696749211,1.2715615034103394,1.0,0.0,1.615920602068038,1.0,,0.6320421410615533,0.7920644401668309,1.7550936338805896,-0.1391730318125517,-0.15850876994867003
random,drift_required,medium,heavy,strong,slow,1,76.9089846163194,1.0,0.0,0.334122761047597,0.43148308259281976,0.11172152525481317,0.09575888383435115,0.0,13.946363725563087,1.3911495208740234,0.0,1.0,2.2225311838867974,1.0,,0.693508278743453,0.693508278743453,1.8541651058258188,0.36836607806097854,0.36836607806097854
random,drift_required,high,light,weak,nominal,1,62.612919885969056,1.0,0.0,2.511012328121312,5.149260683356886,0.27135951309412604,0.058813956565121936,0.0,12.609214531212178,1.3232773542404175,0.0,1.0,1.9405573062282484,1.0,,1.1343545674698263,1.1343545674698263,1.777326913470966,0.16323039275728246,0.16323039275728246
random,drift_required,high,light,weak,slow,2,66.90041327716955,0.5,0.5,1.2261231639768058,2.325562377530783,0.15718606709155988,0.034247648566032976,0.0,14.037918669363417,1.320052683353424,0.5,0.5,2.1733415256405157,1.0,,0.950977398240298,1.0710698042720597,1.4088635068004915,0.764478018840024,-0.09792475078600216
random,drift_required,high,light,strong,slow,3,55.63601626650756,0.6666666666666666,0.3333333333333333,2.2184824683948636,4.387716339138254,0.21201819963129295,0.04395329522230098,0.0,11.855253388356134,1.2745049794514973,0.3333333333333333,0.6666666666666666,1.7149456177950617,1.0,,0.8130812321303102,0.9693457896576536,1.6463381549635105,0.06860746283155139,-0.13493055429152978
random,drift_required,high,nominal,weak,slow,1,92.04144589725205,1.0,0.0,0.8562667192801403,1.1356019917433855,0.20404496962433447,0.1401729501184047,0.0,15.02604162983947,1.2603778839111328,0.0,1.0,3.142654609614786,1.0,,1.0088775535776806,1.0088775535776806,1.930732521404365,1.2119220882104211,1.2119220882104211
random,drift_required,high,nominal,strong,nominal,1,36.406868491845586,0.0,1.0,1.6029050689119104,3.334598306341128,0.08650815760967184,0.03763019663962833,0.0,12.365094684628133,1.3233553171157837,1.0,0.0,1.7561384102499533,1.0,,1.1165422124426494,1.1165422124426494,1.9340852542221487,-0.1779468439721954,-0.1779468439721954
random,drift_required,high,nominal,strong,slow,2,6.890202384490957,0.0,1.0,0.30283287658766045,0.7097646871676311,0.18354020929841608,0.04941011902259451,0.0,13.675139639863952,1.286653995513916,1.0,0.0,1.514645790679662,1.0,,0.8604535779883853,0.912150348531007,1.6769088952972515,-0.16226310461758953,-0.22943080194000887
random,drift_required,high,heavy,weak,nominal,1,39.562386072254824,0.0,1.0,1.0576257271779888,2.6081582490478468,0.12443781657546511,0.09177947336799086,0.0,11.929452002569183,1.3627021312713623,1.0,0.0,1.5789156581500299,1.0,,1.085039483798662,1.085039483798662,1.7084805989281389,-0.12956494077810898,-0.12956494077810898
random,drift_required,high,heavy,weak,slow,4,52.967005226999795,0.25,0.75,1.002562094562013,2.0848507578714788,0.15121871478835155,0.029435244650179913,0.0,13.158493412295716,1.302713543176651,0.75,0.25,2.050653991721024,1.0,,0.8000107606493485,0.9561451211359744,1.815043576377828,0.23561041534319593,-0.15214893104799576
random,drift_required,high,heavy,nominal,slow,3,23.076636649940625,0.0,1.0,1.0332231022157807,2.226068927076246,0.20149431536690962,0.038866069030230495,0.0,12.870115237350058,1.2940313418706257,1.0,0.0,1.6404560034248543,1.0,,1.0251712454894735,1.1395938985083103,1.7494537265923926,-0.10899772316753838,-0.20839889423483715
random,drift_required,high,heavy,strong,fast,1,64.7600868019873,1.0,0.0,0.5247284367227258,0.6762877782536094,0.26160423008561773,0.07468198267232574,0.0,14.991680738224252,1.4042822122573853,0.0,1.0,2.232038116907644,1.0,,0.97248075823433,0.97248075823433,1.7806630460987471,0.45137507080889705,0.45137507080889705
random,drift_required,high,heavy,strong,nominal,1,39.23270292284964,0.0,1.0,0.5675594931084741,1.2396416610896708,0.11246034035466675,0.036097172785225444,0.0,12.888523631712813,1.359431266784668,1.0,0.0,1.6343177367283583,1.0,,1.0195134981449236,1.0195134981449236,1.8048891959142965,-0.1705714591859382,-0.1705714591859382
random,drift_required,high,heavy,strong,slow,3,39.00280258996409,0.3333333333333333,0.6666666666666666,0.732752864651376,1.2470540012367455,0.08757045628511294,0.06482195467629091,0.0,14.018885509644775,1.260307749112447,0.6666666666666666,0.3333333333333333,2.737229667974239,1.0,,0.8628543068986263,0.9618700739329533,1.761468957495812,0.9757607104784277,-0.09738069691810058
random,unavoidable,low,light,strong,slow,2,-0.7888279509120721,0.0,1.0,0.27539495814269976,0.38000388538187835,0.20307520527121029,0.03350612630371986,0.0,12.364713080318912,1.3567001223564148,1.0,0.0,1.635869059917908,1.0,,0.3696623316774903,0.37182495448151576,1.7780040557296275,-0.1421349958117195,-0.25230976817079376
random,unavoidable,low,heavy,weak,slow,1,4.239881786905226,0.0,1.0,0.04965759286011372,0.10945886705460595,0.23880725632928224,0.04499627839182278,0.0,12.291412723559482,1.2455354928970337,1.0,0.0,1.6942555207873853,1.0,,0.4485116947744147,0.4485116947744147,1.9011317103480465,-0.20687618956066123,-0.20687618956066123
random,unavoidable,low,heavy,strong,nominal,1,19.378089084080457,0.0,1.0,0.48686251229954647,1.1731952386300861,0.2400227324855072,0.04933933509666468,0.0,14.378043031073005,1.249821662902832,1.0,0.0,1.207597941757133,1.0,,0.4005652540728336,0.4005652540728336,1.4521460615258805,-0.24454811976874757,-0.24454811976874757
random,unavoidable,medium,light,weak,slow,1,3.7574805329500904,0.0,1.0,0.7183120043275774,1.6168292124942525,0.032050467098256874,0.027323299465793077,0.0,13.298156530152822,1.307542085647583,1.0,0.0,1.5484954771766,1.0,,0.5760389855741188,0.5760389855741188,1.6493736300610382,-0.10087815288443824,-0.10087815288443824
random,unavoidable,medium,light,nominal,slow,1,0.8821043018321362,0.0,1.0,0.4014054515206334,0.5256201232949493,0.22089695528413078,0.030155121921763162,0.0,12.673709007540063,1.3415640592575073,1.0,0.0,1.7470391264996887,1.0,,0.5418642261913483,0.5418642261913483,1.8915468586167115,-0.14450773211702272,-0.14450773211702272
random,unavoidable,medium,light,strong,slow,2,10.378930678839,0.0,1.0,0.4422059354665843,0.9557361903871602,0.043206906587791444,0.04101326555885462,0.0,13.795858136454868,1.248308539390564,1.0,0.0,1.46424080395135,1.0,,0.5986074728388353,0.6437543719035683,1.5033215090089145,-0.03908070505756456,-0.07414168153444978
random,unavoidable,medium,nominal,nominal,slow,1,11.990754676220398,0.0,1.0,0.6325675055560669,1.58294861159483,0.11399698505005744,0.015915253813814954,0.0,14.125759197251028,1.275112271308899,1.0,0.0,1.797596003214596,1.0,,0.5770900856089534,0.5770900856089534,1.8406673009095882,-0.043071297694992294,-0.043071297694992294
random,unavoidable,medium,heavy,nominal,slow,1,4.78635334862415,0.0,1.0,0.21816138384687994,0.37395018751840325,0.13758133752441626,0.06971216467820175,0.0,11.739242321407989,1.2268766164779663,1.0,0.0,1.500404611213842,1.0,,0.7267525874444074,0.7267525874444074,1.5807994088468171,-0.08039479763297508,-0.08039479763297508
random,unavoidable,medium,heavy,strong,slow,4,11.995694849288604,0.0,1.0,0.4912582594854237,1.1043600172550079,0.12117797515574882,0.02185155519084397,0.0,13.38280810976705,1.3017044365406036,1.0,0.0,1.6469373775078235,1.0,,0.4773991674187459,0.7811960657939303,1.7298681487228498,-0.08293077121502618,-0.23391126621980507
random,unavoidable,high,light,strong,fast,1,9.683182382921892,0.0,1.0,0.3094552375877956,0.5024184361078383,0.26599199850520594,0.015736073893296745,0.0,13.830251552622153,1.4395766258239746,1.0,0.0,1.1707000850357954,1.0,,1.1266954544139025,1.1266954544139025,1.392455980424549,-0.22175589538875373,-0.22175589538875373
random,unavoidable,high,light,strong,nominal,1,11.52004829663543,0.0,1.0,0.5498191906022382,0.9524487109040507,0.1038797952527805,0.02076093793733628,0.0,12.032399931868467,1.3687028884887695,1.0,0.0,1.7729996214826418,1.0,,1.0653269107097856,1.0653269107097856,1.9363009817083872,-0.16330136022574537,-0.16330136022574537
random,unavoidable,high,nominal,weak,slow,1,5.164182894976808,0.0,1.0,0.27279289298538356,0.7416000681025636,0.0493174692853266,0.03654416029958147,0.0,13.428072300546159,1.2886996269226074,1.0,0.0,1.5258063912607713,1.0,,1.0715747723481348,1.0715747723481348,1.6774948394813016,-0.1516884482205303,-0.1516884482205303
random,unavoidable,high,heavy,weak,slow,3,4.960578778872126,0.0,1.0,0.6681172398578625,1.0297980324948834,0.1893257723306743,0.02829332712802604,0.0,12.486465694380877,1.3735816876093547,1.0,0.0,1.6175534870111665,1.0,,0.8135269996246313,1.1212414770341304,1.7286580439308556,-0.11110455691968919,-0.24980579393357272
random,unavoidable,high,heavy,nominal,fast,1,4.576873017826458,0.0,1.0,0.17437991919472864,0.2995953593805538,0.20266423679794296,0.022530125211726124,0.0,11.718549361584678,1.2589397430419922,1.0,0.0,1.7102469659388748,1.0,,1.0293604851385483,1.0293604851385483,1.7978318185402666,-0.08758485260139182,-0.08758485260139182
random,unavoidable,high,heavy,nominal,slow,1,10.447985692100737,0.0,1.0,0.8711569621689423,1.9468462633242183,0.046322113565453946,0.03306911386421169,0.0,14.292524995255626,1.3378808498382568,1.0,0.0,1.821719488483989,1.0,,1.0161804563851007,1.0161804563851007,1.9706511280251635,-0.1489316395411746,-0.1489316395411746
random,unavoidable,high,heavy,strong,fast,2,13.398286245785691,0.0,1.0,0.77938196712361,1.350080710329511,0.09648979136772401,0.03364544948361224,0.0,13.222857997591012,1.3993247151374817,1.0,0.0,1.639659683012714,1.0,,0.8286570594132712,1.108580078639291,1.8961162765911395,-0.25645659357842576,-0.2727275762018371
random,unavoidable,high,heavy,strong,slow,1,15.038723342855477,0.0,1.0,0.5139691856975881,1.0177388965896625,0.11771554110186457,0.08263633170020411,0.0,11.7082641709017,1.3093539476394653,1.0,0.0,1.6994009913199495,1.0,,0.8610854962220438,0.8610854962220438,1.7449499605333707,-0.04554896921342122,-0.04554896921342122
